4.5376136103476736E-6     -4.6358028991142446E-7   57080.12893157278
4.630090888278139E-6      -3.708642319291396E-7    59554.994687956554
4.722568166208604E-6      -2.781481739468546E-7    61795.238406903154
4.815045444139068E-6      -1.8543211596456974E-7   64042.76686506036
4.907522722069535E-6      -9.271605798228491E-8    66297.58006242826
4.9999999999999996E-6     0                        68559.67799900672
4.495773904131187E-6      -3.708642319291396E-7    59230.13421310087
4.588251182061651E-6      -2.7814817394685464E-7   61597.15891093907
4.680728459992117E-6      -1.8543211596456974E-7   63940.977518317784
4.773205737922582E-6      -9.271605798228485E-8    66292.11209868596
4.865683015853048E-6      -2.573387558110343E-23   68650.56265204366
4.453934197914699E-6      -2.781481739468546E-7    61343.266328713435
4.546411475845167E-6      -1.854321159645698E-7    63695.84481278976
4.6388887537756305E-6     -9.271605798228483E-8    66036.15977381839
4.731366031706095E-6      3.8600813371655145E-23   68383.79070783647
4.412094491698213E-6      -1.8543211596456974E-7   63458.16551054489
4.504571769628679E-6      -9.271605798228488E-8    65796.20349719864
4.597049047559143E-6      3.8600813371655145E-23   68133.01481187719
4.370254785481728E-6      -9.271605798228491E-8    65574.83175859525
4.462732063412193E-6      5.146775116220686E-23    67898.23496416584
4.32841507926524E-6       0                        67697.57571881742
4.630090888278139E-6      -5.137213747862816E-7    56153.415311939534
4.722568166208604E-6      -5.638624596611385E-7    55122.524566125896
4.815045444139068E-6      -6.140035445359956E-7    54097.82142643196
4.907522722069535E-6      -6.641446294108528E-7    53079.30589285784
4.9999999999999996E-6     -7.142857142857099E-7    51950.509525941365
4.722568166208603E-6      -4.2100531680399667E-7   58425.79781752672
4.815045444139069E-6      -4.711464016788537E-7    57248.10817485425
4.907522722069534E-6      -5.212874865537107E-7    56076.774656249094
5.0E-6                    -5.714285714285679E-7    54911.797261711254
4.81504544413907E-6       -3.282892588217118E-7    60565.7678164407
4.907522722069535E-6      -3.7843034369656883E-7   59394.882988517784
4.9999999999999996E-6     -4.2857142857142587E-7   58230.354284662164
4.907522722069535E-6      -2.3557320083942688E-7   62712.99132078637
4.9999999999999996E-6     -2.8571428571428395E-7   61548.91130761302
4.9999999999999996E-6     -1.4285714285714197E-7   64867.468330563934
3.9695448294720775E-6     -5.17742755840797E-7     53361.31947761387
4.0413188794307105E-6     -4.141942046726376E-7    56164.710942029065
4.113092929389342E-6      -3.106456535044781E-7    59045.83099253366
4.184866979347975E-6      -2.0709710233631874E-7   61929.858851676174
4.256641029306608E-6      -1.0354855116815945E-7   64816.794519456635
3.906553401287358E-6      -4.141942046726376E-7    55236.899046186954
3.9783274512459905E-6     -3.106456535044782E-7    58061.00055215915
4.050101501204623E-6      -2.0709710233631876E-7   60923.817705237256
4.121875551163255E-6      -1.0354855116815934E-7   63789.36052101769
4.193649601121889E-6      -2.8740496418366673E-23  66657.6289995006
3.8435619731026375E-6     -3.106456535044781E-7    57052.26100626885
3.915336023061271E-6      -2.0709710233631882E-7   59904.321197170764
3.9871100730199035E-6     -1.0354855116815934E-7   62763.143066317265
4.058884122978535E-6      4.311074462755002E-23    65624.6905981662
3.7805705449179183E-6     -2.0709710233631874E-7   58872.606884714725
3.852344594876551E-6      -1.035485511681594E-7    61752.55522150524
3.9241186448351835E-6     4.311074462755002E-23    64607.381806720245
3.7175791167332E-6        -1.0354855116815945E-7   60697.93668152466
3.789353166691832E-6      5.748099283673336E-23    63605.70262516272
3.6545876885484796E-6     0                        62420.55176882071
4.9999999999999996E-6     -1.428571428571425E-6    39775.714880158055
5.0E-6                    -1.285714285714282E-6    41933.69855009539
4.9999999999999996E-6     -1.1428571428571388E-6   44379.66707432589
4.9999999999999996E-6     -9.999999999999957E-7    46825.63559855639
5.0E-6                    -8.571428571428529E-7    49271.60412278689
4.878051201785219E-6      -1.3606102279030126E-6   40825.135907461736
4.878051201785219E-6      -1.2177530850458696E-6   43046.61548639892
4.878051201785219E-6      -1.0748959421887263E-6   45492.25238544885
4.878051201785218E-6      -9.320387993315833E-7    47937.889284498764
4.878051201785219E-6      -7.891816564744405E-7    50619.28942910383
4.7561024035704365E-6     -1.2926490272346E-6      41774.87121351337
4.756102403570438E-6      -1.1497918843774571E-6   44168.22147244224
4.756102403570437E-6      -1.0069347415203139E-6   46613.5267463116
4.7561024035704365E-6     -8.640775986631706E-7    49119.05088446534
4.634153605355655E-6      -1.2246878265661873E-6   42733.04632746826
4.634153605355656E-6      -1.0818306837090445E-6   45298.51650822531
4.634153605355655E-6      -9.389735408519011E-7    47628.42853561643
4.512204807140877E-6      -1.156726625897775E-6    43699.66124932653
4.512204807140877E-6      -1.0138694830406318E-6   46147.42238255713
4.390256008926096E-6      -1.0887654252293622E-6   44555.79714910704
4.9999999999999996E-6     -2.14285714285714E-6     30908.629551848902
5.0E-6                    -1.9999999999999974E-6   32463.415057984825
4.9999999999999996E-6     -1.8571428571428541E-6   34237.427248950466
4.9999999999999996E-6     -1.7142857142857109E-6   36011.4394399161
5.0E-6                    -1.5714285714285683E-6   37785.451630881726
4.883355938022655E-6      -2.087254663720436E-6    31515.50966053042
4.883355938022655E-6      -1.9443975208632933E-6   33104.95387779009
4.8833559380226545E-6     -1.8015403780061496E-6   34878.76104003524
4.8833559380226545E-6     -1.6586832351490068E-6   36652.568202280396
4.883355938022656E-6      -1.5158260922918644E-6   38646.40383992036
4.76671187604531E-6       -2.0316521845837316E-6   32044.491516513775
4.766711876045312E-6      -1.888795041726589E-6    33752.58467331391
4.766711876045311E-6      -1.7459378988694458E-6   35526.18680683858
4.76671187604531E-6       -1.6030807560123025E-6   37379.754597000574
4.650067814067966E-6      -1.9760497054470276E-6   32579.399469397096
4.650067814067966E-6      -1.833192562589885E-6    34406.30744455631
4.650067814067966E-6      -1.6903354197327415E-6   36119.759578545345
4.533423752090623E-6      -1.920447226310324E-6    33120.2335191803
4.533423752090623E-6      -1.777590083453181E-6    34866.41878455463
4.416779690113278E-6      -1.8648447471736197E-6   33532.131692528
3.310155461197088E-6      -5.211971016323737E-7    47106.65543653389
3.379041906667367E-6      -4.1695768130589896E-7   50070.301942866
3.4479283521376437E-6     -3.1271826097942414E-7   53131.7281966497
3.5168147976079225E-6     -2.0847884065294943E-7   56193.9868118473
3.5857012430782017E-6     -1.0423942032647477E-7   59257.077788458875
3.2465118651635133E-6     -4.1695768130589896E-7   48454.9961347284
3.315398310633791E-6      -3.127182609794242E-7    51395.0025753951
3.38428475610407E-6       -2.0847884065294943E-7   54405.43800590632
3.453171201574348E-6      -1.0423942032647471E-7   57416.44993741858
3.5220576470446267E-6     -2.8932251130007945E-23  60428.038369931644
3.182868269129937E-6      -3.1271826097942414E-7   49653.17658940473
3.251754714600217E-6      -2.084788406529495E-7    52650.302315908244
3.3206411600704946E-6     -1.0423942032647466E-7   55657.19058371914
3.3895276055407725E-6     4.3398376695011923E-23   58664.65535253106
3.1192246730963625E-6     -2.0847884065294943E-7   50857.41031788625
3.1881111185666417E-6     -1.0423942032647473E-7   53911.664355752255
3.2569975640369196E-6     4.3398376695011923E-23   56915.00546086278
3.0555810770627883E-6     -1.0423942032647477E-7   52067.69732017294
3.1244675225330667E-6     5.78645022600159E-23     55179.088694927195
2.9919374810292133E-6     0                        53103.3482569252
2.665149940562942E-6      -5.30142853683571E-7     37918.38281079695
2.7305074486561967E-6     -4.241142829468568E-7    40790.36202295306
2.79586495674945E-6       -3.1808571221014254E-7   43826.20357608179
2.861222464842704E-6      -2.1205714147342835E-7   46860.85206630361
2.9265799729359594E-6     -1.0602857073671424E-7   49894.307493618224
2.6007837285697796E-6     -4.241142829468568E-7    38633.475150000115
2.666141236663034E-6      -3.1808571221014254E-7   41483.36810836122
2.7314987447562883E-6     -2.1205714147342833E-7   44442.337104762155
2.796856252849542E-6      -1.0602857073671416E-7   47399.827035959934
2.862213760942797E-6      -2.9428840124999293E-23  50355.83790195427
2.5364175165766164E-6     -3.1808571221014254E-7   39135.86885760362
2.601775024669872E-6      -2.120571414734284E-7    42069.79771580742
2.667132532763125E-6      -1.0602857073671414E-7   45025.986833752744
2.7324900408563795E-6     4.414326018749895E-23    47980.69688649494
2.472051304583454E-6      -2.1205714147342835E-7   39645.08362070059
2.537408812676709E-6      -1.0602857073671422E-7   42663.13729237797
2.602766320769963E-6      4.414326018749895E-23    45616.546531867796
2.407685092590292E-6      -1.0602857073671424E-7   40161.11943929082
2.4730426006835465E-6     5.88576802499986E-23     43263.386838073086
2.3433188805971294E-6     0                        40436.89139704334
4.420770743545921E-6      -2.5341471298928873E-6   26802.00103349915
4.536616594836737E-6      -2.598746275342881E-6    26445.42145131358
4.6524624461275524E-6     -2.663345420792874E-6    26013.79428876802
4.768308297418367E-6      -2.7279445662428675E-6   25586.837128237858
4.884154148709184E-6      -2.7925437116928617E-6   25164.549969723077
4.9999999999999996E-6     -2.857142857142855E-6    24679.32280513571
4.536616594836737E-6      -2.4558891324857383E-6   27698.70522416547
4.652462446127552E-6      -2.5204882779357313E-6   27313.655535163467
4.768308297418368E-6      -2.585087423385725E-6    26790.633698118843
4.884154148709183E-6      -2.649686568835718E-6    26272.39038510142
5.0E-6                    -2.7142857142857127E-6   25758.925596111174
4.6524624461275524E-6     -2.3776311350785876E-6   28520.892615024346
4.768308297418369E-6      -2.4422302805285823E-6   28035.898603989706
4.884154148709184E-6      -2.5068294259785757E-6   27517.779745104555
4.9999999999999996E-6     -2.5714285714285687E-6   27004.439410246574
4.768308297418367E-6      -2.299373137671438E-6    29348.21135699365
4.884154148709184E-6      -2.3639722831214324E-6   28763.169105107678
4.9999999999999996E-6     -2.428571428571426E-6    28249.95322438203
4.884154148709184E-6      -2.2211151402642896E-6   30180.661450073523
4.9999999999999996E-6     -2.2857142857142834E-6   29495.467038517436
4.439484080598046E-6      -3.229362939584286E-6    21930.83416955116
4.551587264478437E-6      -3.297776065953143E-6    21718.623964823313
4.663690448358828E-6      -3.3661891923219994E-6   21438.70749103674
4.775793632239217E-6      -3.4346023186908564E-6   21162.396049031973
4.887896816119609E-6      -3.5030154450597135E-6   20889.689638808944
4.9999999999999996E-6     -3.57142857142857E-6     20561.083917502983
4.551587264478437E-6      -3.1549189230960004E-6   22545.79936497817
4.663690448358827E-6      -3.2233320494648574E-6   22297.68517262332
4.775793632239218E-6      -3.291745175833713E-6    21942.43020406054
4.887896816119608E-6      -3.36015830220257E-6     21590.843287916403
5.0E-6                    -3.4285714285714277E-6   21242.92442419101
4.663690448358828E-6      -3.0804749066077133E-6   23094.10111468349
4.775793632239219E-6      -3.1488880329765712E-6   22767.584846059337
4.887896816119609E-6      -3.217301159345427E-6    22416.06790451196
4.9999999999999996E-6     -3.2857142857142836E-6   22068.21901538318
4.775793632239217E-6      -3.006030890119427E-6    23646.28152320817
4.887896816119609E-6      -3.074444016488284E-6    23241.29252110738
4.9999999999999996E-6     -3.1428571428571404E-6   22893.513606575347
4.887896816119609E-6      -2.9315868736311413E-6   24202.340590552238
4.9999999999999996E-6     -2.9999999999999984E-6   23718.808197767572
2.0135674116053665E-6     -5.403503095853043E-7    26137.404725036304
2.079517705403719E-6      -4.322802476682435E-7    28767.448966527234
2.1454679992020717E-6     -3.2421018575118254E-7   31628.78913272115
2.2114182930004242E-6     -2.161401238341217E-7    34487.115725866206
2.2773685867987772E-6     -1.0807006191706089E-7   37342.42874596238
1.947769067454205E-6      -4.322802476682435E-7    26101.49754564261
2.0137193612525574E-6     -3.242101857511826E-7    28720.930940990216
2.0796696550509095E-6     -2.1614012383412173E-7   31481.169609250635
2.1456199488492625E-6     -1.0807006191706084E-7   34238.07145904963
2.2115702426476155E-6     -2.999546775324681E-23   36991.63649038708
1.8819707233030431E-6     -3.2421018575118254E-7   25807.328358535062
1.947921017101396E-6      -2.1614012383412175E-7   28535.905474222633
2.0138713108997483E-6     -1.0807006191706078E-7   31294.05755093691
2.0798216046981004E-6     4.499320162987022E-23    34048.87280918972
1.8161723791518812E-6     -2.161401238341217E-7    25520.472010145873
1.882122672950234E-6      -1.0807006191706086E-7   28358.365035620773
1.948072966748586E-6      4.499320162987022E-23    31114.430520788927
1.7503740350007197E-6     -1.0807006191706089E-7   25240.92850047509
1.8163243287990723E-6     5.999093550649363E-23    28188.309625184498
1.6845756908495578E-6     0                        24659.00131936613
4.9999999999999996E-6     -4.2857142857142855E-6   18176.215175586276
5.0E-6                    -4.142857142857143E-6    18548.541172917157
4.9999999999999996E-6     -3.999999999999999E-6    19021.924687631323
4.9999999999999996E-6     -3.857142857142856E-6    19495.30820234545
5.0E-6                    -3.7142857142857133E-6   19968.69171705957
4.877630955524456E-6      -4.2179124819846484E-6   18331.882846291548
4.877630955524456E-6      -4.075055339127506E-6    18716.292765677583
4.877630955524456E-6      -3.932198196270361E-6    19189.644109774512
4.877630955524456E-6      -3.7893410534132174E-6   19662.995453871434
4.877630955524457E-6      -3.6464839105560763E-6   20248.316598478505
4.7552619110489115E-6     -4.150110678255009E-6    18436.657148621394
4.755261911048913E-6      -4.007253535397869E-6    18887.819741130545
4.7552619110489115E-6     -3.864396392540725E-6    19361.1389146103
4.7552619110489115E-6     -3.72153924968358E-6     19867.714037236627
4.632892866573368E-6      -4.082308874525372E-6    18545.164102160168
4.632892866573369E-6      -3.939451731668229E-6    19063.122099276057
4.632892866573368E-6      -3.7965945888110854E-6   19491.00327602942
4.510523822097825E-6      -4.014507070795735E-6    18657.4037069079
4.510523822097825E-6      -3.871649927938592E-6    19118.1843148569
4.388154777622282E-6      -3.946705267066097E-6    18694.258793915
4.552009144054446E-6      -4.550952160862608E-6    17509.250428208943
4.641607315243557E-6      -4.640761728690086E-6    17532.186609093864
4.731205486432667E-6      -4.7305712965175635E-6   17485.806004689097
4.820803657621777E-6      -4.820380864345041E-6    17441.2977172153
4.91040182881089E-6       -4.910190432172521E-6    17398.66174667263
4.9999999999999996E-6     -4.999999999999999E-6    17357.8980930609
4.641607315243557E-6      -4.497904585832943E-6    17681.26993454699
4.731205486432668E-6      -4.587714153660422E-6    17641.534235256244
4.820803657621778E-6      -4.6775237214879E-6      17566.198773497028
4.910401828810888E-6      -4.7673332893153775E-6   17492.73745644937
5.0E-6                    -4.857142857142857E-6    17421.150284113228
4.731205486432667E-6      -4.444857010803278E-6    17814.78871277665
4.8208036576217795E-6     -4.534666578630758E-6    17727.638909247413
4.910401828810889E-6      -4.6244761464582355E-6   17654.184130862595
4.9999999999999996E-6     -4.714285714285713E-6    17582.60349718932
4.820803657621777E-6      -4.3918094357736135E-6   17950.207305474978
4.910401828810889E-6      -4.4816190036010936E-6   17815.630805275745
4.9999999999999996E-6     -4.57142857142857E-6     17744.056710265395
4.91040182881089E-6       -4.33876186074395E-6     18087.525712642106
4.9999999999999996E-6     -4.428571428571428E-6    17905.509923341462
1.3507069412004435E-6     -5.46896316948522E-7     12331.941620411677
1.4174806911302664E-6     -4.3751705355881757E-7   14516.159249119373
1.484254441060089E-6      -3.281377901691131E-7    16982.56582560582
1.5510281909899118E-6     -2.1875852677940873E-7   19444.215962558235
1.6178019409197349E-6     -1.0937926338970444E-7   21901.109659976573
1.2827174402761626E-6     -4.3751705355881757E-7   11461.784582524464
1.3494911902059855E-6     -3.281377901691132E-7    13643.190244407582
1.4162649401358082E-6     -2.1875852677940876E-7   15988.102029183534
1.4830386900656306E-6     -1.0937926338970434E-7   18327.914375463944
1.549812439995454E-6      -3.0358844157947317E-23  20662.627283248694
1.2147279393518814E-6     -3.281377901691131E-7    10296.157417356659
1.2815016892817045E-6     -2.187585267794088E-7    12608.07158538339
1.348275439211527E-6      -1.0937926338970434E-7   14951.830025250965
1.4150491891413497E-6     4.553826623692098E-23    17290.489026622876
1.1467384384276003E-6     -2.1875852677940873E-7   9137.906609320806
1.2135121883574232E-6     -1.0937926338970439E-7   11580.588434216756
1.2802859382872457E-6     4.553826623692098E-23    13923.19352917593
1.0787489375033194E-6     -1.0937926338970444E-7   7987.0321584168805
1.1455226874331418E-6     6.071768831589463E-23    10560.740790907723
1.010759436579038E-6      0                        6499.979836858354
4.40811949545806E-6       -4.999999999999998E-6    17006.53339752201
4.526495596366448E-6      -4.999999999999999E-6    17064.55423310635
4.6448716972748354E-6     -4.999999999999998E-6    17157.598476763975
4.763247798183223E-6      -4.999999999999997E-6    17253.87070497937
4.881623899091612E-6      -4.999999999999999E-6    17353.370917753127
4.4368974251773375E-6     -4.91019043217252E-6     17090.04744301761
4.555273526085726E-6      -4.9101904321725195E-6   17174.90384063472
4.673649626994113E-6      -4.9101904321725195E-6   17268.718812968254
4.792025727902501E-6      -4.9101904321725195E-6   17365.76176985955
4.4656753548966145E-6     -4.820380864345041E-6    17194.661583595134
4.584051455805004E-6      -4.820380864345043E-6    17285.4374101074
4.70242755671339E-6       -4.820380864345042E-6    17380.02311111679
4.494453284615892E-6      -4.730571296517563E-6    17299.45538109004
4.61282938552428E-6       -4.730571296517564E-6    17396.15494152422
4.523231214335169E-6      -4.640761728690086E-6    17404.428835502367
-4.537060007103192E-6     -4.600586810428656E-7    -55506.610891146505
-4.4953310215356E-6       -3.680469448342925E-7    -57998.437734059306
-4.453602035968005E-6     -2.760352086257193E-7    -60575.924064669365
-4.411873050400412E-6     -1.840234724171462E-7    -63153.705783152305
-4.37014406483282E-6      -9.201173620857315E-8    -65731.78288950815
-4.3284150792652264E-6    0                        -68459.47656107419
-4.629648005682554E-6     -3.680469448342925E-7    -56531.918595164025
-4.587919020114961E-6     -2.7603520862571934E-7   -58993.160452785945
-4.546190034547368E-6     -1.840234724171462E-7    -61525.21653292949
-4.504461048979773E-6     -9.201173620857309E-8    -64057.42313571539
-4.462732063412181E-6     -2.5538387018623525E-23  -66589.7802611438
-4.722236004261915E-6     -2.760352086257193E-7    -57330.4429837191
-4.680507018694323E-6     -1.8402347241714625E-7   -59936.83828084596
-4.638778033126729E-6     -9.201173620857306E-8    -62466.35097146057
-4.597049047559135E-6     3.8307580527935284E-23   -64996.01418471748
-4.814824002841276E-6     -1.840234724171462E-7    -58139.31715903621
-4.773095017273683E-6     -9.201173620857311E-8    -60891.06159117824
-4.731366031706089E-6     3.8307580527935284E-23   -63418.030892263836
-4.9074120014206396E-6    -9.201173620857315E-8    -58958.54112111565
-4.865683015853045E-6     5.1076774037247044E-23   -61855.8303837827
-4.9999999999999996E-6    0                        -59788.11486995719
-4.629648005682554E-6     -5.109040876914344E-7    -53644.48502744782
-4.722236004261915E-6     -4.188923514828613E-7    -54432.46751524109
-4.814824002841276E-6     -3.2688061527428815E-7   -55090.60952434165
-4.907412001420638E-6     -2.3486887906571498E-7   -55758.905624694205
-5.0E-6                   -1.4285714285714192E-7   -56437.35581629911
-4.722236004261915E-6     -5.61749494340003E-7     -51612.88665322772
-4.814824002841278E-6     -4.6973775813143007E-7   -52266.82754334617
-4.907412001420638E-6     -3.7772602192285685E-7   -52932.28400202621
-4.9999999999999996E-6    -2.8571428571428374E-7   -53607.89455195824
-4.814824002841276E-6     -6.125949009885717E-7    -49585.73637782215
-4.907412001420638E-6     -5.205831647799988E-7    -50105.66237935805
-4.9999999999999996E-6    -4.285714285714256E-7    -50778.43328761751
-4.9074120014206396E-6    -6.634403076371407E-7    -47563.03420123097
-4.9999999999999996E-6    -5.714285714285676E-7    -47948.97202327694
-4.9999999999999996E-6    -7.142857142857094E-7    -45438.466467553866
-3.973768197307931E-6     -5.144720690942567E-7    -58702.521410155015
-3.909932095556038E-6     -4.115776552754054E-7    -61532.91196016375
-3.846095993804144E-6     -3.086832414565539E-7    -64402.43144917825
-3.7822598920522496E-6    -2.0578882763770265E-7   -67274.94921375411
-3.718423790300357E-6     -1.0289441381885138E-7   -70150.46525389128
-3.6545876885484627E-6    0                        -73073.30387947879
-4.04469757369939E-6      -4.115776552754054E-7    -60739.5035169027
-3.980861471947497E-6     -3.0868324145655403E-7   -63555.733146109415
-3.917025370195603E-6     -2.0578882763770262E-7   -66400.31417553822
-3.853189268443708E-6     -1.028944138188513E-7    -69247.71270587509
-3.789353166691816E-6     -2.855893683174941E-23   -72097.92873712003
-4.115626950090849E-6     -3.086832414565539E-7    -62693.13147665122
-4.051790848338956E-6     -2.0578882763770268E-7   -65553.8022754218
-3.987954746587062E-6     -1.0289441381885127E-7   -68394.18658852586
-3.924118644835168E-6     4.283840524762411E-23    -71237.38840253795
-4.186556326482307E-6     -2.0578882763770265E-7   -64652.68192389027
-4.122720224730415E-6     -1.0289441381885132E-7   -67557.71905733604
-4.05888412297852E-6      4.283840524762411E-23    -70393.90665411536
-4.257485702873767E-6     -1.0289441381885138E-7   -66618.15485861982
-4.193649601121874E-6     5.711787366349882E-23    -69567.48349185228
-3.323073168059567E-6     -5.39574099256675E-7     -59914.729731317864
-3.256846030653487E-6     -4.3165927940534E-7      -62586.76343029111
-3.190618893247406E-6     -3.237444595540049E-7    -65226.90927597045
-3.124391755841326E-6     -2.1582963970266995E-7   -67871.86557780481
-3.058164618435246E-6     -1.0791481985133504E-7   -70521.63233579423
-2.991937481029166E-6     0                        -73138.80086445103
-3.3893760721573462E-6    -4.3165927940534E-7      -62567.728380569446
-3.323148934751267E-6     -3.2374445955400496E-7   -65213.59771256956
-3.2569217973451857E-6    -2.1582963970266995E-7   -67859.45310362498
-3.1906946599391054E-6    -1.0791481985133496E-7   -70510.0005248726
-3.124467522533026E-6     -2.9952379424307E-23     -73165.23997631237
-3.455678976255125E-6     -3.237444595540049E-7    -65200.61185422473
-3.389451838849046E-6     -2.1582963970267E-7      -67851.3224202097
-3.3232247014429647E-6    -1.0791481985133494E-7   -70493.0041455549
-3.2569975640368844E-6    4.492856913646051E-23    -73139.37790109223
-3.521981880352904E-6     -2.1582963970266995E-7   -67837.31694706283
-3.4557547429468244E-6    -1.0791481985133498E-7   -70492.70123687468
-3.3895276055407437E-6    4.492856913646051E-23    -73130.2092965096
-3.5882847844506837E-6    -1.0791481985133504E-7   -70477.84365908371
-3.522057647044604E-6     5.990475884861401E-23    -73137.73416256446
6.862232651576205E-7      -5.530965789554647E-7    -2491.0496810311765
7.51130499441904E-7       -4.424772631643718E-7    -1003.4870752401775
8.160377337261874E-7      -3.3185794737327876E-7   793.5832540352085
8.809449680104709E-7      -2.2123863158218586E-7   2584.5886012301053
9.458522022947546E-7      -1.10619315791093E-7     4369.52896634452
6.16362574564699E-7       -4.424772631643718E-7    -4176.402011294117
6.812698088489825E-7      -3.318579473732788E-7    -2683.314129627601
7.46177043133266E-7       -2.2123863158218586E-7   -1013.0432700955935
8.110842774175494E-7      -1.1061931579109292E-7   650.8467515425873
8.759915117018332E-7      -3.070302783988813E-23   2308.3559352869124
5.465018839717773E-7      -3.3185794737327876E-7   -6162.565758728791
6.11409118256061E-7       -2.212386315821859E-7    -4530.017067398265
6.763163525403445E-7      -1.1061931579109289E-7   -2859.6311745704515
7.41223586824628E-7       4.6054541759832207E-23   -1195.6261196364503
4.766411933788558E-7      -2.2123863158218586E-7   -8141.915725724462
5.415484276631395E-7      -1.1061931579109293E-7   -6369.575709608391
6.06455661947423E-7       4.6054541759832207E-23   -4699.074783484823
4.0678050278593446E-7     -1.10619315791093E-7     -10114.451912281125
4.71687737070218E-7       6.140605567977628E-23    -8201.990056257957
3.3691981219301296E-7     0                        -12423.94854769553
-2.6583180572889054E-6    -5.559070760132807E-7    -57675.989866689175
-2.5953182219505483E-6    -4.447256608106246E-7    -59970.042515169174
-2.532318386612191E-6     -3.3354424560796833E-7   -62187.321319409864
-2.4693185512738338E-6    -2.2236283040531224E-7   -64410.31659237092
-2.4063187159354767E-6    -1.111814152026562E-7    -66639.02833405232
-2.3433188805971192E-6    0                        -68768.34338995982
-2.725041942036958E-6     -4.447256608106246E-7    -60722.43704826394
-2.6620421066986007E-6    -3.3354424560796843E-7   -63000.919094990706
-2.599042271360243E-6     -2.2236283040531226E-7   -65245.45963914808
-2.5360424360218858E-6    -1.1118141520265609E-7   -67495.67072839048
-2.4730426006835287E-6    -3.0859041767099567E-23  -69751.55236271802
-2.791765826785009E-6     -3.3354424560796833E-7   -63814.81663872601
-2.7287659914466528E-6    -2.223628304053123E-7    -66069.81458215768
-2.665766156108295E-6     -1.1118141520265608E-7   -68310.49399490858
-2.602766320769938E-6     4.628856265064935E-23    -70556.84395274453
-2.858489711533061E-6     -2.2236283040531224E-7   -66909.2542501013
-2.795489876194705E-6     -1.1118141520265614E-7   -69140.52805653524
-2.732490040856347E-6     4.628856265064935E-23    -71377.34633787969
-2.9252135962811143E-6    -1.111814152026562E-7    -70005.74988238982
-2.862213760942757E-6     6.171808353419913E-23    -72213.05951812344
-1.990643450047202E-6     -5.551220654861039E-7    -52130.1356246111
-1.9294298982076734E-6    -4.4409765238888317E-7   -53846.27930883103
-1.8682163463681438E-6    -3.330732392916623E-7    -55417.795462543785
-1.8070027945286148E-6    -2.2204882619444153E-7   -56995.71412843525
-1.7457892426890863E-6    -1.110244130972208E-7    -58580.03530650541
-1.684575690849557E-6     0                        -59980.6968448367
-2.061178536157186E-6     -4.4409765238888317E-7   -55361.357459236024
-1.9999649843176564E-6    -3.3307323929166235E-7   -57054.82117592006
-1.9387514324781276E-6    -2.2204882619444153E-7   -58678.28454013153
-1.877537880638598E-6     -1.1102441309722074E-7   -60308.18154560478
-1.8163243287990697E-6    -3.081546492900732E-23   -61944.51219233987
-2.1317136222671685E-6    -3.330732392916623E-7    -58688.439059812175
-2.07050007042764E-6      -2.2204882619444158E-7   -60331.12019650965
-2.009286518588111E-6     -1.110244130972207E-7    -61950.859898299736
-1.9480729667485815E-6    4.6223197393510987E-23   -63577.03324135158
-2.202248708377152E-6     -2.2204882619444153E-7   -62015.86990030484
-2.141035156537623E-6     -1.1102441309722079E-7   -63607.4583664254
-2.079821604698094E-6     4.6223197393510987E-23   -65223.4744057941
-2.2727837944871362E-6    -1.110244130972208E-7    -65343.64998071404
-2.211570242647607E-6     6.163092985801465E-23    -66883.83568566738
1.9614572332481713E-8     -5.562079853854773E-7    -17341.76213841738
8.307562030458799E-8      -4.449663883083819E-7    -16667.357151980792
1.465366682766942E-7      -3.3372479123128633E-7   -15686.134707674577
2.0999771624880044E-7     -2.224831941541909E-7    -14711.790509669921
2.7345876422090675E-7     -1.1124159707709549E-7   -13744.324557966833
-5.169230457261724E-8     -4.449663883083819E-7    -19735.089674185067
1.1768743399489046E-8     -3.337247912312864E-7    -19048.35584820762
7.522979137159529E-8      -2.2248319415419087E-7   -18187.83194394217
1.3869083934370152E-7     -1.1124159707709544E-7   -17334.45178380607
2.0215188731580777E-7     -3.087574559276647E-23   -16488.215367799407
-1.2299918147771615E-7    -3.3372479123128633E-7   -22406.449526385506
-5.953813350560992E-8     -2.2248319415419095E-7   -21585.428189721155
3.922914466496342E-9      -1.1124159707709538E-7   -20723.549135324607
6.738396243860258E-8      4.631361838914971E-23    -19868.813825057412
-1.9430605838281508E-7    -2.224831941541909E-7    -25072.21177010463
-1.3084501041070885E-7    -1.1124159707709546E-7   -24116.526582590726
-6.738396243860258E-8     4.631361838914971E-23    -23253.292378063088
-2.6561293528791403E-7    -1.1124159707709549E-7   -27732.37640534241
-2.021518873158078E-7     6.175149118553295E-23    -26641.65102681631
-3.3691981219301296E-7    0                        -30700.282122088018
-1.3224117948207646E-6    -5.558602049959072E-7    -43136.65984582753
-1.2600813231724198E-6    -4.446881639967258E-7    -44121.27843779542
-1.1977508515240746E-6    -3.3351612299754424E-7   -44886.70551324161
-1.1354203798757299E-6    -2.2234408199836285E-7   -45659.241411322684
-1.0730899082273853E-6    -1.111720409991815E-7    -46438.88613203866
-1.0107594365790401E-6    0                        -46950.95114592044
-1.3948445740265232E-6    -4.446881639967258E-7    -46339.02003142788
-1.3325141023781785E-6    -3.3351612299754435E-7   -47301.87748309284
-1.2701836307298333E-6    -2.2234408199836287E-7   -48149.27072081474
-1.2078531590814883E-6    -1.111720409991814E-7    -49003.89084108716
-1.1455226874331438E-6    -3.085643990296579E-23   -49865.73784391025
-1.4672773532322812E-6    -3.3351612299754424E-7   -49708.87822894554
-1.404946881583937E-6     -2.223440819983629E-7    -50586.4365118235
-1.3426164099355917E-6    -1.1117204099918138E-7   -51430.531805298626
-1.2802859382872467E-6    4.628465985444868E-23    -52281.853981324355
-1.5397101324380399E-6    -2.2234408199836285E-7   -53077.00922919273
-1.4773796607896953E-6    -1.1117204099918145E-7   -53868.90112741591
-1.4150491891413501E-6    4.628465985444868E-23    -54709.698476644335
-1.6121429116437985E-6    -1.111720409991815E-7    -56443.413032169425
-1.5498124399954538E-6    6.171287980593157E-23    -57149.27132987011
-6.511827502350893E-7     -5.56882513311868E-7     -31243.9030269231
-5.883301626266741E-7     -4.4550601064949444E-7   -31413.81373154211
-5.254775750182587E-7     -3.3412950798712076E-7   -31307.85502004077
-4.6262498740984344E-7    -2.2275300532474717E-7   -31209.146210528877
-3.9977239980142833E-7    -1.1137650266237365E-7   -31117.687303006434
-7.230980875038796E-7     -4.4550601064949444E-7   -34153.40118309253
-6.602454998954643E-7     -3.3412950798712076E-7   -34304.55580029521
-5.97392912287049E-7      -2.2275300532474714E-7   -34304.167516935944
-5.345403246786336E-7     -1.1137650266237357E-7   -34311.22804190777
-4.7168773707021856E-7    -3.0913189414498055E-23  -34325.73737521075
-7.950134247726696E-7     -3.3412950798712076E-7   -37294.730425293514
-7.321608371642546E-7     -2.2275300532474722E-7   -37330.75441067849
-6.693082495558392E-7     -1.1137650266237354E-7   -37327.94668631098
-6.064556619474237E-7     4.6369784121747085E-23   -37332.587770274564
-8.669287620414598E-7     -2.2275300532474717E-7   -40432.23192329168
-8.040761744330446E-7     -1.113765026623736E-7    -40352.73785263357
-7.412235868246291E-7     4.6369784121747085E-23   -40347.51068725781
-9.388440993102501E-7     -1.1137650266237365E-7   -43565.90567708707
-8.759915117018347E-7     6.182637882899611E-23    -43370.506126160435
3.8031762440844383E-6     -4.999999999999998E-6    15723.061545622108
3.924164894359163E-6      -4.9999999999999996E-6   15959.323494527102
4.045153544633886E-6      -4.999999999999998E-6    16226.68285576447
4.166142194908611E-6      -4.999999999999997E-6    16497.311106064073
4.287130845183336E-6      -4.999999999999998E-6    16771.208245426387
3.85255962417228E-6       -4.898970394091305E-6    15913.0301501371
3.9735482744470036E-6     -4.898970394091305E-6    16171.302258385402
4.094536924721728E-6      -4.898970394091304E-6    16439.943765866767
4.2155255749964525E-6     -4.898970394091303E-6    16711.85416241052
4.336514225271178E-6      -4.898970394091306E-6    16968.017159076277
3.901943004260119E-6      -4.7979407881826106E-6   16120.033048126726
4.0229316545348445E-6     -4.797940788182612E-6    16383.783084085007
4.143920304809568E-6      -4.7979407881826106E-6   16653.706737810386
4.264908955084292E-6      -4.7979407881826106E-6   16914.82055766631
3.951326384347961E-6      -4.696911182273917E-6    16327.51879546157
4.072315034622685E-6      -4.696911182273918E-6    16596.76597162585
4.193303684897409E-6      -4.696911182273917E-6    16862.84130504969
4.000709764435803E-6      -4.595881576365225E-6    16535.487392141622
4.121698414710527E-6      -4.595881576365225E-6    16812.079401226474
4.0500931445236435E-6     -4.494851970456531E-6    16758.58589177225
-4.9999999999999996E-6    -1.4285714285714244E-6   -35032.068143199256
-4.87685968707845E-6      -1.3582676063053018E-6   -37158.74032887636
-4.7537193741568985E-6    -1.287963784039179E-6    -39191.46202065643
-4.630579061235348E-6     -1.2176599617730562E-6   -41230.497732535005
-4.507438748313798E-6     -1.1473561395069338E-6   -43275.847464512175
-4.3842984353922474E-6    -1.077052317240811E-6    -45225.162802751605
-5.0E-6                   -1.2857142857142814E-6   -36860.07148690283
-4.876859687078449E-6     -1.2154104634481586E-6   -39044.66423209302
-4.7537193741568985E-6    -1.145106641182036E-6    -41235.61902572146
-4.630579061235348E-6     -1.0748028189159132E-6   -43432.93586778789
-4.507438748313798E-6     -1.0044989966497908E-6   -45407.10248262848
-4.9999999999999996E-6    -1.1428571428571381E-6   -38951.51340411544
-4.87685968707845E-6      -1.072553320591016E-6    -41133.354329775975
-4.753719374156899E-6     -1.002249498324893E-6    -43321.55730387469
-4.6305790612353485E-6    -9.319456760587703E-7    -45436.35672505823
-4.9999999999999996E-6    -9.999999999999953E-7    -41042.955321328
-4.8768596870784495E-6    -9.296961777338728E-7    -43222.044427458895
-4.753719374156898E-6     -8.5939235546775E-7      -45477.91511240716
-5.0E-6                   -8.571428571428526E-7    -43134.39723854058
-4.8768596870784495E-6    -7.868390348767298E-7    -45531.77764467531
3.4276655047420305E-6     -4.4807257679532705E-6   14869.22873227697
3.3701292309261764E-6     -4.584580614362616E-6    14544.506581245572
3.3125929571103206E-6     -4.688435460771961E-6    14235.597607302123
3.255056683294466E-6      -4.792290307181305E-6    13927.22909818988
3.1975204094786123E-6     -4.896145153590653E-6    13619.401053908874
3.1399841356627573E-6     -4.999999999999998E-6    13324.599389993353
3.5027676526105127E-6     -4.584580614362616E-6    15049.46009816176
3.4452313787946577E-6     -4.688435460771962E-6    14727.007180344823
3.3876951049788027E-6     -4.792290307181307E-6    14413.038143502019
3.3301588311629477E-6     -4.8961451535906515E-6   14099.648748613781
3.2726225573470936E-6     -4.9999999999999996E-6   13786.838995680102
3.5778698004789935E-6     -4.688435460771961E-6    15219.397673142392
3.5203335266631402E-6     -4.792290307181308E-6    14902.905610936512
3.4627972528472844E-6     -4.896145153590652E-6    14588.07506128863
3.4052609790314286E-6     -4.999999999999998E-6    14273.824153595255
3.652971948347475E-6      -4.792290307181305E-6    15390.629482985136
3.595435674531621E-6      -4.896145153590652E-6    15080.065508386795
3.5378994007157653E-6     -4.999999999999997E-6    14764.373445933781
3.728074096215957E-6      -4.896145153590653E-6    15563.155527690009
3.670537822400102E-6      -4.999999999999999E-6    15258.486872695714
-4.4228277384922675E-6    -1.8248887989576539E-6   -34444.78016250749
-4.5382621907938135E-6    -1.7456253248804084E-6   -34641.339052740026
-4.6536966430953605E-6    -1.6663618508031617E-6   -34759.16131318061
-4.769131095396906E-6     -1.5870983767259158E-6   -34885.5101295297
-4.8845655476984535E-6    -1.5078349026486705E-6   -35020.38550178746
-4.5382621907938135E-6    -1.8884824677375512E-6   -33151.558067271224
-4.6536966430953605E-6    -1.8092189936603051E-6   -33317.59865093783
-4.769131095396906E-6     -1.729955519583059E-6    -33307.78722900667
-4.884565547698453E-6     -1.650692045505813E-6    -33306.18882148521
-5.0E-6                   -1.5714285714285676E-6   -33312.80342837347
-4.6536966430953605E-6    -1.9520761365174475E-6   -31733.118126520298
-4.769131095396907E-6     -1.8728126624402025E-6   -31792.81550296241
-4.884565547698453E-6     -1.793549188362956E-6    -31789.335115045804
-4.9999999999999996E-6    -1.71428571428571E-6     -31794.067741538944
-4.769131095396906E-6     -2.0156698052973446E-6   -30319.104828738455
-4.884565547698453E-6     -1.9364063312200994E-6   -30272.481408606374
-4.9999999999999996E-6    -1.8571428571428529E-6   -30275.332054704326
-4.8845655476984535E-6    -2.0792634740772426E-6   -28909.518173925662
-4.9999999999999996E-6    -1.999999999999997E-6    -28756.596367869755
-4.9999999999999996E-6    -2.1428571428571393E-6   -27427.546088252013
2.766155709540307E-6      -4.46266979724555E-6     11897.228641233707
2.701452768269543E-6      -4.5701358377964405E-6   11468.253438549433
2.636749826998778E-6      -4.6776018783473286E-6   11057.03759969605
2.572046885728013E-6      -4.7850679188982175E-6   10646.30335034721
2.5073439444572494E-6     -4.89253395944911E-6     10236.050690502943
2.4426410031864844E-6     -4.999999999999998E-6    9834.121025802959
2.840921394764797E-6      -4.5701358377964405E-6   12192.42583511821
2.776218453494033E-6      -4.67760187834733E-6     11766.53603620279
2.711515512223268E-6      -4.78506791889822E-6     11350.470886973364
2.6468125709525032E-6     -4.892533959449108E-6    10934.951105729673
2.5821096296817395E-6     -4.9999999999999996E-6   10519.976692471673
2.9156870799892863E-6     -4.6776018783473286E-6   12476.369645609415
2.850984138718523E-6      -4.78506791889822E-6     12055.683074601227
2.7862811974477583E-6     -4.892533959449109E-6    11638.822814127674
2.7215782561769933E-6     -4.999999999999998E-6    11222.507921639844
2.9904527652137768E-6     -4.7850679188982175E-6   12761.478293069431
2.925749823943013E-6      -4.892533959449108E-6    12345.939457845288
2.861046882672248E-6      -4.999999999999997E-6    11928.284086127607
3.0652184504382672E-6     -4.89253395944911E-6     13047.751777498255
3.000515509167503E-6      -4.999999999999999E-6    12637.305185935013
-4.435512840947854E-6     -2.512487974973533E-6    -27508.14991800796
-4.548410272758283E-6     -2.438561808550255E-6    -27553.788637324804
-4.661307704568711E-6     -2.3646356421269754E-6   -27536.586380860084
-4.7742051363791395E-6    -2.290709475703697E-6    -27525.618987794405
-4.88710256818957E-6      -2.2167833092804187E-6   -27520.886458127938
-4.548410272758283E-6     -2.5814189514073976E-6   -26488.012643264636
-4.661307704568713E-6     -2.5074927849841187E-6   -26515.949390100326
-4.77420513637914E-6      -2.43356661856084E-6     -26406.609273074893
-4.8871025681895695E-6    -2.359640452137561E-6    -26303.284065145315
-5.0E-6                   -2.2857142857142826E-6   -26205.973766311756
-4.661307704568711E-6     -2.6503499278412615E-6   -25394.17098503541
-4.774205136379142E-6     -2.5764237614179838E-6   -25341.27118873785
-4.88710256818957E-6      -2.502497594994704E-6    -25236.640935836553
-4.9999999999999996E-6    -2.4285714285714254E-6   -25138.02559203112
-4.7742051363791395E-6    -2.7192809042751258E-6   -24303.741676112393
-4.88710256818957E-6      -2.6453547378518476E-6   -24169.99780652776
-4.9999999999999996E-6    -2.5714285714285687E-6   -24070.077417750545
-4.88710256818957E-6      -2.788211880708991E-6    -23216.72471649547
-4.9999999999999996E-6    -2.714285714285712E-6    -23002.12924346994
-4.9999999999999996E-6    -2.8571428571428547E-6   -22074.670454450097
2.0780453496870897E-6     -4.453193901034788E-6    7926.625992474444
2.0113849944905984E-6     -4.5625551208278315E-6   7439.926103987022
1.9447246392941067E-6     -4.671916340620872E-6    6972.901595599846
1.8780642840976151E-6     -4.781277560413913E-6    6506.119657956811
1.811403928901124E-6      -4.890638780206956E-6    6039.580291057922
1.7447435737046323E-6     -4.999999999999998E-6    5580.7924365377985
2.150964480386969E-6      -4.5625551208278315E-6   8319.909692767033
2.0843041251904775E-6     -4.671916340620873E-6    7834.980385988123
2.0176437699939853E-6     -4.781277560413915E-6    7362.568869156789
1.950983414797494E-6      -4.890638780206956E-6    6890.479898718362
1.884323059601003E-6      -4.9999999999999996E-6   6418.713474672829
2.223883611086847E-6      -4.671916340620872E-6    8698.764366473282
2.1572232558903566E-6     -4.7812775604139156E-6   8218.67514295013
2.0905629006938644E-6     -4.890638780206956E-6    7745.7015730085695
2.023902545497373E-6      -4.999999999999998E-6    7273.050549459908
2.296802741786726E-6      -4.781277560413913E-6    9078.537032146332
2.2301423865902353E-6     -4.890638780206956E-6    8603.21359117566
2.163482031393743E-6      -4.999999999999997E-6    8129.677968123866
2.3697218724866057E-6     -4.890638780206956E-6    9459.22768978621
2.303061517290114E-6      -4.999999999999999E-6    8988.595730664725
-4.4508288157845234E-6    -3.1974270789265154E-6   -22667.80843982655
-4.560663052627619E-6     -3.1293702345697837E-6   -22601.616630580444
-4.670497289470714E-6     -3.0613133902130507E-6   -22480.538373603766
-4.780331526313809E-6     -2.993256545856319E-6    -22364.062040694836
-4.890165763156906E-6     -2.9251997014995873E-6   -22252.187631853758
-4.560663052627619E-6     -3.2722273774269265E-6   -21898.59956681178
-4.670497289470714E-6     -3.2041705330701944E-6   -21805.73991957763
-4.780331526313809E-6     -3.136113688713462E-6    -21615.793148221113
-4.890165763156904E-6     -3.0680568443567292E-6   -21430.288058068472
-5.0E-6                   -2.999999999999998E-6    -21249.22464911976
-4.670497289470714E-6     -3.3470276759273368E-6   -21067.044013361374
-4.7803315263138105E-6    -3.2789708315706055E-6   -20908.945895310837
-4.890165763156904E-6     -3.2109139872138725E-6   -20722.591180682783
-4.9999999999999996E-6    -3.14285714285714E-6     -20540.67814725855
-4.780331526313809E-6     -3.4218279744277474E-6   -20238.267044166736
-4.890165763156904E-6     -3.353771130071016E-6    -20014.894303297056
-4.9999999999999996E-6    -3.285714285714283E-6    -19832.131645397418
-4.890165763156906E-6     -3.496628272928159E-6    -19412.268659227768
-4.9999999999999996E-6    -3.428571428571427E-6    -19123.585143536253
-4.9999999999999996E-6    -3.5714285714285697E-6   -18536.726990291198
-4.9999999999999996E-6    -4.285714285714285E-6    -16488.34714220833
-4.8766981668203156E-6    -4.220930012185547E-6    -17151.613007985605
-4.753396333640629E-6     -4.156145738656809E-6    -17769.85444356169
-4.630094500460944E-6     -4.091361465128072E-6    -18391.569546497893
-4.50679266728126E-6      -4.0265771915993364E-6   -19016.75831679415
-4.3834908341015745E-6    -3.961792918070599E-6    -19574.028834609057
-5.0E-6                   -4.142857142857142E-6    -16805.051078186156
-4.876698166820315E-6     -4.0780728693284045E-6   -17483.676538548985
-4.75339633364063E-6      -4.013288595799667E-6    -18165.745713815697
-4.630094500460944E-6     -3.948504322270929E-6    -18851.25860398617
-4.50679266728126E-6      -3.883720048742194E-6    -19408.64454793138
-4.9999999999999996E-6    -3.999999999999998E-6    -17211.80912208576
-4.876698166820316E-6     -3.935215726471262E-6    -17889.892366665194
-4.75339633364063E-6      -3.870431452942524E-6    -18571.41932614846
-4.630094500460945E-6     -3.8056471794137864E-6   -19198.856855779693
-4.9999999999999996E-6    -3.857142857142855E-6    -17618.567165985325
-4.876698166820315E-6     -3.792358583614119E-6    -18296.108194781336
-4.75339633364063E-6      -3.727574310085381E-6    -18993.748727840466
-5.0E-6                   -3.7142857142857133E-6   -18025.325209884933
-4.8766981668203156E-6    -3.649501440756976E-6    -18793.32016411364
-4.5514361126828024E-6    -4.559701030466268E-6    -17735.950171550397
-4.641148890146242E-6     -4.504903681515872E-6    -17520.3498020488
-4.7308616676096815E-6    -4.450106332565475E-6    -17270.473923149897
-4.82057444507312E-6      -4.395308983615078E-6    -17022.686029203654
-4.9102872225365605E-6    -4.340511634664682E-6    -16776.986120210084
-4.641148890146242E-6     -4.647760824373015E-6    -17395.210143600445
-4.730861667609681E-6     -4.592963475422618E-6    -17124.51661914598
-4.8205744450731205E-6    -4.53816612647222E-6     -16832.05082815138
-4.91028722253656E-6      -4.483368777521824E-6    -16541.613754557166
-5.0E-6                   -4.4285714285714274E-6   -16253.20539836333
-4.7308616676096815E-6    -4.735820618279759E-6    -16989.850662743134
-4.820574445073121E-6     -4.681023269329365E-6    -16694.202279134843
-4.9102872225365605E-6    -4.626225920378967E-6    -16403.616705687593
-4.9999999999999996E-6    -4.571428571428569E-6    -16115.05984964074
-4.82057444507312E-6      -4.823880412186505E-6    -16586.269803961048
-4.9102872225365605E-6    -4.769083063236109E-6    -16265.619656818066
-4.9999999999999996E-6    -4.714285714285711E-6    -15976.914300918103
-4.9102872225365605E-6    -4.911940206093253E-6    -16184.467567254338
-4.9999999999999996E-6    -4.857142857142856E-6    -15838.768752195516
-4.9999999999999996E-6    -4.999999999999999E-6    -15784.443952622878
1.3776954268798522E-6     -4.449543773418926E-6    3246.782651383259
1.3115255703484379E-6     -4.559635018735141E-6    2751.420597962821
1.2453557138170231E-6     -4.669726264051354E-6    2276.6480527154818
1.1791858572856088E-6     -4.779817509367568E-6    1801.8207378239656
1.1130160007541947E-6     -4.889908754683784E-6    1326.9386532882713
1.0468461442227802E-6     -4.999999999999998E-6    859.0162522962983
1.4511050562448085E-6     -4.559635018735141E-6    3727.8865641495668
1.384935199713394E-6      -4.6697262640513555E-6   3233.4541239723303
1.3187653431819795E-6     -4.7798175093675685E-6   2753.365645762583
1.2525954866505647E-6     -4.889908754683783E-6    2273.3089559917507
1.1864256301191508E-6     -4.9999999999999996E-6   1793.2840546598304
1.5245146856097638E-6     -4.669726264051354E-6    4191.893155816704
1.45834482907835E-6       -4.77981750936757E-6     3702.8909057710052
1.3921749725469351E-6     -4.889908754683783E-6    3222.529593983687
1.3260051160155208E-6     -4.999999999999998E-6    2742.20007063528
1.5979243149747199E-6     -4.779817509367568E-6    4656.556806168386
1.531754458443306E-6      -4.889908754683783E-6    4172.893932183187
1.4655846019118913E-6     -4.999999999999997E-6    3692.2597868183025
1.6713339443396764E-6     -4.889908754683784E-6    5121.877515204611
1.6051640878082619E-6     -4.999999999999999E-6    4643.463203208895
-4.408119495458056E-6     -4.999999999999998E-6    -17862.72848283965
-4.436782818903006E-6     -4.911940206093252E-6    -17821.39135822097
-4.465446142347955E-6     -4.823880412186505E-6    -17800.60667715885
-4.494109465792903E-6     -4.735820618279759E-6    -17780.05038314682
-4.522772789237853E-6     -4.647760824373015E-6    -17759.722476184845
-4.526495596366445E-6     -4.999999999999999E-6    -17432.985593501242
-4.555158919811395E-6     -4.911940206093252E-6    -17417.256821407842
-4.583822243256343E-6     -4.823880412186506E-6    -17401.75115840318
-4.6124855667012914E-6    -4.7358206182797585E-6   -17386.468604487127
-4.644871697274834E-6     -4.999999999999998E-6    -17036.810073735636
-4.673535020719784E-6     -4.911940206093253E-6    -17021.945191902945
-4.702198344164731E-6     -4.823880412186506E-6    -17007.30341915904
-4.763247798183221E-6     -4.999999999999997E-6    -16643.964751858904
-4.791911121628172E-6     -4.911940206093252E-6    -16629.963760287
-4.881623899091611E-6     -4.999999999999999E-6    -16254.449627871525
6.769860219040122E-7      -4.447440761429735E-6    -1748.583024965159
6.113785604713956E-7      -4.557952609143788E-6    -2215.111408788009
5.457710990387787E-7      -4.668464456857841E-6    -2662.396916797943
4.801636376061621E-7      -4.778976304571893E-6    -3110.0266501443607
4.145561761735457E-7      -4.889488152285946E-6    -3558.0006088272758
3.48948714740929E-7       -4.999999999999998E-6    -4000.6999683368194
7.509580463677659E-7      -4.557952609143788E-6    -1212.0339983970907
6.853505849351492E-7      -4.668464456857841E-6    -1678.1585611175537
6.197431235025325E-7      -4.778976304571893E-6    -2130.0629943851586
5.541356620699158E-7      -4.8894881522859445E-6   -2582.2250981408747
4.885282006372994E-7      -4.9999999999999996E-6   -3034.64487238472
8.249300708315192E-7      -4.668464456857841E-6    -693.0847056556887
7.593226093989028E-7      -4.7789763045718945E-6   -1153.5781013147491
6.93715147966286E-7       -4.889488152285946E-6    -1605.4408770902453
6.281076865336693E-7      -4.999999999999998E-6    -2057.561323353855
8.989020952952729E-7      -4.778976304571893E-6    -173.80119017595965
8.332946338626564E-7      -4.889488152285946E-6    -628.7640168840463
7.676871724300396E-7      -4.999999999999997E-6    -1080.5851351674332
9.728741197590267E-7      -4.889488152285946E-6    345.8165480420939
9.072666583264101E-7      -4.999999999999999E-6    -103.71630782544855
-4.045780749714301E-6     -4.529613932363203E-6    -19083.442526749972
-4.118248498863052E-6     -4.623691145890563E-6    -18847.434424330444
-4.1907162480118034E-6    -4.71776835941792E-6     -18603.12084817239
-4.263183997160554E-6     -4.8118455729452786E-6   -18360.085096844843
-4.335651746309306E-6     -4.9059227864726395E-6   -18118.327170347966
-3.997259848588328E-6     -4.623691145890563E-6    -19081.453722892962
-4.069727597737078E-6     -4.717768359417921E-6    -18839.080455632724
-4.1421953468858285E-6    -4.811845572945279E-6    -18600.314728824815
-4.214663096034579E-6     -4.905922786472638E-6    -18362.848108320162
-4.287130845183333E-6     -4.9999999999999996E-6   -18126.680594119025
-3.948738947462352E-6     -4.71776835941792E-6     -19076.947996727074
-4.021206696611105E-6     -4.811845572945281E-6    -18831.76698611252
-4.093674445759855E-6     -4.9059227864726395E-6   -18592.095989555844
-4.166142194908606E-6     -4.999999999999998E-6    -18353.72409930243
-3.900218046336379E-6     -4.8118455729452786E-6   -19073.075712710677
-3.972685795485131E-6     -4.9059227864726395E-6   -18825.08337770857
-4.04515354463388E-6      -4.999999999999997E-6    -18584.50711140308
-3.851697145210406E-6     -4.9059227864726395E-6   -19069.836870843872
-3.924164894359157E-6     -4.999999999999999E-6    -18819.029630420875
-3.8031762440844315E-6    -4.999999999999998E-6    -19081.746197718192
-1.807643203177717E-8     -4.444044601596776E-6    -6663.711866549317
-8.425088857360637E-8     -4.555235681277421E-6    -7075.8097713061
-1.504253451154355E-7     -4.666426760958064E-6    -7470.911629865396
-2.1659980165726468E-7    -4.777617840638709E-6    -7866.635979617307
-2.827742581990939E-7     -4.888808920319354E-6    -8262.982820561883
-3.4894871474092307E-7    -4.999999999999998E-6    -8655.829708176776
5.532859732276408E-8      -4.555235681277421E-6    -6116.736311408395
-1.0845859219065102E-8    -4.666426760958065E-6    -6528.449646464827
-7.702031576089429E-8     -4.77761784063871E-6     -6927.321522174445
-1.4319477230272343E-7    -4.888808920319354E-6    -7326.733139211875
-2.0936922884455266E-7    -4.9999999999999996E-6   -7726.684497577191
1.2873362667730532E-7     -4.666426760958064E-6    -5586.302084215235
6.255917013547614E-8      -4.77761784063871E-6     -5992.746222761049
-3.6152864063530663E-9    -4.888808920319354E-6    -6391.2632230500685
-6.978974294818223E-8     -4.999999999999998E-6    -6790.319964666901
2.021386560318465E-7      -4.777617840638709E-6    -5055.889966811976
1.3596419949001737E-7     -4.888808920319354E-6    -5457.165965785072
6.978974294818816E-8      -4.999999999999997E-6    -5855.328090653483
2.7554368538638775E-7     -4.888808920319354E-6    -4525.499959198647
2.0936922884455864E-7     -4.999999999999999E-6    -4921.708875536904
-3.4176517366592523E-6    -4.46266945185816E-6     -19852.824510991446
-3.4947566381442887E-6    -4.570135561486529E-6    -19702.441561319967
-3.571861539629324E-6     -4.677601671114895E-6    -19548.00037746169
-3.6489664411143595E-6    -4.785067780743262E-6    -19395.10863402221
-3.7260713425993963E-6    -4.89253389037163E-6     -19243.766331001498
-3.3621182164599537E-6    -4.570135561486529E-6    -19740.524051077307
-3.4392231179449893E-6    -4.6776016711148955E-6   -19589.164821342096
-3.5163280194300253E-6    -4.7850677807432635E-6   -19437.168061023887
-3.5934329209150605E-6    -4.89253389037163E-6     -19286.729596734644
-3.6705378224000973E-6    -4.9999999999999996E-6   -19137.84942847441
-3.3065846962606534E-6    -4.677601671114895E-6    -19628.693051626105
-3.383689597745691E-6     -4.7850677807432635E-6   -19474.19415941241
-3.4607944992307254E-6    -4.89253389037163E-6     -19321.0787860349
-3.5378994007157615E-6    -4.999999999999998E-6    -19169.521708686272
-3.251051176061355E-6     -4.785067780743262E-6    -19517.65339651198
-3.3281560775463913E-6    -4.89253389037163E-6     -19360.02647797401
-3.4052609790314264E-6    -4.999999999999997E-6    -19205.792491537075
-3.1955176558620563E-6    -4.89253389037163E-6     -19407.40508573492
-3.272622557347092E-6     -4.999999999999999E-6    -19246.66177702674
-3.1399841356627564E-6    -4.999999999999998E-6    -19306.915758010637
-7.13713856692839E-7      -4.439857200945533E-6    -11196.584415463789
-7.803403141988263E-7     -4.551885760756426E-6    -11522.43978898403
-8.469667717048133E-7     -4.663914320567319E-6    -11835.191984090503
-9.135932292108006E-7     -4.775942880378211E-6    -12148.812760079218
-9.80219686716788E-7      -4.887971440189105E-6    -12463.302116950163
-1.0468461442227751E-6    -4.999999999999998E-6    -12775.90052224832
-6.407608283024558E-7     -4.551885760756426E-6    -10675.128420135206
-7.07387285808443E-7      -4.66391432056732E-6     -11001.328223199776
-7.740137433144304E-7     -4.775942880378213E-6    -11316.795407709582
-8.406402008204173E-7     -4.8879714401891045E-6   -11633.058859169148
-9.072666583264049E-7     -4.9999999999999996E-6   -11950.118577578487
-5.678077999120725E-7     -4.663914320567319E-6    -10168.669631095854
-6.3443425741806E-7       -4.775942880378213E-6    -10490.207381244167
-7.01060714924047E-7      -4.8879714401891045E-6   -10805.024669164965
-7.676871724300341E-7     -4.999999999999998E-6    -11120.6382240355
-4.948547715216893E-7     -4.775942880378211E-6    -9662.584250989043
-5.614812290276766E-7     -4.8879714401891045E-6   -9979.555088448345
-6.281076865336638E-7     -4.999999999999997E-6    -10293.722479780137
-4.219017431313063E-7     -4.887971440189105E-6    -9156.872279814776
-4.885282006372935E-7     -4.999999999999999E-6    -9469.37134481236
-2.7870445584527173E-6    -4.427469429527438E-6    -19517.63961343052
-2.8576324738947255E-6    -4.541975543621951E-6    -19469.90635082987
-2.9282203893367324E-6    -4.656481657716461E-6    -19428.99833510733
-2.9988083047787405E-6    -4.7709877718109726E-6   -19389.42941380118
-3.069396220220749E-6     -4.8854938859054865E-6   -19351.19958691155
-2.7181638473994704E-6    -4.541975543621951E-6    -19262.89653711232
-2.788751762841478E-6     -4.656481657716462E-6    -19225.29876377561
-2.8593396782834854E-6    -4.770987771810973E-6    -19185.262764064355
-2.929927593725493E-6     -4.885493885905485E-6    -19146.552480641767
-3.0005155091675018E-6    -4.9999999999999996E-6   -19109.16791350802
-2.649283136346222E-6     -4.656481657716461E-6    -19019.38944226721
-2.7198710517882308E-6    -4.770987771810975E-6    -18979.58078703169
-2.790458967230238E-6     -4.8854938859054865E-6   -18938.320523919094
-2.8610468826722454E-6    -4.999999999999998E-6    -18898.385977095197
-2.580402425292975E-6     -4.7709877718109726E-6   -18776.96979204246
-2.650990340734983E-6     -4.8854938859054865E-6   -18734.989752717665
-2.7215782561769903E-6    -4.999999999999997E-6    -18692.5052262037
-2.5115217142397283E-6    -4.8854938859054865E-6   -18535.637586438184
-2.582109629681736E-6     -4.999999999999999E-6    -18491.525660833584
-2.4426410031864805E-6    -4.999999999999998E-6    -18297.448893234778
-2.1016169969261955E-6    -4.432242925747938E-6    -17855.75952343159
-2.1698217981782526E-6    -4.54579434059835E-6     -17947.520294781327
-2.238026599430309E-6     -4.659345755448761E-6    -18033.429466362897
-2.306231400682366E-6     -4.772897170299172E-6    -18120.554090986516
-2.374436201934424E-6     -4.886448585149587E-6    -18208.89416865218
-2.030242312281882E-6     -4.54579434059835E-6     -17489.5115191077
-2.0984471135339393E-6    -4.659345755448761E-6    -17581.385758355296
-2.166651914785996E-6     -4.772897170299174E-6    -17668.22104415192
-2.2348567160380526E-6    -4.886448585149585E-6    -17756.234783936517
-2.3030615172901106E-6    -4.9999999999999996E-6   -17845.42697770911
-1.958867627637568E-6     -4.659345755448761E-6    -17132.230355225354
-2.027072428889626E-6     -4.772897170299175E-6    -17221.04559121848
-2.095277230141682E-6     -4.886448585149587E-6    -17306.778984976012
-2.1634820313937393E-6    -4.999999999999998E-6    -17393.69083272144
-1.8874929429932545E-6    -4.772897170299172E-6    -16775.901540198956
-1.955697744245312E-6     -4.886448585149586E-6    -16861.72109211454
-2.0239025454973685E-6    -4.999999999999997E-6    -16946.3525938329
-1.8161182583489418E-6    -4.886448585149587E-6    -16420.52507402852
-1.8843230596009985E-6    -4.999999999999999E-6    -16503.41226104356
-1.7447435737046278E-6    -4.999999999999998E-6    -16068.472248158663
-1.4055228466549788E-6    -4.438752761683378E-6    -14999.20330785691
-1.4733669920649088E-6    -4.551002209346703E-6    -15221.24241836328
-1.5412111374748384E-6    -4.663251657010026E-6    -15431.873187918947
-1.609055282884768E-6     -4.775501104673349E-6    -15643.588617220517
-1.676899428294698E-6     -4.8877505523366755E-6   -15856.38870626802
-1.3337875061685382E-6    -4.551002209346703E-6    -14543.788498227408
-1.4016316515784682E-6    -4.663251657010027E-6    -14764.459364888477
-1.4694757969883978E-6    -4.7755011046733514E-6   -14977.09754716536
-1.5373199423983274E-6    -4.887750552336674E-6    -15190.762655364617
-1.6051640878082574E-6    -4.9999999999999996E-6   -15405.454689486207
-1.2620521656820974E-6    -4.663251657010026E-6    -14100.011223269323
-1.3298963110920276E-6    -4.7755011046733514E-6   -14316.79512196701
-1.3977404565019572E-6    -4.887750552336675E-6    -14528.529738689527
-1.4655846019118868E-6    -4.999999999999998E-6    -14741.291281334405
-1.1903168251956564E-6    -4.775501104673349E-6    -13656.915550773389
-1.2581609706055868E-6    -4.887750552336674E-6    -13869.893555424322
-1.326005116015516E-6     -4.999999999999997E-6    -14080.724606592477
-1.118581484709216E-6     -4.8877505523366755E-6   -13214.5014807396
-1.186425630119146E-6     -4.999999999999999E-6    -13423.754665260458
4.423999854172555E-6      -4.74412783097299E-7     56200.57628055381
4.382160147956068E-6      -3.8169672511501407E-7   58411.497847089006
4.340320441739581E-6      -2.8898066713272913E-7   60539.93103261539
4.298480735523094E-6      -1.9626460915044428E-7   62670.22556802128
4.310386097997435E-6      -4.852452762831734E-7    55480.93786438221
4.268546391780948E-6      -3.9252921830088855E-7   57633.32915422404
4.226706685564462E-6      -2.9981316031860367E-7   59766.1208422524
4.196772341822316E-6      -4.96077769469048E-7     54770.84366109057
4.154932635605829E-6      -4.033617114867631E-7    56865.10607105689
4.083158585647196E-6      -5.069102626549225E-7    54070.293670679
4.508142090063358E-6      -5.886173169750121E-7    54337.737827846446
4.478670569779043E-6      -7.136543440385995E-7    51836.25826856453
4.4491990494947265E-6     -8.386913711021871E-7    49335.14853461215
4.419727529210411E-6      -9.637283981657748E-7    46834.408625989294
4.600619367993823E-6      -6.387584018498691E-7    53473.94374503681
4.571147847709507E-6      -7.637954289134567E-7    50934.60770535951
4.541676327425191E-6      -8.888324559770441E-7    48395.74118080258
4.693096645924288E-6      -6.888994867247262E-7    52594.96096673872
4.6636251256399725E-6     -8.139365137883137E-7    50053.92918296855
4.785573923854753E-6      -7.390405715995832E-7    51721.997276612725
4.394528333888239E-6      -5.994498101608865E-7    53652.34410993669
4.280914577713119E-6      -6.102823033467611E-7    52997.30099174966
4.167300821538E-6         -6.211147965326356E-7    52351.400689624716
4.0536870653628814E-6     -6.3194728971851E-7      51682.51762047397
4.3650568136039225E-6     -7.244868372244741E-7    51188.731805746575
4.251443057428804E-6      -7.353193304103486E-7    50535.39520634879
4.1378293012536846E-6     -7.461518235962231E-7    49910.797914988376
4.335585293319607E-6      -8.495238642880615E-7    48725.389637095126
4.2219715371444885E-6     -8.603563574739361E-7    48145.145492979456
4.306113773035292E-6      -9.745608913516492E-7    46385.56035444723
4.761407139807874E-6      -1.4478648916234514E-6   39643.249868476945
4.639458341593093E-6      -1.3799036909550387E-6   40428.25798770554
4.517509543378313E-6      -1.3119424902866263E-6   41221.45667300091
4.3955607451635325E-6     -1.2439812896182138E-6   42034.48986359001
4.64476307783053E-6       -1.5351195553438903E-6   38244.01292514894
4.522814279615749E-6      -1.4671583546754779E-6   39036.49616272675
4.4008654814009686E-6     -1.3991971540070652E-6   39842.34514535261
4.528119015853186E-6      -1.622374219064329E-6    36851.58239759041
4.4061702176384055E-6     -1.5544130183959166E-6   37650.26511258602
4.411474953875842E-6      -1.7096288827847685E-6   35458.24976529024
3.648692671262921E-6      -2.0778797149463414E-7   57522.88051050529
3.579806225792642E-6      -3.120273918211089E-7    54408.57286636976
3.5109197803223637E-6     -4.162668121475836E-7    51295.35344406117
3.4420333348520858E-6     -5.205062324740584E-7    48310.794476445844
3.71168409944764E-6       -3.1133652266279356E-7   55726.10231834848
3.6427976539773616E-6     -4.1557594298926827E-7   52608.53338808698
3.5739112085070837E-6     -5.19815363315743E-7     49549.15144201176
3.7746755276323595E-6     -4.14885073830953E-7     53934.37858359674
3.7057890821620816E-6     -5.191244941574277E-7    50799.66387166659
3.8376669558170795E-6     -5.184336249991124E-7    52062.331765410345
3.598716223493733E-6      -1.0385822047018743E-6   41038.40168690534
3.672881944689402E-6      -9.344143149296589E-7    43473.1598587009
3.7470476658850705E-6     -8.302464251574434E-7    45921.80167272457
3.8212133870807395E-6     -7.260785353852279E-7    48372.180556819825
3.895379108276408E-6      -6.219106456130125E-7    50824.296510986685
3.541004071034404E-6      -9.351051840879742E-7    42312.18359528894
3.6151697922300726E-6     -8.309372943157587E-7    44713.0604335564
3.6893355134257416E-6     -7.267694045435431E-7    47132.84047645609
3.7635012346214106E-6     -6.226015147713278E-7    49554.13840679411
3.4832919185750747E-6     -8.31628163474074E-7     43525.7287954984
3.5574576397707437E-6     -7.274602737018585E-7    45950.91397861627
3.6316233609664126E-6     -6.23292383929643E-7     48367.58773365093
3.4255797661157457E-6     -7.281511428601739E-7    44743.2122502367
3.4997454873114147E-6     -6.239832530879584E-7    47192.682737201525
3.3678676136564168E-6     -6.246741222462737E-7    45964.633959503815
3.979521344167212E-6      -7.361151794907256E-7    49166.31263952491
3.9053556229715435E-6     -8.40283069262941E-7     46684.18949436869
3.831189901775874E-6      -9.444509590351564E-7    44204.02260191733
3.7570241805802055E-6     -1.048618848807372E-6    41754.13186537512
4.063663580058015E-6      -8.503197133684386E-7    47442.50166663866
3.989497858862347E-6      -9.54487603140654E-7     44956.56517901851
3.915332137666678E-6      -1.0586554929128695E-6   42496.52697701592
4.147805815948819E-6      -9.645242472461516E-7    45724.82534668341
4.073640094753151E-6      -1.068692137018367E-6    43253.99012775683
4.231948051839623E-6      -1.0787287811238646E-6   44026.52131759781
3.825147631017683E-6      -1.6148460256540818E-6   34386.98269508476
3.938169306599366E-6      -1.5096299055691378E-6   36515.05948020735
4.051190982181048E-6      -1.4044137854841939E-6   38511.62390490764
4.164212657762731E-6      -1.29919766539925E-6     40513.45726368137
4.277234333344413E-6      -1.1939815453143062E-6   42520.559556528584
3.779861349512893E-6      -1.4995932614636404E-6   35643.37758542012
3.892883025094576E-6      -1.3943771413786963E-6   37780.02223801498
4.005904700676258E-6      -1.2891610212937521E-6   39861.41409737761
4.118926376257941E-6      -1.1839449012088084E-6   41947.99300321807
3.734575068008103E-6      -1.3843404972731987E-6   36991.15227023932
3.847596743589786E-6      -1.2791243771882547E-6   39112.119178379726
3.960618419171468E-6      -1.173908257103311E-6    41189.91843540811
3.689288786503313E-6      -1.2690877330827574E-6   38341.041613884496
3.802310462084995E-6      -1.1638716129978132E-6   40446.26235523455
3.644002504998523E-6      -1.1538349688923158E-6   39693.04561635564
3.9434740428368026E-6     -1.6648457699579894E-6   34257.14413127744
4.061800454655921E-6      -1.7148455142618969E-6   34082.07283919351
4.1801268664750405E-6     -1.7648452585658045E-6   33914.174205527044
4.298453278294159E-6      -1.8148450028697122E-6   33753.44823027814
4.056495718418485E-6      -1.5596296498730455E-6   36286.57838004481
4.174822130237604E-6      -1.6096293941769531E-6   36000.45433438572
4.293148542056723E-6      -1.6596291384808604E-6   35721.77528929711
4.169517394000167E-6      -1.4544135297881015E-6   38201.07936596645
4.287843805819286E-6      -1.5044132740920092E-6   37921.31191852529
4.282539069581849E-6      -1.3491974097031576E-6   40120.931173557125
2.990223568969534E-6      -2.1026799106318893E-7   48845.6484648786
2.9248660608762796E-6     -3.1629656179990315E-7   45734.866482318255
2.859508552783025E-6      -4.2232513253661736E-7   42623.177439147104
2.7941510446897713E-6     -5.283537032733316E-7    39725.94629919254
3.0538671650031085E-6     -3.145074113896637E-7    47693.384089799496
2.9885096569098546E-6     -4.2053598212637786E-7   44579.94023485821
2.9231521488166E-6        -5.265645528630921E-7    41559.468992852606
3.117510761036684E-6      -4.187468317161384E-7    46547.16396299984
3.0521532529434295E-6     -5.247754024528526E-7    43403.02956350814
3.1811543570702585E-6     -5.229862520426132E-7    45256.62801115918
4.417577900799807E-6      -1.9987052237174733E-6   32027.869150518178
4.418376111486335E-6      -2.132565700261327E-6    30678.975356361443
4.419174322172864E-6      -2.2664261768051803E-6   29330.086566638667
4.419972532859393E-6      -2.4002866533490338E-6   27981.20278134987
4.5342219627771514E-6     -2.054307702854177E-6    31599.636312058326
4.535020173463679E-6      -2.1881681793980305E-6   30251.739046630202
4.535818384150208E-6      -2.3220286559418844E-6   28903.84512664265
4.650866024754496E-6      -2.1099101819908815E-6   31178.25213496966
4.651664235441024E-6      -2.243770658534735E-6    29830.61901633785
4.767510086731839E-6      -2.1655126611275855E-6   30762.628175962243
3.830931603843587E-6      -1.7356191506521296E-6   32916.474310979334
3.836715576669491E-6      -1.8563922756501772E-6   31619.765329475766
3.842499549495395E-6      -1.9771654006482247E-6   30323.16744649508
3.8482835223212985E-6     -2.0979385256462727E-6   29026.680662037266
3.854067495147203E-6      -2.2187116506443203E-6   27872.15846881467
3.949258015662706E-6      -1.785618894956037E-6    32846.231552941295
3.95504198848861E-6       -1.9063920199540848E-6   31555.703014784805
3.960825961314514E-6      -2.0271651449521324E-6   30265.274432293147
3.966609934140418E-6      -2.1479382699501804E-6   29102.29833330746
4.0675844274818256E-6     -1.8356186392599445E-6   32789.760689877985
4.073368400307729E-6      -1.9563917642579925E-6   31500.423228949025
4.079152373133633E-6      -2.07716488925604E-6     30235.64148954075
4.185910839300944E-6      -1.8856183835638521E-6   32740.190143079148
4.191694812126848E-6      -2.0063915085618997E-6   31373.556537443154
4.3042372511200635E-6     -1.93561812786776E-6     32516.04347701471
3.967408144826947E-6      -2.281798746494034E-6    27734.30922406192
4.08074879450669E-6       -2.344885842343747E-6    27513.35636225445
4.194089444186433E-6      -2.4079729381934606E-6   27297.74857780601
4.307430093866177E-6      -2.4710600340431737E-6   27087.485870716664
4.0799505838201616E-6     -2.2110253657998935E-6   28909.007019321118
4.1932912334999045E-6     -2.2741124616496067E-6   28593.867104491044
4.306631883179648E-6      -2.3371995574993202E-6   28284.231116658353
4.1924930228133765E-6     -2.140251985105753E-6    29944.464878286144
4.30583367249312E-6       -2.2033390809554667E-6   29634.336428173076
4.3050354618065914E-6     -2.0694786044116133E-6   30984.448403115126
4.772050964828793E-6      -2.8669877281811475E-6   24664.05675249231
4.6562051135379775E-6     -2.8023885827311537E-6   24994.510941586603
4.540359262247161E-6      -2.7377894372811607E-6   25329.526610684436
4.424513410956346E-6      -2.673190291831167E-6    25673.639843862573
4.659947780948403E-6      -2.9414317446694337E-6   24029.963906663415
4.544101929657587E-6      -2.8768325992194403E-6   24364.665734972157
4.428256078366771E-6      -2.812233453769447E-6    24705.51534146847
4.5478445970680114E-6     -3.01587576115772E-6     23399.820376861204
4.431998745777196E-6      -2.9512766157077265E-6   23737.41216791168
4.435741413187621E-6      -3.0903197776460066E-6   22769.330323192207
2.3417347987919396E-6     -2.1409863265377508E-7   37056.54031948923
2.2757845049935866E-6     -3.2216869457083594E-7   34099.42984459592
2.2098342111952344E-6     -4.302387564878968E-7    31139.629042066328
2.1438839173968814E-6     -5.383088184049577E-7    28463.57734686157
2.406101010785102E-6      -3.201272033904893E-7    36625.362048874726
2.3401507169867493E-6     -4.2819726530755016E-7   33666.11551639678
2.2742004231883968E-6     -5.36267327224611E-7     30819.709520642806
2.4704672227782642E-6     -4.2615577412720346E-7   36200.9159201224
2.4045169289799117E-6     -5.342258360442643E-7    33183.80472874078
2.534833434771427E-6      -5.321843448639176E-7    35555.86297115554
2.981639009444016E-6      -1.0405676806607326E-6   34832.102259342675
3.0473422997946302E-6     -9.366935648550608E-7    37193.446836234405
3.1130455901452446E-6     -8.32819449049389E-7     39638.5139194177
3.178748880495859E-6      -7.289453332437173E-7    42083.37920456902
3.2444521708464734E-6     -6.250712174380455E-7    44528.04269168836
2.918341195667801E-6      -9.384827152653003E-7    35613.09280391876
2.9840444860184157E-6     -8.346085994596284E-7    37930.648877310785
3.0497477763690297E-6     -7.307344836539566E-7    40322.93166159163
3.1154510667196445E-6     -6.268603678482849E-7    42714.80468176759
2.8550433818915864E-6     -8.363977498698679E-7    36218.71166157679
2.9207466722422003E-6     -7.325236340641961E-7    38595.75714314681
2.986449962592815E-6      -6.286495182585244E-7    40985.58389929518
2.7917455681153714E-6     -7.343127844744357E-7    36829.3919430741
2.857448858465986E-6      -6.304386686687639E-7    39265.97793838317
2.728447754339157E-6      -6.322278190790033E-7    37445.133648410774
3.3021643233058024E-6     -7.285482380519456E-7    43402.17303555114
3.236461032955188E-6      -8.324223538576173E-7    40904.50773758155
3.1707577426045736E-6     -9.362964696632891E-7    38406.8486076529
3.105054452253959E-6      -1.040170585468961E-6    36074.49396339153
3.359876475765131E-6      -8.320252586658457E-7    42205.86226905819
3.294173185414517E-6      -9.358993744715175E-7    39705.93936315418
3.228469895063903E-6      -1.0397734902771894E-6   37304.03725452805
3.4175886282244603E-6     -9.355022792797457E-7    41013.51279809747
3.351885337873846E-6      -1.0393763950854175E-6   38541.7669690607
3.4753007806837897E-6     -1.0389792998936461E-6   39787.6831069895
3.289901304173936E-6      -1.4377679566434238E-6   32822.29955962901
3.3516642880378955E-6     -1.357930806255114E-6    34475.1398865383
3.4134272719018543E-6     -1.278093655866804E-6    36101.87162768878
3.475190255765814E-6      -1.1982565054784941E-6   37729.229496694774
3.5369532396297737E-6     -1.1184193550901842E-6   39357.21349355629
3.228248845227952E-6      -1.3583279014468858E-6   33334.10549774063
3.290011829091911E-6      -1.2784907510585759E-6   34911.11926657399
3.3517748129558707E-6     -1.1986536006702657E-6   36523.63541583381
3.41353779681983E-6       -1.1188164502819558E-6   38136.676190745784
3.1665963862819676E-6     -1.2788878462503473E-6   33723.4448531532
3.228359370145927E-6      -1.1990506958620374E-6   35350.59240757424
3.2901223540098866E-6     -1.1192135454737274E-6   36961.13471789222
3.104943927335984E-6      -1.1994477910538092E-6   34116.15686182932
3.1667069111999433E-6     -1.119610640665499E-6    35793.48341238886
3.0432914683899995E-6     -1.1200077358572707E-6   34512.24152376906
3.3969505695426855E-6     -1.4731835704455555E-6   33078.68296357311
3.5039998349114344E-6     -1.508599184247687E-6    33405.68117821192
3.611049100280184E-6      -1.5440147980498185E-6   33738.8817066073
3.718098365648934E-6      -1.5794304118519501E-6   34078.28454875936
3.4587135534066444E-6     -1.3933464200572456E-6   34742.51388901872
3.565762818775394E-6      -1.4287620338593768E-6   35016.233584465735
3.6728120841441434E-6     -1.4641776476615084E-6   35296.3748700295
3.5204765372706036E-6     -1.3135092696689354E-6   36383.97045262492
3.627525802639354E-6      -1.3489248834710673E-6   36660.173217578806
3.5822395211345633E-6     -1.2336721192806255E-6   38026.15464628995
3.295329329662094E-6      -1.536121390147489E-6    31645.14250879889
3.3007573551502507E-6     -1.6344748236515539E-6   30601.30210475169
3.3061853806384084E-6     -1.732828257155619E-6    29557.603931515245
3.3116134061265657E-6     -1.831181690659684E-6    28514.047989089562
3.3170414316147234E-6     -1.929535124163749E-6    27574.473204102844
3.402378595030843E-6      -1.5715370039496205E-6   32017.475719780276
3.407806620519E-6         -1.6698904374536855E-6   30979.504093680553
3.4132346460071573E-6     -1.7682438709577505E-6   29941.666093375658
3.4186626714953154E-6     -1.8665973044618157E-6   29003.366966277492
3.5094278603995917E-6     -1.606952617751752E-6    32401.704866884993
3.5148558858877498E-6     -1.7053060512558171E-6   31365.202584552506
3.520283911375907E-6      -1.8036594847598823E-6   30353.69487365379
3.6164771257683414E-6     -1.6423682315538835E-6   32791.91705138613
3.621905151256499E-6      -1.7407216650579487E-6   31707.216755741058
3.723526391137091E-6      -1.6777838453560154E-6   33063.93261253931
3.7293103639629947E-6     -1.798556970354063E-6    31636.767154693607
3.6276891240824027E-6     -1.8614947900559963E-6   30353.398393462798
3.526067884201811E-6      -1.92443260975793E-6     29073.239605997118
3.4244466443212194E-6     -1.9873704294598635E-6   27686.57402868019
3.7350943367888988E-6     -1.9193300953521107E-6   30333.90359897331
3.633473096908307E-6      -1.9822679150540443E-6   29049.369629645305
3.531851857027715E-6      -2.045205734755978E-6    27741.73295385748
3.740878309614803E-6      -2.0401032203501583E-6   29031.162284633923
3.639257069734211E-6      -2.103041040052092E-6    27802.382952627773
3.7466622824407073E-6     -2.1608763453482063E-6   27868.524024991042
2.35085364639469E-6       -1.0786381878101045E-6   26066.72794916817
2.4137129052283406E-6     -9.689391209847978E-7    28244.198773821146
2.4765721640619905E-6     -8.592400541594911E-7    30614.493472331684
2.5394314228956412E-6     -7.495409873341845E-7    32983.02265152721
2.6022906817292916E-6     -6.398419205088777E-7    35349.786311407675
2.2833963994368253E-6     -9.709806121651444E-7    26257.377509841757
2.3462556582704756E-6     -8.612815453398378E-7    28442.1572472178
2.409114917104126E-6      -7.51582478514531E-7     30739.616135657954
2.4719741759377763E-6     -6.418834116892243E-7    33035.07172294494
2.2159391524789607E-6     -8.633230365201844E-7    26271.19512317694
2.2787984113126106E-6     -7.536239696948777E-7    28538.6868946904
2.3416576701462613E-6     -6.43924902869571E-7     30834.38316163268
2.148481905521096E-6      -7.556654608752244E-7    26290.981937464418
2.211341164354746E-6      -6.459663940499177E-7    28641.30673955869
2.081024658563231E-6      -6.480078852302643E-7    26316.737952704178
2.8554819368341506E-6     -1.048181782090607E-6    33067.916061114905
2.792184123057936E-6      -9.460968166951746E-7    33789.96221294309
2.7288863092817206E-6     -8.440118512997423E-7    34340.36455679047
2.665588495505506E-6      -7.4192688590431E-7      34895.777218916046
2.7293248642242857E-6     -1.0557958835204813E-6   31306.046834375942
2.6660270504480703E-6     -9.53710918125049E-7     31898.614936218142
2.6027292366718558E-6     -8.516259527296168E-7    32455.74620256527
2.6031677916144204E-6     -1.0634099849503558E-6   29550.822303819674
2.539869977838205E-6      -9.613250195549233E-7    30014.18744873755
2.477010719004555E-6      -1.07102408638023E-6     27802.242469446162
3.333764813918297E-6      -2.469482184915003E-6    22990.614242073945
3.4378253501640785E-6     -2.4193280780608664E-6   24011.377886059367
3.5418858864098595E-6     -2.36917397120673E-6     24985.35839851341
3.645946422655641E-6      -2.3190198643525934E-6   25962.38279950706
3.7500069589014215E-6     -2.268865757498457E-6    26942.451089040358
3.3304201374575825E-6     -2.3614927727647524E-6   23778.51992152983
3.434480673703364E-6      -2.311338665910616E-6    24833.781865663426
3.5385412099491444E-6     -2.261184559056479E-6    25888.956455324646
3.642601746194926E-6      -2.2110304522023426E-6   26947.19744620571
3.3270754609968678E-6     -2.2535033606145017E-6   24696.078084697267
3.4311359972426484E-6     -2.203349253760365E-6    25748.07323770587
3.5351965334884298E-6     -2.1531951469062286E-6   26802.15481726643
3.323730784536153E-6      -2.1455139484642505E-6   25613.70754442703
3.4277913207819337E-6     -2.0953598416101142E-6   26662.431704172646
3.320386108075438E-6      -2.037524536314E-6       26531.408300719137
3.429769143858317E-6      -2.5524133203535235E-6   22944.956596451186
3.525773473798336E-6      -2.6353444557920436E-6   22813.389133696743
3.621777803738356E-6      -2.718275591230564E-6    22685.740643012596
3.7177821336783752E-6     -2.8012067266690845E-6   22562.011124398778
3.813786463618395E-6      -2.8841378621076045E-6   22395.492909858298
3.533829680104098E-6      -2.502259213499387E-6    23907.335109853837
3.629834010044117E-6      -2.5851903489379073E-6   23715.479513365266
3.7258383399841365E-6     -2.668121484376427E-6    23527.63139460765
3.821842669924156E-6      -2.751052619814948E-6    23333.072192172578
3.637890216349879E-6      -2.45210510664525E-6     24802.5941504731
3.7338945462898986E-6     -2.5350362420837705E-6   24614.304169457588
3.829898876229918E-6      -2.6179673775222906E-6   24425.63542732953
3.74195075259566E-6       -2.4019509997911134E-6   25700.874566951738
3.8379550825356796E-6     -2.484882135229634E-6    25518.109834811992
3.846011288841441E-6      -2.3517968929369775E-6   26610.49541461997
3.959351938521185E-6      -2.4148839887866906E-6   26492.219113858835
3.951295732215423E-6      -2.5479692310793474E-6   25393.819327820656
3.943239525909662E-6      -2.681054473372004E-6    24295.344263789244
3.9351833196039E-6        -2.8141397156646613E-6   23343.18308023509
4.072692588200928E-6      -2.4779710846364038E-6   26370.809985488228
4.064636381895167E-6      -2.611056326929061E-6    25272.75541514731
4.056580175589405E-6      -2.7441415692217177E-6   24223.81949992334
4.1860332378806724E-6     -2.5410581804861173E-6   26254.5870848383
4.177977031574911E-6      -2.6741434227787745E-6   25108.827873801572
4.299373887560416E-6      -2.604145276335831E-6    25998.208201869784
4.30311655497084E-6       -2.743188438274111E-6    24881.25776176543
4.181719698985335E-6      -2.813186584717054E-6    24088.662985638555
4.06032284299983E-6       -2.8831847311599973E-6   23300.39159955866
3.938925987014325E-6      -2.9531828776029413E-6   22381.010785657112
4.3068592223812655E-6     -2.88223160021239E-6     23909.676671773697
4.185462366395761E-6      -2.9522297466553337E-6   23116.575093941894
4.0640655104102556E-6     -3.022227893098277E-6    22276.894997019142
4.310601889791691E-6      -3.02127476215067E-6     22938.122721855227
4.189205033806186E-6      -3.0912729085936133E-6   22178.00394783766
4.3143445572021166E-6     -3.16031792408895E-6     22084.337638112647
3.952438313452044E-6      -3.506564059729405E-6    19429.867333311897
4.049847466881244E-6      -3.451123835700381E-6    19974.302579334846
4.147256620310445E-6      -3.3956836116713574E-6   20474.357464118504
4.244665773739645E-6      -3.3402433876423336E-6   20976.839867649214
4.3420749271688455E-6     -3.28480316361331E-6     21481.749789927017
3.924707943485314E-6      -3.382078820205045E-6    19943.997267911724
4.0221170969145145E-6     -3.326638596176021E-6    20511.019516526845
4.119526250343714E-6      -3.271198372146997E-6    21072.259559444312
4.216935403772915E-6      -3.2157581481179735E-6   21635.946175340447
3.896977573518584E-6      -3.257593580680685E-6    20533.525411122246
3.994386726947785E-6      -3.202153356651661E-6    21088.775265388707
4.091795880376985E-6      -3.1467131326226375E-6   21648.911122883437
3.869247203551854E-6      -3.1331083411563244E-6   21123.5029732922
3.966656356981055E-6      -3.0776681171273006E-6   21666.961415809234
3.841516833585124E-6      -3.0086231016319646E-6   21713.929954421594
4.765527771644065E-6      -3.578070784187219E-6    20554.240010145266
4.6534245877636745E-6     -3.509657657818362E-6    20751.73563244672
4.541321403883284E-6      -3.4412445314495048E-6   20952.773265892996
4.429218220002894E-6      -3.3728314050806486E-6   21148.839244179188
4.643158727168522E-6      -3.653126123314724E-6    20098.66329013601
4.531055543288132E-6      -3.584712996945867E-6    20299.89860503362
4.4189523594077405E-6     -3.5162998705770106E-6   20502.445276379472
4.520789682692978E-6      -3.728181462442229E-6    19647.03044626914
4.408686498812587E-6      -3.6597683360733725E-6   19856.048263318007
4.398420638217435E-6      -3.803236801569735E-6    19209.64820499481
4.039581606286091E-6      -3.5945923011967435E-6   19348.41531847296
4.1267248991201385E-6     -3.6826205426640818E-6   19183.732906598692
4.213868191954186E-6      -3.77064878413142E-6     19021.281873150416
4.301011484788234E-6      -3.858677025598758E-6    18861.062218128158
4.136990759715292E-6      -3.5391520771677198E-6   19812.7796754577
4.224134052549339E-6      -3.6271803186350576E-6   19612.909894461412
4.311277345383387E-6      -3.7152085601023963E-6   19415.301646457145
4.2343999131444925E-6     -3.4837118531386956E-6   20252.88651174776
4.32154320597854E-6       -3.5717400946060343E-6   20055.35802581442
4.331809066573692E-6      -3.428271629109672E-6    20695.401812553264
4.519238270768013E-6      -4.430102782103305E-6    17682.13119617547
4.608836441957124E-6      -4.377055207073641E-6    17868.87956640379
4.698434613146234E-6      -4.3240076320439764E-6   18050.94872770315
4.788032784335345E-6      -4.270960057014312E-6    18234.93029590269
4.486467397481581E-6      -4.309253403344004E-6    17919.218982620907
4.5760655686706914E-6     -4.2562058283143386E-6   18094.251809179386
4.665663739859802E-6      -4.203158253284675E-6    18275.576565935575
4.453696524195147E-6      -4.188404024584701E-6    18156.603946452833
4.5432946953842575E-6     -4.135356449555036E-6    18319.91275569375
4.420925650908715E-6      -4.067554645825399E-6    18394.28608767125
1.6836002850708966E-6     -2.1744932530676528E-7   22475.906619894267
1.6168265351410737E-6     -3.268285886964697E-7    19896.5367113669
1.5500527852112508E-6     -4.3620785208617406E-7   17312.753362267078
1.483279035281428E-6      -5.455871154758784E-7    15058.943439730278
1.7493986292220583E-6     -3.2551938722382615E-7   22865.576053962024
1.6826248792922356E-6     -4.3489865061353056E-7   20284.757379050847
1.6158511293624127E-6     -5.44277914003235E-7     17826.306689131496
1.81519697337322E-6       -4.33589449140887E-7     23262.386137300804
1.7484232234433973E-6     -5.429687125305914E-7    20599.0464954649
1.880995317524382E-6      -5.416595110579479E-7    23377.162858730495
1.6887783075231072E-6     -1.086138469579594E-6    15516.674131631407
1.7537361283395592E-6     -9.76980837580736E-7     17428.52449438726
1.818693949156011E-6      -8.67823205581878E-7     19549.460378751573
1.883651769972463E-6      -7.586655735830202E-7    21667.322657182347
1.9486095907889148E-6     -6.495079415841622E-7    23782.111329679585
1.6211640342585746E-6     -9.782900390533796E-7    15091.196998720694
1.6861218550750264E-6     -8.691324070545216E-7    17001.92447612895
1.751079675891478E-6      -7.599747750556636E-7    19033.951012086764
1.81603749670793E-6       -6.508171430568057E-7    21062.639135893885
1.5535497609940418E-6     -8.704416085271652E-7    14453.378366126293
1.6185075818104933E-6     -7.612839765283072E-7    16459.63591623415
1.6834654026269453E-6     -6.521263445294493E-7    18490.47431165439
1.485935487729509E-6      -7.625931780009507E-7    13821.469467309693
1.5508933085459607E-6     -6.534355460020928E-7    15923.437859813072
1.4183212144649761E-6     -6.547447474747364E-7    13195.470302270889
2.0160668377467793E-6     -7.571655172291223E-7    23976.045435097636
1.951109016930327E-6      -8.663231492279801E-7    21771.648621793596
1.8861511961138754E-6     -9.75480781226838E-7     19564.443008773207
1.821193375297424E-6      -1.084638413225696E-6    17599.554706693343
2.083524084704644E-6      -8.648230928740823E-7    24033.64874787649
2.018566263888192E-6      -9.739807248729402E-7    21827.894614068922
1.9536084430717404E-6     -1.0831383568717981E-6   19711.3401713549
2.1509813316625085E-6     -9.724806685190423E-7    24097.100265164183
2.0860235108460567E-6     -1.0816383005179003E-6   21828.641257251256
2.2184385786203735E-6     -1.0801382441640024E-6   23951.457964382418
2.9318307161748662E-6     -1.1626952212625436E-6   32682.130064256246
2.805673643565001E-6      -1.1703093226924179E-6   30994.23774077661
2.6795165709551356E-6     -1.1779234241222921E-6   29368.20033285892
2.5533594983452703E-6     -1.1855375255521666E-6   27748.532528062235
2.4272024257354055E-6     -1.193151626982041E-6    26032.97039917248
2.8820224229057166E-6     -1.2848227618643542E-6   30732.483293861078
2.7558653502958513E-6     -1.2924368632942286E-6   29095.924446328077
2.629708277685986E-6      -1.3000509647241031E-6   27469.511884745894
2.503551205076121E-6      -1.3076650661539774E-6   25823.410915298708
2.832214129636567E-6      -1.4069503024661652E-6   28781.694001091353
2.7060570570267016E-6     -1.4145644038960394E-6   27196.32205151023
2.5798999844168364E-6     -1.4221785053259141E-6   25619.5765471393
2.7824058363674173E-6     -1.529077843067976E-6    26829.762185947086
2.656248763757552E-6      -1.5366919444978504E-6   25421.467294694245
2.7325975430982677E-6     -1.651205383669787E-6    25080.40387736215
3.1784405519588025E-6     -1.4804554420486966E-6   31302.740398539994
3.116788093012818E-6      -1.4010153868521583E-6   31703.772387819394
3.055135634066834E-6      -1.3215753316556198E-6   32045.05927473255
2.9934831751208503E-6     -1.2421352764590817E-6   32389.67360435846
3.0669797997436684E-6     -1.523142927453969E-6    29741.90826437068
3.0053273407976843E-6     -1.4437028722574308E-6   30042.248448091555
2.9436748818517002E-6     -1.3642628170608925E-6   30387.590491034833
2.955519047528535E-6      -1.5658304128592418E-6   28184.81612045432
2.893866588582551E-6      -1.4863903576627033E-6   28384.511433331372
2.844058295313401E-6      -1.6085178982645143E-6   26631.46396679098
3.1838685774469598E-6     -1.5788088755527616E-6   30189.638600647908
3.0724078252318256E-6     -1.621496360958034E-6    28731.914849308327
2.9609470730166923E-6     -1.6641838463633068E-6   27277.884153507002
2.849486320801559E-6      -1.7068713317685795E-6   25693.224137441626
3.189296602935117E-6      -1.6771623090568264E-6   29139.760183661543
3.0778358507199837E-6     -1.7198497944620993E-6   27680.397853563023
2.96637509850485E-6       -1.7625372798673718E-6   26164.07608361088
3.1947246284232743E-6     -1.7755157425608916E-6   28090.032602501866
3.083263876208141E-6      -1.8182032279661643E-6   26641.823746947506
3.2001526539114324E-6     -1.8738691760649568E-6   27126.467127451477
2.8956516928076795E-6     -2.198811143785422E-6    21927.87015956152
2.9799296405690884E-6     -2.1449559398610875E-6   23129.059322874244
3.0642075883304972E-6     -2.091100735936753E-6    24248.63055716145
3.148485536091906E-6      -2.0372455320124185E-6   25369.62427440114
3.2327634838533145E-6     -1.983390328088084E-6    26492.040474593345
2.8630408628657974E-6     -2.089289991762295E-6    22563.500202366136
2.947318810627206E-6      -2.0354347878379605E-6   23719.265217324202
3.0315967583886147E-6     -1.9815795839136258E-6   24882.28987617387
3.115874706150023E-6      -1.927724379989291E-6    26046.694269643827
2.8304300329239145E-6     -1.9797688397391678E-6   23178.944175030956
2.9147079806853233E-6     -1.925913635814833E-6    24331.150305988347
2.998985928446732E-6      -1.8720584318904988E-6   25492.193185809323
2.7978192029820328E-6     -1.8702476877160412E-6   23795.72842092262
2.882097150743441E-6      -1.8163924837917065E-6   24944.362487426708
2.7652083730401498E-6     -1.760726535692914E-6    24413.852940041143
2.9832743170298035E-6     -2.2529453520113386E-6   22175.605898220958
3.0708969412519266E-6     -2.3070795602372546E-6   22383.530150242703
3.1585195654740505E-6     -2.3612137684631707E-6   22594.85185568386
3.2461421896961736E-6     -2.4153479766890867E-6   22809.571014544475
3.0675522647912115E-6     -2.1990901480870035E-6   23300.648206978934
3.1551748890133354E-6     -2.25322435631292E-6     23455.38625812108
3.2427975132354585E-6     -2.307358564538836E-6    23613.62557774063
3.1518302125526203E-6     -2.1452349441626692E-6   24377.229738205886
3.2394528367747443E-6     -2.1993691523885852E-6   24534.41328987894
3.236108160314029E-6      -2.0913797402383345E-6   25455.27650071752
2.026013845715363E-6      -1.623019452338576E-6    16984.821530329387
2.0909818058512282E-6     -1.5141431994328818E-6   18647.515726214704
2.1559497659870936E-6     -1.4052669465271875E-6   20461.01530882705
2.220917726122959E-6      -1.296390693621493E-6    22272.653785127102
2.2858856862588244E-6     -1.1875144407157987E-6   24082.431155114875
1.958566738076912E-6      -1.5156432557867797E-6   16836.131042949513
2.0235346982127773E-6     -1.4067670028810851E-6   18499.25050341929
2.0885026583486423E-6     -1.297890749975391E-6    20247.087180722152
2.1534706184845077E-6     -1.1890144970696966E-6   21992.842326850412
1.8911196304384605E-6     -1.4082670592349832E-6   16544.183667138026
1.956087590574326E-6      -1.2993908063292888E-6   18276.211646995496
2.0210555507101913E-6     -1.1905145534235944E-6   20022.793440909765
1.8236725228000096E-6     -1.300890862683187E-6    16256.961460988887
1.888640482935875E-6      -1.1920146097774925E-6   18058.021751639135
1.7562254151615584E-6     -1.1935146661313902E-6   15974.46442450209
2.36223446559954E-6       -1.3020278798877352E-6   24056.29407114465
2.2972665054636743E-6     -1.4109041327934296E-6   22180.240988880985
2.2322985453278093E-6     -1.5197803856991238E-6   20302.547225167356
2.167330585191944E-6      -1.6286566386048184E-6   18569.370641642032
2.4385832449402553E-6     -1.4165413190596717E-6   23921.51366286863
2.3736152848043903E-6     -1.5254175719653661E-6   22044.03373997458
2.3086473246685245E-6     -1.6342938248710603E-6   20205.40387578786
2.514932024280971E-6      -1.5310547582316083E-6   23792.352675940594
2.4499640641451056E-6     -1.6399310111373027E-6   21847.96405385758
2.5912808036216866E-6     -1.6455681974035448E-6   23497.051175851244
2.8714231891686382E-6     -2.2907822225163066E-6   21033.608837910753
2.8471946855295965E-6     -2.3827533012471915E-6   20234.985473760207
2.822966181890555E-6      -2.474724379978076E-6    19436.038491072602
2.7987376782515134E-6     -2.5666954587089604E-6   18636.767889847906
2.774509174612472E-6      -2.6586665374398453E-6   17913.200437916614
2.9590458133907617E-6     -2.3449164307422227E-6   21310.84130819021
2.93481730975172E-6       -2.4368875094731075E-6   20495.71157954863
2.9105888061126787E-6     -2.528858588203992E-6    19680.290703480485
2.8863603024736373E-6     -2.620829666934877E-6    18962.89304267201
3.046668437612885E-6      -2.399050638968139E-6    21574.46836896149
3.022439933973844E-6      -2.4910217176990235E-6   20759.40974765893
2.998211430334802E-6      -2.5829927964299084E-6   19975.486593554844
3.1342910618350088E-6     -2.4531848471940555E-6   21841.38906809418
3.110062558195967E-6      -2.54515592592494E-6     20990.93004340732
3.2219136860571323E-6     -2.5073190554199715E-6   22009.22339222944
3.228360002149566E-6      -2.9424858962342413E-6   19251.994829037445
3.2494409645033126E-6     -2.8478851539703937E-6   19920.084006702455
3.270521926857059E-6      -2.753284411706546E-6    20666.240537860187
3.291602889210805E-6      -2.6586836694426984E-6   21412.231020004427
3.312683851564551E-6      -2.5640829271788507E-6   22158.055453135166
3.1375898366421473E-6     -2.885722024475362E-6    19013.44677390746
3.1586707989958936E-6     -2.7911212822115145E-6   19708.18802056614
3.1797517613496394E-6     -2.696520539947667E-6    20441.263963890728
3.2008327237033856E-6     -2.601919797683819E-6    21174.14908332552
3.0468196711347283E-6     -2.828958152716483E-6    18744.425860984287
3.0679006334884745E-6     -2.734357410452635E-6    19489.401820807732
3.0889815958422208E-6     -2.6397566681887876E-6   20222.525588690754
2.9560495056273097E-6     -2.7721942809576037E-6   18478.424396603405
2.977130467981056E-6      -2.677593538693756E-6    19273.741615738414
2.8652793401198907E-6     -2.7154304091987245E-6   18215.442380764875
3.345445294443332E-6      -2.930816289408914E-6    19857.482513029885
3.4625305867370975E-6     -2.9191466825835865E-6   20508.364794501776
3.5796158790308634E-6     -2.9074770757582593E-6   21163.040383394116
3.696701171324629E-6      -2.895807468932932E-6    21821.509279706952
3.366526256797078E-6      -2.8362155471450665E-6   20597.511961407487
3.4836115490908437E-6     -2.824545940319739E-6    21288.84305041362
3.6006968413846093E-6     -2.8128763334944112E-6   21984.061065409634
3.387607219150824E-6      -2.7416148048812184E-6   21356.75449767833
3.50469251144459E-6       -2.7299451980558912E-6   22048.04317940598
3.40868818150457E-6       -2.6470140626173708E-6   22115.855759811962
3.2681673385029663E-6     -3.0391319192953016E-6   18979.484036774385
3.307974674856366E-6      -3.1357779423563624E-6   18690.630044379628
3.3477820112097665E-6     -3.2324239654174222E-6   18402.617169684017
3.3875893475631663E-6     -3.329069988478483E-6    18115.44541268756
3.4273966839165667E-6     -3.4257160115395433E-6   17833.096366490667
3.385252630796732E-6      -3.0274623124699744E-6   19589.43897499815
3.4250599671501317E-6     -3.1241083355310347E-6   19302.879099547426
3.4648673035035316E-6     -3.220754358592095E-6    19017.157248708132
3.5046746398569323E-6     -3.3174003816531558E-6   18734.71059147994
3.5023379230904978E-6     -3.0157927056446472E-6   20201.691403107496
3.542145259443898E-6      -3.112438728705707E-6    19916.992889106936
3.5819525957972976E-6     -3.209084751766768E-6    19634.705198645082
3.619423215384263E-6      -3.004123098819319E-6    20817.643520067853
3.6592305517376632E-6     -3.10076912188038E-6     20535.581951682267
3.7365085076780293E-6     -2.9924534919939924E-6   21437.340850591503
3.847429987544948E-6      -3.4903944500914326E-6   19059.381461740846
3.819699617578218E-6      -3.3659092105670725E-6   19631.517599488754
3.7919692476114886E-6     -3.2414239710427123E-6   20233.005421733556
3.7642388776447587E-6     -3.1169387315183517E-6   20834.961680338547
3.7424216616378527E-6     -3.47422484045346E-6     18749.297869374815
3.714691291671123E-6      -3.3497396009291002E-6   19330.330514780566
3.686960921704393E-6      -3.22525436140474E-6     19933.109807133722
3.6374133357307572E-6     -3.4580552308154877E-6   18442.190190477362
3.6096829657640274E-6     -3.3335699912911276E-6   19032.20723511083
3.5324050098236617E-6     -3.4418856211775155E-6   18138.05842504853
3.906237390997757E-6      -3.603396973154967E-6    18927.395628537575
3.8012290650906613E-6     -3.587227363516994E-6    18594.886394667516
3.696220739183566E-6      -3.5710577538790215E-6   18278.14897658838
3.5912124132764703E-6     -3.5548881442410493E-6   17964.299580407933
3.4862040873693753E-6     -3.5387185346030775E-6   17654.87721670643
3.86003646854347E-6       -3.7002298865805284E-6   18425.12884166694
3.755028142636374E-6      -3.6840602769425557E-6   18101.78604151215
3.650019816729279E-6      -3.667890667304584E-6    17785.999835269387
3.5450114908221834E-6     -3.6517210576666113E-6   17477.01418491459
3.813835546089183E-6      -3.79706280000609E-6     17923.172472640043
3.7088272201820875E-6     -3.7808931903681173E-6   17608.963650411442
3.603818894274992E-6      -3.764723580730145E-6    17300.40759033097
3.767634623634896E-6      -3.8938957134316515E-6   17421.52652145687
3.6626262977278007E-6     -3.87772610379368E-6     17125.05743295558
3.7214337011806093E-6     -3.9907286268572135E-6   16947.743386511156
3.993380683831804E-6      -3.691425214622305E-6    18810.017576564933
3.947179761377517E-6      -3.7882581280478666E-6   18298.628693499828
3.9009788389232304E-6     -3.885091041473428E-6    17787.58268406752
3.8547779164689436E-6     -3.981923954898991E-6    17301.21484610356
4.080523976665852E-6      -3.7794534560896433E-6   18681.956954560043
4.034323054211565E-6      -3.876286369515205E-6    18169.66119717936
3.988122131757278E-6      -3.973119282940767E-6    17659.09057262662
4.167667269499899E-6      -3.8674816975569816E-6   18556.09755641512
4.121466347045612E-6      -3.9643146109825436E-6   18021.26002711839
4.254810562333947E-6      -3.955509939024321E-6    18387.72320957887
4.117705471143371E-6      -4.385222629778444E-6    17140.301154173503
4.185317797763099E-6      -4.275593289100357E-6    17523.838096044186
4.252930124382826E-6      -4.16596394842227E-6     17908.319196238062
4.320542451002554E-6      -4.056334607744184E-6    18293.74445475512
3.984361255855037E-6      -4.3940273017366675E-6   16807.207288676564
4.051973582474764E-6      -4.2843979610585805E-6   17187.871217811175
4.1195859090944915E-6     -4.1747686203804935E-6   17572.000802060204
4.187198235714219E-6      -4.0651392797024064E-6   17957.04607513233
3.91862936718643E-6       -4.293202633016804E-6    16847.105461591476
3.986241693806157E-6      -4.183573292338717E-6    17232.569433174358
4.053854020425885E-6      -4.073943951660631E-6    17615.639436934594
3.852897478517823E-6      -4.19237796429694E-6     16888.185646763202
3.92050980513755E-6       -4.082748623618853E-6    17278.46240855034
3.787165589849216E-6      -4.091553295577077E-6    16930.447844191745
4.451625944148286E-6      -4.539732122781392E-6    17316.943265781178
4.418855070861853E-6      -4.41888274402209E-6     17537.142850833116
4.3860841975754195E-6     -4.298033365262788E-6    17786.058444976756
4.353313324288986E-6      -4.177183986503485E-6    18035.27969015461
4.351242744242125E-6      -4.528512084700177E-6    17175.004206056597
4.318471870955692E-6      -4.407662705940875E-6    17401.12643525203
4.285700997669259E-6      -4.286813327181573E-6    17650.898697967204
4.250859544335965E-6      -4.517292046618962E-6    17035.421926706767
4.2180886710495315E-6     -4.3964426678596595E-6   17267.490333603055
4.150476344429804E-6      -4.5060720085377465E-6   16898.19642773172
4.422848014429009E-6      -4.629541690608871E-6    17246.002407577027
4.322464814522847E-6      -4.618321652527655E-6    17099.637652048947
4.222081614616688E-6      -4.607101614446439E-6    16955.606143338246
4.394070084709731E-6      -4.719351258436347E-6    17146.826543206003
4.29368688480357E-6       -4.708131220355133E-6    17001.102067446373
4.365292154990453E-6      -4.809160826263827E-6    17047.826030725584
-4.42440164514414E-6      -4.7094135865314383E-7   -55986.85944224075
-4.311743283185087E-6     -4.81824036263422E-7     -56660.80369579868
-4.199084921226035E-6     -4.927067138737003E-7    -57345.03890807353
-4.086426559266983E-6     -5.035893914839784E-7    -58039.56507906549
-4.382672659576546E-6     -3.7892962244457067E-7   -58627.82352934407
-4.270014297617494E-6     -3.898123000548489E-7    -59329.51392793465
-4.157355935658442E-6     -4.006949776651271E-7    -60041.918556892146
-4.340943674008953E-6     -2.8691788623599755E-7   -61250.7753014373
-4.228285312049901E-6     -2.9780056384627576E-7   -61955.044280573464
-4.29921468844136E-6      -1.9490615002742444E-7   -63874.16732663383
-3.6521208862025776E-6    -2.1080923367018633E-7   -67543.22583088442
-3.7159569879544706E-6    -3.137036474890377E-7    -64643.03519264798
-3.7797930897063645E-6    -4.16598061307889E-7     -61746.02360462607
-3.843629191458258E-6     -5.194924751267404E-7    -58885.18477033232
-3.585817982104798E-6     -3.1872405352152133E-7   -64907.80769271086
-3.649654083856692E-6     -4.2161846734037266E-7   -62004.04574894256
-3.713490185608585E-6     -5.24512881159224E-7     -59120.09747633126
-3.5195150780070187E-6    -4.266388733728563E-7    -62276.37868387806
-3.5833511797589126E-6    -5.295332871917076E-7    -59368.750780929615
-3.45321217390924E-6      -5.345536932241914E-7    -59631.144684127314
1.0138417032190356E-6     -2.1999857918079737E-7   5852.751053333038
9.489344689347521E-7      -3.3061789497189033E-7   3939.8782659264198
8.840272346504686E-7      -4.4123721076298323E-7   2021.256352252709
8.191200003661852E-7      -5.518565265540762E-7    452.2140801703299
1.0818312041433168E-6     -3.2937784257050174E-7   7135.419449113953
1.0169239698590333E-6     -4.3999715836159475E-7   5222.160454081037
9.520167355747497E-7      -5.506164741526877E-7    3429.953822628393
1.149820705067598E-6      -4.3875710596020616E-7   8425.205051301124
1.0849134707833144E-6     -5.493764217512991E-7    6409.739349607076
1.2178102059918788E-6     -5.481363693499106E-7    9391.5706611064
-2.991440733687194E-6     -2.1909623505399115E-7   -67377.05417155934
-3.057667871093274E-6     -3.2701105490532615E-7   -64733.31037372745
-3.1238950084993543E-6    -4.349258747566611E-7    -62094.495458013465
-3.190122145905435E-6     -5.428406946079962E-7    -59442.693721760494
-2.924716848939142E-6     -3.302776502566473E-7    -64256.832100973865
-2.9909439863452224E-6    -4.381924701079823E-7    -61609.46490413886
-3.0571711237513027E-6    -5.461072899593172E-7    -58976.73751484012
-2.8579929641910897E-6    -4.4145906545930344E-7   -61138.908085004165
-2.92422010159717E-6      -5.493738853106384E-7    -58524.66412852057
-2.791269079443038E-6     -5.526404806619595E-7    -58086.473562801795
-2.335783629825493E-6     -2.2220582829987694E-7   -63202.35964553245
-2.3987834651638503E-6    -3.3338724350253305E-7   -61001.1586719743
-2.4617833005022074E-6    -4.445686587051892E-7    -58805.72009077174
-2.524783135840565E-6     -5.557500739078453E-7    -56545.8670035719
-2.2652485437155094E-6    -3.3323024139709773E-7   -59823.380210448144
-2.328248379053867E-6     -4.4441165659975387E-7   -57618.658980960645
-2.391248214392224E-6     -5.5559307180241E-7      -55419.00908104048
-2.1947134576055264E-6    -4.442546544943185E-7    -56445.06010587061
-2.2577132929438835E-6    -5.554360696969746E-7    -54305.058369002596
-2.124178371495543E-6     -5.552790675915393E-7    -53204.01486745827
3.433194548138282E-7      -2.2186091286818842E-7   -11432.659739412109
2.79858406841722E-7       -3.331025099452839E-7    -12522.015256306946
2.1639735886961575E-7     -4.4434410702237934E-7   -13617.983521675465
1.529363108975095E-7      -5.555857040994747E-7    -14378.423206335347
4.1318014540674977E-7     -3.324802286592814E-7    -9319.421625608347
3.497190974346435E-7      -4.4372182573637684E-7   -10408.082021867382
2.8625804946253726E-7     -5.549634228134723E-7    -11391.023304545675
4.830408359996712E-7      -4.430995444503743E-7    -7199.700246487137
4.1957978802756497E-7     -5.543411415274697E-7    -8405.076401412256
5.529015265925929E-7      -5.537188602414673E-7    -5420.582496935084
-1.6733564634833277E-6    -2.2219645409640224E-7   -55029.67292720065
-1.7345700153228564E-6    -3.3322086719362303E-7   -53497.889980597
-1.7957835671623856E-6    -4.442452802908438E-7    -51972.47841708892
-1.8569971190019147E-6    -5.552696933880646E-7    -50305.16340280781
-1.600923684277569E-6     -3.3336849509558366E-7   -51577.338568328385
-1.6621372361170982E-6    -4.443929081928045E-7    -50042.36072210493
-1.723350787956627E-6     -5.554173212900252E-7    -48488.906906295335
-1.5284909050718104E-6    -4.445405360947651E-7    -48123.64422805335
-1.5897044569113395E-6    -5.55564949191986E-7     -46683.57217744485
-1.4560581258660522E-6    -5.557125770939466E-7    -44889.159216256354
-1.0011745709585947E-6    -2.2254854366155507E-7   -43042.53257005556
-1.0635050426069397E-6    -3.337205846607365E-7    -42345.84608953164
-1.1258355142552845E-6    -4.4489262565991797E-7   -41656.15037172682
-1.1881659859036294E-6    -5.560646666590994E-7    -40741.31407794549
-9.292592336898048E-7     -3.339250463239287E-7    -39792.83079083807
-9.915897053381495E-7     -4.4509708732311014E-7   -39093.60232415231
-1.0539201769864945E-6    -5.562691283222916E-7    -38343.602908735484
-8.573438964210145E-7     -4.4530154898630226E-7   -36539.6886916432
-9.196743680693593E-7     -5.564735899854838E-7    -35954.157165178825
-7.854285591522244E-7     -5.566780516486758E-7    -33572.97684727551
-3.2846552289632935E-7    -2.2261809973946908E-7   -28142.465678969576
-3.9131811050474456E-7    -3.339946024018427E-7    -28340.61366850658
-4.5417069811315983E-7    -4.453711050642163E-7    -28545.812653691326
-5.170232857215752E-7     -5.567476077265898E-7    -28458.050108057374
-2.5715864599123037E-7    -3.3385969681656455E-7   -25346.917403031614
-3.200112335996457E-7     -4.4523619947893817E-7   -25543.3667927495
-3.828638212080609E-7     -5.566127021413118E-7    -25658.540617745497
-1.8585176908613142E-7    -4.4510129389366E-7      -22546.147858774937
-2.4870435669454676E-7    -5.564777965560336E-7    -22864.031158859423
-1.1454489218103252E-7    -5.563428909707555E-7    -20074.52173139911
1.039539187213589E-6      -1.0971786468843074E-6   4064.861918519924
1.10177273801096E-6       -9.871221808971502E-7    5486.623731027735
1.1640062888083309E-6     -8.770657149099932E-7    7137.164479179342
1.2262398396057018E-6     -7.670092489228362E-7    8783.587441583526
1.2884733904030726E-6     -6.56952782935679E-7     10425.89261824029
9.688760028023953E-7      -9.88362233298539E-7     2983.634090039699
1.0311095535997662E-6     -8.783057673113818E-7    4402.531341356604
1.093343104397137E-6      -7.682493013242246E-7    5959.727802390993
1.155576655194508E-6      -6.581928353370675E-7    7512.5618427115405
8.982128183912016E-7      -8.795458197127703E-7    1671.8629847663324
9.604463691885725E-7      -7.694893537256131E-7    3198.211110951066
1.0226799199859435E-6     -6.594328877384562E-7    4755.246191118582
8.275496339800079E-7      -7.707294061270018E-7    365.83609043804245
8.897831847773788E-7      -6.606729401398447E-7    1999.8816131751082
7.568864495688143E-7      -6.619129925412333E-7    -934.4465929451617
1.3560876636676054E-6     -7.648012134618936E-7    11296.774106645567
1.2938541128702344E-6     -8.748576794490505E-7    9560.264238338388
1.2316205620728635E-6     -9.849141454362076E-7    7819.881219250259
1.1693870112754928E-6     -1.0949706114233648E-6   6338.069938206919
1.423701936932138E-6      -8.726496439881079E-7    12019.320508846296
1.361468386134767E-6      -9.827061099752648E-7    10282.278125071944
1.2992348353373963E-6     -1.092762575962422E-6    8636.549922339784
1.4913162101966708E-6     -9.804980745143222E-7    12747.595875128827
1.4290826593993001E-6     -1.0905545405014793E-6   10937.834066204125
1.5589304834612037E-6     -1.0883465050405367E-6   13241.922369799933
1.3875272180911288E-6     -1.6248893396955458E-6   8139.535343131785
1.4477774359775246E-6     -1.5171391656723554E-6   9463.693461197621
1.5080276538639203E-6     -1.4093889916491652E-6   10932.24262163576
1.568277871750316E-6      -1.3016388176259748E-6   12398.112126004671
1.6285280896367116E-6     -1.1938886436027843E-6   13861.301974304348
1.3179296119156209E-6     -1.5193472011332982E-6   7506.58386538965
1.3781798298020165E-6     -1.4115970271101078E-6   8809.821430580298
1.4384300476884122E-6     -1.3038468530869174E-6   10210.164036858903
1.4986802655748078E-6     -1.196096679063727E-6    11607.638404701032
1.2483320057401127E-6     -1.4138050625710504E-6   6685.8191694224015
1.3085822236265084E-6     -1.30605488854786E-6     8068.632201453678
1.3688324415129043E-6     -1.1983047145246695E-6   9468.573798205543
1.1787343995646048E-6     -1.3082629240088028E-6   5869.631652116071
1.2389846174510005E-6     -1.2005127499856124E-6   7332.196666937802
1.109136793389097E-6      -1.202720785446555E-6    5058.0213134706655
1.6959751972751625E-6     -1.3012648401545806E-6   14320.859226321076
1.6357249793887669E-6     -1.409015014177771E-6    12788.825788974582
1.5754747615023712E-6     -1.5167651882009615E-6   11254.301277926135
1.5152245436159756E-6     -1.624515362224152E-6    9896.540891059834
1.7634223049136137E-6     -1.4086410367063771E-6   14673.106368714893
1.703172087027218E-6      -1.5163912107295676E-6   13140.412051688912
1.6429218691408224E-6     -1.624141384752758E-6    11671.113529138058
1.8308694125520649E-6     -1.5160172332581734E-6   15029.95488936592
1.7706191946656692E-6     -1.6237674072813639E-6   13448.991590373396
1.8983165201905162E-6     -1.6233934298099702E-6   15230.175074765846
2.0811553910504067E-6     -1.7463755179722987E-6   16938.470231708285
2.13629693638545E-6       -1.8697315836060211E-6   16772.461379773304
2.191438481720494E-6      -1.9930876492397434E-6   16609.61901557773
2.2465800270555377E-6     -2.116443714873466E-6    16449.943139121584
2.301721572390581E-6      -2.2397997805071887E-6   16250.286609976292
2.2224721305269873E-6     -1.7520127042385406E-6   18522.798241252538
2.277613675862031E-6      -1.8753687698722633E-6   18333.270229902155
2.332755221197075E-6      -1.9987248355059857E-6   18146.94446922916
2.3878967665321188E-6     -2.1220809011397084E-6   17888.353439450428
2.3637888700035683E-6     -1.7576498905047828E-6   20058.48152028755
2.418930415338612E-6      -1.8810059561385054E-6   19874.27067530734
2.474071960673656E-6      -2.004362021772228E-6    19657.73962915499
2.5051056094801494E-6     -1.7632870767710251E-6   21600.386266011563
2.560247154815193E-6      -1.8866431424047478E-6   21426.13502734272
2.6464223489567304E-6     -1.7689242630372673E-6   23193.539634013614
2.77686566872426E-6       -2.2070088711297755E-6   20747.694166565074
2.7442548387823772E-6     -2.0974877191066485E-6   21374.455645520673
2.7116440088404947E-6     -1.9879665670835215E-6   21994.47257320184
2.6790331788986126E-6     -1.8784454150603943E-6   22615.842954562486
2.65807964464084E-6       -2.215206598474129E-6    19623.075136583306
2.6254688146989575E-6     -2.1056854464510014E-6   20183.398458153395
2.5928579847570753E-6     -1.996164294427875E-6    20806.411235878924
2.5392936205574207E-6     -2.223404325818482E-6    18502.19895025174
2.5066827906155377E-6     -2.1138831737953547E-6   18996.208549535568
2.420507596474001E-6      -2.2316020531628354E-6   17385.065607570432
2.752637165085218E-6      -2.29897994986066E-6     19957.40247078389
2.6338511410017983E-6     -2.3071776772050132E-6   18901.71356007761
2.515065116918379E-6      -2.3153754045493665E-6   17849.643057922272
2.3962790928349596E-6     -2.32357313189372E-6     16672.611945799727
2.7284086614461767E-6     -2.3909510285915444E-6   19174.85269030903
2.6096226373627573E-6     -2.399148755935898E-6    18118.65989144836
2.4908366132793376E-6     -2.407346483280251E-6    16997.291912648736
2.7041801578071354E-6     -2.4829221073224293E-6   18391.946820186582
2.5853941337237156E-6     -2.4911198346667826E-6   17326.114330583427
2.679951654168094E-6      -2.574893186053314E-6    17659.079199603788
1.6958270332667297E-6     -2.057005613595054E-6    10546.566937513946
1.7618643957564565E-6     -1.9702083813437586E-6   11793.547989569208
1.8279017582461828E-6     -1.883411149092463E-6    13067.595378446382
1.8939391207359097E-6     -1.7966139168411672E-6   14340.319285001362
1.9599764832256362E-6     -1.7098166845898717E-6   15611.719709234134
1.6341670702316094E-6     -1.9705823588151523E-6   10169.831412599284
1.700204432721336E-6      -1.8837851265638568E-6   11372.609855806266
1.7662417952110626E-6     -1.7969878943125611E-6   12606.193816762665
1.8322791577007892E-6     -1.7101906620612654E-6   13838.305651913073
1.5725071071964892E-6     -1.8841591040352507E-6   9684.108978960823
1.6385444696862158E-6     -1.797361871783955E-6    10937.429149077972
1.7045818321759426E-6     -1.7105646395326596E-6   12170.142381485151
1.510847144161369E-6      -1.7977358492553492E-6   9201.191926528167
1.5768845066510956E-6     -1.7109386170040535E-6   10505.157893457188
1.449187181126249E-6      -1.7113125944754474E-6   8721.08025530136
1.8170059410915E-6        -2.0935644469774813E-6   11631.234604034204
1.9381848489162703E-6     -2.130123280359908E-6    12796.835907802055
2.0593637567410407E-6     -2.1666821137423348E-6   13966.90696705444
2.1805426645658107E-6     -2.203240947124762E-6    15141.447781791401
1.8830433035812265E-6     -2.0067672147261853E-6   12945.580276645815
2.004222211405997E-6      -2.043326048108612E-6    14119.488824523938
2.1254011192307673E-6     -2.0798848814910393E-6   15298.121609130685
1.949080666070953E-6      -1.91996998247489E-6     14259.429701438963
2.0702595738957235E-6     -1.9565288158573166E-6   15433.547585861485
2.0151180285606796E-6     -1.833172750223594E-6    15572.104287393691
2.3131430738302005E-6     -2.8449344668698867E-6   13346.688301220483
2.405416293986655E-6      -2.8076808809838787E-6   14311.365593761875
2.4976895141431093E-6     -2.7704272950978698E-6   15218.425193382898
2.5899627342995637E-6     -2.733173709211862E-6    16126.708765995436
2.6822359544560177E-6     -2.6959201233258533E-6   17036.21631159949
2.310858773542277E-6      -2.7239075295973475E-6   13865.254804131862
2.403131993698731E-6      -2.6866539437113386E-6   14824.552473686172
2.4954052138551852E-6     -2.64940035782533E-6     15784.994945282495
2.5876784340116396E-6     -2.612146771939322E-6    16746.635300317444
2.308574473254353E-6      -2.6028805923248075E-6   14440.65846027841
2.400847693410807E-6      -2.565627006438799E-6    15397.645290640177
2.493120913567261E-6      -2.5283734205527906E-6   16356.712967598443
2.3062901729664288E-6     -2.481853655052268E-6    15016.131388858696
2.398563393122883E-6      -2.4446000691662594E-6   15970.805441838631
2.304005872678505E-6      -2.3608267177797283E-6   15591.673589872718
2.7722496523902836E-6     -2.785788301071753E-6    17168.354222884278
2.679976432233829E-6      -2.8230418869577613E-6   16310.074965859396
2.5877032120773748E-6     -2.8602954728437694E-6   15454.280423042055
2.4954299919209204E-6     -2.8975490587297774E-6   14599.735942769097
2.403156771764467E-6      -2.9348026446157863E-6   13712.642792765018
2.7699901301680955E-6     -2.9129100647036605E-6   16546.39584656011
2.677716910011641E-6      -2.9501636505896686E-6   15688.24039239653
2.5854436898551867E-6     -2.987417236475677E-6    14831.453364858313
2.4931704696987323E-6     -3.024670822361685E-6    13989.327898259795
2.7677306079459066E-6     -3.040031828335568E-6    15924.390274308715
2.6754573877894522E-6     -3.077285414221576E-6    15066.356462814723
2.5831841676329983E-6     -3.1145390001075846E-6   14269.088205799408
2.7654710857237186E-6     -3.1671535919674758E-6   15302.337506130096
2.673197865567264E-6      -3.2044071778534842E-6   14551.923715383875
2.76321156350153E-6       -3.2942753555993834E-6   14778.075599870528
3.135330314419959E-6      -3.0128437881072697E-6   18409.550919732086
3.0445601489125403E-6     -2.9560799163483905E-6   18112.33988183196
2.953789983405121E-6      -2.8993160445895113E-6   17795.17664367493
2.863019817897702E-6      -2.842552172830632E-6    17480.926307913407
3.0423006266903518E-6     -3.083201679980298E-6    17499.14677644836
2.9515304611829327E-6     -3.026437808221419E-6    17173.838657814675
2.860760295675514E-6      -2.9696739364625397E-6   16858.719983030118
2.9492709389607447E-6     -3.1535595718533266E-6   16589.94046758514
2.8585007734533252E-6     -3.0967957000944474E-6   16236.468622411288
2.856241251231137E-6      -3.223917463726355E-6    15681.931993142427
3.175137650773359E-6      -3.10948981116833E-6     18095.297863618547
3.0821079630437517E-6     -3.1798477030413585E-6   17213.778369655254
2.989078275314144E-6      -3.250205594914387E-6    16333.523355919046
2.8960485875845375E-6     -3.3205634867874153E-6   15426.30948344959
3.2149449871267586E-6     -3.2061358342293904E-6   17804.754120944308
3.121915299397152E-6      -3.276493726102419E-6    16921.977632195398
3.0288856116675445E-6     -3.3468516179754476E-6   16020.434383181448
3.254752323480159E-6      -3.3027818572904507E-6   17515.05458905692
3.161722635750552E-6      -3.373139749163479E-6    16619.04014978026
3.2945596598335593E-6     -3.3994278803515114E-6   17222.12678324601
3.3589473590527055E-6     -3.5277936629735174E-6   17159.384926387032
3.2261103349696976E-6     -3.501505531785485E-6    16548.826118400077
3.09327331088669E-6       -3.475217400597453E-6    15939.340128577935
2.960436286803683E-6      -3.4489292694094213E-6   15334.193191904478
2.827599262720676E-6      -3.4226411382213894E-6   14722.749146042579
3.2904980341888434E-6     -3.629871314407491E-6    16485.974826245103
3.157661010105836E-6      -3.603583183219459E-6    15880.001082757859
3.024823986022829E-6      -3.5772950520314273E-6   15272.024207611063
2.8919869619398216E-6     -3.5510069208433954E-6   14664.024521065796
3.222048709324982E-6      -3.731948965841465E-6    15813.041452567735
3.0892116852419744E-6     -3.705660834653433E-6    15211.579191608947
2.9563746611589674E-6     -3.679372703465401E-6    14606.99433964111
3.1535993844611206E-6     -3.834026617275439E-6    15140.584805354934
3.0207623603781136E-6     -3.8077384860874075E-6   14551.65860176852
3.085150059597259E-6      -3.936104268709413E-6    14479.09313225702
3.417754762505513E-6      -3.640796186037051E-6    16978.416399141995
3.3493054376416516E-6     -3.7428738374710253E-6   16300.966879433154
3.2808561127777904E-6     -3.844951488904999E-6    15624.067668160114
3.212406787913929E-6      -3.947029140338974E-6    14967.073531902686
3.476562165958322E-6      -3.753798709100585E-6    16801.96342101666
3.4081128410944606E-6     -3.8558763605345595E-6   16123.550431565258
3.339663516230599E-6      -3.957954011968533E-6    15457.113843160121
3.5353695694111304E-6     -3.866801232164119E-6    16626.759757027132
3.4669202445472692E-6     -3.968878883598093E-6    15950.806211185314
3.594176972863939E-6      -3.979803755227654E-6    16448.15063597826
3.6626800618928935E-6     -4.088728055076425E-6    16526.135281463205
3.5354233335762233E-6     -4.0778031834468645E-6   16030.421456933125
3.408166605259553E-6      -4.066878311817304E-6    15542.513494758223
3.280909876942883E-6      -4.055953440187744E-6    15058.183084062075
3.1536531486262134E-6     -4.045028568558185E-6    14567.245216512929
3.6039264226051778E-6     -4.1867274832956365E-6   16108.168875502193
3.4766696942885075E-6     -4.175802611666076E-6    15617.839132878578
3.3494129659718373E-6     -4.164877740036516E-6    15131.289948774402
3.2221562376551675E-6     -4.153952868406956E-6    14644.208561609052
3.545172783317462E-6      -4.2847269115148475E-6   15690.734381312835
3.417916055000792E-6      -4.2738020398852874E-6   15205.748892619433
3.290659326684122E-6      -4.262877168255727E-6    14722.493559597178
3.4864191440297463E-6     -4.3827263397340594E-6   15273.83179889513
3.359162415713076E-6      -4.371801468104499E-6    14802.100210477305
3.7284119505615004E-6     -4.189552723796288E-6    16491.974859494814
3.669658311273784E-6      -4.287552152015499E-6    16069.140760333608
3.6109046719860685E-6     -4.385551580234711E-6    15646.878400920292
3.552151032698353E-6      -4.483551008453923E-6    15240.870130965646
3.7941438392301068E-6     -4.290377392516152E-6    16454.755391150844
3.7353901999423915E-6     -4.388376820735364E-6    16031.078902625173
3.6766365606546757E-6     -4.486376248954575E-6    15614.43564476112
3.859875727898714E-6      -4.391202061236015E-6    16418.7051873077
3.8011220886109983E-6     -4.489201489455227E-6    15991.398203947716
3.925607616567321E-6      -4.4920267299558795E-6   16371.75780852542
3.87622423647948E-6       -4.593056335864572E-6    16156.74581290827
3.751738708523157E-6      -4.5902310953639204E-6   15786.91701319475
3.6272531805668344E-6     -4.587405854863268E-6    15420.456521285785
3.826840856391639E-6      -4.694085941773266E-6    15954.263893580255
3.7023553284353166E-6     -4.691260701272613E-6    15585.687564760794
3.777457476303798E-6      -4.79511554768196E-6     15752.245611101396
-4.5065076927610035E-6    -5.834574082824547E-7    -53305.625178998554
-4.599095691340364E-6     -6.343028149310234E-7    -51420.211513059345
-4.691683689919726E-6     -6.851482215795922E-7    -49526.65987372052
-4.784271688499088E-6     -7.359936282281609E-7    -47637.529624103656
-4.475955378418814E-6     -7.068561355220437E-7    -51248.546792444824
-4.568543376998175E-6     -7.577015421706125E-7    -49337.63515648845
-4.661131375577537E-6     -8.085469488191813E-7    -47440.77420477643
-4.445403064076626E-6     -8.302548627616328E-7    -49193.09086349574
-4.537991062655987E-6     -8.811002694102016E-7    -47256.761387790175
-4.414850749734437E-6     -9.536535900012219E-7    -47139.25739215131
-4.393849330801951E-6     -5.943400858927329E-7    -53936.15643131034
-4.363297016459761E-6     -7.17738813132322E-7     -51905.44831583007
-4.332744702117573E-6     -8.411375403719111E-7    -49876.28252768646
-4.302192387775385E-6     -9.645362676115002E-7    -47870.871374049864
-4.281190968842899E-6     -6.052227635030111E-7    -54589.11473381071
-4.25063865450071E-6      -7.286214907426002E-7    -52562.588231759946
-4.220086340158521E-6     -8.520202179821893E-7    -50561.24152134941
-4.168532606883847E-6     -6.161054411132892E-7    -55251.940723378044
-4.137980292541657E-6     -7.395041683528783E-7    -53254.84526192222
-4.0558742449247945E-6    -6.269881187235675E-7    -55951.68259576832
-3.907684276882791E-6     -6.30826776890655E-7     -56622.343853118626
-3.989790324499655E-6     -7.433428265199658E-7    -53910.396012835336
-4.071896372116519E-6     -8.558588761492767E-7    -51207.96627380482
-4.154002419733381E-6     -9.683749257785875E-7    -48508.95693377615
-4.236108467350245E-6     -1.0808909754078985E-6   -45958.338267050116
-3.841600356457652E-6     -7.471814846870532E-7    -54551.657546877104
-3.923706404074515E-6     -8.596975343163641E-7    -51845.95219486222
-4.005812451691379E-6     -9.72213583945675E-7     -49139.728819237724
-4.087918499308243E-6     -1.0847296335749859E-6   -46528.72731553887
-3.775516436032513E-6     -8.635361924834514E-7    -52484.73235625561
-3.857622483649376E-6     -9.760522421127624E-7    -49785.3993376048
-3.939728531266239E-6     -1.0885682917420732E-6   -47113.45309444182
-3.7094325156073733E-6    -9.7989090027985E-7      -50421.56828125416
-3.791538563224237E-6     -1.0924069499091607E-6   -47712.5156037589
-3.643348595182234E-6     -1.096245608076248E-6    -48314.19440115074
-3.3871282534841005E-6    -6.509084010205896E-7    -57562.87822959278
-3.517267259333773E-6     -6.45887994988106E-7     -57304.860809862046
-3.647406265183446E-6     -6.408675889556222E-7    -57066.217318451505
-3.7775452710331184E-6    -6.358471829231386E-7    -56840.744233620644
-3.451183338908634E-6     -7.622427027845042E-7    -55245.85161043813
-3.5813223447583063E-6    -7.572222967520205E-7    -54999.3338101536
-3.7114613506079792E-6    -7.52201890719537E-7     -54766.94126391977
-3.515238424333167E-6     -8.735770045484188E-7    -52931.910061111084
-3.64537743018284E-6      -8.685565985159351E-7    -52696.76956474317
-3.5792935097577004E-6    -9.849113063123335E-7    -50621.053581611675
-3.5092947260663906E-6    -1.1005690292476808E-6   -48180.35925574576
-3.3752408569505466E-6    -1.1048924504191133E-6   -48069.31141142799
-3.2411869878347026E-6    -1.1092158715905458E-6   -47969.92462123207
-3.1071331187188586E-6    -1.1135392927619786E-6   -47882.19888515804
-2.973079249603015E-6     -1.1178627139334111E-6   -47815.71340773578
-3.445239640641857E-6     -9.89234727483766E-7     -50492.632818374885
-3.311185771526013E-6     -9.935581486551985E-7    -50385.56242995337
-3.177131902410169E-6     -9.978815698266313E-7    -50290.66686186785
-3.0430780332943257E-6    -1.002204990998064E-6    -50219.05690053254
-3.381184555217323E-6     -8.779004257198513E-7    -52814.75828664216
-3.24713068610148E-6      -8.822238468912841E-7    -52713.95284377814
-3.113076816985636E-6     -8.865472680627167E-7    -52631.65714758158
-3.31712946979279E-6      -7.665661239559367E-7    -55140.09114026658
-3.1830756006769463E-6    -7.708895451273694E-7    -55046.92807438625
-3.2530743843682565E-6    -6.552318221920223E-7    -57464.869680946525
-2.7212702957517274E-6    -6.682982035973068E-7    -55729.69351225115
-2.8542213179058592E-6    -6.650316082459857E-7    -56163.70782877488
-2.987172340059992E-6     -6.617650128946645E-7    -56582.88264026992
-3.120123362214124E-6     -6.584984175433434E-7    -57015.349358226544
-2.7842225342145494E-6    -7.80689331181333E-7     -53753.28745408809
-2.9171735563686813E-6    -7.774227358300118E-7    -54181.805885214344
-3.050124578522814E-6     -7.741561404786906E-7    -54608.409742282594
-2.8471747726773714E-6    -8.93080458765359E-7     -51781.00381026635
-2.9801257948315033E-6    -8.898138634140378E-7    -52203.959171271614
-2.910127011140193E-6     -1.005471586349385E-6    -49812.842580785975
3.814167709768727E-7      -1.108689079703713E-6    -7860.977973408597
4.423780698130223E-7      -9.975705795540634E-7    -7029.003074479417
5.033393686491719E-7      -8.864520794044137E-7    -5955.9755429767265
5.643006674853213E-7      -7.753335792547641E-7    -4887.839967046917
6.25261966321471E-7       -6.642150791051143E-7    -3824.596346690001
3.090563312479945E-7      -9.98192860840066E-7     -9535.171770283561
3.7001763008414405E-7     -8.870743606904161E-7    -8695.97664925026
4.309789289202936E-7      -7.759558605407665E-7    -7714.765058764773
4.919402277564432E-7      -6.648373603911168E-7    -6738.662639621911
2.366958915191163E-7      -8.876966419764187E-7    -11428.863035873357
2.9765719035526585E-7     -7.76578141826769E-7     -10481.390525843519
3.5861848919141546E-7     -6.654596416771194E-7    -9499.384317607517
1.643354517902381E-7      -7.772004231127716E-7    -13317.534202239189
2.2529675062638767E-7     -6.660819229631219E-7    -12261.492268477756
9.197501206135989E-8      -6.667042042491244E-7    -15201.185269381072
6.959251507326646E-7      -7.730314926908829E-7    -2266.637242204024
6.34963851896515E-7       -8.841499928405325E-7    -3422.5879294396746
5.740025530603655E-7      -9.952684929901822E-7    -4583.2133564784235
5.130412542242159E-7      -1.106386993139832E-6    -5480.204583271486
7.665883351438583E-7      -8.818479062766514E-7    -857.9113362885291
7.056270363077087E-7      -9.92966406426301E-7     -2013.524100095663
6.446657374715592E-7      -1.1040849065759507E-6   -3082.471539441138
8.37251519555052E-7       -9.906643198624199E-7    556.3122588874867
7.762902207189025E-7      -1.1017828200120695E-6   -684.5876934616426
9.079147039662457E-7      -1.0994807334481885E-6   1713.446954667048
-2.300851702882578E-6     -1.1090200420996915E-6   -44813.64065976178
-2.238810052315503E-6     -9.98240446776974E-7     -46359.25365488524
-2.1767684017484274E-6    -8.874608514542565E-7    -47817.966389686015
-2.1147267511813527E-6    -7.76681256131539E-7     -49281.568376851195
-2.052685100614277E-6     -6.659016608088214E-7    -50750.05961638076
-2.372344973763844E-6     -9.983974488824094E-7    -47331.739063536064
-2.3103033231967683E-6    -8.876178535596918E-7    -48857.703722870894
-2.248261672629693E-6     -7.768382582369742E-7    -50347.12627583081
-2.1862200220626177E-6    -6.660586629142567E-7    -51841.43516924605
-2.4438382446451092E-6    -8.877748556651272E-7    -49898.81764266957
-2.3817965940780337E-6    -7.769952603424096E-7    -51396.05002006224
-2.3197549435109586E-6    -6.662156650196921E-7    -52882.23089857918
-2.5153315155263746E-6    -7.771522624478451E-7    -52467.10792558056
-2.453289864959299E-6     -6.663726671251275E-7    -53935.37881417827
-2.58682478640764E-6      -6.665296692305628E-7    -55036.60991226901
-2.649777024870462E-6     -7.78920796814589E-7     -53101.65678596963
-2.712729263333284E-6     -8.913119243986151E-7    -51135.162262509475
-2.775681501796105E-6     -1.0037030519826412E-6   -49172.857338114176
-2.838633740258928E-6     -1.1160941795666673E-6   -47197.81364632872
-2.578283753989196E-6     -8.895433900318711E-7    -50503.192381808665
-2.641235992452018E-6     -1.0019345176158972E-6   -48533.68446208073
-2.7041882309148402E-6    -1.1143256451999233E-6   -46582.78283006685
-2.506790483107931E-6     -1.0001659832491532E-6   -47906.16888827793
-2.569742721570753E-6     -1.1125571108331793E-6   -45978.946792930285
-2.435297212226666E-6     -1.1107885764664355E-6   -45386.305534919025
-1.6282342516686236E-6    -1.1071045713670102E-6   -38745.517198891146
-1.567069760299052E-6     -9.968556980927897E-7    -39765.00062823249
-1.50590526892948E-6      -8.86606824818569E-7     -40639.562250034636
-1.4447407775599082E-6    -7.763579515443484E-7    -41519.458390602296
-1.3835762861903363E-6    -6.661090782701278E-7    -42404.68904993546
-1.7007160913443393E-6    -9.96708070190829E-7     -41312.707879006455
-1.6395515999747674E-6    -8.864591969166083E-7    -42313.07159919339
-1.5783871086051955E-6    -7.762103236423876E-7    -43239.89303533953
-1.5172226172356236E-6    -6.659614503681671E-7    -44172.11201098744
-1.773197931020055E-6     -8.863115690146478E-7    -43983.556681899325
-1.7120334396504831E-6    -7.76062695740427E-7     -44928.41020674011
-1.6508689482809114E-6    -6.658138224662065E-7    -45852.342769958996
-1.8456797706957707E-6    -7.759150678384665E-7    -46653.948741384025
-1.7845152793261988E-6    -6.656661945642457E-7    -47543.015863322056
-1.9181616103714866E-6    -6.655185666622851E-7    -49323.88405746056
-1.9802032609385617E-6    -7.762981619850027E-7    -47961.41865292982
-2.042244911505637E-6     -8.870777573077202E-7    -46524.092646288605
-2.104286562072712E-6     -9.978573526304376E-7    -45091.65880392079
-2.1663282126397875E-6    -1.1086369479531553E-6   -43578.51234074589
-1.907721421262846E-6     -8.866946631611839E-7    -45235.529163425505
-1.969763071829921E-6     -9.974742584839014E-7    -43795.42272088859
-2.0318047223969965E-6    -1.108253853806619E-6    -42351.21532359718
-1.8352395815871301E-6    -9.970911643373653E-7    -42509.459138069615
-1.8972812321542054E-6    -1.1078707596600828E-6   -41133.78033545929
-1.7627577419114147E-6    -1.1074876655135466E-6   -39926.20737633225
-2.853031534721154E-7     -1.111993542003926E-6    -19521.346665699744
-2.24319608311196E-7      -1.0008364306802363E-6   -19313.081912887035
-1.6333606315027655E-7    -8.896793193565465E-7    -18876.686284017273
-1.0235251798935714E-7    -7.785222080328568E-7    -18445.687104740784
-4.13689728284377E-8      -6.67365096709167E-7     -18020.084375057562
-3.5847907282471023E-7    -1.0009713362655144E-6   -21666.62717709315
-2.974955276637908E-7     -8.898142249418247E-7    -21446.10466444925
-2.3651198250287132E-7    -7.786571136181348E-7    -21094.78968663865
-1.7552843734195192E-7    -6.675000022944451E-7    -20749.050270688454
-4.31654992177305E-7      -8.899491305271029E-7    -24006.78723560681
-3.7067144701638557E-7    -7.787920192034131E-7    -23687.50245617769
-3.0968790185546614E-7    -6.676349078797233E-7    -23334.545281681214
-5.048309115298997E-7     -7.789269247886912E-7    -26343.17352238098
-4.438473663689803E-7     -6.677698134650015E-7    -25924.81342855823
-5.780068308824946E-7     -6.679047190502796E-7    -28675.786037415673
3.099146690044048E-8      -7.778613155728142E-7    -15883.747524121583
-2.999207826047895E-8     -8.890184268965039E-7    -16395.32833903978
-9.097562342139838E-8     -1.0001755382201936E-6   -16912.12649128408
-1.519591685823178E-7     -1.1113326495438835E-6   -17184.748671021982
1.0335190662931868E-7     -8.883575344364613E-7    -13890.926629219188
4.236836146839925E-8      -9.99514645760151E-7     -14401.404457093013
-1.8615183692520175E-8    -1.1106717570838408E-6   -14838.570181864172
1.7571234635819686E-7     -9.988537533001084E-7    -11893.377669827905
1.1472880119727744E-7     -1.1100108646237982E-6   -12494.965029308936
2.4807278608707506E-7     -1.1093499721637557E-6   -10153.93321335622
-9.56253906730489E-7      -1.1101143885139E-6      -30083.23523747944
-8.952396754314092E-7     -9.994680134734936E-7    -30507.532509464574
-8.342254441323292E-7     -8.888216384330872E-7    -30737.5714528639
-7.732112128332493E-7     -7.781752633926808E-7    -30973.146558133823
-7.121969815341694E-7     -6.675288883522744E-7    -31214.25782527436
-1.0294854843485442E-6    -9.992635518103015E-7    -32533.303194272678
-9.684712530494641E-7     -8.88617176769895E-7     -32941.631238883776
-9.074570217503842E-7     -7.779708017294886E-7    -33243.04149336429
-8.464427904513043E-7     -6.673244266890822E-7    -33550.11355442969
-1.1027170619665993E-6    -8.884127151067029E-7    -35138.58672959017
-1.0417028306675191E-6    -7.777663400662964E-7    -35466.63638438087
-9.806885993684395E-7     -6.6711996502589E-7      -35765.685334679016
-1.1759486395846543E-6    -7.775618784031044E-7    -37741.689263945336
-1.1149344082855744E-6    -6.66915503362698E-7     -37989.153551169555
-1.2491802172027093E-6    -6.667110416995058E-7    -40342.610797338195
-1.3103447085722812E-6    -7.769599149737264E-7    -39627.102819646054
-1.3715091999418531E-6    -8.872087882479469E-7    -38794.773746546256
-1.432673691311425E-6     -9.974576615221677E-7    -37967.71617147564
-1.493838182680997E-6     -1.1077065347963882E-6   -36993.631021032925
-1.2371131309542262E-6    -8.87810751677325E-7     -36945.27710261248
-1.298277622323798E-6     -9.980596249515455E-7    -36110.57488700221
-1.3594421136933698E-6    -1.1083084982257662E-6   -35246.879019299144
-1.163881553336171E-6     -9.986615883809235E-7    -34261.57736236272
-1.2250460447057428E-6    -1.108910461655144E-6    -33507.93613075417
-1.0906499757181161E-6    -1.109512425084522E-6    -31776.802355398024
-6.390210621815744E-7     -7.785510940906861E-7    -28657.377777923604
-7.000352934806543E-7     -8.891974691310925E-7    -28488.448709491655
-7.610495247797342E-7     -9.998438441714987E-7    -28324.930158215975
-8.220637560788144E-7     -1.1104902192119052E-6   -27958.18760492892
-5.658451428289796E-7     -8.895732998290976E-7    -26225.217391589118
-6.268593741280596E-7     -1.000219674869504E-6    -26054.48661717356
-6.878736054271395E-7     -1.1108660499099103E-6   -25831.060581799884
-4.926692234763849E-7     -1.0005955055675092E-6   -23789.59628112358
-5.536834547754649E-7     -1.1112418806079157E-6   -23709.250723551864
-4.194933041237902E-7     -1.1116177113059208E-6   -21592.758030184872
9.815750854383838E-7      -1.2097603598042249E-6   2798.65844911689
8.499506021910405E-7      -1.2120624463681058E-6   462.8028200638619
7.18326118943697E-7       -1.214364532931987E-6    -1762.3052439179628
5.867016356963539E-7      -1.2166666194958682E-6   -3987.2588062018403
4.5507715244901064E-7     -1.2189687060597494E-6   -6353.114800224839
9.236109836631784E-7      -1.3223420727241422E-6   1742.8626606024118
7.91986500415835E-7       -1.3246441592880232E-6   -528.8384181501497
6.603620171684918E-7      -1.3269462458519045E-6   -2757.9813746716172
5.287375339211485E-7      -1.3292483324157855E-6   -5041.281195244041
8.656468818879731E-7      -1.4349237856440595E-6   683.6548699527325
7.340223986406297E-7      -1.4372258722079407E-6   -1524.0633486319985
6.023979153932865E-7      -1.4395279587718219E-6   -3725.035809722408
8.076827801127677E-7      -1.547505498563977E-6    -378.96492283218913
6.760582968654245E-7      -1.5498075851278582E-6   -2404.378643659947
7.497186783375624E-7      -1.6600872114838945E-6   -1252.1453203434087
1.0511726916138917E-6     -1.3153024983664725E-6   3796.9034834474187
9.932085898386863E-7      -1.4278842112863898E-6   2673.031038848716
9.35244488063481E-7       -1.5404659242063071E-6   1545.9182822474377
8.772803862882758E-7      -1.6530476371262248E-6   622.8414061324747
1.1207702977893996E-6     -1.4208446369287201E-6   4688.956117115757
1.0628061960141944E-6     -1.5334263498486376E-6   3565.1964592729382
1.004842094238989E-6      -1.646008062768555E-6    2511.350167416588
1.1903679039649075E-6     -1.5263867754909677E-6   5585.409413495163
1.1324038021897023E-6     -1.6389684884108855E-6   4400.774090060001
1.2599655101404157E-6     -1.6319289140532155E-6   6291.113174062738
1.3354920243232392E-6     -1.7449019631407807E-6   6998.29967562487
1.207930316372526E-6      -1.7519415374984504E-6   5175.29917751112
1.0803686084218126E-6     -1.7589811118561201E-6   3416.307605540929
9.528069004710992E-7      -1.7660206862137898E-6   1658.2115790926473
8.252451925203861E-7      -1.7730602605714597E-6   -206.8971922824653
1.2834568305553495E-6     -1.8649145865860156E-6   6032.863356507885
1.1558951226046362E-6     -1.8719541609436853E-6   4252.190386005623
1.0283334146539228E-6     -1.878993735301355E-6    2490.3845798932944
9.007717067032097E-7      -1.8860333096590247E-6   690.9440144511987
1.23142163678746E-6       -1.9849272100312505E-6   5065.097655887924
1.1038599288367466E-6     -1.99196678438892E-6     3326.636601023328
9.762982208860335E-7      -1.99900635874659E-6     1592.6770998690108
1.1793864430195702E-6     -2.104939833476485E-6    4095.0025737649644
1.051824735068857E-6      -2.1119794078341553E-6   2498.3020639709653
1.1273512492516807E-6     -2.2249524569217203E-6   3278.3190247297093
1.58213187646372E-6       -2.0905949822603874E-6   9139.666180090097
1.5204719134285997E-6     -2.0041717274804856E-6   8657.125241935892
1.4588119503934793E-6     -1.917748472700584E-6    8122.519868735326
1.3971519873583593E-6     -1.8313252179206823E-6   7590.615806838858
1.46843671966071E-6       -2.1241843509257207E-6   7670.618508232353
1.4067767566255897E-6     -2.037761096145819E-6    7112.285378678387
1.3451167935904697E-6     -1.951337841365917E-6    6580.209521375098
1.3547415628577002E-6     -2.1577737195910536E-6   6201.784673295506
1.29308159982258E-6       -2.071350464811152E-6    5567.589466382147
1.2410464060546904E-6     -2.191363088256387E-6    4733.164675279554
1.6936368575782668E-6     -2.1852625550990485E-6   10013.137873154628
1.6914466818898035E-6     -2.313519496603042E-6    9548.919758788465
1.6892565062013406E-6     -2.4417764381070365E-6   9084.613254038242
1.6870663305128776E-6     -2.5700333796110305E-6   8620.218358903952
1.6848761548244145E-6     -2.6982903211150245E-6   8234.771158293517
1.8148157654030368E-6     -2.2218213884814753E-6   11169.329700679107
1.8126255897145737E-6     -2.3500783299854693E-6   10706.659838893253
1.8104354140261108E-6     -2.4783352714894633E-6   10243.903609696561
1.808245238337648E-6      -2.6065922129934577E-6   9799.667865439735
1.935994673227807E-6      -2.258380221863902E-6    12329.184288809196
1.933804497539344E-6      -2.386637163367896E-6    11868.86561895143
1.931614321850881E-6      -2.51489410487189E-6     11407.562752838267
2.057173581052577E-6      -2.2949390552463288E-6   13493.254151179717
2.0549834053641145E-6     -2.423195996750323E-6    13015.100255613013
2.178352488877348E-6      -2.331497888628756E-6    14622.280373763986
1.5799417007752566E-6     -2.2188519237643814E-6   8619.231661403268
1.4662465439722469E-6     -2.2524412924297143E-6   7226.161686167279
1.352551387169237E-6      -2.286030661095048E-6    5833.375433811807
1.2388562303662273E-6     -2.319620029760381E-6    4360.520580594875
1.5777515250867935E-6     -2.3471088652683754E-6   8153.472475709619
1.464056368283784E-6      -2.3806982339337087E-6   6758.05848979835
1.3503612114807742E-6     -2.414287602599042E-6    5349.9295343330905
1.5755613493983307E-6     -2.4753658067723694E-6   7687.622876658679
1.461866192595321E-6      -2.5089551754377027E-6   6343.946969827712
1.5733711737098678E-6     -2.603622748276364E-6    7342.57288707877
2.1874896900290434E-6     -2.8156056377189148E-6   12279.60279871942
2.1852053897411193E-6     -2.6945787004463743E-6   12847.81016891732
2.1829210894531953E-6     -2.5735517631738347E-6   13426.142721900937
2.1806367891652717E-6     -2.452524825901295E-6    14004.546485507572
2.0618363062278863E-6     -2.786276808567942E-6    11280.552652690269
2.059552005939962E-6      -2.665249871295402E-6    11834.191816820541
2.057267705652038E-6      -2.544222934022863E-6    12414.517222086746
1.936182922426729E-6      -2.7569479794169692E-6   10285.083621558224
1.9338986221388047E-6     -2.6359210421444296E-6   10824.346666444906
1.8105295386255716E-6     -2.727619150265997E-6    9293.195705323327
2.258405887510003E-6      -2.9424744392603944E-6   12555.518253140363
2.132752503708845E-6      -2.9131456101094216E-6   11551.474793597343
2.007099119907688E-6      -2.883816780958449E-6    10569.034844555836
1.8814457361065307E-6     -2.854487951807476E-6    9589.983923587411
1.7557923523053738E-6     -2.825159122656504E-6    8560.022791169618
2.2036687011898045E-6     -3.040014411650901E-6    11793.80229225777
2.0780153173886473E-6     -3.0106855824999284E-6   10812.692508331062
1.95236193358749E-6       -2.981356753348956E-6    9830.301697926996
1.8267085497863329E-6     -2.9520279241979837E-6   8827.630581216179
2.1489315148696064E-6     -3.137554384041408E-6    11031.576286942458
2.023278131068449E-6      -3.1082255548904357E-6   10073.309915083282
1.897624747267292E-6      -3.0788967257394633E-6   9097.844355838752
2.0941943285494084E-6     -3.2350943564319152E-6   10268.840237194418
1.9685409447482513E-6     -3.205765527280943E-6    9370.664115037318
2.0394571422292104E-6     -3.3326343288224225E-6   9562.97209906783
2.3484195854442684E-6     -3.032342617006293E-6    12894.107078934887
2.29368239912407E-6       -3.1298825893968004E-6   12108.950316496346
2.2389452128038723E-6     -3.227422561787307E-6    11323.373773173871
2.1842080264836747E-6     -3.324962534177815E-6    10603.74027752698
2.4384332833785343E-6     -3.1222107947521923E-6   13217.446150523445
2.3836960970583363E-6     -3.2197507671426995E-6   12431.73312350784
2.3289589107381383E-6     -3.3172907395332068E-6   11653.240850004388
2.5284469813128002E-6     -3.212078972498092E-6    13543.749950334466
2.473709794992602E-6      -3.309618944888599E-6    12706.325576589927
2.6184606792470666E-6     -3.301947150243991E-6    13762.994457283603
2.4142084185717777E-6     -3.900738282094256E-6    10808.201332863746
2.4840090475577286E-6     -3.7794456967952813E-6   11553.306596759488
2.5538096765436786E-6     -3.6581531114963065E-6   12342.71198249609
2.623610305529629E-6      -3.5368605261973326E-6   13132.005131564132
2.6934109345155796E-6     -3.4155679408983578E-6   13921.186043963615
2.3392581633032646E-6     -3.7871174914398894E-6   10604.51826989487
2.409058792289215E-6      -3.665824906140914E-6    11345.339193285467
2.4788594212751656E-6     -3.5445323208419398E-6   12114.772998020198
2.5486600502611152E-6     -3.4232397355429654E-6   12883.983412324784
2.2643079080347508E-6     -3.6734967007855222E-6   10354.027380121795
2.3341085370207012E-6     -3.5522041154865474E-6   11118.202760063275
2.4039091660066517E-6     -3.4309115301875735E-6   11886.79832246574
2.1893576527662373E-6     -3.559875910131156E-6    10105.509994559927
2.2591582817521878E-6     -3.438583324832181E-6    10893.124064330288
2.114407397497724E-6      -3.446255119476789E-6    9858.96611320927
2.548396746776874E-6      -3.907811479417287E-6    11524.100863330741
2.68258507498197E-6       -3.914884676740319E-6    12257.263337620761
2.8167734031870664E-6     -3.92195787406335E-6     12993.812516471575
2.9509617313921627E-6     -3.9290310713863814E-6   13733.748399883189
2.6181973757628244E-6     -3.7865188941183125E-6   12283.797479105671
2.752385703967921E-6      -3.793592091441344E-6    13038.982850477112
2.886574032173017E-6      -3.8006652887643754E-6   13797.635943636444
2.687998004748775E-6      -3.6652263088193377E-6   13093.237063545896
2.822186332953871E-6      -3.67229950614237E-6     13849.323294951362
2.7577986337347254E-6     -3.543933723520364E-6    13902.675565079138
2.8299545795516976E-6     -4.357356691538323E-6    12395.075370117647
2.893753449563088E-6      -4.252043585831095E-6    12910.409199121908
2.957552319574478E-6      -4.146730480123868E-6    13426.104049088728
3.0213511895858684E-6     -4.041417374416641E-6    13942.159920018108
2.695766251346601E-6      -4.350283494215291E-6    11698.809114781718
2.7595651213579915E-6     -4.244970388508064E-6    12195.8465816659
2.823363991369382E-6      -4.139657282800836E-6    12703.562808019728
2.8871628613807726E-6     -4.034344177093609E-6    13211.575043675075
2.6253767931528957E-6     -4.237897191185032E-6    11480.939946309332
2.6891756631642854E-6     -4.132584085477804E-6    11987.105258370297
2.752974533175676E-6      -4.0272709797705775E-6   12494.02036289536
2.5549873349591895E-6     -4.125510888154773E-6    11264.422002242845
2.6187862049705796E-6     -4.020197782447546E-6    11779.771369449321
2.4845978767654834E-6     -4.013124585124514E-6    11049.255282582257
3.089854278614823E-6      -4.150341674265412E-6    14032.801799379704
3.0260554086034324E-6     -4.255654779972639E-6    13508.969423201861
2.962256538592042E-6      -4.3609678856798665E-6   12985.5630796476
2.8984576685806517E-6     -4.466280991387094E-6    12482.15671348619
3.158357367643777E-6      -4.259265974114183E-6    14115.010397162956
3.094558497632387E-6      -4.364579079821411E-6    13590.348019880379
3.0307596276209963E-6     -4.4698921855286384E-6   13073.952571802884
3.2268604566727315E-6     -4.368190273962955E-6    14198.510221597473
3.163061586661341E-6      -4.473503379670183E-6    13669.093124083849
3.295363545701686E-6      -4.477114573811726E-6    14267.57837032909
3.122754724254122E-6      -4.788679113039763E-6    13341.613824017415
3.1802909980699764E-6     -4.684824266630417E-6    13644.526417628706
3.237827271885831E-6      -4.580969420221072E-6    13947.940298947866
3.0479890390296318E-6     -4.681213072488873E-6    13060.432439671444
3.1055253128454868E-6     -4.577358226079527E-6    13362.54977846055
2.9732233538051417E-6     -4.573747031937984E-6    12780.471384417448
-3.910368184937164E-6     -1.5879145150673068E-6   -39831.15424216825
-3.856964266986178E-6     -1.489580733669095E-6    -41538.165002346155
-3.8035603490351916E-6    -1.3912469522708832E-6   -43220.860805212644
-3.7501564310842062E-6    -1.2929131708726714E-6   -44904.95686034279
-3.69675251313322E-6      -1.1945793894744598E-6   -46590.453167736625
-4.00515423502818E-6      -1.4857420755020077E-6   -41058.76546880217
-3.9517503170771944E-6    -1.387408294103796E-6    -42689.08782357705
-3.898346399126209E-6     -1.289074512705584E-6    -44356.853181204686
-3.844942481175223E-6     -1.1907407313073723E-6   -46025.92182883056
-4.099940285119197E-6     -1.3835696359367086E-6   -42102.193519547596
-4.046536367168211E-6     -1.2852358545384966E-6   -43820.66386363113
-3.993132449217225E-6     -1.186902073140285E-6    -45485.44221856512
-4.194726335210214E-6     -1.2813971963714092E-6   -43152.06826278512
-4.1413224172592285E-6    -1.1830634149731974E-6   -44958.73743622238
-4.289512385301231E-6     -1.1792247568061101E-6   -44208.38969851482
-4.7614252347769025E-6    -1.4375310803825475E-6   -37090.8513042574
-4.6459907824753565E-6    -1.5167945544597934E-6   -36829.036182579715
-4.5305563301738095E-6    -1.5960580285370393E-6   -36576.06115830948
-4.4151218778722634E-6    -1.6753215026142854E-6   -36321.62277371364
-4.6382849218553525E-6    -1.3672272581164249E-6   -38970.24012462355
-4.522850469553806E-6     -1.4464907321936708E-6   -38716.07705290994
-4.4074160172522594E-6    -1.5257542062709167E-6   -38470.037996536805
-4.515144608933802E-6     -1.2969234358503023E-6   -40855.89493674869
-4.3997101566322554E-6    -1.3761869099275482E-6   -40618.28111576031
-4.3920042960122514E-6    -1.2266196135841797E-6   -42766.352131384134
-4.012860095648184E-6     -1.6353093718453762E-6   -38825.72166515758
-4.107646145739201E-6     -1.5331369322800773E-6   -39891.551718938616
-4.2024321958302174E-6    -1.430964492714778E-6    -40849.601467557135
-4.297218245921235E-6     -1.3287920531494786E-6   -41814.04706862272
-4.115352006359205E-6     -1.6827042286234456E-6   -37741.493121756925
-4.2101380564502214E-6    -1.5805317890581462E-6   -38693.16958708653
-4.304924106541239E-6     -1.4783593494928473E-6   -39656.976025580494
-4.217843917070226E-6     -1.730099085401515E-6    -36662.12906050691
-4.312629967161243E-6     -1.6279266458362158E-6   -37499.75878610048
-4.320335827781247E-6     -1.7774939421795845E-6   -35587.629481407595
-3.7873954151084265E-6    -1.618451198826851E-6    -39498.42997638692
-3.6644226452796893E-6    -1.648987882586395E-6    -39289.23999021974
-3.541449875450952E-6     -1.679524566345939E-6    -39088.22083334162
-3.418477105622215E-6     -1.7100612501054831E-6   -38895.372505752675
-3.295504335793478E-6     -1.7405979338650272E-6   -38632.37469093147
-3.7339914971574403E-6    -1.5201174174286394E-6   -41231.76434133743
-3.611018727328703E-6     -1.5506541011881833E-6   -40959.68536975531
-3.488045957499966E-6     -1.5811907849477272E-6   -40696.08377388578
-3.365073187671229E-6     -1.6117274687072715E-6   -40474.97727574222
-3.6805875792064544E-6    -1.4217836360304274E-6   -42929.96815199485
-3.5576148093777173E-6    -1.4523203197899715E-6   -42661.45374565848
-3.43464203954898E-6      -1.4828570035495156E-6   -42428.01357703211
-3.6271836612554686E-6    -1.3234498546322156E-6   -44629.669177181364
-3.504210891426732E-6     -1.3539865383917597E-6   -44383.7604961754
-3.573779743304483E-6     -1.225116073234004E-6    -46342.2180331721
-3.0375642668411076E-6    -1.2424097579197345E-6   -45955.055825238655
-3.1716181359569512E-6    -1.2380863367483018E-6   -46043.41009778884
-3.305672005072795E-6     -1.233762915576869E-6    -46135.648993767274
-3.439725874188639E-6     -1.2294394944054365E-6   -46239.03517765337
-3.1020492840792E-6       -1.3669568019060577E-6   -44099.20322240945
-3.236103153195044E-6     -1.362633380734625E-6    -44195.630342120945
-3.370157022310888E-6     -1.3583099595631922E-6   -44293.642355236676
-3.1665343013172925E-6    -1.4915038458923809E-6   -42246.41583976474
-3.300588170433136E-6     -1.4871804247209481E-6   -42350.82530877648
-3.231019318555385E-6     -1.616050889878704E-6    -40396.693677304545
-2.617318617663272E-6     -1.665801286135067E-6    -38226.16301364422
-2.6884707440512204E-6    -1.556213571694736E-6    -40141.75980782325
-2.7596228704391696E-6    -1.4466258572544048E-6   -42051.87392712863
-2.830774996827118E-6     -1.3370381428140736E-6   -43963.652374652316
-2.9019271232150663E-6    -1.2274504283737423E-6   -45877.095150394314
-2.752955761289313E-6     -1.6807606156810592E-6   -38281.821537674725
-2.824107887677262E-6     -1.571172901240728E-6    -40182.71732292921
-2.89526001406521E-6      -1.4615851868003965E-6   -42102.58788300473
-2.9664121404531585E-6    -1.3519974723600655E-6   -44024.279828948056
-2.8885929049153545E-6    -1.6957199452270512E-6   -38377.025829039856
-2.959745031303303E-6     -1.5861322307867197E-6   -40239.30284421319
-3.0308971576912515E-6    -1.4765445163463887E-6   -42163.56114312569
-3.024230048541395E-6     -1.7106792747730433E-6   -38481.97914963116
-3.0953821749293438E-6    -1.6010915603327119E-6   -40305.998175348825
-3.159867192167437E-6     -1.725638604319035E-6    -38596.68149944868
-2.554025234707133E-6     -1.554445037327992E-6    -39586.14591861387
-2.490731851750995E-6     -1.443088788520917E-6    -40898.84653539343
-2.4274384687948558E-6    -1.3317325397138418E-6   -42215.28548858428
-2.3641450858387167E-6    -1.2203762909067665E-6   -43535.46277818644
-2.6251773610950822E-6    -1.4448573228876608E-6   -41470.397190723
-2.561883978138943E-6     -1.3335010740805856E-6   -42797.228046299344
-2.498590595182804E-6     -1.2221448252735105E-6   -44127.770570878536
-2.6963294874830305E-6    -1.3352696084473296E-6   -43372.38594987114
-2.6330361045268915E-6    -1.2239133596402545E-6   -44696.46014722333
-2.767481613870979E-6     -1.2256818940069983E-6   -45275.88197958802
3.2309795272358945E-7     -1.2206174282089147E-6   -8660.10629056985
1.897539678337918E-7      -1.2212783206689572E-6   -10946.40609862803
5.640998294399415E-8      -1.2219392131289997E-6   -13121.977919144605
-7.693400194580344E-8     -1.2226001055890422E-6   -15300.001165940303
-2.1027798683560107E-7    -1.2232609980490851E-6   -17612.22828626803
2.6477913447030615E-7     -1.332545776714116E-6    -9255.416670585746
1.3143514958050852E-7     -1.3332066691741586E-6   -11480.091069187845
-1.9088353092890955E-9    -1.3338675616342013E-6   -13660.822943025229
-1.3525282019908669E-7    -1.334528454094244E-6    -15893.30359092074
2.064603162170229E-7      -1.4444741252193175E-6   -9854.617829851011
7.311633132722525E-8      -1.44513501767936E-6     -12017.820692444191
-6.022765356257235E-8     -1.4457959101394028E-6   -14170.80941800845
1.4814149796373961E-7     -1.5564024737245192E-6   -10457.709768365658
1.4797513073942017E-8     -1.5570633661845619E-6   -12444.74576753117
8.982267971045637E-8      -1.6683308222297206E-6   -10876.059882765332
2.218018794358776E-7      -1.6666821000805555E-6   -8946.229687060568
3.537810791612988E-7      -1.6650333779313902E-6   -7010.960509183998
4.8576027888672E-7        -1.663384655782225E-6    -5076.597955872706
6.177394786121413E-7      -1.6617359336330596E-6   -3143.142027126696
2.8012069768916087E-7     -1.5547537515753539E-6   -8478.346980328155
4.1209989741458206E-7     -1.5531050294261888E-6   -6413.230965160194
5.440790971400032E-7      -1.5514563072770233E-6   -4349.077077030195
3.384395159424441E-7      -1.4428254030701522E-6   -7813.2183256372
4.7041871566786536E-7     -1.4411766809209871E-6   -5752.543310175472
3.967583341957274E-7      -1.3308970545649508E-6   -7151.826576748443
-1.9352046645231454E-6    -1.6513157566362363E-6   -34441.81953734153
-1.8738105819522411E-6    -1.542473519582391E-6    -35394.745644235445
-1.8124164993813368E-6    -1.433631282528546E-6    -36251.68299707772
-1.7510224168104325E-6    -1.3247890454747005E-6   -37112.697361988
-1.689628334239528E-6     -1.2159468084208554E-6   -37977.78873896627
-2.008334072195032E-6     -1.5428566137289273E-6   -36455.77766811567
-1.946939989624128E-6     -1.434014376675082E-6    -37387.79263790022
-1.8855459070532233E-6    -1.3251721396212367E-6   -38277.49070441634
-1.8241518244823188E-6    -1.2163299025673915E-6   -39171.295217050356
-2.0814634798669184E-6    -1.4343974708216183E-6   -38523.812059568365
-2.020069397296014E-6     -1.325555233767773E-6    -39422.584288685495
-1.9586753147251098E-6    -1.216712996713928E-6    -40309.73312692457
-2.154592887538805E-6     -1.3259383279143095E-6   -40592.29937050058
-2.0931988049679003E-6    -1.217096090860464E-6    -41457.62259460721
-2.2277222952106918E-6    -1.2174791850070005E-6   -42661.239600912275
-2.2910156781668304E-6    -1.3288354338140755E-6   -41397.94653961052
-2.354309061122969E-6     -1.4401916826211507E-6   -40092.142501314534
-2.417602444079108E-6     -1.5515479314282258E-6   -38790.103466838234
-2.4808958270352468E-6    -1.662904180235301E-6    -37474.98170568858
-2.2178862704949437E-6    -1.4372945767213845E-6   -39295.43995722443
-2.2811796534510824E-6    -1.5486508255284595E-6   -37987.175608030506
-2.3444730364072214E-6    -1.6600070743355348E-6   -36701.41509085421
-2.1447568628230575E-6    -1.5457537196286935E-6   -37193.59255866084
-2.208050245779196E-6     -1.6571099684357687E-6   -35936.85019618051
-2.0716274551511708E-6    -1.6542128625360025E-6   -35181.28702166749
-1.2564548864307976E-6    -1.6578716920977307E-6   -28140.403943477886
-1.196414690490736E-6     -1.5483202313809648E-6   -28661.501354748325
-1.1363744945506742E-6    -1.4387687706641984E-6   -29048.087373825176
-1.0763342986106124E-6    -1.3292173099474323E-6   -29438.905031310474
-1.0162941026705508E-6    -1.2196658492306662E-6   -29833.95432720423
-1.330810759478363E-6     -1.5477182679515868E-6   -30154.131910930377
-1.270770563538301E-6     -1.4381668072348206E-6   -30661.80913141945
-1.2107303675982393E-6    -1.3286153465180543E-6   -31096.09569853521
-1.1506901716581775E-6    -1.2190638858012882E-6   -31534.693025361823
-1.405166632525928E-6     -1.4375648438054426E-6   -32270.1126874794
-1.3451264365858662E-6    -1.3280133830886763E-6   -32722.853347339522
-1.2850862406458046E-6    -1.2184619223719101E-6   -33154.956422447525
-1.4795225055734932E-6    -1.3274114196592985E-6   -34385.131232050946
-1.4194823096334314E-6    -1.2178599589425321E-6   -34782.6942860769
-1.5538783786210585E-6    -1.2172579955131543E-6   -36499.187544645014
-1.6152724611919628E-6    -1.3261002325669995E-6   -35744.54500217634
-1.6766665437628671E-6    -1.4349424696208447E-6   -34912.66910933065
-1.7380606263337715E-6    -1.54378470667469E-6     -34084.84079450299
-1.799454708904676E-6     -1.6526269437285352E-6   -33162.208242048175
-1.5409165881443975E-6    -1.4362536567131434E-6   -33575.1002046325
-1.6023106707153018E-6    -1.5450958937669888E-6   -32741.070985868646
-1.6637047532862063E-6    -1.6539381308208342E-6   -31891.311054173715
-1.4665607150968324E-6    -1.5464070808592878E-6   -31404.93422031638
-1.5279547976677367E-6    -1.655249317913133E-6    -30627.752772483364
-1.3922048420492672E-6    -1.656560505005432E-6    -29371.53339697713
-5.811476654807291E-7     -1.6652892983138821E-6   -20077.772980427795
-5.219787630790064E-7     -1.554630147051891E-6    -20131.061464607345
-4.6280986067728365E-7    -1.4439709957898997E-6   -20018.990231727006
-4.0364095827556095E-7    -1.3333118445279084E-6   -19911.0972689118
-3.4447205587383816E-7    -1.222652693265917E-6    -19807.382576161785
-6.561689137306812E-7     -1.5542543163538859E-6   -21939.184226489244
-5.970000113289584E-7     -1.4435951650918946E-6   -21981.750233593815
-5.378311089272356E-7     -1.3329360138299033E-6   -21928.53373175596
-4.786622065255129E-7     -1.222276862567912E-6    -21879.61752517226
-7.311901619806331E-7     -1.4432193343938892E-6   -23936.218894748723
-6.720212595789103E-7     -1.332560183131898E-6    -23906.96291332993
-6.128523571771876E-7     -1.2219010318699068E-6   -23852.05013222754
-8.06211410230585E-7      -1.3321843524338928E-6   -25930.899461632303
-7.470425078288622E-7     -1.2215252011719014E-6   -25829.56386405241
-8.812326584805371E-7     -1.2211493704738965E-6   -27923.225927139967
-9.412728544205986E-7     -1.3307008311906624E-6   -27683.37819645255
-1.0013130503606604E-6    -1.4402522919074288E-6   -27336.61577637804
-1.061353246300722E-6     -1.5498037526241947E-6   -26994.00587340955
-1.1213934422407838E-6    -1.659355213340961E-6    -26512.186041100817
-8.662516061706467E-7     -1.441735813150659E-6    -25618.655359578308
-9.262918021107084E-7     -1.5512872738674252E-6   -25270.137532671553
-9.863319980507703E-7     -1.6608387345841914E-6   -24888.669535687088
-7.912303579206948E-7     -1.5527707951106554E-6   -23551.836048965903
-8.512705538607565E-7     -1.6623222558274217E-6   -23270.495919213387
-7.162091096707429E-7     -1.663805777070652E-6    -21657.665191679727
-4.4695359644249206E-7    -1.66589760309705E-6     -18226.663924147524
-3.127595274042549E-7     -1.6665059078802176E-6   -16375.445033522741
-1.7856545836601784E-7    -1.6671142126633852E-6   -14527.354527933529
-4.4371389327780696E-8    -1.667722517446553E-6    -12682.392407379903
-3.8778469404076926E-7    -1.5552384518350586E-6   -18233.716615581157
-2.535906250025321E-7     -1.5558467566182263E-6   -16262.506363033775
-1.1939655596429507E-7    -1.5564550614013939E-6   -14294.566346728461
-3.286157916390465E-7     -1.4445793005730673E-6   -18066.41507668495
-1.9442172260080943E-7    -1.4451876053562351E-6   -16100.525528428709
-2.6944688923732377E-7    -1.333920149311076E-6    -17903.16978266486
6.950363277652082E-7      -1.7750276169627757E-6   -2066.6123576253913
5.630571280397869E-7      -1.7766763391119408E-6   -3953.288839893501
4.3107792831436566E-7     -1.778325061261106E-6    -5756.169595479892
2.990987285889445E-7      -1.7799737834102712E-6   -7559.9014731588795
1.6711952886352334E-7     -1.7816225055594367E-6   -9471.747985837996
6.403539771928539E-7      -1.8899680224416567E-6   -2723.5600046100008
5.083747774674327E-7      -1.891616744590822E-6    -4564.559912818384
3.7639557774201145E-7     -1.8932654667399873E-6   -6371.042327297411
2.444163780165903E-7      -1.8949141888891524E-6   -8217.263666087185
5.856716266204996E-7      -2.004908427920538E-6    -3383.2170111351334
4.536924268950784E-7      -2.0065571500697034E-6   -5178.669395715411
3.2171322716965725E-7     -2.0082058722188685E-6   -6959.475531052101
5.309892760481454E-7      -2.119848833399419E-6    -4045.5833772008036
3.9901007632272425E-7     -2.1214975555485843E-6   -5698.383580732749
4.763069254757912E-7      -2.2347892388783002E-6   -4555.870113674065
6.065157902309691E-7      -2.2328218824869842E-6   -2974.396353549992
7.36724654986147E-7       -2.2308545260956682E-6   -1397.035642464114
8.669335197413249E-7      -2.2288871697043523E-6   180.59379606234597
9.971423844965027E-7      -2.2269198133130363E-6   1758.491962029389
6.611981408033234E-7      -2.1178814770081033E-6   -2432.1607204606007
7.914070055585012E-7      -2.115914120616787E-6    -755.6945383901584
9.216158703136791E-7      -2.1139467642254713E-6   921.0144702226116
7.158804913756776E-7      -2.002941071529222E-6    -1723.7953321085724
8.460893561308554E-7      -2.000973715137906E-6    -50.35025984087406
7.705628419480317E-7      -1.8880006660503405E-6   -1018.0102528654361
1.0866303821459023E-6     -2.342375068039866E-6    2607.571991731479
9.564215173907243E-7      -2.344342424431182E-6    1092.2279260403666
8.262126526355464E-7      -2.346309780822498E-6    -385.95945550957185
6.960037878803685E-7      -2.348277137213814E-6    -1863.852208720682
5.657949231251907E-7      -2.35024449360513E-6     -3432.656892854562
1.0459095150401239E-6     -2.4597976791580118E-6   2051.334499530771
9.157006502849459E-7      -2.4617650355493273E-6   562.0484421559586
7.85491785529768E-7       -2.4637323919406437E-6   -918.5029339676803
6.552829207745901E-7      -2.4656997483319597E-6   -2429.37595888012
1.0051886479343452E-6     -2.5772202902761575E-6   1493.6671766454147
8.749797831791674E-7      -2.5791876466674735E-6   30.361535080523026
7.447709184239896E-7      -2.5811550030587895E-6   -1422.7854671645564
9.644677808285668E-7      -2.6946429013943032E-6   934.5700230753876
8.342589160733891E-7      -2.6966102577856192E-6   -412.88541770787924
9.237469137227884E-7      -2.812065512512449E-6    488.8220932899303
1.1981353632604492E-6     -2.4370426408785267E-6   3697.920728848572
1.1574144961546705E-6     -2.5544652519966724E-6   3114.320962665972
1.116693629048892E-6      -2.671887863114818E-6    2529.3689583050927
1.0759727619431137E-6     -2.789310474232964E-6    2042.6057400203144
1.3096403443749958E-6     -2.5317102137171874E-6   4755.743042802365
1.2689194772692172E-6     -2.6491328248353335E-6   4173.203005527867
1.228198610163439E-6      -2.7665554359534793E-6   3594.6048430756064
1.4211453254895425E-6     -2.6263777865558485E-6   5817.900989395192
1.380424458383764E-6      -2.7438003976739942E-6   5147.515484967239
1.5326503066040894E-6     -2.7210453593945096E-6   6701.337665695237
1.329751078746072E-6      -3.339327516009535E-6    3749.5255279640865
1.4007760939617405E-6     -3.2111200770306333E-6   4537.269939071528
1.471801109177409E-6      -3.082912638051731E-6    5428.905410431794
1.5428261243930775E-6     -2.9547051990728285E-6   6318.982057743504
1.613851139608746E-6      -2.8264977600939265E-6   7207.499881006646
1.2485502457414154E-6     -3.233875115310118E-6    3173.10586760586
1.319575260957084E-6      -3.105667676331216E-6    3964.2442184905685
1.3906002761727522E-6     -2.9774602373523136E-6   4817.302934840558
1.4616252913884208E-6     -2.849252798373411E-6    5668.6484495981695
1.1673494127367587E-6     -3.1284227146107006E-6   2519.335462350043
1.238374427952427E-6      -3.000215275631798E-6    3354.4081186035055
1.3093994431680957E-6     -2.872007836652896E-6    4207.3658045507855
1.0861485797321018E-6     -3.0229703139112837E-6   1867.8799959658604
1.1571735949477704E-6     -2.8947628749323813E-6   2747.0423005315424
1.0049477467274451E-6     -2.917517913211866E-6    1218.739468453317
1.8975159295325829E-6     -3.3339729662598453E-6   8397.415903118239
1.8265997320516234E-6     -3.2071041647183657E-6   8177.137960769338
1.7556835345706643E-6     -3.0802353631768857E-6   7876.9402896241345
1.684767337089705E-6      -2.953366561635406E-6    7579.264144814222
1.755574716835955E-6      -3.3353116036972673E-6   7228.077993726577
1.6846585193549957E-6     -3.2084428021557877E-6   6948.514885907185
1.6137423218740366E-6     -3.081574000614308E-6    6651.400291476573
1.6136335041393275E-6     -3.33665024113469E-6     6060.912689945035
1.5427173066583682E-6     -3.2097814395932105E-6   5722.1319916341745
1.4716922914426996E-6     -3.3379888785721125E-6   4895.919991773624
1.7068193854191047E-6     -3.895755034929309E-6    6018.413433460196
1.773346936781126E-6      -3.783130893707932E-6    6671.553259434059
1.839874488143147E-6      -3.670506752486554E-6    7375.723198228856
1.906402039505168E-6      -3.557882611265177E-6    8079.354731127093
1.972929590867189E-6      -3.4452584700438E-6      8782.447858128777
1.6314057240844983E-6     -3.7844695311453543E-6   5619.374604097478
1.6979332754465193E-6     -3.671845389923977E-6    6270.873239787815
1.7644608268085404E-6     -3.559221248702599E-6    6952.8875195531655
1.8309883781705614E-6     -3.4465971074812222E-6   7634.254655619445
1.5559920627498916E-6     -3.673184027361399E-6    5168.397144510478
1.6225196141119127E-6     -3.560559886140022E-6    5845.523749203401
1.689047165473934E-6      -3.447935744918645E-6    6527.087936841272
1.4805784014152852E-6     -3.5618985235774448E-6   4719.167465452614
1.5471059527773062E-6     -3.449274382356067E-6    5422.026248694192
1.4051647400806785E-6     -3.45061301979349E-6     4271.685566923883
2.0478798461357026E-6     -3.558879260698166E-6    9089.788640216531
1.9813522947736817E-6     -3.671503401919543E-6    8364.17602383893
1.91482474341166E-6       -3.7841275431409204E-6   7638.133739367295
1.8482971920496394E-6     -3.896751684362298E-6    6967.000914350817
2.122830101404216E-6      -3.672500051352533E-6    9360.097240137426
2.056302550042195E-6      -3.7851241925739098E-6   8633.888176890907
1.989774998680174E-6      -3.8977483337952876E-6   7927.693484447698
2.1977803566727295E-6     -3.786120842006899E-6    9632.295110991521
2.1312528053107087E-6     -3.898744983228277E-6    8890.986728239746
2.2727306119412434E-6     -3.899741632661266E-6    9856.880645726964
2.1452779634640278E-6     -4.342702777246682E-6    8475.491440451875
2.212510577240965E-6      -4.232211653458575E-6    9049.862282806465
2.2797431910179025E-6     -4.121720529670469E-6    9624.286697034444
2.34697580479484E-6       -4.011229405882362E-6    10198.764683135818
2.003800156833493E-6      -4.341706127813693E-6    7572.432156070168
2.07103277061043E-6       -4.2312150040255855E-6   8120.27151568295
2.1382653843873678E-6     -4.120723880237479E-6    8682.674875018438
2.2054979981643054E-6     -4.010232756449372E-6    9245.044049349151
1.9295549639798955E-6     -4.230218354592596E-6    7191.48678848593
1.9967875777568335E-6     -4.1197272308044895E-6   7752.919012755863
2.0640201915337707E-6     -4.009236107016384E-6    8314.718526682027
1.8553097711262988E-6     -4.118730581371501E-6    6811.831162685821
1.9225423849032364E-6     -4.008239457583393E-6    7386.941854828216
1.7810645782727016E-6     -4.007242808150405E-6    6433.465278669841
2.417365262988546E-6      -4.123615708912621E-6    10442.83158560383
2.3501326492116082E-6     -4.2341068327007275E-6   9856.121998131686
2.2829000354346706E-6     -4.344597956488834E-6    9269.553739411098
2.2156674216577335E-6     -4.455089080276941E-6    8709.218624450175
2.4877547211822515E-6     -4.236002011942879E-6    10667.347242202779
2.4205221074053144E-6     -4.346493135730986E-6    10079.94520472597
2.3532894936283764E-6     -4.456984259519093E-6    9503.211069358304
2.5581441793759577E-6     -4.348388314973139E-6    10893.15791323888
2.4909115655990205E-6     -4.458879438761245E-6    10299.994863590877
2.628533637569664E-6      -4.460774618003397E-6    11099.5700071479
2.4344248137573703E-6     -4.7831727396560665E-6   9860.6719571254
2.4991277550281345E-6     -4.675706699105177E-6    10266.32229892142
2.5638306962988987E-6     -4.568240658554287E-6    10672.390451740835
2.361505683057491E-6      -4.673811519863024E-6    9484.559158566293
2.4262086243282554E-6     -4.566345479312135E-6    9889.533824483622
2.288586552357612E-6      -4.564450300069982E-6    9109.43865267725
-3.889651941885E-6        -1.7104214950609873E-6   -38207.28392786427
-3.99214385259602E-6      -1.7578163518390567E-6   -37252.64291021228
-4.094635763307041E-6     -1.8052112086171259E-6   -36286.85655837473
-4.1971276740180615E-6    -1.8526060653951954E-6   -35325.82783997243
-4.299619584729083E-6     -1.900000922173265E-6    -34195.83993578948
-3.868935698832835E-6     -1.8329284750546676E-6   -36768.408562584445
-3.971427609543856E-6     -1.8803233318327368E-6   -35794.1394167896
-4.073919520254877E-6     -1.9277181886108066E-6   -34826.884978188304
-4.176411430965898E-6     -1.975113045388876E-6    -33812.681247261695
-3.848219455780671E-6     -1.955435455048348E-6    -35329.88607015743
-3.950711366491692E-6     -2.002830311826417E-6    -34336.03502727993
-4.053203277202713E-6     -2.050225168604487E-6    -33437.40432365728
-3.827503212728507E-6     -2.0779424350420284E-6   -33891.71645058323
-3.929995123439528E-6     -2.125337291820098E-6    -33070.00916497626
-3.806786969676343E-6     -2.2004494150357087E-6   -32601.807530525788
-3.766679172056262E-6     -1.7409581788205312E-6   -38042.35277977848
-3.745962929004098E-6     -1.8634651588142115E-6   -36623.20999378485
-3.725246685951934E-6     -1.985972138807892E-6    -35204.373849583804
-3.70453044289977E-6      -2.1084791188015728E-6   -33862.65992066556
-3.6437064022275246E-6    -1.7714948625800752E-6   -37901.18888217908
-3.6229901591753607E-6    -1.8940018425737557E-6   -36483.618634092534
-3.6022739161231968E-6    -2.016508822567436E-6    -35070.33772137403
-3.5207336323987874E-6    -1.8020315463396193E-6   -37767.88926744522
-3.5000173893466235E-6    -1.9245385263333E-6      -36283.02165785825
-3.397760862570051E-6     -1.8325682300991636E-6   -37500.71173011823
-4.771668115888024E-6     -2.1531896405005208E-6   -28969.852377247702
-4.658770684077594E-6     -2.2271158069237997E-6   -28882.75092651332
-4.545873252267165E-6     -2.3010419733470783E-6   -28802.10429348121
-4.432975820456737E-6     -2.3749681397703573E-6   -28724.49292555835
-4.656233663586477E-6     -2.0895959717206236E-6   -30272.26326501242
-4.543336231776048E-6     -2.1635221381439026E-6   -30190.615467168318
-4.430438799965619E-6     -2.2374483045671816E-6   -30114.50884051872
-4.540799211284931E-6     -2.0260023029407265E-6   -31579.078385095778
-4.427901779474502E-6     -2.0999284693640055E-6   -31504.482450388376
-4.425364758983385E-6     -1.9624086341608298E-6   -32894.4137551673
-4.3097676666935515E-6    -2.450080262985968E-6    -28595.91464891043
-4.184022492439249E-6     -2.3876725509984034E-6   -29612.8278277091
-4.058277318184947E-6     -2.3252648390108382E-6   -30635.665761012548
-3.932532143930645E-6     -2.2628571270232735E-6   -31664.4284488208
-4.3072306462024345E-6    -2.3125604277827925E-6   -29847.187137990193
-4.181485471948132E-6     -2.2501527157952273E-6   -30979.32759554916
-4.05574029769383E-6      -2.1877450038076626E-6   -32117.494745642154
-4.304693625711317E-6     -2.1750405925796164E-6   -31238.868818606505
-4.178948451457015E-6     -2.1126328805920516E-6   -32370.169135736083
-4.3021566052202E-6       -2.0375207573764403E-6   -32630.514144800938
-3.2791180658228623E-6    -2.2862126600068893E-6   -32164.25627140511
-3.2823953198169855E-6    -2.177089714778517E-6    -33345.27393154899
-3.2856725738111087E-6    -2.0679667695501445E-6   -34633.5943019835
-3.2889498278052314E-6    -1.958843824321772E-6    -35921.90641455283
-3.2922270817993546E-6    -1.8497208790933997E-6   -37210.21026925702
-3.3846518465935588E-6    -2.2690600110126533E-6   -32249.54656070144
-3.3879291005876815E-6    -2.159937065784281E-6    -33485.71199479347
-3.3912063545818043E-6    -2.050814120555908E-6    -34776.80058972049
-3.3944836085759275E-6    -1.941691175327536E-6    -36067.88643300915
-3.4901856273642544E-6    -2.2519073620184173E-6   -32358.3402864428
-3.493462881358377E-6     -2.1427844167900444E-6   -33631.90886828903
-3.4967401353525007E-6    -2.0336614715616724E-6   -34923.03168918907
-3.595719408134951E-6     -2.234754713024181E-6    -32472.055108730056
-3.5989966621290736E-6    -2.1256317677958084E-6   -33783.163368076435
-3.701253188905647E-6     -2.2176020640299448E-6   -32590.69102756327
-3.1859531895308876E-6    -2.2593228984416476E-6   -32328.251017508745
-3.0927883132389125E-6    -2.2324331368764054E-6   -32498.792915887527
-2.999623436946938E-6     -2.2055433753111633E-6   -32673.299269856387
-2.9064585606549628E-6    -2.1786536137459215E-6   -32851.77007941541
-2.813293684362988E-6     -2.15176385218068E-6     -32979.958743388095
-3.1892304435250104E-6    -2.1501999532132748E-6   -33564.88567695523
-3.0960655672330353E-6    -2.123310191648033E-6    -33787.88299171317
-3.0029006909410606E-6    -2.096420430082791E-6    -34014.96705978204
-2.909735814649086E-6     -2.069530668517549E-6    -34211.77275990012
-3.1925076975191336E-6    -2.0410770079849023E-6   -34850.59581007277
-3.0993428212271585E-6    -2.0141872464196606E-6   -35073.71688603327
-3.0061779449351842E-6    -1.9872974848544184E-6   -35327.68838343983
-3.1957849515132563E-6    -1.93195406275653E-6     -36136.292179098346
-3.1026200752212817E-6    -1.9050643011912882E-6   -36447.396934468175
-3.19906220550738E-6      -1.8228311175281577E-6   -37570.89841298515
-2.774098671023045E-6     -2.054571338971557E-6    -34019.50219385241
-2.7349036576831015E-6    -1.9573788257624345E-6   -35059.7054030014
-2.6957086443431583E-6    -1.8601863125533123E-6   -36101.127604327805
-2.6565136310032152E-6    -1.7629937993441897E-6   -37143.76879783164
-2.870540801309143E-6     -1.972338155308427E-6    -35206.0224698531
-2.8313457879691993E-6    -1.875145642099304E-6    -36235.82196158959
-2.792150774629256E-6     -1.7779531288901816E-6   -37266.80611384785
-2.9669829315952403E-6    -1.890104971645296E-6    -36380.84528283197
-2.927787918255297E-6     -1.7929124584361736E-6   -37408.4231746107
-3.063425061881338E-6     -1.8078717879821655E-6   -37559.42848397419
-2.6982879267874667E-6    -2.154472135020312E-6    -32472.008114519806
-2.5832821692119458E-6    -2.157180417859944E-6    -32007.803314114622
-2.468276411636424E-6     -2.159888700699576E-6    -31549.12417683933
-2.353270654060903E-6     -2.162596983539208E-6    -31095.970702693936
-2.2382648964853816E-6    -2.1653052663788402E-6   -30668.458061916735
-2.6590929134475236E-6    -2.0572796218111893E-6   -33527.77766364273
-2.5440871558720022E-6    -2.0599879046508215E-6   -33057.23242884062
-2.429081398296481E-6     -2.0626961874904533E-6   -32592.40863826085
-2.31407564072096E-6      -2.065404470330086E-6    -32164.171163239916
-2.6198979001075805E-6    -1.9600871086020667E-6   -34578.976697878454
-2.5048921425320587E-6    -1.962795391441699E-6    -34111.24517070831
-2.3898863849565377E-6    -1.965503674281331E-6    -33672.534057031
-2.5807028867676374E-6    -1.8628945953929443E-6   -35631.42905594721
-2.465697129192116E-6     -1.8656028782325764E-6   -35182.11634894659
-2.541507873427694E-6     -1.7657020821838218E-6   -36692.9180389867
-2.1776528500929345E-6    -2.0625073644303196E-6   -31491.0634068512
-2.117040803700487E-6     -1.9597094624817986E-6   -32238.051401689627
-2.05642875730804E-6      -1.856911560533278E-6    -32988.00651212314
-1.995816710915593E-6     -1.7541136585847569E-6   -33740.92873815175
-2.2534635943285124E-6    -1.962606568381565E-6    -32959.35790616488
-2.1928515479360653E-6    -1.8598086664330437E-6   -33726.6541408342
-2.132239501543618E-6     -1.7570107644845231E-6   -34496.92473858429
-2.3292743385640907E-6    -1.86270577233281E-6     -34457.85848571756
-2.2686622921716436E-6    -1.7599078703842894E-6   -35222.85830821442
-2.4050850827996685E-6    -1.7628049762840554E-6   -35957.45050872775
3.285914771530897E-8      -1.7798656988170804E-6   -11341.488589730823
-1.0133492132292815E-7    -1.7792573940339123E-6   -13146.471233927521
-2.3552899036116527E-7    -1.7786490892507447E-6   -14870.7669666687
-3.6972305939940233E-7    -1.7780407844675771E-6   -16598.04923323894
-5.039171284376395E-7     -1.7774324796844095E-6   -18425.423501066856
-2.410438427983845E-8     -1.8914005754044399E-6   -11655.366936045311
-1.5829845331807557E-7    -1.8907922706212719E-6   -13416.614948802773
-2.924925223563127E-7     -1.8901839658381043E-6   -15145.272657532238
-4.2668659139454973E-7    -1.8895756610549366E-6   -16912.66147128678
-8.106791627498585E-8     -2.0029354519917992E-6   -11972.296558248217
-2.1526198531322297E-7    -2.0023271472086316E-6   -13689.923721821398
-3.4945605435146006E-7    -2.001718842425464E-6    -15397.54453130424
-1.3803144827013327E-7    -2.114470328579159E-6    -12292.277456339536
-2.722255173083704E-7     -2.1138620237959914E-6   -13880.07268111924
-1.9499498026528067E-7    -2.2260052051665187E-6   -12475.80823544655
-6.07345991170663E-8      -2.2277620119088753E-6   -10881.884711714778
7.352578203114807E-8      -2.229518818651231E-6    -9290.282478435958
2.0778616317936244E-7     -2.2312756253935875E-6   -7700.154776911779
3.4204654432757684E-7     -2.2330324321359437E-6   -6111.501607142241
-3.771067121918891E-9     -2.116227135321515E-6    -10662.37728829539
1.304893140262955E-7      -2.1179839420638717E-6   -8973.751786587694
2.647496951745099E-7      -2.119740748806228E-6    -7286.675981449513
5.319246487322853E-8      -2.0046922587341558E-6   -10298.317864812005
1.874528460214429E-7      -2.0064490654765123E-6   -8613.482880629805
1.1015599686837594E-7     -1.893157382146796E-6    -9937.19593496204
-1.8596321902022681E-6    -1.760539325507506E-6    -32663.354445430083
-1.9202442365947156E-6    -1.863337227456027E-6    -31979.134902538215
-1.9808562829871627E-6    -1.966135129404548E-6    -31246.937754672927
-2.0414683293796097E-6    -2.0689330313530686E-6   -30517.70047491701
-2.1020803757720572E-6    -2.1717309333015897E-6   -29726.196179371083
-1.7840597158813908E-6    -1.869762894378776E-6    -30977.796683828026
-1.8446717622738379E-6    -1.9725607963272966E-6   -30256.183951820436
-1.9052838086662851E-6    -2.0753586982758176E-6   -29522.092735143677
-1.9658958550587324E-6    -2.1781566002243382E-6   -28778.07866770585
-1.7084872415605135E-6    -1.9789864632500456E-6   -29292.17445644218
-1.7690992879529605E-6    -2.0817843651985666E-6   -28533.35482431267
-1.8297113343454078E-6    -2.1845822671470877E-6   -27836.58789463451
-1.632914767239636E-6     -2.0882100321213156E-6   -27606.48776327255
-1.6935268136320832E-6    -2.1910079340698366E-6   -26901.723860157043
-1.5573422929187586E-6    -2.1974336009925856E-6   -25989.05902624893
-1.4971648116211665E-6    -2.0895212192136146E-6   -26511.00997325947
-1.4369873303235742E-6    -1.9816088374346435E-6   -26939.093661564548
-1.376809849025982E-6     -1.8736964556556729E-6   -27370.449477552193
-1.3166323677283897E-6    -1.7657840738767018E-6   -27805.07742122242
-1.5727372859420438E-6    -1.9802976503423445E-6   -28118.38763217102
-1.5125598046444515E-6    -1.8723852685633737E-6   -28578.609074955166
-1.4523823233468594E-6    -1.7644728867844028E-6   -29042.153112473577
-1.648309760262921E-6     -1.8710740814710747E-6   -29766.961318359263
-1.5881322789653288E-6    -1.7631616996921038E-6   -30225.196296478684
-1.7238822345837985E-6    -1.7618505125998049E-6   -31415.28424976991
-1.1801609504595445E-6    -1.7690332933525494E-6   -26361.421207687134
-1.2403384317571367E-6    -1.8769456751315203E-6   -26034.205377728525
-1.3005159130547288E-6    -1.984858056910491E-6    -25632.170594441326
-1.3606933943523212E-6    -2.092770438689462E-6    -25233.357471785002
-1.4208708756499135E-6    -2.2006828204684332E-6   -24741.16319851313
-1.1038670144882917E-6    -1.880194894607368E-6    -24702.181248483117
-1.1640444957858839E-6    -1.9881072763863387E-6   -24323.370387079336
-1.224221977083476E-6     -2.0960196581653098E-6   -23919.703610927954
-1.2843994583810681E-6    -2.203932039944281E-6    -23496.734118161432
-1.0275730785170387E-6    -1.9913564958621863E-6   -23041.69205108668
-1.0877505598146309E-6    -2.0992688776411574E-6   -22611.495172742616
-1.147928041112223E-6     -2.2071812594201285E-6   -22257.55065482727
-9.512791425457857E-7     -2.102518097117005E-6    -21379.953615497827
-1.0114566238433779E-6    -2.210430478895976E-6    -21023.61280851061
-8.749852065745327E-7     -2.2136796983718237E-6   -19813.057302246987
-8.16217698355772E-7      -2.1040016183602353E-6   -19982.815816870065
-7.574501901370113E-7     -1.994323538348647E-6    -20035.343920860472
-6.986826819182506E-7     -1.8846454583370586E-6   -20091.136033482537
-6.399151736994899E-7     -1.7749673783254705E-6   -20150.19215473628
-8.92511634327025E-7      -1.9928400171054166E-6   -21541.45795301521
-8.337441261082642E-7     -1.8831619370938283E-6   -21635.09142026097
-7.749766178895035E-7     -1.7734838570822402E-6   -21732.075475503938
-9.688055702982778E-7     -1.881678415850598E-6    -23152.03808625896
-9.100380620795172E-7     -1.77200033583901E-6     -23244.058260730835
-1.0450995062695308E-6    -1.7705168145957795E-6   -24761.159966805408
-7.389871613126824E-7     -2.2161447997307627E-6   -18333.604627256478
-6.029891160508318E-7     -2.2186099010897017E-6   -16857.872588553764
-4.669910707889815E-7     -2.2210750024486407E-6   -15385.58913607668
-3.3099302552713104E-7    -2.2235401038075797E-6   -13916.754269825222
-6.802196530939217E-7     -2.1064667197191743E-6   -18470.212228742355
-5.442216078320711E-7     -2.1089318210781133E-6   -16907.801573199322
-4.082235625702207E-7     -2.1113969224370523E-6   -15348.980100036883
-6.214521448751608E-7     -1.996788639707586E-6    -18484.47371272728
-4.854540996133104E-7     -1.999253741066525E-6    -16926.515093208018
-5.626846366564001E-7     -1.8871105596959976E-6   -18501.912625978304
4.225677506921818E-7      -2.3471662489297793E-6   -5104.686449366558
2.883073695439675E-7      -2.3454094421874227E-6   -6655.209676572153
1.5404698839575302E-7     -2.3436526354450666E-6   -8146.201440813844
1.9786607247538676E-8     -2.34189582870271E-6     -9638.592571995287
-1.1447377390067567E-7    -2.340139021960354E-6    -11214.609475292169
3.6882857590857245E-7     -2.459543258981258E-6    -5529.315336540176
2.3456819476035803E-7     -2.4577864522389014E-6   -7046.370392281184
1.0030781361214368E-7     -2.4560296454965457E-6   -8540.364207319637
-3.3952567536070666E-8    -2.454272838754189E-6    -10066.233358347301
3.1508940112496303E-7     -2.5719202690327374E-6   -5956.020850218692
1.8082901997674866E-7     -2.570163462290381E-6    -7439.710123990374
4.656863882853431E-8      -2.5684066555480248E-6   -8915.61873538645
2.6135022634135366E-7     -2.684297279084216E-6    -6384.8029904021005
1.2708984519313934E-7     -2.68254047234186E-6     -7762.765606409609
2.0761105155774432E-7     -2.796674289135695E-6    -6706.197301471372
3.508382239907532E-7      -2.799752533811046E-6    -5259.026809320487
4.94065396423762E-7       -2.802830778486397E-6    -3813.7486409957423
6.372925688567708E-7      -2.8059090231617476E-6   -2368.7332231279615
7.805197412897796E-7      -2.8089872678370983E-6   -923.9805557171583
4.045773987743625E-7      -2.687375523759567E-6    -4905.025389176947
5.478045712073713E-7      -2.6904537684349174E-6   -3377.3690295425595
6.910317436403801E-7      -2.6935320131102686E-6   -1850.0065798935075
4.583165735579719E-7      -2.5749985137080877E-6   -4442.663839813738
6.015437459909807E-7      -2.578076758383439E-6    -2917.6935142703505
5.120557483415812E-7      -2.4626215036566086E-6   -3982.276527460141
6.135135566422416E-7      -3.347023305815575E-6    -2441.7040831942613
6.75560228058351E-7       -3.24003174715495E-6     -1940.9279387807537
7.376068994744604E-7      -3.1330401884943246E-6   -1359.7624115648978
7.996535708905697E-7      -3.0260486298336994E-6   -780.1152602664083
8.61700242306679E-7       -2.919057071173074E-6    -201.98648488528295
5.323330556253421E-7      -3.236953502479599E-6    -3216.8600171102835
5.943797270414515E-7      -3.129961943818974E-6    -2714.773093218442
6.564263984575609E-7      -3.0229703851583487E-6   -2164.469842472363
7.184730698736702E-7      -2.9159788264977235E-6   -1615.7939404344424
4.5115255460844273E-7     -3.126883699143623E-6    -4070.393942644287
5.131992260245521E-7      -3.0198921404829976E-6   -3528.077465783991
5.752458974406614E-7      -2.9129005818223724E-6   -2977.4731326237143
3.6997205359154325E-7     -3.0168138958076474E-6   -4922.08355583294
4.320187250076525E-7      -2.9098223371470217E-6   -4339.383915741584
2.8879155257464377E-7     -2.906744092471671E-6    -5771.928856676242
9.429010753113358E-7      -3.0245094718724915E-6   541.7974811535023
8.808544038952264E-7      -3.1315010305331167E-6   -67.61544018572931
8.188077324791171E-7      -3.238492589193742E-6    -678.437764651514
7.567610610630077E-7      -3.345484147854367E-6    -1205.1365366310238
1.0241019083159924E-6     -3.1299618725719085E-6   1235.381188831935
9.62055236899883E-7       -3.236953431232534E-6    626.0654260001747
9.000085654837739E-7      -3.343944989893159E-6    39.95614485054739
1.1053027413206493E-6     -3.235414273271326E-6    1931.1244924385173
1.04325606990454E-6       -3.342405831931951E-6    1285.6013766671203
1.186503574325306E-6      -3.340866673970743E-6    2531.799158818704
1.001268636210151E-6      -3.896086279686133E-6    705.594415528028
1.0669651247173353E-6     -3.7847345269508136E-6   1258.6413385940477
1.1326616132245194E-6     -3.6733827742154935E-6   1866.9721241566235
1.1983581017317037E-6     -3.5620310214801742E-6   2474.356408402912
1.2640545902388878E-6     -3.4506792687448545E-6   3080.794191332917
9.237176202965692E-7      -3.7862736849120214E-6   129.03492994362546
9.894141088037533E-7      -3.6749219321767018E-6   682.2263825630989
1.0551105973109374E-6     -3.563570179441382E-6    1267.3948807602337
1.1208070858181217E-6     -3.4522184267060624E-6   1851.5097284605836
8.461666043829872E-7      -3.6764610901379096E-6   -500.1272866842439
9.118630928901713E-7      -3.56510933740259E-6     80.07528130427272
9.775595813973556E-7      -3.4537575846672707E-6   665.2128985105319
7.686155884694055E-7      -3.5666484953637982E-6   -1127.8720951717382
8.343120769765896E-7      -3.4552967426284786E-6   -520.5347065561564
6.910645725558235E-7      -3.4568359005896864E-6   -1754.1994955188604
1.3394682515734944E-6     -3.5619647725288095E-6   3595.1232604327806
1.2737717630663101E-6     -3.6733165252641288E-6   2965.105626060234
1.2080752745591258E-6     -3.784668277999448E-6    2334.24863955191
1.142378786051942E-6      -3.8960200307347685E-6   1760.7194762069748
1.4148819129081009E-6     -3.673250276312764E-6    4068.6574924767656
1.3491854244009168E-6     -3.7846020290480833E-6   3438.4057113972513
1.2834889358937325E-6     -3.895953781783403E-6    2826.6642326767546
1.4902955742427073E-6     -3.7845357800967186E-6   4543.835295503802
1.4245990857355232E-6     -3.895887532832038E-6    3893.8602803321664
1.5657092355773142E-6     -3.895821283880674E-6    4962.307619173218
1.443520218587703E-6      -4.338786025721003E-6    3769.469349212246
1.5093450102955532E-6     -4.228028278023079E-6    4321.131511703155
1.5751698020034037E-6     -4.117270530325156E-6    4872.4792473677335
1.6409945937112542E-6     -4.006512782627233E-6    5423.512556205978
1.3024100687459122E-6     -4.3388522746723675E-6   2768.8299454835314
1.3682348604537624E-6     -4.228094526974444E-6    3290.8486987523784
1.4340596521616127E-6     -4.11733677927652E-6     3828.95968392328
1.4998844438694635E-6     -4.006579031578597E-6    4366.662973949998
1.2271247106119717E-6     -4.228160775925809E-6    2261.7984049396937
1.292949502319822E-6      -4.117403028227885E-6    2799.0721231377684
1.3587742940276727E-6     -4.006645280529961E-6    3336.925505614483
1.1518393524780315E-6     -4.11746927717925E-6     1755.7864534312287
1.217664144185882E-6      -4.006711529481326E-6    2308.4181073890204
1.0765539943440912E-6     -4.0067777784326915E-6   1250.794090958136
1.7152397865648511E-6     -4.118000555848328E-6    5840.515200122113
1.6494149948570006E-6     -4.228758303546252E-6    5275.592718183796
1.5835902031491501E-6     -4.3395160512441755E-6   4710.449077736997
1.5177654114412998E-6     -4.450273798942099E-6    4173.639221069101
1.789484979418448E-6      -4.229488329069424E-6    6232.839938796651
1.7236601877105978E-6     -4.340246076767348E-6    5667.508395019786
1.6578353960027472E-6     -4.451003824465271E-6    5111.734807933524
1.8637301722720452E-6     -4.34097610229052E-6     6626.368816039998
1.7979053805641947E-6     -4.451733849988444E-6    6051.6152661143315
1.9379753651256423E-6     -4.452463875511616E-6    6993.280595611523
1.737994299536168E-6      -4.780547534890742E-6    5580.635742063867
1.8046546547326593E-6     -4.671186315097699E-6    6042.0810194041605
1.8713150099291506E-6     -4.561825095304658E-6    6503.688891839832
1.6645846701712116E-6     -4.670456289574527E-6    5120.4073430725075
1.7312450253677034E-6     -4.561095069781485E-6    5581.423534890603
1.5911750408062557E-6     -4.560365044258312E-6    4660.926816836711
-3.319384104065111E-6     -2.3562750091899133E-6   -31555.339380494894
-3.424917884835807E-6     -2.3391223601956773E-6   -31638.059163877282
-3.530451665606503E-6     -2.321969711201441E-6    -31711.314798555126
-3.635985446377199E-6     -2.304817062207205E-6    -31789.35500003292
-3.7415192271478954E-6    -2.287664413212969E-6    -31824.46948979544
-3.359650142307359E-6     -2.4263373583729373E-6   -30889.18589669752
-3.465183923078055E-6     -2.409184709378701E-6    -30972.34642230225
-3.5707177038487515E-6    -2.392032060384465E-6    -31047.432887697756
-3.6762514846194475E-6    -2.374879411390229E-6    -31102.273424155923
-3.399916180549607E-6     -2.4963997075559613E-6   -30223.74883890192
-3.505449961320303E-6     -2.4792470585617253E-6   -30307.33424844966
-3.6109837420909996E-6    -2.4620944095674893E-6   -30381.914066891415
-3.4401822187918557E-6    -2.5664620567389853E-6   -29559.028207108095
-3.545715999562552E-6     -2.5493094077447493E-6   -29663.391418001884
-3.480448257034104E-6     -2.6365244059220093E-6   -28869.527010417358
-3.935480947213168E-6     -2.8526180006211306E-6   -26469.534961561487
-3.909742151705803E-6     -2.7221842835040462E-6   -27545.553249010823
-3.884003356198438E-6     -2.591750566386962E-6    -28765.591016412945
-3.858264560691073E-6     -2.4613168492698775E-6   -29985.7451948754
-3.832525765183708E-6     -2.330883132152793E-6    -31206.015784398165
-4.035487325960105E-6     -2.784591995491611E-6    -26744.28635095206
-4.00974853045274E-6      -2.6541582783745266E-6   -27853.944379551438
-3.984009734945375E-6     -2.5237245612574422E-6   -29054.67492516024
-3.95827093943801E-6      -2.393290844140358E-6    -30255.48210635055
-4.135493704707042E-6     -2.7165659903620914E-6   -26953.06513304954
-4.109754909199677E-6     -2.586132273245007E-6    -28143.749803674196
-4.084016113692312E-6     -2.4556985561279226E-6   -29343.773849327514
-4.235500083453979E-6     -2.648539985232572E-6    -27166.068401542794
-4.209761287946614E-6     -2.518106268115488E-6    -28437.88840877996
-4.335506462200916E-6     -2.580513980103052E-6    -27383.296156431865
-3.571454795069917E-6     -2.6797431248618337E-6   -28410.481247811105
-3.6367225375983646E-6    -2.5925281266845736E-6   -29138.781152415613
-3.701990280126812E-6     -2.505313128507313E-6    -29837.010287596597
-3.76725802265526E-6      -2.418098130330053E-6    -30537.08936644046
-3.6624613331057295E-6    -2.722961843801658E-6    -27928.901695037264
-3.7277290756341774E-6    -2.6357468456243976E-6   -28596.9338333137
-3.7929968181626253E-6    -2.5485318474471375E-6   -29297.57570813991
-3.7534678711415423E-6    -2.766180562741482E-6    -27450.391867328915
-3.81873561366999E-6      -2.678965564564222E-6    -28058.218236378452
-3.844474409177355E-6     -2.8093992816813063E-6   -26974.951764686117
-4.777268331346475E-6     -2.8562687250657226E-6   -23368.53697566202
-4.66743409450338E-6      -2.9243255694224543E-6   -23411.741362483783
-4.557599857660284E-6     -2.9923824137791864E-6   -23459.707916237247
-4.44776562081719E-6      -3.060439258135919E-6    -23509.386229241223
-4.664370899536046E-6     -2.787337748631858E-6    -24374.10350253067
-4.5545366626929504E-6    -2.8553945929885905E-6   -24421.41892416918
-4.444702425849855E-6     -2.923451437345322E-6    -24472.66763295351
-4.551473467725617E-6     -2.7184067721979936E-6   -25383.089908859256
-4.441639230882521E-6     -2.7864636165547258E-6   -25435.913358020523
-4.4385760359151875E-6    -2.6494757957641294E-6   -26399.123404442253
-4.03855052092744E-6      -2.9215798162822074E-6   -25781.993597415392
-4.1385568996743755E-6    -2.8535538111526878E-6   -25998.26432160484
-4.238563278421313E-6     -2.785527806023168E-6    -26128.977294006916
-4.33856965716825E-6      -2.7175018008936486E-6   -26263.806058217528
-4.14162009464171E-6      -2.9905416319432846E-6   -25015.04791441175
-4.2416264733886475E-6    -2.922515626813765E-6    -25164.43394954313
-4.341632852135585E-6     -2.8544896216842454E-6   -25298.814254230572
-4.244689668355981E-6     -3.059503447604361E-6    -24251.275698880003
-4.344696047102918E-6     -2.9914774424748418E-6   -24333.791116194836
-4.347759242070252E-6     -3.1284652632654386E-6   -23490.676950820198
-3.385555669289367E-6     -2.649388154669065E-6    -28691.063060792665
-3.2906630815446294E-6    -2.662251903416121E-6    -28558.66575370902
-3.1957704937998917E-6    -2.6751156521631767E-6   -28429.68647256031
-3.100877906055155E-6     -2.6879794009102328E-6   -28304.1252173466
-3.0059853183104172E-6    -2.7008431496572884E-6   -28131.98578603342
-3.345289631047118E-6     -2.579325805486041E-6    -29391.24394372428
-3.2503970433023804E-6    -2.5921895542330966E-6   -29236.99007396035
-3.1555044555576436E-6    -2.6050533029801527E-6   -29086.23572263571
-3.0606118678129068E-6    -2.6179170517272088E-6   -28941.159196134588
-3.30502359280487E-6      -2.509263456303017E-6    -30056.14811620707
-3.2101310050601327E-6    -2.522127205050073E-6    -29903.499592186072
-3.1152384173153954E-6    -2.5349909537971287E-6   -29763.076937809878
-3.2647575545626213E-6    -2.439201107119993E-6    -30721.784572970926
-3.169864966817884E-6     -2.452064855867049E-6    -30585.986195221903
-3.2244915163203736E-6    -2.369138757936969E-6    -31409.886968370658
-3.1313266400283985E-6    -2.3422489963717277E-6   -31547.93539004475
-3.0767000905259094E-6    -2.425175094301807E-6    -30719.49244505667
-3.02207354102342E-6      -2.508101192231887E-6    -29892.011420307485
-2.9674469915209317E-6    -2.591027290161967E-6    -29064.08826035109
-3.0381617637364234E-6    -2.315359234806485E-6    -31668.092315233316
-2.9835352142339348E-6    -2.398285332736565E-6    -30841.596052231616
-2.9289086647314453E-6    -2.481211430666645E-6    -30021.286660593752
-2.9449968874444488E-6    -2.2884694732412433E-6   -31792.091398291115
-2.8903703379419597E-6    -2.3713955711713234E-6   -30979.41934865952
-2.851832011152474E-6     -2.2615797116760016E-6   -31938.48632454843
-2.8988608143956637E-6    -2.6991276423559912E-6   -27849.80077066632
-2.7917363104809094E-6    -2.697412135054693E-6    -27613.181316833565
-2.6846118065661555E-6    -2.695696627753396E-6    -27380.79469467928
-2.5774873026514016E-6    -2.6939811204520984E-6   -27152.640904203516
-2.4703627987366477E-6    -2.692265613150801E-6    -26920.4971477865
-2.8603224876061773E-6    -2.5893117828606694E-6   -28818.563996352168
-2.7531979836914234E-6    -2.587596275559372E-6    -28578.8143944678
-2.6460734797766695E-6    -2.5858807682580738E-6   -28343.43539925186
-2.538948975861916E-6     -2.584165260956777E-6    -28122.969734385697
-2.8217841608166913E-6    -2.479495923365347E-6    -29784.508849702637
-2.714659656901938E-6     -2.47778041606405E-6     -29546.876694355004
-2.6075351529871835E-6    -2.4760649087627524E-6   -29321.995706293692
-2.7832458340272058E-6    -2.3696800638700254E-6   -30751.411564563903
-2.676121330112452E-6     -2.367964556568728E-6    -30522.03489265191
-2.74470750723772E-6      -2.259864204374704E-6    -31723.087293460347
-2.284684476935635E-6     -2.2706973357332327E-6   -29921.85286616011
-2.399690234511156E-6     -2.2679890528936E-6      -30368.864680094783
-2.5146959920866774E-6    -2.265280770053968E-6    -30816.21405335403
-2.629701749662199E-6     -2.2625724872143357E-6   -31268.89330865065
-2.331104057385888E-6     -2.3760894050876243E-6   -29177.82451773024
-2.446109814961409E-6     -2.3733811222479925E-6   -29622.227343079423
-2.561115572536931E-6     -2.3706728394083604E-6   -30072.535195296434
-2.377523637836141E-6     -2.4814814744420167E-6   -28435.321043257147
-2.4925293954116625E-6    -2.478773191602384E-6    -28877.10993573682
-2.4239432182863946E-6    -2.5868735437964088E-6   -27694.34244274081
-2.345440317902669E-6     -2.6998636705731143E-6   -26280.97671646165
-2.22051783706869E-6      -2.707461727995427E-6    -25658.262035040596
-2.0955953562347115E-6    -2.7150597854177403E-6   -25040.609839363504
-1.9706728754007326E-6    -2.7226578428400534E-6   -24428.020129430395
-1.8457503945667538E-6    -2.730255900262367E-6    -23830.384297952998
-2.2990207374524156E-6    -2.594471601218722E-6    -27050.957204694496
-2.1740982566184366E-6    -2.6020696586410344E-6   -26401.08024823751
-2.0491757757844577E-6    -2.609667716063348E-6    -25756.436486138795
-1.9242532949504795E-6    -2.6172657734856613E-6   -25151.849796258794
-2.252601157002162E-6     -2.4890795318643294E-6   -27789.389235030794
-2.1276786761681836E-6    -2.496677589286643E-6    -27142.54306450501
-2.0027561953342046E-6    -2.5042756467089563E-6   -26515.545351873523
-2.206181576551909E-6     -2.3836874625099373E-6   -28529.35108360782
-2.0812590957179306E-6    -2.3912855199322508E-6   -27879.800365445968
-2.159761996101656E-6     -2.2782953931555457E-6   -29244.61483697612
-1.6150239132483577E-6    -2.303998060846542E-6    -25617.978444647706
-1.751208433961682E-6     -2.2975723939237927E-6   -26537.672953272006
-1.8873929546750067E-6    -2.2911467270010437E-6   -27424.860628444803
-2.0235774753883313E-6    -2.2847210600782947E-6   -28318.431951863
-1.6727055335779566E-6    -2.4105625207004978E-6   -25182.720654703073
-1.808890054291281E-6     -2.4041368537777488E-6   -26084.942783232967
-1.9450745750046058E-6    -2.3977111868549998E-6   -26976.312083433135
-1.7303871539075556E-6    -2.5171269805544543E-6   -24749.829208711424
-1.8665716746208802E-6    -2.5107013136317053E-6   -25634.609690182013
-1.7880687742371547E-6    -2.6236914404084103E-6   -24319.304106672775
-2.5300571713551695E-7    -2.3360454353180887E-6   -12763.296510255543
-3.890037623973674E-7     -2.3335803339591497E-6   -14203.427922766901
-5.250018076592177E-7     -2.3311152326002107E-6   -15585.091881833963
-6.609998529210682E-7     -2.3286501312412717E-6   -16970.063830971667
-7.969978981829186E-7     -2.3261850298823327E-6   -18428.999254710543
-3.110164540057532E-7     -2.4460856654696588E-6   -12936.8220252926
-4.4701449926760364E-7    -2.4436205641107197E-6   -14345.191279995988
-5.83012544529454E-7      -2.4411554627517807E-6   -15730.53379243279
-7.190105897913044E-7     -2.4386903613928417E-6   -17145.96689551835
-3.6902719087598944E-7    -2.556125895621229E-6    -13112.793853970841
-5.050252361378399E-7     -2.55366079426229E-6     -14489.49096487275
-6.410232813996902E-7     -2.551195692903351E-6    -15861.602528441621
-4.270379277462257E-7     -2.666166125772799E-6    -13291.211996290276
-5.630359730080761E-7     -2.66370102441386E-6     -14575.906153480344
-4.850486646164619E-7     -2.7762063559243692E-6   -13372.596360074116
-3.465167213816207E-7     -2.7802999425666344E-6   -12030.962612642823
-2.0798477814677944E-7    -2.7843935292088996E-6   -10690.943281513213
-6.945283491193821E-8     -2.788487115851165E-6    -9352.943119387786
6.907910832290311E-8      -2.7925807024934296E-6   -8016.9621262665605
-2.8850598451138447E-7    -2.6702597124150644E-6   -11921.045355111797
-1.4997404127654313E-7    -2.674353299057329E-6    -10508.699874857828
-1.1442098041701922E-8    -2.6784468856995948E-6   -9098.45220352704
-2.3049524764114814E-7    -2.560219482263494E-6    -11710.619230595801
-9.19633044063069E-8      -2.564313068905759E-6    -10301.526451309961
-1.7248451077091192E-7    -2.450179252111924E-6    -11502.549405714473
-1.7113675601981217E-6    -2.735977936527975E-6    -22894.067558340554
-1.5769847258294895E-6    -2.7416999727935825E-6   -21962.227379060685
-1.4426018914608574E-6    -2.7474220090591905E-6   -21035.21161701868
-1.3082190570922252E-6    -2.7531440453247985E-6   -20113.020272214548
-1.1738362227235931E-6    -2.7588660815904066E-6   -19212.967033502562
-1.6536859398685225E-6    -2.6294134766740188E-6   -23364.07084621738
-1.5193031054998902E-6    -2.6351355129396264E-6   -22387.845262575982
-1.3849202711312584E-6    -2.6408575492052344E-6   -21416.60669031166
-1.2505374367626263E-6    -2.6465795854708425E-6   -20499.203212750268
-1.5960043195389234E-6    -2.522849016820062E-6    -23776.794381619537
-1.4616214851702913E-6    -2.52857105308567E-6     -22804.35977039318
-1.3272386508016595E-6    -2.5342930893512784E-6   -21851.91230976109
-1.5383226992093243E-6    -2.416284556966106E-6    -24191.853527939544
-1.4039398648406925E-6    -2.422006593231714E-6    -23204.19682361239
-1.4806410788797257E-6    -2.3097200971121497E-6   -24556.05675430416
-1.1140660194937812E-6    -2.64982880494669E-6     -19414.34350907229
-1.054295816263969E-6     -2.5407915283029736E-6   -19534.205812118562
-9.945256130341568E-7     -2.4317542516592567E-6   -19656.67278042854
-9.347554098043448E-7     -2.32271697501554E-6     -19781.74441400222
-1.1907672335328144E-6    -2.537542308827126E-6    -20694.195619123806
-1.130997030303002E-6     -2.428505032183409E-6    -20843.00949117751
-1.07122682707319E-6      -2.3194677555396926E-6   -20994.49291223718
-1.2674684475718471E-6    -2.4252558127075615E-6   -22011.573718955373
-1.2076982443420352E-6    -2.316218536063845E-6    -22158.904537938437
-1.3441696616108803E-6    -2.3129693165879974E-6   -23328.361975002994
-8.567681014127307E-7     -2.435222306526049E-6    -18401.391933840823
-9.165383046425427E-7     -2.5442595831697657E-6   -18305.66890996203
-9.763085078723547E-7     -2.6532968598134826E-6   -18212.48566760465
-1.0360787111021669E-6    -2.762334136457199E-6    -18037.447337808597
-7.787807930211165E-7     -2.5477276380365582E-6   -17073.270910828523
-8.385509962509287E-7     -2.656764914680275E-6    -16976.33210708199
-8.983211994807407E-7     -2.7658021913239916E-6   -16861.202234682667
-7.007934846295024E-7     -2.6602329695470673E-6   -15743.998661068254
-7.605636878593145E-7     -2.769270246190784E-6    -15688.648210905605
-6.228061762378882E-7     -2.7727383010575767E-6   -14519.785266477411
-4.766863929977219E-6     -3.574701142256565E-6    -19642.32871839372
-4.6435620967975345E-6    -3.6527740115849705E-6   -19772.148526197474
-4.52026026361785E-6      -3.730846880913376E-6    -19906.799315955428
-4.396958430438165E-6     -3.8089197502417825E-6   -20058.995860551255
-4.657029693134124E-6     -3.499900843756154E-6    -20403.155867716152
-4.533727859954439E-6     -3.5779737130845594E-6   -20536.707271453688
-4.410426026774754E-6     -3.656046582412966E-6    -20679.711783172606
-4.5471954562910285E-6    -3.4251005452557428E-6   -21166.79775329703
-4.423893623111344E-6     -3.5031734145841487E-6   -21300.59725355825
-4.437361219447934E-6     -3.3503002467553325E-6   -21921.652271708197
-4.517847056966557E-6     -4.4401194079871346E-6   -18039.459087586525
-4.484258001250311E-6     -4.320537785508001E-6    -18405.302859899537
-4.450668945534066E-6     -4.200956163028867E-6    -18771.315088145173
-4.4170798898178194E-6    -4.081374540549733E-6    -19137.495772323422
-4.607559834429997E-6     -4.385322059036737E-6    -17837.349616210362
-4.57397077871375E-6      -4.265740436557604E-6    -18190.712792206345
-4.540381722997505E-6     -4.146158814078469E-6    -18544.226455234133
-4.697272611893435E-6     -4.33052471008634E-6     -17631.340926814715
-4.66368355617719E-6      -4.2109430876072065E-6   -17984.101162670915
-4.786985389356875E-6     -4.275727361135944E-6    -17427.47948992402
-8.605422124481737E-8     -3.3366006121406185E-6   -8429.466791428493
-2.732116668430503E-8     -3.2286153475396343E-6   -8160.553179581453
3.141188787620732E-8      -3.1206300829386488E-6   -7819.386991156367
9.014494243671963E-8      -3.012644818337665E-6    -7479.964432566957
1.48877996997232E-7       -2.9046595537366794E-6   -7142.285503813225
-1.6585310991914628E-7    -3.224521760897369E-6    -9348.799574213213
-1.0712005535863395E-7    -3.116536496296384E-6    -9078.215556351372
-4.8387000798121594E-8    -3.008551231695399E-6    -8763.843333525441
1.0346053762390717E-8     -2.9005659670944147E-6   -8451.304011464106
-2.456519985934752E-7     -3.1124429096541184E-6   -10336.199244501066
-1.8691894403296286E-7    -3.0044576450531337E-6   -10029.54868742721
-1.2818588947245052E-7    -2.896472380452149E-6    -9714.436399848366
-3.254508872678041E-7     -3.0003640584108694E-6   -11322.382409990372
-2.667178327072918E-7     -2.892378793809884E-6    -10979.509317317816
-4.05249775942133E-7      -2.8882852071676187E-6   -12307.349070681146
2.3005849801413144E-7     -3.014729357072656E-6    -6205.536843456501
1.713254434536191E-7      -3.1227146216736404E-6   -6570.396622255313
1.1259238889310676E-7     -3.2306998862746247E-6   -6936.910759960862
5.385933433259442E-8      -3.33868515087561E-6     -7228.419234144621
3.112389990310309E-7      -3.1247991604086316E-6   -5314.9241293688765
2.525059444705185E-7      -3.2327844250096167E-6   -5679.252186002842
1.937728899100062E-7      -3.340769689610601E-6    -6025.426091059589
3.9241950004793037E-7     -3.2348689637446075E-6   -4422.620713198514
3.3368644548741806E-7     -3.3428542283455926E-6   -4823.423657664345
4.736000010648298E-7      -3.344938767080584E-6    -3622.4119339588815
3.014833165236387E-7      -3.893404276250898E-6    -4700.523267033539
3.6388936454735934E-7     -3.7841280821638335E-6   -4302.409360023956
4.2629541257107986E-7     -3.6748518880767684E-6   -3853.4758769651066
4.887014605948005E-7      -3.5655756939897042E-6   -3405.7554563705407
5.511075086185211E-7      -3.4562994999026392E-6   -2959.2480982402617
2.2397580896994752E-7     -3.7820435434288422E-6   -5396.047988639509
2.8638185699366807E-7     -3.672767349341777E-6    -4997.267902455302
3.4878790501738865E-7     -3.5634911552547126E-6   -4568.938423567053
4.111939530411092E-7      -3.4542149611676484E-6   -4141.914880406068
1.4646830141625628E-7     -3.670682810606786E-6    -6140.978193398003
2.0887434943997686E-7     -3.5614066165197214E-6   -5716.524966649055
2.7128039746369743E-7     -3.4521304224326568E-6   -5287.824649291422
6.896079386256508E-8      -3.55932207778473E-6     -6884.944626309978
1.3136684188628564E-7     -3.450045883697665E-6    -6434.688736402646
-8.546713691126165E-9     -3.4479613449626744E-6   -7627.947287375435
6.286585245321029E-7      -3.566112094676751E-6    -2269.038169201206
5.662524765083824E-7      -3.6753882887638156E-6   -2736.5306233054707
5.038464284846617E-7      -3.7846644828508802E-6   -3205.143266611031
4.414403804609412E-7      -3.893940676937945E-6    -3622.0758622272433
7.062095404456848E-7      -3.6759246894508624E-6   -1615.245868786143
6.438034924219642E-7      -3.7852008835379275E-6   -2082.56282969844
5.813974443982437E-7      -3.894477077624991E-6    -2536.1552208548237
7.837605563592666E-7      -3.7857372842249742E-6   -960.1598654887403
7.213545083355461E-7      -3.895013478312039E-6    -1450.4027171347316
8.613115722728486E-7      -3.895549878999086E-6    -364.81835106695996
7.418425447652399E-7      -4.337169865081015E-6    -1288.7720157775902
8.066990676264677E-7      -4.2268989687322945E-6   -800.3362534505857
8.715555904876954E-7      -4.116628072383574E-6    -312.5385498870882
9.364121133489233E-7      -4.006357176034854E-6    174.62109491290414
6.018854808279375E-7      -4.336633464393968E-6    -2309.5677374336365
6.667420036891653E-7      -4.226362568045248E-6    -1849.5645448082535
7.315985265503931E-7      -4.116091671696527E-6    -1374.2654001549581
7.964550494116208E-7      -4.0058207753478065E-6   -899.6960661605171
5.267849397518627E-7      -4.2258261673582E-6      -2898.621922242889
5.916414626130905E-7      -4.115555271009479E-6    -2423.5614421204023
6.564979854743183E-7      -4.005284374660759E-6    -1948.1678662609706
4.516843986757881E-7      -4.115018870322433E-6    -3487.026236517203
5.165409215370159E-7      -4.004747973973712E-6    -2996.798468963183
3.765838575997134E-7      -4.004211573286666E-6    -4074.780680256579
1.0116974714828634E-6     -4.117048674781412E-6    720.3417658984706
9.468409486216357E-7      -4.227319571130132E-6    219.6898222861389
8.81984425760408E-7       -4.337590467478853E-6    -281.50842819434297
8.171279028991802E-7      -4.447861363827574E-6    -755.5588439306355
1.0869828296168037E-6     -4.22774017352797E-6     1240.9748915141765
1.0221263067555759E-6     -4.338011069876691E-6    740.2452017600526
9.57269783894348E-7       -4.448281966225412E-6    247.12271042770385
1.162268187750744E-6      -4.33843167227453E-6     1762.5246353347545
1.0974116648895161E-6     -4.44870256862325E-6     1250.3293963835556
1.2375535458846842E-6     -4.449123171021088E-6    2254.0612139369255
1.039043976290441E-6      -4.7793969069697315E-6   813.8655594241595
1.1052138328218551E-6     -4.669305661653516E-6    1283.762177514582
1.1713836893532698E-6     -4.559214416337302E-6    1753.517467877742
9.650719518266873E-7      -4.668885059255678E-6    299.52065132792177
1.0312418083581018E-6     -4.558793813939464E-6    769.3017861917288
8.910999273629337E-7      -4.558373211541626E-6    -214.3894359195633
-3.4631514334525295E-6    -2.7363697086082167E-6   -28047.023435938725
-3.5541579714883415E-6    -2.779588427548041E-6    -27631.648546647855
-3.6451645095241543E-6    -2.822807146487865E-6    -27212.171568128848
-3.736171047559967E-6     -2.8660258654276893E-6   -26795.702317574156
-3.827177585595781E-6     -2.9092445843675136E-6   -26259.74433931414
-3.445854609870954E-6     -2.836215011294424E-6    -27310.244980385025
-3.5368611479067667E-6    -2.879433730234248E-6    -26884.847594425995
-3.6278676859425795E-6    -2.9226524491740722E-6   -26464.792684188524
-3.7188742239783924E-6    -2.9658711681138966E-6   -25992.822547050127
-3.428557786289379E-6     -2.936060313980631E-6    -26573.561287160555
-3.519564324325192E-6     -2.979279032920455E-6    -26138.157678059102
-3.6105708623610048E-6    -3.022497751860279E-6    -25730.09486733251
-3.411260962707804E-6     -3.0359056166668386E-6   -25836.972356265353
-3.502267500743617E-6     -3.079124335606663E-6    -25471.561300161273
-3.393964139126229E-6     -3.1357509193530455E-6   -25168.959315835422
-3.368258845707792E-6     -2.7492334573552723E-6   -27928.161074653595
-3.3509620221262167E-6    -2.8490787600414796E-6   -27201.34657204795
-3.3336651985446415E-6    -2.948924062727687E-6    -26474.610558245826
-3.316368374963067E-6     -3.0487693654138943E-6   -25814.572311762156
-3.273366257963054E-6     -2.762097206102328E-6    -27819.745063991526
-3.25606943438148E-6      -2.8619425087885357E-6   -27093.44994938425
-3.2387726107999046E-6    -2.9617878114747426E-6   -26403.637967180533
-3.1784736702183165E-6    -2.774960954849384E-6    -27714.66558676004
-3.161176846636742E-6     -2.8748062575355913E-6   -26995.076355647423
-3.0835810824735797E-6    -2.78782470359644E-6     -27588.887477162825
-3.8583307832300765E-6    -3.508808187442782E-6    -22630.660367078355
-3.976830389740966E-6     -3.446531965739529E-6    -22659.058986622804
-4.0953299962518555E-6    -3.3842557440362754E-6   -22668.294155163177
-4.2138296027627445E-6    -3.3219795223330218E-6   -22682.26645825252
-4.332329209273634E-6     -3.2597033006297686E-6   -22700.975895890857
-3.963362793404376E-6     -3.599405133568346E-6    -22080.16205221625
-4.081862399915266E-6     -3.5371289118650925E-6   -22086.532947392436
-4.200362006426155E-6     -3.474852690161839E-6    -22023.100270087125
-4.318861612937044E-6     -3.4125764684585853E-6   -21964.272677049645
-4.068394803578676E-6     -3.690002079693909E-6    -21453.90779608341
-4.186894410089565E-6     -3.6277258579906555E-6   -21412.064859917995
-4.305394016600455E-6     -3.5654496362874024E-6   -21352.286764899167
-4.173426813752975E-6     -3.780599025819472E-6    -20830.536562645375
-4.291926420263864E-6     -3.7183228041162186E-6   -20740.457421932133
-4.278458823927275E-6     -3.871195971945036E-6    -20210.04835190215
-3.92005091441655E-6      -2.983856037985461E-6    -25592.287612191594
-4.02312048813082E-6      -3.0528178536465382E-6   -24907.56254170766
-4.126190061845091E-6     -3.121779669307615E-6    -24210.394509374077
-4.2292596355593625E-6    -3.190741484968692E-6    -23516.385873270876
-3.904620881619931E-6     -3.1150940753497914E-6   -24818.427661850044
-4.007690455334202E-6     -3.184055891010868E-6    -24122.966076848832
-4.110760029048473E-6     -3.253017706671945E-6    -23425.023673841883
-3.889190848823313E-6     -3.246332112714122E-6    -24044.711591300686
-3.992260422537584E-6     -3.3152939283751986E-6   -23338.530659242984
-3.8737608160266945E-6    -3.377570150078452E-6    -23271.13940054351
-3.486837467946999E-6     -3.2103623729709933E-6   -24716.643211708808
-3.5951408295643864E-6    -3.15373578922461E-6     -24980.853569476105
-3.703444191181774E-6     -3.0971092054782265E-6   -25175.350533184734
-3.8117475527991616E-6    -3.040482621731844E-6    -25373.96109472987
-3.579710796767768E-6     -3.28497382658894E-6     -24204.23042768239
-3.6880141583851556E-6    -3.2283472428425574E-6   -24412.92818651594
-3.7963175200025436E-6    -3.171720659096174E-6    -24610.801018146678
-3.6725841255885377E-6    -3.3595852802068878E-6   -23694.561852393505
-3.7808874872059253E-6    -3.3029586964605043E-6   -23847.76765389483
-3.765457454409307E-6     -3.4341967338248347E-6   -23187.63748584219
-2.955133506102961E-6     -2.8087061236026946E-6   -27263.235118394736
-3.0327292702661236E-6    -2.895687677541846E-6    -26709.35816601271
-3.110325034429286E-6     -2.982669231480997E-6    -26144.523491864966
-3.1879207985924477E-6    -3.0696507854201484E-6   -25582.058037576844
-3.265516562755611E-6     -3.1566323393593004E-6   -24922.400977638445
-2.904281693895505E-6     -2.9165690975481004E-6   -26420.880570479138
-2.981877458058667E-6     -3.0035506514872516E-6   -25854.47858595402
-3.0594732222218296E-6    -3.0905322054264033E-6   -25288.398697881286
-3.137068986384992E-6     -3.1775137593655545E-6   -24675.54344519028
-2.853429881688049E-6     -3.024432071493506E-6    -25579.087578354163
-2.931025645851211E-6     -3.1114136254326574E-6   -25000.213571190397
-3.0086214100143736E-6    -3.198395179371809E-6    -24434.026957989627
-2.8025780694805925E-6    -3.1322950454389123E-6   -24737.8561420198
-2.8801738336437554E-6    -3.219276599378064E-6    -24197.851516036502
-2.7517262572731365E-6    -3.240158019384318E-6    -23936.368899602196
-2.8480090021882073E-6    -2.806990616301397E-6    -27015.94887109854
-2.797157189980751E-6     -2.9148535902468028E-6   -26186.381751663128
-2.7463053777732947E-6    -3.0227165641922085E-6   -25357.323178513874
-2.695453565565839E-6     -3.130579538137615E-6    -24545.049464239375
-2.7408844982734533E-6    -2.8052751090000994E-6   -26786.084622116214
-2.6900326860659973E-6    -2.9131380829455056E-6   -25958.025112942887
-2.639180873858541E-6     -3.021001056890911E-6    -25138.348326123563
-2.6337599943586994E-6    -2.8035596016988014E-6   -26560.315429822393
-2.5829081821512434E-6    -2.9114225756442076E-6   -25733.236466512542
-2.5266354904439455E-6    -2.8018440943975046E-6   -26329.71388540636
-2.628210339702524E-6     -3.2477063198967406E-6   -23494.52378215474
-2.5046944221319108E-6    -3.2552546204091623E-6   -23081.732200011196
-2.3811785045612984E-6    -3.2628029209215845E-6   -22673.49121167673
-2.2576625869906855E-6    -3.270351221434007E-6    -22269.80081715135
-2.1341466694200727E-6    -3.2778995219464287E-6   -21876.23681663255
-2.571937647995226E-6     -3.138127838650037E-6    -24120.380150872843
-2.448421730424613E-6     -3.145676139162459E-6    -23684.109018240273
-2.324905812854E-6        -3.153224439674881E-6    -23252.51237893024
-2.2013898952833877E-6    -3.1607727401873036E-6   -22848.452569637368
-2.515664956287928E-6     -3.0285493574033335E-6   -24708.086883125805
-2.3921490387173155E-6    -3.036097657915756E-6    -24274.625757382746
-2.2686331211467027E-6    -3.0436459584281777E-6   -23854.980518746153
-2.45939226458063E-6      -2.9189708761566297E-6   -25297.38378993784
-2.3358763470100177E-6    -2.926519176669052E-6    -24862.061537138197
-2.403119572873333E-6     -2.8093923949099267E-6   -25869.69562481351
-1.9034296495374176E-6    -2.8397846245991793E-6   -23476.35462620173
-2.0283521303713965E-6    -2.8321865671768662E-6   -24078.79123120833
-2.153274611205375E-6     -2.8245885097545528E-6   -24664.675836448598
-2.2781970920393537E-6    -2.8169904523322393E-6   -25255.45221881849
-1.961108904508081E-6     -2.9493133489359917E-6   -23082.842885322876
-2.08603138534206E-6      -2.9417152915136783E-6   -23674.43633749068
-2.210953866176039E-6     -2.9341172340913653E-6   -24263.467481776584
-2.018788159478745E-6     -3.0588420732728038E-6   -22691.171817762428
-2.1437106403127237E-6    -3.0512440158504903E-6   -23271.94422919854
-2.0764674144494087E-6    -3.1683707976096167E-6   -22301.341423520404
-2.0005938814150285E-6    -3.2834064422527615E-6   -21187.96388425072
-1.8670410934099842E-6    -3.2889133625590934E-6   -20501.833663291138
-1.73348830540494E-6      -3.294420282865426E-6    -19820.28285694433
-1.599935517399896E-6     -3.299927203171759E-6    -19143.31146521029
-1.4663827293948518E-6    -3.305434123478091E-6    -18480.57866633619
-1.9429146264443645E-6    -3.1738777179159486E-6   -21603.241561514544
-1.8093618384393202E-6    -3.1793846382222813E-6   -20889.390128835064
-1.6758090504342762E-6    -3.1848915585286132E-6   -20180.246087917938
-1.5422562624292322E-6    -3.1903984788349464E-6   -19505.470125152875
-1.885235371473701E-6     -3.064348993579136E-6    -21982.248394311187
-1.7516825834686567E-6    -3.069855913885469E-6    -21271.518867856525
-1.6181297954636125E-6    -3.075362834191801E-6    -20573.749983358775
-1.827556116503037E-6     -2.954820269242324E-6    -22363.073788319118
-1.694003328497993E-6     -2.960327189548657E-6    -21642.184021907044
-1.7698768615323733E-6    -2.8452915449055116E-6   -22710.77224079769
-1.232345524057845E-6     -2.8681796899679433E-6   -19122.669482019475
-1.366728358426477E-6     -2.8624576537023357E-6   -20028.853139230854
-1.5011111927951093E-6    -2.8567356174367273E-6   -20906.515849074283
-1.635494027163741E-6     -2.8510135811711196E-6   -21788.840382016337
-1.2908548253920968E-6    -2.9774932983454805E-6   -18971.853414928864
-1.4252376597607286E-6    -2.971771262079872E-6    -19862.26952586454
-1.5596204941293609E-6    -2.9660492258142644E-6   -20743.25478924538
-1.3493641267263484E-6    -3.0868069067230173E-6   -18822.999846372593
-1.4837469610949804E-6    -3.0810848704574092E-6   -19697.695416635095
-1.4078734280606E-6       -3.1961205151005544E-6   -18676.10877635066
-1.3297481271042456E-6    -3.309017153480797E-6    -17561.18231165618
-1.1931135248136389E-6    -3.3126001834835023E-6   -16642.877049820803
-1.0564789225230326E-6    -3.3161832134862084E-6   -15728.300674909678
-9.19844320232426E-7      -3.3197662434889138E-6   -14817.453186922801
-7.832097179418196E-7     -3.3233492734916195E-6   -13923.59372829456
-1.2712388257699937E-6    -3.1997035451032598E-6   -17740.60964437181
-1.134604223479387E-6     -3.2032865751059655E-6   -16784.99927910365
-9.979696211887806E-7     -3.2068696051086713E-6   -15833.224192711305
-8.613350188981744E-7     -3.210452635111377E-6    -14923.931429398279
-1.2127295244357417E-6    -3.0903899367257226E-6   -17871.562381995467
-1.0760949221451355E-6    -3.0939729667284288E-6   -16919.00977293704
-9.39460319854529E-7      -3.097555996731134E-6    -15980.256929198446
-1.15422022310149E-6      -2.9810763283481863E-6   -18004.43061255089
-1.0175856208108838E-6    -2.9846593583508916E-6   -17036.07050499375
-1.0957109217672385E-6    -2.871762719970649E-6    -18091.372156784182
-7.235775072767481E-7     -3.2139206899781696E-6   -13878.636826396829
-6.639452966116766E-7     -3.104492106464719E-6    -13769.996188452713
-6.043130859466051E-7     -2.9950635229512696E-6   -13663.328204207075
-5.446808752815335E-7     -2.8856349394378192E-6   -13558.632873659913
-8.017028082331028E-7     -3.101024051597927E-6    -14875.365161397127
-7.420705975680312E-7     -2.9915954680844767E-6   -14790.196869794425
-6.824383869029597E-7     -2.8821668845710267E-6   -14707.073598793646
-8.798281091894575E-7     -2.9881274132176837E-6   -15901.92003794547
-8.20195898524386E-7      -2.878698829704234E-6    -15815.663680850392
-9.579534101458122E-7     -2.8752307748374416E-6   -16927.815807095925
-4.648819866072046E-7     -2.997713790681069E-6    -12494.800348904477
-5.24514197272276E-7      -3.107142374194519E-6    -12623.325607114137
-5.841464079373477E-7     -3.216570957707969E-6    -12753.75115211881
-6.437786186024192E-7     -3.3259995412214194E-6   -12819.75505502198
-3.8508309793287557E-7    -3.109792641924319E-6    -11473.32000300301
-4.4471530859794713E-7    -3.2192212254377693E-6   -11600.970043234463
-5.043475192630188E-7     -3.3286498089512193E-6   -11714.781592457617
-3.052842092585467E-7     -3.221871493167569E-6    -10450.779148689697
-3.6491641992361827E-7    -3.3313000766810188E-6   -10612.323129073982
-2.2548532058421782E-7    -3.333950344410819E-6    -9512.379664871078
-3.7780593772993167E-6    -4.0798573401525705E-6   -20510.557809498525
-3.794113658485469E-6     -3.9656475096106126E-6   -20851.599489569933
-3.8101679396716207E-6    -3.8514376790686555E-6   -21277.035226462758
-3.826222220857773E-6     -3.7372278485266976E-6   -21702.574360594597
-3.842276502043925E-6     -3.6230180179847397E-6   -22128.216891965432
-3.899145668659768E-6     -4.056244455736176E-6    -20299.984819634396
-3.91519994984592E-6      -3.942034625194219E-6    -20700.289295852464
-3.931254231032072E-6     -3.82782479465226E-6     -21135.330305269246
-3.9473085122182235E-6    -3.713614964110303E-6    -21570.485005140734
-4.0202319600202195E-6    -4.032631571319782E-6    -20131.918504341724
-4.036286241206371E-6     -3.9184217407778246E-6   -20559.756571498274
-4.052340522392523E-6     -3.8042119102358666E-6   -20995.505217002872
-4.141318251380672E-6     -4.009018686903387E-6    -19967.98596946762
-4.157372532566823E-6     -3.89480885636143E-6     -20423.430824766016
-4.262404542741123E-6     -3.985405802486994E-6    -19808.18721501214
-4.450305040089103E-6     -4.553683610845655E-6    -17967.7258565448
-4.3491739674954015E-6    -4.547666191225042E-6    -18246.36771313591
-4.248042894901702E-6     -4.541648771604429E-6    -18527.60778761286
-4.146911822308001E-6     -4.535631351983815E-6    -18811.446079975693
-4.416715984372857E-6     -4.434101988366521E-6    -18316.895031539098
-4.315584911779156E-6     -4.428084568745907E-6    -18602.995909009886
-4.214453839185456E-6     -4.4220671491252945E-6   -18891.715249474444
-4.113322766591756E-6     -4.416049729504682E-6    -19180.245262773427
-4.3831269286566105E-6    -4.3145203658873865E-6   -18695.33194728662
-4.28199585606291E-6      -4.308502946266774E-6    -18982.148312014662
-4.18086478346921E-6      -4.302485526646161E-6    -19273.713752093783
-4.349537872940366E-6     -4.194938743408253E-6    -19073.955287867553
-4.248406800346665E-6     -4.18892132378764E-6     -19368.56395149835
-4.31594881722412E-6      -4.07535712092912E-6     -19464.795860987113
-3.831603651782314E-6     -4.169808658594697E-6    -20238.152535893743
-3.952689943142766E-6     -4.1461957741783025E-6   -20044.27404214407
-4.073776234503216E-6     -4.122582889761908E-6    -19851.064334444913
-4.1948625258636684E-6    -4.098970005345514E-6    -19661.915209960975
-3.88514792626531E-6      -4.259759977036823E-6    -19944.009040282275
-4.0062342176257615E-6    -4.236147092620429E-6    -19754.634470438574
-4.127320508986213E-6     -4.2125342082040345E-6   -19563.1073251836
-3.938692200748308E-6     -4.34971129547895E-6     -19650.57780223235
-4.059778492108759E-6     -4.326098411062555E-6    -19465.688947261886
-3.992236475231304E-6     -4.439662613921076E-6    -19357.858821743983
-4.421641716644154E-6     -4.641743404752401E-6    -18022.08353350473
-4.3929783931992035E-6    -4.729803198659147E-6    -18047.59355955638
-4.364315069754254E-6     -4.817862992565893E-6    -18073.337250619523
-4.320510644050452E-6     -4.635725985131787E-6    -18294.759403689204
-4.291847320605503E-6     -4.723785779038534E-6    -18321.046976956637
-4.219379571456753E-6     -4.629708565511175E-6    -18570.013246651586
-3.9815040351717924E-7    -3.885608344804773E-6    -9868.122649400095
-3.357311670627069E-7     -3.7758067982719423E-6   -9628.847492582683
-2.7331193060823447E-7    -3.6660052517391114E-6   -9343.388228448322
-2.1089269415376214E-7    -3.55620370520628E-6     -9059.396206346291
-1.4847345769928973E-7    -3.4464021586734498E-6   -8776.871426276592
-4.7516226640210733E-7    -3.7731565305421424E-6   -10635.170460689595
-4.1274302994763495E-7    -3.6633549840093116E-6   -10393.776253419119
-3.503237934931625E-7     -3.5535534374764803E-6   -10126.829540286015
-2.879045570386902E-7     -3.443751890943649E-6    -9861.431303738842
-5.521741292870354E-7     -3.6607047162795117E-6   -11444.83024087673
-4.89754892832563E-7      -3.5509031697466804E-6   -11180.891466271954
-4.273356563780906E-7     -3.44110162321385E-6     -10913.217638445523
-6.291859921719634E-7     -3.548252902016881E-6    -12254.05450432153
-5.66766755717491E-7      -3.4384513554840497E-6   -11967.443757174064
-7.061978550568915E-7     -3.4358010877542502E-6   -13062.843251023993
-7.096595014559851E-8     -3.557762891495505E-6    -7973.403744141178
-1.333851866000709E-7     -3.667564438028336E-6    -8274.806062749954
-1.9580442305454328E-7    -3.7773659845611673E-6   -8577.594388837442
-2.5822365950901564E-7    -3.8871675310939985E-6   -8834.309559439218
6.541557408092706E-9      -3.669123624317561E-6    -7204.31513953035
-5.587767904637968E-8     -3.7789251708503923E-6   -7505.192861876396
-1.1829691550085204E-7    -3.888726717383223E-6    -7795.166971190848
8.40490649617839E-8       -3.780484357139617E-6    -6434.392285666647
2.162982850731151E-8      -3.890285903672448E-6    -6757.589288883609
1.6155657251547514E-7     -3.891845089961673E-6    -5721.576512517495
4.5835517679306013E-8     -4.333916536527601E-6    -6299.0669336053725
1.097474673903892E-7      -4.223788471458425E-6    -5908.7527687731335
1.7365941710147236E-7     -4.113660406389249E-6    -5519.345416197179
2.3757136681255556E-7     -4.003532341320074E-6    -5130.844875877512
-9.40912263288576E-8      -4.332357350238375E-6    -7277.498217419157
-3.0179276617774405E-8    -4.222229285169199E-6    -6912.3534690625
3.373267309330877E-8      -4.112101220100024E-6    -6533.750375349058
9.764462280439194E-8      -4.001973155030848E-6    -6156.138499823197
-1.7010602062593802E-7    -4.220670098879975E-6    -7916.65354771537
-1.0619407091485482E-7    -4.110542033810799E-6    -7537.534151537212
-4.228212120377164E-8     -4.000413968741624E-6    -7158.488049683443
-2.461208149230184E-7     -4.108982847521574E-6    -8555.573099564344
-1.8220886521193521E-7    -3.998854782452398E-6    -8162.366460674637
-3.2213560922009887E-7    -3.997295596163174E-6    -9194.256872966078
3.1267190788863025E-7     -4.114339638355841E-6    -4503.7210418437535
2.48759958177547E-7       -4.224467703425016E-6    -4904.291003766488
1.8484800846646387E-7     -4.334595768494192E-6    -5305.683372014205
1.209360587553807E-7      -4.444723833563368E-6    -5683.256577407352
3.877724489647049E-7      -4.225146935391608E-6    -3900.530272425892
3.2386049925362173E-7     -4.335275000460784E-6    -4300.846764829969
2.5994854954253855E-7     -4.44540306552996E-6     -4695.591430854067
4.628729900407796E-7      -4.335954232427376E-6    -3296.799632407523
3.9896104032969644E-7     -4.446082297496552E-6    -3708.70264737295
5.379735311168543E-7      -4.446761529463144E-6    -2722.5902269639973
3.411511468190044E-7      -4.778297072605301E-6    -4082.4355759928335
4.06758608251621E-7       -4.667785224891248E-6    -3638.7433811901456
4.7236606968423763E-7     -4.557273377177196E-6    -3195.481966572316
2.6774611746446315E-7     -4.667105992924656E-6    -4607.907667219119
3.333535788970798E-7      -4.556594145210604E-6    -4164.009763243608
1.943410881099219E-7      -4.555914913244012E-6    -5133.300811297437
-3.664501691455213E-6     -4.02911017059893E-6     -20762.01525374731
-3.550944005611109E-6     -3.97836300104529E-6     -20989.73036446367
-3.4373863197670048E-6    -3.927615831491649E-6    -21221.126909351457
-3.3238286339229007E-6    -3.876868661938009E-6    -21456.204888410713
-3.2102709480787966E-6    -3.8261214923843684E-6   -21625.764303207798
-3.680555972641365E-6     -3.914900340056973E-6    -21141.57738673097
-3.5669982867972603E-6    -3.864153170503332E-6    -21428.71004810482
-3.453440600953156E-6     -3.8134060009496916E-6   -21719.56796543283
-3.339882915109053E-6     -3.7626588313960517E-6   -21867.07834038604
-3.6966102538275166E-6    -3.8006905095150147E-6   -21557.52287805229
-3.5830525679834125E-6    -3.749943339961375E-6    -21844.062930290762
-3.4694948821393084E-6    -3.699196170407734E-6    -22063.92809971095
-3.7126645350136684E-6    -3.686480678973057E-6    -21973.561473396905
-3.5991068491695647E-6    -3.635733509419417E-6    -22265.860076190358
-3.7287188161998206E-6    -3.5722708484310998E-6   -22472.87426982427
-3.357225500916743E-6     -3.2738250339593105E-6   -24350.743869957194
-3.450098829737512E-6     -3.3484364875772575E-6   -23911.535350396713
-3.5429721585582813E-6    -3.4230479411952045E-6   -23456.9851220897
-3.635845487379051E-6     -3.4976593948131523E-6   -23005.1584609187
-3.320486862707256E-6     -3.4118991485655747E-6   -23640.05657191715
-3.4133601915280254E-6    -3.486510602183522E-6    -23180.639947631676
-3.506233520348795E-6     -3.5611220558014695E-6   -22725.06380818819
-3.2837482244977695E-6    -3.5499732631718393E-6   -22929.71481845745
-3.3766215533185387E-6    -3.6245847167897863E-6   -22450.13001151845
-3.2470095862882833E-6    -3.6880473777781043E-6   -22219.718609578085
-3.228777924546124E-6     -3.2947064539655646E-6   -24132.308471809723
-3.1920392863366377E-6    -3.432780568571829E-6    -23442.08241399978
-3.1553006481271506E-6    -3.5708546831780938E-6   -22752.161978698678
-3.118562009917665E-6     -3.708928797784359E-6    -22115.408224450326
-3.1003303481755054E-6    -3.315587873971819E-6    -23937.146227035148
-3.063591709966019E-6     -3.453661988578084E-6    -23248.199215866756
-3.0268530717565325E-6    -3.5917361031843483E-6   -22582.157121266948
-2.971882771804887E-6     -3.3364692939780737E-6   -23747.191859750896
-2.9351441335954006E-6    -3.4745434085843382E-6   -23051.8477960013
-2.8434351954342688E-6    -3.3573507139843286E-6   -23524.480248653395
-2.6932576422108972E-6    -3.361133095645312E-6    -23190.800836146038
-2.784966580372029E-6     -3.4783257902453215E-6   -22773.493702043328
-2.876675518533161E-6     -3.5955184848453315E-6   -22329.706111105785
-2.9683844566942928E-6    -3.7127111794453416E-6   -21888.846669287595
-3.0600933948554255E-6    -3.8299038740453525E-6   -21426.935761232573
-2.6347890271486575E-6    -3.482108171906305E-6    -22493.43705669803
-2.72649796530979E-6      -3.5993008665063148E-6   -22061.123524697385
-2.818206903470922E-6     -3.7164935611063252E-6   -21615.89177339351
-2.9099158416320535E-6    -3.833686255706335E-6    -21165.974335239116
-2.5763204120864187E-6    -3.6030832481672984E-6   -21796.65836027172
-2.66802935024755E-6      -3.7202759427673085E-6   -21349.404595311942
-2.7597382884086824E-6    -3.837468637367318E-6    -20911.351868707497
-2.517851797024179E-6     -3.7240583244282917E-6   -21100.46474686709
-2.6095607351853113E-6    -3.841251019028302E-6    -20663.068361637706
-2.4593831819619397E-6    -3.845033400689285E-6    -20430.356820646415
-2.1991939719284463E-6    -3.3913262976950003E-6   -21613.997104118956
-2.3227098894990587E-6    -3.3837779971825778E-6   -22006.673680706524
-2.4462258070696715E-6    -3.3762296966701556E-6   -22387.1531695727
-2.569741724640284E-6     -3.3686813961577335E-6   -22772.059352734457
-2.2642412744368194E-6    -3.504753073443571E-6    -21322.166984692216
-2.387757192007432E-6     -3.4972047729311494E-6   -21706.54331086277
-2.511273109578045E-6     -3.489656472418727E-6    -22089.853652421312
-2.329288576945193E-6     -3.6181798491921426E-6   -21032.06888198255
-2.452804494515806E-6     -3.6106315486797205E-6   -21408.166870191
-2.394335879453566E-6     -3.7316066249407142E-6   -20743.702795989942
-2.3219109179698344E-6    -3.849194692386335E-6    -19931.099575770262
-2.1844386539777286E-6    -3.853355984083385E-6    -19426.707669359967
-2.0469663899856228E-6    -3.857517275780436E-6    -18927.0390923914
-1.9094941259935174E-6    -3.861678567477486E-6    -18432.09384486459
-1.7720218620014118E-6    -3.8658398591745356E-6   -17947.097208394585
-2.2568636154614608E-6    -3.735767916637764E-6    -20234.724042429334
-2.119391351469355E-6     -3.739929208334814E-6    -19713.859294322774
-1.9819190874772496E-6    -3.7440905000318642E-6   -19197.812341616613
-1.844446823485144E-6     -3.7482517917289145E-6   -18703.34384340614
-2.191816312953087E-6     -3.6223411408891925E-6   -20514.949744680704
-2.054344048960982E-6     -3.6265024325862428E-6   -19997.03189103241
-1.916871784968876E-6     -3.630663724283293E-6    -19487.874731509182
-2.1267690104447136E-6    -3.508914365140621E-6    -20796.885551194184
-1.9892967464526083E-6    -3.5130756568376716E-6   -20272.944008786813
-2.0617217079363405E-6    -3.3954875893920506E-6   -21058.551675239036
-1.527510555916164E-6     -3.4175152706173803E-6   -18408.604680816687
-1.6610633439212078E-6    -3.4120083503110476E-6   -19075.555994714654
-1.794616131926252E-6     -3.4065014300047152E-6   -19724.776521849366
-1.9281689199312962E-6    -3.4009945096983825E-6   -20378.448486447236
-1.5886383824374758E-6    -3.529596417756669E-6    -18297.657592918495
-1.7221911704425198E-6    -3.5240894974503363E-6   -18955.40833574453
-1.8557439584475642E-6    -3.5185825771440044E-6   -19607.46516192543
-1.6497662089587878E-6    -3.641677564895958E-6    -18188.333827608894
-1.7833189969638318E-6    -3.6361706445896254E-6   -18836.924505006777
-1.7108940354800998E-6    -3.753758712035247E-6    -18080.633384887886
-1.6354837915442219E-6    -3.867950708220267E-6    -17226.257399534523
-1.4989457210870315E-6    -3.870061557265997E-6    -16506.35209574992
-1.3624076506298413E-6    -3.8721724063117285E-6   -15790.275879343437
-1.2258695801726513E-6    -3.874283255357459E-6    -15078.028750315087
-1.0893315097154611E-6    -3.87639410440319E-6     -14379.20968019742
-1.5743559650229096E-6    -3.7558695610809775E-6   -17350.66134171805
-1.4378178945657193E-6    -3.757980410126708E-6    -16610.79078227003
-1.3012798241085293E-6    -3.760091259172439E-6    -15874.828575740388
-1.1647417536513393E-6    -3.76220210821817E-6     -15164.23356427138
-1.5132281385015976E-6    -3.643788413941688E-6    -17449.048534828387
-1.3766900680444075E-6    -3.6458992629874195E-6   -16711.82058460024
-1.2401519975872173E-6    -3.6480101120331502E-6   -15982.947253033592
-1.4521003119802856E-6    -3.5317072668023993E-6   -17549.01854488352
-1.3155622415230955E-6    -3.5338181158481304E-6   -16801.752272918522
-1.3909724854589738E-6    -3.419626119663111E-6    -17620.648623926172
-8.444340762965479E-7     -3.4339582396739336E-6   -14061.55640514905
-9.810686785871545E-7     -3.430375209671228E-6    -14959.834319830656
-1.117703280877761E-6     -3.426792179668522E-6    -15833.175676904073
-1.2543378831683672E-6    -3.4232091496658163E-6   -16710.139528950145
-9.056584346512763E-7     -3.5445672058562477E-6   -14148.249868830786
-1.0422930369418825E-6    -3.540984175853542E-6    -15033.478243190555
-1.1789276392324892E-6    -3.537401145850836E-6    -15909.463545089864
-9.668827930060044E-7     -3.6551761720385617E-6   -14236.524053568579
-1.1035173952966108E-6    -3.651593142035856E-6    -15108.764272051532
-1.0281071513607329E-6    -3.765785138220876E-6    -14326.378959362446
-7.674222134116198E-7     -3.5464100539365643E-6   -13201.611369780667
-8.286465717663481E-7     -3.6570190201188784E-6   -13303.165234048858
-8.898709301210764E-7     -3.7676279863011924E-6   -13406.238434928084
-9.510952884758048E-7     -3.8782369524835065E-6   -13473.293677018972
-6.904103505266917E-7     -3.658861868199195E-6    -12369.917275459185
-7.5163470888142E-7       -3.769470834381509E-6    -12470.638055166106
-8.128590672361483E-7     -3.880079800563823E-6    -12564.7170617109
-6.133984876417637E-7     -3.7713136824618257E-6   -11537.91506960375
-6.74622845996492E-7      -3.88192264864414E-6     -11658.957424026774
-5.363866247568356E-7     -3.8837654967244564E-6   -10756.014763966588
-3.705977849171304E-6     -4.156419762493689E-6    -20440.66143586344
-3.759522123654301E-6     -4.246371080935815E-6    -20113.27792597572
-3.813066398137297E-6     -4.336322399377941E-6    -19815.286992951
-3.866610672620294E-6     -4.426273717820068E-6    -19518.026526520553
-3.920154947103291E-6     -4.516225036262195E-6    -19227.338811132053
-3.633896321043291E-6     -4.232982184834807E-6    -20299.41430535895
-3.6874405955262874E-6    -4.322933503276932E-6    -19993.23392914572
-3.7409848700092846E-6    -4.412884821719059E-6    -19694.216920169536
-3.7945291444922817E-6    -4.502836140161186E-6    -19389.72475395012
-3.561814792915278E-6     -4.309544607175924E-6    -20159.605724448247
-3.6153590673982745E-6    -4.399495925618051E-6    -19874.628748239014
-3.6689033418812716E-6    -4.489447244060177E-6    -19556.301099847762
-3.4897332647872652E-6    -4.386107029517043E-6    -20021.23569313135
-3.5432775392702623E-6    -4.476058347959169E-6    -19727.06784882502
-3.5924201633272E-6       -4.105672592940048E-6    -20635.678324685698
-3.5203386351991866E-6    -4.182235015281166E-6    -20474.48942457402
-3.4482571070711737E-6    -4.2587974376222835E-6   -20314.738807726615
-3.3761755789431615E-6    -4.335359859963402E-6    -20148.889038219924
-3.478862477483096E-6     -4.0549254233864075E-6   -20805.670715627948
-3.406780949355083E-6     -4.131487845727526E-6    -20646.769255535022
-3.33469942122707E-6      -4.2080502680686436E-6   -20494.99049106001
-3.3653047916389914E-6    -4.004178253832767E-6    -20979.300718958893
-3.293223263510979E-6     -4.080740676173885E-6    -20841.606495747204
-3.251747105794888E-6     -3.953431084279128E-6    -21188.737052281525
-3.871634045977318E-6     -4.610302249789553E-6    -19231.56872489287
-3.823113144851343E-6     -4.704379463316911E-6    -19230.593377388897
-3.774592243725369E-6     -4.7984566768442715E-6   -19230.255053067795
-3.7460082433663076E-6    -4.596913353688544E-6    -19383.534664482257
-3.6974873422403335E-6    -4.6909905672159034E-6   -19384.187222034776
-3.6203824407552975E-6    -4.5835244575875354E-6   -19539.659975810304
-6.50601166057707E-7      -4.329007429717381E-6    -10953.755368653663
-5.874884754225751E-7     -4.218157658489229E-6    -10689.71825817936
-5.243757847874432E-7     -4.1073078872610775E-6   -10426.79261504756
-4.612630941523112E-7     -3.996458116032925E-6    -10164.978439258259
-7.888373872973634E-7     -4.3271645816370645E-6   -11810.87135732313
-7.257246966622314E-7     -4.216314810408912E-6    -11566.623745590967
-6.626120060270995E-7     -4.10546503918076E-6     -11312.040875370585
-5.994993153919676E-7     -3.994615267952608E-6    -11058.64121874653
-8.639609179018879E-7     -4.214471962328596E-6    -12445.4139487787
-8.008482272667558E-7     -4.103622191100443E-6    -12189.578311742358
-7.377355366316239E-7     -3.992772419872292E-6    -11934.253590725093
-9.390844485064122E-7     -4.101779343020127E-6    -13080.150210662545
-8.759717578712802E-7     -3.990929571791975E-6    -12812.6225237519
-1.0142079791109368E-6    -3.989086723711658E-6    -13715.080142974663
-3.852482998552308E-7     -4.1081453673913254E-6   -9491.279053668914
-4.483609904903627E-7     -4.218995138619477E-6    -9762.857815291121
-5.114736811254946E-7     -4.329844909847629E-6    -10035.476298001995
-5.745863717606266E-7     -4.440694681075782E-6    -10288.79077847251
-3.0923350555815033E-7    -4.219832618749726E-6    -8838.263453080352
-3.7234619619328227E-7    -4.330682389977878E-6    -9109.267216976998
-4.3545888682841426E-7    -4.4415321612060304E-6   -9376.946890563562
-2.3321871126106993E-7    -4.3315198701081265E-6   -8185.124668934593
-2.963314018962019E-7     -4.442369641336278E-6    -8467.142971608926
-1.5720391696398953E-7    -4.443207121466527E-6    -7559.3790216086
-3.5572728658947704E-7    -4.77678036050846E-6     -8763.486805867868
-2.8955283004764787E-7    -4.665589280827815E-6    -8370.584410182984
-2.233783735058187E-7     -4.554398201147172E-6    -7978.387255555546
-4.286803149798602E-7     -4.6647518006975675E-6   -9264.861953587802
-3.6250585843803106E-7    -4.553560721016923E-6    -8871.444610321269
-5.016333433702434E-7     -4.552723240886674E-6    -9766.515370013007
-3.2915303010179455E-6    -4.455629447392016E-6    -19749.57379628365
-3.165408865376638E-6     -4.448589442925871E-6    -19687.6475241148
-3.039287429735331E-6     -4.441549438459727E-6    -19629.958319462603
-2.9131659940940245E-6    -4.434509433993582E-6    -19576.506182327117
-3.250054143301854E-6     -4.328319855497257E-6    -20086.285708202093
-3.1239327076605472E-6    -4.321279851031112E-6    -20035.506663154774
-2.99781127201924E-6      -4.3142398465649685E-6   -19989.014467154404
-2.8716898363779333E-6    -4.3071998420988234E-6   -19945.952940443785
-3.208577985585763E-6     -4.2010102636024985E-6   -20447.11680336522
-3.082456549944456E-6     -4.193970259136354E-6    -20397.845552363742
-2.956335114303149E-6     -4.18693025467021E-6     -20361.285973240938
-3.1671018278696717E-6    -4.07370067170774E-6     -20808.47598660709
-3.0409803922283645E-6    -4.066660667241596E-6    -20778.369438168746
-3.125625670153581E-6     -3.946391079812983E-6    -21197.203335227197
-2.721512283154562E-6     -4.3109822237598075E-6   -19700.949699060442
-2.6559800078564063E-6    -4.1944950179921766E-6   -19885.142501370683
-2.5904477325582508E-6    -4.0780078122245465E-6   -20070.715057936162
-2.5249154572600952E-6    -3.9615206064569155E-6   -20257.667368756876
-2.806157561079778E-6     -4.190712636331193E-6    -20128.683614969348
-2.740625285781622E-6     -4.074225430563563E-6    -20313.663074513923
-2.6750930104834664E-6    -3.957738224795932E-6    -20500.035139320265
-2.8908028390049934E-6    -4.070443048902579E-6    -20551.739610044417
-2.825270563706838E-6     -3.953955843134949E-6    -20735.161029277948
-2.975448116930209E-6     -3.950173461473966E-6    -20976.49712034675
-2.6499590461474133E-6    -4.428424128771538E-6    -19167.47040016838
-2.512873533842109E-6     -4.429378828015638E-6    -18831.19992213449
-2.3757880215368044E-6    -4.430333527259738E-6    -18499.58360544376
-2.2387025092315E-6       -4.431288226503838E-6    -18172.621450096223
-2.5844267708492574E-6    -4.311936923003908E-6    -19351.087363631705
-2.447341258543953E-6     -4.312891622248007E-6    -19012.309860581296
-2.3102557462386485E-6    -4.313846321492107E-6    -18678.237753848094
-2.1731702339333445E-6    -4.314801020736208E-6    -18355.691014823955
-2.518894495551102E-6     -4.195449717236277E-6    -19535.489848084562
-2.381808983245798E-6     -4.196404416480377E-6    -19199.266724722136
-2.2447234709404934E-6    -4.197359115724477E-6    -18868.644161530883
-2.4533622202529463E-6    -4.078962511468646E-6    -19721.2592357861
-2.3162767079476423E-6    -4.079917210712746E-6    -19382.49302816172
-2.3878299449547912E-6    -3.962475305701016E-6    -19897.237614716465
-2.035697969941239E-6     -4.3189623124332575E-6   -17886.930102143462
-1.969778942956282E-6     -4.205681699118577E-6    -17906.057952801893
-1.9038599159713254E-6    -4.0924010858038965E-6   -17926.603634332263
-1.8379408889863685E-6    -3.979120472489216E-6    -17948.56714673457
-2.1072512069483876E-6    -4.201520407421527E-6    -18385.938136312976
-2.0413321799634307E-6    -4.088239794106847E-6    -18410.822153106456
-1.975413152978474E-6     -3.974959180792166E-6    -18437.16303659623
-2.1788044439555365E-6    -4.084078502409796E-6    -18891.79442691759
-2.1128854169705796E-6    -3.970797889095116E-6    -18915.50639514663
-2.2503576809626854E-6    -3.966636597398066E-6    -19398.478617180073
-1.6987220589321254E-6    -3.980422439676304E-6    -17335.300473731586
-1.764641085917082E-6     -4.093703052990985E-6    -17334.410386987194
-1.8305601129020387E-6    -4.206983666305665E-6    -17318.3890757189
-1.8964791398869953E-6    -4.320264279620345E-6    -17303.746559498162
-1.962398166871952E-6     -4.433544892935026E-6    -17279.268092507315
-1.6254222558628387E-6    -4.095005020178072E-6    -16746.311001052945
-1.6913412828477951E-6    -4.208285633492753E-6    -16735.796637478474
-1.757260309832752E-6     -4.321566246807433E-6    -16718.711240995966
-1.8231793368177088E-6    -4.434846860122115E-6    -16701.84122933464
-1.5521224527935522E-6    -4.209587600679842E-6    -16157.89501561289
-1.6180414797785086E-6    -4.322868213994522E-6    -16137.84450341407
-1.6839605067634655E-6    -4.4361488273092026E-6   -16128.53781649405
-1.4788226497242653E-6    -4.32417018118161E-6     -15570.052517411415
-1.5447416767092222E-6    -4.4374507944962905E-6   -15559.357853985548
-1.3422845792670753E-6    -4.326281030227341E-6    -14890.990581706224
-1.2790463118791718E-6    -4.213809298771303E-6    -14768.182205291881
-1.2158080444912681E-6    -4.101337567315265E-6    -14646.636076870964
-1.1525697771033646E-6    -3.9888658358592276E-6   -14526.352196443468
-1.4155843823363618E-6    -4.211698449725572E-6    -15461.745743425023
-1.3523461149484583E-6    -4.099226718269534E-6    -15345.850810919215
-1.2891078475605548E-6    -3.986754986813497E-6    -15231.273890552922
-1.4888841854056483E-6    -4.097115869223803E-6    -16040.23108108935
-1.425645918017745E-6     -3.984644137767766E-6    -15923.362923250797
-1.562183988474935E-6     -3.982533288722035E-6    -16619.201777786522
-1.07744624649884E-6      -4.101558455167696E-6    -13862.64594611715
-1.1406845138867435E-6    -4.214030186623734E-6    -13990.086107959278
-1.2039227812746472E-6    -4.326501918079771E-6    -14118.732753648736
-1.2671610486625507E-6    -4.438973649535809E-6    -14233.981586815698
-1.0023227158943156E-6    -4.2142510744761645E-6   -13215.819874038665
-1.0655609832822193E-6    -4.326722805932202E-6    -13342.418119761962
-1.1287992506701228E-6    -4.439194537388241E-6    -13467.983183263716
-9.271991852897913E-7     -4.326943693784633E-6    -12569.291496958576
-9.90437452677695E-7      -4.4394154252406714E-6   -12705.13489791274
-8.520756546852669E-7     -4.439636313093102E-6    -11945.436730762776
-3.235996780818646E-6     -4.563095557020383E-6    -19664.382494047146
-3.1804632606193467E-6    -4.6705616666487505E-6   -19556.3798048276
-3.1249297404200473E-6    -4.7780277762771185E-6   -19449.15682379095
-3.1098753451773385E-6    -4.556055552554238E-6    -19594.624049615166
-3.05434182497804E-6      -4.663521662182605E-6    -19488.428621208193
-2.983753909536032E-6     -4.549015548088094E-6    -19529.052891169562
-1.0519550272032287E-6    -4.775721992525781E-6    -12901.153461372742
-9.853285696972414E-7     -4.663693432714887E-6    -12589.098961649997
-9.187021121912541E-7     -4.551664872903995E-6    -12277.985356741969
-1.1236903676896693E-6    -4.663472544862456E-6    -13339.96087585162
-1.0570639101836822E-6    -4.551443985051564E-6    -13027.120975149675
-1.1954257081761101E-6    -4.551223097199133E-6    -13779.368818875993
-2.443316912987671E-6     -4.771942471055074E-6    -18445.92522049203
-2.3751121117356137E-6    -4.658391056204662E-6    -18358.387887241377
-2.3069073104835566E-6    -4.54483964135425E-6     -18272.103006086832
-2.512197624040918E-6     -4.6574363569605614E-6   -18685.198539486846
-2.4439928227888615E-6    -4.5438849421101495E-6   -18596.509942505145
-2.5810783350941655E-6    -4.542930242866049E-6    -18925.51980529257
-1.7482741129390116E-6    -4.774199137486263E-6    -16207.818622468702
-1.6804299675290816E-6    -4.661949689822938E-6    -15996.79059580202
-1.612585822119152E-6     -4.549700242159614E-6    -15786.904962704819
-1.8196487975833251E-6    -4.66064772263585E-6     -16560.341167530005
-1.7518046521733953E-6    -4.548398274972526E-6    -16348.289692615643
-1.8910234822276384E-6    -4.547096307785438E-6    -16913.752742270306
