4.536033433983673E-6      -4.636543570344816E-7    27.69115768631108
4.628826747186939E-6      -3.709234856275853E-7    28.801924624392242
4.721620060390203E-6      -2.7819261422068886E-7   29.911943272218576
4.814413373593468E-6      -1.854617428137926E-7    31.02196192004591
4.907206686796734E-6      -9.273087140689636E-8    32.13198056787312
4.9999999999999996E-6     0                        33.24199921569913
4.494502271607654E-6      -3.709234856275853E-7    28.755075432816632
4.587295584810918E-6      -2.7819261422068897E-7   29.87508207794406
4.680088898014184E-6      -1.854617428137926E-7    31.048298945395583
4.772882211217449E-6      -9.273087140689628E-8    32.221515812846995
4.865675524420716E-6      -2.5737987132372712E-23  33.394732680299036
4.452971109231633E-6      -2.7819261422068886E-7   29.833250384778015
4.545764422434899E-6      -1.8546174281379266E-7   31.002429423958326
4.6385577356381636E-6     -9.273087140689626E-8    32.17564629141016
4.7313510488414286E-6     3.8606980698559074E-23   33.3488631588624
4.411439946855614E-6      -1.854617428137926E-7    30.91142533673861
4.50423326005888E-6       -9.273087140689632E-8    32.12977676997248
4.597026573262144E-6      3.8606980698559074E-23   33.302993637425146
4.369908784479595E-6      -9.273087140689636E-8    31.98960028870046
4.46270209768286E-6       5.1475974264745436E-23   33.25712411598726
4.328377622103575E-6      0                        33.105849216062694
4.628826747186939E-6      -5.137806284847273E-7    27.15457138497595
4.721620060390203E-6      -5.639068999349729E-7    26.59927002827203
4.814413373593468E-6      -6.140331713852185E-7    26.043968671567274
4.907206686796734E-6      -6.641594428354643E-7    25.488667314862358
4.9999999999999996E-6     -7.142857142857099E-7    24.896039101987764
4.721620060390204E-6      -4.21049757077831E-7     28.252393793228855
4.814413373593468E-6      -4.7117602852807656E-7   27.648673069601358
4.907206686796733E-6      -5.213022999783223E-7    27.044952345974554
5.0E-6                    -5.714285714285679E-7    26.441231622348237
4.8144133735934695E-6     -3.283188856709347E-7    29.299214221430564
4.907206686796734E-6      -3.7844515712118025E-7   28.695493497803735
4.9999999999999996E-6     -4.2857142857142587E-7   28.091772774176604
4.907206686796734E-6      -2.3558801426403833E-7   30.346034649633744
4.9999999999999996E-6     -2.8571428571428395E-7   29.742313926006563
4.9999999999999996E-6     -1.4285714285714197E-7   31.39285507783554
3.968560849468059E-6      -5.164408515248377E-7    26.088735526868465
4.040524203995162E-6      -4.131526812198702E-7    27.425067218348502
4.112487558522264E-6      -3.0986451091490257E-7   28.832087045465364
4.184450913049367E-6      -2.0657634060993506E-7   30.239106872582575
4.256414267576472E-6      -1.0328817030496757E-7   31.646126699700808
3.9057598912023064E-6     -4.131526812198702E-7    26.992504433366072
3.977723245729409E-6      -3.098645109149026E-7    28.353323981816292
4.049686600256512E-6      -2.0657634060993508E-7   29.806551827259188
4.121649954783614E-6      -1.0328817030496752E-7   31.259779672701924
4.1936133093107195E-6     -2.866822621099484E-23   32.71300751814481
3.842958932936552E-6      -3.0986451091490257E-7   27.9107581640505
3.914922287463657E-6      -2.065763406099351E-7    29.337562178540857
3.986885641990758E-6      -1.0328817030496746E-7   30.790790023982613
4.058848996517861E-6      4.3002339316492256E-23   32.24401786942491
3.7801579746707985E-6     -2.0657634060993506E-7   28.829011894734734
3.852121329197903E-6      -1.0328817030496754E-7   30.321800375263376
3.924084683725005E-6      4.3002339316492256E-23   31.775028220705792
3.717357016405046E-6      -1.0328817030496757E-7   29.747265625418507
3.78932037093215E-6       5.733645242198967E-23    31.306038571986676
3.654556058139293E-6      0                        30.672514380285207
4.9999999999999996E-6     -1.428571428571425E-6    18.822773041336085
5.0E-6                    -1.285714285714282E-6    19.961103824319054
4.9999999999999996E-6     -1.1428571428571388E-6   21.17617421565127
4.9999999999999996E-6     -9.999999999999957E-7    22.39124460698302
5.0E-6                    -8.571428571428529E-7    23.606314998314446
4.876479554499558E-6      -1.3606851369148176E-6   19.403820150170368
4.876479554499558E-6      -1.2178279940576744E-6   20.551980992259395
4.876479554499558E-6      -1.0749708512005314E-6   21.76705138359121
4.876479554499558E-6      -9.321137083433881E-7    22.98212177492226
4.876479554499559E-6      -7.892565654862455E-7    24.273918957478294
4.7529591089991156E-6     -1.2927988452582096E-6   19.945089489806552
4.752959108999117E-6      -1.149941702401067E-6    21.14285816019974
4.7529591089991156E-6     -1.0070845595439238E-6   22.357928551531327
4.7529591089991156E-6     -8.642274166867804E-7    23.599124497233852
4.629438663498674E-6      -1.2249125536016018E-6   20.48635882944305
4.629438663498675E-6      -1.082055410744459E-6    21.733735328139144
4.629438663498674E-6      -9.391982678873158E-7    22.9243300369902
4.505918217998233E-6      -1.1570262619449944E-6   21.02762816907876
4.505918217998233E-6      -1.0141691190878516E-6   22.24953557674643
4.382397772497791E-6      -1.0891399702883868E-6   21.51835022328088
4.9999999999999996E-6     -2.14285714285714E-6     14.454088842578296
5.0E-6                    -1.9999999999999974E-6   15.26802260172569
4.9999999999999996E-6     -1.8571428571428541E-6   16.136821327028688
4.9999999999999996E-6     -1.7142857142857109E-6   17.005620052332155
5.0E-6                    -1.5714285714285683E-6   17.874418777636095
4.883291143008942E-6      -2.089277786006248E-6    14.799717143417482
4.883291143008941E-6      -1.946420643149105E-6    15.616213952105417
4.8832911430089405E-6     -1.8035635002919614E-6   16.485012677409106
4.8832911430089405E-6     -1.6607063574348186E-6   17.35381140271267
4.883291143008942E-6      -1.5178492145776757E-6   18.291531839427478
4.766582286017883E-6      -2.035698429155355E-6    15.116040443668062
4.766582286017884E-6      -1.892841286298212E-6    15.964405302486243
4.766582286017883E-6      -1.7499841434410688E-6   16.833204027789556
4.766582286017883E-6      -1.6071270005839256E-6   17.721920833346452
4.649873429026825E-6      -1.9821190723044624E-6   15.432363743917387
4.649873429026825E-6      -1.8392619294473196E-6   16.312596652866315
4.649873429026825E-6      -1.6964047865901763E-6   17.15230982726495
4.5331645720357675E-6     -1.92853971545357E-6     15.748687044167614
4.533164572035767E-6      -1.785682572596427E-6    16.582698821183296
4.4164557150447085E-6     -1.8749603586026773E-6   16.013442951305233
3.31048972490216E-6       -5.206117209485059E-7    23.259892667075334
3.3793029915495867E-6     -4.1648937675880473E-7   24.669354834404754
3.448116258197013E-6      -3.1236703256910346E-7   26.149577903001884
3.5169295248444394E-6     -2.082446883794023E-7    27.629800971598605
3.5857427914918662E-6     -1.0412234418970121E-7   29.110024040196535
3.24677413094668E-6       -4.1648937675880473E-7   23.85911364670353
3.315587397594107E-6      -3.123670325691035E-7    25.283289467268602
3.3844006642415336E-6     -2.0824468837940229E-7   26.800334882571036
3.4532139308889595E-6     -1.0412234418970114E-7   28.317380297874163
3.5220271975363864E-6     -2.889975597433791E-23   29.83442571317555
3.1830585369911992E-6     -3.1236703256910346E-7   24.458160853643484
3.251871803638627E-6      -2.0824468837940237E-7   25.9482561670995
3.3206850702860524E-6     -1.0412234418970112E-7   27.465301582403225
3.3894983369334792E-6     4.3349633961506864E-23   28.98234699770513
3.119342943035719E-6      -2.082446883794023E-7    25.057208060582255
3.188156209683146E-6      -1.041223441897012E-7    26.613222866930947
3.256969476330572E-6      4.3349633961506864E-23   28.130268282235026
3.0556273490802394E-6     -1.0412234418970121E-7   25.656255267520883
3.124440615727666E-6      5.779951194867582E-23    27.278189566762855
2.9919117551247587E-6     0                        26.234272059343947
2.6654104151557034E-6     -5.294617900333445E-7    18.995629633952856
2.730710683149515E-6      -4.235694320266756E-7    20.359175225835685
2.7960109511433256E-6     -3.176770740200066E-7    21.803969585218923
2.8613112191371365E-6     -2.1178471601333771E-7   23.248763944602747
2.926611487130948E-6      -1.0589235800666894E-7   24.69355830398618
2.6009880926510483E-6     -4.235694320266756E-7    19.270025346623463
2.6662883606448596E-6     -3.1767707402000665E-7   20.645643351451902
2.73158862863867E-6       -2.1178471601333777E-7   22.110498848439246
2.7968888966324814E-6     -1.0589235800666884E-7   23.57535434542769
2.8621891646262927E-6     -2.939103349771346E-23   25.040209842414797
2.536565770146393E-6      -3.176770740200066E-7    19.52049898584084
2.6018660381402046E-6     -2.1178471601333782E-7   20.95849746174113
2.667166306134015E-6      -1.0589235800666883E-7   22.423352958728675
2.7324665741278255E-6     4.408655024657019E-23    23.888208455715972
2.4721434476417377E-6     -2.1178471601333771E-7   19.77097262505563
2.5374437156355495E-6     -1.0589235800666888E-7   21.27135157202941
2.6027439836293595E-6     4.408655024657019E-23    22.736207069016757
2.407721125137083E-6      -1.0589235800666894E-7   20.02144626427317
2.473021393130894E-6      5.878206699542693E-23    21.584205682317382
2.3432988026324276E-6     0                        20.226557229194558
4.4204141232366955E-6     -2.5368406084505465E-6   12.737791773145545
4.536331298589356E-6      -2.600901058189009E-6    12.496516228728854
4.652248473942017E-6      -2.6649615079274694E-6   12.225748431896925
4.7681656492946766E-6     -2.7290219576659313E-6   11.954980635065075
4.884082824647339E-6      -2.7930824074043937E-6   11.684212838233265
4.9999999999999996E-6     -2.857142857142855E-6    11.391946896515533
4.536331298589356E-6      -2.4580439153318656E-6   13.099543801925275
4.652248473942016E-6      -2.522104365070327E-6    12.848320893466775
4.768165649294677E-6      -2.5861648148087885E-6   12.550388887348573
4.884082824647338E-6      -2.65022526454725E-6     12.252456881230511
5.0E-6                    -2.7142857142857127E-6   11.954524875112059
4.652248473942017E-6      -2.3792472222131834E-6   13.445038182858129
4.768165649294678E-6      -2.443307671951646E-6    13.160627378920493
4.884082824647339E-6      -2.5073681216901076E-6   12.862695372802255
4.9999999999999996E-6     -2.5714285714285687E-6   12.564763366683822
4.7681656492946766E-6     -2.3004505290945025E-6   13.790532563791018
4.884082824647339E-6      -2.3645109788329644E-6   13.472933864374355
4.9999999999999996E-6     -2.428571428571426E-6    13.17500185825637
4.884082824647339E-6      -2.2216538359758215E-6   14.13602694472446
4.9999999999999996E-6     -2.2857142857142834E-6   13.785240349828449
4.436831535419206E-6      -3.2314325331987002E-6   10.345777704969715
4.549465228335365E-6      -3.2994317408446744E-6   10.171266522576772
4.662098921251523E-6      -3.367430948490648E-6    9.977149815841646
4.7747326141676805E-6     -3.435430156136622E-6    9.783033109106695
4.887366307083842E-6      -3.5034293637825967E-6   9.588916402371437
4.9999999999999996E-6     -3.57142857142857E-6     9.377677031586993
4.549465228335365E-6      -3.1565745979875316E-6   10.57009950683896
4.662098921251523E-6      -3.2245738056335054E-6   10.390551005436505
4.774732614167681E-6      -3.292573013279479E-6    10.17277887122162
4.88736630708384E-6       -3.360572220925453E-6    9.955006737006832
5.0E-6                    -3.4285714285714277E-6   9.73723460279232
4.662098921251523E-6      -3.0817166627763618E-6   10.78151891838005
4.774732614167682E-6      -3.149715870422337E-6    10.5757078722096
4.887366307083841E-6      -3.2177150780683102E-6   10.357935737994909
4.9999999999999996E-6     -3.2857142857142836E-6   10.14016360377999
4.7747326141676805E-6     -3.0068587275651927E-6   10.99293832992111
4.887366307083842E-6      -3.0748579352111674E-6   10.760864738983031
4.9999999999999996E-6     -3.1428571428571404E-6   10.543092604768301
4.887366307083842E-6      -2.9320007923540246E-6   11.204357741462333
4.9999999999999996E-6     -2.9999999999999984E-6   10.946021605756526
2.013644144929285E-6      -5.39657521203186E-7     13.540622861640843
2.079575076469914E-6      -4.3172601696254883E-7   14.787165426128974
2.145506008010542E-6      -3.2379451272191154E-7   16.12130749359241
2.2114369395511707E-6     -2.158630084812744E-7    17.455449561056632
2.2773678710917993E-6     -1.0793150424063725E-7   18.789591628520224
1.9478275461332925E-6     -4.3172601696254883E-7   13.45278081188139
2.0137584776739207E-6     -3.2379451272191165E-7   14.709827873039455
2.0796894092145494E-6     -2.1586300848127436E-7   16.047333667446996
2.1456203407551777E-6     -1.0793150424063718E-7   17.384839461854423
2.2115512722958068E-6     -2.995701027259579E-23   18.722345256262635
1.8820109473372988E-6     -3.2379451272191154E-7   13.321043064833223
1.947941878877928E-6      -2.1586300848127441E-7   14.63384704309967
2.0138728104185564E-6     -1.0793150424063714E-7   15.971352837507311
2.0798037419591847E-6     4.493551540889368E-23    17.30885863191468
1.816194348541306E-6      -2.158630084812744E-7    13.189305317782857
1.8821252800819351E-6     -1.079315042406372E-7    14.55786621315977
1.9480562116225634E-6     4.493551540889368E-23    15.895372007566568
1.7503777497453137E-6     -1.0793150424063725E-7   13.057567570735083
1.816308681285942E-6      5.991402054519157E-23    14.481885383218925
1.6845611509493205E-6     0                        12.855082873619084
4.9999999999999996E-6     -4.2857142857142855E-6   8.222982383023625
5.0E-6                    -4.142857142857143E-6    8.422858831432125
4.9999999999999996E-6     -3.999999999999999E-6    8.653002049446044
4.9999999999999996E-6     -3.857142857142856E-6    8.883145267460081
5.0E-6                    -3.7142857142857133E-6   9.11328848547412
4.877684600514911E-6      -4.2179142385479575E-6   8.356281404586337
4.877684600514912E-6      -4.0750570956908156E-6   8.558360967266532
4.8776846005149104E-6     -3.932199952833671E-6    8.788504185280535
4.8776846005149104E-6     -3.789342809976528E-6    9.01864740329453
4.877684600514912E-6      -3.646485667119386E-6    9.281858978422537
4.75536920102982E-6       -4.150114191381628E-6    8.474306969359288
4.755369201029822E-6      -4.007257048524487E-6    8.693863103101096
4.7553692010298204E-6     -3.864399905667343E-6    8.924006321115055
4.75536920102982E-6       -3.7215427628101995E-6   9.164355210366324
4.6330538015447305E-6     -4.0823141442153E-6      8.592332534132112
4.633053801544731E-6      -3.939457001358158E-6    8.829365238935422
4.6330538015447305E-6     -3.7965998585010144E-6   9.046851442310246
4.510738402059643E-6      -4.014514097048973E-6    8.710358098905026
4.510738402059643E-6      -3.87165695419183E-6     8.929347674253997
4.388423002574552E-6      -3.946714049882644E-6    8.794464406436019
4.552009144007209E-6      -4.550952160954705E-6    8.132838776045748
4.641607315205767E-6      -4.6407617287637634E-6   8.075433581613227
4.7312054864043256E-6     -4.730571296572822E-6    8.01364835516522
4.820803657602883E-6      -4.82038086438188E-6     7.951863128717187
4.910401828801442E-6      -4.910190432190941E-6    7.890077902269175
4.9999999999999996E-6     -4.999999999999999E-6    7.8282926758211255
4.641607315205767E-6      -4.4979045859066215E-6   8.157017449719435
4.731205486404326E-6      -4.587714153715681E-6    8.094797357735104
4.820803657602883E-6      -4.677523721524739E-6    8.017117685751707
4.910401828801441E-6      -4.767333289333797E-6    7.939438013768377
5.0E-6                    -4.857142857142857E-6    7.861758341785063
4.7312054864043256E-6     -4.4448570108585375E-6   8.177292029246175
4.820803657602885E-6      -4.534666578667597E-6    8.099786967666425
4.910401828801441E-6      -4.624476146476655E-6    8.022107295683137
4.9999999999999996E-6     -4.714285714285713E-6    7.944427623699801
4.820803657602883E-6      -4.3918094358104535E-6   8.197566608772881
4.910401828801441E-6      -4.481619003619512E-6    8.104776577597901
4.9999999999999996E-6     -4.57142857142857E-6     8.027096905614593
4.910401828801442E-6      -4.33876186076237E-6     8.217841188299634
4.9999999999999996E-6     -4.428571428571428E-6    8.109766187529369
1.3505223175015676E-6     -5.467211633869065E-7    7.214312358981328
1.4173300841911184E-6     -4.373769307095253E-7    8.25296861168404
1.4841378508806684E-6     -3.2803269803214384E-7   9.376832691510746
1.550945617570219E-6      -2.186884653547626E-7    10.500696771338864
1.61775338425977E-6       -1.0934423267738135E-7   11.624560851166512
1.282567996201423E-6      -4.373769307095253E-7    6.743933694639102
1.3493757628909735E-6     -3.2803269803214395E-7   7.788862845232598
1.4161835295805242E-6     -2.1868846535476257E-7   8.897648758781882
1.4829912962700741E-6     -1.0934423267738127E-7   10.006434672330895
1.5497990629596254E-6     -3.0349121182099795E-23  11.115220585879593
1.2146136749012778E-6     -3.2803269803214384E-7   6.210985815316436
1.281421441590829E-6      -2.1868846535476262E-7   7.299280371177903
1.348229208280379E-6      -1.0934423267738125E-7   8.408066284727248
1.4150369749699295E-6     4.5523681773149686E-23   9.51685219827593
1.1466593536011331E-6     -2.186884653547626E-7    5.678037935991414
1.213467120290684E-6      -1.093442326773813E-7    6.80969789712231
1.2802748869802344E-6     4.5523681773149686E-23   7.918483810671325
1.0787050323009887E-6     -1.0934423267738135E-7   5.145090056668121
1.1455127989905393E-6     6.069824236419958E-23    6.3201154230670324
1.0107507110008438E-6     0                        4.519472457325086
4.40811949545806E-6       -4.999999999999998E-6    7.967696844118641
4.526495596366448E-6      -4.999999999999999E-6    7.961329924996223
4.6448716972748354E-6     -4.999999999999998E-6    7.940371516690226
4.763247798183223E-6      -4.999999999999997E-6    7.9194131083840436
4.881623899091612E-6      -4.999999999999999E-6    7.898454700078075
4.43689742516789E-6       -4.91019043219094E-6     7.988976079186891
4.555273526076278E-6      -4.91019043219094E-6     7.986262297602884
4.6736496269846655E-6     -4.91019043219094E-6     7.965303889296838
4.792025727893053E-6      -4.91019043219094E-6     7.944345480990723
4.465675354877719E-6      -4.820380864381879E-6    8.023669214595115
4.584051455786108E-6      -4.820380864381882E-6    8.011194670209546
4.702427556694495E-6      -4.82038086438188E-6     7.9902362619035046
4.49445328458755E-6       -4.7305712965728206E-6   8.058362350003232
4.612829385495938E-6      -4.730571296572822E-6    8.036127042816178
4.52323121429738E-6       -4.6407617287637634E-6   8.093055485411366
-4.53703777394116E-6      -4.600141722932334E-7    -20.45035851399424
-4.4953057435736405E-6    -3.680113378345867E-7    -21.569893717220324
-4.453573713206119E-6     -2.7600850337593997E-7   -22.714422349649503
-4.411841682838599E-6     -1.8400566891729332E-7   -23.85895098207885
-4.3701096524710805E-6    -9.20028344586467E-8     -25.003479614508343
-4.328377622103559E-6     0                        -26.225638651915514
-4.629630219152928E-6     -3.680113378345867E-7    -20.685636333889594
-4.587898188785408E-6     -2.7600850337594E-7      -21.811538631626462
-4.546166158417887E-6     -1.840056689172933E-7    -22.976251872248113
-4.504434128050366E-6     -9.200283445864665E-8    -24.140965112869765
-4.462702097682847E-6     -2.5535916286691566E-23  -25.305678353493303
-4.7222226643646955E-6    -2.7600850337593997E-7   -20.893402471259414
-4.680490633997177E-6     -1.8400566891729335E-7   -22.06628211397838
-4.638758603629656E-6     -9.200283445864662E-8    -23.230995354600736
-4.597026573262135E-6     3.8303874430037355E-23   -24.395708595222946
-4.814815109576462E-6     -1.8400566891729332E-7   -21.101168608628456
-4.773083079208943E-6     -9.200283445864668E-8    -22.321025596330934
-4.731351048841422E-6     3.8303874430037355E-23   -23.48573883695196
-4.907407554788233E-6     -9.20028344586467E-8     -21.30893474599859
-4.8656755244207115E-6    5.1071832573383144E-23   -22.575769078681912
-4.9999999999999996E-6    0                        -21.516700883370774
-4.629630219152928E-6     -5.108684806917288E-7    -19.500822645246323
-4.7222226643646955E-6    -4.18865646233082E-7     -19.72170369528763
-4.814815109576463E-6     -3.2686281177443527E-7   -19.8824924876763
-4.907407554788231E-6     -2.3485997731578854E-7   -20.04328128006497
-5.0E-6                   -1.4285714285714192E-7   -20.20407007245144
-4.7222226643646955E-6    -5.617227890902239E-7    -18.55140084712811
-4.814815109576465E-6     -4.697199546315773E-7    -18.71896011380403
-4.907407554788231E-6     -3.777171201729304E-7    -18.87974890619144
-4.9999999999999996E-6    -2.8571428571428374E-7   -19.040537698579485
-4.814815109576462E-6     -6.125770974887191E-7    -17.601979049011156
-4.907407554788231E-6     -5.205742630300724E-7    -17.716216532318796
-4.9999999999999996E-6    -4.285714285714256E-7    -17.877005324705014
-4.907407554788233E-6     -6.634314058872143E-7    -16.652557250893494
-4.9999999999999996E-6    -5.714285714285676E-7    -16.71347295083337
-4.9999999999999996E-6    -7.142857142857094E-7    -15.714371305645471
-3.973778543916957E-6     -5.144298282501258E-7    -22.44472883714043
-3.90993404676142E-6      -4.115438626001006E-7    -23.714867275306943
-3.84608954960588E-6      -3.0865789695007536E-7   -25.029368948313262
-3.7822450524503424E-6    -2.0577193130005024E-7   -26.34387062131974
-3.718400555294805E-6     -1.0288596565002518E-7   -27.65837229432677
-3.6545560581392664E-6    0                        -29.036028963286427
-4.044698359554278E-6     -4.115438626001006E-7    -23.19328257343584
-3.98085386239874E-6      -3.086578969500754E-7    -24.472289579748637
-3.917009365243202E-6     -2.0577193130005026E-7   -25.831955493438212
-3.853164868087663E-6     -1.0288596565002509E-7   -27.191621407128423
-3.7893203709321253E-6    -2.8556591993862715E-23  -28.551287320817686
-4.1156181751915984E-6    -3.0865789695007536E-7   -23.95262041057604
-4.051773678036061E-6     -2.0577193130005032E-7   -25.289358528702607
-3.987929180880522E-6     -1.0288596565002508E-7   -26.649024442391877
-3.924084683724983E-6     4.283488799079408E-23    -28.00869035608113
-4.186537990828919E-6     -2.0577193130005024E-7   -24.711958247714975
-4.1226934936733805E-6    -1.0288596565002515E-7   -26.10642747765594
-4.0588489965178415E-6    4.283488799079408E-23    -27.46609339134489
-4.257457806466239E-6     -1.0288596565002518E-7   -25.47129608485297
-4.193613309310701E-6     5.711318398772544E-23    -26.92349642660834
-3.323090368738207E-6     -5.395724091689415E-7    -23.55780330850763
-3.2568546460155296E-6    -4.3165792733515324E-7   -24.74136284390007
-3.1906189232928508E-6    -3.2374344550136485E-7   -25.968281448226648
-3.1243832005701728E-6    -2.1582896366757657E-7   -27.19520005255181
-3.058147477847495E-6     -1.0791448183378835E-7   -28.42211865687792
-2.9919117551248167E-6    0                        -29.6917065082849
-3.3893835066184194E-6    -4.3165792733515324E-7   -24.61846745311444
-3.323147783895741E-6     -3.2374344550136485E-7   -25.8164653394353
-3.2569120611730625E-6    -2.1582896366757657E-7   -27.101807698342622
-3.1906763384503845E-6    -1.0791448183378827E-7   -28.387150057249002
-3.124440615727707E-6     -2.9952285605591235E-23  -29.67249241615538
-3.4556766444986303E-6    -3.2374344550136485E-7   -25.71562591537331
-3.389440921775953E-6     -2.1582896366757662E-7   -26.97426933310233
-3.3232051990532743E-6    -1.0791448183378824E-7   -28.259611692008956
-3.2569694763305963E-6    4.492842840838686E-23    -29.54495405091508
-3.5219697823788425E-6    -2.1582896366757657E-7   -26.81278437763352
-3.455734059656165E-6     -1.0791448183378831E-7   -28.132073326768726
-3.389498336933486E-6     4.492842840838686E-23    -29.417415685675575
-3.5882629202590546E-6    -1.0791448183378835E-7   -27.909942839893255
-3.5220271975363766E-6    5.990457121118248E-23    -29.28987732043355
6.866623884580107E-7      -5.526409210786726E-7    0.5237264069350094
7.514800529665774E-7      -4.421127368629381E-7    1.243278895511993
8.162977174751438E-7      -3.315845526472035E-7    2.0370429636981777
8.811153819837104E-7      -2.21056368431469E-7     2.830807031883734
9.459330464922773E-7      -1.1052818421573455E-7   3.6245711000696037
6.167132914997981E-7      -4.421127368629381E-7    -0.3004482398678957
6.815309560083649E-7      -3.315845526472036E-7    0.41914189206007707
7.463486205169313E-7      -2.21056368431469E-7     1.1787180442705714
8.11166285025498E-7       -1.1052818421573448E-7   1.9382941964816243
8.759839495340648E-7      -3.0677733746579824E-23  2.6978703486923625
5.467641945415855E-7      -3.315845526472035E-7    -1.20327401768443
6.115818590501522E-7      -2.2105636843146906E-7   -0.45754462432204196
6.763995235587188E-7      -1.1052818421573445E-7   0.30203152788790244
7.412171880672853E-7      4.601660061986973E-23    1.0616076800981782
4.7681509758337293E-7     -2.21056368431469E-7     -2.1060997955019074
5.416327620919398E-7      -1.1052818421573453E-7   -1.3342311407061165
6.064504266005062E-7      4.601660061986973E-23    -0.5746549884963205
4.068660006251606E-7      -1.1052818421573455E-7   -3.008925573316242
4.7168366513372724E-7     6.135546749315964E-23    -2.2109176570889337
3.3691690366694794E-7     0                        -4.018065177973823
-2.6538730479119253E-6    -5.532368624387339E-7    -23.064671310825585
-2.5917581988560256E-6    -4.425894899509871E-7    -24.066879466890448
-2.5296433498001246E-6    -3.3194211746324025E-7   -25.103491404117854
-2.4675285007442245E-6    -2.2129474497549348E-7   -26.140103341344243
-2.4054136516883248E-6    -1.1064737248774681E-7   -27.17671527857138
-2.343298802632424E-6     0                        -28.23705379321827
-2.7214807893545034E-6    -4.425894899509871E-7    -24.333375799427383
-2.6593659402986037E-6    -3.3194211746324036E-7   -25.353755292396183
-2.5972510912427027E-6    -2.2129474497549348E-7   -26.45541344444892
-2.5351362421868026E-6    -1.1064737248774673E-7   -27.557071596500684
-2.473021393130903E-6     -3.0710815137543134E-23  -28.658729748553544
-2.7890885307970815E-6    -3.3194211746324025E-7   -25.65941794250321
-2.7269736817411822E-6    -2.212947449754936E-7    -26.734992257921807
-2.6648588326852817E-6    -1.106473724877467E-7    -27.836650409974375
-2.6027439836293807E-6    4.6066222706314707E-23   -28.93830856202737
-2.8566962722396596E-6    -2.2129474497549348E-7   -26.985460085578804
-2.79458142318376E-6      -1.1064737248774677E-7   -28.116229223448336
-2.7324665741278594E-6    4.6066222706314707E-23   -29.217887375500254
-2.9243040136822386E-6    -1.1064737248774681E-7   -28.311502228654554
-2.862189164626339E-6     6.142163027508628E-23    -29.497466188973455
-1.9882521627774123E-6    -5.537609530149962E-7    -20.97005080682888
-1.927513960411794E-6     -4.43008762411997E-7     -21.70728761209851
-1.8667757580461752E-6    -3.3225657180899766E-7   -22.458970502844586
-1.8060375556805568E-6    -2.2150438120599844E-7   -23.210653393590032
-1.7452993533149384E-6    -1.1075219060299926E-7   -23.962336284335674
-1.6845611509493198E-6    0                        -24.71126379916592
-2.059261490748415E-6     -4.43008762411997E-7     -22.35183265091777
-1.9985232883827964E-6    -3.322565718089977E-7    -23.107351822687473
-1.9377850860171776E-6    -2.2150438120599844E-7   -23.928115372670643
-1.8770468836515588E-6    -1.107521906029992E-7    -24.74887892265445
-1.8163086812859409E-6    -3.073990800878092E-23   -25.569642472637305
-2.1302708187194164E-6    -3.3225657180899766E-7   -23.80537579376002
-2.069532616353799E-6     -2.215043812059985E-7    -24.606831491526158
-2.00879441398818E-6      -1.1075219060299915E-7   -25.42759504150904
-1.9480562116225613E-6    4.6109862013171375E-23   -26.248358591492977
-2.201280146690419E-6     -2.2150438120599844E-7   -25.258918936602264
-2.140541944324801E-6     -1.1075219060299925E-7   -26.10631116036453
-2.079803741959182E-6     4.6109862013171375E-23   -26.92707471034739
-2.2722894746614217E-6    -1.1075219060299926E-7   -26.71246207944428
-2.2115512722958034E-6    6.147981601756183E-23    -27.605790829202277
1.9466813052084938E-8     -5.558625683684603E-7    -6.0936517014655935
8.295683117505756E-8      -4.4469005469476827E-7   -5.740968253812973
1.4644684929803013E-7     -3.3351754102107615E-7   -5.3316030913909
2.0993686742100272E-7     -2.2234502734738408E-7   -4.922237928966467
2.7342688554397537E-7     -1.111725136736921E-7    -4.512872766544236
-5.180993029172149E-8     -4.4469005469476827E-7   -7.207228823007602
1.1680087831251136E-8     -3.3351754102107615E-7   -6.860656505040463
7.517010595422374E-8      -2.2234502734738408E-7   -6.501823305520638
1.3866012407719628E-7     -1.1117251367369203E-7   -6.142990106000307
2.0215014220016895E-7     -3.085657109649698E-23   -5.7841569064806055
-1.230866736355279E-7     -3.3351754102107615E-7   -8.408499397376236
-5.959665551255529E-8     -2.223450273473841E-7    -8.055287380348155
3.893362610417324E-9      -1.1117251367369199E-7   -7.6964541808283915
6.738338073338992E-8      4.6284856644745485E-23   -7.337620981308123
-1.9436341697933426E-7    -2.2234502734738408E-7   -9.609769971745026
-1.308733988563617E-7     -1.1117251367369204E-7   -9.249918255657855
-6.738338073338907E-8     4.6284856644745485E-23   -8.891085056137525
-2.656401603231407E-7     -1.111725136736921E-7    -10.811040546114445
-2.021501422001681E-7     6.171314219299398E-23    -10.444549130965042
-3.369169036669471E-7     0                        -12.123109145635448
-1.3217913001482723E-6    -5.552233471334356E-7    -17.26473341389633
-1.2595831823187865E-6    -4.4417867770674853E-7   -17.66591392524205
-1.1973750644893002E-6    -3.331340082800613E-7    -18.05649619055864
-1.1351669466598142E-6    -2.2208933885337419E-7   -18.447078455874998
-1.0729588288303285E-6    -1.1104466942668716E-7   -18.837660721190957
-1.0107507110008425E-6    0                        -19.193744026776567
-1.3943452703084818E-6    -4.4417867770674853E-7   -18.669311725920863
-1.3321371524789959E-6    -3.3313400828006133E-7   -19.08640775463889
-1.2699290346495097E-6    -2.2208933885337419E-7   -19.546025307811302
-1.2077209168200238E-6    -1.1104466942668708E-7   -20.00564286098232
-1.145512798990538E-6     -3.0821087189849307E-23  -20.4652604141553
-1.466899240468691E-6     -3.331340082800613E-7    -20.157341924904642
-1.4046911226392056E-6    -2.220893388533743E-7    -20.606148466105633
-1.3424830048097195E-6    -1.1104466942668704E-7   -21.06576601927796
-1.2802748869802333E-6    4.6231630784773963E-23   -21.525383572449766
-1.5394532106289005E-6    -2.2208933885337419E-7   -21.64537212388884
-1.477245092799415E-6     -1.1104466942668712E-7   -22.125889177572926
-1.4150369749699286E-6    4.6231630784773963E-23   -22.58550673074494
-1.6120071807891103E-6    -1.1104466942668716E-7   -23.133402322872993
-1.5497990629596245E-6    6.164217437969861E-23    -23.645629889039505
-6.51217502317329E-7      -5.564501263802568E-7    -12.178183022378688
-5.883573825872526E-7     -4.451601011042055E-7    -12.207630216721087
-5.254972628571762E-7     -3.3387007582815403E-7   -12.20213694142992
-4.626371431270998E-7     -2.225800505521027E-7    -12.196643666138915
-3.9977702339702356E-7    -1.1129002527605141E-7   -12.191150390846332
-7.231241440540318E-7     -4.451601011042055E-7    -13.48885163553851
-6.602640243239555E-7     -3.3387007582815414E-7   -13.529719665333781
-5.97403904593879E-7      -2.225800505521027E-7    -13.58671756962752
-5.345437848638025E-7     -1.1129002527605134E-7   -13.643715473920322
-4.716836651337263E-7     -3.0889187118146967E-23  -13.700713378213749
-7.950307857907342E-7     -3.3387007582815403E-7   -14.888650579712275
-7.321706660606581E-7     -2.2258005055210274E-7   -14.942725751902023
-6.693105463305816E-7     -1.112900252760513E-7    -14.999723656195863
-6.064504266005052E-7     4.633378067722045E-23    -15.056721560489823
-8.66937427527437E-7      -2.225800505521027E-7    -16.288449523886577
-8.040773077973608E-7     -1.1129002527605136E-7   -16.355731838470582
-7.412171880672844E-7     4.633378067722045E-23    -16.412729742766523
-9.388440692641399E-7     -1.1129002527605141E-7   -17.688248468061147
-8.759839495340636E-7     6.177837423629393E-23    -17.76873792503914
3.8031762440844383E-6     -4.999999999999998E-6    7.6504534943117894
3.924164894359163E-6      -4.9999999999999996E-6   7.732184092856719
4.045153544633886E-6      -4.999999999999998E-6    7.797769230842231
4.166142194908611E-6      -4.999999999999997E-6    7.863354368827526
4.287130845183336E-6      -4.999999999999998E-6    7.92893950681298
3.85286656440652E-6       -4.898924096360112E-6    7.711496720943666
3.973855214681245E-6      -4.898924096360113E-6    7.795579522231657
4.094843864955968E-6      -4.898924096360111E-6    7.86116466021713
4.215832515230692E-6      -4.898924096360111E-6    7.926749798202524
4.336821165505417E-6      -4.898924096360113E-6    7.97130651576642
3.9025568847286E-6        -4.797848192720225E-6    7.787472199599959
4.023545535003326E-6      -4.797848192720226E-6    7.858974951606634
4.144534185278049E-6      -4.797848192720225E-6    7.924560089592045
4.265522835552773E-6      -4.797848192720225E-6    7.982211932005985
3.952247205050682E-6      -4.696772289080338E-6    7.863447678256192
4.0732358553254076E-6     -4.69677228908034E-6     7.922370380981493
4.194224505600131E-6      -4.696772289080338E-6    7.993117348245578
4.001937525372765E-6      -4.595696385440453E-6    7.939423156912406
4.1229261756474895E-6     -4.595696385440452E-6    8.004022764485134
4.051627845694846E-6      -4.494620481800565E-6    8.025899463643858
-4.9999999999999996E-6    -1.4285714285714244E-6   -11.579754097286191
-4.876839339140192E-6     -1.3582296983799526E-6   -12.527448732098025
-4.753678678280383E-6     -1.2878879681884803E-6   -13.48256047224755
-4.630518017420575E-6     -1.2175462379970083E-6   -14.437672212397116
-4.507357356560768E-6     -1.147204507805537E-6    -15.392783952546251
-4.38419669570096E-6      -1.0768627776140648E-6   -16.350655522519695
-5.0E-6                   -1.2857142857142814E-6   -12.301053711007754
-4.8768393391401926E-6    -1.2153725555228096E-6   -13.311001370504995
-4.753678678280384E-6     -1.1450308253313374E-6   -14.320949030002485
-4.630518017420575E-6     -1.0746890951398655E-6   -15.330896689499456
-4.507357356560768E-6     -1.004347364948394E-6    -16.31983918058675
-4.9999999999999996E-6    -1.1428571428571381E-6   -13.1600010361011
-4.8768393391401926E-6    -1.0725154126656668E-6   -14.169948695598544
-4.753678678280384E-6     -1.0021736824741946E-6   -15.179896355095876
-4.630518017420575E-6     -9.318319522827224E-7    -16.18902605293686
-4.9999999999999996E-6    -9.999999999999953E-7    -14.018948361194289
-4.876839339140192E-6     -9.296582698085236E-7    -15.028896020691889
-4.753678678280382E-6     -8.593165396170514E-7    -16.058212925287048
-5.0E-6                   -8.571428571428526E-7    -14.877895686289047
-4.876839339140192E-6     -7.868011269513805E-7    -15.927399797637314
3.429598763695088E-6      -4.478451174963688E-6    7.426668668559206
3.371675838088622E-6      -4.582760939970951E-6    7.290518317133362
3.3137529124821547E-6     -4.68707070497821E-6     7.168873691915883
3.255829986875689E-6      -4.791380469985473E-6    7.0472290666982484
3.197907061269224E-6      -4.895690234992736E-6    6.925584441480848
3.1399841356627573E-6     -4.999999999999998E-6    6.81673164579711
3.5043142597729584E-6     -4.582760939970951E-6    7.46317558441032
3.4463913341664922E-6     -4.687070704978211E-6    7.332047953804564
3.388468408560025E-6      -4.7913804699854735E-6   7.222766527408906
3.330545482953559E-6      -4.895690234992736E-6    7.113485101013188
3.2726225573470936E-6     -4.9999999999999996E-6   7.004203674617865
3.579029755850828E-6      -4.68707070497821E-6     7.507976879315667
3.5211068302443627E-6     -4.791380469985474E-6    7.391795108344462
3.4631839046378956E-6     -4.895690234992736E-6    7.282513681948947
3.4052609790314286E-6     -4.999999999999998E-6    7.173232255553407
3.6537452519286977E-6     -4.791380469985473E-6    7.552778174221211
3.5958223263222323E-6     -4.895690234992736E-6    7.451542262884804
3.5378994007157653E-6     -4.999999999999997E-6    7.342260836489186
3.7284607480065686E-6     -4.895690234992736E-6    7.597579469126558
3.670537822400102E-6      -4.999999999999999E-6    7.511289417425121
-4.42253258790201E-6      -1.8247659938517277E-6   -11.89015173659215
-4.538026070321608E-6     -1.7455270807956672E-6   -11.873008197733657
-4.653519552741205E-6     -1.666288167739606E-6    -11.816900636543313
-4.769013035160804E-6     -1.5870492546835454E-6   -11.760793075353321
-4.8845065175804025E-6    -1.5078103416274853E-6   -11.704685514163213
-4.538026070321608E-6     -1.88838422365281E-6     -11.24822020133314
-4.653519552741206E-6     -1.8091453105967495E-6   -11.225005758268562
-4.769013035160803E-6     -1.7299063975406886E-6   -11.144966100727585
-4.884506517580401E-6     -1.6506674844846277E-6   -11.064926443187234
-5.0E-6                   -1.5714285714285676E-6   -10.984886785646413
-4.653519552741205E-6     -1.9520024534538915E-6   -10.595526437887498
-4.7690130351608045E-6    -1.872763540397832E-6    -10.535264578411002
-4.884506517580402E-6     -1.7935246273417712E-6   -10.455224920870496
-4.9999999999999996E-6    -1.71428571428571E-6     -10.375185263329596
-4.769013035160804E-6     -2.0156206832549743E-6   -9.942832674441934
-4.8845065175804025E-6    -1.936381770198914E-6    -9.845523398553114
-4.9999999999999996E-6    -1.8571428571428529E-6   -9.765483741012465
-4.8845065175804025E-6    -2.079238913056057E-6    -9.290138910996134
-4.9999999999999996E-6    -1.999999999999997E-6    -9.155782218695805
-4.9999999999999996E-6    -2.1428571428571393E-6   -8.640427243730144
2.7724359280744413E-6     -4.462233089888258E-6    6.320999661819951
2.7064769430968503E-6     -4.569786471910607E-6    6.136921623890704
2.6405179581192585E-6     -4.677339853932954E-6    5.966847840965442
2.5745589731416667E-6     -4.784893235955301E-6    5.7967740580400235
2.5085999881640757E-6     -4.8924466179776505E-6   5.626700275114762
2.4426410031864844E-6     -4.999999999999998E-6    5.46586305971961
2.845945569592105E-6      -4.569786471910607E-6    6.413483895298528
2.7799865846145136E-6     -4.677339853932956E-6    6.233649330038686
2.714027599636922E-6      -4.784893235955303E-6    6.0741124755912965
2.64806861465933E-6       -4.8924466179776505E-6   5.914575621144043
2.5821096296817395E-6     -4.9999999999999996E-6   5.755038766697032
2.9194552111097674E-6     -4.677339853932954E-6    6.511990401937366
2.853496226132177E-6      -4.784893235955304E-6    6.345931610133272
2.7875372411545847E-6     -4.8924466179776505E-6   6.1863947556859165
2.7215782561769933E-6     -4.999999999999998E-6    6.026857901238726
2.9929648526274307E-6     -4.784893235955301E-6    6.610496908576615
2.9270058676498398E-6     -4.8924466179776505E-6   6.458213890228005
2.861046882672248E-6      -4.999999999999997E-6    6.298677035780734
3.0664744941450944E-6     -4.8924466179776505E-6   6.709003415215372
3.000515509167503E-6      -4.999999999999999E-6    6.570496170322664
-4.4358013535928884E-6    -2.512450488229068E-6    -9.072960428009536
-4.5486410828743105E-6    -2.4385318191546826E-6   -9.022654738357792
-4.6614808121557325E-6    -2.364613150080296E-6    -8.938891183119825
-4.774320541437154E-6     -2.2906944810059107E-6   -8.855127627881735
-4.8871602707185775E-6    -2.2167758119315255E-6   -8.77136407264361
-4.5486410828743105E-6    -2.5813889620118254E-6   -8.582004559961465
-4.661480812155733E-6     -2.5074702929374397E-6   -8.523766262732387
-4.7743205414371554E-6    -2.433551623863054E-6    -8.42340504757869
-4.887160270718577E-6     -2.3596329547886683E-6   -8.323043832424835
-5.0E-6                   -2.2857142857142826E-6   -8.222682617270902
-4.6614808121557325E-6    -2.650327435794582E-6    -8.085455611772549
-4.774320541437156E-6     -2.5764087667201972E-6   -7.99969622876179
-4.8871602707185775E-6    -2.5024900976458115E-6   -7.899335013607777
-4.9999999999999996E-6    -2.4285714285714254E-6   -7.798973798453451
-4.774320541437154E-6     -2.7192659095773396E-6   -7.588906663583943
-4.8871602707185775E-6    -2.6453472405029543E-6   -7.475626194790741
-4.9999999999999996E-6    -2.5714285714285687E-6   -7.375264979636473
-4.8871602707185775E-6    -2.7882043833600976E-6   -7.092357715394828
-4.9999999999999996E-6    -2.714285714285712E-6    -6.9515561608193375
-4.9999999999999996E-6    -2.8571428571428547E-6   -6.597362841841271
2.079932980857574E-6      -4.451281754506022E-6    4.7271305619796875
2.012895099426986E-6      -4.561025403604819E-6    4.518319953863226
1.945857217996397E-6      -4.670769052703612E-6    4.323084609868052
1.8788193365658089E-6     -4.780512701802407E-6    4.1278492658728
1.8117814551352211E-6     -4.890256350901202E-6    3.932613921877489
1.7447435737046323E-6     -4.999999999999998E-6    3.7432498515625796
2.1524745853233563E-6     -4.561025403604819E-6    4.871370427262683
2.085436703892768E-6      -4.670769052703613E-6    4.665892529316649
2.0183988224621795E-6     -4.780512701802408E-6    4.477256924713052
1.951360941031591E-6      -4.890256350901202E-6    4.288621320109464
1.884323059601003E-6      -4.9999999999999996E-6   4.099985715505818
2.2250161897891374E-6     -4.670769052703612E-6    5.017824013822645
2.15797830835855E-6       -4.780512701802408E-6    4.8233445445314445
2.0909404269279615E-6     -4.890256350901202E-6    4.634708939927772
2.023902545497373E-6      -4.999999999999998E-6    4.446073335324292
2.2975577942549195E-6     -4.780512701802407E-6    5.164277600382569
2.230519912824332E-6      -4.890256350901202E-6    4.980796559746717
2.163482031393743E-6      -4.999999999999997E-6    4.792160955142885
2.3700993987207023E-6     -4.890256350901202E-6    5.310731186942237
2.303061517290114E-6      -4.999999999999999E-6    5.138248574961555
-4.450803537354059E-6     -3.1973637943151173E-6   -7.1375604006876
-4.560642829883247E-6     -3.1293196068806653E-6   -7.057160037914179
-4.6704821224124345E-6    -3.061275419446212E-6    -6.950900176375679
-4.780321414941622E-6     -2.9932312320117596E-6   -6.844640314837649
-4.8901607074708115E-6    -2.9251870445773076E-6   -6.738380453298912
-4.560642829883247E-6     -3.272176749737808E-6    -6.76406206739714
-4.670482122412436E-6     -3.2041325623033552E-6   -6.679556406252115
-4.7803214149416226E-6    -3.1360883748689024E-6   -6.560537159535251
-4.890160707470811E-6     -3.0680441874344495E-6   -6.441517912818193
-5.0E-6                   -2.999999999999998E-6    -6.322498666101289
-4.6704821224124345E-6    -3.346989705160498E-6    -6.389836897007344
-4.780321414941624E-6     -3.278945517726046E-6    -6.282564834525413
-4.8901607074708115E-6    -3.2109013302915928E-6   -6.163545587808374
-4.9999999999999996E-6    -3.14285714285714E-6     -6.044526341091451
-4.780321414941622E-6     -3.421802660583189E-6    -6.015611726617821
-4.8901607074708115E-6    -3.353758473148736E-6    -5.88557326279883
-4.9999999999999996E-6    -3.285714285714283E-6    -5.766554016081848
-4.8901607074708115E-6    -3.4966156160058797E-6   -5.641386556227906
-4.9999999999999996E-6    -3.428571428571427E-6    -5.488581691072402
-4.9999999999999996E-6    -3.5714285714285697E-6   -5.265801211895079
-4.9999999999999996E-6    -4.285714285714285E-6    -4.50855044410178
-4.87669672874214E-6      -4.220927547289512E-6    -4.805672401162154
-4.753393457484278E-6     -4.15614080886474E-6     -5.095785753911182
-4.6300901862264175E-6    -4.0913540704399675E-6   -5.385899106660544
-4.506786914968559E-6     -4.026567332015197E-6    -5.676012459409414
-4.3834836437106984E-6    -3.9617805935904245E-6   -5.943194250971281
-5.0E-6                   -4.142857142857142E-6    -4.63503318395892
-4.876696728742139E-6     -4.07807040443237E-6     -4.940543121593291
-4.75339345748428E-6      -4.013283666007597E-6    -5.246053059227741
-4.6300901862264175E-6    -3.948496927582825E-6    -5.551562996862193
-4.506786914968559E-6     -3.883710189158054E-6    -5.833233252404264
-4.9999999999999996E-6    -3.999999999999998E-6    -4.792045103971366
-4.876696728742141E-6     -3.9352132615752274E-6   -5.097555041605855
-4.753393457484279E-6     -3.870426523150454E-6    -5.4030649792403835
-4.630090186226418E-6     -3.805639784725682E-6    -5.698274223006042
-4.9999999999999996E-6    -3.857142857142855E-6    -4.949057023983773
-4.876696728742139E-6     -3.7923561187180838E-6   -5.254566961618183
-4.753393457484277E-6     -3.7275693802933106E-6   -5.563315193607938
-5.0E-6                   -3.7142857142857133E-6   -5.106068943996494
-4.876696728742139E-6     -3.649498975860941E-6    -5.428356164209558
-4.551434988335853E-6     -4.559700819602736E-6    -5.169503034871424
-4.641147990668683E-6     -4.504903512825046E-6    -5.043176742744341
-4.730860993001511E-6     -4.450106206047355E-6    -4.91333631560331
-4.820573995334341E-6     -4.395308899269664E-6    -4.783495888462005
-4.91028699766717E-6      -4.340511592491974E-6    -4.653655461320975
-4.641147990668683E-6     -4.647760655682189E-6    -4.988669327825062
-4.730860993001511E-6     -4.5929633489044986E-6   -4.85953167953794
-4.82057399533434E-6      -4.538166042126807E-6    -4.719625807923827
-4.910286997667169E-6     -4.483368735349117E-6    -4.579719936309636
-5.0E-6                   -4.4285714285714274E-6   -4.43981406469509
-4.730860993001511E-6     -4.735820491761641E-6    -4.805525747172798
-4.8205739953343415E-6    -4.6810231849839516E-6   -4.664906637139673
-4.91028699766717E-6      -4.62622587820626E-6     -4.525000765525284
-4.9999999999999996E-6    -4.571428571428569E-6    -4.385094893910975
-4.820573995334341E-6     -4.823880327841093E-6    -4.622382166520454
-4.91028699766717E-6      -4.769083021063404E-6    -4.470281594741138
-4.9999999999999996E-6    -4.714285714285711E-6    -4.33037572312686
-4.91028699766717E-6      -4.9119401639205466E-6   -4.439238585868269
-4.9999999999999996E-6    -4.857142857142856E-6    -4.2756565523427446
-4.9999999999999996E-6    -4.999999999999999E-6    -4.256095005215926
1.376522698980484E-6      -4.448397252382175E-6    2.793526785555091
1.3105873880289433E-6     -4.55871780190574E-6     2.5847544505430067
1.2446520770774023E-6     -4.669038351429304E-6    2.386649138394743
1.1787167661258618E-6     -4.779358900952868E-6    2.188543826246243
1.1127814551743212E-6     -4.889679450476434E-6    1.990438514097744
1.0468461442227802E-6     -4.999999999999998E-6    1.7941868976092061
1.450166873925314E-6      -4.55871780190574E-6     2.9842448340583623
1.384231562973773E-6      -4.669038351429304E-6    2.7773601138376773
1.3182962520222322E-6     -4.77935890095287E-6     2.581184186241319
1.2523609410706912E-6     -4.889679450476434E-6    2.385008258645146
1.1864256301191508E-6     -4.9999999999999996E-6   2.1888323310488382
1.5238110488701432E-6     -4.669038351429304E-6    3.1726650579190614
1.4578757379186028E-6     -4.77935890095287E-6     2.972724203209899
1.3919404269670616E-6     -4.889679450476434E-6    2.776548275613666
1.3260051160155208E-6     -4.999999999999998E-6    2.580372348017308
1.597455223814973E-6      -4.779358900952868E-6    3.3610852817796433
1.5315199128634324E-6     -4.889679450476434E-6    3.1680882925825284
1.4655846019118913E-6     -4.999999999999997E-6    2.9719123649864057
1.6710993987598027E-6     -4.889679450476434E-6    3.5495055056401266
1.6051640878082619E-6     -4.999999999999999E-6    3.363452381955032
-4.408119495458056E-6     -4.999999999999998E-6    -5.274468093492289
-4.436782594033616E-6     -4.911940163920546E-6    -5.244088341305441
-4.465445692609174E-6     -4.823880327841093E-6    -5.224761394431618
-4.494108791184734E-6     -4.73582049176164E-6     -5.205434447558444
-4.522771889760294E-6     -4.647760655682189E-6    -5.186107500685268
-4.526495596366445E-6     -4.999999999999999E-6    -5.086379070582668
-4.5551586949420035E-6    -4.911940163920546E-6    -5.0592595790614885
-4.583821793517563E-6     -4.823880327841093E-6    -5.03214008754033
-4.612484892093122E-6     -4.7358204917616405E-6   -5.005020596019082
-4.644871697274834E-6     -4.999999999999998E-6    -4.887597460155395
-4.6735347958503935E-6    -4.9119401639205466E-6   -4.860477968634226
-4.702197894425952E-6     -4.8238803278410935E-6   -4.8333584771130225
-4.763247798183221E-6     -4.999999999999997E-6    -4.688815849728004
-4.791910896758782E-6     -4.911940163920546E-6    -4.661696358206953
-4.881623899091611E-6     -4.999999999999999E-6    -4.490034239301006
6.762612306892733E-7      -4.446683256169969E-6    0.7177589353004205
6.107987274996046E-7      -4.557346604935976E-6    0.5250135769392292
5.453362243099356E-7      -4.66800995370198E-6     0.33865483014363695
4.798737211202667E-7      -4.778673302467985E-6    0.15229608334804454
4.1441121793059797E-7     -4.889336651233993E-6    -0.03406266344770496
3.48948714740929E-7       -4.999999999999998E-6    -0.22271306602034388
7.503782133959748E-7      -4.557346604935976E-6    0.9377185875989232
6.84915710206306E-7       -4.668009953701981E-6    0.7452031636698749
6.19453207016637E-7       -4.778673302467986E-6    0.5560848131466628
5.539907038269681E-7      -4.889336651233991E-6    0.36696646262364024
4.885282006372994E-7      -4.9999999999999996E-6   0.17784811210047438
8.24495196102676E-7       -4.66800995370198E-6     1.15144748804272
7.590326929130074E-7      -4.778673302467988E-6    0.9610963573537269
6.935701897233383E-7      -4.889336651233993E-6    0.7719780068305623
6.281076865336693E-7      -4.999999999999998E-6    0.582859656307193
8.986121788093773E-7      -4.778673302467985E-6    1.3651763884864772
8.331496756197087E-7      -4.889336651233993E-6    1.1769895510379877
7.676871724300396E-7      -4.999999999999997E-6    0.9878712005147758
9.72729161516079E-7       -4.889336651233993E-6    1.5789052889302737
9.072666583264101E-7      -4.999999999999999E-6    1.3928827447217302
-4.045779294323699E-6     -4.529614341573964E-6    -5.865916813669973
-4.11824733455057E-6      -4.623691473259171E-6    -5.738866056245442
-4.190715374777442E-6     -4.717768604944377E-6    -5.6214299921175215
-4.263183415004313E-6     -4.811845736629584E-6    -5.5039939279893835
-4.335651455231185E-6     -4.9059228683147924E-6   -5.3865578638613645
-3.997258684275846E-6     -4.623691473259171E-6    -5.874760667591793
-4.069726724502717E-6     -4.717768604944378E-6    -5.75028406593854
-4.1421947647295876E-6    -4.811845736629584E-6    -5.643182345890312
-4.214662804956458E-6     -4.905922868314791E-6    -5.5360806258423185
-4.287130845183333E-6     -4.9999999999999996E-6   -5.4289789057942475
-3.948738074227991E-6     -4.717768604944377E-6    -5.888205472848785
-4.021206114454864E-6     -4.811845736629585E-6    -5.775587547565162
-4.093674154681735E-6     -4.905922868314792E-6    -5.668485827517012
-4.166142194908606E-6     -4.999999999999998E-6    -5.561384107469019
-3.900217464180138E-6     -4.811845736629584E-6    -5.90165027810566
-3.97268550440701E-6      -4.905922868314791E-6    -5.800891029192118
-4.04515354463388E-6      -4.999999999999997E-6    -5.6937893091439475
-3.851696854132286E-6     -4.9059228683147924E-6   -5.915095083362574
-3.924164894359157E-6     -4.999999999999999E-6    -5.826194510818719
-3.8031762440844315E-6    -4.999999999999998E-6    -5.942194194895213
-1.665312222610016E-8     -4.44386709513371E-6     -1.318085794402921
-8.311224072906477E-8     -4.555093676106968E-6    -1.483956046883969
-1.495713592320293E-7     -4.666320257080225E-6    -1.6477664838882131
-2.1603047773499388E-7    -4.777546838053482E-6    -1.8115769208926926
-2.824895962379585E-7     -4.888773419026741E-6    -1.9753873578969956
-3.4894871474092307E-7    -4.999999999999998E-6    -2.1454291477573855
5.646724516730569E-8      -4.555093676106968E-6    -1.0908500086726978
-9.991873335658905E-9     -4.666320257080225E-6    -1.2579945621717858
-7.645099183862349E-8     -4.777546838053484E-6    -1.4290485965940836
-1.4291011034158803E-7    -4.888773419026741E-6    -1.600102631016203
-2.0936922884455266E-7    -4.9999999999999996E-6   -1.7711566654382072
1.2958761256071152E-7     -4.666320257080225E-6    -0.8732594772488642
6.312849405774693E-8      -4.777546838053484E-6    -1.0430835246282493
-3.3306244452176673E-9    -4.888773419026741E-6    -1.2141375590505024
-6.978974294818223E-8     -4.999999999999998E-6    -1.3851915934726426
2.027079799541173E-7      -4.777546838053482E-6    -0.6556689458249132
1.3624886145115277E-7     -4.888773419026741E-6    -0.8281724870846235
6.978974294818816E-8      -4.999999999999997E-6    -0.9992265215066068
2.758283473475232E-7      -4.888773419026741E-6    -0.43807841440107975
2.0936922884455864E-7     -4.999999999999999E-6    -0.613261449540571
-3.417650596057373E-6     -4.462670464586614E-6    -6.356613339431289
-3.4947557256627853E-6    -4.570136371669291E-6    -6.262710792327793
-3.571860855268196E-6     -4.677602278751967E-6    -6.1805309532698445
-3.6489659848736077E-6    -4.785068185834644E-6    -6.098351114211915
-3.7260711144790202E-6    -4.892534092917321E-6    -6.016171275154103
-3.3621173039784503E-6    -4.570136371669291E-6    -6.313034353972907
-3.4392224335838615E-6    -4.677602278751968E-6    -6.224542622578252
-3.516327563189273E-6     -4.7850681858346445E-6   -6.15660818773106
-3.593432692794684E-6     -4.892534092917321E-6    -6.088673752883907
-3.6705378224000973E-6    -4.9999999999999996E-6   -6.0207393180368145
-3.3065840118995256E-6    -4.677602278751967E-6    -6.28166567627879
-3.383689141504939E-6     -4.785068185834646E-6    -6.207844698320697
-3.46079427111035E-6      -4.892534092917321E-6    -6.139910263473546
-3.5378994007157615E-6    -4.999999999999998E-6    -6.071975828626334
-3.2510507198206027E-6    -4.785068185834644E-6    -6.250296998584615
-3.3281558494260152E-6    -4.892534092917321E-6    -6.191146774063232
-3.4052609790314264E-6    -4.999999999999997E-6    -6.1232123392160505
-3.19551742774168E-6      -4.892534092917321E-6    -6.218928320890428
-3.272622557347092E-6     -4.999999999999999E-6    -6.174448849805688
-3.1399841356627564E-6    -4.999999999999998E-6    -6.202390998144551
-7.153871169689881E-7     -4.440755067986802E-6    -3.189478046076959
-7.816789224197455E-7     -4.552604054389443E-6    -3.3115652460052107
-8.479707278705028E-7     -4.664453040792081E-6    -3.4364781892988567
-9.142625333212602E-7     -4.7763020271947195E-6   -3.5613911325931307
-9.805543387720177E-7     -4.88815101359736E-6     -3.6863040758871106
-1.0468461442227751E-6    -4.999999999999998E-6    -3.820781390578384
-6.420994365233751E-7     -4.552604054389443E-6    -2.9697624611415447
-7.083912419741326E-7     -4.664453040792081E-6    -3.0946904209886026
-7.746830474248899E-7     -4.77630202719472E-6     -3.2306690973133567
-8.409748528756472E-7     -4.88815101359736E-6     -3.366647773637723
-9.072666583264049E-7     -4.9999999999999996E-6   -3.502626449962237
-5.68811756077762E-7      -4.664453040792081E-6    -2.762217559089613
-6.351035615285196E-7     -4.776302027194721E-6    -2.89448544818996
-7.013953669792769E-7     -4.88815101359736E-6     -3.0304641245144013
-7.676871724300341E-7     -4.999999999999998E-6    -3.1664428008387633
-4.95524075632149E-7      -4.7763020271947195E-6   -2.5546726570374654
-5.618158810829065E-7     -4.888151013597359E-6    -2.694280475390927
-6.281076865336637E-7     -4.999999999999997E-6    -2.83025915171521
-4.222363951865361E-7     -4.88815101359736E-6     -2.347127754985573
-4.885282006372935E-7     -4.999999999999999E-6    -2.4940755025918926
-2.787033093675625E-6     -4.42727562226512E-6     -6.363535244545884
-2.8576233020730515E-6    -4.541820497812096E-6    -6.317323590337125
-2.928213510470477E-6     -4.6563653733590705E-6   -6.285678647007638
-2.9988037188679035E-6    -4.770910248906045E-6    -6.254033703678145
-3.06939392726533E-6      -4.885455124453022E-6    -6.222388760348656
-2.718154675577797E-6     -4.541820497812096E-6    -6.2638520513455695
-2.788744883975223E-6     -4.656365373359071E-6    -6.223999171217775
-2.8593350923726485E-6    -4.770910248906047E-6    -6.2084332313469375
-2.929925300770075E-6     -4.885455124453022E-6    -6.192867291476144
-3.0005155091675018E-6    -4.9999999999999996E-6   -6.177301351605307
-2.649276257479967E-6     -4.6563653733590705E-6   -6.1772484406958235
-2.7198664658773938E-6    -4.7709102489060485E-6   -6.153680874911277
-2.7904566742748194E-6    -4.885455124453022E-6    -6.138114935040477
-2.8610468826722454E-6    -4.999999999999998E-6    -6.122548995169649
-2.5803978393821383E-6    -4.770910248906045E-6    -6.090644830046056
-2.6509880477795647E-6    -4.885455124453022E-6    -6.083362578604777
-2.7215782561769903E-6    -4.999999999999997E-6    -6.067796638733992
-2.5115194212843096E-6    -4.885455124453022E-6    -6.004041219396299
-2.582109629681736E-6     -4.999999999999999E-6    -6.013044282298327
-2.4426410031864805E-6    -4.999999999999998E-6    -5.9310543282524835
-2.1021583342348655E-6    -4.429137180290558E-6    -5.810245494256001
-2.170254868025189E-6     -4.543309744232447E-6    -5.823147386807584
-2.238351401815511E-6     -4.657482308174333E-6    -5.846719422467553
-2.306447935605834E-6     -4.771654872116221E-6    -5.870291458127507
-2.374544469396158E-6     -4.88582743605811E-6     -5.89386349378743
-2.030675382128818E-6     -4.543309744232447E-6    -5.657370837615906
-2.0987719159191417E-6    -4.6574823081743334E-6   -5.6752474849883
-2.166868449709464E-6     -4.7716548721162216E-6   -5.715077751657331
-2.2349649834997866E-6    -4.88582743605811E-6     -5.754908018326323
-2.3030615172901106E-6    -4.9999999999999996E-6   -5.794738284995413
-1.9591924300227705E-6    -4.657482308174333E-6    -5.519209992592281
-2.027288963813094E-6     -4.771654872116222E-6    -5.551528269388281
-2.0953854976034158E-6    -4.88582743605811E-6     -5.591358536057273
-2.1634820313937393E-6    -4.999999999999998E-6    -5.631188802726344
-1.8877094779167225E-6    -4.771654872116221E-6    -5.381049147568735
-1.955806011707046E-6     -4.88582743605811E-6     -5.427809053788207
-2.0239025454973685E-6    -4.999999999999997E-6    -5.467639320457196
-1.8162265258106758E-6    -4.88582743605811E-6     -5.24288830254515
-1.8843230596009985E-6    -4.999999999999999E-6    -5.304089838188106
-1.7447435737046278E-6    -4.999999999999998E-6    -5.1165941578339575
-1.4050319626497065E-6    -4.440973139507331E-6    -4.7111503051555115
-1.472974284860691E-6     -4.552778511605865E-6    -4.785156859131713
-1.5409166070716748E-6    -4.664583883704397E-6    -4.865022909046765
-1.6088589292826589E-6    -4.776389255802931E-6    -4.944888958961697
-1.6768012514936438E-6    -4.888194627901465E-6    -5.024755008876553
-1.3333947989643203E-6    -4.552778511605865E-6    -4.520402271694187
-1.4013371211753046E-6    -4.664583883704398E-6    -4.597822674851554
-1.4692794433862889E-6    -4.776389255802932E-6    -4.691963141048255
-1.5372217655972727E-6    -4.888194627901465E-6    -4.786103607244922
-1.6051640878082574E-6    -4.9999999999999996E-6   -4.88024407344162
-1.2617576352789338E-6    -4.664583883704397E-6    -4.343243462851918
-1.3296999574899187E-6    -4.776389255802932E-6    -4.431879656031083
-1.3976422797009025E-6    -4.888194627901465E-6    -4.526020122227835
-1.4655846019118868E-6    -4.999999999999998E-6    -4.620160588424419
-1.1901204715935474E-6    -4.776389255802931E-6    -4.166084654009532
-1.2580627938045321E-6    -4.888194627901465E-6    -4.265936637210477
-1.326005116015516E-6     -4.999999999999997E-6    -4.3600771034072965
-1.1184833079081617E-6    -4.888194627901465E-6    -3.9889258451670875
-1.186425630119146E-6     -4.999999999999999E-6    -4.099993618390017
4.42253891708055E-6       -4.742116559325528E-7    27.41668738967804
4.381007754704531E-6      -3.8148078452565645E-7   28.476476404255383
4.339476592328511E-6      -2.8874991311876015E-7   29.50547896216367
4.2979454299524906E-6     -1.9601904171186385E-7   30.534481520071342
4.309044400177427E-6      -4.84768954830624E-7     27.10261223749967
4.267513237801407E-6      -3.920380834237277E-7    28.144667153371827
4.225982075425388E-6      -2.993072120168314E-7    29.17366971128028
4.1955498832743045E-6     -4.953262537286952E-7    26.78853708532161
4.154018720898285E-6      -4.0259538232179893E-7   27.812857902487547
4.082055366371182E-6      -5.058835526267664E-7    26.47446193314356
4.505306301686497E-6      -5.887514796852626E-7    26.396829908430576
4.4745791693893205E-6     -7.138486023360437E-7    25.14731312626624
4.443852037092144E-6      -8.389457249868247E-7    23.897796344101273
4.413124904794967E-6      -9.640428476376059E-7    22.648279561936626
4.598099614889762E-6      -6.388777511355082E-7    25.87129171804897
4.567372482592585E-6      -7.639748737862893E-7    24.6390140311707
4.536645350295409E-6      -8.890719964370703E-7    23.4067363442931
4.690892928093027E-6      -6.890040225857538E-7    25.364409728266082
4.6601657957958505E-6     -8.14101145236535E-7     24.132132041387703
4.783686241296292E-6      -7.391302940359996E-7    24.85752773848416
4.391811784783374E-6      -5.993087785833338E-7    26.119145055558594
4.2783172678802504E-6     -6.098660774814051E-7    25.822804002085405
4.164822750977127E-6      -6.204233763794763E-7    25.526462948612387
4.0513282340740055E-6     -6.309806752775476E-7    25.15931769202736
4.361084652486197E-6      -7.24405901234115E-7     24.852389178106325
4.247590135583074E-6      -7.349632001321861E-7    24.556048124633744
4.134095618679951E-6      -7.455204990302573E-7    24.249881165121725
4.330357520189021E-6      -8.495030238848959E-7    23.585633300655275
4.216863003285898E-6      -8.600603227829672E-7    23.340444638216646
4.299630387891844E-6      -9.74600146535677E-7     22.431008111311506
4.7597706975085E-6        -1.449962922921068E-6    18.852115062172416
4.636250252008057E-6      -1.38207663126446E-6     19.343776573505696
4.512729806507616E-6      -1.3141903396078525E-6   19.83543808483835
4.389209361007174E-6      -1.2463040479512449E-6   20.293499689673467
4.643061840517441E-6      -1.5392407089273184E-6   18.233500424933005
4.519541395017E-6         -1.4713544172707106E-6   18.725161936266282
4.3960209495165575E-6     -1.4034681256141032E-6   19.202160929737225
4.5263529835263825E-6     -1.6285184949335685E-6   17.614885787693453
4.402832538025942E-6      -1.560632203276961E-6    18.110822169800514
4.409644126535325E-6      -1.7177962809398194E-6   17.019483409864037
3.6485437497576194E-6     -2.074105144946687E-7    28.19831980240163
3.579730483110193E-6      -3.115328586843699E-7    26.7549190805105
3.510917216462766E-6      -4.1565520287407105E-7   25.311518358618816
3.44210394981534E-6       -5.197775470637723E-7    23.904271816209437
3.7113447080233725E-6     -3.1069868479963625E-7   27.346050537756977
3.642531441375946E-6      -4.148210289893374E-7    25.90264981586496
3.5737181747285193E-6     -5.189433731790385E-7    24.473055104767475
3.7741456662891256E-6     -4.139868551046038E-7    26.493781273111775
3.705332399641699E-6      -5.18109199294305E-7     25.041838393325868
3.83694662455488E-6       -5.172750254095714E-7    25.610621681884513
3.6005844381229447E-6     -1.038140248715059E-6    20.183924244235623
3.674179720391968E-6      -9.338003692770148E-7    21.318828491073884
3.7477750026609903E-6     -8.294604898389705E-7    22.497013642545596
3.821370284930013E-6      -7.251206104009263E-7    23.67519879401698
3.894965567199036E-6      -6.207807309628819E-7    24.85338394548903
3.542565495478788E-6      -9.346345431617485E-7    20.77436011161189
3.6161607777478104E-6     -8.302946637237041E-7    21.92113997097644
3.689756060016833E-6      -7.259547842856597E-7    23.14067043241869
3.7633513422858556E-6     -6.216149048476156E-7    24.360200893860785
3.4845465528346304E-6     -8.311288376084377E-7    21.39539183323964
3.5581418351036532E-6     -7.267889581703934E-7    22.594235312548367
3.631737117372676E-6      -6.224490787323491E-7    23.813765773990777
3.4265276101904737E-6     -7.276231320551271E-7    22.0164235548674
3.500122892459496E-6      -6.232832526170828E-7    23.26733065411942
3.368508667546317E-6      -6.241174265018165E-7    22.63745527649564
3.977732951804982E-6      -7.353205547155919E-7    23.951673647414115
3.90413766953596E-6       -8.396604341536361E-7    22.814833805912812
3.830542387266936E-6      -9.440003135916803E-7    21.677993964411357
3.7569471049979142E-6     -1.0483401930297247E-6   20.549592016042755
4.060500336410929E-6      -8.498603784683016E-7    23.10321541758156
3.986905054141906E-6      -9.542002579063459E-7    21.96637557608069
3.913309771872883E-6      -1.0585401373443902E-6   20.832297740971264
4.143267721016875E-6      -9.644002022210114E-7    22.254757187749792
4.0696724387478525E-6     -1.0687400816590556E-6   21.11500346590038
4.226035105622822E-6      -1.0789400259737213E-6   21.397709190829847
3.80912234637532E-6       -1.614474042405321E-6    16.75224105305563
3.923777431599814E-6      -1.5094072279819343E-6   17.68792045845015
4.038432516824308E-6      -1.4043404135585473E-6   18.640746645888093
4.1530876020488025E-6     -1.2992735991351607E-6   19.593572833326512
4.267742687273296E-6      -1.1942067847117736E-6   20.546399020764614
3.767414764724845E-6      -1.4992072836672687E-6   17.397795197774293
3.882069849949339E-6      -1.3941404692438816E-6   18.362109557528196
3.996724935173833E-6      -1.289073654820495E-6    19.371112846265845
4.111380020398327E-6      -1.184006840397108E-6    20.38011613500268
3.72570718307437E-6       -1.3839405249292161E-6   18.091153426211868
3.840362268298864E-6      -1.2788737105058293E-6   19.094083008077146
3.955017353523358E-6      -1.1738068960824425E-6   20.103086296814325
3.6839996014238946E-6     -1.2686737661911638E-6   18.784511654649116
3.7986546866483884E-6     -1.163606951767777E-6    19.826056458624965
3.6422920197734196E-6     -1.1534070074531113E-6   19.477869883086136
3.9305890201091975E-6     -1.6665713056447924E-6   16.65200001166722
4.0520556938430754E-6     -1.7186685688842635E-6   16.50283424103042
4.1735223675769525E-6     -1.7707658321237348E-6   16.35366847039257
4.2949890413108305E-6     -1.822863095363206E-6    16.204502699755416
4.045244105333692E-6      -1.5615044912214054E-6   17.56995252475883
4.166710779067569E-6      -1.6136017544608767E-6   17.394200239597566
4.288177452801447E-6      -1.6656990177003477E-6   17.21844795443581
4.159899190558186E-6      -1.4564376767980186E-6   18.466601610897587
4.281365864292064E-6      -1.5085349400374898E-6   18.290849325736165
4.2745542757826796E-6     -1.3513708623746317E-6   19.363250697036957
2.9903270810864277E-6     -2.1001470219637008E-7   24.126633161801138
2.9250268130926164E-6     -3.15907060203039E-7     22.701899940021455
2.8597265450988055E-6     -4.217994182097078E-7    21.277166718241652
2.7944262771049946E-6     -5.276917762163768E-7    19.910948415541583
3.0540426750419076E-6     -3.141370463860713E-7    23.593505447755433
2.988742407048097E-6      -4.2002940439274016E-7   22.16877222597502
2.923442139054286E-6      -5.25921762399409E-7     20.76622612097938
3.117758268997388E-6      -4.182593905757724E-7    23.06037773370967
3.052458001003577E-6      -5.241517485824413E-7    21.6215038264178
3.1814738629528687E-6     -5.223817347654736E-7    22.476781531856382
4.417247396683106E-6      -2.0073364085722514E-6   15.315393520227008
4.418039078321504E-6      -2.139712458541825E-6    14.658882930758864
4.418830759959901E-6      -2.2720885085113987E-6   14.002372341289938
4.419622441598298E-6      -2.4044645584809724E-6   13.345861751821484
4.533956253674164E-6      -2.0609157654231437E-6   15.042247283860426
4.534747935312561E-6      -2.1932918153927174E-6   14.379109757329035
4.5355396169509585E-6     -2.3256678653622915E-6   13.715972230797798
4.6506651106652225E-6     -2.114495122274036E-6    14.757792033740564
4.65145679230362E-6       -2.24687117224361E-6     14.09465450720933
4.767373967656281E-6      -2.168074479124929E-6    14.473336783621017
3.8540122331469616E-6     -2.2165897675342283E-6   13.588117055665661
3.966500929526511E-6      -2.1482638857479182E-6   14.088933601028812
4.07898962590606E-6       -2.079938003961608E-6    14.578493665664327
4.19147832228561E-6       -2.0116121221752978E-6   15.068053730299962
4.303967018665159E-6      -1.9432862403889878E-6   15.557613794935438
3.845034255792633E-6      -2.096166622508447E-6    14.18171311541106
3.957522952172183E-6      -2.0278407407221365E-6   14.689409147770427
4.070011648551732E-6      -1.9595148589358265E-6   15.213925703972441
4.182500344931281E-6      -1.891188977149516E-6    15.738442260173903
3.836056278438305E-6      -1.9757434774826653E-6   14.814468589030188
3.948544974817854E-6      -1.9074175956963552E-6   15.33650496008514
4.061033671197404E-6      -1.839091713910045E-6    15.86102151628684
3.827078301083977E-6      -1.855320332456884E-6    15.447224062649195
3.939566997463526E-6      -1.7869944506705735E-6   15.983600772400086
3.818100323729648E-6      -1.7348971874311025E-6   16.079979536268006
3.9672926111649085E-6     -2.280639935717492E-6    13.447745196481778
4.080572989182855E-6      -2.3446901039007556E-6   13.278006463140041
4.193853367200802E-6      -2.408740272084019E-6    13.108267729798541
4.3071337452187485E-6     -2.472790440267283E-6    12.938528996457121
4.079781307544458E-6      -2.2123140539311815E-6   13.940273787265406
4.193061685562404E-6      -2.276364222114445E-6    13.744993707929376
4.306342063580351E-6      -2.3404143902977088E-6   13.54971362859335
4.192270003924007E-6      -2.1439881721448714E-6   14.394877360334819
4.305550381941953E-6      -2.208038340328135E-6    14.199597280998917
4.304758700303556E-6      -2.0756622903585614E-6   14.849480933404863
4.771449131731179E-6      -2.8679403426155627E-6   11.48852533049885
4.655531956378519E-6      -2.8038798928771008E-6   11.73212891804457
4.539614781025858E-6      -2.739819443138639E-6    11.97573250559013
4.423697605673197E-6      -2.675758993400177E-6    12.214000730563166
4.6588154388150215E-6     -2.9427982778267313E-6   11.250843374190156
4.542898263462361E-6      -2.87873782808827E-6     11.494446961735875
4.4269810881097E-6        -2.814677378349808E-6    11.737465825798617
4.546181745898862E-6      -3.0176562130379003E-6   11.013161417881252
4.430264570546201E-6      -2.953595763299439E-6    11.26093092103403
4.433548052982704E-6      -3.0925141482490697E-6   10.784396016269167
2.3417901935964544E-6     -2.1382386224730612E-7   18.592764002694576
2.2758592620558257E-6     -3.217553664879433E-7    17.26198566217419
2.209928330515197E-6      -4.296868707285805E-7    15.931207321654535
2.143997398974569E-6      -5.376183749692178E-7    14.676588884688964
2.406212516101109E-6      -3.19716220253975E-7     18.404670834550192
2.340281584560481E-6      -4.2764772449461223E-7   17.073892494029753
2.274350653019852E-6      -5.355792287352494E-7    15.77074866557211
2.4706348386057646E-6     -4.256085782606439E-7    18.216577666406963
2.404703907065136E-6      -5.335400825012811E-7    16.86490844645573
2.5350571611104197E-6     -5.315009362673128E-7    17.95906822733872
2.982387598297751E-6      -1.0395205721614998E-6   17.414418308677728
3.048008023618633E-6      -9.357388019189011E-7    18.5233178600188
3.1136284489395145E-6     -8.319570316763022E-7    19.688519153466395
3.179248874260396E-6      -7.281752614337034E-7    20.853720446913876
3.244869299581278E-6      -6.243934911911046E-7    22.018921740361968
2.9189921616693417E-6     -9.375088157358688E-7    17.745098575474973
2.984612586990223E-6      -8.3372704549327E-7      18.86335757305441
3.050233012311105E-6      -7.299452752506711E-7    20.051009396719607
3.115853437631986E-6      -6.261635050080723E-7    21.238661220384923
2.8555967250409317E-6     -8.354970593102376E-7    18.063643938402507
2.9212171503618133E-6     -7.317152890676388E-7    19.232059493577733
2.9868375756826954E-6     -6.2793351882504E-7      20.419711317242005
2.7922012884125226E-6     -7.334853028846066E-7    18.38218930133021
2.857821713733404E-6      -6.297035326420078E-7    19.60076141409928
2.728805851784113E-6      -6.314735464589755E-7    18.700734664257645
3.302888242225435E-6      -7.278991967444153E-7    21.411264255512542
3.2372678169045533E-6     -8.31680966987014E-7     20.268513492280928
3.1716473915836713E-6     -9.354627372296128E-7    19.125762729049416
3.10602696626279E-6       -1.0392445074722117E-6   18.02497043838425
3.360907184869592E-6      -8.314049022977259E-7    20.84229615382683
3.2952867595487104E-6     -9.351866725403247E-7    19.699545390595567
3.2296663342278284E-6     -1.0389684427829234E-6   18.578703149183305
3.4189261275137488E-6     -9.349106078510364E-7    20.273328052142524
3.353305702192867E-6      -1.0386923780936352E-6   19.13243585998252
3.4769450701579063E-6     -1.0384163134043473E-6   19.686168570782616
3.2894832164609906E-6     -1.434598158377631E-6    16.29571789683619
3.3517034607933818E-6     -1.3553065764451168E-6   17.053034167462556
3.4139237051257725E-6     -1.2760149945126022E-6   17.822665138499914
3.4761439494581632E-6     -1.196723412580088E-6    18.59229610953669
3.538364193790554E-6      -1.1174318306475734E-6   19.36192708057381
3.228064092828343E-6      -1.355582641134405E-6    16.524845605628318
3.2902843371607337E-6     -1.2762910592018903E-6   17.289124119328452
3.352504581493124E-6      -1.196999477269376E-6    18.082075143254627
3.4147248258255148E-6     -1.1177078953368615E-6   18.875026167179627
3.166644969195695E-6      -1.2765671238911784E-6   16.751519185302637
3.2288652135280857E-6     -1.1972755419586641E-6   17.5483923832033
3.2910854578604764E-6     -1.1179839600261498E-6   18.34134340712921
3.1052258455630465E-6     -1.1975516066479524E-6   16.978192764976875
3.1674460898954372E-6     -1.1182600247154377E-6   17.807660647076663
3.043806721930399E-6      -1.118536089404726E-6    17.20486634465116
3.3934110424438567E-6     -1.4705733351831693E-6   16.418299974473115
3.4973388684267224E-6     -1.506548511988707E-6    16.51594845042204
3.601266694409588E-6      -1.542523688794245E-6    16.613596926370732
3.705194520392454E-6      -1.578498865599783E-6    16.711245402319697
3.4556312867762474E-6     -1.3912817532506547E-6   17.16778039129201
3.5595591127591127E-6     -1.4272569300561927E-6   17.25934830311367
3.663486938741979E-6      -1.4632321068617303E-6   17.350916214935648
3.517851531108638E-6      -1.3119901713181402E-6   17.914091309440288
3.621779357091504E-6      -1.3479653481236784E-6   18.00565922126181
3.5800717754410285E-6     -1.2326985893856257E-6   18.660402227588413
3.2947507732222257E-6     -1.5325164699410573E-6   15.761268172702879
3.300018329983461E-6      -1.630434781504483E-6    15.246364409932376
3.3052858867446955E-6     -1.728353093067909E-6    14.731460647160691
3.31055344350593E-6       -1.826271404631335E-6    14.216556884389556
3.3158210002671652E-6     -1.924189716194761E-6    13.729516021534097
3.3986785992050914E-6     -1.568491646746595E-6    15.883673567082061
3.403946155966326E-6      -1.666409958310021E-6    15.35221665836171
3.4092137127275607E-6     -1.7643282698734468E-6   14.820759749642018
3.4144812694887963E-6     -1.8622465814368732E-6   14.329890985654535
3.502606425187957E-6      -1.604466823552133E-6    15.98740260715722
3.507873981949192E-6      -1.702385135115559E-6    15.455945698436954
3.513141538710427E-6      -1.800303446678985E-6    14.935198341122662
3.6065342511708228E-6     -1.640442000357671E-6    16.091131647233336
3.6118018079320583E-6     -1.738360311921097E-6    15.540505696590829
3.710462077153689E-6      -1.6764171771632092E-6   16.14581305205868
3.7194400545080175E-6     -1.7968403221889905E-6   15.4783502818843
3.620779785286386E-6      -1.8587834569468785E-6   14.902921519744424
3.5221195160647546E-6     -1.9207265917047662E-6   14.327492757604478
3.423459246843125E-6      -1.9826697264626547E-6   13.733539011900607
3.7284180318623452E-6     -1.917263467214772E-6    14.859935146960344
3.6297577626407146E-6     -1.97920660197266E-6     14.284506384820965
3.5310974934190836E-6     -2.041149736730548E-6    13.706593154583755
3.737396009216674E-6      -2.0376866122405533E-6   14.241520012037059
3.638735739995043E-6      -2.0996297469984412E-6   13.679647297267255
3.7463739865710024E-6     -2.158109757266335E-6    13.652701439950715
2.3510782144783345E-6     -1.0769290816942641E-6   13.416439961444013
2.4139446546138086E-6     -9.674356233620803E-7    14.455918879402073
2.4768110947492823E-6     -8.579421650298963E-7    15.569855780638289
2.539677534884756E-6      -7.484487066977123E-7    16.683792681875403
2.6025439750202297E-6     -6.389552483655284E-7    17.797729583112208
2.283591400568525E-6      -9.694747695960487E-7    13.473326272961987
2.3464578407039986E-6     -8.599813112638646E-7    14.52517703251323
2.409324280839472E-6      -7.504878529316806E-7    15.646668673813478
2.472190720974946E-6      -6.409943945994966E-7    16.76816031511372
2.216104586658715E-6      -8.62020457497833E-7     13.501654668342553
2.2789710267941885E-6     -7.525269991656489E-7    14.601034284424234
2.341837466929662E-6      -6.43033540833465E-7     15.722525925724469
2.1486177727489048E-6     -7.545661453996173E-7    13.52998306372312
2.2114842128843785E-6     -6.450726870674332E-7    14.676891536333981
2.0811309588390947E-6     -6.471118333014016E-7    13.558311459105179
2.6659394116486393E-6     -7.409670047911594E-7    17.513275656385936
2.603072971513165E-6      -8.504604631233433E-7    16.406893495213442
2.5402065313776915E-6     -9.599539214555273E-7    15.300511334041072
2.4773400912422182E-6     -1.0694473797877113E-6   14.253722984993498
2.729334848277049E-6      -8.429787612167905E-7    17.24488685105271
2.666468408141575E-6      -9.524722195489744E-7    16.13850468988005
2.6036019680061015E-6     -1.0619656778811585E-6   15.053691847529352
2.7927302849054576E-6     -9.449905176424215E-7    16.97649804571994
2.7298638447699843E-6     -1.0544839759746054E-6   15.853660710065128
2.856125721533868E-6      -1.0470022740680526E-6   16.65362957260114
3.3470749152368125E-6     -2.4510128310061918E-6   11.549394470446119
3.4484623788188426E-6     -2.4041282183117992E-6   11.963763467451466
3.549849842400872E-6      -2.3572436056174063E-6   12.372299999434023
3.651237305982902E-6      -2.3103589929230138E-6   12.780836531416462
3.752624769564932E-6      -2.2634743802286212E-6   13.18937306339953
3.340824132242883E-6      -2.3456482080439055E-6   11.957824702320492
3.4422115958249123E-6     -2.298763595349513E-6    12.380713801673828
3.543599059406942E-6      -2.2518789826551205E-6   12.814575202045093
3.6449865229889722E-6     -2.2049943699607275E-6   13.248436602415874
3.334573349248953E-6      -2.2402835850816197E-6   12.391735918400949
3.435960812830983E-6      -2.1933989723872267E-6   12.825480543894582
3.5373482764130135E-6     -2.146514359692834E-6    13.259341944266076
3.3283225662550237E-6     -2.134918962119333E-6    12.825647134481049
3.4297100298370534E-6     -2.0880343494249405E-6   13.270247286115483
3.3220717832610947E-6     -2.029554339157047E-6    13.2595583505617
3.440696991933663E-6      -2.540422474514128E-6    11.426804975685553
3.534319068630513E-6      -2.629832118022064E-6    11.289490509247324
3.627941145327364E-6      -2.71924176153E-6        11.15217604280898
3.7215632220242144E-6     -2.808651405037936E-6    11.014861576370713
3.815185298721065E-6      -2.898061048545872E-6    10.863329823738377
3.5420844555156927E-6     -2.493537861819735E-6    11.832604765111512
3.6357065322125428E-6     -2.5829475053276714E-6   11.673629654772874
3.7293286089093937E-6     -2.6723571488356073E-6   11.514654544434581
3.8229506856062446E-6     -2.7617667923435436E-6   11.353135259732035
3.6434719190977224E-6     -2.4466532491253426E-6   12.215816428705404
3.737093995794573E-6      -2.5360628926332785E-6   12.05684131836697
3.830716072491423E-6      -2.6254725361412144E-6   11.899656956791642
3.744859382679752E-6      -2.3997686364309496E-6   12.59902809229986
3.838481459376603E-6      -2.489178279938886E-6    12.446178653851288
3.846246846261783E-6      -2.352884023736557E-6    12.992700350910853
3.959527224279729E-6      -2.4169341919198208E-6   12.858963558581086
3.951761837394549E-6      -2.5532284481221496E-6   12.308106938394296
3.9439964505093695E-6     -2.689522704324478E-6    11.75725031820746
3.9362310636241915E-6     -2.8258169605268073E-6   11.253623097678773
4.072807602297675E-6      -2.4809843601030844E-6   12.714766171234087
4.065042215412496E-6      -2.617278616305413E-6    12.163909551047324
4.057276828527317E-6      -2.7535728725077417E-6   11.629402356139675
4.186087980315623E-6      -2.545034528286348E-6    12.570568783887301
4.178322593430443E-6      -2.681328784488677E-6    12.005181614600774
4.29936835833357E-6       -2.6090846964696117E-6   12.380960873061715
4.302651840770072E-6      -2.7480030814192426E-6   11.863766083908262
4.181606075866945E-6      -2.8202471694383074E-6   11.518866799826275
4.060560310963818E-6      -2.892491257457372E-6    11.173967515744158
3.9395145460606935E-6     -2.9647353454764378E-6   10.80384502031261
4.305935323206573E-6      -2.886921466368873E-6    11.391981818233798
4.184889558303447E-6      -2.9591655543879383E-6   11.04708253415167
4.063843793400321E-6      -3.031409642407003E-6    10.696040919187812
4.3092188056430756E-6     -3.0258398513185036E-6   10.920197552559051
4.18817304073995E-6       -3.0980839393375692E-6   10.588236818063155
4.312502288079578E-6      -3.164758236268135E-6    10.480432716938319
3.954839008786016E-6      -3.507528908293431E-6    9.381521802999279
4.051237514112654E-6      -3.452309633274485E-6    9.580147755337535
4.147636019439292E-6      -3.397090358255539E-6    9.776133010026195
4.24403452476593E-6       -3.3418710832365928E-6   9.972118264715197
4.340433030092568E-6      -3.2866518082176463E-6   10.168103519403894
3.926908266773026E-6      -3.3856353363439196E-6   9.659197580443525
4.023306772099664E-6      -3.330416061324973E-6    9.864829744516511
4.119705277426302E-6      -3.275196786306027E-6    10.080703878675063
4.21610378275294E-6       -3.2199775112870806E-6   10.296578012833235
3.8989775247600355E-6     -3.2637417643944074E-6   9.951172659032355
3.995376030086673E-6      -3.2085224893754613E-6   10.16942709933223
4.091774535413311E-6      -3.1533032143565153E-6   10.385301233490702
3.871046782747045E-6      -3.1418481924448956E-6   10.243147737621644
3.967445288073683E-6      -3.086628917425949E-6    10.474024454147573
3.843116040734055E-6      -3.019954620495384E-6    10.535122816210963
4.427149828850276E-6      -3.3744888365354894E-6   9.993784757700716
4.417468122281344E-6      -3.517545139872278E-6    9.681545111603501
4.407786415712414E-6      -3.6606014432090668E-6   9.369305465506145
4.3981047091434835E-6     -3.8036577465458555E-6   9.057065819408837
4.539783521766434E-6      -3.442488044181463E-6    9.82631117330211
4.530101815197503E-6      -3.585544347518252E-6    9.515483440114085
4.520420108628573E-6      -3.7286006508550406E-6   9.204655706926072
4.652417214682592E-6      -3.510487251827437E-6    9.65584989404675
4.642735508113662E-6      -3.6535435551642257E-6   9.345022160858807
4.765050907598752E-6      -3.5784864594734108E-6   9.48538861479166
4.041555807543723E-6      -3.595365936611274E-6    9.26926516933387
4.12827260630143E-6       -3.6832029649291163E-6   9.151039621826468
4.214989405059138E-6      -3.771039993246959E-6    9.032814074319315
4.301706203816845E-6      -3.8588770215648016E-6   8.914588526812153
4.137954312870361E-6      -3.5401466615923276E-6   9.462507937186396
4.2246711116280685E-6     -3.62798368991017E-6     9.324952753399034
4.3113879103857755E-6     -3.715820718228013E-6    9.187397569611658
4.234352818196999E-6      -3.484927386573381E-6    9.638604312405624
4.321069616954706E-6      -3.572764414891224E-6    9.501049128618277
4.330751323523637E-6      -3.429708111554435E-6    9.814700687624962
4.519291915720678E-6      -4.430104538740293E-6    8.248443736432822
4.608890086919236E-6      -4.377056963692209E-6    8.2776664125538
4.698488258117794E-6      -4.324009388644125E-6    8.31322596167595
4.788086429316352E-6      -4.270961813596041E-6    8.348785510797986
4.4865746874341465E-6     -4.309256916525881E-6    8.37628286346443
4.576172858632704E-6      -4.256209341477797E-6    8.413774955387211
4.665771029831262E-6      -4.203161766429713E-6    8.449334504509284
4.453857459147615E-6      -4.188409294311469E-6    8.50412199049588
4.543455630346173E-6      -4.135361719263385E-6    8.549883498220588
4.421140230861084E-6      -4.067561672097056E-6    8.631961117527428
1.6835699830557626E-6     -2.1727573691801853E-7   11.831813306552856
1.6167622163662122E-6     -3.2661996959539983E-7   10.692871060447203
1.5499544496766614E-6     -4.3596420227278113E-7   9.553928814341523
1.483146682987111E-6      -5.453084349501625E-7    8.50231930859927
1.7493865818517556E-6     -3.252072411586557E-7    12.019307970709924
1.6825788151622052E-6     -4.3455147383603706E-7   10.880365724604736
1.6157710484726546E-6     -5.438957065134183E-7    9.77229082439146
1.8152031806477486E-6     -4.331387453992929E-7    12.206802634867609
1.748395413958198E-6      -5.424829780766742E-7    11.042262340185221
1.8810197794437416E-6     -5.410702496399302E-7    12.312233855977489
1.6888265663345995E-6     -1.0846753565414513E-6   8.631119459957192
1.7537900820535366E-6     -9.756717894737983E-7    9.541155905332792
1.8187535977724737E-6     -8.666682224061451E-7    10.519597159545715
1.8837171134914108E-6     -7.576646553384921E-7    11.498038413759346
1.948680629210348E-6      -6.48661088270839E-7     12.47647966797219
1.6211657165679932E-6     -9.770845179105424E-7    8.392891951522959
1.6861292322869303E-6     -8.680809508428893E-7    9.310023903004963
1.7510927480058672E-6     -7.590773837752362E-7    10.283406072979659
1.8160562637248043E-6     -6.500738167075832E-7    11.256788242955297
1.5535048668013867E-6     -8.694936792796334E-7    8.114477333297202
1.6184683825203236E-6     -7.604901122119803E-7    9.069899951657838
1.683431898239261E-6      -6.514865451443272E-7    10.043282121632975
1.4858440170347804E-6     -7.619028406487245E-7    7.836062715071678
1.5508075327537173E-6     -6.528992735810713E-7    8.829776000310085
1.4181831672681739E-6     -6.543120020178155E-7    7.557648096845449
2.016167443120158E-6      -7.561154003690548E-7    12.501865432814624
1.9512039274012205E-6     -8.651189674367078E-7    11.518365094363315
1.8862404116822835E-6     -9.741225345043608E-7    10.534864755912105
1.8212768959633466E-6     -1.083126101572014E-6    9.615865033997654
2.0836542570299676E-6     -8.635697124672703E-7    12.52106589396235
2.0186907413110305E-6     -9.725732795349235E-7    11.537565555510987
1.9537272255920934E-6     -1.0815768466025765E-6   10.576608536912403
2.1511410709397777E-6     -9.71024024565486E-7     12.540266355110596
2.0861775552208406E-6     -1.080027591633139E-6    11.53735203982794
2.2186278848495878E-6     -1.0784783366637017E-6   12.49809554274269
2.9324062192095893E-6     -1.1610775190638524E-6   16.417291149745942
2.8061443424457056E-6     -1.1685592209704054E-6   15.668858517982901
2.6798824656818223E-6     -1.176040922876958E-6    14.906914148750689
2.553620588917939E-6      -1.183522624783511E-6    14.144969779518316
2.4273587121540562E-6     -1.1910043266900641E-6   13.323273593870823
2.8824248401214273E-6     -1.2826344659662052E-6   15.489118313593451
2.756162963357544E-6      -1.2901161678727578E-6   14.738567131150543
2.6299010865936608E-6     -1.2975978697793108E-6   13.976622761918485
2.5036392098297775E-6     -1.3050795716858639E-6   13.198048327233774
2.8324434610332657E-6     -1.4041914128685576E-6   14.560945477440569
2.706181584269382E-6      -1.4116731147751104E-6   13.808275744318976
2.5799197075054988E-6     -1.4191548166816634E-6   13.072823060596292
2.7824620819451033E-6     -1.5257483597709104E-6   13.632772641287486
2.6562002051812205E-6     -1.5332300616774634E-6   12.947597793959202
2.7324807028569417E-6     -1.647305306673263E-6    12.791377211236853
3.178082713740181E-6      -1.4771395880367577E-6   15.599937442364904
3.116663590107533E-6      -1.3981240707935312E-6   15.82154272585393
3.0552444664748845E-6     -1.3191085535503048E-6   16.015621621328684
2.9938253428422365E-6     -1.2400930363070786E-6   16.20970051680312
3.0666822110193714E-6     -1.5196810176958838E-6   14.899684056929559
3.0052630873867225E-6     -1.4406655004526576E-6   15.089567335854879
2.9438439637540753E-6     -1.3616499832094314E-6   15.28364623132971
2.9552817082985614E-6     -1.5622224473550102E-6   14.199430671494605
2.893862584665913E-6      -1.4832069301117838E-6   14.357591945855528
2.8438812055777513E-6     -1.6047638770141366E-6   13.499177286058828
3.1833502705014157E-6     -1.5750578996001834E-6   15.074060437528871
3.0719497677806056E-6     -1.6175993292593098E-6   14.40552905665739
2.960549265059796E-6      -1.6601407589184362E-6   13.736997675786403
2.8491487623389864E-6     -1.7026821885775627E-6   13.054328919599005
3.1886178272626503E-6     -1.6729762111636094E-6   14.575709820706871
3.0772173245418407E-6     -1.7155176408227358E-6   13.907178439835551
2.965816821821031E-6      -1.7580590704818621E-6   13.233370406642155
3.193885384023885E-6      -1.7708945227270352E-6   14.077359203885042
3.0824848813030754E-6     -1.8134359523861617E-6   13.412411893685759
3.1991529407851205E-6     -1.8688128342904615E-6   13.591453380728833
2.8988017780962577E-6     -2.187026239548273E-6    11.213330146305498
2.9822056225304394E-6     -2.134458934877571E-6    11.710676509503955
3.0656094669646208E-6     -2.081891630206868E-6    12.214609900568764
3.149013311398802E-6      -2.0293243255361657E-6   12.71854329163424
3.2324171558329835E-6     -1.9767570208654633E-6   13.222476682699522
2.8655375630483947E-6     -2.079082052973271E-6    11.519249240279219
2.9489414074825756E-6     -2.0265147483025683E-6   12.023831924565723
3.0323452519167574E-6     -1.973947443631866E-6    12.55052067450891
3.1157490963509388E-6     -1.9213801389611635E-6   13.077209424451922
2.8322733480005314E-6     -1.971137866398269E-6    11.83088420255589
2.9156771924347127E-6     -1.9185705617275666E-6   12.36261846447202
2.999081036868894E-6      -1.8660032570568641E-6   12.889307214414854
2.7990091329526684E-6     -1.863193679823267E-6    12.14251916483193
2.8824129773868498E-6     -1.8106263751525643E-6   12.701405004377355
2.7657449179048047E-6     -1.755249493248265E-6    12.454154127107891
2.988456405524369E-6      -2.239823557839857E-6    11.299114014146461
3.0781110329524797E-6     -2.2926208761314407E-6   11.368473227651787
3.1677656603805905E-6     -2.3454181944230245E-6   11.437832441157308
3.2574202878087013E-6     -2.398215512714608E-6    11.507191654662712
3.07186024995855E-6       -2.187256253169154E-6    11.794429976595147
3.161514877386661E-6      -2.240053571460738E-6    11.852552318842301
3.251169504814772E-6      -2.2928508897523217E-6   11.910674661090232
3.1552640943927316E-6     -2.134688948498452E-6    12.275608008782273
3.2449187218208424E-6     -2.187486266790036E-6    12.333730351030018
3.238667938826913E-6      -2.082121643827749E-6    12.756786040970178
2.026183672052309E-6      -1.6208207163075636E-6   9.19249551418293
2.091162580537514E-6      -1.5120423893849039E-6   9.981119392136613
2.156141489022719E-6      -1.403264062462244E-6    10.823481515176057
2.2211203975079246E-6     -1.294485735539584E-6    11.665843638215973
2.2860993059931295E-6     -1.185707408616924E-6    12.50820576125573
1.9587122509087674E-6     -1.5135916443543414E-6   9.105022340261746
2.0236911593939724E-6     -1.4048133174316815E-6   9.900126939491248
2.0886700678791774E-6     -1.296034990509021E-6    10.745659382736587
2.1536489763643824E-6     -1.1872566635863616E-6   11.591191825981772
1.8912408297652252E-6     -1.4063625724011188E-6   8.997716870562936
1.95621973825043E-6       -1.2975842454784588E-6   9.82687317650607
2.021198646735635E-6      -1.188805918555799E-6    10.67240561975092
1.8237694086216834E-6     -1.2991335004478962E-6   8.89041140086499
1.8887483171068884E-6     -1.1903551735252362E-6   9.753619413519475
1.7562979874781414E-6     -1.1919044284946737E-6   8.783105931166022
2.362379803668851E-6      -1.2997826536127238E-6   12.424329974622314
2.2974008951836454E-6     -1.4085609805353838E-6   11.585138171788607
2.2324219866984404E-6     -1.5173393074580437E-6   10.745946368954517
2.167443078213236E-6      -1.6261176343807036E-6   9.948155380657155
2.438660301344572E-6      -1.4138578986085236E-6   12.342226458947119
2.3736813928593675E-6     -1.5226362255311835E-6   11.503034656113238
2.308702484374162E-6      -1.6314145524538434E-6   10.673688680336774
2.5149407990202938E-6     -1.5279331436043231E-6   12.26012294327189
2.449961890535089E-6      -1.636711470526983E-6    11.399221980016783
2.5912212966960155E-6     -1.6420083886001233E-6   12.12475527969703
2.8767451586648858E-6     -2.284768273831588E-6    10.803865645047786
2.8546885392335126E-6     -2.3825103081149023E-6   10.409585003414175
2.8326319198021403E-6     -2.480252342398217E-6    10.015304361780055
2.810575300370768E-6      -2.5779943766815317E-6   9.621023720146486
2.7885186809393956E-6     -2.6757364109648466E-6   9.25065587611914
2.966399786092996E-6      -2.3375655921231713E-6   10.886235647463133
2.9443431666616234E-6     -2.4353076264064857E-6   10.487495211040322
2.922286547230251E-6      -2.5330496606898006E-6   10.088754774617328
2.900229927798879E-6      -2.6307916949731155E-6   9.717456089783065
3.0560544135211073E-6     -2.390362910414755E-6    10.966831732226293
3.033997794089735E-6      -2.4881049446980696E-6   10.568091295803436
3.0119411746583623E-6     -2.585846978981385E-6    10.178129688080924
3.1457090409492177E-6     -2.443160228706339E-6    11.04742781698983
3.123652421517846E-6      -2.5409022629896534E-6   10.63880328637902
3.2353636683773294E-6     -2.495957546997923E-6    11.099476884677076
3.235234629393576E-6      -2.9450379339185852E-6   9.683995341771602
3.2576026865622234E-6     -2.8462329133361067E-6   10.042181230849106
3.2799707437308702E-6     -2.7474278927536278E-6   10.410737325061966
3.3023388008995175E-6     -2.6486228721711493E-6   10.77929341927522
3.324706858068165E-6      -2.5498178515886703E-6   11.147849513488158
3.1458914397027402E-6     -2.8911776293278378E-6   9.608291269244948
3.168259496871387E-6      -2.792372608745359E-6    9.965917003405943
3.1906275540400344E-6     -2.69356758816288E-6     10.33425462480418
3.2129956112086817E-6     -2.5947625675804013E-6   10.702592246202144
3.056548250011904E-6      -2.8373173247370894E-6   9.523865041699068
3.0789163071805513E-6     -2.738512304154611E-6    9.892243949394699
3.1012843643491985E-6     -2.6397072835721324E-6   10.260581570792857
2.9672050603210677E-6     -2.783457020146342E-6    9.439438814152991
2.9895731174897146E-6     -2.684651999563863E-6    9.818570895383024
2.877861870630232E-6      -2.729596715555594E-6    9.35501258660719
3.351224763259074E-6      -2.935642556844043E-6    9.938372147344776
3.467214897124571E-6      -2.9262471797695E-6      10.181270690254852
3.5832050309900694E-6     -2.9168518026949573E-6   10.42416923316462
3.699195164855567E-6      -2.9074564256204147E-6   10.667067776074667
3.3735928204277207E-6     -2.8368375362615637E-6   10.297893148769866
3.4895829542932185E-6     -2.827442159187021E-6    10.551013893260086
3.6055730881587162E-6     -2.8180467821124784E-6   10.804134637749751
3.3959608775963684E-6     -2.738032515679085E-6    10.666667715798136
3.5119510114618657E-6     -2.728637138604543E-6    10.919788460287885
3.4183289347650153E-6     -2.639227495096606E-6    11.03544228282609
3.274494744400116E-6      -3.04204715943204E-6     9.5164513981736
3.3137548594066556E-6     -3.139056384945494E-6    9.353630857335009
3.3530149744131956E-6     -3.2360656104589485E-6   9.190810316496565
3.3922750894197356E-6     -3.3330748359724033E-6   9.027989775657925
3.431535204426275E-6      -3.4300840614858578E-6   8.873749961915388
3.3904848782656134E-6     -3.032651782357497E-6    9.767676455663407
3.4297449932721534E-6     -3.1296610078709514E-6   9.587727198379293
3.469005108278693E-6      -3.226670233384406E-6    9.40777794109525
3.5082652232852334E-6     -3.323679458897861E-6    9.248258290522175
3.506475012131111E-6      -3.0232564052829544E-6   10.000352796993361
3.545735127137651E-6      -3.120265630796409E-6    9.82040353970928
3.584995242144191E-6      -3.2172748563098632E-6   9.644341447672609
3.622465145996609E-6      -3.0138610282084113E-6   10.23302913832373
3.661725261003149E-6      -3.1108702537218666E-6   10.040424604823324
3.738455279862107E-6      -3.0044656511338695E-6   10.43650776197367
3.8501782479140675E-6     -3.4920399389319167E-6   9.294044089573035
3.822247505901077E-6      -3.370146366982405E-6    9.569251637204244
3.794316763888087E-6      -3.2482527950328927E-6   9.848604439567229
3.766386021875097E-6      -3.126359223083381E-6    10.127957241930464
3.7455174870421195E-6     -3.476550969570402E-6    9.193953516260187
3.7175867450291293E-6     -3.3546573976208897E-6   9.469063723880812
3.689656003016139E-6      -3.2327638256713784E-6   9.748416526243677
3.6408567261701716E-6     -3.461062000208887E-6    9.093862942947208
3.612925984157181E-6      -3.339168428259375E-6    9.368875810556679
3.5361959652982236E-6     -3.4455730308473725E-6   8.993772369633916
3.908296327499409E-6      -3.6036765535462417E-6   9.154603205475404
3.8036355666274608E-6     -3.588187584184727E-6    9.06630823797734
3.6989748057555128E-6     -3.572698614823212E-6    8.966315004675028
3.5943140448835644E-6     -3.557209645461697E-6    8.866321771372952
3.489653284011617E-6      -3.541720676100183E-6    8.744406785405758
3.8617536462128024E-6     -3.699824198799052E-6    8.934607778183697
3.757092885340854E-6      -3.684335229437537E-6    8.834427131649916
3.6524321244689065E-6     -3.6688462600760225E-6   8.734433898347664
3.547771363596958E-6      -3.6533572907145078E-6   8.628341244735438
3.815210964926196E-6      -3.7959718440518627E-6   8.714612350892127
3.7105502040542473E-6     -3.7804828746903475E-6   8.60254602532274
3.6058894431822993E-6     -3.764993905328833E-6    8.512275704065084
3.768668283639589E-6      -3.892119489304673E-6    8.494616923600425
3.664007522767641E-6      -3.876630519943158E-6    8.396210163394587
3.722125602352982E-6      -3.988267134557483E-6    8.293438269315375
3.995013126257116E-6      -3.6915135818640843E-6   9.044009028444417
3.9484704449705095E-6     -3.787661227116894E-6    8.835899280188352
3.901927763683903E-6      -3.8838088723697044E-6   8.627789531932452
3.855385082397296E-6      -3.9799565176225156E-6   8.424472064529828
4.081729925014823E-6      -3.7793506101819265E-6   8.94511311721724
4.035187243728217E-6      -3.875498255434737E-6    8.737003368961213
3.98864456244161E-6       -3.971645900687548E-6    8.528575512987636
4.168446723772531E-6      -3.867187638499769E-6    8.846217205990337
4.1219040424859245E-6     -3.96333528375258E-6     8.632678961445386
4.255163522530238E-6      -3.955024666817612E-6    8.73678240990306
4.118986877070788E-6      -4.385039195416981E-6    8.16366963967653
4.186345908446729E-6      -4.2754579090333965E-6   8.31753923466752
4.25370493982267E-6       -4.165876622649813E-6    8.471408829658653
4.321063971198611E-6      -4.056295336266229E-6    8.62527842464973
3.985727397026474E-6      -4.393349812351949E-6    8.072184530900884
4.053086428402415E-6      -4.283768525968365E-6    8.217502206434084
4.120445459778356E-6      -4.17418723958478E-6     8.38708264597032
4.1878044911542975E-6     -4.064605953201196E-6    8.556663085506603
3.9198269483581E-6        -4.292079142903332E-6    8.126342287351903
3.987185979734042E-6      -4.182497856519748E-6    8.288089586083961
4.054545011109983E-6      -4.072916570136164E-6    8.457670025620207
3.853926499689728E-6      -4.190808473454716E-6    8.18050004380306
3.921285531065668E-6      -4.081227187071132E-6    8.358676965733757
3.788026051021355E-6      -4.089537804006099E-6    8.234657800253926
4.4519328843447364E-6     -4.5396858251238765E-6   8.122357773585765
4.419215656058205E-6      -4.418838202909465E-6    8.236191570217478
4.386498427771673E-6      -4.297990580695052E-6    8.35576128144721
4.353781199485142E-6      -4.17714295848064E-6     8.475330992676854
4.351856624682264E-6      -4.528419489293048E-6    8.102836575417472
4.319139396395732E-6      -4.4075718670786365E-6   8.21760253100129
4.286422168109201E-6      -4.2867242448642246E-6   8.337172242230952
4.251780365019791E-6      -4.51715315346222E-6     8.083315377249406
4.2190631367332596E-6     -4.396305531247808E-6    8.199013491784815
4.151704105357319E-6      -4.505886817631393E-6    8.063794179081132
4.423154954634906E-6      -4.629495392932935E-6    8.083639789973928
4.323078694972434E-6      -4.618229057102107E-6    8.063186432853836
4.223002435309961E-6      -4.606962721271279E-6    8.042733075733805
4.394377024925076E-6      -4.719304960741994E-6    8.039185891764204
4.294300765262604E-6      -4.708038624911166E-6    8.018732534644183
4.365599095215246E-6      -4.809114528551052E-6    7.994731993554561
-4.424385927936319E-6     -4.7089730348461187E-7   -20.88733058457885
-4.311734081931479E-6     -4.817804346759904E-7    -21.295050281864732
-4.199082235926638E-6     -4.926635658673688E-7    -21.702769979148886
-4.0864303899217976E-6    -5.035466970587473E-7    -22.110489676433666
-4.382653897568799E-6     -3.788944690259652E-7    -22.005729584079226
-4.2700020515639585E-6    -3.897776002173436E-7    -22.428466882990463
-4.157350205559118E-6     -4.006607314087221E-7    -22.851204181902464
-4.340921867201279E-6     -2.8689163456731847E-7   -23.13007360831473
-4.228270021196438E-6     -2.9777476575869697E-7   -23.552810907226238
-4.2991898368337585E-6    -1.948888001086718E-7    -24.254417632551405
-3.6521074174145924E-6    -2.1080044748381346E-7   -26.54601328593549
-3.7159519145701306E-6    -3.1368641313383863E-7   -25.276675853611717
-3.779796411725669E-6     -4.165723787838638E-7    -24.007338421288416
-3.843640908881207E-6     -5.19458344433889E-7     -22.752811844243524
-3.5858142795343807E-6    -3.187149293176018E-7    -25.509500355080842
-3.649658776689919E-6     -4.216008949676269E-7    -24.24016292275762
-3.713503273845457E-6     -5.244868606176521E-7    -22.975334808017188
-3.519521141654169E-6     -4.266294111513901E-7    -24.47298742422804
-3.583365638809707E-6     -5.295153768014152E-7    -23.197857771789753
-3.453228003773957E-6     -5.345438929851784E-7    -23.42038073556428
1.013887367792422E-6      -2.1987241689311583E-7   4.250898619656907
9.490697032838552E-7      -3.3040060110885035E-7   3.422946635495277
8.842520387752886E-7      -4.409287853245849E-7    2.5949946513343987
8.194343742667221E-7      -5.514569695403195E-7    1.8592372890454785
1.0818416890925666E-6     -3.292166495704971E-7    4.827211904248971
1.017024024584E-6         -4.3974483378623165E-7   3.999259920087214
9.522063600754334E-7      -5.502730180019662E-7    3.203077733400946
1.1497960103927113E-6     -4.385608822478784E-7    5.4035251888401525
1.0849783458841447E-6     -5.49089066463613E-7     4.546918177757277
1.2177503316928562E-6     -5.479051149252598E-7    5.890758622112666
-2.990539736404916E-6     -2.185618543215351E-7    -27.058701570641418
-3.0567754591275946E-6    -3.264763361553234E-7    -25.890206720896053
-3.1230111818502722E-6    -4.3439081798911167E-7   -24.721711871150692
-3.1892469045729507E-6    -5.423052998229001E-7    -23.550585630114924
-2.922931994962338E-6     -3.2920922680928187E-7   -25.787854250015823
-2.989167717685016E-6     -4.371237086430702E-7    -24.619359400270458
-3.0554034404076945E-6    -5.450381904768585E-7    -23.451268035993877
-2.85532425351976E-6      -4.3985659929702864E-7   -24.517006929391236
-2.921559976242438E-6     -5.477710811308169E-7    -23.35195044187244
-2.787716512077182E-6     -5.505039717847755E-7    -23.252632847752963
-2.3344043237173223E-6    -2.2139956309074604E-7   -25.668331157269307
-2.396519172773222E-6     -3.320469355784928E-7    -24.696765434867586
-2.4586340218291226E-6    -4.426943080662396E-7    -23.72519971246618
-2.520748870885023E-6     -5.533416805539864E-7    -22.7342532301772
-2.26339499574632E-6      -3.3215175369374526E-7   -24.26072454042279
-2.32550984480222E-6      -4.427991261814921E-7    -23.289158818020674
-2.38762469385812E-6      -5.534464986692388E-7    -22.31415389244448
-2.1923856677753174E-6    -4.429039442967445E-7    -22.853117923576118
-2.2545005168312175E-6    -5.535513167844913E-7    -21.89405455471156
-2.121376339804315E-6     -5.536561348997438E-7    -21.473955216980293
3.433759825021879E-7      -2.217006978894266E-7    -3.507254462663858
2.7988596437921525E-7     -3.3287321156311866E-7   -3.9671515879920762
2.1639594625624268E-7     -4.440457252368107E-7    -4.427048713318832
1.529059281332701E-7      -5.552182389105028E-7    -4.797397319719027
4.133250794604004E-7      -3.322288821051611E-7    -2.5782894234142866
3.4983506133742785E-7     -4.434013957788532E-7    -3.0381865487415105
2.863450432144553E-7      -5.545739094525452E-7    -3.468340452457795
4.832741764186129E-7      -4.4275706632089565E-7   -1.6493243841627268
4.1978415829564035E-7     -5.539295799945877E-7    -2.139283585196405
5.532232733768256E-7      -5.532852505366302E-7    -0.8102267179354863
-1.6727453831547289E-6    -2.2179686002968637E-7   -22.398190078370302
-1.7334835855203472E-6    -3.3254905063268564E-7   -21.715587846862743
-1.7942217878859656E-6    -4.4330124123568486E-7   -21.032985615355457
-1.8549599902515844E-6    -5.540534318386841E-7    -20.309436056802816
-1.600191412994519E-6     -3.328415294563735E-7    -20.941870391868935
-1.6609296153601379E-6    -4.4359372005937273E-7   -20.259268160361966
-1.7216678177257563E-6    -5.54345910662372E-7     -19.56610747044607
-1.5276374428343097E-6    -4.4388619888306066E-7   -19.485550705368155
-1.5883756451999283E-6    -5.546383894860599E-7    -18.82277888408992
-1.4550834726741004E-6    -5.549308683097478E-7    -18.07945029773372
-1.0010521870936259E-6    -2.223346947027385E-7    -17.343209937914217
-1.0632603049231118E-6    -3.3337936412942564E-7   -17.021662960453426
-1.1254684227525975E-6    -4.444240335561128E-7    -16.700115982993022
-1.1876765405820837E-6    -5.554687029827999E-7    -16.315964313711227
-9.29145545356923E-7      -3.336247199787899E-7    -15.956618136134573
-9.91353663186409E-7      -4.44669389405477E-7     -15.63507115867413
-1.053561781015895E-6     -5.557140588321641E-7    -15.294926192297403
-8.572389036202204E-7     -4.4491474525484123E-7   -14.570026334355555
-9.194470214497063E-7     -5.559594146815283E-7    -14.273888070883702
-7.853322618835177E-7     -5.562047705308926E-7    -13.252849949471631
-3.2850028005321704E-7    -2.2246253894974344E-7   -10.886683216618962
-3.913603997832934E-7     -3.337525642257948E-7    -10.954667671495665
-4.542205195133698E-7     -4.4504258950184615E-7   -11.022652126372146
-5.170806392434462E-7     -5.563326147778975E-7    -11.011261281642833
-2.572235367094106E-7     -3.336350526234355E-7    -9.678772943191138
-3.2008365643948703E-7    -4.449250778994869E-7    -9.746757398067157
-3.8294377616956345E-7    -5.562151031755382E-7    -9.789557806312573
-1.8594679336560423E-7    -4.448075662971275E-7    -8.47086266976069
-2.488069130956806E-7     -5.560975915731788E-7    -8.567854330980268
-1.1467005002179785E-7    -5.559800799708196E-7    -7.346150855650321
1.0391221064056884E-6     -1.0963303272758962E-6   3.468601250814664
1.1014021486248642E-6     -9.864084944980982E-7    4.153744309377247
1.16368219084404E-6       -8.764866617203003E-7    4.898735159576975
1.2259622330632159E-6     -7.665648289425023E-7    5.643726009776859
1.2882422752823916E-6     -6.566429961647044E-7    6.38871685997643
9.68630162816153E-7       -9.875924460364516E-7    2.9410193195539622
1.0309102050353287E-6     -8.776706132586536E-7    3.6270852817295625
1.0931902472545044E-6     -7.677487804808555E-7    4.351949778084362
1.1554702894736802E-6     -6.578269477030577E-7    5.076814274439431
8.981382192266173E-7      -8.788545647970068E-7    2.3564730507038987
9.604182614457932E-7      -7.689327320192088E-7    3.0685341581269943
1.022698303664969E-6      -6.590108992414109E-7    3.7933986544812193
8.276462756370818E-7      -7.701166835575621E-7    1.771926781852657
8.899263178562576E-7      -6.601948507797641E-7    2.5099830345215537
7.571543320475463E-7      -6.613788023181173E-7    1.1873805130023578
1.3559031250489981E-6     -7.642338347956134E-7    6.733909110659351
1.2936230828298224E-6     -8.741556675734114E-7    5.9687919066148085
1.2313430406106462E-6     -9.840775003512092E-7    5.203674702569573
1.1690629983914707E-6     -1.0939993331290074E-6   4.507494361854491
1.4235639748156044E-6     -8.718246734265224E-7    7.0506143957636
1.3612839325964287E-6     -9.817465062043202E-7    6.285497191718571
1.299003890377253E-6      -1.0916683389821184E-6   5.544331588211088
1.4912248245822107E-6     -9.794155120574312E-7    7.367319680867503
1.428944782363035E-6      -1.0893373448352294E-6   6.581168814568551
1.5588856743488174E-6     -1.0870063506883404E-6   7.618006040925384
1.3867101337053684E-6     -1.6234478788224635E-6   5.245782217119185
1.4471334202312148E-6     -1.5156933743662613E-6   5.876288500724745
1.5075567067570607E-6     -1.4079388699100587E-6   6.548948945303096
1.5679799932829071E-6     -1.3001843654538561E-6   7.221609389881604
1.6284032798087533E-6     -1.1924298609976537E-6   7.894269834460269
1.3171925282454325E-6     -1.5180243685131501E-6   4.9336092127207545
1.3776158147712787E-6     -1.4102698640569475E-6   5.562573983514318
1.4380391012971249E-6     -1.3025153596007451E-6   6.2257116943028565
1.498462387822971E-6      -1.1947608551445425E-6   6.888849405091023
1.2476749227854964E-6     -1.4126008582038365E-6   4.581077281506244
1.3080982093113426E-6     -1.3048463537476342E-6   5.2338597307382795
1.3685214958371888E-6     -1.1970918492914318E-6   5.896997441526189
1.1781573173255604E-6     -1.3071773478945232E-6   4.228545350290869
1.2385806038514065E-6     -1.1994228434383208E-6   4.905145477960926
1.1086397118656245E-6     -1.2017538375852096E-6   3.876013419075494
1.695874700952295E-6      -1.2996589329508764E-6   8.049195476675338
1.6354514144264487E-6     -1.4074134374070787E-6   7.367012298306488
1.5750281279006027E-6     -1.5151679418632811E-6   6.684829119937417
1.5146048413747566E-6     -1.6229224463194837E-6   6.049256410899533
1.763346122095837E-6      -1.4068880049040985E-6   8.190552653085634
1.7029228355699909E-6     -1.5146425093603011E-6   7.508369474716572
1.6424995490441447E-6     -1.6223970138165037E-6   6.84288986288641
1.8308175432393788E-6     -1.5141170768573212E-6   8.331909829496762
1.7703942567135329E-6     -1.6218715813135235E-6   7.6365233148729335
1.898288964382921E-6      -1.6213461488105438E-6   8.430156766859772
2.0829696558780415E-6     -1.7440339596265113E-6   9.119406469639255
2.139755639703774E-6      -1.8672472029454588E-6   9.023873884674005
2.1965416235295065E-6     -1.9904604462644065E-6   8.92834129970836
2.253327607355239E-6      -2.113673689583354E-6    8.832808714742914
2.310113591180971E-6      -2.2368869329023016E-6   8.732099556093251
2.224229062038968E-6      -1.7493308776996511E-6   9.859014122119527
2.2810150458647005E-6     -1.8725441210185984E-6   9.72847204904586
2.3378010296904328E-6     -1.9957573643375464E-6   9.597929975972388
2.3945870135161655E-6     -2.118970607656494E-6    9.478515942988274
2.3654884681998944E-6     -1.7546277957727908E-6   10.552992434320457
2.4222744520256267E-6     -1.8778410390917385E-6   10.422450361246918
2.4790604358513594E-6     -2.001054282410686E-6    10.289481743306222
2.506747874360821E-6      -1.7599247138459306E-6   11.246970746521955
2.5635338581865534E-6     -1.8831379571648783E-6   11.100447543624599
2.6480072805217478E-6     -1.7652216319190708E-6   11.91141334394274
2.7810641407132008E-6     -2.196998378219079E-6    10.731337852571897
2.747799925665337E-6      -2.0890541916440766E-6   11.028427475221324
2.714535710617474E-6      -1.9811100050690744E-6   11.312910859868348
2.6812714955696107E-6     -1.8731658184940724E-6   11.597394244515055
2.663326503330143E-6      -2.2069705168898843E-6   10.238283457379039
2.6300622882822797E-6     -2.099026330314882E-6    10.515499644506942
2.5967980732344167E-6     -1.9910821437398803E-6   10.799983029153886
2.5455888659470857E-6     -2.2169426555606902E-6   9.745229062186102
2.512324650899223E-6      -2.108998468985688E-6    10.002571813792471
2.4278512285640284E-6     -2.2269147942314957E-6   9.25217466699328
2.759007521281828E-6      -2.2947404125023933E-6   10.328910767724217
2.6412698838987707E-6     -2.304712551173199E-6    9.85572980805343
2.5235322465157134E-6     -2.3146846898440047E-6   9.382548848382251
2.405794609132656E-6      -2.3246568285148106E-6   8.882975955575375
2.7369509018504557E-6     -2.3924824467857078E-6   9.939089920880022
2.619213264467398E-6      -2.4024545854565137E-6   9.465908961208626
2.501475627084341E-6      -2.4124267241273196E-6   8.980802593648077
2.714894282419083E-6      -2.4902244810690227E-6   9.549269074034923
2.5971566450360256E-6     -2.5001966197398286E-6   9.07862923172069
2.692837662987711E-6      -2.5879665153523376E-6   9.176455869793156
1.6939874789674924E-6     -2.055245600498201E-6    6.235596358545815
1.7604267175844559E-6     -1.9683606236600738E-6   6.806884141592889
1.826865956201419E-6      -1.881475646821946E-6    7.3907972690977655
1.8933051948183824E-6     -1.7945906699838187E-6   7.974710396602445
1.959744433435346E-6      -1.7077056931456911E-6   8.558623524107832
1.6325320099150677E-6     -1.9688860561630536E-6   6.050866557421452
1.6989712485320308E-6     -1.8820010793249262E-6   6.622041874554309
1.7654104871489943E-6     -1.7951161024867987E-6   7.210376758973934
1.8318497257659575E-6     -1.7082311256486711E-6   7.798711643393512
1.5710765408626426E-6     -1.882526511827906E-6    5.8579604309348206
1.6375157794796059E-6     -1.7956415349897787E-6   6.4466502097799
1.7039550180965696E-6     -1.7087565581516513E-6   7.034985094199446
1.5096210718102182E-6     -1.7961669674927586E-6   5.665054304449841
1.5760603104271814E-6     -1.709281990654631E-6    6.271258545004971
1.4481656027577933E-6     -1.709807423157611E-6    5.472148177963838
1.8172127014101884E-6     -2.0915738669790213E-6   6.764457075018704
1.940437923852884E-6      -2.127902133459841E-6    7.270852439216701
2.06366314629558E-6       -2.1642303999406617E-6   7.777247803415052
2.1868883687382755E-6     -2.2005586664214814E-6   8.283643167613715
1.8836519400271514E-6     -2.0046888901408935E-6   7.335303017588964
2.0068771624698472E-6     -2.0410171566217137E-6   7.854271291322542
2.1301023849125432E-6     -2.077345423102534E-6    8.37323956505533
1.950091178644115E-6      -1.917803913302766E-6    7.914794388179849
2.0733164010868105E-6     -1.9541321797835864E-6   8.433762661912876
2.016530417261078E-6      -1.8309189364646386E-6   8.494285758770573
2.3183010716922496E-6     -2.8492703504355793E-6   7.280940101102809
2.412344593541679E-6      -2.8145635625414326E-6   7.673500148388754
2.506388115391108E-6      -2.779856774647286E-6    8.068784658987392
2.600431637240537E-6      -2.7451499867531394E-6   8.46406916958594
2.6944751590899663E-6     -2.7104431988589928E-6   8.859353680184668
2.316663575589994E-6      -2.7267936669289237E-6   7.554681783942074
2.410707097439423E-6      -2.6920868790347774E-6   7.949714857412806
2.504750619288852E-6      -2.6573800911406304E-6   8.36429774240742
2.5987941411382813E-6     -2.622673303246484E-6    8.778880627401914
2.315026079487738E-6      -2.604316983422268E-6    7.838950308932144
2.4090696013371675E-6     -2.5696101955281214E-6   8.252004579088586
2.5031131231865968E-6     -2.5349034076339748E-6   8.666587464083003
2.3133885833854825E-6     -2.4818402999156124E-6   8.12321883392238
2.407432105234912E-6      -2.4471335120214658E-6   8.554294300764093
2.311751087283227E-6      -2.3593636164089568E-6   8.407487358912519
2.7836387884879185E-6     -2.8003604709791873E-6   8.912869155254604
2.689595266638489E-6      -2.835067258873334E-6    8.527518168297144
2.5955517447890595E-6     -2.86977404676748E-6     8.151532032094462
2.5015082229396307E-6     -2.9044808346616268E-6   7.775545895891427
2.4074647010902014E-6     -2.9391876225557734E-6   7.383095077997629
2.7787588960364406E-6     -2.9249845309935277E-6   8.604835681503687
2.6847153741870113E-6     -2.9596913188876743E-6   8.227502766945443
2.590671852337582E-6      -2.994398106781821E-6    7.851516630742585
2.496628330488153E-6      -3.0291048946759676E-6   7.474265298027367
2.7738790035849635E-6     -3.0496085910078684E-6   8.296802207752535
2.679835481735534E-6      -3.0843153789020146E-6   7.927487365594174
2.585791959886105E-6      -3.1190221667961613E-6   7.565435518057498
2.7689991111334855E-6     -3.174232651022209E-6    7.988768734001656
2.6749555892840567E-6     -3.208939438916356E-6    7.656605738087924
2.7641192186820085E-6     -3.2988567110365495E-6   7.72203784054232
3.1410115472512627E-6     -3.0158016893421785E-6   9.285396262641349
3.0516683575604265E-6     -2.9619413847514306E-6   9.207772209250797
2.96232516786959E-6       -2.9080810801606823E-6   9.112592808170398
2.872981978178754E-6      -2.854220775569935E-6    9.017413407089684
3.046788465108949E-6      -3.086565444765771E-6    8.891903993298214
2.9574452754181123E-6     -3.032705140175023E-6    8.796541262020027
2.8681020857272764E-6     -2.978844835584275E-6    8.701361860939235
2.9525653829666356E-6     -3.157329200189364E-6    8.498411723955185
2.8632221932757993E-6     -3.103468895598616E-6    8.385310314789118
2.858342300824322E-6      -3.2280929556129567E-6   8.104919454612055
3.1802716622578023E-6     -3.1128109148556325E-6   9.122149090558755
3.0860485801154885E-6     -3.1835746702792254E-6   8.74639549910336
2.991825497973175E-6      -3.2543384257028182E-6   8.370641907647885
2.897602415830862E-6      -3.3251021811264115E-6   7.993761514025316
3.219531777264342E-6      -3.209820140369087E-6    8.976457266165484
3.1253086951220285E-6     -3.2805838957926802E-6   8.600703674710132
3.031085612979715E-6      -3.351347651216273E-6    8.222471742093763
3.258791892270882E-6      -3.3068293658825414E-6   8.830765441772495
3.164568810128568E-6      -3.3775931213061342E-6   8.451181970161816
3.2980520072774222E-6     -3.4038385913959966E-6   8.679892198229851
3.3628751011616933E-6     -3.5291837798041516E-6   8.57215921936261
3.2293919040128395E-6     -3.5029383097142897E-6   8.369170649550925
3.0959087068639858E-6     -3.4766928396244277E-6   8.141811960477384
2.962425509715133E-6      -3.450447369534566E-6    7.914453271403489
2.828942312566279E-6      -3.424201899444705E-6    7.653751029330814
3.29421499789711E-6       -3.6282834981224447E-6   8.28191958411994
3.160731800748257E-6      -3.602038028032583E-6    8.06363052002233
3.0272486035994035E-6     -3.5757925579427215E-6   7.836271830948398
2.8937654064505506E-6     -3.54954708785286E-6     7.59547030979647
3.225554894632528E-6      -3.7273832164407385E-6   7.991679948876797
3.092071697483674E-6      -3.7011377463508766E-6   7.75809039049331
2.9585885003348213E-6     -3.6748922762610154E-6   7.5371895902620665
3.1568947913679457E-6     -3.826482934759032E-6    7.701440313634036
3.0234115942190923E-6     -3.8002374646691704E-6   7.478908870727908
3.088234688103363E-6      -3.9255826530773254E-6   7.4288520563403955
3.4209931807470337E-6     -3.6408203944184762E-6   8.447545891784616
3.3523330774824514E-6     -3.7399201127367697E-6   8.17260675082767
3.283672974217869E-6      -3.8390198310550635E-6   7.897667609870698
3.215012870953287E-6      -3.938119549373357E-6    7.627189040143947
3.479111260332375E-6      -3.7524570090328012E-6   8.347302683468698
3.4104511570677927E-6     -3.851556727351095E-6    8.072363542511804
3.3417910538032104E-6     -3.9506564456693885E-6   7.799611218840889
3.5372293399177166E-6     -3.864093623647127E-6    8.247059475152964
3.4685692366531343E-6     -3.96319334196542E-6     7.972033397538048
3.5953474195030582E-6     -3.975730238261452E-6    8.144455576234991
3.6636202346214036E-6     -4.086303942638724E-6    8.106283817222014
3.5368420517714792E-6     -4.0737670463426926E-6   7.955658770598652
3.4100638689215553E-6     -4.06123015004666E-6     7.785510345845514
3.283285686071632E-6      -4.0486932537506294E-6   7.615361921092613
3.1565075032217083E-6     -4.036156357454598E-6    7.420979899839102
3.605114866889824E-6      -4.184340750719965E-6    7.932766065294399
3.4783366840399002E-6     -4.171803854423933E-6    7.769222655564029
3.351558501189977E-6      -4.159266958127902E-6    7.599074230810891
3.2247803183400532E-6     -4.14673006183187E-6     7.420254536066083
3.546609499158246E-6      -4.282377558801206E-6    7.759248313366786
3.4198313163083216E-6     -4.269840662505174E-6    7.582786540529409
3.293053133458398E-6      -4.257303766209143E-6    7.419529172293045
3.488104131426667E-6      -4.380414366882447E-6    7.585730561439134
3.361325948576743E-6      -4.367877470586415E-6    7.418803808519977
3.729520683289776E-6      -4.18757461208734E-6     8.049032305840047
3.671015315558197E-6      -4.285611420168581E-6    7.888432917019363
3.6125099478266185E-6     -4.383648228249822E-6    7.727833528198698
3.55400458009504E-6       -4.481685036331063E-6    7.570405727968179
3.7954211319581486E-6     -4.2888452815359565E-6   8.011304172587687
3.73691576422657E-6       -4.386882089617198E-6    7.850704783767077
3.6784103964949915E-6     -4.484918897698439E-6    7.691046837356458
3.861321580626521E-6      -4.390115950984573E-6    7.973576039335434
3.802816212894943E-6      -4.4881527590658135E-6   7.811687946744856
3.927222029294895E-6      -4.49138662043319E-6     7.932329056133183
3.877531708972813E-6      -4.592462524073076E-6    7.840254678245652
3.753125892572861E-6      -4.5892286627057005E-6   7.721843715037352
3.62872007617291E-6       -4.585994801338325E-6    7.603432751829012
3.827841388650731E-6      -4.693538427712962E-6    7.751699150308044
3.70343557225078E-6       -4.690304566345587E-6    7.6332881870996845
3.7781510683286497E-6     -4.79461433135285E-6     7.66314362237036
-4.50646955829312E-6      -5.833838933573996E-7    -19.591677397885945
-4.599062003504888E-6     -6.342382017558948E-7    -18.655256293738113
-4.691654448716655E-6     -6.8509251015439E-7      -17.75915627898859
-4.784246893928423E-6     -7.359468185528852E-7    -16.86305626423813
-4.47590134264508E-6      -7.06753614421566E-7     -18.7646528377728
-4.568493787856848E-6     -7.576079228200612E-7    -17.869782199884746
-4.661086233068615E-6     -8.084622312185564E-7    -16.973682185134912
-4.4453331269970405E-6    -8.301233354857322E-7    -17.93762827765903
-4.537925572208807E-6     -8.809776438842273E-7    -17.08430810603104
-4.414764911349E-6        -9.534930565498985E-7    -17.11060371754612
-4.393817712288279E-6     -5.942670245487781E-7    -20.0247005829429
-4.363249496640239E-6     -7.176367456129444E-7    -19.15612555656982
-4.332681280992199E-6     -8.410064666771107E-7    -18.287550530196075
-4.30211306534416E-6      -9.64376187741277E-7     -17.499337895698407
-4.281165866283439E-6     -6.051501557401566E-7    -20.417402678600606
-4.2505976506353985E-6    -7.285198768043229E-7    -19.548827652226887
-4.220029434987359E-6     -8.518895978684891E-7    -18.716991645436202
-4.168514020278598E-6     -6.16033286931535E-7     -20.810104774258605
-4.137945804630559E-6     -7.394030079957014E-7    -19.934645395175096
-4.0558621742737574E-6    -6.269164181229136E-7    -21.152299144912263
-3.9073383469833144E-6    -6.304297067310218E-7    -21.587163341012598
-3.989421977340115E-6     -7.429162966038096E-7    -20.330130963266882
-4.0715056076969154E-6    -8.554028864765974E-7    -19.1561005858214
-4.153589238053716E-6     -9.678894763493852E-7    -17.982070208375998
-4.235672868410517E-6     -1.080376066222173E-6    -16.849822486882054
-3.840898150049673E-6     -7.464295852119178E-7    -20.758715146625086
-3.922981780406473E-6     -8.589161750847056E-7    -19.55847050662302
-4.005065410763274E-6     -9.714027649574935E-7    -18.38444012917742
-4.087149041120074E-6     -1.0838893548302812E-6   -17.23344139080229
-3.7744579531160302E-6    -8.624294636928138E-7    -19.930266952236785
-3.856541583472831E-6     -9.749160535656015E-7    -18.78681004998016
-3.938625213829632E-6     -1.0874026434383894E-6   -17.617060294722062
-3.7080177561823877E-6    -9.784293421737099E-7    -19.101818757849188
-3.790101386539189E-6     -1.0909159320464977E-6   -18.00067919864199
-3.6415775592487456E-6    -1.0944292206546059E-6   -18.295517781129806
-3.386787806840315E-6     -6.505437714660744E-7    -22.449876805137084
-3.516925441876065E-6     -6.455152552823113E-7    -22.306829619544104
-3.647063076911815E-6     -6.404867390985481E-7    -22.09460819346708
-3.777200711947565E-6     -6.35458222914785E-7     -21.882386767390997
-3.450485244942423E-6     -7.615151337632073E-7    -21.397555899840835
-3.580622879978173E-6     -7.564866175794442E-7    -21.209372261335442
-3.710760515013923E-6     -7.514581013956809E-7    -20.99715083525857
-3.5141826830445304E-6    -8.724864960603401E-7    -20.345234994545372
-3.6443203180802803E-6    -8.674579798765769E-7    -20.111914903125857
-3.577880121146638E-6     -9.834578583574731E-7    -19.292914089250385
-3.5066821441797E-6       -1.0983284926219455E-6   -18.405826706791878
-3.371786729110654E-6     -1.1022277645892852E-6   -18.453623225345154
-3.2368913140416074E-6    -1.106127036556625E-6    -18.501419743898275
-3.1019958989725614E-6    -1.1100263085239647E-6   -18.54921626245116
-2.9671004839035153E-6    -1.1139255804913046E-6   -18.52533203898112
-3.442984706077592E-6     -9.873571303248128E-7    -19.410404225040267
-3.3080892910085457E-6    -9.912564022921524E-7    -19.46165924257317
-3.1731938759394996E-6    -9.951556742594923E-7    -19.512914260105752
-3.038298460870454E-6     -9.99054946226832E-7     -19.491992449222117
-3.379287267975484E-6     -8.763857680276798E-7    -20.41758867742154
-3.2443918529064382E-6    -8.802850399950197E-7    -20.468843694954327
-3.109496437837392E-6     -8.841843119623593E-7    -20.49800983356906
-3.3155898298733764E-6    -7.65414405730547E-7     -21.424773129803526
-3.180694414804331E-6     -7.693136776978867E-7    -21.5040272179164
-3.251892391771269E-6     -6.544430434334142E-7    -22.51004460226389
-2.7165185351102436E-6    -6.65374606049248E-7     -22.123810356209496
-2.8503619992754998E-6    -6.626417153952896E-7    -22.299283470255165
-2.984205463440756E-6     -6.59908824741331E-7     -22.39556618761718
-3.1180489276060124E-6    -6.571759340873726E-7    -22.491848904978255
-2.779164022308561E-6     -7.775123496597622E-7    -21.215293004202945
-2.9130074864738177E-6    -7.747794590058037E-7    -21.339460853772966
-3.0468509506390742E-6    -7.720465683518452E-7    -21.435743571134978
-2.841809509506879E-6     -8.896500932702763E-7    -20.30677565219498
-2.9756529736721356E-6    -8.869172026163178E-7    -20.3796382372896
-2.9044549967051974E-6    -1.0017878368807904E-6   -19.39825830018823
3.8091031334827603E-7     -1.107927850401356E-6    -1.8447846672164108
4.42060728370223E-7       -9.968704645368194E-7    -1.4254619120818308
5.032111433921699E-7      -8.858130786722826E-7    -0.9557452245211142
5.643615584141168E-7      -7.74755692807746E-7     -0.48602853695953324
6.255119734360638E-7      -6.636983069432093E-7    -0.016311849398109382
3.086216132890378E-7      -9.975147939947768E-7    -2.624226764809744
3.6977202831098476E-7     -8.864574081302402E-7    -2.2075692641142237
4.3092244333293166E-7     -7.754000222657035E-7    -1.7717442063959965
4.920728583548786E-7      -6.643426364011669E-7    -1.3359191486780322
2.363329132297996E-7      -8.871017375881977E-7    -3.4697136505670976
2.974833282517465E-7      -7.760443517236609E-7    -3.040995776338736
3.5863374327369345E-7     -6.649869658591244E-7    -2.605170718620876
1.6404421317056137E-7     -7.766886811816185E-7    -4.31520053632508
2.251946281925083E-7      -6.656312953170819E-7    -3.87442228856414
9.175551311132314E-8      -6.662756247750395E-7    -5.160687422082354
6.960039170255992E-7      -7.72436188182654E-7     0.6445852940362745
6.348535020036522E-7      -8.834935740471906E-7    0.1409769766315482
5.737030869817053E-7      -9.945509599117273E-7    -0.36263134077410425
5.125526719597585E-7      -1.1056083457762641E-6   -0.7952061017500879
7.664958606151348E-7      -8.811740694220987E-7    1.2551267081333137
7.053454455931878E-7      -9.922314552866354E-7    0.7515183907284344
6.44195030571241E-7       -1.103288841151172E-6    0.27198762503900914
8.369878042046703E-7      -9.899119506615433E-7    1.865668122231618
7.758373891827234E-7      -1.1009693365260802E-6   1.3391813518286562
9.074797477942059E-7      -1.0986498319009883E-6   2.406375078617046
-2.2931693467543094E-6    -1.105507424863032E-6    -17.540136535881384
-2.2321859099589302E-6    -9.951581304934248E-7    -18.206827516480807
-2.1712024731635507E-6    -8.848088361238176E-7    -18.894895204673734
-2.110219036368171E-6     -7.744595417542105E-7    -19.582962892867805
-2.049235599572792E-6     -6.641102473846033E-7    -20.27103058106087
-2.3653100869858324E-6    -9.950533123781723E-7    -18.593302087376998
-2.3043266501904533E-6    -8.847040180085652E-7    -19.27552077784412
-2.2433432133950737E-6    -7.743547236389581E-7    -20.01781356097251
-2.1823597765996945E-6    -6.640054292693509E-7    -20.760106344101317
-2.437450827217356E-6     -8.845991998933127E-7    -19.697584352828173
-2.3764673904219763E-6    -7.742499055237055E-7    -20.421971341992528
-2.315483953626597E-6     -6.639006111540984E-7    -21.164264125120763
-2.509591567448879E-6     -7.741450874084532E-7    -20.801866618279625
-2.4486081306534993E-6    -6.63795793038846E-7     -21.568421906141353
-2.5817323076804023E-6    -6.636909749235935E-7    -21.906148883731312
-2.64437779487872E-6      -7.758287185341077E-7    -20.982505992770587
-2.707023282077038E-6     -8.879664621446218E-7    -20.125293905239765
-2.769668769275356E-6     -1.0001042057551359E-6   -19.268081817708783
-2.8323142564736744E-6    -1.11224194936565E-6     -18.40605285327823
-2.5722370546471968E-6    -8.862828310189673E-7    -19.920392026016195
-2.634882541845515E-6     -9.984205746294814E-7    -19.063179938485685
-2.697528029043833E-6     -1.1105583182399956E-6   -18.207260418206904
-2.5000963144156738E-6    -9.967369435038268E-7    -18.858278059261956
-2.5627418016139917E-6    -1.108874687114341E-6    -18.008467983135297
-2.4279555741841508E-6    -1.1071910559886865E-6   -17.809675548064206
-1.6241785654119535E-6    -1.105393194625926E-6    -15.130376688143949
-1.5637011123592175E-6    -9.953592251274279E-7    -15.55756482270923
-1.503223659306481E-6     -8.853252556289298E-7    -15.98715268693941
-1.4427462062537447E-6    -7.752912861304318E-7    -16.416740551168452
-1.3822687532010085E-6    -6.652573166319337E-7    -16.846328415399043
-1.6969932848850455E-6    -9.9506674630374E-7      -16.23531474336252
-1.636515831832309E-6     -8.850327768052419E-7    -16.67620316348516
-1.5760383787795728E-6    -7.749988073067438E-7    -17.160691967856813
-1.5155609257268364E-6    -6.649648378082457E-7    -17.645180772229097
-1.7698080043581372E-6    -8.84740297981554E-7     -17.401659012493827
-1.7093305513054008E-6    -7.74706328483056E-7     -17.873631685575894
-1.6488530982526645E-6    -6.646723589845579E-7    -18.35812048994789
-1.842622723831229E-6     -7.74413849659368E-7     -18.56800328162488
-1.7821452707784925E-6    -6.6437988016087E-7      -19.07106020766655
-1.9154374433043206E-6    -6.640874013371821E-7    -19.734347550756183
-1.9764208800996998E-6    -7.744366957067892E-7    -19.05085258286878
-2.0374043168950794E-6    -8.847859900763964E-7    -18.41700998961027
-2.0983877536904585E-6    -9.951352844460036E-7    -17.783167396352393
-2.159371190485838E-6     -1.1054845788156108E-6   -17.125878623707543
-1.903606160626608E-6     -8.847631440289752E-7    -17.915592566696645
-1.9645895974219876E-6    -9.951124383985824E-7    -17.281749973438924
-2.0255730342173672E-6    -1.1054617327681896E-6   -16.642753104134734
-1.8307914411535163E-6    -9.950895923511612E-7    -16.780332550524907
-1.891774877948896E-6     -1.1054388867207684E-6   -16.159627584561846
-1.7579767216804248E-6    -1.1054160406733471E-6   -15.676502064989805
-2.855986068565709E-7     -1.111146679479679E-6    -6.9642089776330645
-2.2458552287483975E-7    -1.0000898572574355E-6   -6.829281684161461
-1.6357243889310855E-7    -8.890330350351915E-7    -6.659096930316151
-1.0255935491137741E-7    -7.779762128129478E-7    -6.488912176470526
-4.154627092964622E-8     -6.66919390590704E-7     -6.318727422624587
-3.5872238594872253E-7    -1.0002073688597948E-6   -7.9335508180382455
-2.9770930196699133E-7    -8.891505466375509E-7    -7.805666816670725
-2.3669621798526016E-7    -7.78093724415307E-7     -7.680227649436636
-1.75683134003529E-7      -6.670369021930632E-7    -7.554788482202235
-4.318461650408741E-7     -8.892680582399101E-7    -8.972566550294847
-3.7083308105914296E-7    -7.782112360176663E-7    -8.847739871792577
-3.098199970774118E-7     -6.671544137954227E-7    -8.72230070455835
-5.049699441330257E-7     -7.783287476200258E-7    -10.011582282551366
-4.439568601512946E-7     -6.67271925397782E-7     -9.889812926914743
-5.780937232251774E-7     -6.673894370001412E-7    -11.050598014807417
3.074242912959199E-8      -7.773324469972832E-7    -5.392631326113106
-3.0270654852139175E-8    -8.883892692195269E-7    -5.607561666570109
-9.128373883387035E-8     -9.994460914417706E-7    -5.822492007026755
-1.5229682281560153E-7    -1.1105029136640146E-6   -5.9712399780897325
1.030311291888302E-7      -8.877455034038623E-7    -4.5350840668238135
4.2018045207099043E-8     -9.988023256261061E-7    -4.750014407280491
-1.8995038774632116E-8    -1.1098591478483498E-6   -4.943329036403778
1.7531982924806842E-7     -9.981585598104413E-7    -3.6775368075332424
1.1430674526633725E-7     -1.1092153820326853E-6   -3.915418094717351
2.4760852930730667E-7     -1.1085716162170207E-6   -2.887507153030768
-9.553082869080305E-7     -1.1090661486596332E-6   -11.510401751566526
-8.944901299898903E-7     -9.98542944203758E-7     -11.664507196280962
-8.336719730717499E-7     -8.880197397478826E-7    -11.801513301910362
-7.728538161536097E-7     -7.774965352920074E-7    -11.938519407538212
-7.120356592354692E-7     -6.66973330836132E-7     -12.075525513167591
-1.0286048895560789E-6    -9.982975883543937E-7    -12.590408234377104
-9.677867326379386E-7     -8.877743838985184E-7    -12.755422006249344
-9.069685757197982E-7     -7.772511794426431E-7    -12.944369792955005
-8.461504188016579E-7     -6.667279749867678E-7    -13.133317579659884
-1.1019014922041272E-6    -8.875290280491542E-7    -13.73849289337931
-1.041083335285987E-6     -7.770058235932788E-7    -13.921401211462772
-9.802651783678466E-7     -6.664826191374036E-7    -14.110348998168458
-1.1751980948521756E-6    -7.767604677439147E-7    -14.886577552382104
-1.1143799379340351E-6    -6.662372632880393E-7    -15.087380416676437
-1.248494697500224E-6     -6.659919074386751E-7    -16.034662211384603
-1.3089721505529601E-6    -7.760258769371733E-7    -15.63022566349639
-1.3694496036056963E-6    -8.860598464356712E-7    -15.255538739408568
-1.4299270566584325E-6    -9.960938159341693E-7    -14.880851815321215
-1.4904045097111692E-6    -1.1061277854326674E-6   -14.465194602394515
-1.2356755479049118E-6    -8.867944372424126E-7    -14.500035550704908
-1.296153000957648E-6     -9.968284067409108E-7    -14.12534862661739
-1.3566304540103844E-6    -1.1068623762394088E-6   -13.739094897545836
-1.1623789452568634E-6    -9.975629975476522E-7    -13.36984543791343
-1.2228563983095996E-6    -1.1075969670461503E-6   -13.012995192696193
-1.0890823426088153E-6    -1.1083315578528917E-6   -12.286895487847659
-6.389118801433177E-7     -7.779126414560166E-7    -10.958806455791954
-6.99730037061458E-7      -8.884358459118918E-7    -10.873742031239917
-7.605481939795982E-7     -9.98959050367767E-7     -10.78867760668769
-8.213663508977387E-7     -1.1094822548236425E-6   -10.647925908963899
-5.657881010511661E-7     -8.88851952075901E-7     -9.922848046401164
-6.266062579693064E-7     -9.993751565317764E-7    -9.837783621848883
-6.874244148874466E-7     -1.1098983609876516E-6   -9.73551456582569
-4.926643219590144E-7     -9.997912626957855E-7    -8.886889637009888
-5.534824788771548E-7     -1.1103144671516607E-6   -8.82310322268662
-4.1954054286686285E-7    -1.11073057331567E-6     -7.910691879548336
9.81012296165857E-7       -1.2088426790890034E-6   2.933297171362095
8.493699375543744E-7      -1.211162183714095E-6    1.882290545488484
7.177275789428919E-7      -1.2134816883391871E-6   0.8620528234128056
5.860852203314094E-7      -1.215801192964279E-6    -0.1581848986631082
4.5444286171992706E-7     -1.218120697589371E-6    -1.1992324734695687
9.229024859260254E-7      -1.3213550309021103E-6   2.457013314182876
7.91260127314543E-7       -1.323674535527202E-6    1.4280404700712226
6.596177687030605E-7      -1.325994040152294E-6    0.4078027479955838
5.27975410091578E-7       -1.3283135447773861E-6   -0.6188857562776586
8.64792675686194E-7       -1.4338673827152173E-6   1.9807294570031861
7.331503170747114E-7      -1.436186887340309E-6    0.9737903946543143
6.01507958463229E-7       -1.438506391965401E-6    -0.038539039085591184
8.066828654463625E-7      -1.5463797345283242E-6   1.5044455998230248
6.7504050683488E-7        -1.5486992391534163E-6   0.5418076781053764
7.48573055206531E-7       -1.6588920863414311E-6   1.0725143075113717
1.050529901625793E-6      -1.3142661893983167E-6   3.340415684813463
9.924200913859613E-7      -1.4267785412114237E-6   2.84209804587103
9.343102811461299E-7      -1.5392908930245306E-6   2.3437804069284796
8.762004709062986E-7      -1.6518032448376378E-6   1.901640035677132
1.120047507085729E-6      -1.4196896997076301E-6   3.716765294465789
1.0619376968458974E-6     -1.532202051520737E-6    3.218447655523798
1.003827886606066E-6      -1.644714403333844E-6    2.73984916269118
1.1895651125456649E-6     -1.5251132100169435E-6   4.093114904119627
1.1314553023058335E-6     -1.6376255618300506E-6   3.5780582897057
1.259082718005601E-6      -1.6305367203262573E-6   4.416267416719905
1.3345171608021174E-6     -1.7434851301587272E-6   4.75064121674672
1.2068897451023497E-6     -1.7505739716625203E-6   3.9336832880427197
1.079262329402582E-6      -1.7576628131663139E-6   3.1319322826102867
9.516349137028147E-7      -1.7647516546701074E-6   2.3301812771772425
8.240074980030474E-7      -1.771840496173901E-6    1.5076174662512511
1.282324187898866E-6      -1.8635223814949904E-6   4.305699884984355
1.1546967721990986E-6     -1.8706112229987837E-6   3.5042962564199094
1.027069356499331E-6      -1.8777000645025773E-6   2.702545250986857
8.994419407995636E-7      -1.8847889060063709E-6   1.8949018670191298
1.230131214995615E-6      -1.9835596328312536E-6   3.860758553222147
1.1025037992958474E-6     -1.990648474335047E-6    3.0749092247968286
9.7487638359608E-7        -1.9977373158388408E-6   2.282186267787794
1.1779382420923639E-6     -2.103596884167517E-6    3.4158172214593896
1.0503108263925964E-6     -2.1106857256713106E-6   2.669470668555673
1.1257452691891127E-6     -2.2236341355037805E-6   3.020224456989828
1.5803390370118165E-6     -2.088923307499317E-6    5.581392236075849
1.5188835679593916E-6     -2.0025637631641694E-6   5.397109904608501
1.4574280989069668E-6     -1.916204218829022E-6    5.186689316411661
1.3959726298545419E-6     -1.8298446744938743E-6   4.976268728214821
1.4666905950561404E-6     -2.122601014500433E-6    4.936404614062486
1.4052351260037156E-6     -2.0362414701652853E-6   4.726193684509899
1.343779656951291E-6      -1.949881925830138E-6    4.515773096313058
1.3530421531004646E-6     -2.1562787215015488E-6   4.2914169920489655
1.2915866840480397E-6     -2.069919177166401E-6    4.055277464411365
1.2393937111447885E-6     -2.1899564285026646E-6   3.6464293700352894
1.6930070501559793E-6     -2.1838120716463607E-6   6.001458271599236
1.6920266213444658E-6     -2.31237854279452E-6     5.776120017372976
1.6910461925329528E-6     -2.440945013942679E-6    5.55078176314805
1.6900657637214393E-6     -2.5695114850908385E-6   5.325443508921516
1.6890853349099262E-6     -2.6980779562389977E-6   5.125462688943432
1.8162322725986749E-6     -2.2201403381271804E-6   6.5222970499196595
1.8152518437871616E-6     -2.3487068092753396E-6   6.271491596800467
1.8142714149756485E-6     -2.4772732804234987E-6   6.020686143681252
1.8132909861641353E-6     -2.6058397515716587E-6   5.800911301773496
1.9394574950413707E-6     -2.2564686046080006E-6   7.016119504582595
1.9384770662298574E-6     -2.38503507575616E-6     6.765314051463435
1.937496637418344E-6      -2.513601546904319E-6    6.524135130127162
2.0626827174840663E-6     -2.292796871088821E-6    7.5099419592458325
2.0617022886725534E-6     -2.42136334223698E-6     7.2473589584812
2.1859079399267623E-6     -2.329125137569641E-6    7.9705827868352
1.579358608200303E-6      -2.2174897786474766E-6   5.35538292401405
1.4657101662446272E-6     -2.251167485648592E-6    4.736323900085456
1.3520617242889513E-6     -2.284845192649708E-6    4.117264876156547
1.2384132823332755E-6     -2.318522899650824E-6    3.487894289166719
1.57837817938879E-6       -2.3460562497956353E-6   5.155511868681115
1.4647297374331141E-6     -2.3797339567967516E-6   4.536452844752678
1.351081295477438E-6      -2.4134116637978675E-6   3.913351752716497
1.5773977505772767E-6     -2.474622720943795E-6    4.955640813348765
1.4637493086216008E-6     -2.5083004279449107E-6   4.338809216266943
1.5764173217657634E-6     -2.6031891920919544E-6   4.7642666798168785
2.192457924335785E-6      -2.819031871596263E-6    6.868106805089867
2.1908204282335294E-6     -2.696555188089608E-6    7.138659174845438
2.1891829321312737E-6     -2.574078504582952E-6    7.404906503150328
2.1875454360290175E-6     -2.4516018210762966E-6   7.671153831455218
2.06661477697932E-6       -2.788793392756947E-6    6.442209340761091
2.0649772808770644E-6     -2.666316709250291E-6    6.703086754225865
2.0633397847748087E-6     -2.5438400257436356E-6   6.969334082530519
1.9407716296228555E-6     -2.75855491391763E-6     6.016311876432356
1.9391341335206E-6        -2.6360782304109745E-6   6.267514333605456
1.8149284822663908E-6     -2.7283164350783143E-6   5.590414412103816
2.262574563903589E-6      -2.946775028555504E-6    6.9213112204817016
2.1367314165471243E-6     -2.916536549716188E-6    6.510751107472502
2.0108882691906593E-6     -2.886298070876871E-6    6.0945285994351135
1.8850451218341947E-6     -2.856059592037555E-6    5.6783060913974115
1.7592019744777302E-6     -2.825821113198239E-6    5.225163809222296
2.2068480561149284E-6     -3.044279706675429E-6    6.572479959576501
2.0810049087584635E-6     -3.0140412278361126E-6   6.157700451305662
1.9551617614019985E-6     -2.9838027489967964E-6   5.741477943268274
1.8293186140455341E-6     -2.9535642701574797E-6   5.308624389163714
2.1511215483262676E-6     -3.141784384795353E-6    6.223648698671103
2.0252784009698027E-6     -3.111545905956037E-6    5.804649795138881
1.899435253613338E-6      -3.0813074271167207E-6   5.392084969104738
2.095395040537607E-6      -3.2392890629152784E-6   5.874817437766158
1.969551893181142E-6      -3.2090505840759626E-6   5.475545549045725
2.039668532748946E-6      -3.336793741035203E-6    5.549163195296802
2.3517381933015406E-6     -3.036692300675698E-6    7.022018530662736
2.2960116855128798E-6     -3.134196978795623E-6    6.677406665018702
2.240285177724219E-6      -3.2317016569155477E-6   6.332794799374986
2.1845586699355586E-6     -3.329206335035473E-6    6.005205084337557
2.4409018226994923E-6     -3.126609572795892E-6    7.128388235870897
2.3851753149108315E-6     -3.224114250915817E-6    6.7837763702271
2.3294488071221707E-6     -3.3216189290357414E-6   6.441891852807328
2.530065452097444E-6      -3.2165268449160865E-6   7.2347579410798435
2.4743389443087833E-6     -3.3140315230360112E-6   6.878578621277433
2.619229081495396E-6      -3.3064441170362806E-6   7.315265389747479
2.409593411389385E-6      -3.895603746532121E-6    5.955585471545646
2.4804985728479098E-6     -3.776254339433007E-6    6.28394205976028
2.5514037343064345E-6     -3.656904932333892E-6    6.634279366600361
2.622308895764959E-6      -3.537555525234778E-6    6.9846166734400885
2.6932140572234837E-6     -3.418206118135664E-6    7.334953980279934
2.335608435661297E-6      -3.7838417454327375E-6   5.875842179573307
2.406513597119822E-6      -3.664492338333623E-6    6.209220194721655
2.4774187585783463E-6     -3.545142931234509E-6    6.569281174216354
2.548323920036871E-6      -3.4257935241353945E-6   6.929342153711222
2.2616234599332094E-6     -3.672079744333354E-6    5.795981747812274
2.3325286213917337E-6     -3.5527303372342395E-6   6.146889208129438
2.4034337828502585E-6     -3.4333809301351256E-6   6.506950187624157
2.1876384842051216E-6     -3.56031774323397E-6     5.716121316051122
2.2585436456636464E-6     -3.4409683361348558E-6   6.084558221536761
2.113653508477034E-6      -3.448555742134587E-6    5.636260884289756
2.545321666732181E-6      -3.901599527841162E-6    6.270690288555256
2.6810499220749763E-6     -3.907595309150203E-6    6.566430273171106
2.8167781774177717E-6     -3.913591090459244E-6    6.862170257786836
2.9525064327605675E-6     -3.919586871768284E-6    7.15791024240241
2.6162268281907056E-6     -3.7822501207420475E-6   6.59856657377794
2.7519550835335006E-6     -3.7882459020510882E-6   6.900800209348964
2.8876833388762965E-6     -3.7942416833601293E-6   7.203033844920172
2.6871319896492295E-6     -3.6629007136429332E-6   6.939180207962699
2.8228602449920254E-6     -3.6688964949519743E-6   7.241413843533685
2.7580371511077547E-6     -3.543551306543819E-6    7.279793842147485
2.835595680080226E-6      -4.354903002526072E-6    6.526575941050892
2.89875543208601E-6       -4.247572915163885E-6    6.747722244883361
2.9619151840917942E-6     -4.140242827801699E-6    6.968868548716024
3.025074936097579E-6      -4.032912740439512E-6    7.190014852548533
2.69986742473743E-6       -4.348907221217031E-6    6.2432544977601765
2.7630271767432146E-6     -4.241577133854844E-6    6.453780281774941
2.8261869287489984E-6     -4.134247046492657E-6    6.68624240068273
2.889346680754783E-6      -4.026916959130471E-6    6.918704519590617
2.6272989214004188E-6     -4.235581352545803E-6    6.171409301748483
2.690458673406203E-6      -4.128251265183617E-6    6.396996067022631
2.7536184254119875E-6     -4.02092117782143E-6     6.629458185930489
2.5547304180634075E-6     -4.122255483874576E-6    6.0995641057367695
2.6178901700691917E-6     -4.0149253965123885E-6   6.34021185227034
2.4821619147263962E-6     -4.008929615203348E-6    6.02771890972531
3.0933477512159237E-6     -4.143486444816784E-6    7.186915814581483
3.030187999210139E-6      -4.250816532178971E-6    6.977085325824236
2.967028247204355E-6      -4.358146619541157E-6    6.767254837066938
2.903868495198571E-6      -4.465476706903344E-6    6.562606889230133
3.1616205663342686E-6     -4.254060149194057E-6    7.201752777316747
3.098460814328484E-6      -4.361390236556243E-6    6.991922288559527
3.0353010623227003E-6     -4.46872032391843E-6     6.784309893587812
3.2298933814526135E-6     -4.364633853571329E-6    7.216589740052299
3.1667336294468294E-6     -4.4719639409335165E-6   7.006012897945729
3.298166196570959E-6      -4.475207557948602E-6    7.22771590230327
3.1243974197515602E-6     -4.788136852970388E-6    6.821981629700516
3.182320345358026E-6      -4.683827087963125E-6    6.955989453740078
3.2402432709644922E-6     -4.579517322955864E-6    7.089997277779652
3.050887778233897E-6      -4.680583470948039E-6    6.737250896517373
3.108810703840363E-6      -4.576273705940778E-6    6.871258720556847
2.9773781367162337E-6     -4.573030088925692E-6    6.652520163333848
-3.909190577183022E-6     -1.5878346097215274E-6   -14.473256013018784
-3.855667973596166E-6     -1.4891535319081432E-6   -15.21660699842676
-3.802145370009311E-6     -1.3904724540947587E-6   -15.976243396743044
-3.748622766422456E-6     -1.2917913762813743E-6   -16.735879795058935
-3.695100162835601E-6     -1.19311029846799E-6     -17.49551619337443
-4.004191800886609E-6     -1.485640243300035E-6    -14.8611297772857
-3.950669197299754E-6     -1.3869591654866507E-6   -15.614671097531238
-3.897146593712899E-6     -1.2882780876732663E-6   -16.405183666336526
-3.8436239901260435E-6    -1.1895970098598819E-6   -17.19569623514181
-4.099193024590197E-6     -1.3834458768785423E-6   -15.24409346387047
-4.045670421003342E-6     -1.2847647990651579E-6   -16.04031577929967
-3.9921478174164865E-6    -1.1860837212517737E-6   -16.830828348104887
-4.194194248293785E-6     -1.2812515104570496E-6   -15.62705715045583
-4.1406716447069295E-6    -1.1825704326436654E-6   -16.465960461067162
-4.2891954719973725E-6    -1.1790571440355572E-6   -16.01002083704166
-4.761345856720594E-6     -1.4374686114360131E-6   -12.635018883624692
-4.645852374300996E-6     -1.5167075244920736E-6   -12.667194348464166
-4.530358891881398E-6     -1.5959464375481343E-6   -12.69936981330389
-4.4148654094618E-6       -1.6751853506041952E-6   -12.708228116419235
-4.638185195860785E-6     -1.367126881244541E-6    -13.53529470442622
-4.522691713441188E-6     -1.4463657943006017E-6   -13.567470169265935
-4.40719823102159E-6      -1.5256047073566624E-6   -13.589068398995494
-4.515024535000978E-6     -1.2967851510530692E-6   -14.43557052522854
-4.39953105258138E-6      -1.37602406410913E-6     -14.46990868157238
-4.39186387414117E-6      -1.2264434208615974E-6   -15.350748964148714
-4.011858979326819E-6     -1.6352208865475674E-6   -13.966331021170909
-4.106860203030407E-6     -1.533026520126075E-6    -14.344803508056177
-4.201861426733995E-6     -1.4308321537045823E-6   -14.685086199459954
-4.2968626504375824E-6    -1.3286377872830897E-6   -15.025368890863577
-4.114527381470617E-6     -1.6826071633736076E-6   -13.449073870249098
-4.209528605174205E-6     -1.580412796952115E-6    -13.79150599026981
-4.304529828877792E-6     -1.4782184305306223E-6   -14.131788681673196
-4.2171957836144145E-6    -1.7299934401996474E-6   -12.931816719327365
-4.312197007318002E-6     -1.627799073778155E-6    -13.238208472482192
-4.319864185758212E-6     -1.7773797170256877E-6   -12.414559568405203
-3.78577419895638E-6      -1.617057711513556E-6    -14.486656725893786
-3.662357820729738E-6     -1.6462808133055847E-6   -14.473018514813191
-3.538941442503096E-6     -1.6755039150976133E-6   -14.459380303731887
-3.4155250642764542E-6    -1.704727016889642E-6    -14.445742092651173
-3.2921086860498125E-6    -1.7339501186816707E-6   -14.366109352551513
-3.7322515953695246E-6    -1.5183766337001718E-6   -15.222988066062955
-3.6088352171428824E-6    -1.5475997354922005E-6   -15.201788551035818
-3.4854188389162407E-6    -1.5768228372842291E-6   -15.180589036008683
-3.3620024606895994E-6    -1.6060459390762578E-6   -15.098196615000106
-3.6787289917826693E-6    -1.4196955558867872E-6   -15.951748293889683
-3.5553126135560276E-6    -1.448918657678816E-6    -15.930548778862471
-3.431896235329386E-6     -1.4781417594708447E-6   -15.889062975468324
-3.625206388195814E-6     -1.321014478073403E-6    -16.680508521716256
-3.5017900099691723E-6    -1.3502375798654316E-6   -16.679929335937643
-3.571683784608959E-6     -1.222333400260019E-6    -17.470795696406647
-3.032102124332775E-6     -1.2379304881293778E-6   -17.650270728724195
-3.1669975394018206E-6    -1.234031216162038E-6    -17.665336701987886
-3.3018929544708666E-6    -1.2301319441946983E-6   -17.62099868241549
-3.4367883695399127E-6    -1.2262326722273584E-6   -17.576660662842464
-3.097103764762034E-6     -1.361935395767451E-6    -16.815365693731337
-3.23199917983108E-6      -1.3580361238001112E-6   -16.789225704332058
-3.3668945949001262E-6    -1.3541368518327715E-6   -16.744887684758716
-3.1621054051912937E-6    -1.4859403034055242E-6   -15.980460658737934
-3.2970008202603393E-6    -1.4820410314381844E-6   -15.913114706675104
-3.227107045620553E-6     -1.6099452110435975E-6   -15.145555623744727
-2.5986919079786193E-6    -1.6568210360986173E-6   -14.508894153666086
-2.6723736231635987E-6    -1.548241944977155E-6    -15.278405780706036
-2.746055338348578E-6     -1.4396628538556922E-6   -16.08111493246907
-2.819737053533557E-6     -1.3310837627342298E-6   -16.883824084231435
-2.8934187687185364E-6    -1.2225046716127672E-6   -17.68653323599451
-2.737375263592858E-6     -1.6722468526152282E-6   -14.541222011305681
-2.811056978777837E-6     -1.5636677614937654E-6   -15.302798095755165
-2.884738693962816E-6     -1.4550886703723028E-6   -16.065487642465726
-2.958420409147795E-6     -1.3465095792508404E-6   -16.828177189176287
-2.8760586192070964E-6    -1.6876726691318386E-6   -14.51747105259672
-2.9497403343920753E-6    -1.579093578010376E-6    -15.271788570136007
-3.023422049577055E-6     -1.4705144868889136E-6   -16.034478116846774
-3.014741974821335E-6     -1.7030984856484494E-6   -14.493720093886033
-3.088423690006314E-6     -1.5945193945269866E-6   -15.240779044516534
-3.153425330435574E-6     -1.71852430216506E-6     -14.469969135176054
-2.5375873957337573E-6    -1.5465583138515004E-6   -15.090217578550872
-2.4764828834888953E-6    -1.4362955916043831E-6   -15.698259594522897
-2.4153783712440334E-6    -1.3260328693572662E-6   -16.306301610494955
-2.3542738589991714E-6    -1.2157701471101491E-6   -16.914343626466668
-2.6112691109187367E-6    -1.4379792227300376E-6   -15.873049705933152
-2.5501645986738747E-6    -1.3277165004829205E-6   -16.523095471828945
-2.4890600864290127E-6    -1.2174537782358034E-6   -17.173141237724586
-2.6849508261037156E-6    -1.329400131608575E-6    -16.71577846274866
-2.623846313858854E-6     -1.2191374093614581E-6   -17.365824228644254
-2.7586325412886946E-6    -1.2208210404871125E-6   -17.558507219563854
3.224887049676343E-7      -1.2197487081028516E-6   -2.151117539665985
1.8918692092666483E-7     -1.220392473918516E-6    -3.1816843889296496
5.5885136885695446E-8     -1.2210362397341807E-6   -4.165028672554702
-7.741664715527393E-8     -1.2216800055498454E-6   -5.148372956179598
-2.1071843119624332E-7    -1.22232377136551E-6     -6.135107258164773
2.6406709658699246E-7     -1.331569565804347E-6    -2.409020785272506
1.3076531254602305E-7     -1.3322133316200115E-6   -3.408344020039659
-2.5364714949463302E-9    -1.3328570974356764E-6   -4.391688303664947
-1.3583825553591568E-7    -1.3335008632513408E-6   -5.37533455784623
2.0564548820635066E-7     -1.4433904235058425E-6   -2.6669240308787128
7.234370416538126E-8      -1.4440341893215071E-6   -3.6350036511490114
-6.095807987558811E-8     -1.4446779551371718E-6   -4.615561857526509
1.4722387982570887E-7     -1.555211281207338E-6    -2.924827276485548
1.3922095784739495E-8     -1.5558550470230028E-6   -3.8557891572081235
8.880227144506709E-8      -1.6670321389088337E-6   -3.1496937039326727
2.2075642819735988E-7     -1.6654041283953534E-6   -2.32260868270788
3.5271058494965267E-7     -1.6637761178818726E-6   -1.4746944834293525
4.846647417019454E-7      -1.6621481073683923E-6   -0.6267802841494897
6.166188984542383E-7      -1.6605200968549117E-6   0.22113391512943037
2.7917803657800164E-7     -1.5535832706938575E-6   -2.0874829065096
4.1113219333029443E-7     -1.551955260180377E-6    -1.2036302586817986
5.430863500825872E-7      -1.5503272496668966E-6   -0.3197776108537945
3.3759964495864345E-7     -1.441762412992362E-6    -1.798336046406299
4.695538017109362E-7      -1.4401344024788816E-6   -0.9144833985780263
3.960212533392852E-7      -1.3299415552908663E-6   -1.509189186303109
-1.9238908037893946E-6    -1.6488000829577618E-6   -13.071190772813418
-1.8639483561139066E-6    -1.5401187052913947E-6   -13.474865392336152
-1.8040059084384182E-6    -1.4314373276250275E-6   -13.888865364991386
-1.7440634607629302E-6    -1.3227559499586603E-6   -14.302865337646745
-1.6841210130874417E-6    -1.214074572292293E-6    -14.716865310301403
-1.9977465123823775E-6    -1.5401415513388159E-6   -13.919951389208101
-1.9378040647068895E-6    -1.4314601736724487E-6   -14.33531015796965
-1.877861617031401E-6     -1.3227787960060815E-6   -14.79285063718793
-1.8179191693559128E-6    -1.2140974183397143E-6   -15.250391116406893
-2.0716022209753608E-6    -1.43148301971987E-6     -14.812655208497283
-2.011659773299872E-6     -1.3228016420535025E-6   -15.257684253419646
-1.951717325624384E-6     -1.2141202643871355E-6   -15.715224732638358
-2.1454579295683436E-6    -1.322824488100924E-6    -15.705359027786624
-2.0855154818928552E-6    -1.2141431104345568E-6   -16.180058348870165
-2.2193136381613265E-6    -1.214165956481978E-6    -16.598062847075532
-2.2804181504061885E-6    -1.324428678729095E-6    -15.985195463001128
-2.3415226626510505E-6    -1.4346914009762122E-6   -15.419157196952641
-2.4026271748959124E-6    -1.544954123223329E-6    -14.853118930904312
-2.4637316871407744E-6    -1.6552168454704464E-6   -14.27789110804385
-2.206562441813205E-6     -1.433087210348041E-6    -15.122161919873086
-2.2676669540580676E-6    -1.5433499325951581E-6   -14.556123653824994
-2.3287714663029296E-6    -1.653612654842275E-6    -13.99002947392826
-2.1327067332202223E-6    -1.541745741966987E-6    -14.259128376745585
-2.1938112454650847E-6    -1.6520084642141041E-6   -13.702167839812631
-2.05885102462724E-6      -1.650404273585933E-6    -13.414306205696885
-1.2525119084377204E-6    -1.65634314804124E-6     -10.518178231044493
-1.1930711841317824E-6    -1.5468877481649188E-6   -10.724280791550072
-1.1336304598258445E-6    -1.4374323482885973E-6   -10.925346700468001
-1.0741897355199064E-6    -1.327976948412276E-6    -11.126412609386165
-1.0147490112139686E-6    -1.2185215485359545E-6   -11.327478518304341
-1.3268452398325671E-6    -1.5461531573581773E-6   -11.387357981983369
-1.267404515526629E-6     -1.4366977574818558E-6   -11.603482213066062
-1.207963791220691E-6     -1.3272423576055343E-6   -11.847033358902001
-1.1485230669147531E-6    -1.217786957729213E-6    -12.090584504737617
-1.4011785712274136E-6    -1.4359631666751144E-6   -12.307962626620995
-1.3417378469214758E-6    -1.3265077667987929E-6   -12.543729579895741
-1.282297122615538E-6     -1.2170523669224716E-6   -12.78728072573181
-1.4755119026222603E-6    -1.3257731759920516E-6   -13.228567271258914
-1.4160711783163223E-6    -1.2163177761157301E-6   -13.48397694672577
-1.549845234017107E-6     -1.2155831853089887E-6   -14.149171915897032
-1.6097876816925953E-6    -1.324264562975356E-6    -13.74721119798246
-1.6697301293680833E-6    -1.4329459406417232E-6   -13.376751731891463
-1.7296725770435715E-6    -1.5416273183080904E-6   -13.006292265799678
-1.7896150247190599E-6    -1.6503086959744576E-6   -12.609894294166956
-1.5354543502977483E-6    -1.4344545536584188E-6   -12.846249275536808
-1.5953967979732368E-6    -1.543135931324786E-6    -12.475789809445375
-1.655339245648725E-6     -1.6518173089911532E-6   -12.098518936334598
-1.4611210189029018E-6    -1.5446445443414816E-6   -11.945287353090603
-1.52106346657839E-6      -1.6533259220078487E-6   -11.587143578502161
-1.3867876875080554E-6    -1.6548345350245445E-6   -11.075768220670241
-5.807763771351928E-7     -1.6639117735022955E-6   -7.121372770161187
-5.217408230794684E-7     -1.5533587546977725E-6   -7.112501862206161
-4.62705269023744E-7      -1.4428057358932489E-6   -7.084111628489792
-4.036697149680196E-7     -1.3322527170887257E-6   -7.055721394774913
-3.4463416091229523E-7    -1.2216996982842025E-6   -7.027331161058937
-6.556827590897604E-7     -1.5529426485337632E-6   -7.94201673618083
-5.96647205034036E-7      -1.4423896297292396E-6   -7.940705477188629
-5.376116509783116E-7     -1.3318366109247164E-6   -7.950621161951167
-4.785760969225872E-7     -1.2212835921201932E-6   -7.960536846714648
-7.305891410443279E-7     -1.4419735235652305E-6   -8.81723964739808
-6.715535869886035E-7     -1.331420504760707E-6    -8.824549863389684
-6.125180329328791E-7     -1.2208674859561839E-6   -8.83446554815278
-8.054955229988954E-7     -1.3310043985966982E-6   -9.692462558614212
-7.46459968943171E-7      -1.2204513797921748E-6   -9.708394249591368
-8.804019049534631E-7     -1.2200352736281657E-6   -10.567685469831048
-9.398426292594009E-7     -1.329490673504487E-6    -10.394467316632433
-9.99283353565339E-7      -1.4389460733808083E-6   -10.235886644633283
-1.0587240778712768E-6    -1.5484014732571298E-6   -10.077305972632953
-1.118164802177215E-6     -1.6578568731334513E-6   -9.880566233993225
-8.649362473048333E-7     -1.4404597984730195E-6   -9.527865880401109
-9.243769716107713E-7     -1.549915198349341E-6    -9.369285208401488
-9.838176959167094E-7     -1.6593705982256623E-6   -9.199386419411518
-7.900298653502658E-7     -1.5514289234415518E-6   -8.661264444168902
-8.494705896562039E-7     -1.6608843233178733E-6   -8.51820660482936
-7.151234833956983E-7     -1.6623980484100847E-6   -7.837026790247181
-4.468606474191408E-7     -1.6645358465836033E-6   -6.357588607927266
-3.1294491770308885E-7    -1.6651599196649108E-6   -5.560615951215739
-1.7902918798703685E-7    -1.6657839927462184E-6   -4.763643294504449
-4.5113458270984854E-8    -1.666408065827526E-6    -3.9666706377926886
-3.878250933634164E-7     -1.5539828277790797E-6   -6.338585733108252
-2.539093636473644E-7     -1.5546069008603876E-6   -5.509028832791051
-1.1999363393131246E-7    -1.5552309739416952E-6   -4.679471932473967
-3.28789539307692E-7      -1.4434298089745565E-6   -6.271889580912857
-1.9487380959164007E-7    -1.4440538820558642E-6   -5.442332680596265
-2.697539852519676E-7     -1.3328767901700332E-6   -6.205193428718523
6.936438022604274E-7      -1.773745107638911E-6    0.7387787675622289
5.616896455081345E-7      -1.7753731181523913E-6   -0.10475116668109284
4.2973548875584167E-7     -1.7770011286658716E-6   -0.9167269174121858
2.9778133200354893E-7     -1.7786291391793522E-6   -1.7287026681432789
1.6582717525125617E-7     -1.780257149692833E-6    -2.549943763721966
6.387145493143236E-7      -1.8885981289363903E-6   0.44559991654969267
5.067603925620308E-7      -1.8902261394498708E-6   -0.37684198675175473
3.74806235809738E-7       -1.8918541499633514E-6   -1.1888177374823765
2.4285207905744525E-7     -1.893482160476832E-6    -2.0032349188198535
5.837852963682199E-7      -2.00345115023387E-6     0.15242106553684198
4.5183113961592704E-7     -2.00507916074735E-6     -0.6489328068213062
3.198769828636343E-7      -2.006707171260831E-6    -1.4565260739170338
5.288560434221161E-7      -2.1183041715313494E-6   -0.14075778547545872
3.969018866698234E-7      -2.1199321820448304E-6   -0.9098172290150783
4.7392679047601246E-7     -2.233157192828829E-6    -0.40256888481434894
6.042904862186325E-7      -2.2312525813638197E-6   0.2746011679041608
7.346541819612526E-7      -2.2293479698988098E-6   0.9627910398425588
8.650178777038725E-7      -2.2274433584338E-6      1.6509809117801715
9.953815734464927E-7      -2.2255387469687904E-6   2.339170783718412
6.592197391647362E-7      -2.11639956006634E-6     0.5440040148911512
7.895834349073562E-7      -2.11449494860133E-6     1.2604757245739053
9.199471306499762E-7      -2.11259033713632E-6     1.976947434256031
7.141489921108399E-7      -2.00154653876886E-6     0.8582708968466619
8.445126878534599E-7      -1.9996419273038507E-6   1.5747426065294263
7.690782450569436E-7      -1.8866935174713806E-6   1.1725377788021725
1.0847349693974042E-6     -2.340406803171128E-6    2.746312550166055
9.54371273654784E-7       -2.342311414636138E-6    2.0606457345846656
8.24007577912164E-7       -2.3442160261011474E-6   1.4007377003908592
6.93643882169544E-7       -2.3461206375661573E-6   0.7408296661975239
5.63280186426924E-7       -2.3480252490311672E-6   0.06833998894778198
1.0437246696056956E-6     -2.4571794708384756E-6   2.490148546708659
9.133609738630753E-7      -2.4590840823034855E-6   1.8221021637157804
7.829972781204553E-7      -2.4609886937684954E-6   1.1621941295222098
6.526335823778354E-7      -2.462893305233505E-6    0.49775150963441805
1.0027143698139869E-6     -2.573952138505823E-6    2.2339845432519696
8.723506740713669E-7      -2.5758567499708326E-6   1.583558592847309
7.419869783287469E-7      -2.5777613614358425E-6   0.927163030322036
9.617040700222784E-7      -2.6907248061731707E-6   1.9778205397943769
8.313403742796584E-7      -2.6926294176381806E-6   1.3565745510087508
9.206937702305698E-7      -2.8074974738405183E-6   1.7448476449892965
1.1974029825415668E-6     -2.4352955673181717E-6   3.203798290058792
1.1563926827498581E-6     -2.552068234985519E-6    2.930013854012963
1.1153823829581495E-6     -2.668840902652867E-6    2.656229417966944
1.074372083166441E-6      -2.7856135703202144E-6   2.4129926060983617
1.3100709956857294E-6     -2.530184331465215E-6    3.6355252485630114
1.269060695894021E-6      -2.6469569991325626E-6   3.361740812517095
1.2280503961023125E-6     -2.76372966679991E-6     3.0928069158972726
1.4227390088298922E-6     -2.6250730956122583E-6   4.067252207067371
1.3817287090381837E-6     -2.741845763279606E-6    3.7726212256960263
1.535407021974055E-6      -2.719961859759302E-6    4.452435535494662
1.3183804922575972E-6     -3.3485292294898458E-6   3.0531787438663494
1.392521460788063E-6      -3.2184389748396766E-6   3.4333498403234755
1.4666624293185287E-6     -3.088348720189507E-6    3.843075362434773
1.5408033978489947E-6     -2.958258465539337E-6    4.252800884546268
1.6149443663794604E-6     -2.8281682108891673E-6   4.662526406657919
1.2388431478521918E-6     -3.2403228783599804E-6   2.807300180795642
1.3129841163826577E-6     -3.110232623709811E-6    3.190020991667847
1.3871250849131233E-6     -2.9801423690596408E-6   3.595311296251399
1.4612660534435891E-6     -2.850052114409471E-6    4.000601600834806
1.1593058034467862E-6     -3.1321165272301147E-6   2.546661326496767
1.233446771977252E-6      -3.0020262725799446E-6   2.941194071203932
1.3075877405077179E-6     -2.8719360179297754E-6   3.3464843757875555
1.0797684590413808E-6     -3.0239101761002493E-6   2.2860224721971445
1.1539094275718464E-6     -2.8938199214500793E-6   2.6923671507398717
1.0002311146359754E-6     -2.9157038249703836E-6   2.0253836178977584
1.8954109246506762E-6     -3.339140838726132E-6    5.063702595870556
1.8252942850828723E-6     -3.2113976817668907E-6   4.981581911467992
1.755177645515068E-6      -3.0836545248076493E-6   4.877832603456254
1.6850610059472641E-6     -2.9559113678484083E-6   4.774083295444986
1.7511533165524064E-6     -3.34148793641706E-6     4.562302235239816
1.6810366769846023E-6     -3.213744779457819E-6    4.463671863816908
1.6109200374167985E-6     -3.086001622498578E-6    4.359922555805484
1.6068957084541366E-6     -3.343835034107989E-6    4.060901874608997
1.5367790688863327E-6     -3.2160918771487475E-6   3.9457618161655614
1.4626381003558668E-6     -3.346182131798917E-6    3.5595015139785326
1.7036082156298994E-6     -3.896117036980854E-6    3.9800046922354255
1.7708202790537087E-6     -3.784252377791724E-6    4.2741571033428825
1.838032342477518E-6      -3.672387718602594E-6    4.58560911276611
1.9052444059013274E-6     -3.5605230594134634E-6   4.8970611221894345
1.9724564693251367E-6     -3.4486584002243337E-6   5.208513131612564
1.626562670955439E-6      -3.7865994754826527E-6   3.8036067123810215
1.6937747343792482E-6     -3.6747348162935226E-6   4.099825385397642
1.7609867978030576E-6     -3.562870157104392E-6    4.413908247685615
1.8281988612268669E-6     -3.4510054979152615E-6   4.727991109973341
1.5495171262809784E-6     -3.677081913984451E-6    3.6208000048334807
1.6167291897047878E-6     -3.56521725479532E-6     3.929017574075769
1.683941253128597E-6      -3.453352595606191E-6    4.243100436363481
1.472471581606518E-6      -3.5675643524862492E-6   3.437993297285666
1.5396836450303273E-6     -3.455699693297119E-6    3.7582097627534923
1.3954260369320577E-6     -3.4580467909880473E-6   3.2551865897377716
2.0464414450532245E-6     -3.560420401323717E-6    5.301534356571606
1.979229381629415E-6      -3.672285060512847E-6    4.992713200012837
1.912017318205606E-6      -3.7841497197019772E-6   4.683892043454314
1.8448052547817965E-6     -3.896014378891107E-6    4.389224443155197
2.1204264207813123E-6     -3.6721824024231002E-6   5.398924233501149
2.053214357357503E-6      -3.784047061612231E-6    5.090103076942461
1.9860022939336936E-6     -3.895911720801361E-6    4.786237819367017
2.1944113965094E-6        -3.7839444035224835E-6   5.496314110431012
2.1271993330855907E-6     -3.8958090627116145E-6   5.1832511955788565
2.268396372237488E-6      -3.895706404621868E-6    5.580264571790597
2.1458650669639364E-6     -4.340146152911242E-6    4.9586241111825515
2.2117971530702985E-6     -4.229010551316461E-6    5.202993958227491
2.2777292391766607E-6     -4.117874949721681E-6    5.4473638052725875
2.343661325283023E-6      -4.006739348126901E-6    5.691733652317449
2.0046680278120393E-6     -4.340248811000989E-6    4.577695249556563
2.0706001139184014E-6     -4.229113209406208E-6    4.812123605026252
2.136532200024763E-6      -4.117977607811428E-6    5.063690788757663
2.2024642861311257E-6     -4.006842006216648E-6    5.315257972489013
1.9294030747665043E-6     -4.229215867495955E-6    4.429784678271193
1.995335160872866E-6      -4.118080265901175E-6    4.6758750698230065
2.0612672469792286E-6     -4.006944664306395E-6    4.92744225355428
1.8541381217209693E-6     -4.118182923990922E-6    4.2818741069860184
1.9200702078273315E-6     -4.0070473223961415E-6   4.53962653461907
1.7788731686754341E-6     -4.0071499804858875E-6   4.133963535700688
2.416229828620034E-6      -4.120065216798128E-6    5.767299790481969
2.3502977425136715E-6     -4.2312008183929086E-6   5.530127280123284
2.2843656564073094E-6     -4.342336419987689E-6    5.292954769764662
2.2184335703009477E-6     -4.45347202158247E-6     5.062302845707377
2.4887983319570454E-6     -4.233391085469356E-6    5.8542059677526765
2.422866245850683E-6      -4.344526687064136E-6    5.617033457394026
2.356934159744321E-6      -4.455662288658916E-6    5.382375124175967
2.5613668352940566E-6     -4.3467169541405835E-6   5.941112145023769
2.4954347491876945E-6     -4.4578525557353644E-6   5.702447402644852
2.633935338631068E-6      -4.460042822811811E-6    6.022519681113559
2.4360583836982937E-6     -4.782702968878855E-6    5.47518890572261
2.502017368675885E-6      -4.675149586856507E-6    5.655799617126023
2.5679763536534765E-6     -4.567596204834158E-6    5.8364103285292765
2.3635167792325113E-6     -4.672959319780059E-6    5.339733747818077
2.429475764210103E-6      -4.565405937757712E-6    5.52034445922133
2.2909751747667297E-6     -4.5632156706812644E-6   5.2042785899132245
-3.8885568835802725E-6    -1.7102703822341338E-6   -13.849625218589694
-3.991225285724069E-6     -1.7576566590601738E-6   -13.34738399548155
-4.093893687867867E-6     -1.8050429358862138E-6   -12.866167211425552
-4.196562090011665E-6     -1.8524292127122538E-6   -12.384950427369082
-4.299230492155463E-6     -1.899815489538294E-6    -11.865971982848711
-3.867923189977522E-6     -1.83270615474674E-6     -13.251990171964055
-3.970591592121319E-6     -1.88009243157278E-6     -12.766626765275332
-4.073259994265117E-6     -1.92747870839882E-6     -12.285409981219175
-4.1759283964089155E-6    -1.97486498522486E-6     -11.789790554542098
-3.847289496374773E-6     -1.9551419272593465E-6   -12.6543551253381
-3.9499578985185695E-6    -2.002528204085386E-6    -12.185869535068651
-4.052626300662368E-6     -2.0499144809114266E-6   -11.713609126235527
-3.826655802772023E-6     -2.0775776997719527E-6   -12.056720078711283
-3.9293242049158204E-6    -2.1249639765979927E-6   -11.637427697928757
-3.806022109169273E-6     -2.200013472284559E-6    -11.505303520285482
-3.76514050535363E-6      -1.7394934840261624E-6   -13.86457275050629
-3.74450681175088E-6      -1.8619292565387686E-6   -13.25005988746131
-3.72387311814813E-6      -1.984365029051375E-6    -12.635547024416233
-3.703239424545381E-6     -2.1068008015639814E-6   -12.066111366350842
-3.641724127126988E-6     -1.7687165858181909E-6   -13.858495843371312
-3.6210904335242383E-6    -1.8911523583307973E-6   -13.24398298032623
-3.6004567399214884E-6    -2.013588130843404E-6    -12.642935642418555
-3.518307748900346E-6     -1.7979396876102197E-6   -13.852418936236917
-3.4976740552975966E-6    -1.920375460122826E-6    -13.219759918486876
-3.3948913706737047E-6    -1.8271627894022484E-6   -13.79658419455502
-4.771666788298979E-6     -2.1531575821304427E-6   -9.411621841079294
-4.658827059017557E-6     -2.2270762512048284E-6   -9.478787736401376
-4.545987329736135E-6     -2.300994920279214E-6    -9.545953631723656
-4.4331476004547125E-6    -2.3749135893536002E-6   -9.59744699505399
-4.656173305879382E-6     -2.0895393523293604E-6   -10.027268188112243
-4.5433335765979595E-6    -2.163458021403746E-6    -10.094434083434473
-4.4304938473165375E-6    -2.2373766904781318E-6   -10.159094504632353
-4.540679823459783E-6     -2.025921122528278E-6    -10.642914535145804
-4.427840094178361E-6     -2.0998397916026638E-6   -10.720742014211307
-4.425186341040186E-6     -1.9623028927271957E-6   -11.282389523790265
-4.309845504708165E-6     -2.4499630850401664E-6   -9.572176807131925
-4.183889655823442E-6     -2.387475681851264E-6    -10.063023157856986
-4.057933806938719E-6     -2.3249882786623626E-6   -10.553869508582027
-3.931977958053996E-6     -2.2625008754734608E-6   -11.044715859306734
-4.30719175156999E-6      -2.312426186164698E-6    -10.103766620045528
-4.1812359026852665E-6    -2.249938782975796E-6    -10.625758777028805
-4.055280053800543E-6     -2.1874513797868946E-6   -11.147750934012148
-4.304537998431813E-6     -2.17488928728923E-6     -10.678581187491416
-4.178582149547091E-6     -2.112401884100328E-6    -11.200573344475085
-4.301884245293638E-6     -2.037352388413762E-6    -11.253395754937838
-3.275901670980696E-6     -2.2864208832720237E-6   -11.583013453989988
-3.2791430739945195E-6    -2.175926730353953E-6    -12.115841531871911
-3.282384477008343E-6     -2.0654325774358824E-6   -12.661992476511024
-3.285625880022166E-6     -1.9549384245178117E-6   -13.208143421150002
-3.288867283035989E-6     -1.844444271599741E-6    -13.754294365788585
-3.3819257586184118E-6    -2.269139401074531E-6    -11.589896366434214
-3.3851671616322347E-6    -2.15864524815646E-6     -12.118884197983233
-3.3884085646460576E-6    -2.0481510952383893E-6   -12.661531585324866
-3.391649967659881E-6     -1.9376569423203186E-6   -13.204178972666417
-3.487949846256127E-6     -2.251857918877038E-6    -11.58211498530698
-3.49119124926995E-6      -2.141363765958967E-6    -12.116318989099655
-3.4944326522837732E-6    -2.0308696130408965E-6   -12.658966376440736
-3.593973933893842E-6     -2.234576436679545E-6    -11.574333604179957
-3.597215336907665E-6     -2.124082283761474E-6    -12.11375378021521
-3.6999980215315577E-6    -2.217294954482052E-6    -11.566552223051875
-3.1833228985367257E-6    -2.2594655383202554E-6   -11.69819938537833
-3.0907441260927544E-6    -2.2325101933684863E-6   -11.809232117435421
-2.9981653536487836E-6    -2.2055548484167176E-6   -11.92026484949212
-2.905586581204813E-6     -2.1785995034649493E-6   -12.031297581548582
-2.8130078087608422E-6    -2.1516441585131806E-6   -12.11027973356308
-3.1865643015505487E-6    -2.1489713854021843E-6   -12.232691344357319
-3.0939855291065778E-6    -2.1220160404504156E-6   -12.35514903183873
-3.001406756662607E-6     -2.095060695498647E-6    -12.477606719319862
-2.9088279842186364E-6    -2.0681053505468786E-6   -12.569956769894915
-3.189805704564372E-6     -2.0384772324841137E-6   -12.782345846293978
-3.097226932120401E-6     -2.0115218875323454E-6   -12.904803533775054
-3.0046481596764302E-6    -1.9845665425805763E-6   -13.025619773794675
-3.193047107578195E-6     -1.927983079566043E-6    -13.332000348230594
-3.1004683351342245E-6    -1.9010277346142748E-6   -13.481282777694432
-3.1962885105920187E-6    -1.8174889266479726E-6   -13.936945781594343
-2.770144628604398E-6     -2.0526795340302682E-6   -12.581567964496976
-2.727281448447953E-6     -1.9537149095473555E-6   -13.057484245847323
-2.6844182682915088E-6    -1.8547502850644427E-6   -13.533400527197044
-2.6415550881350636E-6    -1.7557856605815301E-6   -14.009316808546684
-2.8659648040621917E-6    -1.969140726063966E-6    -13.040470718133136
-2.8231016239057465E-6    -1.8701761015810533E-6   -13.541092303278147
-2.780238443749302E-6     -1.7712114770981405E-6   -14.041713888423159
-2.9617849795199855E-6    -1.885601918097664E-6    -13.52459991147805
-2.9189217993635407E-6    -1.7866372936147514E-6   -14.025221496622569
-3.0576051549777793E-6    -1.802063110131362E-6    -14.008729104821711
-2.6949495311477747E-6    -2.1556932303919422E-6   -11.97753353526117
-2.5768912535347063E-6    -2.159742302270704E-6    -11.80758986513489
-2.4588329759216383E-6    -2.163791374149466E-6    -11.63764619500934
-2.3407746983085703E-6    -2.1678404460282276E-6   -11.467702524883418
-2.2227164206955023E-6    -2.1718895179069892E-6   -11.26158591209015
-2.6520863509913295E-6    -2.0567286059090294E-6   -12.433455996522387
-2.5340280733782615E-6    -2.0607776777877915E-6   -12.260117588839426
-2.4159697957651935E-6    -2.064826749666553E-6    -12.086779181156237
-2.2979115181521255E-6    -2.068875821545315E-6    -11.882379401989567
-2.6092231708348847E-6    -1.9577639814261167E-6   -12.884666974077225
-2.491164893221817E-6     -1.9618130533048787E-6   -12.711328566394247
-2.373106615608749E-6     -1.965862125183641E-6    -12.531668033593338
-2.5663599906784404E-6    -1.8587993569432043E-6   -13.335877951632652
-2.4483017130653724E-6    -1.862848428821966E-6    -13.180956665197106
-2.523496810521996E-6     -1.759834732460292E-6    -13.830245296800758
-2.1629512973142807E-6    -2.067271630917144E-6    -11.618960743379755
-2.103186173933059E-6     -1.962653743927298E-6    -11.980484331665654
-2.043421050551838E-6     -1.8580358569374527E-6   -12.342007919951001
-1.9836559271706162E-6    -1.7534179699476072E-6   -12.703531508236145
-2.2381463947709043E-6    -1.9642579345554694E-6   -12.246617917323633
-2.1783812713896823E-6    -1.8596400475656237E-6   -12.64191780414076
-2.118616148008461E-6     -1.7550221605757783E-6   -13.03721769095839
-2.313341492227527E-6     -1.861244238193795E-6    -12.920645795292778
-2.253576368846306E-6     -1.7566263512039495E-6   -13.31594568211031
-2.3885365896841508E-6    -1.7582305418321204E-6   -13.594673673262657
3.180654165190124E-8      -1.7784159184382025E-6   -3.3133880774911044
-1.0210918806415075E-7    -1.7777918453568947E-6   -4.120188878130781
-2.3602491778020272E-7    -1.7771677722755871E-6   -4.884577291236905
-3.699406474962547E-7     -1.7765436991942794E-6   -5.648965704342714
-5.038563772123067E-7     -1.775919626112972E-6    -6.408870668808162
-2.518918814126463E-8     -1.889799697967571E-6    -3.4442343820612003
-1.591049178573166E-7     -1.8891756248862634E-6   -4.223647665028189
-2.930206475733686E-7     -1.8885515518049559E-6   -4.988036078134313
-4.2693637728942054E-7    -1.887927478723648E-6    -5.750362098718783
-8.218491793443048E-8     -2.0011834774969395E-6   -3.5750806866308245
-2.1610064765048245E-7    -2.000559404415632E-6    -4.327106451925194
-3.5001637736653444E-7    -1.9999353313343244E-6   -5.091853528629326
-1.3918064772759635E-7    -2.1125672570263084E-6   -3.7059269912003705
-2.730963774436483E-7     -2.111943183945001E-6    -4.433344958540182
-1.961763775207622E-7     -2.223951036555677E-6    -3.81754758198608
-6.215574392140727E-8     -2.2257922678103077E-6   -3.1527732957843075
7.186488967794767E-8      -2.227633499064938E-6    -2.467754593392055
2.058855232773026E-7      -2.2294747303195686E-6   -1.7827358909997224
3.3990615687665756E-7     -2.231315961574199E-6    -1.0977171886073118
-5.160014128241403E-9     -2.1144084882809387E-6   -3.033910575298225
1.2886061947111356E-7     -2.116249719535569E-6    -2.322143993911805
2.628812530704685E-7      -2.1180909507901997E-6   -1.6103774125250696
5.183571566492448E-8      -2.0030247087515698E-6   -2.8756767530554415
1.858563492642794E-7      -2.0048659400062005E-6   -2.1639101716687703
1.0883144545809032E-7     -1.8916409292222013E-6   -2.717442930812972
-1.8492132362250814E-6    -1.758304476974994E-6    -12.305699681588948
-1.9089783596063026E-6    -1.8629223639648395E-6   -11.947339659422495
-1.9687434829875242E-6    -1.967540250954685E-6    -11.619592369669052
-2.0285086063687454E-6    -2.0721581379445306E-6   -11.29184507991612
-2.0882737297499675E-6    -2.176776024934376E-6    -10.94713444895861
-1.7745356686607678E-6    -1.8678088709922262E-6   -11.585137036000312
-1.8343007920419892E-6    -1.9724267579820715E-6   -11.24610600217868
-1.8940659154232108E-6    -2.077044644971917E-6    -10.91835871242567
-1.9538310388044322E-6    -2.1816625319617626E-6   -10.585932061690169
-1.6998581010964542E-6    -1.977313265009458E-6    -10.864574390411793
-1.7596232244776758E-6    -2.0819311519993036E-6   -10.544872344934985
-1.8193883478588974E-6    -2.186549038989149E-6    -10.224729674421493
-1.6251805335321407E-6    -2.0868176590266903E-6   -10.144011744823136
-1.6849456569133624E-6    -2.1914355460165356E-6   -9.863527287153229
-1.5505029659678273E-6    -2.1963220530439224E-6   -9.461934057009998
-1.490904754461806E-6     -2.088326272043386E-6    -9.673823451279588
-1.4313065429557845E-6    -1.9803304910428494E-6   -9.886876415262849
-1.3717083314497632E-6    -1.8723347100423129E-6   -10.099929379246195
-1.3121101199437417E-6    -1.7643389290417766E-6   -10.312982343229894
-1.5655823220261195E-6    -1.9788218780261534E-6   -10.364280886825235
-1.505984110520098E-6     -1.870826097025617E-6    -10.611924261447966
-1.4463858990140767E-6    -1.7628303160250808E-6   -10.859567636071104
-1.6402598895904326E-6    -1.8693174840089215E-6   -11.10417252075839
-1.5806616780844116E-6    -1.7613217030083852E-6   -11.35181589538153
-1.7149374571547463E-6    -1.7598130899916895E-6   -11.844064154692001
-1.1767137101058836E-6    -1.767486826336249E-6    -9.74979745031471
-1.2363119216119051E-6    -1.8754826073367856E-6   -9.552963010845422
-1.2959101331179262E-6    -1.9834783883373217E-6   -9.374500457501865
-1.3555083446239477E-6    -2.091474169337858E-6    -9.196037904158466
-1.4151065561299692E-6    -2.199469950338395E-6    -8.991623639175405
-1.100915511774047E-6     -1.878630504631258E-6    -9.032667952966785
-1.1605137232800681E-6    -1.9866262856317944E-6   -8.84728071199265
-1.2201119347860896E-6    -2.094622066632331E-6    -8.668818158649211
-1.2797101462921111E-6    -2.2026178476328674E-6   -8.48289016484214
-1.0251173134422102E-6    -1.989774182926267E-6    -8.315538455618235
-1.0847155249482313E-6    -2.097769963926803E-6    -8.141598413139825
-1.1443137364542528E-6    -2.20576574492734E-6     -7.974156690508048
-9.493191151103734E-7     -2.1009178612212763E-6   -7.598408958269751
-1.008917326616395E-6     -2.208913642221813E-6    -7.465423216174822
-8.735209167785366E-7     -2.212061539516285E-6    -6.923767408790212
-6.393252850638615E-7     -1.7735417267050935E-6   -7.100706782233951
-7.73672391324367E-7      -1.772028001612882E-6    -7.805152741645461
-9.080194975848726E-7     -1.770514276520671E-6    -8.459491606577329
-1.042366603845378E-6     -1.76900055142846E-6     -9.113830471509276
-6.978741929925303E-7     -1.8831716799078913E-6   -7.058650343587928
-8.322212992530359E-7     -1.88165795481568E-6     -7.730914910733607
-9.665684055135415E-7     -1.880144229723469E-6    -8.385253775665436
-7.564231009211991E-7     -1.9928016331106895E-6   -7.0165939049416295
-8.907702071817046E-7     -1.991287908018478E-6    -7.656677079821496
-8.149720088498679E-7     -2.1024315863134873E-6   -6.974537466295194
-7.380520089269818E-7     -2.2144394389241634E-6   -6.331385344594194
-6.025831010754269E-7     -2.2168173383320417E-6   -5.708546444232693
-4.67114193223872E-7      -2.21919523773992E-6     -5.08570754387088
-3.31645285372317E-7      -2.2215731371477987E-6   -4.462868643509143
-6.79503100998313E-7      -2.1048094857213656E-6   -6.3747620810246906
-5.44034193146758E-7      -2.107187385129244E-6    -5.72854961343588
-4.0856528529520317E-7    -2.109565284537122E-6    -5.082337145847327
-6.209541930696441E-7     -1.995179532518568E-6    -6.384637127404979
-4.854852852180893E-7     -1.997557431926446E-6    -5.738424659816207
-5.624052851409754E-7     -1.8855495793157696E-6   -6.394512173785839
4.1979525236615437E-7     -2.344999027376517E-6    -0.6180470358543781
2.8577461876679936E-7     -2.343157796121887E-6    -1.3064932888514156
1.517539851674444E-7      -2.341316564867256E-6    -1.9647641122492268
1.773335156808952E-8      -2.3394753336126255E-6   -2.6230349356472735
-1.162872820312654E-7     -2.3376341023579956E-6   -3.2837960461074243
3.656637142562962E-7      -2.456840861924205E-6    -0.8050845054113415
2.3164308065694123E-7     -2.4549996306695744E-6   -1.474396853869169
9.762244705758632E-8      -2.453158399414944E-6    -2.1326676772670976
-3.639818654176858E-8     -2.451317168160314E-6    -2.791752385174325
3.1153217614643806E-7     -2.568682696471893E-6    -0.9921219749684618
1.7751154254708314E-7     -2.5668414652172628E-6   -1.642300418886551
4.349090894772822E-8      -2.565000233962632E-6    -2.2997087242408334
2.574006380365799E-7      -2.680524531019581E-6    -1.1791594445253466
1.2338000443722504E-7     -2.6786832997649503E-6   -1.8076650633078912
2.0326909992672184E-7     -2.792366365567269E-6    -1.349261474168452
3.4675403398749147E-7     -2.7953925872219187E-6   -0.7389966275377031
4.902389680482611E-7      -2.7984188088765688E-6   -0.11721206189525625
6.337239021090306E-7      -2.8014450305312185E-6   0.5045725037473869
7.772088361698003E-7      -2.804471252185868E-6    1.1263570693899125
4.0088557209734957E-7     -2.683550752674231E-6    -0.5627557763987941
5.443705061581192E-7      -2.686576974328881E-6    0.08087417574730073
6.878554402188887E-7      -2.6896031959835305E-6   0.7245041278935527
4.5501711020720766E-7     -2.5717089181265427E-6   -0.35658440230183536
5.985020442679773E-7      -2.574735139781193E-6    0.2870455498441599
5.091486483170658E-7      -2.4598670835788548E-6   -0.15041302820534785
6.087758884192902E-7      -3.3451597928267863E-6   0.4529486185800311
6.711594647815461E-7      -3.2376273290295327E-6   0.6930697611057368
7.335430411438021E-7      -3.1300948652322787E-6   0.9486469625717162
7.959266175060579E-7      -3.0225624014350255E-6   1.2042241640387166
8.583101938683139E-7      -2.915029937637772E-6    1.4598013655050885
5.276745307207765E-7      -3.234601107374883E-6    0.11535459641320903
5.900581070830325E-7      -3.127068643577629E-6    0.3537389780588416
6.524416834452883E-7      -3.0195361797803754E-6   0.5994097963182317
7.148252598075443E-7      -2.9120037159831218E-6   0.8450806145773696
4.4657317302226286E-7     -3.1240424219229793E-6   -0.24361933417141035
5.089567493845187E-7      -3.0165099581257257E-6   -5.293828201743709E-4
5.713403257467747E-7      -2.908977494328472E-6    0.24514143543884417
3.654718153237492E-7      -3.013483736471076E-6    -0.6025932647563832
4.2785539168600503E-7     -2.9059512726738224E-6   -0.35479774369991385
2.843704576252355E-7      -2.9029250510191723E-6   -0.9615671953411989
9.378475382737193E-7      -3.0232362887676376E-6   1.7470337254291923
8.754639619114633E-7      -3.130768752564891E-6    1.4815501407548792
8.130803855492075E-7      -3.2383012163621444E-6   1.216066556080658
7.506968091869516E-7      -3.3458336801593985E-6   0.9728646552585047
1.0173848826791248E-6     -3.131442639897503E-6    2.019484513563528
9.55001306316869E-7       -3.2389751036947566E-6   1.7540009288895129
8.926177299546131E-7      -3.34650756749201E-6     1.4955314992431439
1.0969222270845304E-6     -3.2396489910273683E-6   2.2919353016984596
1.0345386507222743E-6     -3.347181454824622E-6    2.0181983432282937
1.1764595714899358E-6     -3.347855342157234E-6    2.5408651872130505
9.975511775454088E-7      -3.896096497939761E-6    1.7559602928358624
1.0617170404878464E-6     -3.7865830442497784E-6   2.001427634769754
1.1258829034302843E-6     -3.6770695905597947E-6   2.2594447368661044
1.1900487663727217E-6     -3.567556136869812E-6    2.5174618389629266
1.2542146293151596E-6     -3.458042683179829E-6    2.7754789410591982
9.197961197201851E-7      -3.7859091569171662E-6   1.5083732748070742
9.839619826626226E-7      -3.676395703227183E-6    1.7537222491052469
1.0481278456050603E-6     -3.5668822495371997E-6   2.008262927600989
1.112293708547498E-6      -3.457368795847217E-6    2.262803606097077
8.420410618949614E-7      -3.6757218158945712E-6   1.249344741389778
9.06206924837399E-7       -3.5662083622045876E-6   1.5008636124405006
9.703727877798367E-7      -3.4566949085146047E-6   1.7554042909361913
7.642860040697376E-7      -3.565534474871976E-6    0.9903162079726782
8.284518670121752E-7      -3.456021021181993E-6    1.2480049757753142
6.865309462445138E-7      -3.4553471338493813E-6   0.7312876745559711
1.33126017398962E-6       -3.5675602446780305E-6   2.975560564634656
1.2670943110471822E-6     -3.6770736983680134E-6   2.714067038937414
1.2029284481047445E-6     -3.786587152057996E-6    2.4525735132397495
1.1387625851623069E-6     -3.89610060574798E-6     2.205620881921174
1.4083057186640803E-6     -3.677077806176232E-6    3.170366168407879
1.3441398557216427E-6     -3.7865912598662153E-6   2.9088726427105316
1.279973992779205E-6      -3.896104713556199E-6    2.6520296660336964
1.4853512633385408E-6     -3.786595367674434E-6    3.365171772181362
1.4211854003961031E-6     -3.896108821364417E-6    3.098438450146336
1.5623968080130012E-6     -3.896112929172636E-6    3.5448472342588198
1.4419398023103671E-6     -4.337941209301911E-6    3.019871181866977
1.5073569056402502E-6     -4.227485166221646E-6    3.2552507838586937
1.5727740089701333E-6     -4.117029123141383E-6    3.4906303858502934
1.6381911123000163E-6     -4.006573080061118E-6    3.726009987842128
1.300728394693469E-6      -4.3379371014936925E-6   2.5903224503080104
1.366145498023352E-6      -4.227481058413428E-6    2.8177222720444335
1.4315626013532351E-6     -4.117025015333164E-6    3.0550538788838963
1.4969797046831182E-6     -4.0065689722529E-6      3.2923854857230963
1.224934090406454E-6      -4.2274769506052095E-6   2.3843657721243208
1.290351193736337E-6      -4.117020907524945E-6    2.618535440130074
1.35576829706622E-6       -4.006564864444681E-6    2.855867046969303
1.149139786119439E-6      -4.1170167997167264E-6   2.1784090939404344
1.214556889449322E-6      -4.006560756636462E-6    2.4193486082152953
1.0733454818324238E-6     -4.006556648828243E-6    1.972452415756627
1.7134560653455513E-6     -4.1176060235661514E-6   3.882688658573593
1.6480389620156682E-6     -4.228062066646416E-6    3.6492610614292795
1.5826218586857852E-6     -4.338518109726679E-6    3.4158334642856145
1.5172047553559021E-6     -4.448974152806944E-6    3.1895972886055173
1.7887210183910863E-6     -4.2286389670711856E-6   4.042261265940118
1.7233039150612032E-6     -4.3390950101514495E-6   3.808833668796084
1.6578868117313202E-6     -4.449551053231714E-6    3.5777531117286236
1.863985971436621E-6      -4.339671910576219E-6    4.201833873306731
1.798568868106738E-6      -4.450127953656483E-6    3.9659089348519663
1.9392509244821562E-6     -4.450704854081253E-6    4.354064757975033
1.738137280190391E-6      -4.779935801377638E-6    3.7412177851155226
1.8051751616209792E-6     -4.6701921522788425E-6   3.9430528685025594
1.8722130430515676E-6     -4.560448503180048E-6    4.14488795188923
1.6644931052455612E-6     -4.669615251854073E-6    3.559741426767268
1.7315309866761496E-6     -4.559871602755278E-6    3.7615765101541263
1.5908489303007318E-6     -4.559294702330508E-6    3.378265068418805
-3.3166709060719415E-6    -2.3564115179796353E-6   -11.28178489532414
-3.4226949937096567E-6    -2.3391300357821426E-6   -11.291186293114825
-3.528719081347372E-6     -2.321848553584649E-6    -11.27818873974448
-3.634743168985087E-6     -2.3045670713871563E-6   -11.265191186373508
-3.740767256622803E-6     -2.2872855891896636E-6   -11.210673804866236
-3.357440141163187E-6     -2.426402152687247E-6    -10.982603818759202
-3.463464228800902E-6     -2.4091206704897538E-6   -10.978816664003649
-3.5694883164386172E-6    -2.391839188292261E-6    -10.965819110632676
-3.6755124040763324E-6    -2.3745577060947684E-6   -10.93042051840386
-3.398209376254432E-6     -2.4963927873948585E-6   -10.683422742193907
-3.504233463892147E-6     -2.4791113051973654E-6   -10.666447034891943
-3.6102575515298626E-6    -2.4618298229998727E-6   -10.650167231941072
-3.438978611345677E-6     -2.56638342210247E-6     -10.384241665628966
-3.5450026989833927E-6    -2.5491019399049774E-6   -10.369913945478697
-3.4797478464369225E-6    -2.6363740568100818E-6   -10.090976450719783
-3.935449887131993E-6     -2.8525596689230074E-6   -8.903639024452898
-3.909564331539449E-6     -2.722050429595318E-6    -9.383082486149746
-3.8836787759469044E-6    -2.591541190267628E-6    -9.897873391292887
-3.857793220354361E-6     -2.4610319509399384E-6   -10.412664296436242
-3.831907664761817E-6     -2.330522711612249E-6    -10.927455201579559
-4.035520180424173E-6     -2.7845378327842197E-6   -8.954750442640169
-4.009634624831628E-6     -2.6540285934565298E-6   -9.444316065552082
-3.983749069239084E-6     -2.5235193541288402E-6   -9.961045108722791
-3.957863513646539E-6     -2.3930101148011503E-6   -10.477774151893714
-4.135590473716351E-6     -2.7165159966454317E-6   -8.99219490458097
-4.109704918123807E-6     -2.5860067573177417E-6   -9.501344564256913
-4.083819362531264E-6     -2.4554975179900526E-6   -10.018073607427544
-4.23566076700853E-6      -2.6484941605066436E-6   -9.029639366521867
-4.209775211415986E-6     -2.5179849211789536E-6   -9.558373062960937
-4.335731060300709E-6     -2.580472324367856E-6    -9.067083828462762
-3.5708882545759366E-6    -2.679611179232667E-6    -9.860384690426063
-3.6361431071224064E-6    -2.5923390623275622E-6   -10.134032215245366
-3.7013979596688767E-6    -2.5050669454224575E-6   -10.395166712430033
-3.7666528122153465E-6    -2.417794828517353E-6    -10.656301209614151
-3.6620286627149507E-6    -2.722848301655252E-6    -9.624986651922061
-3.72728351526142E-6      -2.6355761847501474E-6   -9.88231394531448
-3.792538367807891E-6     -2.5483040678450427E-6   -10.143448442498874
-3.753169070853965E-6     -2.7660854240778374E-6   -9.38958861341851
-3.818423923400435E-6     -2.6788133071727326E-6   -9.630595675383073
-3.844309478992979E-6     -2.809322546500422E-6    -9.154190574915019
-4.7773209781893894E-6    -2.85624857079455E-6     -7.226298531176484
-4.667481685660201E-6     -2.9242927582290024E-6   -7.3197990075365045
-4.557642393131013E-6     -2.992336945663455E-6    -7.413299483896397
-4.447803100601825E-6     -3.0603811330979077E-6   -7.491778278396963
-4.6644812489079665E-6    -2.7873100970117925E-6   -7.695326393583079
-4.554641956378779E-6     -2.8553542844462453E-6   -7.788826869943038
-4.444802663849591E-6     -2.9233984718806973E-6   -7.876616842304085
-4.5516415196265445E-6    -2.718371623229035E-6    -8.164354255989549
-4.441802227097357E-6     -2.7864158106634873E-6   -8.261455406211443
-4.438801790345122E-6     -2.6494331494462782E-6   -8.646293970118723
-4.0385206171764066E-6    -2.9215204940014297E-6   -8.55664007311858
-4.138590910468585E-6     -2.8534986578626416E-6   -8.605624546308528
-4.238661203760764E-6     -2.7854768217238535E-6   -8.623484971485826
-4.338731497052944E-6     -2.7174549855850655E-6   -8.641345396663281
-4.141591347220819E-6     -2.9904813190798516E-6   -8.203377575001987
-4.241661640512998E-6     -2.9224594829410635E-6   -8.229335229718329
-4.341731933805178E-6     -2.8544376468022754E-6   -8.247195654895705
-4.244662077265233E-6     -3.0594421441582735E-6   -7.850115076885588
-4.344732370557412E-6     -2.9914203080194854E-6   -7.8530459131281845
-4.347732807309646E-6     -3.1284029692366954E-6   -7.49685257876919
-3.3842021285544604E-6    -2.6495513012576618E-6   -10.080605827503906
-3.2886564106719974E-6    -2.662728545705241E-6    -10.05690592215844
-3.1931106927895353E-6    -2.675905790152821E-6    -10.033206016812134
-3.097564974907073E-6     -2.6890830346004005E-6   -10.009506111466354
-3.0020192570246106E-6    -2.7022602790479806E-6   -9.950843154441214
-3.343432893463215E-6     -2.5795606665500497E-6   -10.374161037664873
-3.2478871755807525E-6    -2.5927379109976297E-6   -10.346913703222668
-3.15234145769829E-6      -2.6059151554452098E-6   -10.319666368780496
-3.0567957398158283E-6    -2.619092399892789E-6    -10.263644756257483
-3.3026636583719693E-6    -2.509570031842438E-6    -10.660153561683414
-3.207117940489507E-6     -2.5227472762900177E-6   -10.632906227241453
-3.111572222607045E-6     -2.5359245207375977E-6   -10.592625144678674
-3.2618944232807243E-6    -2.4395793971348265E-6   -10.946146085702441
-3.166348705398262E-6     -2.4527566415824065E-6   -10.921605533100333
-3.2211251881894794E-6    -2.3695887624272153E-6   -11.250585921521601
-3.1285464157455085E-6    -2.3426334174754466E-6   -11.368641009954434
-3.0737699329542913E-6    -2.425801296630638E-6    -11.023920091572492
-3.0189934501630737E-6    -2.5089691757858294E-6   -10.679199173190497
-2.9642169673718574E-6    -2.5921370549410207E-6   -10.357930133683666
-3.0359676433015377E-6    -2.3156780725236775E-6   -11.468248786586669
-2.9811911605103205E-6    -2.398845951678869E-6    -11.12352786820432
-2.9264146777191033E-6    -2.4820138308340607E-6   -10.785714657589855
-2.9433888708575668E-6    -2.2887227275719088E-6   -11.567856563218717
-2.8886123880663496E-6    -2.3718906067271004E-6   -11.21349918149577
-2.8508100984135963E-6    -2.2617673826201405E-6   -11.641283705402154
-2.895689976736106E-6     -2.7002066903359285E-6   -9.905066483313044
-2.7893606964476007E-6    -2.698153101623877E-6    -9.840163566178429
-2.6830314161590957E-6    -2.696099512911825E-6    -9.775260649043831
-2.5767021358705907E-6    -2.694045924199773E-6    -9.710357731909058
-2.4703728555820857E-6    -2.691992335487721E-6    -9.614218079047722
-2.857887687083352E-6     -2.590083466228969E-6    -10.315628854923249
-2.751558406794847E-6     -2.588029877516917E-6    -10.249875697287075
-2.645229126506342E-6     -2.585976288804865E-6    -10.18412253965078
-2.5388998462178374E-6    -2.5839227000928133E-6   -10.091186007831276
-2.8200853974305983E-6    -2.4799602421220083E-6   -10.726869207721066
-2.7137561171420933E-6    -2.4779066534099567E-6   -10.661116050084742
-2.6074268368535883E-6    -2.475853064697905E-6    -10.589103806857402
-2.782283107777844E-6     -2.3698370180150484E-6   -11.138109560519057
-2.6759538274893396E-6    -2.3677834293029967E-6   -11.087021605883862
-2.7444808181250913E-6    -2.259713793908089E-6    -11.584939404910283
-2.272247707672819E-6     -2.275910081423136E-6    -10.915990011326008
-2.390305985285887E-6     -2.271861009544374E-6    -11.120882098798699
-2.508364262898955E-6     -2.267811937665612E-6    -11.287431031367001
-2.626422540512023E-6     -2.26376286578685E-6     -11.453979963935302
-2.3217789946501357E-6    -2.379930644939282E-6    -10.588649892994829
-2.4398372722632036E-6    -2.37588157306052E-6     -10.768588943748593
-2.557895549876272E-6     -2.371832501181759E-6    -10.935137876316816
-2.3713102816274523E-6    -2.4839512084554283E-6   -10.261309774664177
-2.4893685592405203E-6    -2.4799021365766667E-6   -10.416295788698172
-2.420841568604769E-6     -2.587971771971575E-6    -9.933969656333232
-2.3457518507204313E-6    -2.699286227907323E-6    -9.418789712350641
-2.221130845858776E-6     -2.7065801203269246E-6   -9.186395876764621
-2.0965098409971215E-6    -2.7138740127465263E-6   -8.954002041178146
-1.9718888361354667E-6    -2.7211679051661275E-6   -8.72160820559177
-1.8472678312738118E-6    -2.7284617975857292E-6   -8.457726908775259
-2.296220563743114E-6     -2.5952656643911762E-6   -9.731132594251994
-2.1715995588814593E-6    -2.602559556810778E-6    -9.491779576916773
-2.046978554019805E-6     -2.6098534492303796E-6   -9.25242655958157
-1.92235754915815E-6      -2.6171473416499813E-6   -8.989048587793395
-2.2466892767657975E-6    -2.49124510087503E-6     -10.033519675863241
-2.1220682719041426E-6    -2.4985389932946317E-6   -9.794166658527967
-1.997447267042488E-6     -2.5058328857142334E-6   -9.549176872448985
-2.197157989788481E-6     -2.387224537358884E-6    -10.335906757474694
-2.072536984926826E-6     -2.3945184297784855E-6   -10.109305157105045
-2.147626702811164E-6     -2.283203973842737E-6    -10.66943344176095
-1.7879148582126152E-6    -2.622033848677368E-6    -8.65666243328797
-1.7285618851514181E-6    -2.5156058997690064E-6   -8.857995814537446
-1.669208912090221E-6     -2.409177950860645E-6    -9.059329195786848
-1.6098559390290242E-6    -2.3027500019522836E-6   -9.26066257703623
-1.8630045760969532E-6    -2.51071939274162E-6     -9.194621696658555
-1.803651603035756E-6     -2.4042914438332585E-6   -9.424219759977518
-1.744298629974559E-6     -2.297863494924897E-6    -9.653817823296206
-1.938094293981291E-6     -2.3994049368058718E-6   -9.77313816702397
-1.878741320920094E-6     -2.2929769878975106E-6   -10.002736230342853
-2.013184011865629E-6     -2.288090480870124E-6    -10.351654637389146
-2.5412440086258884E-7    -2.3339779511511956E-6   -3.9069566460190286
-3.895933087141437E-7     -2.331600051743317E-6    -4.542942070681034
-5.250622165656986E-7     -2.3292221523354386E-6   -5.142407403816031
-6.605311244172534E-7     -2.32684425292756E-6     -5.741872736950557
-7.960000322688084E-7     -2.324466353519682E-6    -6.332032901367059
-3.1207242420441543E-7    -2.4440048657467137E-6   -3.9738989327069456
-4.475413320559703E-7     -2.441626966338835E-6    -4.586396486222481
-5.830102399075252E-7     -2.4392490669309567E-6   -5.185861819357085
-7.1847914775908E-7       -2.4368711675230785E-6   -5.7819343458532835
-3.7002044754624197E-7    -2.554031780342232E-6    -4.04084121939502
-5.054893553977968E-7     -2.5516538809343536E-6   -4.629850901762846
-6.409582632493518E-7     -2.5492759815264753E-6   -5.231835790339469
-4.279684708880686E-7     -2.66405869493775E-6     -4.107783506082819
-5.634373787396235E-7     -2.661680795529872E-6    -4.681737234825889
-4.859164942298952E-7     -2.7740856095332687E-6   -4.165191147146207
-3.480793753985718E-7     -2.7777417607400687E-6   -3.620642811209175
-2.1024225656724837E-7    -2.781397911946869E-6    -3.0557437040312765
-7.2405137735925E-8       -2.785054063153669E-6    -2.4908445968529067
6.543198109539845E-8      -2.7887102143604685E-6   -1.9259454896744979
-2.9013135205674517E-7    -2.66771484614455E-6     -3.5575768066750086
-1.5229423322542175E-7    -2.67137099735135E-6     -2.9734265853538915
-1.4457114394098363E-8    -2.6750271485581503E-6   -2.389276364032617
-2.3218332871491858E-7    -2.557687931549032E-6    -3.467146648839993
-9.434620988359517E-8     -2.561344082755832E-6    -2.8829964275188944
-1.7423530537309199E-7    -2.4476610169535134E-6   -3.376716491005291
-1.712547798996927E-6     -2.7342157367194765E-6   -8.120404283081402
-1.5778277667200418E-6    -2.7399696758532237E-6   -7.746062508257149
-1.4431077344431567E-6    -2.745723614986971E-6    -7.371720733432731
-1.3083877021662716E-6    -2.7514775541207182E-6   -6.9973789586084845
-1.1736676698893867E-6    -2.7572314932544655E-6   -6.59423624679317
-1.6531948259357299E-6    -2.6277877878111153E-6   -8.310771183391049
-1.5184747936588446E-6    -2.6335417269448625E-6   -7.92432272649946
-1.3837547613819597E-6    -2.6392956660786098E-6   -7.537874269607719
-1.2490347291050748E-6    -2.645049605212357E-6    -7.133639122463249
-1.593841852874533E-6     -2.5213598389027536E-6   -8.483839882570795
-1.459121820597648E-6     -2.527113778036501E-6    -8.097391425679435
-1.324401788320763E-6     -2.532867717170248E-6    -7.705906037809569
-1.534488879813336E-6     -2.4149318899943924E-6   -8.656908581751454
-1.399768847536451E-6     -2.4206858291281397E-6   -8.278172953155975
-1.4751359067521393E-6    -2.3085039410860312E-6   -8.850439868502022
-1.1136383192672167E-6    -2.6481975025068293E-6   -6.664879961361166
-1.0536089686450468E-6    -2.5391635117591936E-6   -6.732609601144286
-9.935796180228767E-7     -2.4301295210115574E-6   -6.8003392409268075
-9.335502674007067E-7     -2.3210955302639213E-6   -6.868068880710017
-1.1890053784829047E-6    -2.536015614464721E-6    -7.2106219036732115
-1.1289760278607346E-6    -2.4269816237170847E-6   -7.305391375136014
-1.0689466772385646E-6    -2.3179476329694485E-6   -7.400160846599336
-1.264372437698593E-6     -2.423833726422612E-6    -7.7956385782939766
-1.2043430870764229E-6    -2.314799735674976E-6    -7.890408049757118
-1.339739496914281E-6     -2.3116518383805035E-6   -8.380655252915224
-8.560293828909783E-7     -2.4335003442673177E-6   -6.282037924545368
-9.160587335131484E-7     -2.542534335014954E-6    -6.241348116442724
-9.760880841353184E-7     -2.65156832576259E-6     -6.200658308339608
-1.0361174347574885E-6    -2.760602316510226E-6    -6.137005876278781
-7.7850849838125E-7       -2.545905158270714E-6    -5.737851731112037
-8.385378490034201E-7     -2.6549391490183503E-6   -5.6971619230090385
-8.985671996255901E-7     -2.7639731397659865E-6   -5.649657114069151
-7.009876138715217E-7     -2.6583099722741115E-6   -5.193665537678155
-7.610169644936918E-7     -2.7673439630217477E-6   -5.162308351859323
-6.234667293617936E-7     -2.770714786277508E-6    -4.674959589649928
-4.766857436212951E-6     -3.57468602043825E-6     -5.796592215841419
-4.643554164955091E-6     -3.6527564248706206E-6   -5.918012257015702
-4.52025089369723E-6      -3.730826829302992E-6    -6.039432298189965
-4.396947622439371E-6     -3.808897233735363E-6    -6.144489459553269
-4.657018143683763E-6     -3.4998730650155597E-6   -6.148050984894043
-4.533714872425903E-6     -3.5779434694479306E-6   -6.269471026068319
-4.410411601168042E-6     -3.6560138738803015E-6   -6.384784900154049
-4.547178851154575E-6     -3.425060109592869E-6    -6.49950975394681
-4.4238755798967145E-6    -3.5031305140252402E-6   -6.625080340755101
-4.437339558625387E-6     -3.350247154170179E-6    -6.865375781356155
-4.517844719410823E-6     -4.440116774400274E-6    -5.310358612548404
-4.484254450485791E-6     -4.320532729197811E-6    -5.460771488505658
-4.45066418156076E-6      -4.200948683995349E-6    -5.611184364462735
-4.417073912635729E-6     -4.081364638792887E-6    -5.761597240419773
-4.607557721743652E-6     -4.385319467622583E-6    -5.187138548747758
-4.57396745281862E-6      -4.265735422420121E-6    -5.342080333943436
-4.540377183893589E-6     -4.146151377217658E-6    -5.4970221191390545
-4.69727072407648E-6      -4.330522160844893E-6    -5.0673635660798695
-4.663680455151449E-6     -4.210938115642431E-6    -5.222305351275484
-4.78698372640931E-6      -4.275724854067203E-6    -4.947588583411765
-8.800138335809985E-8     -3.3347933225181253E-6   -2.067793823211785
-2.974728670113552E-8     -3.2263079311279545E-6   -1.935145145712878
2.850680995582883E-8      -3.1178225397377824E-6   -1.794204316022419
8.676090661279315E-8      -3.009337148347612E-6    -1.6532634863316853
1.450150032697575E-7      -2.90085175695744E-6     -1.5123226566411085
-1.6758440553245895E-7    -3.2226517799211544E-6   -2.4609960293678212
-1.093303088754946E-7     -3.1141663885309827E-6   -2.3324001749536354
-5.107621221853025E-8     -3.005680997140811E-6    -2.207045009569786
7.1778844384340896E-9     -2.89719560575064E-6     -2.0816898441864864
-2.47167427706818E-7      -3.1105102373241823E-6   -2.8790562273327827
-1.8891333104985366E-7    -3.002024845934011E-6    -2.7526930026050156
-1.3065923439288933E-7    -2.8935394545438397E-6   -2.6273378372214786
-3.2675044988117703E-7    -2.9983686947272118E-6   -3.2971164252978618
-2.684963532242127E-7     -2.8898833033370397E-6   -3.172985830256631
-4.063334720555362E-7     -2.8862271521302396E-6   -3.7151766232629018
2.2611636096827115E-7     -3.011410442409344E-6    -1.1249239618408324
1.6786226431130682E-7     -3.119895833799515E-6    -1.2814504558386863
1.0960816765434249E-7     -3.2283812251896857E-6   -1.4379769498361155
5.1354070997378146E-8     -3.336866616579858E-6    -1.5740402288416675
3.072177186667848E-7      -3.1219691278612473E-6   -0.7612444615512427
2.489636220098205E-7      -3.2304545192514185E-6   -0.9177709555488728
1.9070952535285615E-7     -3.33893991064159E-6     -1.0682566328905851
3.8831907636529853E-7     -3.2325278133131506E-6   -0.3975649612610481
3.300649797083342E-7      -3.341013204703322E-6    -0.5624730369396205
4.6942043406381214E-7     -3.3430864987650543E-6   -0.05668944098889153
3.0076217391354345E-7     -3.8916758676051984E-6   -0.5019746473013074
3.623649168146928E-7      -3.782372652649516E-6    -0.32041322276001105
4.2396765971584214E-7     -3.673069437693834E-6    -0.13173003770309014
4.855704026169916E-7      -3.5637662227381513E-6   0.05695314735387004
5.471731455181408E-7      -3.4544630077824686E-6   0.24563633241114444
2.230094624592148E-7      -3.780299358587784E-6    -0.7982808345080443
2.846122053603641E-7      -3.6709961436321015E-6   -0.6188550210974493
3.462149482615134E-7      -3.561692928676419E-6    -0.43906782106727577
4.0781769116266283E-7     -3.452389713720736E-6    -0.2592806210366765
1.4525675100488612E-7     -3.6689228495703695E-6   -1.1101053751563503
2.0685949390603544E-7     -3.5596196346146868E-6   -0.9304290186810662
2.6846223680718483E-7     -3.4503164196590045E-6   -0.7506418186508536
6.750403955055747E-8      -3.5575463405529543E-6   -1.421929915805245
1.2910678245170678E-7     -3.4482431255972716E-6   -1.2420030162653573
-1.024867190377121E-8     -3.44616983153554E-6     -1.7337544564539042
6.249282033433646E-7      -3.5646503488050636E-6   0.5243905184135599
5.633254604422151E-7      -3.673953563760746E-6    0.3268113483298461
5.017227175410658E-7      -3.7832567787164285E-6   0.1292321782458873
4.401199746399165E-7      -3.892559993672111E-6    -0.05445581522270264
7.026832611685882E-7      -3.6748376898276585E-6   0.7895889485823597
6.41080518267439E-7       -3.784140904783341E-6    0.5920097784983883
5.794777753662895E-7      -3.893444119739024E-6    0.39865179064832434
7.80438318993812E-7       -3.785025030850253E-6    1.05478737875143
7.188355760926626E-7      -3.894328245805936E-6    0.8517593965193905
8.581933768190358E-7      -3.8952123718728485E-6   1.3048670023903781
7.405192200605005E-7      -4.336565904523928E-6    0.918613470415814
8.047772094317275E-7      -4.226448552877886E-6    1.124276845930718
8.690351988029547E-7      -4.116331201231845E-6    1.329940221445269
9.332931881741816E-7      -4.0062138495858025E-6   1.5356035969598194
6.011614193341274E-7      -4.335681778457015E-6    0.4820123865014743
6.654194087053545E-7      -4.225564426810973E-6    0.6822279350196324
7.296773980765815E-7      -4.115447075164932E-6    0.8847346886332778
7.939353874478086E-7      -4.00532972351889E-6     1.0872414422469918
5.260616079789813E-7      -4.224680300744061E-6    0.23951989299756424
5.903195973502084E-7      -4.114562949098019E-6    0.44129707714426536
6.545775867214355E-7      -4.004445597451978E-6    0.6438038307578713
4.5096179662383544E-7     -4.113678823031107E-6    -0.0029726005061887287
5.152197859950624E-7      -4.003561471385065E-6    0.20036621926833867
3.7586198526868937E-7     -4.0026773453181525E-6   -0.24546509401002026
1.0090874924611969E-6     -4.1166740004742855E-6   1.7532546646367855
9.448295030899695E-7      -4.226791352120327E-6    1.5444346672209266
8.805715137187425E-7      -4.336908703766369E-6    1.3356146698052656
8.163135243475155E-7      -4.44702605541241E-6     1.1339725150473439
1.0848817967482117E-6     -4.227134151362769E-6    1.9659811890891794
1.0206238073769848E-6     -4.33725150300881E-6     1.7571611916736056
9.563658180057577E-7      -4.447368854654851E-6    1.5505454279335835
1.1606761010352268E-6     -4.337594302251251E-6    2.178707713541986
1.0964181116639999E-6     -4.447711653897292E-6    1.9671183408200195
1.2364704053222419E-6     -4.448054453139734E-6    2.3836912537063766
1.0386644724676196E-6     -4.779016101710428E-6    1.7758441793160806
1.1045997834191603E-6     -4.668695552186863E-6    1.975878876016415
1.170535094370701E-6      -4.558375002663298E-6    2.175913572716741
9.645474897609181E-7      -4.668352752944421E-6    1.564279572112709
1.030482800712459E-6      -4.558032203420857E-6    1.7643142688130673
8.904305070542169E-7      -4.557689404178416E-6    1.3527149649091725
-3.4625842171327245E-6    -2.736243761974707E-6    -9.772989161245029
-3.553724625271738E-6     -2.779480884397292E-6    -9.547813132060766
-3.6448650334107523E-6    -2.8227180068198766E-6   -9.328735324984667
-3.7360054415497664E-6    -2.865955129242462E-6    -9.109657517908488
-3.827145849688781E-6     -2.9091922516650475E-6   -8.865001872539622
-3.4454205878285265E-6    -2.8361134671393315E-6   -9.465905778751168
-3.5365609959675406E-6    -2.8793505895619167E-6   -9.247754601331163
-3.6277014041065547E-6    -2.922587711984502E-6    -9.028676794254867
-3.7188418122455687E-6    -2.965824834407087E-6    -8.797280823962083
-3.4282569585243284E-6    -2.935983172303957E-6    -9.15882239625723
-3.519397366663342E-6     -2.979220294726541E-6    -8.94769607060132
-3.6105377748023566E-6    -3.022457417149127E-6    -8.729559775384722
-3.4110933292201304E-6    -3.0358528774685817E-6   -8.85173901376331
-3.5022337373591445E-6    -3.079089999891167E-6    -8.661838726806987
-3.3939296999159324E-6    -3.1357225826332065E-6   -8.570272417927619
-3.367038499250262E-6     -2.7494210064222866E-6   -9.758934907103564
-3.349874869946064E-6     -2.8492907115869115E-6   -9.444826672845487
-3.332711240641866E-6     -2.949160416751536E-6    -9.130718438587694
-3.3155476113376683E-6    -3.0490301219161617E-6   -8.848699524365014
-3.2714927813677994E-6    -2.7625982508698662E-6   -9.738782430853906
-3.2543291520636014E-6    -2.862467956034491E-6    -9.42467419659586
-3.2371655227594033E-6    -2.962337661199116E-6    -9.123498567033899
-3.175947063485337E-6     -2.7757754953174463E-6   -9.71862995460439
-3.1587834341811392E-6    -2.875645200482071E-6    -9.398297609702507
-3.080401345602875E-6     -2.788952739765026E-6    -9.673096652371157
-3.858310213651611E-6     -3.5087820975833536E-6   -7.355718775666559
-3.976808878392101E-6     -3.4464984369297065E-6   -7.3343463800786335
-4.09530754313259E-6      -3.384214776276059E-6    -7.2926233475052555
-4.21380620787308E-6      -3.321931115622412E-6    -7.250900314932073
-4.332304872613569E-6     -3.2596474549687648E-6   -7.20917728235889
-3.963344899663429E-6     -3.5993817967847682E-6   -7.073924449999272
-4.0818435644039175E-6    -3.5370981361311207E-6   -7.04526928416186
-4.200342229144407E-6     -3.474814475477473E-6    -6.990107202678621
-4.318840893884897E-6     -3.4125308148238256E-6   -6.9349451211956135
-4.068379585675246E-6     -3.689981495986182E-6    -6.788938741334363
-4.186878250415736E-6     -3.627697835332535E-6    -6.739555049355397
-4.305376915156226E-6     -3.5654141746788873E-6   -6.6843929678722365
-4.1734142716870635E-6    -3.780581195187596E-6    -6.503953032669276
-4.2919129364275524E-6    -3.7182975345339486E-6   -6.433840814548775
-4.278448957698881E-6     -3.871180894389011E-6    -6.218967324004268
-3.920021952435917E-6     -2.983804154655077E-6    -8.564554597386156
-4.0230926824803295E-6    -3.0527649797334987E-6   -8.223564329126654
-4.126163412524742E-6     -3.1217258048119206E-6   -7.8933286494840775
-4.229234142569157E-6     -3.1906866298903425E-6   -7.5630929698414615
-3.90459401773984E-6      -3.115048640387146E-6    -8.254290638523798
-4.007664747784253E-6     -3.1840094654655677E-6   -7.921612633147299
-4.110735477828667E-6     -3.25297029054399E-6     -7.591376953504741
-3.8891660830437635E-6    -3.2462931261192152E-6   -7.9440266796614365
-3.992236813088177E-6     -3.315253951197637E-6    -7.61966093716813
-3.873738148347687E-6     -3.3775376118512846E-6   -7.633762720799391
-3.4868058026630683E-6    -3.2103344856232363E-6   -8.325466433389913
-3.59510984010628E-6      -3.1537019028811962E-6   -8.411925065499206
-3.703413877549492E-6     -3.097069320139156E-6    -8.466386439000308
-3.8117179149927042E-6    -3.0404367373971165E-6   -8.520847812501804
-3.5796819054102038E-6    -3.284946388613265E-6    -8.083560795582075
-3.687985942853416E-6     -3.2283138058712256E-6   -8.14781021725514
-3.796289980296628E-6     -3.171681223129186E-6    -8.2022715907564
-3.6725580081573393E-6    -3.3595582916032945E-6   -7.841655157774296
-3.7808620456005514E-6    -3.3029257088612545E-6   -7.88369536901092
-3.7654341109044756E-6    -3.4341701945933243E-6   -7.599749519966812
-2.9517122514460185E-6    -2.8097203514986345E-6   -9.594039257099762
-3.0300943400242825E-6    -2.89641281221568E-6     -9.320650782345565
-3.1084764286025466E-6    -2.9831052729327247E-6   -9.065008455016326
-3.1868585171808107E-6    -3.06979773364977E-6     -8.809366127687401
-3.2652406057590757E-6    -3.1564901943668156E-6   -8.53567193745035
-2.9014052458674254E-6    -2.9171804239492885E-6   -9.251500866774386
-2.97978733444569E-6      -3.0038728846663333E-6   -8.993585738302832
-3.0581694230239545E-6    -3.0905653453833786E-6   -8.737943410973985
-3.136551511602218E-6     -3.177257806100424E-6    -8.472554323585058
-2.851098240288833E-6     -3.024640496399942E-6    -8.908962476449048
-2.929480328867097E-6     -3.1113329571169873E-6   -8.666520694260585
-3.0078624174453614E-6    -3.1980254178340326E-6   -8.409436709719582
-2.80079123471024E-6      -3.132100568850596E-6    -8.566424086123595
-2.8791733232885047E-6    -3.2187930295676417E-6   -8.346319095854048
-2.7504842291316476E-6    -3.23956064130125E-6     -8.245273319561159
-2.845382971157513E-6     -2.8076667627865825E-6   -9.547732727892447
-2.7950759655789204E-6    -2.915126835237236E-6    -9.189720991284036
-2.744768960000328E-6     -3.02258690768789E-6     -8.831709254675657
-2.6944619544217356E-6    -3.1300469801385444E-6   -8.505231261481065
-2.7390536908690076E-6    -2.805613174074531E-6    -9.483680051259245
-2.6887466852904154E-6    -2.913073246525185E-6    -9.125668314651097
-2.638439679711823E-6     -3.0205333189758388E-6   -8.778474066210702
-2.6327244105805026E-6    -2.8035595853624784E-6   -9.419627374626884
-2.5824174050019105E-6    -2.9110196578131328E-6   -9.051716870940773
-2.5263951302919985E-6    -2.801505996650427E-6    -9.324959675670362
-2.6259766846555244E-6    -3.2473388647772393E-6   -8.126463844530317
-2.5014691401794007E-6    -3.2551170882532282E-6   -7.980940575705969
-2.376961595703278E-6     -3.2628953117292176E-6   -7.83541730688121
-2.2524540512271542E-6    -3.270673535205206E-6    -7.689894038056433
-2.127946506751031E-6     -3.2784517586811955E-6   -7.51469553059398
-2.569954409945612E-6     -3.1378252036145333E-6   -8.38602382289372
-2.4454468654694887E-6    -3.145603427090522E-6    -8.235282640892562
-2.320939320993365E-6     -3.153381650566511E-6    -8.084541458891284
-2.1964317765172423E-6    -3.1611598740425006E-6   -7.909184434118058
-2.5139321352356996E-6    -3.028311542451827E-6    -8.638550372377445
-2.389424590759576E-6     -3.0360897659278167E-6   -8.487809190376248
-2.264917046283453E-6     -3.0438679894038056E-6   -8.32953079667947
-2.457909860525787E-6     -2.9187978812891213E-6   -8.89107692186168
-2.333402316049664E-6     -2.926576104765111E-6    -8.749877159241528
-2.401887585815875E-6     -2.809284220126416E-6    -9.170223521802782
-1.9034035663692558E-6    -2.8384597898048225E-6   -8.260747162451736
-2.0280245712309107E-6    -2.831165897385221E-6    -8.52053961074809
-2.152645576092565E-6     -2.823872004965619E-6    -8.745974264585504
-2.2772665809542196E-6    -2.8165781125460174E-6   -8.97140891842296
-1.9595393014647E-6       -2.9484577820239157E-6   -8.0719799596204
-2.0841603063263543E-6    -2.941163889604314E-6    -8.308549270947486
-2.208781311188009E-6     -2.9338699971847124E-6   -8.533983924784852
-2.0156750365601434E-6    -3.058455774243009E-6    -7.883212756788881
-2.140296041421798E-6     -3.0511618818234073E-6   -8.096558931146822
-2.0718107716555874E-6    -3.1684537664621022E-6   -7.694445553957387
-1.99537663044816E-6      -3.2835569943158123E-6   -7.284544189842773
-1.862806754145289E-6     -3.288662229950429E-6    -7.021717332435636
-1.7302368778424177E-6    -3.2937674655850454E-6   -6.758890475028236
-1.5976670015395467E-6    -3.2988727012196626E-6   -6.496063617621108
-1.4650971252366756E-6    -3.303977936854279E-6    -6.206032425920032
-1.939240895352716E-6     -3.173559002096719E-6    -7.4596844241104385
-1.806671019049845E-6     -3.178664237731336E-6    -7.189611677814387
-1.674101142746974E-6     -3.183769473365952E-6    -6.919538931518426
-1.541531266444103E-6     -3.1888747090005693E-6   -6.629631192419307
-1.8831051602572722E-6    -3.0635610098776253E-6   -7.625228489972406
-1.7505352839544014E-6    -3.0686662455122425E-6   -7.355155743676455
-1.6179654076515301E-6    -3.073771481146859E-6    -7.079382720384633
-1.8269694251618284E-6    -2.9535630176585325E-6   -7.790772555834628
-1.6943995488589574E-6    -2.9586682532931493E-6   -7.529134248350799
-1.7708336900663848E-6    -2.8435650254394393E-6   -7.978885776316213
-1.2319535609588446E-6    -2.8665807819744282E-6   -6.518017898322091
-1.3666735932357297E-6    -2.860826842840681E-6    -6.914749652664302
-1.5013936255126146E-6    -2.8550729037069338E-6   -7.276984745421505
-1.6361136577894997E-6    -2.8493189645731865E-6   -7.639219838178748
-1.2902394520283022E-6    -2.975930070694391E-6    -6.439053901869272
-1.4249594843051871E-6    -2.9701761315606434E-6   -6.813098501648385
-1.5596795165820725E-6    -2.9644221924268965E-6   -7.175333594405382
-1.34852534309776E-6      -3.0852793594143534E-6   -6.360089905416924
-1.483245375374645E-6     -3.079525420280606E-6    -6.711447350631856
-1.406811234167218E-6     -3.1946286481343166E-6   -6.281125908964435
-1.3284399377704959E-6    -3.307568043442863E-6    -5.861474476263048
-1.1917827503043157E-6    -3.311158150031446E-6    -5.488775623667948
-1.0551255628381362E-6    -3.3147482566200293E-6   -5.116076771073095
-9.18468375371956E-7      -3.3183383632086128E-6   -4.743377918478024
-7.818111879057763E-7     -3.3219284697971962E-6   -4.349105104287626
-1.2701540467010378E-6    -3.1982187547228996E-6   -5.931829032430154
-1.133496859234858E-6     -3.201808861311483E-6    -5.548967353789698
-9.968396717686781E-7     -3.205398967900066E-6    -5.166105675149249
-8.601824843024984E-7     -3.2089890744886504E-6   -4.770981649495044
-1.21186815563158E-6      -3.088869466002937E-6    -5.988105874318635
-1.0752109681654002E-6    -3.0924595725915203E-6   -5.605244195678319
-9.385537806992205E-7     -3.0960496791801038E-6   -5.218866545875505
-1.1535822645621223E-6    -2.979520177282974E-6    -6.0443827162075925
-1.0169250770959425E-6    -2.983110283871558E-6    -5.666751442256006
-1.0952963734926646E-6    -2.8701708885630117E-6   -6.11463633863686
-7.226322491706001E-7     -3.212359897744411E-6    -4.316893413740315
-6.634533104354239E-7     -3.1027913256916252E-6   -4.282268271240223
-6.042743717002476E-7     -2.99322275363884E-6     -4.247643128739659
-5.450954329650715E-7     -2.883654181586054E-6    -4.2130179862397235
-8.010035455673222E-7     -3.0994205024358645E-6   -4.744149435624487
-7.418246068321459E-7     -2.9898519303830786E-6   -4.729579568767864
-6.826456680969697E-7     -2.8802833583302935E-6   -4.715009701911469
-8.793748419640442E-7     -2.9864811071273182E-6   -5.200780707856241
-8.20195903228868E-7      -2.8769125350745327E-6   -5.186210840999889
-9.577461383607662E-7     -2.873541711818772E-6    -5.657411980088538
-4.6551241079071235E-7    -2.9957957241830255E-6   -3.766399841378126
-5.246913495258884E-7     -3.105364296235811E-6    -3.8210802595223874
-5.838702882610647E-7     -3.2149328682885965E-6   -3.8757606776663076
-6.43049226996241E-7      -3.3245014403413825E-6   -3.912484602763686
-3.8592938861635323E-7    -3.107937266779997E-6    -3.3505722730996483
-4.4510832735152943E-7    -3.217505838832783E-6    -3.4052526912437657
-5.042872660867057E-7     -3.327074410885568E-6    -3.454792576355609
-3.0634636644199417E-7    -3.220078809376968E-6    -2.934744704820883
-3.655253051771704E-7     -3.3296473814297537E-6   -2.9971005499469046
-2.2676334426763515E-7    -3.33222035197394E-6     -2.5394085235384742
-3.778057472309669E-6     -4.07986024491495E-6     -6.5234214320153585
-3.7941080205780577E-6    -3.9656446154486305E-6   -6.67634980988991
-3.810158568846446E-6     -3.851428985982311E-6    -6.840573115464575
-3.826209117114835E-6     -3.737213356515992E-6    -7.0047964210394165
-3.842259665383223E-6     -3.622997727049673E-6    -7.169019726614259
-3.899142706589875E-6     -4.056244314650045E-6    -6.424087693775322
-3.9151932548582634E-6    -3.942028685183725E-6    -6.575612798383904
-3.931243803126652E-6     -3.827813055717406E-6    -6.732881043707217
-3.94729435139504E-6      -3.7135974262510865E-6   -6.890149289030447
-4.020227940870081E-6     -4.03262838438514E-6     -6.3136133370846075
-4.0362784891384696E-6    -3.91841275491882E-6     -6.468623861183824
-4.052329037406858E-6     -3.8041971254525015E-6   -6.625892106507111
-4.141313175150287E-6     -4.009012454120234E-6    -6.203138980393325
-4.157363723418675E-6     -3.894796824653915E-6    -6.361634923983502
-4.262398409430493E-6     -3.98539652385533E-6     -6.092664623702317
-4.450303849533423E-6     -4.553683523996982E-6    -5.317054702175792
-4.349172710730991E-6     -4.547666228391227E-6    -5.4581505987602075
-4.248041571928561E-6     -4.541648932785473E-6    -5.5992464953449375
-4.146910433126129E-6     -4.535631637179718E-6    -5.74034239192955
-4.416713580608392E-6     -4.434099478794519E-6    -5.456690676416803
-4.31558244180596E-6      -4.428082183188764E-6    -5.599577659152565
-4.214451303003529E-6     -4.422064887583011E-6    -5.742464641888121
-4.113320164201099E-6     -4.416047591977256E-6    -5.869942133606973
-4.38312331168336E-6      -4.314515433592057E-6    -5.6025746431355685
-4.281992172880929E-6     -4.308498137986303E-6    -5.74546162587114
-4.180861034078499E-6     -4.302480842380548E-6    -5.886373011494908
-4.349533042758329E-6     -4.194931388389595E-6    -5.748458609853798
-4.248401903955898E-6     -4.18891409278384E-6     -5.902803889382883
-4.315942773833299E-6     -4.0753473431871325E-6   -5.919234767270937
-3.831601836712475E-6     -4.169811064246752E-6    -6.386167739451738
-3.9526870709926804E-6    -4.146195133981848E-6    -6.286006286515249
-4.0737723052728866E-6    -4.1225792037169424E-6   -6.1720465103332804
-4.194857539553093E-6     -4.098963273452037E-6    -6.058086734151548
-3.885146201115281E-6     -4.259761883578556E-6    -6.2533748771289845
-4.006231435395486E-6     -4.2361459533136505E-6   -6.142181738540144
-4.127316669675692E-6     -4.212530023048745E-6    -6.028221962358215
-3.938690565518087E-6     -4.3497127029103586E-6   -6.12058201480617
-4.059775799798293E-6     -4.326096772645453E-6    -5.99835719056503
-3.992234929920893E-6     -4.439663522242161E-6    -5.987789152483593
-4.421640750957863E-6     -4.641743360076433E-6    -5.33483709687842
-4.392977652382303E-6     -4.7298031961558856E-6   -5.346371499104112
-4.364314553806744E-6     -4.817863032235339E-6    -5.357905901329766
-4.3205096121554315E-6    -4.635726064470679E-6    -5.474141907312078
-4.291846513579873E-6     -4.7237859005501315E-6   -5.485676309537653
-4.219378473353001E-6     -4.629708768864924E-6    -5.613446717745738
-3.9778955919912E-7       -3.884783496116264E-6    -2.650888277238511
-3.35831924030916E-7      -3.7747854613966362E-6   -2.5385591502185885
-2.738742888627119E-7     -3.6647874266770084E-6   -2.424074816024182
-2.1191665369450793E-7    -3.5547893919573806E-6   -2.3095904818293835
-1.4995901852630385E-7    -3.444791357237753E-6    -2.1951061476348985
-4.745938849404513E-7     -3.7722124908524504E-6   -2.971165558927356
-4.126362497722472E-7     -3.6622144561328226E-6   -2.86250586518448
-3.5067861460404314E-7    -3.5522164214131948E-6   -2.7616372136344705
-2.8872097943583917E-7    -3.442218386693567E-6    -2.6607685620840686
-5.513982106817825E-7     -3.6596414855886368E-6   -3.3096535918801875
-4.894405755135785E-7     -3.549643450869009E-6    -3.206513280028683
-4.2748294034537444E-7    -3.4396454161493815E-6   -3.105644628478654
-6.282025364231138E-7     -3.547070480324823E-6    -3.6481416248333725
-5.662449012549097E-7     -3.4370724456051953E-6   -3.5505206948732795
-7.05006862164445E-7      -3.43449947506101E-6     -3.986629657786321
-7.220630707197523E-8     -3.556167866255168E-6    -1.8622447158666782
-1.3416394224017925E-7    -3.6661659009747953E-6   -1.9903447327057167
-1.9612157740838327E-7    -3.7761639356944227E-6   -2.1184447495448433
-2.5807921257658734E-7    -3.886161970414051E-6    -2.2338265612637374
5.54640438235345E-9       -3.6675443752725826E-6   -1.550169632153864
-5.6411230785850595E-8    -3.77754240999221E-6     -1.678269648992689
-1.1836886595405459E-7    -3.887540444711837E-6    -1.8025874075911663
8.32991158366821E-8       -3.778920884289997E-6    -1.2380945484404657
2.1341480668478058E-8     -3.888918919009625E-6    -1.371348253918163
1.6105182729101075E-7     -3.890297393307412E-6    -0.9401091002455132
4.6829937001828565E-8     -4.333428849628008E-6    -1.1568482443511927
1.1031299622975729E-7     -4.222990604122305E-6    -0.9956122400010963
1.73796055457686E-7       -4.112552358616603E-6    -0.834376235651
2.3727911468561473E-7     -4.002114113110901E-6    -0.6731402313011394
-9.288040962070414E-8     -4.3320503753302205E-6   -1.5730622039998976
-2.9397350392775412E-8    -4.221612129824519E-6    -1.4142209394700183
3.4085708835153315E-8     -4.111173884318816E-6    -1.2608802049014456
9.756876806308203E-8      -4.000735638813114E-6    -1.1075394703325168
-1.691076970153081E-7     -4.220233655526731E-6    -1.8383120399137973
-1.0562463778737938E-7    -4.1097954100210285E-6   -1.6831834116942075
-4.214157855945066E-8     -3.999357164515327E-6    -1.5298426771255758
-2.4533498440991203E-7    -4.108416935723242E-6    -2.10356187582809
-1.818519251819833E-7     -3.997978690217539E-6    -1.9521458839188266
-3.215622718045161E-7     -3.996600215919753E-6    -2.36881171174199
3.123789260407607E-7      -4.113115590823855E-6    -0.41699006993047366
2.48895866812832E-7       -4.223553836329557E-6    -0.5861213440620519
1.8541280758490326E-7     -4.333992081835259E-6    -0.7552526181934275
1.2192974835697456E-7     -4.444430327340962E-6    -0.9177721194263355
3.874787373959067E-7      -4.224117068536809E-6    -0.17293594079878796
3.23995678167978E-7       -4.334555314042511E-6    -0.3420672149303155
2.6051261894004925E-7     -4.444993559548213E-6    -0.5092448336087276
4.625785487510526E-7      -4.335118546249763E-6    0.07111818833299897
3.990954895231239E-7      -4.445556791755465E-6    -0.10071754779104128
5.376783601061987E-7      -4.446120023962717E-6    0.3078097380267236
3.41290850537192E-7       -4.778110070260734E-6    -0.2503502706157169
4.067533537268609E-7      -4.667446721494728E-6    -0.06675112754754776
4.722158569165297E-7      -4.556783372728723E-6    0.11684801552018932
2.6817048314378623E-7     -4.666883489287477E-6    -0.4706202959195274
3.336329863334551E-7      -4.556220140521471E-6    -0.28702115285164104
1.9505011575038038E-7     -4.555656908314219E-6    -0.69089032122377
-3.6644886232797074E-6    -4.0291040775239496E-6   -6.655867934019771
-3.5509197742497452E-6    -3.97834791013295E-6     -6.784809634906029
-3.4373509252197835E-6    -3.92759174274195E-6     -6.913751335792366
-3.3237820761898214E-6    -3.876835575350951E-6    -7.042693036678685
-3.2102132271598597E-6    -3.826079407959951E-6    -7.142142850131975
-3.6805391715480956E-6    -3.914888448057631E-6    -6.8129968662321065
-3.5669703225181335E-6    -3.86413228066663E-6     -6.955895848268548
-3.4534014734881718E-6    -3.813376113275631E-6    -7.098794830305092
-3.33983262445821E-6      -3.762619945884632E-6    -7.214302873682871
-3.696589719816484E-6     -3.8006728185913113E-6   -6.98417523205836
-3.583020870786522E-6     -3.749916651200312E-6    -7.127074214094807
-3.4694520217565604E-6    -3.699160483809312E-6    -7.2569140068617735
-3.712640268084872E-6     -3.6864571891249922E-6   -7.155353597884624
-3.5990714190549104E-6    -3.6357010217339926E-6   -7.299525140040578
-3.728690816353261E-6     -3.5722415596586735E-6   -7.342136273219423
-3.357186405364718E-6     -3.2737939476985558E-6   -8.253450794089165
-3.4500625081118534E-6    -3.3484058506885847E-6   -8.016829864842439
-3.5429386108589893E-6    -3.423017753678614E-6    -7.797133437471025
-3.635814713606125E-6     -3.4976296566686433E-6   -7.57743701009969
-3.320443110813503E-6     -3.411865312763904E-6    -7.964102494321379
-3.4133192135606385E-6    -3.4864772157539335E-6   -7.740190554903075
-3.506195316307775E-6     -3.5610891187439632E-6   -7.520494127531584
-3.2836998162622886E-6    -3.5499366778292534E-6   -7.674754194553731
-3.3765759190094245E-6    -3.6245485808192823E-6   -7.46355124496369
-3.246956521711074E-6     -3.688008042894602E-6    -7.385405894786045
-3.228497311207861E-6     -3.2945615594321644E-6   -8.215562784946604
-3.1917540166566463E-6    -3.432632924497513E-6    -7.913505495350712
-3.155010722105432E-6     -3.5707042895628616E-6   -7.61144820575466
-3.1182674275542174E-6    -3.7087756546282113E-6   -7.352416475602126
-3.099808217051004E-6     -3.315329171165773E-6    -8.16075027392891
-3.0630649224997892E-6    -3.4534005362311215E-6   -7.858692984333
-3.026321627948575E-6     -3.5914719012964707E-6   -7.574299144084126
-2.9711191228941465E-6    -3.3360967828993814E-6   -8.10593776291153
-2.9343758283429325E-6    -3.4741681479647306E-6   -7.7961818125662905
-2.8424300287372903E-6    -3.3568643946329905E-6   -8.01806448104828
-2.6926098383342144E-6    -3.3605996808838456E-6   -7.938318765984901
-2.7845556379398566E-6    -3.4779034342155857E-6   -7.719786026877326
-2.8765014375454985E-6    -3.5952071875473254E-6   -7.5232654684916245
-2.968447237151141E-6     -3.7125109408790655E-6   -7.3267449101056865
-3.060393036756784E-6     -3.8298146942108065E-6   -7.126567396975435
-2.6347354475367803E-6    -3.481638720466441E-6    -7.656007512026028
-2.7266812471424226E-6    -3.598942473798181E-6    -7.454568343551732
-2.8186270467480653E-6    -3.716246227129921E-6    -7.258047785165991
-2.910572846353708E-6     -3.833549980461661E-6    -7.060677275824837
-2.576861056739347E-6     -3.6026777600490365E-6   -7.373696258066848
-2.668806856344989E-6     -3.719981513380776E-6    -7.189350660226189
-2.7607526559506316E-6    -3.837285266712517E-6    -6.994787154674306
-2.518986665941913E-6     -3.7237167996316313E-6   -7.091385004107993
-2.6109324655475558E-6    -3.841020552963371E-6    -6.928897033523786
-2.46111227514448E-6      -3.844755839214227E-6    -6.829959772796876
-2.194579660429721E-6     -3.3917125747878018E-6   -7.369592920387012
-2.3190872049058443E-6    -3.383934351311813E-6    -7.539414879762518
-2.4435947493819675E-6    -3.3761561278358235E-6   -7.67972023541059
-2.5681022938580907E-6    -3.3683779043598345E-6   -7.82002559105886
-2.2612128141084106E-6    -3.504973390894408E-6    -7.231308367797972
-2.3857203585845334E-6    -3.4971951674184187E-6   -7.380315410818141
-2.510227903060657E-6     -3.4894169439424298E-6   -7.520620766466262
-2.3278459677871007E-6    -3.6182342070010144E-6   -7.093023815208772
-2.4523535122632235E-6    -3.6104559835250254E-6   -7.221215941873687
-2.39447912146579E-6      -3.7314950231076206E-6   -6.95473926261986
-2.0572057727909748E-6    -3.3951839965750643E-6   -7.1751804678003825
-2.1238389264696644E-6    -3.5084448126816706E-6   -7.0358204317669
-2.190472080148354E-6     -3.621705628788277E-6    -6.918350795533101
-2.2571052338270436E-6    -3.734966444894883E-6    -6.800881159299478
-2.3237383875057336E-6    -3.8482272610014895E-6   -6.677978839598799
-1.986465038830918E-6     -3.511916234468933E-6    -6.856323464176445
-2.0530981925096077E-6    -3.6251770505755394E-6   -6.731564546874175
-2.1197313461882973E-6    -3.7384378666821457E-6   -6.614094910640462
-2.1863644998669874E-6    -3.851698682788752E-6    -6.495321519223092
-1.915724304870862E-6     -3.6286484723628015E-6   -6.537466460552324
-1.982357458549551E-6     -3.741909288469408E-6    -6.427308661981462
-2.048990612228241E-6     -3.855170104576014E-6    -6.312664198847214
-1.8449835709108052E-6    -3.7453807102566703E-6   -6.218609456928295
-1.9116167245894953E-6    -3.858641526363276E-6    -6.130006878471464
-1.7742428369507488E-6    -3.862112948150539E-6    -5.920391396937163
-1.5269262675794904E-6    -3.4156049391135314E-6   -6.145681003880741
-1.6594961438823615E-6    -3.410499703478914E-6    -6.430327962044759
-1.7920660201852323E-6    -3.4053944678442974E-6   -6.685908930563344
-1.9246358964881035E-6    -3.4002892322096807E-6   -6.941489899081861
-1.5887554099223048E-6    -3.527231941372783E-6    -6.087317723312994
-1.721325286225176E-6     -3.522126705738166E-6    -6.352450808208252
-1.853895162528047E-6     -3.5170214701035495E-6   -6.608031776726503
-1.6505845522651194E-6    -3.638858943632035E-6    -6.028954442745281
-1.7831544285679904E-6    -3.6337537079974183E-6   -6.274573654371175
-1.7124136946079342E-6    -3.750485945891287E-6    -5.970591162177371
-1.3892070439192006E-6    -3.4183185802147335E-6   -5.840315104038915
-1.4510361862620148E-6    -3.529945582473985E-6    -5.784959445037017
-1.5128653286048293E-6    -3.6415725847332367E-6   -5.746110037738368
-1.574694470947644E-6     -3.753199586992489E-6    -5.707260630439797
-1.636523613290459E-6     -3.864826589251741E-6    -5.660390501940615
-1.3133169626017251E-6    -3.532659223575187E-6    -5.497931603043757
-1.3751461049445397E-6    -3.6442862258344396E-6   -5.453303875839154
-1.4369752472873543E-6    -3.755913228093691E-6    -5.414454468540584
-1.4988043896301689E-6    -3.867540230352944E-6    -5.373390410477441
-1.2374268812842496E-6    -3.6469998669356416E-6   -5.155548102048579
-1.2992560236270642E-6    -3.7586268691948932E-6   -5.121648306641083
-1.361085165969879E-6     -3.870253871454145E-6    -5.086390319014003
-1.1615367999667744E-6    -3.761340510296096E-6    -4.813164601053304
-1.2233659423095892E-6    -3.872967512555348E-6    -4.7993902275508304
-1.0856467186492991E-6    -3.87568115365655E-6     -4.490499939574324
-8.425782940544809E-7     -3.4326790065690673E-6   -4.380613687420312
-9.792354815206607E-7     -3.4290888999804834E-6   -4.769213276092996
-1.1158926689868407E-6    -3.4254987933919E-6      -5.131749302642797
-1.2525498564530202E-6    -3.421908686803316E-6    -5.494285329192796
-9.033454002031855E-7     -3.5434295433409375E-6   -4.407185444264131
-1.0400025876693652E-6    -3.539839436752354E-6    -4.77863786985058
-1.1766597751355452E-6    -3.5362493301637706E-6   -5.141173896400264
-9.6411250635189E-7       -3.6541800801128085E-6   -4.433757201108362
-1.1007696938180697E-6    -3.6505899735242247E-6   -4.788062463607497
-1.0248796125005946E-6    -3.7649306168846796E-6   -4.460328957952152
-7.657739683131496E-7     -3.5452500118328805E-6   -4.021581474235578
-8.265410744618542E-7     -3.656000548604751E-6    -4.065300394166005
-8.873081806105587E-7     -3.7667510853766218E-6   -4.109019314096773
-9.480752867592634E-7     -3.877501622148493E-6    -4.142359109292335
-6.889696425718183E-7     -3.6578210170966937E-6   -3.6886128231739357
-7.49736748720523E-7      -3.7685715538685648E-6   -3.732331743104546
-8.105038548692274E-7     -3.879322090640435E-6    -3.7731592818808544
-6.12165316830487E-7      -3.7703920223605074E-6   -3.3556441721121884
-6.729324229791917E-7     -3.8811425591323784E-6   -3.403959454469335
-5.353609910891559E-7     -3.8829630276243215E-6   -3.0347596270582082
-3.70597609705921E-6      -4.156422288849283E-6    -6.490311364698
-3.7595204614620156E-6    -4.2463731081810855E-6   -6.352686466789644
-3.8130648258648212E-6    -4.336323927512888E-6    -6.230925290119277
-3.866609190267628E-6     -4.426274746844691E-6    -6.109164113448913
-3.920153554670433E-6     -4.516225566176494E-6    -5.987981864622125
-3.6338947218087507E-6    -4.232984332783615E-6    -6.456090959008878
-3.6874390862115564E-6    -4.322935152115418E-6    -6.333003517372869
-3.7409834506143625E-6    -4.4128859714472204E-6   -6.211242340702425
-3.7945278150171686E-6    -4.502836790779024E-6    -6.088026664326669
-3.5618133465582915E-6    -4.309546376717948E-6    -6.4218705533197955
-3.615357710961097E-6     -4.399497196049751E-6    -6.313320567956112
-3.6689020753639033E-6    -4.4894480153815536E-6   -6.188071464031372
-3.4897319713078324E-6    -4.3861084206522805E-6   -6.387650147630732
-3.5432763357106385E-6    -4.476059239984084E-6    -6.288116263736017
-3.5924072480292478E-6    -4.105666121458283E-6    -6.621159505672302
-3.5203258727787886E-6    -4.182228165392616E-6    -6.572401643710832
-3.4482444975283294E-6    -4.258790209326947E-6    -6.523643781749313
-3.3761631222778707E-6    -4.335352253261281E-6    -6.490276268157222
-3.4788383989992856E-6    -4.054909954067283E-6    -6.7361439254082525
-3.406757023748827E-6     -4.131471998001616E-6    -6.687386063446789
-3.3346756484983677E-6    -4.208034041935948E-6    -6.643276613128332
-3.3652695499693244E-6    -4.0041537866762825E-6   -6.851128345144452
-3.293188174718865E-6     -4.080715830610616E-6    -6.796276958099501
-3.2517007009393622E-6    -3.953397619285284E-6    -6.9492773030705814
-3.87163294462258E-6      -4.610302697861701E-6    -5.990146921352868
-3.823112334574726E-6     -4.704379829546907E-6    -5.991733050239779
-3.7745917245268726E-6    -4.798456961232115E-6    -5.9933191791268
-3.746007204969315E-6     -4.59691392246423E-6     -6.088158293508375
-3.6974865949214613E-6    -4.690991054149437E-6    -6.089744422395418
-3.6203814653160497E-6    -4.58352514706676E-6     -6.186169665664104
-6.518676054150146E-7     -4.329560753612695E-6    -3.0792139804070597
-5.883480938610409E-7     -4.218366439238586E-6    -2.9731408830066175
-5.248285823070672E-7     -4.10717212486448E-6     -2.867067785606253
-4.613090707530936E-7     -3.995977810490371E-6    -2.7609946882058103
-7.894390373050504E-7     -4.327740285120753E-6    -3.4355144306128818
-7.259195257510767E-7     -4.216545970746644E-6    -3.3289987951919
-6.62400014197103E-7      -4.105351656372537E-6    -3.2349471078162586
-5.988805026431293E-7     -3.994157341998428E-6    -3.1408954204408164
-8.634909576411126E-7     -4.214725502254701E-6    -3.694688064919644
-7.999714460871389E-7     -4.103531187880594E-6    -3.5966591916467827
-7.364519345331653E-7     -3.992336873506486E-6    -3.50260750427124
-9.375428779771747E-7     -4.1017107193886506E-6   -3.953861699226289
-8.74023366423201E-7      -3.990516405014543E-6    -3.8643195881018637
-1.011594798313237E-6     -3.988695936522601E-6    -4.2130353335330515
-3.8508178335848966E-7    -4.1077945302938604E-6   -2.481268840197677
-4.486012949124633E-7     -4.218988844667968E-6    -2.599363347623041
-5.121208064664369E-7     -4.330183159042076E-6    -2.717457855048532
-5.756403180204106E-7     -4.441377473416184E-6    -2.829899350253135
-3.0885449596388566E-7    -4.21961125009735E-6     -2.2197316405939933
-3.7237400751785934E-7    -4.330805564471458E-6    -2.3378261480193108
-4.358935190718329E-7     -4.441999878845565E-6    -2.4543576612927245
-2.326272085692817E-7     -4.331427969900839E-6    -1.9581944409900587
-2.961467201232554E-7     -4.442622284274947E-6    -2.0788159723321176
-1.5639992117467776E-7    -4.443244689704328E-6    -1.7032742833720211
-3.557772766835715E-7     -4.776924432624101E-6    -2.1795918441171205
-2.893181581806069E-7     -4.665697851650843E-6    -2.0230250045304485
-2.2285903967764233E-7    -4.554471270677585E-6    -1.8664581649439045
-4.290649571291845E-7     -4.6650754462214615E-6   -2.394476675421979
-3.6260583862621996E-7    -4.553848865248204E-6    -2.237909835835415
-5.023526375747975E-7     -4.553226459818823E-6    -2.6093615067270437
-3.291527095581024E-6     -4.455591496122315E-6    -6.375415169516595
-3.1654035951046736E-6    -4.448512527658016E-6    -6.379310694066703
-3.0392800946283247E-6    -4.441433559193718E-6    -6.383206218616739
-2.9131565941519744E-6    -4.434354590729419E-6    -6.387101743166813
-3.250039621801521E-6     -4.328273284796982E-6    -6.511773149969389
-3.123916121325171E-6     -4.3211943163326836E-6   -6.517879683412071
-2.9977926208488213E-6    -4.314115347868386E-6    -6.523986216854778
-2.871669120372472E-6     -4.307036379404087E-6    -6.50505958295158
-3.208552148022018E-6     -4.200955073471649E-6    -6.654031558214021
-3.0824286475456685E-6    -4.193876105007351E-6    -6.660138091656765
-2.9563051470693187E-6    -4.186797136543053E-6    -6.6613814133508455
-3.1670646742425154E-6    -4.073636862146317E-6    -6.796289966458857
-3.040941173766166E-6     -4.066557893682019E-6    -6.817703243750287
-3.125577200463013E-6     -3.946318650820985E-6    -6.974025074149612
-2.721848929969396E-6     -4.3107716656549414E-6   -6.443356124793709
-2.656664766263167E-6     -4.194267709044763E-6    -6.537559445662081
-2.591480602556938E-6     -4.077763752434585E-6    -6.631762766530363
-2.526296438850709E-6     -3.961259795824406E-6    -6.725966087398746
-2.806484956666243E-6     -4.190532422793908E-6    -6.593435084240873
-2.7413007929600134E-6    -4.074028466183729E-6    -6.706843752876192
-2.676116629253785E-6     -3.95752450957355E-6     -6.82025242151156
-2.8911209833630897E-6    -4.0702931799328735E-6   -6.769926870237634
-2.8259368196568607E-6    -3.9537892233226955E-6   -6.883335538872893
-2.9757570100599365E-6    -3.950053937071839E-6    -6.94641865623421
-2.650058141787473E-6     -4.427647933870208E-6    -6.281593580182014
-2.5130831898993216E-6    -4.428020245475295E-6    -6.170287712945369
-2.3761082380111694E-6    -4.428392557080383E-6    -6.058981845708603
-2.2391332861230173E-6    -4.428764868685471E-6    -5.947675978471925
-2.5848739780812443E-6    -4.311143977260029E-6    -6.357359946513697
-2.447899026193092E-6     -4.311516288865116E-6    -6.244950941684232
-2.31092407430494E-6      -4.3118886004702036E-6   -6.132541936854815
-2.1739491224167886E-6    -4.312260912075292E-6    -5.997040749087311
-2.519689814375015E-6     -4.19464002064985E-6     -6.432357919615085
-2.382714862486863E-6     -4.195012332254937E-6    -6.3199489147855825
-2.2457399105987114E-6    -4.1953846438600256E-6   -6.200384985812121
-2.454505650668786E-6     -4.078136064039671E-6    -6.507355892716418
-2.3175306987806345E-6    -4.078508375644759E-6    -6.403729222536976
-2.3893214869625568E-6    -3.961632107429493E-6    -6.607073459261812
-2.0365752347780424E-6    -4.315732333862554E-6    -5.821873979935107
-1.970992135321219E-6     -4.202327487434551E-6    -5.844913270977173
-1.9054090358643955E-6    -4.088922641006546E-6    -5.867952562019058
-1.8398259364075721E-6    -3.975517794578542E-6    -5.890991853061161
-2.108366022959965E-6     -4.198856065647288E-6    -6.014701669575393
-2.0427829235031415E-6    -4.0854512192192836E-6   -6.055454773001579
-1.977199824046318E-6     -3.97204637279128E-6     -6.096207876427796
-2.1801568111418874E-6    -4.081979797432021E-6    -6.233983165094292
-2.1145737116850642E-6    -3.968574951004017E-6    -6.274736268520464
-2.2519475993238105E-6    -3.965103529216755E-6    -6.453264660613104
-1.7004006620905405E-6    -3.977884986421898E-6    -5.660347651668255
-1.7659837615473637E-6    -4.0912898328499015E-6   -5.635774457618968
-1.831566861004187E-6     -4.204694679277904E-6    -5.630448978961098
-1.8971499604610104E-6    -4.318099525705909E-6    -5.6251235003031885
-1.962733059917834E-6     -4.4315043721339125E-6   -5.616765422462279
-1.6265584872303316E-6    -4.093657024693255E-6    -5.419098552230545
-1.6921415866871552E-6    -4.207061871121259E-6    -5.407244693450814
-1.7577246861439788E-6    -4.320466717549263E-6    -5.401919214792944
-1.823307785600802E-6     -4.433871563977267E-6    -5.396066225667067
-1.5527163123701236E-6    -4.209429062964614E-6    -5.177849452792599
-1.6182994118269467E-6    -4.322833909392618E-6    -5.178714929282486
-1.6838825112837703E-6    -4.436238755820622E-6    -5.175367028871678
-1.4788741375099147E-6    -4.3252011012359726E-6   -4.936600353354791
-1.5444572369667383E-6    -4.438605947663976E-6    -4.954667832076565
-1.341154913849625E-6     -4.327914742337175E-6    -4.659368916111683
-1.2772778650495435E-6    -4.214856345167018E-6    -4.616816632574069
-1.2134008162494619E-6    -4.101797947996863E-6    -4.5742643490365325
-1.1495237674493807E-6    -3.988739550826706E-6    -4.531712065499233
-1.4149970887098335E-6    -4.212142704065816E-6    -4.890464476617871
-1.351120039909752E-6     -4.09908430689566E-6     -4.863238890298004
-1.2872429911096704E-6    -3.9860259097255035E-6   -4.836013303978117
-1.488839263570042E-6     -4.096370665794458E-6    -5.144432911324999
-1.4249622147699604E-6    -3.983312268624302E-6    -5.11720732500516
-1.5626814384302503E-6    -3.9805986275230994E-6   -5.3984013460326175
-1.0754718471133184E-6    -4.101754333692757E-6    -4.2579179758886845
-1.1393488959133997E-6    -4.214812730862912E-6    -4.315796956644006
-1.2032259447134813E-6    -4.327871128033069E-6    -4.373675937399167
-1.2671029935135627E-6    -4.440929525203226E-6    -4.427415021312209
-1.001419926777256E-6     -4.214769116558807E-6    -4.007231103730517
-1.0652969755773376E-6    -4.327827513728964E-6    -4.0651100844857595
-1.1291740243774192E-6    -4.44088591089912E-6     -4.122021190291489
-9.273680064411939E-7     -4.327783899424857E-6    -3.7565442315720325
-9.912450552412754E-7     -4.4408422965950136E-6   -3.8166273592707096
-8.533160861051319E-7     -4.440798682290908E-6    -3.5112335282501266
-3.2359938035021E-6       -4.5630574032049914E-6   -6.335276166177812
-3.1804605114231767E-6    -4.670523310287668E-6    -6.289236735047063
-3.1249272193442533E-6    -4.777989217370346E-6    -6.243197303916296
-3.1098703030257507E-6    -4.555978434740693E-6    -6.3369606818351825
-3.054337010946827E-6     -4.66344434182337E-6     -6.290921250704414
-2.983746802549401E-6     -4.548899466276395E-6    -6.338645197492593
-1.052191502457404E-6     -4.7763456414988255E-6   -3.8581513278775215
-9.858996970066465E-7     -4.664496655096186E-6    -3.7443041176138605
-9.196078915558891E-7     -4.552647668693546E-6    -3.6304569073503017
-1.12382866614279E-6      -4.664540269400291E-6    -4.046525926741496
-1.0575368606920328E-6    -4.552691282997653E-6    -3.932678716477974
-1.1954658298281766E-6    -4.552734897301758E-6    -4.234900525605808
-2.4434228874939865E-6    -4.771282560511135E-6    -5.972158411972598
-2.3753263537036634E-6    -4.657109996569246E-6    -5.964844607321681
-2.3072298199133404E-6    -4.542937432627358E-6    -5.957530802670793
-2.512301305591815E-6     -4.656737684964159E-6    -6.075047336965614
-2.444204771801492E-6     -4.5425651210222705E-6   -6.067733532314674
-2.5811797236896443E-6    -4.542192809417183E-6    -6.177936261958722
-1.748284203599691E-6     -4.774022063959576E-6    -5.1559253999380985
-1.6803418813887066E-6    -4.6622166918610426E-6   -5.090333766304953
-1.6123995591777225E-6    -4.55041131976251E-6     -5.024742132671729
-1.8197671557057386E-6    -4.659849500017688E-6    -5.308527874385133
-1.7518248334947544E-6    -4.548044127919154E-6    -5.2429362407519795
-1.891250107811786E-6     -4.545676936075801E-6    -5.461130348832246
