4.5376760385319065E-6     -4.6360319336574166E-7   17.24616976061436
4.630140830825526E-6      -3.708825546925934E-7    19.09616439623749
4.722605623119144E-6      -2.78161916019445E-7     20.991000159028438
4.815070415412762E-6      -1.8544127734629663E-7   22.88583592181911
4.907535207706381E-6      -9.272063867314837E-8    24.780671684610414
4.9999999999999996E-6     0                        26.675507447399823
4.49586298688409E-6       -3.708825546925934E-7    17.470530314625826
4.588327779177707E-6      -2.78161916019445E-7     19.33003532976122
4.680792571471327E-6      -1.8544127734629663E-7   21.27427366606203
4.7732573637649446E-6     -9.272063867314832E-8    23.218512002361884
4.865722156058564E-6      -2.573514697821974E-23   25.162750338661656
4.454049935236271E-6      -2.78161916019445E-7     17.681885114388162
4.5465147275298904E-6     -1.854412773462967E-7    19.60718353877501
4.638979519823508E-6      -9.272063867314829E-8    21.55142187507574
4.731444312117127E-6      3.8602720467329623E-23   23.495660211376773
4.412236883588454E-6      -1.8544127734629663E-7   17.893239914150342
4.504701675882073E-6      -9.272063867314833E-8    19.884331747788476
4.597166468175691E-6      3.8602720467329623E-23   21.828570084088806
4.370423831940637E-6      -9.272063867314837E-8    18.104594713912995
4.462888624234256E-6      5.14702939564395E-23     20.161479956801628
4.328610780292819E-6      0                        18.266019432369074
4.630140830825526E-6      -5.137396975497353E-7    17.79695017474324
4.722605623119144E-6      -5.63876201733729E-7     18.31127062176396
4.815070415412762E-6      -6.140127059177226E-7    18.825591068784753
4.907535207706381E-6      -6.641492101017163E-7    19.339911515805944
4.9999999999999996E-6     -7.142857142857099E-7    19.76434476266988
4.722605623119144E-6      -4.21019058876587E-7     19.64454524250096
4.8150704154127615E-6     -4.7115556306058063E-7   20.14964881327447
4.90753520770638E-6       -5.212920672445742E-7    20.654752384048315
5.0E-6                    -5.714285714285679E-7    21.159855954821488
4.815070415412764E-6      -3.282984202034387E-7    21.489978431781697
4.907535207706381E-6      -3.784349243874323E-7    21.995082002555407
4.9999999999999996E-6     -4.2857142857142587E-7   22.50018557333018
4.907535207706381E-6      -2.3557778153029034E-7   23.33541162106347
4.9999999999999996E-6     -2.8571428571428395E-7   23.84051519183761
4.9999999999999996E-6     -1.4285714285714197E-7   25.18084481034378
3.969641288076345E-6      -5.177639182920126E-7    10.346036771920687
4.04143518651964E-6       -4.142111346336101E-7    11.812458332820427
4.113229084962934E-6      -3.106583509752075E-7    13.397302308063932
4.185022983406229E-6      -2.07105567316805E-7     14.982146283308225
4.256816881849525E-6      -1.0355278365840257E-7   16.566990258551257
3.906663619818222E-6      -4.142111346336101E-7    10.003234863005387
3.9784575182615176E-6     -3.1065835097520756E-7   11.495513158115976
4.050251416704812E-6      -2.07105567316805E-7     13.078910207441606
4.122045315148106E-6      -1.0355278365840249E-7   14.662307256767075
4.193839213591402E-6      -2.8741671170396533E-23  16.245704306095387
3.843685951560097E-6      -3.106583509752075E-7    9.603574534537493
3.915479850003393E-6      -2.0710556731680506E-7   11.158455243782178
3.987273748446687E-6      -1.0355278365840248E-7   12.741852293108314
4.059067646889981E-6      4.31125067555948E-23     14.325249342434539
3.7807082833019738E-6     -2.07105567316805E-7     9.203914206069129
3.852502181745269E-6      -1.0355278365840253E-7   10.82139732944759
3.924296080188563E-6      4.31125067555948E-23     12.404794378773849
3.7177306150438507E-6     -1.0355278365840257E-7   8.804253877601788
3.7895245134871458E-6     5.748334234079307E-23    10.484339415112371
3.6547529467857263E-6     0                        8.313590839168706
4.9999999999999996E-6     -1.428571428571425E-6    14.69018398469006
5.0E-6                    -1.285714285714282E-6    15.722154787648856
4.9999999999999996E-6     -1.1428571428571388E-6   16.687758681325516
4.9999999999999996E-6     -9.999999999999957E-7    17.65336257500324
5.0E-6                    -8.571428571428529E-7    18.618966468680235
4.878067173833615E-6      -1.3606303397744208E-6   14.218891124990488
4.878067173833615E-6      -1.2177731969172776E-6   15.1737021154379
4.878067173833615E-6      -1.0749160540601343E-6   16.139306009114954
4.8780671738336144E-6     -9.320589112029913E-7    17.104909902791967
4.878067173833615E-6      -7.892017683458486E-7    18.157329312826107
4.756134347667228E-6      -1.2926892509774158E-6   13.66331663892639
4.756134347667229E-6      -1.149832108120273E-6    14.625249443227533
4.7561343476672285E-6     -1.0069749652631297E-6   15.590853336904544
4.756134347667228E-6      -8.641178224059869E-7    16.577904649804665
4.6342015215008425E-6     -1.2247481621804114E-6   13.107742152861118
4.634201521500843E-6      -1.0818910193232685E-6   14.076796771016253
4.6342015215008425E-6     -9.390338764661255E-7    14.998479986782824
4.512268695334459E-6      -1.1568070733834072E-6   12.552167666797075
4.512268695334459E-6      -1.0139499305262643E-6   13.419055323760617
4.390335869168073E-6      -1.0888659845864027E-6   11.887476035808959
4.9999999999999996E-6     -2.14285714285714E-6     11.044673266714673
5.0E-6                    -1.9999999999999974E-6   11.771621228049796
4.9999999999999996E-6     -1.8571428571428541E-6   12.459121104027602
4.9999999999999996E-6     -1.7142857142857109E-6   13.146620980006148
5.0E-6                    -1.5714285714285683E-6   13.834120855983107
4.883349212999025E-6      -2.0872730891153324E-6   10.640343225702342
4.883349212999025E-6      -1.944415946258189E-6    11.314202463829723
4.883349212999025E-6      -1.8015588034010457E-6   12.001702339807894
4.883349212999025E-6      -1.6587016605439027E-6   12.689202215785908
4.883349212999027E-6      -1.51584451768676E-6     13.459757337017601
4.76669842599805E-6       -2.0316890353735234E-6   10.179239531471904
4.7666984259980514E-6     -1.888831892516381E-6    10.856783699610379
4.766698425998051E-6      -1.7459747496592376E-6   11.544283575588462
4.76669842599805E-6       -1.6031176068020945E-6   12.26251414398569
4.650047638997075E-6      -1.9761049816317152E-6   9.71813583724147
4.650047638997076E-6      -1.8332478387745729E-6   10.399364935390487
4.650047638997075E-6      -1.6903906959174294E-6   11.065270950952929
4.533396851996102E-6      -1.920520927889908E-6    9.257032143011912
4.533396851996102E-6      -1.7776637850327647E-6   9.868027757920569
4.416746064995127E-6      -1.8649368741480998E-6   8.727650826103366
3.3102622589929432E-6     -5.211988214376459E-7    2.0324179988294357
3.3791603965515007E-6     -4.169590571501167E-7    3.1879901848911834
3.4480585341100565E-6     -3.1271929286258747E-7   4.438103646925073
3.516956671668613E-6      -2.084795285750583E-7    5.688217108958648
3.5858548092271705E-6     -1.0423976428752921E-7   6.938330570993958
3.2466241854215098E-6     -4.169590571501167E-7    1.2671555914720087
3.3155223229800672E-6     -3.127192928625875E-7    2.4260392166273204
3.384420460538624E-6      -2.084795285750583E-7    3.652753413717511
3.453318598097179E-6      -1.0423976428752915E-7   4.879467610808333
3.522216735655737E-6      -2.8932346598378504E-23  6.106181807897893
3.1829861118500763E-6     -3.1271929286258747E-7   0.42258626170634084
3.2518842494086338E-6     -2.0847952857505835E-7   1.62734980237597
3.32078238696719E-6       -1.0423976428752911E-7   2.8540639994662946
3.3896805245257457E-6     4.3398519897567756E-23   4.080778196555404
3.119348038278643E-6      -2.084795285750583E-7    -0.4219830680601161
3.1882461758372E-6        -1.0423976428752916E-7   0.8286603881233575
3.2571443133957556E-6     4.3398519897567756E-23   2.055374585212917
3.0557099647072102E-6     -1.0423976428752921E-7   -1.2665523978254685
3.1246081022657664E-6     5.786469319675701E-23    0.029970973872638487
2.992071891135776E-6      0                        -2.2219684272419227
2.665138903374728E-6      -5.301199593326519E-7    -6.335442694915938
2.730525500926938E-6      -4.240959674661215E-7    -5.600381464189037
2.795912098479147E-6      -3.1807197559959107E-7   -4.784095178673413
2.8612986960313563E-6     -2.1204798373306068E-7   -3.9678088931581037
2.926685293583567E-6      -1.0602399186653039E-7   -3.1515226076431104
2.600795879160532E-6      -4.240959674661215E-7    -7.481713460098039
2.6661824767127417E-6     -3.1807197559959107E-7   -6.749418082254266
2.7315690742649516E-6     -2.1204798373306068E-7   -5.977053284635745
2.796955671817161E-6      -1.0602399186653034E-7   -5.204688487017538
2.862342269369371E-6      -2.9427569233223086E-23  -4.432323689399647
2.5364528549463358E-6     -3.1807197559959107E-7   -8.725231683996302
2.6018394524985464E-6     -2.1204798373306078E-7   -7.965715147490319
2.6672260500507554E-6     -1.060239918665303E-7    -7.193350349871603
2.7326126476029648E-6     4.414135384983463E-23    -6.420985552253275
2.4721098307321396E-6     -2.1204798373306068E-7   -9.96874990789646
2.53749642828435E-6       -1.0602399186653037E-7   -9.182012212726686
2.6028830258365592E-6     4.414135384983463E-23    -8.409647415109113
2.407766806517944E-6      -1.0602399186653039E-7   -11.212268131795984
2.473153404070154E-6      5.885513846644617E-23    -10.398309277964948
2.343423782303748E-6      0                        -12.582999617271732
4.420759853169758E-6      -2.534132226978139E-6    6.72114735430175
4.536607882535806E-6      -2.5987343530110824E-6   7.126906383309084
4.652455911901854E-6      -2.6633364790440252E-6   7.484156435410892
4.768303941267903E-6      -2.7279386050769685E-6   7.84140648751261
4.884151970633952E-6      -2.7925407311099123E-6   8.198656539614063
4.9999999999999996E-6     -2.857142857142855E-6    8.515038554337549
4.536607882535806E-6      -2.4558772101539395E-6   7.560778183997099
4.652455911901855E-6      -2.520479336186883E-6    7.962110183591151
4.7683039412679025E-6     -2.5850814622198257E-6   8.312693675532943
4.884151970633951E-6      -2.6496835882527686E-6   8.663277167474567
5.0E-6                    -2.7142857142857127E-6   9.013860659416734
4.652455911901854E-6      -2.3776221933297387E-6   8.426820944006534
4.768303941267904E-6      -2.442224319362683E-6    8.792010000748526
4.884151970633952E-6      -2.5068264453956253E-6   9.142593492690231
4.9999999999999996E-6     -2.5714285714285687E-6   9.493176984632195
4.768303941267903E-6      -2.2993671765055392E-6   9.292863704016703
4.884151970633952E-6      -2.363969302538483E-6    9.62190981790598
4.9999999999999996E-6     -2.428571428571426E-6    9.97249330984798
4.884151970633952E-6      -2.22111215968134E-6     10.158906464026508
4.9999999999999996E-6     -2.2857142857142834E-6   10.451809635063125
4.43948150066583E-6       -3.229361096397607E-6    5.34725477670182
4.5515852005326646E-6     -3.2977745914038E-6      5.675475080097682
4.663688900399498E-6      -3.3661880864099917E-6   5.977589063794965
4.775792600266331E-6      -3.4346015814161844E-6   6.279703047491893
4.887896300133166E-6      -3.5030150764223783E-6   6.581817031189413
4.9999999999999996E-6     -3.57142857142857E-6     6.85512726628271
4.5515852005326646E-6     -3.154917448546657E-6    5.964429914220557
4.663688900399498E-6      -3.22333094355285E-6     6.295182655926797
4.775792600266331E-6      -3.291744438559042E-6    6.5879809733670545
4.887896300133165E-6      -3.3601579335652338E-6   6.880779290807163
5.0E-6                    -3.4285714285714277E-6   7.173577608247172
4.663688900399498E-6      -3.080473800695706E-6    6.5996438517667615
4.775792600266333E-6      -3.1488872957018996E-6   6.902912191200179
4.887896300133165E-6      -3.217300790708092E-6    7.19571050864027
4.9999999999999996E-6     -3.2857142857142836E-6   7.488508826080447
4.775792600266331E-6      -3.0060301528447555E-6   7.234857789313134
4.887896300133165E-6      -3.0744436478509486E-6   7.510641726473702
4.9999999999999996E-6     -3.1428571428571404E-6   7.803440043913722
4.887896300133166E-6      -2.931586504993806E-6    7.870071726859348
4.9999999999999996E-6     -2.9999999999999984E-6   8.118371261747155
2.0132083363862955E-6     -5.40349458964871E-7     -14.465473925620843
2.0792514255697864E-6     -4.3227956717189683E-7   -14.161663789715583
2.145294514753276E-6      -3.2420967537892257E-7   -13.791501306161184
2.211337603936767E-6      -2.1613978358594836E-7   -13.421338822605522
2.2773806931202577E-6     -1.0806989179297424E-7   -13.051176339052073
1.947497000540869E-6      -4.3227956717189683E-7   -15.951706582938039
2.01354008972436E-6       -3.2420967537892257E-7   -15.655092085312745
2.07958317890785E-6       -2.1613978358594836E-7   -15.347639021242065
2.14562626809134E-6       -1.0806989179297417E-7   -15.040185957171389
2.2116693572748318E-6     -2.999542053432729E-23   -14.732732893101657
1.8817856646954422E-6     -3.2420967537892257E-7   -17.546038493918356
1.9478287538789337E-6     -2.161397835859484E-7    -17.24294577391892
2.0138718430624237E-6     -1.0806989179297413E-7   -16.935492709848667
2.0799149322459137E-6     4.4993130801490945E-23   -16.628039645777562
1.8160743288500157E-6     -2.1613978358594836E-7   -19.140370404899308
1.8821174180335065E-6     -1.0806989179297418E-7   -18.830799462526358
1.948160507216997E-6      4.4993130801490945E-23   -18.52334639845568
1.7503629930045898E-6     -1.0806989179297424E-7   -20.734702315877733
1.8164060821880802E-6     5.99908410686546E-23     -20.41865315113253
1.684651657159163E-6      0                        -22.467347821286797
4.9999999999999996E-6     -4.2857142857142855E-6   5.914054890765147
5.0E-6                    -4.142857142857143E-6    6.085821335565555
4.9999999999999996E-6     -3.999999999999999E-6    6.263745943942782
4.9999999999999996E-6     -3.857142857142856E-6    6.441670552320265
5.0E-6                    -3.7142857142857133E-6   6.619595160697611
4.877629682720338E-6      -4.217918461384565E-6    5.596339023777734
4.8776296827203376E-6     -4.075061318527421E-6    5.757215694937414
4.877629682720337E-6      -3.932204175670277E-6    5.935140303314779
4.877629682720337E-6      -3.789347032813134E-6    6.1130649116920655
4.877629682720338E-6      -3.646489889955992E-6    6.32448926992439
4.7552593654406756E-6     -4.1501226370548404E-6   5.259949379726142
4.7552593654406756E-6     -4.007265494197699E-6    5.428610054309628
4.7552593654406756E-6     -3.864408351340556E-6    5.606534662686934
4.7552593654406756E-6     -3.7215512084834124E-6   5.795610835631604
4.6328890481610136E-6     -4.08232681272512E-6     4.923559735674265
4.632889048161014E-6      -3.939469669867977E-6    5.100004413681463
4.6328890481610136E-6     -3.796612527010833E-6    5.266732401339034
4.510518730881353E-6      -4.014530988395398E-6    4.5871700916220615
4.510518730881352E-6      -3.871673845538256E-6    4.737853967046268
4.38814841360169E-6       -3.946735164065676E-6    4.216765518735396
4.5520091442385955E-6     -4.55095216034503E-6     4.365803563691321
4.641607315390876E-6      -4.640761728276023E-6    4.614538270454526
4.731205486543157E-6      -4.7305712962070175E-6   4.858792027535488
4.820803657695437E-6      -4.82038086413801E-6     5.103045784616726
4.91040182884772E-6       -4.910190432069006E-6    5.347299541697767
4.9999999999999996E-6     -4.999999999999999E-6    5.591553298779004
4.641607315390876E-6      -4.497904585418881E-6    4.67630170398316
4.731205486543158E-6      -4.587714153349875E-6    4.920860455689265
4.8208036576954374E-6     -4.677523721280868E-6    5.153923302560209
4.910401828847718E-6      -4.767333289211862E-6    5.386986149431273
5.0E-6                    -4.857142857142857E-6    5.620048996302253
4.731205486543157E-6      -4.444857010492731E-6    4.986509771125629
4.820803657695439E-6      -4.534666578423727E-6    5.218087887643779
4.910401828847719E-6      -4.62447614635472E-6     5.451150734514761
4.9999999999999996E-6     -4.714285714285713E-6    5.684213581385863
4.820803657695437E-6      -4.3918094355665825E-6   5.296717838268413
4.910401828847718E-6      -4.481619003497578E-6    5.515315319598372
4.9999999999999996E-6     -4.57142857142857E-6     5.7483781664693945
4.91040182884772E-6       -4.338761860640435E-6    5.6069259054111775
4.9999999999999996E-6     -4.428571428571428E-6    5.812542751552768
1.3496396318312307E-6     -5.472301007230337E-7    -21.889667794193457
1.4166420368968175E-6     -4.37784080578427E-7     -22.05604824068925
1.4836444419624033E-6     -3.2833806043382014E-7   -22.178046625523038
1.5506468470279898E-6     -2.1889204028921343E-7   -22.300045010357138
1.6176492520935767E-6     -1.0944602014460678E-7   -22.422043395193135
1.281872710444853E-6      -4.37784080578427E-7     -23.637467165461082
1.3488751155104398E-6     -3.283380604338202E-7    -23.81728123517376
1.415877520576026E-6      -2.1889204028921343E-7   -24.018414279121494
1.4828799256416122E-6     -1.0944602014460671E-7   -24.219547323068387
1.5498823307071993E-6     -3.037737287953278E-23   -24.420680367016228
1.2141057890584752E-6     -3.2833806043382014E-7   -25.497492956713682
1.2811081941240621E-6     -2.1889204028921354E-7   -25.69511963599091
1.3481105991896482E-6     -1.0944602014460667E-7   -25.896252679937696
1.4151130042552347E-6     4.556605931929917E-23    -26.097385723885644
1.1463388676720978E-6     -2.1889204028921343E-7   -27.357518747966758
1.2133412727376845E-6     -1.0944602014460674E-7   -27.572958036809112
1.2803436778032708E-6     4.556605931929917E-23    -27.77409108075695
1.0785719462857201E-6     -1.0944602014460678E-7   -29.21754453921951
1.1455743513513068E-6     6.075474575906556E-23    -29.450796437627307
1.0108050248993425E-6     0                        -31.21283282269472
4.40811949545806E-6       -4.999999999999998E-6    3.805041717265752
4.526495596366448E-6      -4.999999999999999E-6    4.174781370562914
4.6448716972748354E-6     -4.999999999999998E-6    4.537891574506613
4.763247798183223E-6      -4.999999999999997E-6    4.901001778450707
4.881623899091612E-6      -4.999999999999999E-6    5.264111982395116
4.436897425214168E-6      -4.910190432069005E-6    3.9098035391696264
4.555273526122556E-6      -4.910190432069004E-6    4.282446907215367
4.673649627030943E-6      -4.9101904320690036E-6   4.645557111159648
4.792025727939331E-6      -4.910190432069004E-6    5.008667315103661
4.4656753549702725E-6     -4.82038086413801E-6     4.022462859641042
4.5840514558786625E-6     -4.820380864138012E-6    4.39011244386843
4.702427556787049E-6      -4.820380864138011E-6    4.753222647812552
4.49445328472638E-6       -4.730571296207016E-6    4.135122180112379
4.6128293856347685E-6     -4.7305712962070175E-6   4.497777980521385
4.523231214482489E-6      -4.640761728276023E-6    4.247781500583795
-4.537143806814342E-6     -4.6004984026882083E-7   -6.6951632949699516
-4.495437201510037E-6     -3.680398722150567E-7    -7.683769770646355
-4.453730596205732E-6     -2.760299041612925E-7    -8.706912103078949
-4.412023990901426E-6     -1.840199361075283E-7    -9.730054435510912
-4.370317385597123E-6     -9.20099680537642E-8     -10.75319676794382
-4.328610780292818E-6     0                        -11.889719983068344
-4.629715045451473E-6     -3.680398722150567E-7    -5.543033272176078
-4.588008440147169E-6     -2.760299041612925E-7    -6.531521196886364
-4.546301834842863E-6     -1.840199361075283E-7    -7.527862037901771
-4.504595229538558E-6     -9.200996805376415E-8    -8.524202878917727
-4.462888624234255E-6     -2.5537896257078508E-23  -9.520543719932103
-4.722286284088605E-6     -2.760299041612925E-7    -4.331692206613933
-4.680579678784301E-6     -1.8401993610752835E-7   -5.331965416510817
-4.638873073479995E-6     -9.200996805376412E-8    -6.3283062575255515
-4.5971664681756904E-6    3.830684438561778E-23    -7.324647098540834
-4.814857522725735E-6     -1.840199361075283E-7    -3.1203511410516294
-4.773150917421431E-6     -9.200996805376416E-8    -4.132409636133294
-4.731444312117127E-6     3.830684438561778E-23    -5.128750477147671
-4.907428761362868E-6     -9.20099680537642E-8     -1.9090100754912187
-4.865722156058563E-6     5.107579251415704E-23    -2.932853855756401
-4.9999999999999996E-6    0                        -0.697669009927337
-4.629715045451473E-6     -5.108970150721987E-7    -5.298317565863668
-4.722286284088605E-6     -4.1888704701843445E-7   -4.133908398468271
-4.814857522725735E-6     -3.268770789646703E-7    -2.9107820477202404
-4.9074287613628675E-6    -2.348671109109061E-7    -1.6876556969741032
-5.0E-6                   -1.4285714285714192E-7   -0.4645293462257571
-4.722286284088605E-6     -5.617441898755763E-7    -3.9279804345201526
-4.814857522725737E-6     -4.697342218218122E-7    -2.716930608456454
-4.9074287613628675E-6    -3.7772425376804796E-7   -1.4938042577093706
-4.9999999999999996E-6    -2.8571428571428374E-7   -0.27067790696134014
-4.814857522725735E-6     -6.125913646789541E-7    -2.5576433031756913
-4.9074287613628675E-6    -5.205813966251899E-7    -1.2999528184447207
-4.9999999999999996E-6    -4.285714285714256E-7    -0.0768264676956609
-4.907428761362868E-6     -6.634385394823318E-7    -1.1873061718305986
-4.9999999999999996E-6    -5.714285714285676E-7    0.11702497156749368
-4.9999999999999996E-6    -7.142857142857094E-7    0.10627291424556438
-3.97392418202002E-6      -5.143780181362552E-7    -13.991408126454216
-3.910089934973163E-6     -4.115024145090042E-7    -15.563389962399679
-3.846255687926304E-6     -3.086268108817531E-7    -17.22488684904984
-3.782421440879446E-6     -2.0575120725450204E-7   -18.886383735701266
-3.7185871938325892E-6    -1.0287560362725108E-7   -20.547880622352217
-3.654752946785732E-6     0                        -22.34014903401002
-4.04486150167458E-6      -4.115024145090042E-7    -13.643679841918278
-3.981027254627722E-6     -3.086268108817531E-7    -15.208925358021316
-3.917193007580864E-6     -2.0575120725450204E-7   -16.871009118758636
-3.853358760534006E-6     -1.0287560362725101E-7   -18.533092879497108
-3.789524513487149E-6     -2.855371595479634E-23   -20.19517664023274
-4.115798821329139E-6     -3.086268108817531E-7    -13.226849832423994
-4.051964574282283E-6     -2.057512072545021E-7    -14.851335395814765
-3.988130327235424E-6     -1.0287560362725097E-7   -16.51341915655187
-3.9242960801885665E-6    4.2830573932194515E-23   -18.175502917290128
-4.186736140983698E-6     -2.0575120725450204E-7   -12.81001982292908
-4.122901893936841E-6     -1.0287560362725102E-7   -14.49374543360684
-4.059067646889983E-6     4.2830573932194515E-23   -16.155829194344363
-4.257673460638259E-6     -1.0287560362725108E-7   -12.393189813435427
-4.193839213591401E-6     5.710743190959269E-23    -14.136155471397652
-3.32316138018497E-6      -5.395920389781269E-7    -21.499869018514147
-3.256943482375137E-6     -4.316736311825015E-7    -23.307914894868865
-3.190725584565303E-6     -3.23755223386876E-7     -25.227503411182653
-3.124507686755469E-6     -2.158368155912507E-7    -27.14709192749692
-3.0582897889456367E-6    -1.0791840779562543E-7   -29.066680443809766
-2.9920718911358034E-6    0                        -31.11435699181652
-3.3894796935051224E-6    -4.316736311825015E-7    -21.70669110044272
-3.323261795695289E-6     -3.237552233868761E-7    -23.529426379880583
-3.257043897885456E-6     -2.1583681559125072E-7   -25.472320822346063
-3.1908260000756226E-6    -1.0791840779562535E-7   -27.415215264811536
-3.1246081022657893E-6    -2.9953375278897563E-23  -29.358109707276387
-3.455798006825274E-6     -3.23755223386876E-7     -21.88071791768919
-3.3895801090154417E-6    -2.1583681559125077E-7   -23.783216416533687
-3.323362211205608E-6     -1.0791840779562532E-7   -25.7261108589986
-3.2571443133957747E-6    4.493006291834635E-23    -27.66900530146432
-3.5221163201454263E-6    -2.158368155912507E-7    -22.05474473493456
-3.4558984223355943E-6    -1.0791840779562537E-7   -24.037006453185523
-3.38968052452576E-6      4.493006291834635E-23    -25.979900895650996
-3.58843463346558E-6      -1.0791840779562543E-7   -22.228771552181193
-3.5222167356557464E-6    5.990675055779514E-23    -24.290796489837987
6.865562168542514E-7      -5.523443942280378E-7    -27.955313988375806
7.514059784632697E-7      -4.4187551538243026E-7   -28.62467318496325
8.162557400722877E-7      -3.314066365368226E-7    -29.282379472920155
8.811055016813058E-7      -2.2093775769121508E-7   -29.94008576087785
9.459552632903243E-7      -1.1046887884560759E-7   -30.597792048837128
6.16631975143357E-7       -4.4187551538243026E-7   -29.84426000385663
6.814817367523753E-7      -3.3140663653682264E-7   -30.533937128396065
7.463314983613932E-7      -2.2093775769121505E-7   -31.28106000865779
8.111812599704116E-7      -1.1046887884560751E-7   -32.02818288891893
8.7603102157943E-7        -3.0661273199730086E-23  -32.77530576918101
5.467077334324624E-7      -3.314066365368226E-7    -31.840900234490995
6.115574950414809E-7      -2.209377576912151E-7    -32.5730079706976
6.76407256650499E-7       -1.1046887884560749E-7   -33.320130850959345
7.412570182595172E-7      4.5991909799595143E-23   -34.06725373122114
4.76783491721568E-7       -2.2093775769121508E-7   -33.83754046512631
5.416332533305864E-7      -1.1046887884560757E-7   -34.61207881299982
6.064830149396046E-7      4.5991909799595143E-23   -35.35920169326127
4.0685925001067384E-7     -1.1046887884560759E-7   -35.834180695761624
4.7170901161969205E-7     6.13225463994602E-23     -36.65114965530361
3.369350082997794E-7      0                        -37.95215125039582
-2.6546029506066715E-6    -5.538889314604318E-7    -27.732291011560545
-2.592367116946084E-6     -4.431111451683455E-7    -29.617962463614894
-2.5301312832854956E-6    -3.3233335887625904E-7   -31.61462503571594
-2.4678954496249075E-6    -2.215555725841727E-7    -33.61128760781604
-2.405659615964321E-6     -1.107777862920864E-7    -35.60795017991614
-2.343423782303733E-6     0                        -37.72498853994863
-2.722096738712498E-6     -4.431111451683455E-7    -28.422288599701737
-2.65986090505191E-6      -3.323333588762591E-7    -30.328323144393835
-2.597625071391322E-6     -2.2155557258417264E-7   -32.36646649618579
-2.535389237730734E-6     -1.1077778629208635E-7   -34.40460984797637
-2.4731534040701473E-6    -3.074701223961983E-23   -36.442753199765995
-2.789590526818324E-6     -3.3233335887625904E-7   -29.103698557571008
-2.727354693157737E-6     -2.2155557258417277E-7   -31.098411460043955
-2.665118859497149E-6     -1.107777862920863E-7    -33.136554811835595
-2.602883025836561E-6     4.6120518359429747E-23   -35.17469816362637
-2.85708431492415E-6      -2.215555725841727E-7    -29.785108515439333
-2.7948484812635627E-6    -1.1077778629208639E-7   -31.86849977569333
-2.7326126476029745E-6    4.6120518359429747E-23   -33.90664312748327
-2.924578103029977E-6     -1.107777862920864E-7    -30.466518473308923
-2.86234226936939E-6      6.149402447923967E-23    -32.63858809134176
-1.9890661767837984E-6    -5.542778460548068E-7    -32.20014381498258
-1.928183272858873E-6     -4.4342227684384544E-7   -34.06396532701433
-1.8673003689339478E-6    -3.32566707632884E-7     -36.02505181921292
-1.8064174650090223E-6    -2.2171113842192267E-7   -37.986138311412304
-1.7455345610840972E-6    -1.1085556921096139E-7   -39.947224803611995
-1.6846516571591717E-6    0                        -42.01032349689796
-2.0599376978877856E-6    -4.4342227684384544E-7   -33.29217856290735
-1.9990547939628603E-6    -3.3256670763288405E-7   -35.18047673671995
-1.9381718900379346E-6    -2.217111384219226E-7    -37.20162631782905
-1.877288986113009E-6     -1.1085556921096133E-7   -39.2227758989381
-1.8164060821880842E-6    -3.076860133648423E-23   -41.24392548004589
-2.130809218991772E-6     -3.32566707632884E-7     -34.402153595173246
-2.0699263150668476E-6    -2.2171113842192274E-7   -36.38207997677046
-2.009043411141922E-6     -1.1085556921096128E-7   -38.403229557878596
-1.9481605072169957E-6    4.615290200472634E-23    -40.42437913898793
-2.201680740095759E-6     -2.2171113842192267E-7   -35.51212862743725
-2.1407978361708335E-6    -1.1085556921096137E-7   -37.58368321681966
-2.079914932245908E-6     4.615290200472634E-23    -39.60483279792744
-2.2725522611997465E-6    -1.1085556921096139E-7   -36.62210365970061
-2.2116693572748207E-6    6.153720267296845E-23    -38.785286456867595
1.8252564994222E-8        -5.560276546394146E-7    -32.28330911958246
8.198905365533351E-8      -4.448221237115317E-7    -33.401514554627255
1.4572554231644494E-7     -3.336165927836487E-7    -34.54030543270207
2.094620309775564E-7      -2.224110618557658E-7    -35.67909631077381
2.7319851963866794E-7     -1.1120553092788294E-7   -36.8178871888476
-5.278494966457932E-8     -4.448221237115317E-7    -34.16726935681916
1.0951538996532184E-8     -3.3361659278364875E-7   -35.31026860800807
7.468802765764366E-8      -2.2241106185576578E-7   -36.54199305926535
1.384245163187551E-7      -1.1120553092788289E-7   -37.773717510521
2.0216100497986666E-7     -3.086573522545014E-23   -39.005441961777116
-1.238224643233806E-7     -3.336165927836487E-7    -36.146006902165006
-6.008597566226912E-8     -2.2241106185576586E-7   -37.35262312264872
3.650512998842365E-9      -1.1120553092788284E-7   -38.584347573905184
6.738700165995383E-8      4.629860283817521E-23    -39.816072025161276
-1.9485997898218188E-7    -2.224110618557658E-7    -38.12474444751095
-1.311234903210704E-7     -1.1120553092788292E-7   -39.39497763728805
-6.738700165995891E-8     4.629860283817521E-23    -40.62670208854543
-2.658974936409832E-7     -1.1120553092788294E-7   -40.10348199285647
-2.0216100497987174E-7    6.173147045090028E-23    -41.437332151928956
-3.369350082997845E-7     0                        -42.179575870855295
-1.3227701960847812E-6    -5.556095781974163E-7    -34.51499730284328
-1.2603771618476946E-6    -4.4448766255793305E-7   -36.25036592943128
-1.1979841276106075E-6    -3.333657469184497E-7    -38.062941256829774
-1.135591093373521E-6     -2.2224383127896647E-7   -39.87551658422881
-1.0731980591364346E-6    -1.1112191563948329E-7   -41.688091911628646
-1.010805024899348E-6     0                        -43.57101618720295
-1.3951464882996596E-6    -4.4448766255793305E-7   -35.97118467534787
-1.3327534540625728E-6    -3.333657469184498E-7    -37.73400470914889
-1.2703604198254857E-6    -2.2224383127896647E-7   -39.624147032261746
-1.2079673855883991E-6    -1.1112191563948321E-7   -41.51428935537649
-1.145574351351313E-6     -3.084252732085215E-23   -43.40443167849093
-1.4675227805145373E-6    -3.333657469184497E-7    -37.47432584020947
-1.4051297462774512E-6    -2.2224383127896655E-7   -39.32662608740751
-1.3427367120403641E-6    -1.1112191563948318E-7   -41.21676841052176
-1.2803436778032773E-6    4.6263790981278223E-23   -43.10691073363527
-1.5398990727294153E-6    -2.2224383127896647E-7   -38.97746700507027
-1.477506038492329E-6     -1.1112191563948326E-7   -40.919247465666444
-1.4151130042552421E-6    4.6263790981278223E-23   -42.80938978878088
-1.6122753649442937E-6    -1.1112191563948329E-7   -40.480608169931216
-1.5498823307072071E-6    6.16850546417043E-23     -42.51186884392522
-6.5238465764988E-7       -5.567246365418635E-7    -34.53713754740984
-5.89294727779861E-7      -4.453797092334908E-7    -36.01780059321058
-5.262047979098418E-7     -3.34034781925118E-7     -37.54969611956531
-4.6311486803982267E-7    -2.2268985461674533E-7   -39.081591645918685
-4.0002493816980366E-7    -1.1134492730837274E-7   -40.6134871722727
-7.240687310997737E-7     -4.453797092334908E-7    -36.271716391392964
-6.609788012297547E-7     -3.3403478192511807E-7   -37.779688607497114
-5.978888713597353E-7     -2.2268985461674538E-7   -39.40038362021142
-5.347989414897164E-7     -1.1134492730837265E-7   -41.02107863292552
-4.7170901161969724E-7    -3.0904425493242426E-23  -42.641773645639624
-7.957528045496672E-7     -3.34034781925118E-7     -38.0801742858276
-7.326628746796482E-7     -2.226898546167454E-7    -39.667868729690284
-6.695729448096288E-7     -1.1134492730837264E-7   -41.28856374240464
-6.064830149396098E-7     4.6356638239863645E-23   -42.90925875511927
-8.674368779995608E-7     -2.2268985461674533E-7   -39.88863218026138
-8.043469481295417E-7     -1.1134492730837269E-7   -41.55604885188292
-7.412570182595225E-7     4.6356638239863645E-23   -43.17674386459734
-9.391209514494544E-7     -1.1134492730837274E-7   -41.69709007469673
-8.760310215794354E-7     6.180885098648486E-23    -43.44422897407635
3.8031762440844383E-6     -4.999999999999998E-6    1.7112816981549344
3.924164894359163E-6      -4.9999999999999996E-6   2.1362468503826846
4.045153544633886E-6      -4.999999999999998E-6    2.5573943163871036
4.166142194908611E-6      -4.999999999999997E-6    2.9785417823916807
4.287130845183336E-6      -4.999999999999998E-6    3.3996892483965735
3.8525584881441425E-6     -4.8989847960049775E-6   1.8969412107852839
3.973547138418866E-6      -4.8989847960049775E-6   2.3234259938308517
4.0945357886935905E-6     -4.898984796004977E-6    2.7445734598357214
4.215524438968315E-6      -4.898984796004977E-6    3.1657209258404557
4.33651308924304E-6       -4.898984796004978E-6    3.5752512944224595
3.901940732203845E-6      -4.7979695920099555E-6   2.0878866188227283
4.02292938247857E-6       -4.797969592009956E-6    2.5106051372798412
4.143918032753294E-6      -4.7979695920099555E-6   2.9317526032843273
4.2649066830280175E-6     -4.7979695920099555E-6   3.3487755962555443
3.9513229762635485E-6     -4.696954388014934E-6    2.2788320268603695
4.072311626538273E-6      -4.696954388014935E-6    2.697784280728222
4.1933002768129965E-6     -4.696954388014934E-6    3.1222998980886283
4.000705220323252E-6      -4.595939184019915E-6    2.469777434897774
4.121693870597977E-6      -4.595939184019915E-6    2.8958241999218317
4.050087464382955E-6      -4.494923980024893E-6    2.66957465321336
-4.9999999999999996E-6    -1.4285714285714244E-6   0.525151872936128
-4.876869963335084E-6     -1.3582849999056344E-6   -0.8229034782578186
-4.753739926670164E-6     -1.2879985712398435E-6   -2.239813610024985
-4.630609890005247E-6     -1.2177121425740535E-6   -3.6567237417923883
-4.507479853340331E-6     -1.1474257139082637E-6   -5.073633873559081
-4.384349816675413E-6     -1.0771392852424735E-6   -6.580519083508122
-5.0E-6                   -1.2857142857142814E-6   0.5567005921430537
-4.876869963335084E-6     -1.2154278570484911E-6   -0.9094306938527682
-4.753739926670165E-6     -1.145141428382701E-6    -2.375561979849362
-4.630609890005247E-6     -1.0748549997169107E-6   -3.8416932658456484
-4.507479853340331E-6     -1.0045685710511209E-6   -5.367408775527283
-4.9999999999999996E-6    -1.1428571428571381E-6   0.40571465003512386
-4.876869963335084E-6     -1.0725707141913483E-6   -1.0604166359614784
-4.753739926670165E-6     -1.0022842855255579E-6   -2.5265479219579143
-4.630609890005248E-6     -9.319978568597676E-7    -4.024563790158034
-4.9999999999999996E-6    -9.999999999999953E-7    0.254728707926405
-4.876869963335083E-6     -9.297135713342053E-7    -1.2114025780692506
-4.753739926670165E-6     -8.594271426684148E-7    -2.6817188047873666
-5.0E-6                   -8.571428571428526E-7    0.10374276581957967
-4.876869963335083E-6     -7.868564284770622E-7    -1.3388738194181187
3.4276384199108892E-6     -4.481127557532294E-6    0.35254115012657344
3.370107563061263E-6      -4.584902046025835E-6    0.12474745417683919
3.3125767062116357E-6     -4.6886765345193755E-6   -0.09360230127870658
3.2550458493620095E-6     -4.792451023012916E-6    -0.31195205673441007
3.1975149925123843E-6     -4.896225511506458E-6    -0.530301812190153
3.1399841356627573E-6     -4.999999999999998E-6    -0.7483702223197897
3.5027459847455998E-6     -4.584902046025835E-6    0.6268926153183907
3.4452151278959732E-6     -4.688676534519376E-6    0.400747606060307
3.387684271046346E-6      -4.7924510230129174E-6   0.18216876308316224
3.3301534141967193E-6     -4.896225511506457E-6    -0.03641007989426156
3.2726225573470936E-6     -4.9999999999999996E-6   -0.2549889228716797
3.577853549580309E-6      -4.6886765345193755E-6   0.8975126752497753
3.5203226927306834E-6     -4.7924510230129174E-6   0.6763793660433882
3.462791835881056E-6      -4.896225511506457E-6    0.4578005230660553
3.4052609790314286E-6     -4.999999999999998E-6    0.23922168008867375
3.6529611144150184E-6     -4.792451023012916E-6    1.1681327351812785
3.5954302575653927E-6     -4.896225511506457E-6    0.9520111260265665
3.5378994007157653E-6     -4.999999999999997E-6    0.733432283049264
3.7280686792497294E-6     -4.896225511506458E-6    1.4387527951124657
3.670537822400102E-6      -4.999999999999999E-6    1.2276428860093807
-4.422841735638636E-6     -1.8249048284425642E-6   -4.301157011715837
-4.53827338851091E-6      -1.7456381484683365E-6   -3.4070434780529055
-4.653705041383182E-6     -1.666371468494108E-6    -2.4468114729701815
-4.769136694255454E-6     -1.5871047885198803E-6   -1.4865794678865107
-4.884568347127727E-6     -1.5078381085456526E-6   -0.5263474628042604
-4.53827338851091E-6      -1.8884952913254794E-6   -3.24510532592202
-4.653705041383182E-6     -1.8092286113512515E-6   -2.353785680490401
-4.769136694255454E-6     -1.7299619313770233E-6   -1.4077860298892317
-4.884568347127726E-6     -1.6506952514027955E-6   -0.46178637928806265
-5.0E-6                   -1.5714285714285676E-6   0.4842132713129487
-4.653705041383182E-6     -1.952085754208394E-6    -2.234816471710803
-4.769136694255455E-6     -1.8728190742341667E-6   -1.3110150703681804
-4.884568347127727E-6     -1.7935523942599385E-6   -0.36501541976669566
-4.9999999999999996E-6    -1.71428571428571E-6     0.580984230834789
-4.769136694255454E-6     -2.015676217091309E-6    -1.2245276174995081
-4.884568347127727E-6     -1.9364095371170815E-6   -0.268244460245384
-4.9999999999999996E-6    -1.8571428571428529E-6   0.6777551903556827
-4.884568347127727E-6     -2.0792666799742248E-6   -0.2142387632882919
-4.9999999999999996E-6    -1.999999999999997E-6    0.7745261498767341
-4.9999999999999996E-6    -2.1428571428571393E-6   0.7510698455604259
2.7660415329607325E-6     -4.463935242408225E-6    -2.2028460495616127
2.7013614270058835E-6     -4.571148193926581E-6    -2.435234648754089
2.636681321051033E-6      -4.6783611454449345E-6   -2.661532888030238
2.572001215096183E-6      -4.785574096963289E-6    -2.8878311273065442
2.507321109141334E-6      -4.8927870484816445E-6   -3.1141293665827323
2.4426410031864844E-6     -4.999999999999998E-6    -3.345022908807183
2.8408300535011378E-6     -4.571148193926581E-6    -1.9047553153656795
2.7761499475462884E-6     -4.6783611454449345E-6   -2.137365522534441
2.711469841591438E-6      -4.7855740969632895E-6   -2.369237900576617
2.6467897356365884E-6     -4.8927870484816445E-6   -2.601110278619238
2.5821096296817395E-6     -4.9999999999999996E-6   -2.8329826566612835
2.9156185740415414E-6     -4.6783611454449345E-6   -1.6155553791654103
2.850938468086693E-6      -4.78557409696329E-6     -1.847944119328683
2.786258362131843E-6      -4.8927870484816445E-6   -2.0798164973709703
2.7215782561769933E-6     -4.999999999999998E-6    -2.31168887541354
2.9904070945819467E-6     -4.785574096963289E-6    -1.3263554429648643
2.9257269886270977E-6     -4.892787048481644E-6    -1.5585227161228326
2.861046882672248E-6      -4.999999999999997E-6    -1.7903950941649291
3.0651956151223524E-6     -4.8927870484816445E-6   -1.0371555067643974
3.000515509167503E-6      -4.999999999999999E-6    -1.269101312916634
-4.435523858822378E-6     -2.5124920299744507E-6   -3.0185876086635175
-4.548419087057902E-6     -2.4385650525509887E-6   -2.320539041126448
-4.661314315293426E-6     -2.364638075127526E-6    -1.567665227434242
-4.7742095435289504E-6    -2.290711097704064E-6    -0.8147914137429033
-4.887104771764475E-6     -2.216784120280602E-6    -0.061917600050302515
-4.548419087057902E-6     -2.581422195408132E-6    -2.2089493389220136
-4.661314315293426E-6     -2.5074952179846695E-6   -1.50366556993828
-4.7742095435289504E-6    -2.433568240561207E-6    -0.76145547365591
-4.887104771764474E-6     -2.3596412631377446E-6   -0.019245377373382534
-5.0E-6                   -2.2857142857142826E-6   0.7229647189089083
-4.661314315293426E-6     -2.6503523608418123E-6   -1.4264889237467033
-4.774209543528951E-6     -2.5764253834183507E-6   -0.699600109581247
-4.887104771764475E-6     -2.502498405994888E-6    0.042609986701201676
-4.9999999999999996E-6    -2.4285714285714254E-6   0.7848200829834926
-4.7742095435289504E-6    -2.719282526275493E-6    -0.6440285085715509
-4.887104771764475E-6     -2.6453555488520315E-6   0.10446535077583831
-4.9999999999999996E-6    -2.5714285714285687E-6   0.8466754470583924
-4.887104771764475E-6     -2.7882126917091743E-6   0.13843190660423266
-4.9999999999999996E-6    -2.714285714285712E-6    0.9085308111331344
-4.9999999999999996E-6    -2.8571428571428547E-6   0.8897173848400622
2.078936352865205E-6      -4.455772326575702E-6    -4.769753788358846
2.0120977970330903E-6     -4.5646178612605615E-6   -4.9668873460570175
1.9452592412009756E-6     -4.67346339594542E-6     -5.163067234688711
1.8784206853688609E-6     -4.782308930630279E-6    -5.359247123320838
1.811582129536747E-6      -4.89115446531514E-6     -5.55542701195263
1.7447435737046323E-6     -4.999999999999998E-6    -5.76094564303335
2.1516772829294616E-6     -4.5646178612605615E-6   -4.472977450651233
2.084838727097347E-6      -4.67346339594542E-6     -4.672336417842086
2.018000171265232E-6      -4.78230893063028E-6     -4.879590092327032
1.951161615433117E-6      -4.891154465315138E-6    -5.0868437668121995
1.884323059601003E-6      -4.9999999999999996E-6   -5.29409744129712
2.224418212993717E-6      -4.67346339594542E-6     -4.189832124052197
2.1575796571616026E-6     -4.7823089306302805E-6   -4.394619110678765
2.0907411013294874E-6     -4.891154465315139E-6    -4.601872785163826
2.023902545497373E-6      -4.999999999999998E-6    -4.809126459648732
2.297159143057972E-6      -4.782308930630279E-6    -3.906686797453496
2.2303205872258583E-6     -4.891154465315139E-6    -4.116901803515201
2.163482031393743E-6      -4.999999999999997E-6    -4.324155478000186
2.3699000731222287E-6     -4.89115446531514E-6     -3.623541470854775
2.303061517290114E-6      -4.999999999999999E-6    -3.8391844963521145
-4.450833847103532E-6     -3.1974338412321056E-6   -2.1509654151158712
-4.5606670776828256E-6    -3.1293756444142557E-6   -1.575758403930779
-4.670500308262119E-6     -3.061317447596405E-6    -0.9694730555341787
-4.780333538841411E-6     -2.993259250778555E-6    -0.36318770713755855
-4.890166769420707E-6     -2.9252010539607055E-6   0.24309764125925892
-4.5606670776828256E-6    -3.272232787271399E-6    -1.5082612878783899
-4.67050030826212E-6      -3.2041745904535486E-6   -0.931498911496288
-4.780333538841412E-6     -3.1361163936356982E-6   -0.3329117964081374
-4.8901667694207054E-6    -3.0680581968178475E-6   0.2656753186802499
-5.0E-6                   -2.999999999999998E-6    0.8642624337683217
-4.670500308262119E-6     -3.3470317333106905E-6   -0.8873061004586738
-4.780333538841414E-6     -3.278973536492842E-6    -0.2960168735991415
-4.890166769420706E-6     -3.2109153396749907E-6   0.30257024148936795
-4.9999999999999996E-6    -3.14285714285714E-6     0.9011573565774754
-4.780333538841411E-6     -3.421830679349984E-6    -0.26635091303903646
-4.8901667694207054E-6    -3.353772482532134E-6    0.33946516429816287
-4.9999999999999996E-6    -3.285714285714283E-6    0.938052279386353
-4.890166769420707E-6     -3.4966296253892776E-6   0.3546042743807191
-4.9999999999999996E-6    -3.428571428571427E-6    0.9749472021953489
-4.9999999999999996E-6    -3.5714285714285697E-6   0.9549018390045158
-4.9999999999999996E-6    -4.285714285714285E-6    0.9872030259593858
-4.876698484488019E-6     -4.220930163393204E-6    0.4077291043253395
-4.753396968976035E-6     -4.15614604107212E-6     -0.17945464122852478
-4.630095453464053E-6     -4.091361918751039E-6    -0.7666383867825666
-4.506793937952073E-6     -4.026577796429959E-6    -1.3538221323365098
-4.383492422440091E-6     -3.961793674108877E-6    -1.9455239519879164
-5.0E-6                   -4.142857142857142E-6    0.9937936580843794
-4.876698484488018E-6     -4.07807302053606E-6     0.39697940884465666
-4.753396968976036E-6     -4.013288898214978E-6    -0.1998348403952239
-4.630095453464054E-6     -3.9485047758938955E-6   -0.7966490896350176
-4.506793937952073E-6     -3.883720653572816E-6    -1.397434607814349
-4.9999999999999996E-6    -3.999999999999998E-6    0.9737418919163255
-4.876698484488019E-6     -3.935215877678918E-6    0.3769276426764825
-4.753396968976037E-6     -3.870431755357835E-6    -0.21988660656339606
-4.630095453464054E-6     -3.8056476330367535E-6   -0.8164680318594537
-4.9999999999999996E-6    -3.857142857142855E-6    0.9536901257490606
-4.8766984844880174E-6    -3.7923587348217743E-6   0.35687587650862784
-4.753396968976035E-6     -3.7275746125006917E-6   -0.2355014559048147
-5.0E-6                   -3.7142857142857133E-6   0.9336383595810068
-4.876698484488019E-6     -3.6495015919646315E-6   0.34546512004978486
-4.5514360093472765E-6    -4.559701129823924E-6    -0.9960590698118622
-4.6411488074778215E-6    -4.504903761001997E-6    -0.6048694447137517
-4.730861605608366E-6     -4.450106392180068E-6    -0.21018162683233488
-4.82057440373891E-6      -4.39530902335814E-6     0.18450619104916077
-4.9102872018694555E-6    -4.340511654536213E-6    0.5791940089309325
-4.6411488074778215E-6    -4.647760903859139E-6    -0.5993797629511936
-4.730861605608366E-6     -4.5929635350372104E-6   -0.20867394109194476
-4.82057440373891E-6      -4.538166166215282E-6    0.18602123696759784
-4.910287201869455E-6     -4.483368797393354E-6    0.5807164150269037
-5.0E-6                   -4.4285714285714274E-6   0.9754115930864069
-4.730861605608366E-6     -4.735820677894353E-6    -0.20398864816765222
-4.820574403738911E-6     -4.681023309072427E-6    0.18964945193504393
-4.910287201869455E-6     -4.6262259402504985E-6   0.5843446299948627
-4.9999999999999996E-6    -4.571428571428569E-6    0.9790398080536558
-4.82057440373891E-6      -4.823880451929568E-6    0.19140246661624416
-4.910287201869455E-6     -4.7690830831076405E-6   0.5879728449624391
-4.9999999999999996E-6    -4.714285714285711E-6    0.9826680230218514
-4.9102872018694555E-6    -4.911940225964784E-6    0.5867935813999827
-4.9999999999999996E-6    -4.857142857142856E-6    0.9862962379894948
-4.9999999999999996E-6    -4.999999999999999E-6    0.9821846961839975
1.3801182740109053E-6     -4.4515533765972E-6      -7.092996062454746
1.3134638480532804E-6     -4.56124270127776E-6     -7.229657518615415
1.2468094220956552E-6     -4.67093202595832E-6     -7.37121817432822
1.18015499613803E-6       -4.780621350638878E-6    -7.5127788300412215
1.1135005701804055E-6     -4.8903106753194384E-6   -7.654339485754106
1.0468461442227802E-6     -4.999999999999998E-6    -7.80957828220427
1.4530433339496508E-6     -4.56124270127776E-6     -6.811185076308742
1.3863889079920256E-6     -4.67093202595832E-6     -6.951875766567969
1.3197344820344007E-6     -4.780621350638879E-6    -7.109286603433067
1.2530800560767757E-6     -4.8903106753194384E-6   -7.266697440297942
1.1864256301191508E-6     -4.9999999999999996E-6   -7.4241082771631834
1.5259683938883958E-6     -4.67093202595832E-6     -6.546359870501061
1.4593139679307712E-6     -4.780621350638881E-6    -6.698165316125257
1.392659541973146E-6      -4.8903106753194384E-6   -6.855576152990238
1.3260051160155208E-6     -4.999999999999998E-6    -7.012986989855415
1.5988934538271411E-6     -4.780621350638878E-6    -6.281534664693105
1.5322390278695165E-6     -4.8903106753194384E-6   -6.444454865682156
1.4655846019118913E-6     -4.999999999999997E-6    -6.601865702547055
1.6718185137658871E-6     -4.8903106753194384E-6   -6.016709458885326
1.6051640878082619E-6     -4.999999999999999E-6    -6.190744415239406
-4.408119495458056E-6     -4.999999999999998E-6    -1.574475077540156
-4.436782798235901E-6     -4.911940225964784E-6    -1.4552238952440144
-4.465446101013744E-6     -4.823880451929568E-6    -1.34076711141683
-4.494109403791587E-6     -4.735820677894352E-6    -1.2263103275903156
-4.522772706569433E-6     -4.6477609038591395E-6   -1.1118535437627757
-4.526495596366445E-6     -4.999999999999999E-6    -1.0697734264820948
-4.555158899144289E-6     -4.911940225964783E-6    -0.9511776715492398
-4.583822201922133E-6     -4.823880451929568E-6    -0.8325819166165959
-4.6124855046999756E-6    -4.735820677894352E-6    -0.7139861616839648
-4.644871697274834E-6     -4.999999999999998E-6    -0.5587188350092119
-4.673535000052679E-6     -4.911940225964784E-6    -0.440123080076423
-4.702198302830522E-6     -4.823880451929569E-6    -0.3215273251437065
-4.763247798183221E-6     -4.999999999999997E-6    -0.047664243536171234
-4.791911100961066E-6     -4.911940225964783E-6    0.07093151139653876
-4.881623899091611E-6     -4.999999999999999E-6    0.4633903479368694
6.796414343602714E-7      -4.448144601736896E-6    -8.951333866705165
6.13502890436403E-7       -4.558515681389517E-6    -9.015090649351755
5.473643465125343E-7      -4.668886761042136E-6    -9.089793058370867
4.812258025886659E-7      -4.7792578406947556E-6   -9.1644954673899
4.150872586647976E-7      -4.889628920347378E-6    -9.239197876408873
3.48948714740929E-7       -4.999999999999998E-6    -9.330833846201665
7.530823763327734E-7      -4.558515681389517E-6    -8.705293513830165
6.869438324089047E-7      -4.668886761042137E-6    -8.774953278754916
6.208052884850362E-7      -4.779257840694756E-6    -8.869078889106595
5.546667445611677E-7      -4.889628920347377E-6    -8.963204499458087
4.885282006372994E-7      -4.9999999999999996E-6   -9.057330109809477
8.265233183052748E-7      -4.668886761042136E-6    -8.47815829564032
7.603847743814066E-7      -4.779257840694758E-6    -8.56398000257399
6.942462304575379E-7      -4.889628920347377E-6    -8.658105612925503
6.281076865336693E-7      -4.999999999999998E-6    -8.752231223276944
8.999642602777766E-7      -4.7792578406947556E-6   -8.251023077450517
8.338257163539082E-7      -4.889628920347377E-6    -8.353006726392811
7.676871724300396E-7      -4.999999999999997E-6    -8.447132336744174
9.734052022502786E-7      -4.889628920347378E-6    -8.023887859260773
9.072666583264101E-7      -4.999999999999999E-6    -8.14203345021164
-4.045780497677393E-6     -4.529614254461184E-6    -3.1590665720826743
-4.118248297233526E-6     -4.6236914035689475E-6   -2.833049599180341
-4.190716096789658E-6     -4.717768552676709E-6    -2.5176118512183137
-4.26318389634579E-6      -4.811845701784471E-6    -2.2021741032562865
-4.3356516959019246E-6    -4.905922850892236E-6    -1.8867363552942986
-3.997259646958801E-6     -4.6236914035689475E-6   -3.3318315384486534
-4.069727446514934E-6     -4.717768552676711E-6    -3.008672958421058
-4.142195246071066E-6     -4.811845701784473E-6    -2.69791640935085
-4.2146630456271976E-6    -4.9059228508922344E-6   -2.387159860280326
-4.287130845183333E-6     -4.9999999999999996E-6   -2.0764033112105125
-3.948738796240207E-6     -4.717768552676709E-6    -3.5046824551986524
-4.0212065957963414E-6    -4.8118457017844735E-6   -3.1902558460829775
-4.093674395352473E-6     -4.905922850892235E-6    -2.8794992970127695
-4.166142194908606E-6     -4.999999999999998E-6    -2.568742747943035
-3.900217945521615E-6     -4.811845701784471E-6    -3.677533371948809
-3.972685745077749E-6     -4.905922850892235E-6    -3.3718387337455673
-4.04515354463388E-6      -4.999999999999997E-6    -3.0610821846752416
-3.851697094803023E-6     -4.905922850892236E-6    -3.850384288698689
-3.924164894359157E-6     -4.999999999999999E-6    -3.5534216214077645
-3.8031762440844315E-6    -4.999999999999998E-6    -4.032506676893095
-1.2389649685833652E-8    -4.445237683691077E-6    -10.1794678688479
-7.970146269685156E-8     -4.556190146952862E-6    -10.168173618609565
-1.4701327570786942E-7    -4.667142610214646E-6    -10.171867538703289
-2.143250887188873E-7     -4.778095073476429E-6    -10.175561458796954
-2.816369017299052E-7     -4.889047536738214E-6    -10.17925537889065
-3.4894871474092307E-7    -4.999999999999998E-6    -10.202011331864968
5.987802319951891E-8      -4.556190146952862E-6    -9.990265984389527
-7.4337898114989965E-9    -4.667142610214646E-6    -9.986077786169375
-7.474560282251689E-8     -4.778095073476429E-6    -10.011714525001054
-1.4205741583353472E-7    -4.889047536738213E-6    -10.037351263832674
-2.0936922884455266E-7    -4.9999999999999996E-6   -10.062988002664374
1.321456960848714E-7      -4.667142610214646E-6    -9.821458556074951
6.483388307385355E-8      -4.778095073476431E-6    -9.837142766272157
-2.4779299371643513E-9    -4.889047536738214E-6    -9.862779505103822
-6.978974294818223E-8     -4.999999999999998E-6    -9.888416243935442
2.044133689702239E-7      -4.778095073476429E-6    -9.652651127760333
1.3710155595920606E-7     -4.8890475367382135E-6   -9.68820774637483
6.978974294818816E-8      -4.999999999999997E-6    -9.71384448520657
2.766810418555765E-7      -4.889047536738214E-6    -9.483843699445814
2.0936922884455864E-7     -4.999999999999999E-6    -9.539272726477579
-3.417647707140205E-6     -4.462671814186415E-6    -5.636825288316395
-3.494753414529051E-6     -4.570137451349133E-6    -5.302755778282984
-3.571859121917896E-6     -4.677603088511848E-6    -4.983536705279539
-3.648964829306741E-6     -4.7850687256745644E-6   -4.664317632276251
-3.726070536695587E-6     -4.892534362837282E-6    -4.345098559273042
-3.3621149928447156E-6    -4.570137451349133E-6    -5.783728653962503
-3.4392207002335615E-6    -4.6776030885118486E-6   -5.454281447490925
-3.5163264076224065E-6    -4.785068725674566E-6    -5.145006427799256
-3.5934321150112506E-6    -4.892534362837282E-6    -4.835731408107588
-3.6705378224000973E-6    -4.9999999999999996E-6   -4.526456388415682
-3.3065822785492256E-6    -4.677603088511848E-6    -5.935373755670268
-3.3836879859380723E-6    -4.785068725674566E-6    -5.620413196433384
-3.4607936933269165E-6    -4.892534362837282E-6    -5.311138176741716
-3.5378994007157615E-6    -4.999999999999998E-6    -5.001863157049969
-3.2510495642537356E-6    -4.7850687256745644E-6   -6.0870188573785065
-3.3281552716425814E-6    -4.892534362837282E-6    -5.7865449453763755
-3.4052609790314264E-6    -4.999999999999997E-6    -5.47726992568457
-3.1955168499582464E-6    -4.892534362837282E-6    -6.238663959086627
-3.272622557347092E-6     -4.999999999999999E-6    -5.952676694319092
-3.1399841356627564E-6    -4.999999999999998E-6    -6.403883279840744
-7.112966818125897E-7     -4.441980467546511E-6    -10.702764112929481
-7.784065742946268E-7     -4.5535843740372095E-6   -10.611860178459285
-8.455164667766638E-7     -4.665188280527905E-6    -10.53998517385465
-9.126263592587009E-7     -4.776792187018602E-6    -10.468110169249972
-9.797362517407382E-7     -4.888396093509301E-6    -10.396235164645315
-1.0468461442227751E-6    -4.999999999999998E-6    -10.344297043037765
-6.388270883982564E-7     -4.5535843740372095E-6   -10.58365776423223
-7.059369808802935E-7     -4.665188280527906E-6    -10.500353454634054
-7.730468733623305E-7     -4.7767921870186045E-6   -10.451150479389955
-8.401567658443675E-7     -4.8883960935092995E-6   -10.40194750414584
-9.072666583264049E-7     -4.9999999999999996E-6   -10.352744528901802
-5.66357494983923E-7      -4.665188280527905E-6    -10.483802602449371
-6.334673874659603E-7     -4.7767921870186045E-6   -10.422998196571067
-7.005772799479972E-7     -4.888396093509301E-6    -10.373795221326953
-7.676871724300341E-7     -4.999999999999998E-6    -10.324592246082847
-4.938879015695896E-7     -4.776792187018602E-6    -10.383947440666512
-5.609977940516267E-7     -4.8883960935093E-6      -10.345642938508078
-6.281076865336638E-7     -4.999999999999997E-6    -10.296439963263978
-4.214183081552564E-7     -4.888396093509301E-6    -10.284092278883637
-4.885282006372935E-7     -4.999999999999999E-6    -10.268287680445122
-2.7870494915562345E-6    -4.4274828204176596E-6   -7.747259031861869
-2.857636420377539E-6     -4.541986256334128E-6    -7.4577952874783175
-2.9282233491988428E-6    -4.656489692250594E-6    -7.191292262680046
-2.9988102780201477E-6    -4.770993128167061E-6    -6.924789237881441
-3.0693972068414527E-6    -4.885496564083531E-6    -6.6582862130829525
-2.718167793882284E-6     -4.541986256334128E-6    -7.865476414438971
-2.7887547227035885E-6    -4.656489692250595E-6    -7.583888504293077
-2.8593416515248926E-6    -4.770993128167062E-6    -7.332548710055572
-2.9299285803461968E-6    -4.885496564083529E-6    -7.081208915818067
-3.0005155091675018E-6    -4.9999999999999996E-6   -6.829869121580681
-2.649286096208332E-6     -4.656489692250594E-6    -7.9927890165720346
-2.7198730250296376E-6    -4.770993128167064E-6    -7.7313861137032776
-2.7904599538509413E-6    -4.885496564083531E-6    -7.480046319465813
-2.8610468826722454E-6    -4.999999999999998E-6    -7.228706525228347
-2.5804043985343816E-6    -4.770993128167061E-6    -8.120101618705215
-2.6509913273556866E-6    -4.885496564083531E-6    -7.878883723113794
-2.7215782561769903E-6    -4.999999999999997E-6    -7.627543928876409
-2.5115227008604315E-6    -4.885496564083531E-6    -8.247414220838278
-2.582109629681736E-6     -4.999999999999999E-6    -8.026381332524233
-2.4426410031864805E-6    -4.999999999999998E-6    -8.390862174581178
-2.1024072577223446E-6    -4.434811458928995E-6    -9.438978043801379
-2.1704540068151723E-6    -4.547849167143197E-6    -9.208941911293623
-2.2385007559079987E-6    -4.660886875357396E-6    -9.00012740691669
-2.306547505000826E-6     -4.773924583571596E-6    -8.791312902539602
-2.3745942540936537E-6    -4.886962291785798E-6    -8.582498398162905
-2.0308745209188014E-6    -4.547849167143197E-6    -9.48359302085968
-2.0989212700116287E-6    -4.660886875357397E-6    -9.26010911065324
-2.166968019104456E-6     -4.7739245835715965E-6   -9.07091676789788
-2.2350147681972824E-6    -4.886962291785796E-6    -8.881724425142286
-2.3030615172901106E-6    -4.9999999999999996E-6   -8.692532082387086
-1.9593417841152574E-6    -4.660886875357396E-6    -9.541158128463632
-2.0273885332080856E-6    -4.773924583571598E-6    -9.340315972483685
-2.095435282300912E-6     -4.886962291785798E-6    -9.151123629728287
-2.1634820313937393E-6    -4.999999999999998E-6    -8.96193128697285
-1.8878090473117143E-6    -4.773924583571596E-6    -9.598723236067858
-1.9558557964045416E-6    -4.886962291785798E-6    -9.420522834314307
-2.0239025454973685E-6    -4.999999999999997E-6    -9.23133049155885
-1.8162763105081716E-6    -4.886962291785798E-6    -9.656288343671928
-1.8843230596009985E-6    -4.999999999999999E-6    -9.500729696144772
-1.7447435737046278E-6    -4.999999999999998E-6    -9.731643408770166
-1.4068887782598364E-6    -4.4406053912249305E-6   -10.452092016176907
-1.4744597373487948E-6    -4.552484312979945E-6    -10.287728768071094
-1.5420306964377527E-6    -4.664363234734956E-6    -10.143896741750845
-1.609601655526711E-6     -4.776242156489969E-6    -10.000064715430549
-1.6771726146156697E-6    -4.888121078244984E-6    -9.856232689110271
-1.3348802514524244E-6    -4.552484312979945E-6    -10.41343402906324
-1.4024512105413825E-6    -4.664363234734957E-6    -10.256301640763615
-1.4700221696303407E-6    -4.776242156489971E-6    -10.134405367446819
-1.5375931287192989E-6    -4.888121078244984E-6    -10.012509094130065
-1.6051640878082574E-6    -4.9999999999999996E-6   -9.89061282081334
-1.2628717246450117E-6    -4.664363234734956E-6    -10.391574811471449
-1.3304426837339707E-6    -4.776242156489972E-6    -10.257794864501365
-1.3980136428229287E-6    -4.888121078244984E-6    -10.13589859118458
-1.4655846019118868E-6    -4.999999999999998E-6    -10.01400231786782
-1.1908631978375992E-6    -4.776242156489969E-6    -10.369715593879741
-1.2584341569265582E-6    -4.888121078244984E-6    -10.259288088239217
-1.326005116015516E-6     -4.999999999999997E-6    -10.13739181492242
-1.1188546710301874E-6    -4.888121078244984E-6    -10.347856376287954
-1.186425630119146E-6     -4.999999999999999E-6    -10.260781311977057
4.4240690884407945E-6     -4.744353383509959E-7    15.898754036004282
4.382256036792977E-6      -3.817146996778475E-7    16.114534125140494
4.340442985145159E-6      -2.889940610046992E-7    16.26009551565265
4.298629933497341E-6      -1.9627342233155085E-7   16.40565690616386
4.310462138349682E-6      -4.8526748333625E-7      14.519037790419809
4.268649086701864E-6      -3.925468446631017E-7    14.67380461449111
4.226836035054047E-6      -2.998262059899534E-7    14.81936600500295
4.19685518825857E-6       -4.960996283215042E-7    13.13932154483494
4.155042136610752E-6      -4.033789896483559E-7    13.23307510384081
4.083248238167457E-6      -5.069317733067584E-7    11.759605299250072
4.50820800465914E-6       -5.88655751609874E-7     16.12218006838363
4.4787399707863735E-6     -7.137083098540062E-7    15.035115491317313
4.449271936913606E-6      -8.387608680981383E-7    13.948050914250206
4.4198039030408396E-6     -9.638134263422705E-7    12.860986337184045
4.600672796952759E-6      -6.387922557938675E-7    16.67353285937971
4.571204763079991E-6      -7.638448140379997E-7    15.552277422492002
4.541736729207225E-6      -8.888973722821319E-7    14.431021985604225
4.693137589246376E-6      -6.889287599778611E-7    17.197070182647174
4.663669555373611E-6      -8.139813182219934E-7    16.075814745759292
4.785602381539995E-6      -7.390652641618548E-7    17.72060750591587
4.394601054568027E-6      -5.994878965951281E-7    14.77566162013592
4.280994104476915E-6      -6.103200415803823E-7    13.456958639614939
4.167387154385803E-6      -6.211521865656365E-7    12.138255659094273
4.053780204294691E-6      -6.319843315508907E-7    10.746186663217891
4.365133020695261E-6      -7.245404548392604E-7    13.722787902889408
4.2515260706041486E-6     -7.353725998245146E-7    12.404084922369215
4.137919120513036E-6      -7.462047448097687E-7    11.066804799571871
4.335664986822494E-6      -8.495930130833926E-7    12.669914185643698
4.222058036731382E-6      -8.604251580686468E-7    11.387422935925615
4.3061969529497276E-6     -9.746455713275248E-7    11.708041072279439
4.76141638683264E-6       -1.4479034288897555E-6   12.980116282353134
4.639483560666254E-6      -1.379962340092751E-6    12.417419982435222
4.517550734499869E-6      -1.3120212512957466E-6   11.854723682516996
4.395617908333484E-6      -1.2440801624987422E-6   11.190171255222019
4.644765599831665E-6      -1.5351765180050905E-6   11.73054853648645
4.52283277366528E-6       -1.4672354292080861E-6   11.167852236568283
4.400899947498894E-6      -1.3992943404110817E-6   10.562427809560402
4.52811481283069E-6       -1.6224496071204252E-6   10.480980790619265
4.406181986664306E-6      -1.554508518323421E-6    9.93468436389849
4.4114640258297165E-6     -1.7097226962357605E-6   9.306940918236489
3.648832477485293E-6      -2.077925479459317E-7    7.434052662438451
3.5799343399267366E-6     -3.1203231223346085E-7   6.160539935460231
3.51103620236818E-6       -4.1627207652099003E-7   4.887027208482642
3.442138064809624E-6      -5.205118408085192E-7    3.714665459792326
3.7118101457434167E-6     -3.1134533160433423E-7   7.896315405039334
3.6429120081848605E-6     -4.155850958918634E-7    6.622802678061272
3.5740138706263035E-6     -5.198248601793925E-7    5.382230952674691
3.7747878140015406E-6     -4.1489811526273674E-7   8.35857814764148
3.7058896764429845E-6     -5.19137879550266E-7     7.049796445557133
3.837765482259665E-6      -5.184508989211393E-7    8.717361938439499
3.5988045932533723E-6     -1.0385921259706178E-6   4.42358187732169
3.672971932217967E-6      -9.344264844348968E-7    5.520599298592298
3.747139271182561E-6      -8.302608428991758E-7    6.704280991600632
3.821306610147156E-6      -7.260952013634547E-7    7.887962684608648
3.89547394911175E-6       -6.219295598277336E-7    9.071644377617137
3.5410961264012865E-6     -9.351134650640235E-7    3.9845601351225746
3.615263465365881E-6      -8.309478235283024E-7    5.093118639878607
3.689430804330475E-6      -7.267821819925813E-7    6.266706755464262
3.76359814329507E-6       -6.226165404568603E-7    7.440294871050369
3.4833876595492007E-6     -8.316348041574291E-7    3.515824013654606
3.557554998513795E-6      -7.27469162621708E-7     4.667351239280056
3.6317223374783893E-6     -6.23303521085987E-7     5.840939354865868
3.425679192697115E-6      -7.281561432508347E-7    3.0470878921875846
3.499846531661709E-6      -6.239905017151135E-7    4.241583838680381
3.367970725845029E-6      -6.246774823442402E-7    2.578351770720405
3.979612865330096E-6      -7.361499730866117E-7    9.479045377431616
3.905445526365501E-6      -8.403156146223328E-7    8.285270107001057
3.8312781874009064E-6     -9.444812561580538E-7    7.091494836570217
3.7571108484363126E-6     -1.0486468976937748E-6   5.971841258062188
4.063751781548441E-6      -8.503703863454898E-7    9.854452386863759
3.989584442583847E-6      -9.545360278812108E-7    8.66067711643313
3.915417103619253E-6      -1.0587016694169318E-6   7.480677418014519
4.147890697766787E-6      -9.645907996043678E-7    10.229859396296233
4.073723358802193E-6      -1.0687564411400888E-6   8.989513577967557
4.232029613985133E-6      -1.0788112128632458E-6   10.49834973791977
3.825130938347821E-6      -1.6148759021299707E-6   5.139635316142805
3.938171924511871E-6      -1.5096739186212571E-6   6.405416446462414
4.051212910675922E-6      -1.4044719351125436E-6   7.741169045268538
4.164253896839972E-6      -1.2992699516038298E-6   9.076921644074742
4.2772948830040224E-6     -1.1940679680951163E-6   10.412674242880708
3.779865669328931E-6      -1.4996191468981001E-6   5.013101160227096
3.892906655492981E-6      -1.3944171633893866E-6   6.294333548547414
4.005947641657032E-6      -1.2892151798806728E-6   7.660033389068774
4.118988627821083E-6      -1.1840131963719593E-6   9.02573322958953
3.7346004003100416E-6     -1.3843623916662296E-6   4.881178872475063
3.847641386474091E-6      -1.2791604081575159E-6   6.211543349026901
3.960682372638142E-6      -1.1739584246488023E-6   7.5772431895481835
3.6893351312911515E-6     -1.2691056364343589E-6   4.749256584722438
3.8023761174552017E-6     -1.1639036529256453E-6   6.128753149505944
3.644069862272262E-6      -1.1538488812024884E-6   4.617334296969577
3.943453963677282E-6      -1.6648880965335964E-6   5.903175438568503
4.061776989006743E-6      -1.7149002909372223E-6   6.627773741111304
4.180100014336205E-6      -1.764912485340848E-6    7.3523720436547375
4.298423039665666E-6      -1.814924679744474E-6    8.07697034619813
4.056494949841333E-6      -1.559686113024883E-6    7.170899056572277
4.174817975170793E-6      -1.6096983074285086E-6   7.908088968288574
4.293141000500254E-6      -1.6597105018321345E-6   8.645278880004618
4.1695359360053824E-6     -1.4544841295161693E-6   8.47670441366347
4.2878589613348446E-6     -1.5044963239197953E-6   9.213894325379608
4.282576922169433E-6      -1.3492821460074558E-6   9.782509770754881
2.9903233671549996E-6     -2.1026375615405957E-7   -2.1965693458435873
2.92493676960279E-6       -3.1628774802058996E-7   -3.056777119255052
2.8595501720505808E-6     -4.223117398871203E-7    -3.916984892666678
2.794163574498371E-6      -5.283357317536507E-7    -4.671308505031513
3.053961440726433E-6      -3.1450352044158874E-7   -1.306120100564429
2.9885748431742236E-6     -4.2052751230811914E-7   -2.1663278739756975
2.9231882456220142E-6     -5.265515041746495E-7    -2.9910409726799676
3.1175995142978665E-6     -4.187432847291179E-7    -0.41567085528424685
3.0522129167456567E-6     -5.247672765956483E-7    -1.310773440325975
3.1812375878693004E-6     -5.229830490166471E-7    0.36949409202509825
4.4175488226300535E-6     -1.998775944714108E-6    8.30648885110977
4.41835158026498E-6       -2.1326150152801156E-6   7.9023784375417465
4.419154337899905E-6      -2.2664540858461233E-6   7.498268023972226
4.419957095534832E-6      -2.4002931564121314E-6   7.094157610402508
4.534199609631028E-6      -2.0543599984559156E-6   8.822220912209582
4.5350023672659535E-6     -2.1881990690219233E-6   8.384823833587935
4.53580512490088E-6       -2.322038139587931E-6    7.947426754966494
4.650850396632002E-6      -2.1099440521977238E-6   9.287009536449382
4.651653154266929E-6      -2.2437831227637315E-6   8.849612457828142
4.767501183632976E-6      -2.165528105939532E-6    9.75179816069039
3.830919491403034E-6      -1.7356512146086173E-6   4.927169399554568
3.8367080444582465E-6     -1.8564265270872642E-6   4.716699611062854
3.842496597513459E-6      -1.977201839565911E-6    4.506229822571062
3.848285150568672E-6      -2.0979771520445575E-6   4.29576003407931
3.854073703623885E-6      -2.2187524645232044E-6   4.102950631346705
3.9492425167324945E-6     -1.7856634090122433E-6   5.694562350346141
3.955031069787707E-6      -1.9064387214908897E-6   5.447867523037063
3.96081962284292E-6       -2.0272140339695366E-6   5.201172695728121
3.9666081758981336E-6     -2.1479893464481835E-6   4.996386821960167
4.067565542061956E-6      -1.835675603415869E-6    6.406569043716296
4.073354095117168E-6      -1.9564509158945157E-6   6.159874216407726
4.0791426481723815E-6     -2.0772262283731625E-6   5.924246755708261
4.185888567391417E-6      -1.8856877978194947E-6   7.1185757370874665
4.19167712044663E-6       -2.0064631102981416E-6   6.852106689456948
4.304211592720879E-6      -1.9356999922231207E-6   7.779966623205082
3.967410933533059E-6      -2.2818284170141916E-6   4.6706555523273945
4.0807481634422334E-6     -2.3449043695051783E-6   5.19601907922611
4.194085393351409E-6      -2.407980321996165E-6    5.721382606124806
4.307422623260583E-6      -2.4710562744871523E-6   6.246746133023521
4.079945405807308E-6      -2.2110652989391702E-6   5.564490373801645
4.193282635716482E-6      -2.2741412514301574E-6   6.090684972101625
4.3066198656256574E-6     -2.3372172039211438E-6   6.616879570401686
4.192479878081557E-6      -2.1403021808641493E-6   6.461508720618191
4.305817107990731E-6      -2.2033781333551365E-6   6.9877033189183475
4.305014350355805E-6      -2.0695390627891284E-6   7.3585270674349355
4.772048270767118E-6      -2.8669843789608624E-6   7.550653897150032
4.656200241401069E-6      -2.802382252927919E-6    7.186737284888506
4.540352212035021E-6      -2.737780126894976E-6    6.822820672626661
4.424504182668973E-6      -2.673178000862033E-6    6.422283636574742
4.659944570900283E-6      -2.9414280268118126E-6   6.887955557330957
4.544096541534235E-6      -2.8768259007788693E-6   6.5240389450691945
4.428248512168187E-6      -2.812223774745926E-6    6.147970294153179
4.54784087103345E-6       -3.0158716746627628E-6   6.225257217511583
4.431992841667401E-6      -2.95126954862982E-6     5.873656951732347
4.435737171166616E-6      -3.090315322513714E-6    5.599343609311207
2.3417237173344534E-6     -2.140938836595046E-7    -11.68673409104756
2.275680628150963E-6      -3.221637754524788E-7    -12.119605994085045
2.2096375389674726E-6     -4.3023366724545297E-7   -12.55247789712325
2.143594449783982E-6      -5.383035590384272E-7    -12.876742717694052
2.4060667415486496E-6     -3.2011787552603494E-7   -10.415994708484934
2.3400236523651587E-6     -4.281877673190092E-7    -10.848866611522995
2.2739805631816687E-6     -5.362576591119834E-7    -11.244656657515147
2.4704097657628453E-6     -4.2614186739256533E-7   -9.145255325920933
2.4043666765793553E-6     -5.342117591855395E-7    -9.61257059733435
2.5347527899770415E-6     -5.321658592590957E-7    -7.980484537155602
2.9817188064609867E-6     -1.0405852485080223E-6   -2.0783747954952427
3.047427496967378E-6      -9.36707963093947E-7     -1.324458752798558
3.1131361874737692E-6     -8.328306776798717E-7    -0.5087367875143528
3.1788448779801603E-6     -7.289533922657964E-7    0.3069851777700101
3.2445535684865518E-6     -6.250761068517212E-7    1.1227071430543731
2.9184028258437353E-6     -9.384921906729482E-7    -2.8566278376977934
2.9841115163501264E-6     -8.34614905258873E-7     -2.104178443744091
3.0498202068565174E-6     -7.307376198447976E-7    -1.3147156978104342
3.1155288973629085E-6     -6.268603344307224E-7    -0.5252529518772782
2.855086845226483E-6      -8.363991328378742E-7    -3.7027863427897416
2.9207955357328746E-6     -7.325218474237988E-7    -2.924593743823655
2.9865042262392656E-6     -6.286445620097235E-7    -2.1351309978904323
2.7917708646092317E-6     -7.343060750028001E-7    -4.548944847883031
2.8574795551156228E-6     -6.304287895887247E-7    -3.7450090439046666
2.7284548839919795E-6     -6.322130171677259E-7    -5.395103352975138
3.3022620353386376E-6     -7.285547677583156E-7    1.6724940343090646
3.236553344832246E-6      -8.324320531723909E-7    0.8305128496731793
3.1708446543258546E-6     -9.363093385864662E-7    -0.01146833496271961
3.105135963819464E-6      -1.0401866240005414E-6   -0.7786696329528504
3.359970502190723E-6      -8.320334286649099E-7    2.1841988766435936
3.294261811684332E-6      -9.359107140789853E-7    1.3422176920080202
3.228553121177941E-6      -1.0397879994930606E-6   0.5281017795762619
3.4176789690428088E-6     -9.355120895715044E-7    2.695903718980009
3.3519702785364177E-6     -1.0393893749855795E-6   1.8348731921057686
3.4753874358948955E-6     -1.0389907504780987E-6   3.1416446046352755
3.2899683307708804E-6     -1.437784813875208E-6    0.8437349261859481
3.3517355832673787E-6     -1.35794627629429E-6     1.5330794795009968
3.413502835763877E-6      -1.2781077387133718E-6   2.2384206789426546
3.4752700882603753E-6     -1.198269201132454E-6    2.943761878383997
3.537037340756874E-6      -1.1184306635515359E-6   3.64910307782597
3.228318425908902E-6      -1.358344900801771E-6    0.2826849014111819
3.2900856784054E-6        -1.2785063632208526E-6   0.9756663113851216
3.3518529309018984E-6     -1.1986678256399346E-6   1.6756710902418113
3.4136201833983967E-6     -1.1188292880590167E-6   2.3756758690984405
3.1666685210469232E-6     -1.2789049877283337E-6   -0.2910648524836711
3.228435773543421E-6      -1.1990664501474156E-6   0.4158142921554176
3.29020302603992E-6       -1.1192279125664976E-6   1.1158190710114415
3.1050186161849442E-6     -1.1994650746548965E-6   -0.8648146063793131
3.166785868681442E-6      -1.1196265370739784E-6   -0.14403772707624016
3.0433687113229657E-6     -1.1200251615814593E-6   -1.438564360275034
3.3970008522862683E-6     -1.4732030315261606E-6   1.738723493624077
3.5040333738016566E-6     -1.508621249177113E-6    2.606943348399085
3.6110658953170445E-6     -1.5440394668280655E-6   3.475163203174449
3.718098416832433E-6      -1.579457684479018E-6    4.343383057950838
3.4587681047827666E-6     -1.3933644939452423E-6   2.4223726243961172
3.5658006262981545E-6     -1.4287827115961948E-6   3.3141046204071083
3.672833147813543E-6      -1.4642009292471475E-6   4.205836616417217
3.520535357279265E-6      -1.3135259563643243E-6   3.1330502444230537
3.6275678787946536E-6     -1.348944174015277E-6    4.024782240433571
3.582302609775763E-6      -1.2336874187834064E-6   3.8437278644491086
3.295387643587828E-6      -1.536139411822802E-6    0.8182784844308277
3.3008069564047763E-6     -1.634494009770396E-6    0.7936358128855845
3.306226269221724E-6      -1.73284860771799E-6     0.7689931413401049
3.3116455820386723E-6     -1.8312032056655837E-6   0.7443504697952562
3.31706489485562E-6       -1.929557803613178E-6    0.7238305624594883
3.402420165103216E-6      -1.5715576294737545E-6   1.7074596294695483
3.407839477920164E-6      -1.6699122274213482E-6   1.6491672760629916
3.4132587907371124E-6     -1.7682668253689423E-6   1.5908749226557874
3.41867810355406E-6       -1.8666214233165364E-6   1.5633357944228239
3.5094526866186044E-6     -1.6069758471247067E-6   2.552167343010249
3.5148719994355526E-6     -1.7053304450723008E-6   2.493874989603294
3.5202913122525003E-6     -1.803685043019895E-6    2.446328186923271
3.6164852081339923E-6     -1.6423940647756594E-6   3.396875056551573
3.6219045209509405E-6     -1.7407486627232535E-6   3.329320579423679
3.7235177296493806E-6     -1.677812282426612E-6    4.212312971923771
3.7293062827045935E-6     -1.798587594905259E-6    4.0087984240812
3.627693074006153E-6      -1.8615239752019002E-6   3.1458137060281115
3.526079865307713E-6      -1.924460355498542E-6    2.28282898797569
3.424466656609273E-6      -1.987396735795183E-6    1.4387084027958708
3.7350948357598055E-6     -1.919362907383906E-6    3.8345536744061324
3.6334816270613662E-6     -1.982299287680547E-6    2.97156895635325
3.531868418362926E-6      -2.0452356679771883E-6   2.117971006448561
3.740883388815019E-6      -2.0401382198625523E-6   3.6603089247321083
3.6392701801165787E-6     -2.1030746001591935E-6   2.797233610101626
3.746671941870232E-6      -2.160913532341199E-6    3.4764962137543955
2.3505403374030842E-6     -1.078522719536983E-6    -8.571021671444882
2.413460050597413E-6      -9.688421674961168E-7    -8.189813755802593
2.4763797637917417E-6     -8.591616154552505E-7    -7.7464995196433275
2.5392994769860706E-6     -7.494810634143844E-7    -7.303185283483746
2.602219190180399E-6      -6.398005113735181E-7    -6.8598710473246385
2.2830739371997266E-6     -9.708880674225607E-7    -9.662390949504017
2.345993650394055E-6      -8.612075153816944E-7    -9.281299635796296
2.408913363588384E-6      -7.515269633408281E-7    -8.883017467514803
2.4718330767827126E-6     -6.418464112999619E-7    -8.484735299232458
2.215607536996369E-6      -8.632534153081381E-7    -10.835808917972713
2.2785272501906974E-6     -7.535728632672718E-7    -10.44357830227276
2.341446963385026E-6      -6.438923112264057E-7    -10.045296133991346
2.148141136793011E-6      -7.556187631937158E-7    -12.009226886441011
2.2110608499873398E-6     -6.459382111528495E-7    -11.605856968750269
2.080674736589653E-6      -6.479841110792933E-7    -13.182644854909942
2.6655351707976514E-6     -7.418935692085921E-7    -5.923665920069681
2.6026154576033224E-6     -8.515741212494584E-7    -6.412012224106656
2.5396957444089935E-6     -9.612546732903246E-7    -6.900358528144195
2.476776031214665E-6      -1.070935225331191E-6    -7.295341665538224
2.7288511514149028E-6     -8.439866270436662E-7    -5.051764209964919
2.6659314382205742E-6     -9.536671790845325E-7    -5.540110514001878
2.6030117250262453E-6     -1.0633477311253987E-6   -5.992163637712272
2.792167132032154E-6      -9.460796848787403E-7    -4.17986249985886
2.7292474188378256E-6     -1.0557602369196066E-6   -4.6889856098849805
2.8554831126494064E-6     -1.0481727427138146E-6   -3.38580758205895
3.3337855216845886E-6     -2.4694949371392742E-6   0.5192127115758872
3.437843158072448E-6      -2.41934644261606E-6     1.217610503046601
3.5419007944603074E-6     -2.3691979480928465E-6   1.9327752830405953
3.645958430848166E-6      -2.319049453569632E-6    2.647940063035044
3.7500160672360253E-6     -2.2689009590464184E-6   3.3631048430294133
3.3304413963187954E-6     -2.361507510434055E-6    0.5532113656184205
3.434499032706654E-6      -2.311359015910841E-6    1.2563590274743004
3.5385566690945133E-6     -2.261210521387627E-6    1.993215435799567
3.642614305482372E-6      -2.2110620268644128E-6   2.730071844125043
3.3270972709530014E-6     -2.2535200837288356E-6   0.5954806026458785
3.4311549073408603E-6     -2.2033715892056216E-6   1.3234301968728082
3.5352125437287197E-6     -2.1532230946824075E-6   2.060286605198351
3.3237531455872073E-6     -2.1455326570236164E-6   0.6377498396727644
3.4278107819750667E-6     -2.0953841625004023E-6   1.3905013662712091
3.3204090202214137E-6     -2.037545230318397E-6    0.680019076699887
3.4297842803892874E-6     -2.552424983975183E-6    1.0310116020932927
3.5257830390939857E-6     -2.6353550308110916E-6   1.5088614206047164
3.621781797798684E-6      -2.718285077647E-6       1.9867112391159822
3.7177805565033824E-6     -2.8012151244829093E-6   2.464561057627879
3.8137793152080807E-6     -2.884145171318818E-6    2.892115714935463
3.5338419167771463E-6     -2.502276489451969E-6    1.7212474489742542
3.6298406754818442E-6     -2.5852065362878775E-6   2.1965617499321017
3.7258394341865426E-6     -2.668136583123786E-6    2.671876050889644
3.821838192891242E-6      -2.7510666299596953E-6   3.1065102101397746
3.6378995531650053E-6     -2.452127994928755E-6    2.414720600637692
3.733898311869704E-6      -2.5350580417646635E-6   2.8900349015954436
3.829897070574402E-6      -2.6179880886005724E-6   3.351024204710317
3.7419571895528643E-6     -2.401979500405541E-6    3.1081937523009384
3.8379559482575635E-6     -2.48490954724145E-6     3.595538199280643
3.846014825940724E-6      -2.3518310058823273E-6   3.8400521938510472
3.9593520558498984E-6     -2.414906958373314E-6    4.4029699392354225
3.951293178166738E-6      -2.547985499732437E-6    4.132100800800028
3.943234300483577E-6      -2.681064041091559E-6    3.8612316623648923
3.9351754228004165E-6     -2.8141425824506825E-6   3.6321388046074947
4.072689285759073E-6      -2.4779829108643013E-6   4.927502394732216
4.064630408075912E-6      -2.611061452223424E-6    4.656633256297005
4.0565715303927515E-6     -2.7441399935825463E-6   4.400038737171843
4.186026515668248E-6      -2.5410588633552876E-6   5.4520348502296905
4.177967637985087E-6      -2.6741374047144106E-6   5.167938669735985
4.299363745577423E-6      -2.6041348158462752E-6   5.935838602300106
4.303108075076637E-6      -2.7431805897301683E-6   5.645264941588439
4.181711967484301E-6      -2.813183178598304E-6    4.9048666703924475
4.060315859891966E-6      -2.8831857674664398E-6   4.164468399196643
3.938919752299631E-6      -2.953188356334576E-6    3.4333221403245737
4.306852404575851E-6      -2.8822263636140618E-6   5.395419984303236
4.185456296983516E-6      -2.952228952482198E-6    4.655021713107242
4.06406018939118E-6       -3.0222315413503333E-6   3.922931651802446
4.310596734075066E-6      -3.0212721374979552E-6   5.145575027018383
4.189200626482731E-6      -3.0912747263660914E-6   4.412541163280308
4.314341063574281E-6      -3.1603179113818496E-6   4.902150674757757
3.952437683236905E-6      -3.506565496163061E-6    2.900748701797449
4.04984644672269E-6       -3.4511246162099704E-6   3.3842131860116615
4.147255210208475E-6      -3.3956837362568795E-6   3.874003131212536
4.24466397369426E-6       -3.3402428563037886E-6   4.36379307641338
4.342072737180045E-6      -3.2848019763506977E-6   4.853583021613909
3.92470600963114E-6       -3.3820814311942127E-6   2.8966273692598206
4.022114773116925E-6      -3.3266405512411218E-6   3.3871992281455876
4.1195235366027105E-6     -3.2711996712880305E-6   3.8943232453577794
4.2169323000884955E-6     -3.2157587913349396E-6   4.401447262570186
3.896974336025376E-6      -3.257597366225364E-6    2.8964420207471777
3.994383099511161E-6      -3.202156486272273E-6    3.4056575363137274
4.091791862996946E-6      -3.1467156063191823E-6   3.9127815535256922
3.86924266241961E-6       -3.133113301256515E-6    2.896256672235039
3.966651425905395E-6      -3.077672421303424E-6    3.4241158444812547
3.841510988813845E-6      -3.0086292362876664E-6   2.896071323722466
4.765525982853503E-6      -3.5780763949497986E-6   6.046559369824961
4.653422282986669E-6      -3.509662899943606E-6    5.7351297198703755
4.541318583119836E-6      -3.4412494049374133E-6   5.423700069916342
4.4292148832530026E-6     -3.372835909931221E-6    5.0926588326561415
4.643155665573841E-6      -3.6531377134772198E-6   5.495332750244894
4.531051965707008E-6      -3.5847242184710275E-6   5.183903100290664
4.418948265840175E-6      -3.5163107234648345E-6   4.864529498116917
4.520785348294179E-6      -3.728199032004641E-6    4.944106130665032
4.408681648427346E-6      -3.6597855369984487E-6   4.636400163577219
4.398415031014519E-6      -3.8032603505320625E-6   4.408270829037837
4.039579829309862E-6      -3.594599429743584E-6    3.1765272775400946
4.1267219753828195E-6     -3.682633363324107E-6    3.4419364194947235
4.213864121455776E-6      -3.7706672969046305E-6   3.707345561449115
4.301006267528733E-6      -3.858701230485153E-6    3.972754703403625
4.136988592795647E-6      -3.5391585497904933E-6   3.6556796257817727
4.224130738868605E-6      -3.627192483371016E-6    3.9116737995180477
4.311272884941561E-6      -3.715226416951539E-6    4.16766797325427
4.2343973562814316E-6     -3.483717669837402E-6    4.128135498971294
4.32153950235439E-6       -3.5717516034179254E-6   4.384129672707487
4.3318061197672175E-6     -3.428276789884311E-6    4.600591372160809
4.519236998111215E-6      -4.43010876108916E-6     4.328225132634934
4.608835169263495E-6      -4.37706118616301E-6     4.643820854003045
4.698433340415776E-6      -4.324013611236861E-6    4.96700955633398
4.788031511568056E-6      -4.270966036310712E-6    5.290198258665035
4.486464851983834E-6      -4.3092653618332886E-6   4.297667265527991
4.576063023136114E-6      -4.256217786907139E-6    4.622835908858426
4.665661194288395E-6      -4.203170211980991E-6    4.946024611189206
4.453692705856452E-6      -4.1884219625774175E-6   4.267109398421364
4.543290877008733E-6      -4.135374387651269E-6    4.601850963713255
4.420920559729072E-6      -4.0675785633215465E-6   4.236551531314856
1.683360587939003E-6      -2.1751591193758098E-7   -20.700434690832836
1.6163581828734164E-6     -3.269619320821877E-7    -20.657570965110896
1.54935577780783E-6       -4.3640795222679446E-7   -20.61470723938919
1.4823533727422438E-6     -5.458539723714012E-7    -20.473489767898613
1.7490719237844294E-6     -3.255858037305552E-7    -19.099624557479064
1.6820695187188431E-6     -4.3503182387516195E-7   -19.056760831757064
1.6150671136532566E-6     -5.444778440197686E-7    -18.982250495978228
1.814783259629856E-6      -4.3365569552352934E-7   -17.49881442412391
1.7477808545642697E-6     -5.431017156681361E-7    -17.491011224056265
1.8804945954752825E-6     -5.417255873165036E-7    -15.999771952135408
1.6860148530030597E-6     -1.0862073026398047E-6   -14.946222940059512
1.751453549679707E-6      -9.77035733904818E-7     -14.898508816114202
1.816892246356354E-6      -8.678641651698313E-7    -14.806436193844187
1.8823309430330011E-6     -7.586925964348446E-7    -14.714363571572516
1.9477696397096483E-6     -6.495210276998577E-7    -14.62229094930258
1.618739808768694E-6      -9.784118622564505E-7    -16.244250873459748
1.6841785054453409E-6     -8.692402935214638E-7    -16.204014323696963
1.749617202121988E-6      -7.600687247864771E-7    -16.169856086965126
1.8150558987986353E-6     -6.508971560514902E-7    -16.135697850233246
1.551464764534328E-6      -8.706164218730964E-7    -17.627805043492334
1.6169034612109752E-6     -7.614448531381096E-7    -17.594388223174324
1.6823421578876225E-6     -6.522732844031228E-7    -17.560229986442465
1.4841897202999624E-6     -7.628209814897422E-7    -19.0113592135254
1.5496284169766094E-6     -6.536494127547553E-7    -18.98476212265227
1.4169146760655966E-6     -6.55025541106388E-7     -20.394913383558304
2.015236039913006E-6      -7.571556798142802E-7    -13.34885891412028
1.9497973432363588E-6     -8.663272485492669E-7    -13.498845921929377
1.8843586465597116E-6     -9.754988172842537E-7    -13.648832929738736
1.8189199498830648E-6     -1.0846703860192405E-6   -13.717746454324825
2.0827024401163636E-6     -8.647903319287025E-7    -12.164301643660096
2.0172637434397164E-6     -9.739619006636895E-7    -12.314288651469496
1.9518250467630692E-6     -1.083133469398676E-6    -12.438273491721928
2.1501688403197217E-6     -9.724249840431248E-7    -10.979744373199573
2.0847301436430745E-6     -1.0815965527781117E-6   -11.15880052911864
2.2176352405230794E-6     -1.0800596361575474E-6   -9.879327566516295
2.93191217864546E-6       -1.1626876804268223E-6   -2.5143357878040744
2.8056764848338793E-6     -1.1702751746326146E-6   -3.800796413560867
2.6794407910222985E-6     -1.1778626688384066E-6   -5.046904455071369
2.5532050972107186E-6     -1.1854501630441987E-6   -6.293012496582108
2.426969403399138E-6      -1.193037657249991E-6    -7.557978439986769
2.882105550829933E-6      -1.2847901123456226E-6   -2.8894575672080194
2.7558698570183526E-6     -1.2923776065514146E-6   -4.13793845275823
2.6296341632067723E-6     -1.2999651007572067E-6   -5.384046494268692
2.5033984693951916E-6     -1.3075525949629987E-6   -6.635874461516754
2.8322989230144067E-6     -1.4068925442644224E-6   -3.2645793466121216
2.706063229202826E-6      -1.4144800384702144E-6   -4.475080491955093
2.5798275353912453E-6     -1.4220675326760067E-6   -5.713770483045557
2.7824922951988797E-6     -1.5289949761832226E-6   -3.6397011260165395
2.6562566013872994E-6     -1.5365824703890147E-6   -4.791666504575227
2.732685667383353E-6      -1.6510974081020227E-6   -3.9683283087978913
3.178511798093375E-6      -1.480447332720571E-6    -0.15080535088336974
3.116861893231396E-6      -1.4010074196471335E-6   -0.7110407378774457
3.055211988369417E-6      -1.3215675065736963E-6   -1.2986882264380186
2.993562083507438E-6      -1.2421275935002593E-6   -1.8863357149985918
3.0670552654158695E-6     -1.5231098515659338E-6   -1.1226876025017067
3.0054053605538905E-6     -1.4436699384924966E-6   -1.7117897460488605
2.943755455691912E-6      -1.3642300254190594E-6   -2.299437234609118
2.955598732738364E-6      -1.5657723704112966E-6   -2.09456985411957
2.893948827876385E-6      -1.4863324573378594E-6   -2.7125387542203088
2.8441422000608587E-6     -1.6084348892566596E-6   -3.0664521057377883
3.183931110910323E-6      -1.5788019306681648E-6   -0.16921044213182387
3.072474578232817E-6      -1.6214644495135277E-6   -1.1122259371974772
2.9610180455553117E-6     -1.6641269683588905E-6   -2.0552414322624095
2.8495615128778064E-6     -1.7067894872042537E-6   -2.9616889432314117
3.1893504237272707E-6     -1.6771565286157587E-6   -0.16020343181620963
3.0778938910497655E-6     -1.7198190474611218E-6   -1.1032189268813277
2.96643735837226E-6       -1.7624815663064846E-6   -2.0290517144912696
3.1947697365442185E-6     -1.7755111265633528E-6   -0.15119642149952495
3.0833132038667132E-6     -1.8181736454087157E-6   -1.0964144857508908
3.200189049361167E-6      -1.8738657245109467E-6   -0.16377725701059073
2.895663712220411E-6      -2.1988155374886287E-6   -2.3276563904208176
2.979943948747453E-6      -2.1449639907135387E-6   -1.7360965954317906
3.0642241852744948E-6     -2.0911124439384482E-6   -1.1289879240771454
3.1485044218015365E-6     -2.0372608971633582E-6   -0.5218792527225793
3.2327846583285783E-6     -1.983409350388268E-6    0.08522941863135577
2.863068103252999E-6      -2.089271911611308E-6    -2.638170308300407
2.947348339780041E-6      -2.0354203648362174E-6   -2.0369023042546934
3.0316285763070827E-6     -1.981568818061127E-6    -1.4197232371162967
3.1159088128341245E-6     -1.927717271286037E-6    -0.8025441699779191
2.830472494285588E-6      -1.979728285733986E-6    -2.9597788312747744
2.9147527308126297E-6     -1.9258767389588957E-6   -2.3329751892144626
2.9990329673396715E-6     -1.8720251921838057E-6   -1.7157961220759177
2.797876885318176E-6      -1.870184659856665E-6    -3.281387354249852
2.8821571218452177E-6     -1.8163331130815746E-6   -2.6290480741747246
2.7652812763507647E-6     -1.7606410339793437E-6   -3.6029958772253234
2.9832880741132466E-6     -2.252951417418758E-6    -1.7393241088541158
3.070912436006082E-6      -2.307087297348887E-6    -1.1671659176689304
3.158536797898918E-6      -2.361223177279016E-6    -0.5950077264841002
3.2461611597917532E-6     -2.415359057209145E-6    -0.02284953529879649
3.067568310640288E-6      -2.1990998706436675E-6   -1.151792800654049
3.1551926725331238E-6     -2.2532357505737964E-6   -0.5722218297398212
3.2428170344259596E-6     -2.3073716305039257E-6   0.007349141173787681
3.15184854716733E-6       -2.145248323868577E-6    -0.5547545250838585
3.239472909060166E-6      -2.1993842037987064E-6   0.024816445829895943
3.236128783694372E-6      -2.091396777093487E-6    0.042283750485870804
2.0253004016019003E-6     -1.6228994883604303E-6   -9.770047914588575
2.0903483887621373E-6     -1.514024134595741E-6    -9.575293331490531
2.155396375922374E-6      -1.4051487808310514E-6   -9.337863083602752
2.2204443630826107E-6     -1.296273427066362E-6    -9.100432835712128
2.2854923502428473E-6     -1.1873980733016724E-6   -8.863002587822612
1.9574432918821324E-6     -1.5155610512163053E-6   -10.736324773914617
2.022491279042369E-6      -1.4066856974516156E-6   -10.546735437413123
2.0875392662026055E-6     -1.2978103436869262E-6   -10.352312968373106
2.1525872533628424E-6     -1.1889349899222367E-6   -10.157890499332767
1.889586182162364E-6      -1.4082226140721801E-6   -11.766910161482194
1.9546341693226006E-6     -1.2993472603074904E-6   -11.5767146153085
2.0196821564828376E-6     -1.1904719065428012E-6   -11.382292146268641
1.8217290724425957E-6     -1.300884176928055E-6    -12.797495549051112
1.8867770596028325E-6     -1.1920088231633655E-6   -12.606693793204501
1.7538719627228278E-6     -1.19354573978393E-6     -13.828080936618766
2.3619214162389014E-6     -1.3019130110146802E-6   -7.857274368620923
2.296873429078664E-6      -1.4107883647793697E-6   -8.137712395359458
2.2318254419184275E-6     -1.5196637185440591E-6   -8.418150422098613
2.166777454758191E-6      -1.6285390723087488E-6   -8.629531495852214
2.438350482234955E-6      -1.4164279487276884E-6   -6.922032413993011
2.373302495074718E-6      -1.5253033024923777E-6   -7.202470440731899
2.308254507914481E-6      -1.6341786562570673E-6   -7.465794136593429
2.5147795482310087E-6     -1.530942886440696E-6    -5.986790459365172
2.4497315610707718E-6     -1.6398182402053856E-6   -6.302056777334407
2.591208614227063E-6      -1.6454578241537044E-6   -5.138319418076094
2.8714354849126514E-6     -2.2907898509100717E-6   -2.4399794964551442
2.8472072576048925E-6     -2.3827641643315146E-6   -2.5415808257521153
2.8229790302971327E-6     -2.474738477752957E-6    -2.643182155048219
2.7987508029893737E-6     -2.5667127911744E-6      -2.744783484345348
2.7745225756816143E-6     -2.658687104595843E-6    -2.836744922312388
2.9590598468054873E-6     -2.3449257308402005E-6   -1.8518423410420872
2.934831619497728E-6      -2.4369000442616435E-6   -1.9738675406009956
2.9106033921899685E-6     -2.5288743576830864E-6   -2.0958927401607865
2.8863751648822095E-6     -2.6208486711045294E-6   -2.1969641146776313
3.0466842086983226E-6     -2.3990616107703298E-6   -1.2870969295870374
3.0224559813905632E-6     -2.4910359241917723E-6   -1.409122129146206
2.9982277540828043E-6     -2.5830102376132157E-6   -1.5243395303703346
3.134308570591158E-6      -2.4531974907004586E-6   -0.722351518131246
3.110080343283399E-6      -2.545171804121902E-6    -0.8517149460618543
3.221932932483994E-6      -2.507333370630588E-6    -0.1790903617537685
3.228369173064152E-6      -2.942483974848713E-6    -0.2545529969386067
3.2494524427882396E-6     -2.847886167306825E-6    -0.1047554253952797
3.2705357125123264E-6     -2.7532883597649374E-6   0.047904369901594426
3.291618982236414E-6      -2.6586905522230497E-6   0.20056416519740344
3.3127022519605013E-6     -2.564092744681162E-6    0.35322396049360694
3.137599853587645E-6      -2.885724600798139E-6    -0.7572020984121819
3.1586831233117316E-6     -2.791126793256251E-6    -0.6102288211813227
3.1797663930358193E-6     -2.6965289857143634E-6   -0.4736774197317344
3.200849662759906E-6      -2.6019311781724756E-6   -0.33712601828172306
3.046830534111137E-6      -2.8289652267475652E-6   -1.27136401684758
3.067913803835224E-6      -2.734367419205677E-6    -1.132155977332867
3.088997073559312E-6      -2.6397696116637898E-6   -0.9956045758830421
2.9560612146346293E-6     -2.772205852696991E-6    -1.7855259352832933
2.9771444843587166E-6     -2.6776080451551034E-6   -1.6540831334843042
2.865291895158122E-6      -2.715446478646417E-6    -2.299687853718849
3.345451201492938E-6      -2.930816214142734E-6    0.3755653729586493
3.4625332299217235E-6     -2.919148453436755E-6    1.006115130830917
3.579615258350509E-6      -2.9074806927307755E-6   1.6366648887035793
3.696697286779295E-6      -2.895812932024797E-6    2.267214646575847
3.366534471217025E-6      -2.8362184066008463E-6   0.5279443394471837
3.4836164996458108E-6     -2.824550645894867E-6    1.1770978646550927
3.6006985280745963E-6     -2.8128828851888878E-6   1.8262513898628039
3.387617740941112E-6      -2.741620599058958E-6    0.6967125285900929
3.5046997693698984E-6     -2.7299528383529793E-6   1.345866053797903
3.4087010106651997E-6     -2.647022791517071E-6    0.8654807177326462
3.268178920885552E-6      -3.039190114258141E-6    -0.07889401414030425
3.307988668706952E-6      -3.1358962536675685E-6   0.09056559663823496
3.3477984165283513E-6     -3.232602393076996E-6    0.26002520741701085
3.3876081643497513E-6     -3.329308532486424E-6    0.42948481819531337
3.4274179121711512E-6     -3.4260146718958515E-6   0.5894612282688848
3.3852609493143374E-6     -3.0275223535521616E-6   0.5477226502308923
3.425070697135737E-6      -3.124228492961589E-6    0.7034907048497088
3.464880444957137E-6      -3.220934632371017E-6    0.8592587594682816
3.5046901927785373E-6     -3.317640771780445E-6    1.015842515385624
3.502342977743123E-6      -3.0158545928461823E-6   1.159668640768108
3.542152725564523E-6      -3.1125607322556107E-6   1.31543669538677
3.581962473385923E-6      -3.2092668716650383E-6   1.4715821446115098
3.6194250061719086E-6     -3.004186832140203E-6    1.7716146313056462
3.6592347539933086E-6     -3.1008929715496315E-6   1.9273217738373958
3.736507034600695E-6      -2.9925190714342246E-6   2.3830614030629658
3.847433729023755E-6      -3.490455331309619E-6    2.4472195557786884
3.819702055417989E-6      -3.365971266340771E-6    2.439049199860219
3.7919703818122244E-6     -3.241487201371922E-6    2.420220194667703
3.7642387082064593E-6     -3.117003136403073E-6    2.4013911894753455
3.7424297748106035E-6     -3.4743451664561773E-6   1.9844939440321978
3.714698101204838E-6      -3.3498611014873283E-6   1.9649188721352022
3.686966427599074E-6      -3.22537703651848E-6     1.9460898669428444
3.6374258205974523E-6     -3.4582350016027355E-6   1.5217683322858648
3.6096941469916876E-6     -3.3337509366338865E-6   1.4907885444100561
3.532421866384302E-6      -3.4421248367492933E-6   1.0590427205391768
3.906236760390335E-6      -3.60339819657172E-6     2.635117157724345
3.801232806177184E-6      -3.5872880317182783E-6   2.1811099975078405
3.696228851964033E-6      -3.571177866864836E-6    1.7297891017401124
3.5912248977508824E-6     -3.555067702011394E-6    1.2784682059725418
3.486220943537732E-6      -3.5389575371579525E-6   0.8105793797728162
3.860035837543765E-6      -3.700230896980379E-6    2.3787900681545544
3.755031883330614E-6      -3.6841207321269366E-6   1.925659088510486
3.6500279291174638E-6     -3.668010567273495E-6    1.4743381927429944
3.5450239749043126E-6     -3.651900402420053E-6    1.0166227990854106
3.8138349146971954E-6     -3.7970635973890376E-6   2.122462978585
3.7088309604840442E-6     -3.7809534325355954E-6   1.6702081795137138
3.603827006270894E-6      -3.7648432676821536E-6   1.2226662183983596
3.7676339918506255E-6     -3.893896297797696E-6    1.8661358890150517
3.6626300376374748E-6     -3.877786132944255E-6    1.4287096377110329
3.7214330690040557E-6     -3.990728998206355E-6    1.6258002835646927
3.993378906463292E-6      -3.691432130152243E-6    2.912627532345866
3.9471779836167225E-6     -3.7882648305609013E-6   2.655424262203797
3.900977060770153E-6      -3.88509753096956E-6     2.398220992061457
3.854776137923583E-6      -3.98193023137822E-6     2.1535029168451723
4.08052105253625E-6       -3.779466063732766E-6    3.1874516425184813
4.03432012968968E-6       -3.876298764141425E-6    2.9302483723761474
3.98811920684311E-6       -3.9731314645500834E-6   2.6751546613446555
4.167663198609206E-6      -3.867499997313289E-6    3.4622757526913563
4.121462275762636E-6      -3.964332697721948E-6    3.19680640584473
4.254805344682164E-6      -3.955533930893812E-6    3.71845815034441
4.117699654226703E-6      -4.3852862168330494E-6   2.964056794425134
4.18531184407045E-6       -4.275648453641206E-6    3.2713410337978073
4.2529240339141965E-6     -4.166010690449363E-6    3.578625273170757
4.320536223757944E-6      -4.05637292725752E-6     3.8859095125435483
3.9843565853071755E-6     -4.394084983661185E-6    2.462965302766044
4.051968775150923E-6      -4.284447220469342E-6    2.761093582415576
4.119580964994669E-6      -4.174809457277498E-6    3.074001200885264
4.187193154838416E-6      -4.065171694085655E-6    3.386908819355031
3.918625706231396E-6      -4.293245987297478E-6    2.2552757677438082
3.986237896075142E-6      -4.1836082241056346E-6   2.5627250922008757
4.05385008591889E-6       -4.073970460913791E-6    2.8756327106705886
3.852894827155615E-6      -4.19240699093377E-6     2.047586232721415
3.920507016999362E-6      -4.082769227741927E-6    2.3643566019860964
3.7871639480798354E-6     -4.091567994570063E-6    1.8398966976990612
4.451624808267468E-6      -4.539746524281003E-6    4.03420193374053
4.418852662140086E-6      -4.418903125025132E-6    3.994026464252815
4.386080516012705E-6      -4.298059725769261E-6    3.9538956751845142
4.353308369885324E-6      -4.17721632651339E-6     3.913764886116056
4.35124047229634E-6       -4.528540888216975E-6    3.6949880200345575
4.318468326168958E-6      -4.407697488961104E-6    3.6522348149086983
4.285696180041578E-6      -4.286854089705233E-6    3.61210402584024
4.250856136325211E-6      -4.517335252152947E-6    3.3557741063285467
4.2180839901978305E-6     -4.396491852897076E-6    3.3104431655643176
4.150471800354083E-6      -4.50612961608892E-6     3.016560192622614
4.422846878511361E-6      -4.6295560922119955E-6   3.9165935098699887
4.322462542540232E-6      -4.6183504561479686E-6   3.5799573318020634
4.222078206569104E-6      -4.607144820083941E-6    3.2433211537343345
4.394068948755253E-6      -4.71936566014299E-6     3.798940405579639
4.293684612784125E-6      -4.708160024078962E-6    3.4623042275118907
4.3652910189991454E-6     -4.809175228073983E-6    3.6812873012899257
-4.4244998818554775E-6    -4.7091547584230776E-7   -8.169140587092095
-4.311855956896613E-6     -4.817811114157946E-7    -9.636395702094916
-4.199212031937748E-6     -4.926467469892814E-7    -11.103650817096
-4.086568106978884E-6     -5.035123825627683E-7    -12.570905932098349
-4.382793276551172E-6     -3.789055077885435E-7    -9.16247644465893
-4.270149351592307E-6     -3.897711433620304E-7    -10.688490325289752
-4.157505426633443E-6     -4.006367789355172E-7    -12.214504205921076
-4.341086671246867E-6     -2.8689553973477935E-7   -10.21242026850977
-4.228442746288004E-6     -2.977611753082662E-7    -11.738434149140877
-4.299380065942562E-6     -1.948855716810152E-7    -11.262364092359917
-3.6522688805124367E-6    -2.1079401142287642E-7   -20.448731044424232
-3.7161031275592945E-6    -3.1366961505012747E-7   -18.78782103185954
-3.779937374606152E-6     -4.1654521867737847E-7   -17.12691101929422
-3.84377162165301E-6      -5.194208223046296E-7    -15.559638742548088
-3.585950567192284E-6     -3.187124192185018E-7    -20.35446744658375
-3.6497848142391423E-6    -4.2158802284575285E-7   -18.69355743401906
-3.7136190612859997E-6    -5.244636264730038E-7    -17.06324003388999
-3.519632253872132E-6     -4.2663082701412717E-7   -20.26020384874532
-3.5834665009189898E-6    -5.295064306413782E-7    -18.566841325234893
-3.45331394055198E-6      -5.345492348097525E-7    -20.070442616579005
1.013722184676702E-6      -2.1991489899021433E-7   -28.617135989105616
9.488724230676837E-7      -3.303837778358219E-7    -28.048846293452936
8.840226614586654E-7      -4.408526566814294E-7    -27.480556597798493
8.191728998496473E-7      -5.51321535527037E-7     -26.83372395858265
1.0814891060630796E-6     -3.2936091913482105E-7   -26.774922807418665
1.0166393444540615E-6     -4.3982979798042867E-7   -26.20663311176468
9.517895828450431E-7      -5.502986768260362E-7    -25.61441446221994
1.1492560274494573E-6     -4.388069392794278E-7    -24.932709625730354
1.084406265840439E-6      -5.492758181250353E-7    -24.39510496585739
1.217022948835835E-6      -5.482529594240346E-7    -23.175795469494993
-2.9907960008398104E-6    -2.1869619408771175E-7   -28.436309616906133
-3.0570138986496433E-6    -3.266146018833371E-7    -26.540027026743868
-3.1232317964594766E-6    -4.3453300967896247E-7   -24.643744436581287
-3.1894496942693103E-6    -5.424514174745878E-7    -22.831596110043673
-2.9233022127339837E-6    -3.294739803797981E-7    -27.843578016816334
-2.9895201105438174E-6    -4.373923881754235E-7    -25.94729542665391
-3.0557380083536503E-6    -5.453107959710489E-7    -24.081148927735175
-2.8558084246281574E-6    -4.4025176667188447E-7   -27.250846416726873
-2.922026322437991E-6     -5.481701744675098E-7    -25.330701745426044
-2.788314636522331E-6     -5.510295529639709E-7    -26.580254563117542
-2.3347880948603338E-6    -2.2163335550304773E-7   -34.52488865123464
-2.3970239285209215E-6    -3.3241114179513413E-7   -32.569706858824716
-2.4592597621815093E-6    -4.431889280872205E-7    -30.614525066416018
-2.521495595842097E-6     -5.539667143793068E-7    -28.72525821885077
-2.2639165737563466E-6    -3.324889247140091E-7    -33.50654182675394
-2.3261524074169347E-6    -4.4326671100609547E-7   -31.551360034343993
-2.3883882410775225E-6    -5.540444972981818E-7    -29.621821284230577
-2.1930450526523597E-6    -4.4334449392497045E-7   -32.4881950022738
-2.255280886312948E-6     -5.541222802170568E-7    -30.518384349609917
-2.122173531548373E-6     -5.542000631359318E-7    -31.41494741498847
3.431227613495623E-7      -2.2167440977349048E-7   -34.71847731159089
2.793862726884508E-7      -3.328799407013734E-7    -33.672620006699745
2.1564978402733935E-7     -4.440854716292563E-7    -32.6267627018093
1.5191329536622788E-7     -5.552910025571393E-7    -31.52781629276358
4.130470030604567E-7      -3.3214328861909805E-7   -32.76426769262262
3.4931051439934523E-7     -4.4334881954698096E-7   -31.718410387731804
2.8557402573823376E-7     -5.545543504748639E-7    -30.6580726907455
4.829712447713511E-7      -4.4261216746470556E-7   -30.81005807365469
4.192347561102396E-7      -5.538176983925885E-7    -29.78832908872719
5.528954864822455E-7      -5.530810463103132E-7    -28.918585486708245
-1.673158268869219E-6     -2.2197748485044462E-7   -38.438466415762264
-1.7340411727941443E-6    -3.32833054061406E-7     -36.53744301247188
-1.7949240767190696E-6    -4.436886232723673E-7    -34.636419609182205
-1.8558069806439951E-6    -5.545441924833287E-7    -32.775185481251974
-1.6007819766543408E-6    -3.3309940048992786E-7   -37.024805464298176
-1.6616648805792661E-6    -4.4395496970088924E-7   -35.12378206100783
-1.7225477845041914E-6    -5.548105389118505E-7    -33.24021662947638
-1.5284056844394626E-6    -4.442213161294111E-7    -35.61114451283483
-1.5892885883643881E-6    -5.550768853403725E-7    -33.70524777770228
-1.4560293922245847E-6    -5.553432317688944E-7    -34.170278925928585
-1.0015139856865408E-6    -2.2246684294785595E-7   -39.8356378563485
-1.0639070199236274E-6    -3.335887585873392E-7    -38.100629524664534
-1.1263000541607142E-6    -4.447106742268225E-7    -36.36562119298088
-1.1886930883978008E-6    -5.558325898663058E-7    -34.63975198872183
-9.298299122366473E-7     -3.3381177025622864E-7   -38.10690218967201
-9.922229464737341E-7     -4.449336858957119E-7    -36.371893857988205
-1.0546159807108207E-6    -5.560556015351952E-7    -34.64439254856332
-8.581458387867538E-7     -4.4515669756460133E-7   -36.3781665229962
-9.205388730238404E-7     -5.562786132040846E-7    -34.64903310840441
-7.864617653368603E-7     -5.56501624872974E-7     -34.65367366824606
-3.289874235110023E-7     -2.225504582362556E-7    -38.55826024504714
-3.920773533810214E-7     -3.338953855446283E-7    -37.115164205053375
-4.5516728325104046E-7    -4.45240312853001E-7     -35.672068165060786
-5.182572131210597E-7     -5.565852401613737E-7    -34.20609180111474
-2.57949908852201E-7      -3.337559891641385E-7    -36.643139668995296
-3.210398387222201E-7     -4.451009164725112E-7    -35.200043629001634
-3.841297685922392E-7     -5.56445843780884E-7     -33.75338360493791
-1.869123941933997E-7     -4.4496152009202144E-7   -34.728019092943654
-2.5000232406341884E-7    -5.563064474003941E-7    -33.30067540876038
-1.1587487953459842E-7    -5.561670510199044E-7    -32.847967212584024
1.0376934235337875E-6     -1.0969059132822267E-6   -20.250360141892873
1.1000826651932762E-6     -9.869707507703881E-7    -20.599091837405595
1.1624719068527646E-6     -8.770355882585496E-7    -20.93102712019146
1.2248611485122533E-6     -7.67100425746711E-7     -21.262962402978342
1.287250390171742E-6      -6.571652632348723E-7    -21.594897685764437
9.674659821978803E-7      -9.87993609471389E-7     -21.70167555374753
1.0298552238573688E-6     -8.780584469595504E-7    -22.06506512407918
1.0922444655168575E-6     -7.681232844477116E-7    -22.46374158103505
1.154633707176346E-6      -6.58188121935873E-7     -22.86241803799147
8.97238540861973E-7       -8.790813056605512E-7    -23.238789961168475
9.596277825214615E-7      -7.691461431487125E-7    -23.62843708772536
1.0220170241809504E-6     -6.592109806368739E-7    -24.027113544681544
8.270110995260658E-7      -7.701690018497133E-7    -24.775904368589572
8.894003411855544E-7      -6.602338393378748E-7    -25.19180905137209
7.567836581901586E-7      -6.612566980388756E-7    -26.313018776010594
1.3545254344061079E-6     -7.649607036182266E-7    -20.11533839963969
1.292136192746619E-6      -8.748958661300651E-7    -19.850144291023447
1.2297469510871305E-6     -9.848310286419038E-7    -19.584950182406835
1.167357709427642E-6      -1.0947661911537424E-6   -19.254635379998227
1.4218004786404735E-6     -8.727561440015806E-7    -18.738603959051048
1.359411236980985E-6      -9.826913065134194E-7    -18.473409850434635
1.2970219953214963E-6     -1.092626469025258E-6    -18.188331799400352
1.4890755228748391E-6     -9.805515843849349E-7    -17.36186951846207
1.4266862812153506E-6     -1.0904867468967737E-6   -17.12202821880247
1.5563505671092054E-6     -1.088347024768289E-6    -16.055724638204435
1.3862328777732148E-6     -1.6244126713337549E-6   -14.460176246428404
1.4461892728191838E-6     -1.516771597594965E-6    -14.575285320460345
1.5061456678651527E-6     -1.4091305238561748E-6   -14.676652165301748
1.5661020629111218E-6     -1.301489450117385E-6    -14.77801901014291
1.6260584579570906E-6     -1.1938483763785948E-6   -14.8793858549836
1.3165249869253295E-6     -1.5189113197234494E-6   -15.54744920121626
1.3764813819712984E-6     -1.4112702459846592E-6   -15.67648228480038
1.4364377770172672E-6     -1.3036291722458691E-6   -15.826426256045059
1.496394172063236E-6      -1.1959880985070791E-6   -15.976370227290491
1.2468170960774438E-6     -1.4134099681131435E-6   -16.70260529423534
1.3067734911234127E-6     -1.3057688943743535E-6   -16.847493085268564
1.3667298861693818E-6     -1.1981278206355635E-6   -16.99743705651362
1.1771092052295584E-6     -1.307908616502838E-6    -17.857761387254257
1.2370656002755272E-6     -1.2002675427640478E-6   -18.018503885737505
1.107401314381673E-6      -1.2024072648925324E-6   -19.01291748027318
1.6939155676768588E-6     -1.30118681352272E-6     -13.772276714661219
1.6339591726308897E-6     -1.40882788726151E-6     -13.719486996223539
1.5740027775849206E-6     -1.5164689610003E-6      -13.666697277785932
1.514046382538952E-6      -1.62411003473909E-6     -13.569319207274017
1.7617726773966267E-6     -1.408525250666845E-6    -12.74108511742047
1.701816282350658E-6      -1.516166324405635E-6    -12.688295398982968
1.641859887304689E-6      -1.623807398144425E-6    -12.626174967139445
1.829629787116395E-6      -1.51586368781097E-6     -11.709893520180076
1.769673392070426E-6      -1.6235047615497602E-6   -11.683030727003453
1.8974868968361633E-6     -1.6232021249550954E-6   -10.73988648686825
2.08059391953438E-6       -1.7462802245880473E-6   -8.99783327445806
2.13588743746686E-6       -1.8696609608156643E-6   -8.294988631263571
2.1911809553993395E-6     -1.993041697043281E-6    -7.592143988068842
2.2464744733318193E-6     -2.1164224332708982E-6   -6.889299344874667
2.301767991264299E-6      -2.239803169498515E-6    -6.254667745982242
2.2220709726906703E-6     -1.7519198085363656E-6   -7.874609929049577
2.2773644906231504E-6     -1.8753005447639824E-6   -7.188745315232519
2.3326580085556297E-6     -1.9986812809915993E-6   -6.502880701415579
2.38795152648811E-6       -2.1220620172192165E-6   -5.860650066185148
2.3635480258469613E-6     -1.757559392484684E-6    -6.76281519189904
2.4188415437794406E-6     -1.8809401287123009E-6   -6.076950578081832
2.474135061711921E-6      -2.004320864939918E-6    -5.411003985067961
2.5050250790032515E-6     -1.7631989764330024E-6   -5.6510204547485205
2.5603185969357313E-6     -1.8865797126606196E-6   -4.961357903950381
2.6465021321595426E-6     -1.7688385603813211E-6   -4.511711822832641
2.7768845680291887E-6     -2.2070130638906063E-6   -3.121098170527934
2.744288959061777E-6      -2.0974694380132846E-6   -3.4427654450988743
2.7116933500943654E-6     -1.9879258121359633E-6   -3.7899096060879782
2.6790977411269538E-6     -1.878382186258642E-6    -4.13705376707866
2.658105423837966E-6      -2.215210590292583E-6    -3.913541908257705
2.6255098148705545E-6     -2.1056669644152617E-6   -4.26327164498967
2.592914205903143E-6      -1.996123338537941E-6    -4.610415805979563
2.5393262796467437E-6     -2.22340811669456E-6     -4.705985645988264
2.506730670679332E-6      -2.113864490817239E-6    -5.083777844881032
2.420547135455521E-6      -2.231605643096538E-6    -5.498429383718429
2.7526563407214293E-6     -2.298987377312049E-6    -3.227752515981526
2.6338771965302064E-6     -2.307184903714026E-6    -3.9921337915503896
2.5150980523389843E-6     -2.315382430116003E-6    -4.756515067119669
2.396318908147762E-6      -2.3235799565179808E-6   -5.505675549341092
2.7284281134136695E-6     -2.3909616907334918E-6   -3.308929975015885
2.6096489692224474E-6     -2.399159217135469E-6    -4.0733112505849896
2.4908698250312253E-6     -2.407356743537446E-6    -4.830445489153957
2.7041998861059106E-6     -2.4829360041549343E-6   -3.3901074340499373
2.585420741914688E-6      -2.491133530556912E-6    -4.155215428966034
2.6799716587981516E-6     -2.5749103175763777E-6   -3.4799853687791362
1.695856566547827E-6      -2.0569111478283885E-6   -10.602492198586718
1.7617453335586418E-6     -1.970108815934797E-6    -10.457255621541155
1.8276341005694561E-6     -1.8833064840412052E-6   -10.295725591732786
1.893522867580271E-6      -1.7965041521476136E-6   -10.134195561924972
1.9594116345910857E-6     -1.709701820254022E-6    -9.972665532117627
1.6339318287929048E-6     -1.970411452529462E-6    -11.35180172544205
1.6998205958037191E-6     -1.8836091206358703E-6   -11.205583661897775
1.765709362814534E-6      -1.7968067887422784E-6   -11.070746124864439
1.8315981298253485E-6     -1.7100044568486868E-6   -10.935908587831113
1.5720070910379822E-6     -1.8839117572305351E-6   -12.115385326489301
1.6378958580487968E-6     -1.7971094253369433E-6   -11.978632726331954
1.7037846250596113E-6     -1.7103070934433518E-6   -11.843795189298302
1.5100823532830598E-6     -1.7974120619316083E-6   -12.87896892753671
1.5759711202938744E-6     -1.7106097300380167E-6   -12.751681790766456
1.4481576155281374E-6     -1.7109123666326817E-6   -13.642552528583883
1.8170388514911215E-6     -2.093489552162414E-6    -9.72522069049835
1.9382211364344156E-6     -2.130067956496439E-6    -8.854100840238502
2.0594034213777104E-6     -2.1666463608304643E-6   -7.982980989978733
2.1805857063210047E-6     -2.20322476516449E-6     -7.111861139718727
1.8829276185019359E-6     -2.006687220268822E-6    -9.573929450463716
2.0041099034452306E-6     -2.043265624602847E-6    -8.665882255309173
2.125292188388525E-6      -2.0798440289368727E-6   -7.7578350601544726
1.9488163855127505E-6     -1.9198848883752304E-6   -9.385706927880937
2.0699986704560452E-6     -1.9564632927092555E-6   -8.477659732726325
2.014705152523565E-6      -1.8330825564816387E-6   -9.197484405298633
2.312613641867746E-6      -2.844764145340785E-6    -5.222999598132235
2.4049954286305197E-6     -2.807548737191797E-6    -4.7587342147049885
2.4973772153932935E-6     -2.7703333290428083E-6   -4.281550706313606
2.589759002156067E-6      -2.73311792089382E-6     -3.804367197922341
2.6821407889188404E-6     -2.6959025127448313E-6   -3.3271836895312337
2.3104445117470565E-6     -2.7237719501723316E-6   -5.4207869247141165
2.4028262985098304E-6     -2.686556542023343E-6    -4.951378308551796
2.495208085272604E-6      -2.6493411338743542E-6   -4.46381415385907
2.5875898720353773E-6     -2.612125725725366E-6    -3.9762499991665012
2.3082753816263673E-6     -2.602779755003877E-6    -5.625152592176746
2.4006571683891407E-6     -2.5655643468548884E-6   -5.131070457698759
2.4930389551519146E-6     -2.5283489387059E-6      -4.643506303005965
2.3061062515056776E-6     -2.481787559835423E-6    -5.829518259639809
2.398488038268451E-6      -2.4445721516864344E-6   -5.310762606846037
2.3039371213849883E-6     -2.360795364666969E-6    -6.033883927101769
2.7722940990006137E-6     -2.785947126395867E-6    -2.7797468451344987
2.6799123122378402E-6     -2.8231625345448554E-6   -3.2700707345287716
2.587530525475066E-6      -2.860377942693844E-6    -3.736873596618338
2.4951487387122925E-6     -2.8975933508428323E-6   -4.203676458708062
2.402766951949519E-6      -2.934808758991821E-6    -4.667419837775756
2.770065622319613E-6      -2.913207148195891E-6    -2.7236029309091574
2.677683835556839E-6      -2.9504225563448794E-6   -3.1947677853212575
2.5853020487940657E-6     -2.9876379644938677E-6   -3.6615706474110605
2.4929202620312923E-6     -3.024853372642856E-6    -4.130723379442035
2.7678371456386124E-6     -3.040467169995915E-6    -2.667459016683816
2.6754553588758385E-6     -3.0776825781449035E-6   -3.1194648361136226
2.583073572113065E-6      -3.114897986293892E-6    -3.594026921107722
2.7656086689576118E-6     -3.167727191795939E-6    -2.61131510245879
2.6732268821948383E-6     -3.2049425999449276E-6   -3.0573304627738045
2.763380192276611E-6      -3.294987213595963E-6    -2.561172730911874
3.1353713769066438E-6     -3.012984622598163E-6    -0.7349850624859253
3.044602057430136E-6      -2.956225248547589E-6    -1.2370357756700592
2.9538327379536287E-6     -2.899465874497015E-6    -1.7434324563898913
2.8630634184771208E-6     -2.8427065004464408E-6   -2.249829137109723
3.0423735807491356E-6     -3.083485270347613E-6    -1.2009985507785605
2.9516042612726277E-6     -3.026725896297039E-6    -1.706447577147354
2.8608349417961206E-6     -2.969966522246465E-6    -2.21284425786687
2.9493757845916274E-6     -3.153985918097063E-6    -1.6670120390715901
2.8586064651151195E-6     -3.097226544046489E-6    -2.175859378624372
2.8563779884341193E-6     -3.224486565846513E-6    -2.133025527364067
3.1751811247280437E-6     -3.1096907620075905E-6   -0.5561798630822572
3.082183328570535E-6      -3.180191409757041E-6    -1.0187950381910216
2.989185532413027E-6      -3.2506920575064905E-6   -1.4814102132995726
2.8961877362555192E-6     -3.321192705255941E-6    -1.9173127222053141
3.2149908725494432E-6     -3.206396901417018E-6    -0.37302869614404854
3.1219930763919355E-6     -3.2768975491664685E-6   -0.8356438712528387
3.0289952802344273E-6     -3.3473981969159185E-6   -1.2870483321072257
3.2548006203708428E-6     -3.303103040826446E-6    -0.1898775292055754
3.161802824213335E-6      -3.373603688575896E-6    -0.6567839420091768
3.2946103681922435E-6     -3.399809180235874E-6    -0.026519551911325188
3.3589559377843416E-6     -3.5282471729651207E-6   0.25871825250910085
3.226148393805433E-6      -3.5020416813051428E-6   -0.3575390995890507
3.093340849826525E-6      -3.475836189645165E-6    -0.9723015377378162
2.9605333058476173E-6     -3.4496306979851872E-6   -1.58706397588672
2.8277257618687096E-6     -3.4234252063252097E-6   -2.2176356877181727
3.2904939633975315E-6     -3.6304796740343895E-6   -0.05568564202127306
3.1576864194186234E-6     -3.6042741823744115E-6   -0.6687654576227644
3.0248788754397157E-6     -3.578068690714434E-6    -1.2835278957714413
2.8920713314608076E-6     -3.5518631990544564E-6   -1.9054383917686928
3.2220319890107214E-6     -3.7327121751036583E-6   -0.37008953655180477
3.0892244450318133E-6     -3.7065066834436803E-6   -0.9799918156561115
2.9564169010529057E-6     -3.6803011917837028E-6   -1.5932410958194105
3.1535700146239122E-6     -3.834944676172927E-6    -0.6844934310820603
3.020762470645004E-6      -3.80873918451295E-6     -1.281043799870207
3.085108040237102E-6      -3.937177177242196E-6    -0.9845995317036156
3.417758969150922E-6      -3.6411900382272213E-6   0.4764300183136272
3.3492969947641124E-6     -3.74342253929649E-6     0.15884858728611978
3.2808350203773023E-6     -3.845655040365759E-6    -0.15873284374132915
3.212373045990493E-6      -3.947887541435028E-6    -0.4604603462299895
3.4765620005175025E-6     -3.754132903489322E-6    0.6926468701681513
3.4081000261306933E-6     -3.856365404558591E-6    0.3750654391407769
3.3396380517438832E-6     -3.95859790562786E-6     0.06350096247038722
3.535365031884084E-6      -3.867075768751422E-6    0.9088637220232569
3.466903057497274E-6      -3.969308269820692E-6    0.5874622711706851
3.594168063250665E-6      -3.980018634013524E-6    1.1114235798711407
3.6626741391854223E-6     -4.088808710071543E-6    1.357633778478232
3.5354091334320318E-6     -4.078098345878711E-6    0.8444840973598291
3.4081441276786412E-6     -4.0673879816858796E-6   0.330359762841615
3.28087912192525E-6       -4.056677617493047E-6    -0.1837645716767176
3.15361411617186E-6       -4.045967253300216E-6    -0.7068403548625976
3.603915209366789E-6      -4.186888421936731E-6    1.104470935632019
3.476650203613398E-6      -4.1761780577438985E-6   0.5912016088556066
3.349385197860008E-6      -4.1654676935510676E-6   0.07707727433741213
3.222120192106617E-6      -4.154757329358235E-6    -0.44066580071627687
3.5451562795481555E-6     -4.284968133801918E-6    0.8513080927858061
3.417891273794765E-6      -4.2742577696090865E-6   0.3379191203516562
3.2906262680413745E-6     -4.263547405416255E-6    -0.1744912465696012
3.4863973497295226E-6     -4.383047845667106E-6    0.5981452499400663
3.359132343976132E-6      -4.3723374814742745E-6   0.09168330757719287
3.728405018261202E-6      -4.18964770643525E-6     1.5736697049085266
3.6696460884425687E-6     -4.287727418300438E-6    1.3206265077202441
3.6108871586239357E-6     -4.385807130165626E-6    1.0675833105318502
3.5521282288053028E-6     -4.483886842030814E-6    0.8218552837849553
3.794135897336982E-6      -4.290486702798958E-6    1.790680284738246
3.7353769675183493E-6     -4.388566414664146E-6    1.5376370875501724
3.676618037699716E-6      -4.486646126529334E-6    1.287042188547134
3.8598667764127615E-6     -4.391325699162665E-6    2.007690864568383
3.801107846594129E-6      -4.489405411027854E-6    1.752229093309352
3.925597655488542E-6      -4.492164695526373E-6    2.2174159980711363
3.876215411428839E-6      -4.593179899521394E-6    2.0154188791175334
3.7517256025344256E-6     -4.590420615022874E-6    1.5550988466117168
3.627235793640012E-6      -4.587661330524354E-6    1.0947788141053976
3.826833167369135E-6      -4.694195103516414E-6    1.8207072064911047
3.7023433584747222E-6     -4.6914358190178945E-6   1.360387173985037
3.777450923309432E-6      -4.795210307511436E-6    1.6259955338646648
-4.5065850087865565E-6    -5.834677292635514E-7    -6.671125003889965
-4.599156247423688E-6     -6.34314904066929E-7     -5.286448536688326
-4.691727486060819E-6     -6.851620788703068E-7    -3.962752064011614
-4.78429872469795E-6      -7.360092536736845E-7    -2.639055591335375
-4.47602621075877E-6      -7.068856182582818E-7    -6.651975478182235
-4.568597449395901E-6     -7.577327930616596E-7    -5.333296690863094
-4.661168688033033E-6     -8.085799678650373E-7    -4.009600218185671
-4.445467412730984E-6     -8.303035072530124E-7    -6.6328259524754545
-4.538038651368116E-6     -8.811506820563901E-7    -5.380144845038221
-4.414908614703198E-6     -9.53721396247743E-7     -6.613676426767726
-4.393941083827692E-6     -5.943333648370383E-7    -8.140601347786792
-4.363382285799905E-6     -7.177512538317688E-7    -8.05545414219783
-4.33282348777212E-6      -8.411691428264991E-7    -7.970306936608295
-4.302264689744335E-6     -9.6458703182123E-7      -7.909630983154493
-4.281297158868826E-6     -6.051990004105251E-7    -9.549097697159032
-4.250738360841041E-6     -7.286168894052557E-7    -9.46395049157044
-4.220179562813256E-6     -8.520347783999861E-7    -9.396642506551645
-4.168653233909962E-6     -6.16064635984012E-7     -10.957594046532645
-4.138094435882177E-6     -7.394825249787425E-7    -10.88365402995069
-4.056009308951099E-6     -6.269302715574989E-7    -12.370665553347212
-3.907667755605395E-6     -6.306874195352512E-7    -14.065159320970244
-3.989752882536473E-6     -7.432396729564948E-7    -12.476139601098893
-4.071838009467551E-6     -8.557919263777384E-7    -10.995760109265056
-4.153923136398631E-6     -9.68344179798982E-7     -9.51538061743122
-4.236008263329709E-6     -1.0808964332202258E-6   -8.148415022947084
-3.84141132919077E-6      -7.469968209342471E-7    -14.09614838542648
-3.923496456121848E-6     -8.595490743554907E-7    -12.577038491407038
-4.005581583052927E-6     -9.721013277767345E-7    -11.096658999573043
-4.087666709984006E-6     -1.0846535811979779E-6   -9.667415957686984
-3.7751549027761447E-6    -8.63306222333243E-7     -14.127137449884925
-3.857240029707223E-6     -9.758584757544866E-7    -12.677937381715491
-3.939325156638302E-6     -1.0884107291757302E-6   -11.186416892426728
-3.7088984763615193E-6    -9.79615623732239E-7     -14.158126514341792
-3.790983603292598E-6     -1.0921678771534827E-6   -12.705417827165917
-3.6426420499468944E-6    -1.0959250251312348E-6   -14.154167757624663
-3.387057514137355E-6     -6.508586362087485E-7    -19.917265798902136
-3.5172100745043644E-6    -6.458158320403741E-7    -18.495468052894275
-3.6473626348713743E-6    -6.407730278719998E-7    -17.0549118849331
-3.7775151952383843E-6    -6.357302237036255E-7    -15.614355716970666
-3.4509536480897394E-6    -7.621252334393701E-7    -18.449632117812605
-3.5811062084567494E-6    -7.570824292709957E-7    -17.015991123538377
-3.7112587688237593E-6    -7.520396251026214E-7    -15.575434955576572
-3.514849782042125E-6     -8.733918306699916E-7    -16.981998436721977
-3.6450023424091343E-6    -8.683490265016172E-7    -15.536514194182073
-3.5787459159945094E-6    -9.846584279006132E-7    -15.514364755631341
-3.5078142145055874E-6    -1.0999248366789402E-6   -15.340559914201764
-3.3729863790642805E-6    -1.1039246482266455E-6   -16.48148167719618
-3.238158543622973E-6     -1.107924459774351E-6    -17.622403440190194
-3.103330708181666E-6     -1.1119242713220563E-6   -18.76332520318445
-2.968502872740359E-6     -1.1159240828697617E-6   -19.832590797894166
-3.4439180805532024E-6    -9.886582394483186E-7    -16.72325119174891
-3.309090245111895E-6     -9.926580509960238E-7    -17.91536630502163
-3.1742624096705877E-6    -9.966578625437292E-7    -19.107481418294604
-3.0394345742292816E-6    -1.0006576740914347E-6   -20.19347378174742
-3.380021946600817E-6     -8.773916422176969E-7    -18.17904162457236
-3.24519411115951E-6      -8.813914537654023E-7    -19.371156737844785
-3.110366275718203E-6     -8.853912653131077E-7    -20.52941452857683
-3.316125812648432E-6     -7.661250449870754E-7    -19.634832057395858
-3.1812979772071255E-6    -7.701248565347808E-7    -20.865355275406074
-3.252229678696048E-6     -6.548584477564538E-7    -21.201296022234057
-2.717382935033409E-6     -6.662959617422979E-7    -26.050262687775856
-2.8510946209490687E-6    -6.634365832458368E-7    -24.898633490179606
-2.9848063068647283E-6    -6.605772047493757E-7    -23.703078844870017
-3.118517992780388E-6     -6.577178262529149E-7    -22.507524199560745
-2.7801629194601468E-6    -7.787029920241638E-7    -24.47322613617751
-2.9138746053758063E-6    -7.758436135277028E-7    -23.294872670762434
-3.047586291291466E-6     -7.729842350312418E-7    -22.099318025453318
-2.842942903886884E-6     -8.911100223060298E-7    -22.89618958457806
-2.9766545898025435E-6    -8.882506438095687E-7    -21.691111851345507
-2.905722888313622E-6     -1.0035170525878957E-6   -21.319153032978686
3.794935338997017E-7      -1.1081871972826105E-6   -24.363877712112583
4.4090607049061163E-7     -9.97018636671696E-7     -25.078910407333506
5.023186070815215E-7      -8.858500760607814E-7    -25.800504989740908
5.637311436724315E-7      -7.746815154498669E-7    -26.522099572146885
6.251436802633415E-7      -6.635129548389523E-7    -27.24369415455476
3.072453401186058E-7      -9.977552887539714E-7    -25.866259512897365
3.6865787670951566E-7     -8.865867281430567E-7    -26.599207773901533
4.300704133004256E-7      -7.754181675321422E-7    -27.39324602217792
4.914829498913355E-7      -6.642496069212276E-7    -28.187284270453674
2.349971463375098E-7      -8.873233802253321E-7    -27.447680801119446
2.964096829284197E-7      -7.761548196144176E-7    -28.22438091213759
3.578222195193297E-7      -6.64986259003503E-7     -29.01841916041405
1.6274895255641389E-7     -7.76891471696693E-7     -29.029102089341848
2.241614891473238E-7      -6.657229110857784E-7    -29.849554050373648
9.050075877531792E-8      -6.664595631680537E-7    -30.61052337756322
6.953711215992486E-7      -7.7242525864979E-7      -25.620382077420373
6.339585850083387E-7      -8.835938192607046E-7    -24.971231160881636
5.725460484174287E-7      -9.947623798716191E-7    -24.322080244343265
5.111335118265188E-7      -1.1059309404825338E-6   -23.62277124239142
7.655985629351559E-7      -8.813375624606279E-7    -24.109525226224534
7.041860263442459E-7      -9.925061230715424E-7    -23.46037430968617
6.427734897533359E-7      -1.1036746836824569E-6   -22.796041006235516
8.35826004271063E-7       -9.902498662714657E-7    -22.59866837502912
7.74413467680153E-7       -1.1014184268823804E-6   -21.96931077007977
9.060534456069704E-7      -1.0991621700823034E-6   -21.142580533924814
-2.2944280216819817E-6    -1.1067044306005941E-6   -24.34926167513943
-2.233355652702345E-6     -9.962191136914367E-7    -25.834343810849177
-2.1722832837227084E-6    -8.857337967822792E-7    -27.402776253457052
-2.1112109147430717E-6    -7.752484798731218E-7    -28.971208696064927
-2.050138545763435E-6     -6.647631629639642E-7    -30.53964113867241
-2.3664630074669196E-6    -9.961413307725617E-7    -25.025887233284134
-2.305390638487283E-6     -8.856560138634041E-7    -26.529878024792996
-2.2443182695076463E-6    -7.751706969542466E-7    -28.13993423392291
-2.1832459005280096E-6    -6.646853800450891E-7    -29.749990443053502
-2.438497993251858E-6     -8.855782309445292E-7    -25.70585686555216
-2.377425624272221E-6     -7.750929140353716E-7    -27.283643071094737
-2.316353255292584E-6     -6.646075971262142E-7    -28.89369928022512
-2.5105329790367958E-6    -7.750151311164968E-7    -26.385826497819554
-2.4494606100571587E-6    -6.645298142073392E-7    -28.03740811739588
-2.5825679648217337E-6    -6.644520312884643E-7    -27.06579613008853
-2.6453479492484713E-6    -7.768590615703303E-7    -25.400163021828092
-2.708127933675209E-6     -8.892660918521963E-7    -23.84985073804707
-2.770907918101946E-6     -1.0016731221340622E-6   -22.299538454266205
-2.833687902528684E-6     -1.1140801524159282E-6   -20.812829965316418
-2.573312963463533E-6     -8.874221613983628E-7    -24.79398880359287
-2.636092947890271E-6     -9.998291916802287E-7    -23.24367651981193
-2.698872932317008E-6     -1.1122362219620947E-6   -21.717911152975468
-2.5012779776785955E-6    -9.979852612263952E-7    -24.18781458535889
-2.564057962105333E-6     -1.1103922915082611E-6   -22.62299234063365
-2.429242991893657E-6     -1.1085483610544276E-6   -23.52807352829302
-1.6254817899676683E-6    -1.1062206369303964E-6   -27.098940055350926
-1.564939471191091E-6     -9.960984251838004E-7    -28.511470493238434
-1.5043971524145136E-6    -8.859762134372044E-7    -29.99406211222115
-1.443854833637936E-6     -7.758540016906084E-7    -31.476653731202205
-1.3833125148613584E-6    -6.657317899440123E-7    -32.95924535018405
-1.6981986673308945E-6    -9.958320787552785E-7    -28.095078594362647
-1.637656348554317E-6     -8.857098670086825E-7    -29.52857672263028
-1.5771140297777394E-6    -7.755876552620863E-7    -31.066742578582335
-1.5165717110011621E-6    -6.654654435154904E-7    -32.60490843453388
-1.7709155446941205E-6    -8.854435205801605E-7    -29.11781947821433
-1.7103732259175429E-6    -7.753213088335645E-7    -30.6240427339582
-1.6498309071409656E-6    -6.651990970869685E-7    -32.16220858990921
-1.8436324220573464E-6    -7.750549624050426E-7    -30.140560362064438
-1.7830901032807689E-6    -6.649327506584465E-7    -31.71950874528467
-1.9163492994205726E-6    -6.646664042299246E-7    -31.163301245915488
-1.9774216684002092E-6    -7.751517211390822E-7    -29.522984915088124
-2.0384940373798455E-6    -8.856370380482396E-7    -27.996176239001734
-2.099566406359482E-6     -9.961223549573972E-7    -26.469367562916222
-2.1606387753391192E-6    -1.1066076718665546E-6   -24.98488731873139
-1.904704791036983E-6     -8.855402793142E-7       -28.572969158711384
-1.9657771600166197E-6    -9.960255962233575E-7    -27.046160482625584
-2.0268495289962563E-6    -1.106510913132515E-6    -25.536992152434102
-1.831987913673757E-6     -9.95928837489318E-7     -27.62295340233562
-1.8930602826533939E-6    -1.1064141543984756E-6   -26.089096986136653
-1.7592710363105312E-6    -1.106317395664436E-6    -26.64120181983968
-2.872172189136195E-7     -1.1115476488913191E-6   -27.031203693558272
-2.261232621320512E-7     -1.0004436500409383E-6   -28.05328133404666
-1.650293053504829E-7     -8.893396511905573E-7    -29.105919913658475
-1.039353485689146E-7     -7.782356523401764E-7    -30.15855849326919
-4.284139178734629E-8     -6.671316534897954E-7    -31.211197072881475
-3.602507066608716E-7     -1.000583046421428E-6    -28.4653133426325
-2.991567498793033E-7     -8.894790475710471E-7    -29.50817541210215
-2.38062793097735E-7      -7.783750487206661E-7    -30.633128910827082
-1.769688363161667E-7     -6.672710498702852E-7    -31.75808240955177
-4.3328419440812376E-7    -8.896184439515368E-7    -29.96578334379496
-3.721902376265554E-7     -7.785144451011558E-7    -31.066520767122437
-3.1109628084498713E-7    -6.67410446250775E-7     -32.1914742658463
-5.063176821553758E-7     -7.786538414816458E-7    -31.46625334495789
-4.4522372537380747E-7    -6.675498426312648E-7    -32.62486612214279
-5.79351169902628E-7      -6.676892390117546E-7    -32.9667233461213
2.940680199374964E-8      -7.775635620184348E-7    -29.560034154296698
-3.168715478781866E-8     -8.886675608688156E-7    -28.5797104937987
-9.278111156938695E-8     -9.997715597191964E-7    -27.599386833300205
-1.5387506835095527E-7    -1.1108755585695774E-6   -26.59005662407275
1.0165499577484558E-7     -8.879954705470739E-7    -28.022364716087687
4.056103899327728E-8      -9.99099469397455E-7     -27.042041055589483
-2.0532917788291007E-8    -1.1102034682478358E-6   -26.054555569535246
1.7390318955594151E-7     -9.98427379075713E-7     -26.484695277879215
1.128092327743732E-7      -1.109531377926094E-6    -25.51905451499774
2.461513833370375E-7      -1.1088592876043524E-6   -24.983553460461422
-9.568086153182948E-7     -1.109672601267414E-6    -27.987034746126465
-8.959238237846119E-7     -9.99083008322304E-7     -29.24579197203335
-8.350390322509288E-7     -8.884934153771937E-7    -30.55668251601935
-7.741542407172459E-7     -7.779038224320837E-7    -31.86757306000567
-7.13269449183563E-7      -6.673142294869735E-7    -33.17846360399215
-1.0300009314715921E-6    -9.988599966534144E-7    -29.245402728160116
-9.691161399379092E-7     -8.882704037083043E-7    -30.52594348775962
-9.082313484042262E-7     -7.776808107631942E-7    -31.9032678185641
-8.473465568705432E-7     -6.670912178180841E-7    -33.2805921493685
-1.1031932476248893E-6    -8.880473920394149E-7    -30.55202485420766
-1.0423084560912063E-6    -7.774577990943047E-7    -31.90025936388924
-9.814236645575233E-7     -6.668682061491947E-7    -33.2775836946932
-1.1763855637781867E-6    -7.772347874254153E-7    -31.858646980253624
-1.1155007722445037E-6    -6.666451944803053E-7    -33.274575240018144
-1.2495778799314838E-6    -6.664221828114158E-7    -33.165269106300215
-1.3101201987080613E-6    -7.765443945580119E-7    -31.631954045245642
-1.3706625174846385E-6    -8.866666063046079E-7    -30.204936663233735
-1.4312048362612162E-6    -9.96788818051204E-7     -28.777919281221987
-1.4917471550377937E-6    -1.1069110297978E-6      -27.3698513010186
-1.236927882554764E-6     -8.873569991720114E-7    -30.393025669281833
-1.2974702013313416E-6    -9.974792109186074E-7    -28.96600828727001
-1.3580125201079188E-6    -1.1076014226652034E-6   -27.54866450274077
-1.1637355664014665E-6    -9.98169603786011E-7     -29.1540972933184
-1.2242778851780442E-6    -1.1082918155326068E-6   -27.727477704463176
-1.0905432502481696E-6    -1.1089822084000106E-6   -27.906290906185585
-6.402359614363108E-7     -7.782788319568647E-7    -31.63073195663495
-7.011207529699938E-7     -8.888684249019748E-7    -30.386275199466237
-7.620055445036767E-7     -9.994580178470848E-7    -29.141818442298113
-8.228903360373597E-7     -1.110047610792195E-6    -27.892138942290796
-5.672024736890587E-7     -8.892434344267558E-7    -30.188137309329218
-6.280872652227416E-7     -9.998330273718659E-7    -28.943680552160888
-6.889720567564246E-7     -1.1104226203169761E-6   -27.700640038755846
-4.941689859418066E-7     -1.000208036896647E-6    -28.745542662023613
-5.550537774754896E-7     -1.110797629841757E-6    -27.50914113522133
-4.2113549819455457E-7    -1.1111726393665383E-6   -27.317642231686776
9.797154296710357E-7      -1.2093581178748038E-6   -19.831783770330787
8.480754517442184E-7      -1.2116143746748805E-6   -20.707969224209297
7.164354738174013E-7      -1.2138706314749572E-6   -21.499723761864686
5.847954958905842E-7      -1.216126888275034E-6    -22.291478299518495
4.53155517963767E-7       -1.2183831450751109E-6   -23.035200684728444
9.217374358082837E-7      -1.3218103224673807E-6   -19.39798722190369
7.900974578814665E-7      -1.3240665792674576E-6   -20.218588904405618
6.584574799546494E-7      -1.326322836067534E-6    -21.01034344206022
5.268175020278323E-7      -1.328579092867611E-6    -21.784136463971805
8.637594419455319E-7      -1.4342625270599577E-6   -18.964190673477383
7.321194640187146E-7      -1.4365187838600345E-6   -19.7292085846003
6.004794860918975E-7      -1.4387750406601112E-6   -20.533072243212956
8.0578144808278E-7        -1.5467147316525348E-6   -18.530394125050996
6.741414701559629E-7      -1.5489709884526115E-6   -19.282008022456157
7.478034542200281E-7      -1.6591669362451117E-6   -18.095046881682844
1.0494233205189211E-6     -1.3148594694851095E-6   -18.608051468536722
9.914453266561691E-7      -1.4273116740776863E-6   -18.22983869148794
9.334673327934174E-7      -1.5397638786702634E-6   -17.851625914439303
8.754893389306656E-7      -1.6522160832628405E-6   -17.427984135231796
1.1191312113668066E-6     -1.420360821095415E-6    -17.46875008296786
1.0611532175040546E-6     -1.532813025687992E-6    -17.090537305919202
1.0031752236413028E-6     -1.645265230280569E-6    -16.69610663493239
1.1888391022146919E-6     -1.5258621727057204E-6   -16.329448697398295
1.13086110835194E-6       -1.6383143772982975E-6   -15.964229134632989
1.2585469930625775E-6     -1.6313635243160265E-6   -15.23235163433382
1.3344708195064273E-6     -1.7441863511701493E-6   -14.204732873690922
1.2067849347957898E-6     -1.7511372041524205E-6   -14.962499371962156
1.0790990500851523E-6     -1.7580880571346917E-6   -15.665165764040687
9.51413165374515E-7       -1.7650389101169633E-6   -16.367832156118904
8.237272806638778E-7      -1.7719897630992347E-6   -17.03659062070326
1.282708761239639E-6      -1.8639600310065431E-6   -13.933693563704622
1.1550228765290019E-6     -1.8709108839888148E-6   -14.650442787087487
1.0273369918183646E-6     -1.877861736971086E-6    -15.353109179165546
8.996511071077273E-7      -1.8848125899533576E-6   -16.043556647075405
1.2309467029728514E-6     -1.9837337108429374E-6   -13.66265425371785
1.103260818262214E-6      -1.9906845638252086E-6   -14.33838620221145
9.755749335515769E-7      -1.99763541680748E-6     -15.050522673446528
1.1791846447060636E-6     -2.1035073906793316E-6   -13.391614943731865
1.0514987599954264E-6     -2.1104582436616032E-6   -14.057488699818833
1.127422586439276E-6      -2.223281070515726E-6    -13.125954273939854
1.5821697705261168E-6     -2.090185132365856E-6    -11.139146333290835
1.5202450327711944E-6     -2.003685437066929E-6    -11.887278354515706
1.4583202950162716E-6     -1.9171857417680025E-6   -12.641396492176414
1.3963955572613492E-6     -1.8306860464690757E-6   -13.395514629837281
1.4684829745044065E-6     -2.1234591169033234E-6   -11.65208877812098
1.406558236749484E-6      -2.0369594216043968E-6   -12.411374457078878
1.3446334989945617E-6     -1.95045972630547E-6     -13.165492594739664
1.3547961784826964E-6     -2.156733101440791E-6    -12.165031222951633
1.2928714407277738E-6     -2.070233406141864E-6    -12.935470559641603
1.241109382460986E-6      -2.1900070859782582E-6   -12.677973667782368
1.693573437848032E-6      -2.1850664738611025E-6   -10.209112975298288
1.6912903091482368E-6     -2.313221799893816E-6    -9.835313162625258
1.689007180448442E-6      -2.4413771259265295E-6   -9.461513349952465
1.686724051748647E-6      -2.5695324519592434E-6   -9.087713537279512
1.684440923048852E-6      -2.697687777991957E-6    -8.753961453857512
1.8147557227913262E-6     -2.2216448781951276E-6   -9.345386589918993
1.8124725940915313E-6     -2.349800204227841E-6    -9.002483771887148
1.8101894653917363E-6     -2.4779555302605546E-6   -8.659580953855897
1.8079063366919414E-6     -2.606110856293269E-6    -8.33127060640296
1.9359380077346205E-6     -2.2582232825291527E-6   -8.51119408455372
1.933654879034826E-6      -2.3863786085618666E-6   -8.168291266522308
1.931371750335031E-6      -2.51453393459458E-6     -7.8322413942755995
2.057120292677915E-6      -2.294801686863178E-6    -7.677001579188684
2.0548371639781202E-6     -2.4229570128958918E-6   -7.333212182147767
2.1783025776212096E-6     -2.3313800911972034E-6   -6.834182970020407
1.5798866418263215E-6     -2.2183404583985697E-6   -10.740435642411121
1.4661998458046114E-6     -2.2516144429360373E-6   -11.242224429509575
1.3525130497829013E-6     -2.2848884274735045E-6   -11.744013216608028
1.2388262537611912E-6     -2.318162412010972E-6    -12.214298293692643
1.5776035131265267E-6     -2.346495784431283E-6    -10.335738835097063
1.4639167171048166E-6     -2.379769768968751E-6    -10.83752762219536
1.3502299210831064E-6     -2.4130437535062185E-6   -11.33542815314732
1.5753203844267316E-6     -2.474651110463997E-6    -9.9310420277819
1.4616335884050215E-6     -2.5079250950014643E-6   -10.45655801260196
1.573037255726937E-6      -2.602806436496711E-6    -9.577687872056678
2.186979098103967E-6      -2.81534887187102E-6     -5.931853614382291
2.184809967983278E-6      -2.6943566767025655E-6   -6.138439308883892
2.182640837862588E-6      -2.5733644815341115E-6   -6.367478494661557
2.180471707741899E-6      -2.4523722863656574E-6   -6.596517680439223
2.0613445543401885E-6     -2.785933598401254E-6    -6.63994968659229
2.0591754242194988E-6     -2.6649414032327994E-6   -6.874247231582812
2.0570062940988095E-6     -2.543949208064346E-6    -7.103286417360635
1.9357100105764094E-6     -2.7565183249314882E-6   -7.348045758802291
1.93354088045572E-6       -2.635526129763034E-6    -7.6100551542820645
1.8100754668126307E-6     -2.7271030514617226E-6   -8.056141831012331
2.257882218907667E-6      -2.942342408476958E-6    -5.366982381815412
2.132247675143888E-6      -2.912927135007192E-6    -6.067339491499727
2.0066131313801093E-6     -2.8835118615374265E-6   -6.747723713220077
1.8809785876163304E-6     -2.854096588067661E-6    -7.428107934940625
1.755344043852552E-6      -2.8246813145978956E-6   -8.112958868519588
2.2031507959475883E-6     -3.0399206716131303E-6   -5.499179591598528
2.077516252183809E-6      -3.0105053981433647E-6   -6.180371877340232
1.9518817084200305E-6     -2.9810901246735995E-6   -6.860756099060365
1.8262471646562517E-6     -2.951674851203834E-6    -7.5466173293166925
2.148419372987509E-6      -3.1374989347493037E-6   -5.631376801381644
2.02278482922373E-6       -3.1080836612795377E-6   -6.293404263180126
1.8971502854599514E-6     -3.0786683878097724E-6   -6.980275790113479
2.09368795002743E-6       -3.235077197885476E-6    -5.7635740111653515
1.9680534062636517E-6     -3.2056619244157107E-6   -6.413934250910504
2.0389565270673512E-6     -3.332655461021649E-6    -5.887141589637667
2.34803552898944E-6       -3.032387022127993E-6    -4.815722388480319
2.2933041060293607E-6     -3.1299652852641657E-6   -4.967084422206441
2.238572683069282E-6      -3.2275435484003387E-6   -5.11844645593285
2.183841260109203E-6      -3.3251218115365117E-6   -5.244345684880919
2.438188839071213E-6      -3.1224316357790285E-6   -4.284435283109551
2.383457416111134E-6      -3.2200098989152015E-6   -4.435797316835922
2.328725993151055E-6      -3.3175881620513745E-6   -4.57931039392618
2.528342149152986E-6      -3.2124762494300643E-6   -3.7531481777384927
2.473610726192907E-6      -3.3100545125662373E-6   -3.9142751029714793
2.6184954592347596E-6     -3.3025208630811E-6      -3.2492398120167794
2.4141072657655796E-6     -3.903131468108438E-6    -3.7807463305252185
2.4839618510677864E-6     -3.781502617205943E-6    -3.5499828784269853
2.5538164363699924E-6     -3.659873766303448E-6    -3.3104247315750093
2.6236710216721983E-6     -3.538244915400953E-6    -3.0708665847225998
2.6935256069744047E-6     -3.416616064498458E-6    -2.8313084378707423
2.339077118025934E-6      -3.7890362666910803E-6   -4.179213875770742
2.40893170332814E-6       -3.6674074157885853E-6   -3.952784719112435
2.478786288630347E-6      -3.54577856488609E-6     -3.7273959966303134
2.5486408739325528E-6     -3.424149713983595E-6    -3.5020072741479096
2.2640469702862884E-6     -3.6749410652737225E-6   -4.599434253196815
2.3339015555884944E-6     -3.553312214371227E-6    -4.3748174394422055
2.4037561408907008E-6     -3.4316833634687324E-6   -4.149428716960005
2.189016822546643E-6      -3.5608458638563646E-6   -5.019654630623005
2.258871407848849E-6      -3.4392170129538696E-6   -4.796850159772325
2.113986674806997E-6      -3.4467506624390067E-6   -5.439875008049158
2.5483074206598844E-6     -3.90994060993519E-6     -3.22938240451799
2.6825075755541885E-6     -3.9167497517619416E-6   -2.667508393510669
2.8167077304484933E-6     -3.923558893588693E-6    -2.1056343825032293
2.9509078853427977E-6     -3.930368035415445E-6    -1.5437603714957504
2.6181620059620904E-6     -3.788311759032695E-6    -2.994627675066644
2.7523621608563944E-6     -3.795120900859446E-6    -2.4200415920613105
2.8865623157506993E-6     -3.801930042686198E-6    -1.8454555090560818
2.6880165912642964E-6     -3.6666829081301994E-6   -2.7409001038441234
2.8222167461586012E-6     -3.6734920499569515E-6   -2.166314020839105
2.7578711765665028E-6     -3.5450540572277043E-6   -2.487172532622181
2.8298548344160067E-6     -4.35858362937502E-6     -1.9654085750185517
2.89366813587128E-6       -4.253232016341814E-6    -1.7241890403288127
2.9574814373265545E-6     -4.147880403308608E-6    -1.4829695056389554
3.0212947387818283E-6     -4.042528790275402E-6    -1.2417499709491768
2.6956546795217023E-6     -4.351774487548268E-6    -2.506281255135325
2.759467980976976E-6      -4.246422874515062E-6    -2.2701531094012193
2.8232812824322496E-6     -4.141071261481856E-6    -2.0344099881737936
2.8870945838875235E-6     -4.03571964844865E-6     -1.7986668669462493
2.6252678260826713E-6     -4.23961373268831E-6     -2.8198481520655796
2.689081127537945E-6      -4.1342621196551045E-6   -2.583571927183365
2.752894428993219E-6      -4.028910506621899E-6    -2.3478288059558707
2.5548809726436407E-6     -4.127452977828353E-6    -3.1334150489959915
2.618694274098914E-6      -4.0221013647951465E-6   -2.89699074496555
2.48449411920461E-6       -4.015292222968395E-6    -3.446981945926325
3.089800814716586E-6      -4.151318866333422E-6    -0.9624877516826116
3.0259875132613116E-6     -4.256670479366628E-6    -1.209183699834861
2.9621742118060373E-6     -4.362022092399833E-6    -1.455879647986906
2.898360910350764E-6      -4.467373705433039E-6    -1.6942362072222537
3.158306890651343E-6      -4.260108942391441E-6    -0.6909804894038355
3.094493589196069E-6      -4.3654605554246465E-6   -0.937676437555955
3.0306802877407953E-6     -4.470812168457852E-6    -1.181585033442335
3.2268129665861E-6        -4.3688990184494605E-6   -0.41947322712479923
3.1629996651308268E-6     -4.474250631482666E-6    -0.6689338596622585
3.295319042520858E-6      -4.47768909450748E-6     -0.15628268588241867
3.1227264719719785E-6     -4.7890125599881035E-6   -0.8189614107203749
3.180257328821605E-6      -4.6852380714945616E-6   -0.6008407427865219
3.2377881856712316E-6     -4.581463583001021E-6    -0.3827200748528119
3.0479379514315737E-6     -4.681799608469748E-6    -1.1079398799152826
3.1054688082812002E-6     -4.578025119976207E-6    -0.8898192119815345
2.9731494308911688E-6     -4.5745866569513934E-6   -1.396918349110491
-3.910361135823162E-6     -1.5879148424669419E-6   -9.347586997105346
-3.856817318647909E-6     -1.4895168789998008E-6   -10.272653282076625
-3.803273501472655E-6     -1.391118915532659E-6    -11.222927347274009
-3.7497296842974013E-6    -1.2927209520655177E-6   -12.17320141247076
-3.6961858671221476E-6    -1.1943229885983764E-6   -13.123475477668144
-4.005158871993613E-6     -1.4857597310220484E-6   -8.847414447519656
-3.9516150548183585E-6    -1.3873617675549067E-6   -9.774876024305511
-3.898071237643104E-6     -1.2889638040877654E-6   -10.727250476973175
-3.844527420467851E-6     -1.190565840620624E-6    -11.679624929640525
-4.0999566081640625E-6    -1.3836046195771544E-6   -8.315531964181078
-4.046412790988809E-6     -1.285206656110013E-6    -9.27052698963646
-3.992868973813555E-6     -1.1868086926428717E-6   -10.222901442304067
-4.194754344334512E-6     -1.281449508132261E-6    -7.783649480842186
-4.141210527159258E-6     -1.1830515446651192E-6   -8.766177954967095
-4.289552080504963E-6     -1.1792943966873671E-6   -7.251766997504477
-4.76143831046281E-6      -1.4375516798798622E-6   -1.8618265643358751
-4.646006657590537E-6     -1.51681835985409E-6     -2.836290923900627
-4.530575004718264E-6     -1.596085039828318E-6    -3.810755283465625
-4.415143351845992E-6     -1.6753517198025461E-6   -4.715422201995247
-4.638308273797892E-6     -1.3672652512140718E-6   -3.2295155418734653
-4.52287662092562E-6      -1.4465319311882998E-6   -4.2039799014382
-4.407444968053347E-6     -1.5257986111625278E-6   -5.160664365283256
-4.515178237132975E-6     -1.2969788225482815E-6   -4.597204519411021
-4.399746584260702E-6     -1.3762455025225098E-6   -5.6059065285707135
-4.392048200468058E-6     -1.2266923938824917E-6   -6.051148691858171
-4.012857255786257E-6     -1.6353128396620665E-6   -8.322231450659894
-4.107654991956707E-6     -1.5331577282171726E-6   -7.815651682789533
-4.202452728127157E-6     -1.4310026167722788E-6   -7.256235750782376
-4.297250464297607E-6     -1.3288475053273852E-6   -6.696819818775536
-4.115353375749352E-6     -1.6827108368571907E-6   -7.307523056029629
-4.210151111919802E-6     -1.580555725412297E-6    -6.758976042180284
-4.3049488480902524E-6    -1.4784006139674034E-6   -6.199560110172969
-4.217849495712446E-6     -1.7301088340523153E-6   -6.292814661399915
-4.312647231882896E-6     -1.6279537226074215E-6   -5.702300401570715
-4.320345615675542E-6     -1.7775068312474397E-6   -5.278106266769493
-3.787399491106018E-6     -1.6184522505923236E-6   -10.18313346506003
-3.6644378463888735E-6    -1.648989658717705E-6    -10.997664585801004
-3.5414762016717296E-6    -1.6795270668430865E-6   -11.812195706541669
-3.4185145569545848E-6    -1.7100644749684683E-6   -12.626726827282486
-3.295552912237441E-6     -1.7406018830938496E-6   -13.351889173945574
-3.7338556739307643E-6    -1.520054287125182E-6    -11.105521295386158
-3.6108940292136194E-6    -1.5505916952505634E-6   -11.944961085594413
-3.4879323844964755E-6    -1.5811291033759452E-6   -12.784400875802746
-3.3649707397793315E-6    -1.611666511501327E-6    -13.527936782164964
-3.68031185675551E-6      -1.4216563236580406E-6   -12.053694973113712
-3.557350212038366E-6     -1.4521937317834223E-6   -12.893134763321829
-3.4343885673212222E-6    -1.4827311399088037E-6   -13.693790945729642
-3.626768039580257E-6     -1.323258360190899E-6    -13.001868650839729
-3.503806394863113E-6     -1.3537957683162808E-6   -13.859645109294712
-3.5732242224050036E-6    -1.224860396723758E-6    -14.025499272859943
-3.033912880639776E-6     -1.2408596429145794E-6   -18.43442680521828
-3.1687407160810824E-6    -1.236859831366874E-6    -17.37014145529869
-3.3035685515223893E-6    -1.2328600198191685E-6   -16.28041304258298
-3.4383963869636967E-6    -1.2288602082714631E-6   -15.19068462986774
-3.0993228885391917E-6    -1.3657952029593968E-6   -17.136363029331356
-3.2341507239804986E-6    -1.3617953914116916E-6   -16.057438602971445
-3.3689785594218056E-6    -1.3577955798639862E-6   -14.967710190256286
-3.1647328964386083E-6    -1.4907307630042143E-6   -15.838299253444116
-3.2995607318799153E-6    -1.486730951456509E-6    -14.744735750645006
-3.230142904338024E-6     -1.6156663230490322E-6   -14.54023547755735
-2.6005352021025566E-6    -1.6587956746739164E-6   -18.142003432110922
-2.6741287362301173E-6    -1.5502213563130856E-6   -18.483715241479047
-2.747722270357678E-6     -1.4416470379522545E-6   -18.82563866763969
-2.821315804485238E-6     -1.3330727195914236E-6   -19.167562093801678
-2.894909338612799E-6     -1.2244984012305926E-6   -19.50948551996177
-2.7395387441295335E-6    -1.6751569163579032E-6   -17.236215975925795
-2.8131322782570938E-6    -1.5665825979970722E-6   -17.56190112240685
-2.8867258123846545E-6    -1.458008279636241E-6    -17.84426199574526
-2.9603193465122147E-6    -1.3494339612754102E-6   -18.126622869083985
-2.8785422861565104E-6    -1.6915181580418898E-6   -16.275838791065638
-2.9521358202840707E-6    -1.5829438396810588E-6   -16.560837296298185
-3.0257293544116314E-6    -1.474369521320228E-6    -16.843198169636985
-3.017545828183487E-6     -1.7078793997258764E-6   -15.315461606205792
-3.0911393623110476E-6    -1.5993050813650451E-6   -15.559773470189201
-3.156549370210464E-6     -1.724240641409863E-6    -14.355084421345634
-2.5393137660184418E-6    -1.548377425859252E-6    -19.308374843791672
-2.4780923299343265E-6    -1.4379591770445875E-6   -20.548552367687055
-2.4168708938502117E-6    -1.327540928229923E-6    -21.788729891582044
-2.3556494577660965E-6    -1.2171226794152585E-6   -23.028907415477423
-2.612907300146002E-6     -1.439803107498421E-6    -19.671975823196554
-2.5516858640618872E-6    -1.3293848586837564E-6   -20.939486111950878
-2.4904644279777724E-6    -1.218966609869092E-6    -22.20699640070598
-2.6865008342735627E-6    -1.3312287891375901E-6   -20.07346180218134
-2.625279398189448E-6     -1.2208105403229257E-6   -21.340972090935665
-2.760094368401123E-6     -1.222654470776759E-6    -20.474947781164694
3.2108565693830005E-7     -1.2200319987622312E-6   -23.658965897296607
1.8774350637563582E-7     -1.2207040890839729E-6   -24.26350013812744
5.4401355812971525E-8     -1.2213761794057145E-6   -24.777156469492496
-7.894079474969267E-8     -1.2220482697274562E-6   -25.29081280085629
-2.122829453123569E-7     -1.2227203600491981E-6   -25.73854564198604
2.626777799768984E-7      -1.3318768002418519E-6   -22.960638361479763
1.2933562941423412E-7     -1.3325488905635935E-6   -23.50691919500583
-4.006521148430097E-9     -1.3332209808853354E-6   -24.020575526370095
-1.3734867171109432E-7    -1.3338930712070771E-6   -24.510266285886615
2.0426990301549677E-7     -1.4437216017214723E-6   -22.26231082566213
7.09277524528325E-8       -1.444393692043214E-6    -22.75033825188253
-6.241439810983172E-8     -1.445065782364956E-6    -23.281986929785216
1.458620260540951E-7      -1.5555664032010932E-6   -21.563983289845446
1.251987549143088E-8      -1.5562384935228351E-6   -22.053707573684648
8.745414909269347E-8      -1.667411204680714E-6    -20.88297728547693
2.1952401011816042E-7     -1.6657623509935936E-6   -20.39603164410655
3.5159387114362735E-7     -1.664113497306473E-6    -19.83675335160367
4.836637321690942E-7      -1.6624646436193525E-6   -19.277475059099913
6.157335931945612E-7      -1.6608157899322322E-6   -18.718196766596243
2.779318870795621E-7      -1.5539175495139727E-6   -21.066946146749743
4.10001748105029E-7       -1.5522686958268522E-6   -20.48602669120528
5.420716091304959E-7      -1.5506198421397319E-6   -19.905107235660772
3.363397640409637E-7      -1.4420727480343518E-6   -21.70702027526107
4.6840962506643064E-7     -1.4404238943472317E-6   -21.126100819716626
3.947476410023653E-7      -1.3302279465547313E-6   -22.347094403772672
-1.925367579975717E-6     -1.6500566169279462E-6   -21.13742173468154
-1.8653904219741076E-6    -1.5412894209284363E-6   -22.2675941497996
-1.8054132639724976E-6    -1.4325222249289262E-6   -23.45905670141079
-1.745436105970888E-6     -1.3237550289294165E-6   -24.650519253021663
-1.685458947969278E-6     -1.2149878329299064E-6   -25.84198180463349
-1.99917966831697E-6      -1.5413861796624758E-6   -21.76907687147624
-1.9392025103153605E-6    -1.4326189836629657E-6   -22.915650787703736
-1.8792253523137505E-6    -1.3238517876634558E-6   -24.146922523042456
-1.8192481943121407E-6    -1.2150845916639459E-6   -25.378194258380862
-2.072991756658223E-6     -1.4327157423970052E-6   -22.41398738891361
-2.013014598656613E-6     -1.3239485463974953E-6   -23.619505775347026
-1.9530374406550034E-6    -1.2151813503979853E-6   -24.850777510685486
-2.146803844999476E-6     -1.324045305131535E-6    -23.05889790635129
-2.0868266869978663E-6    -1.215278109132025E-6    -24.323360762989683
-2.220615933340729E-6     -1.2153748678660645E-6   -23.703808423788505
-2.281837369424844E-6     -1.325793116680729E-6    -22.398828073246936
-2.343058805508959E-6     -1.4362113654953935E-6   -21.185983314210848
-2.4042802415930736E-6    -1.546629614310058E-6    -19.973138555174028
-2.465501677677189E-6     -1.6570478631247225E-6   -18.803358983979884
-2.2080252810835907E-6    -1.4344635539461996E-6   -21.812862026014695
-2.269246717167706E-6     -1.544881802760864E-6    -20.600017266978085
-2.3304681532518207E-6    -1.6553000515755283E-6   -19.405312588266185
-2.1342131927423382E-6    -1.5431339912116698E-6   -21.226895978781815
-2.195434628826453E-6     -1.6535522400263344E-6   -20.007266192553516
-2.0604011044010853E-6    -1.6518044284771404E-6   -20.60921979684037
-1.2541148093570939E-6    -1.6574434698009245E-6   -22.546535986563274
-1.194653570549334E-6     -1.5478892960942226E-6   -23.58564665752577
-1.1351923317415744E-6    -1.4383351223875203E-6   -24.673906440754187
-1.0757310929338143E-6    -1.3287809486808182E-6   -25.762166223982533
-1.0162698541260546E-6    -1.219226774974116E-6    -26.8504260072108
-1.3283882054792088E-6    -1.547198903226819E-6    -23.427593659148343
-1.268926966671449E-6     -1.437644729520117E-6    -24.4836543098796
-1.2094657278636891E-6    -1.3280905558134146E-6   -25.6215738382584
-1.1500044890559292E-6    -1.2185363821067125E-6   -26.75949336663689
-1.4026616016013236E-6    -1.4369543366527133E-6   -24.33935390392441
-1.343200362793564E-6     -1.327400162946011E-6    -25.452036440862233
-1.2837391239858039E-6    -1.2178459892393091E-6   -26.58995596924106
-1.4769349977234386E-6    -1.3267097700786076E-6   -25.251114148699845
-1.4174737589156787E-6    -1.2171555963719055E-6   -26.420418571844554
-1.5512083938455535E-6    -1.216465203504502E-6    -26.162874393476546
-1.6111855518471633E-6    -1.325232399504012E-6    -24.923214244620404
-1.6711627098487729E-6    -1.433999595503522E-6    -23.77156087673599
-1.7311398678503827E-6    -1.542766791503032E-6    -22.619907508852126
-1.7911170258519927E-6    -1.651533987502542E-6    -21.49095597454479
-1.5369121557250481E-6    -1.4354769660781178E-6   -24.068075886050433
-1.5968893137266581E-6    -1.5442441620776275E-6   -22.916422518166133
-1.656866471728268E-6     -1.6530113580771376E-6   -21.77477129431881
-1.4626387596029334E-6    -1.5457215326522233E-6   -23.21293752748062
-1.5226159176045432E-6    -1.6544887286517332E-6   -22.058586614092675
-1.3883653634808186E-6    -1.655966099226329E-6    -22.342401933867247
-5.823059195516976E-7     -1.6646880485180947E-6   -22.438051834060104
-5.23288179424082E-7      -1.5540599685927398E-6   -23.323433056331112
-4.6427043929646637E-7    -1.4434318886673845E-6   -24.24337730739721
-4.0525269916885073E-7    -1.3328038087420293E-6   -25.163321558462957
-3.462349590412351E-7     -1.2221757288166742E-6   -26.083265809528704
-6.57206458705017E-7      -1.5536849590679587E-6   -23.501764542619046
-5.981887185774014E-7     -1.4430568791426037E-6   -24.40436073078123
-5.391709784497857E-7     -1.3324287992172484E-6   -25.380352636739584
-4.801532383221701E-7     -1.2218007192918931E-6   -26.35634454269724
-7.321069978583365E-7     -1.4426818696178224E-6   -24.611598082570122
-6.730892577307208E-7     -1.3320537896924671E-6   -25.565212553671817
-6.140715176031052E-7     -1.221425709767112E-6    -26.541204459629665
-8.070075370116559E-7     -1.3316787801676863E-6   -25.721431622521983
-7.479897968840403E-7     -1.221050700242331E-6    -26.726064376561858
-8.819080761649754E-7     -1.2206756907175501E-6   -26.831265162473766
-9.413693149727351E-7     -1.3302298644242522E-6   -25.713005993375408
-1.000830553780495E-6     -1.4397840381309543E-6   -24.674405955297523
-1.0602917925882548E-6    -1.5493382118376564E-6   -23.635805917219486
-1.1197530313960146E-6    -1.6588923855443588E-6   -22.60186991881668
-8.664687758194157E-7     -1.4412329538743884E-6   -24.654190736361958
-9.259300146271755E-7     -1.5507871275810905E-6   -23.615590698284393
-9.853912534349354E-7     -1.6603413012877928E-6   -22.580920929703126
-7.915682366660963E-7     -1.5522360433245245E-6   -23.595375479348814
-8.510294754738561E-7     -1.6617902170312266E-6   -22.5599719405891
-7.166676975127769E-7     -1.6632391327746608E-6   -22.539022951476298
-4.4835390582281944E-7    -1.6652326797506186E-6   -22.20364597124059
-3.144018920939412E-7     -1.6657773109831425E-6   -21.892271163375113
-1.8044987836506298E-7    -1.6663219422156662E-6   -21.580896355509722
-4.649786463618472E-8     -1.66686657344819E-6     -21.269521547643855
-3.893361656952038E-7     -1.5546045998252635E-6   -23.08093236323041
-2.553841519663255E-7     -1.5551492310577873E-6   -22.75850752169017
-1.2143213823744734E-7    -1.555693862290311E-6    -22.436082680150086
-3.303184255675881E-7     -1.4439765198999083E-6   -23.94482895940401
-1.963664118387099E-7     -1.4445211511324322E-6   -23.622404117863788
-2.713006854399725E-7     -1.333348439974553E-6    -24.80872555557824
6.928271518872586E-7      -1.7739299449307474E-6   -17.65109970479031
5.607572908617916E-7      -1.7755787986178677E-6   -18.26195024936366
4.286874298363246E-7      -1.777227652304988E-6    -18.79958737882603
2.966175688108577E-7      -1.7788765059921083E-6   -19.337224508288394
1.6454770778539083E-7     -1.780525359679229E-6    -19.82763264743924
6.378508495544889E-7      -1.8886929536163829E-6   -17.20786420176155
5.057809885290219E-7      -1.8903418073035032E-6   -17.771620617139583
3.737111275035551E-7      -1.8919906609906237E-6   -18.30925774660187
2.416412664780882E-7      -1.893639514677744E-6    -18.830135932255423
5.828745472217194E-7      -2.0034559623020186E-6   -16.76462869873231
4.508046861962524E-7      -2.0051048159891387E-6   -17.281290984915206
3.187348251707855E-7      -2.006753669676259E-6    -17.8326392170709
5.278982448889497E-7      -2.118218970987654E-6    -16.321393195703152
3.9582838386348283E-7     -2.1198678246747744E-6   -16.835142501886846
4.729219425561802E-7      -2.2329819796732896E-6   -15.888815058674078
6.038220713327994E-7      -2.231041797841777E-6    -15.389805058382706
7.347222001094184E-7      -2.2291016160102642E-6   -14.833383482246404
8.656223288860376E-7      -2.227161434178751E-6    -14.276961906109392
9.96522457662657E-7       -2.2252212523472385E-6   -13.720540329973206
6.587983736655689E-7      -2.116278789156141E-6    -15.814258571708764
7.896985024421882E-7      -2.114338607324628E-6    -15.239054975239528
9.205986312188072E-7      -2.1123984254931155E-6   -14.663851378770234
7.137746759983385E-7      -2.0015157804705055E-6   -16.210399945542033
8.446748047749577E-7      -1.999575598638993E-6    -15.635196349073057
7.687509783311081E-7      -1.88675277178487E-6     -16.606541319376504
1.0861376037241763E-6     -2.3403315989649238E-6   -12.844706297946619
9.55237474947557E-7       -2.3422717807964364E-6   -13.432258359789692
8.243373461709379E-7      -2.344211962627949E-6    -13.969897915593554
6.934372173943187E-7      -2.3461521444594617E-6   -14.50753747139789
5.625370886176996E-7      -2.348092326290975E-6    -15.01128398073164
1.0448526210090765E-6     -2.4573821274141216E-6   -12.566920612877084
9.139524922324573E-7      -2.4593223092456343E-6   -13.11594246810078
7.830523634558383E-7      -2.461262491077147E-6    -13.653582023904722
6.52152234679219E-7       -2.46320267290866E-6     -14.181530294318595
1.003567638293977E-6      -2.57443265586332E-6     -12.289134927807549
8.726675095173577E-7      -2.576372837694832E-6    -12.799626576411535
7.417673807407385E-7      -2.5783130195263453E-6   -13.351776607905034
9.62282655578877E-7       -2.691483184312518E-6    -12.01134924273849
8.313825268022581E-7      -2.6934233661440305E-6   -12.522022921491946
9.209976728637775E-7      -2.8085337127617157E-6   -11.750736653611524
1.1975412710460914E-6     -2.43521294046017E-6     -11.943539105229275
1.1562562883309916E-6     -2.552263468909368E-6    -11.70428362677975
1.114971305615892E-6      -2.6693139973585663E-6   -11.465028148329882
1.0736863229007924E-6     -2.786364525807764E-6    -11.207613301057325
1.3089449383680066E-6     -2.5300942819554164E-6   -11.092284418551694
1.2676599556529068E-6     -2.6471448104046142E-6   -10.853028940102172
1.2263749729378074E-6     -2.764195338853812E-6    -10.61054373809828
1.4203486056899217E-6     -2.6249756234506622E-6   -10.24102973187396
1.379063622974822E-6      -2.7420261518998605E-6   -10.013474175139153
1.5317522730118372E-6     -2.719856964945909E-6    -9.416404612180225
1.3286276712074333E-6     -3.3356847933524202E-6   -8.789612387011813
1.399790321575717E-6      -3.208085390280328E-6    -8.787423571516229
1.4709529719440008E-6     -3.080485987208235E-6    -8.783524064184379
1.5421156223122843E-6     -2.9528865841361425E-6   -8.779624556852726
1.6132782726805684E-6     -2.82528718106405E-6     -8.77572504952052
1.247101671538702E-6      -3.2302545772342797E-6   -9.35002294488336
1.318264321906986E-6      -3.1026551741621867E-6   -9.357683362555711
1.3894269722752696E-6     -2.9750557710900937E-6   -9.386133634758513
1.4605896226435533E-6     -2.847456368018001E-6    -9.41458390696129
1.1655756718699709E-6     -3.1248243611161383E-6   -9.943681567001814
1.2367383222382545E-6     -2.9972249580440457E-6   -9.968273552448474
1.3079009726065384E-6     -2.869625554971953E-6    -9.99672382465112
1.0840496722012397E-6     -3.0193941449979977E-6   -10.537340189120345
1.1552123225695236E-6     -2.8917947419259047E-6   -10.57886374234137
1.0025236725325085E-6     -2.9139639288798563E-6   -11.130998811238875
1.8968907558953678E-6     -3.3332613274878032E-6   -6.4885443884965115
1.8259876350916677E-6     -3.206267790881865E-6    -7.023012382192723
1.7550845142879678E-6     -3.0792742542759264E-6   -7.58834362471865
1.6841813934842679E-6     -2.9522807176699877E-6   -8.153674867244577
1.754824984723384E-6      -3.3338671939539576E-6   -7.071530614503326
1.6839218639196841E-6     -3.206873657348019E-6    -7.624592911585047
1.6130187431159842E-6     -3.0798801207420807E-6   -8.189924154110894
1.6127592135514004E-6     -3.3344730604201115E-6   -7.654516840510414
1.5418560927477005E-6     -3.207479523814173E-6    -8.226173440977183
1.4706934423794166E-6     -3.3350789268862663E-6   -8.237503066517464
1.7070898856989203E-6     -3.895777673797564E-6    -6.518391919556641
1.7734632139726065E-6     -3.7831532312423813E-6   -6.396815862523965
1.8398365422462928E-6     -3.670528788687198E-6    -6.27372466723523
1.9062098705199788E-6     -3.557904346132015E-6    -6.15063347194685
1.972583198793665E-6      -3.445279903576832E-6    -6.027542276658155
1.631397442800623E-6      -3.7837590977085357E-6   -6.945742830823868
1.6977707710743092E-6     -3.6711346551533523E-6   -6.8293379173809265
1.7641440993479954E-6     -3.5585102125981693E-6   -6.726027824029202
1.8305174276216814E-6     -3.4458857700429862E-6   -6.622717730677556
1.5557049999023254E-6     -3.6717405216195066E-6   -7.397600402771454
1.6220783281760116E-6     -3.5591160790643236E-6   -7.29041974665098
1.6884516564496978E-6     -3.4464916365091406E-6   -7.187109653299234
1.480012557004028E-6      -3.5597219455304775E-6   -7.8494579747191215
1.5463858852777142E-6     -3.4470975029752945E-6   -7.751501575921111
1.4043201141057306E-6     -3.4477033694414493E-6   -8.30131554666663
2.0476133465333106E-6     -3.5593751049941897E-6   -5.5783507107388965
1.9812400182596244E-6     -3.6719995475493728E-6   -5.72122300796409
1.914866689985938E-6      -3.7846239901045558E-6   -5.86409530518938
1.8484933617122523E-6     -3.897248432659739E-6    -5.990223673333782
2.1226434942729566E-6     -3.6734703064115476E-6   -5.159942676216768
2.0562701659992704E-6     -3.7860947489667306E-6   -5.302814973441907
1.989896837725584E-6      -3.898719191521914E-6    -5.440705035860524
2.1976736420126018E-6     -3.7875655078289055E-6   -4.741534641694372
2.131300313738916E-6      -3.9001899503840885E-6   -4.891186398386988
2.2727037897522478E-6     -3.901660709246264E-6    -4.34166776091365
2.14597053544528E-6       -4.34524415488225E-6     -4.572994880396683
2.213004718025355E-6      -4.234715983188797E-6    -4.37774342972407
2.2800389006054298E-6     -4.124187811495344E-6    -4.18249197905118
2.3470730831855047E-6     -4.013659639801891E-6    -3.9872405283784476
2.004567059431948E-6      -4.343773396020075E-6    -5.102765404980329
2.0716012420120226E-6     -4.233245224326622E-6    -4.90989298545459
2.138635424592098E-6      -4.122717052633169E-6    -4.726664961854781
2.2056696071721725E-6     -4.012188880939716E-6    -4.5434369382550255
1.930197765998691E-6      -4.2317744654644475E-6   -5.450649940641246
1.997231948578766E-6      -4.121246293770994E-6    -5.264421905053764
2.064266131158841E-6      -4.0107181220775415E-6   -5.081193881454101
1.8558284725654343E-6     -4.119775534908819E-6    -5.798534476302163
1.922862655145509E-6      -4.009247363215366E-6    -5.618950824653308
1.7814591791321772E-6     -4.007776604353192E-6    -6.14641901196308
2.4174599366245353E-6     -4.125820394661849E-6    -3.6550860856227647
2.3504257540444603E-6     -4.2363485663553004E-6   -3.8623609633684737
2.2833915714643854E-6     -4.3468767380487535E-6   -4.069635841114221
2.2163573888843105E-6     -4.457404909742207E-6    -4.268529388147489
2.4878467900635654E-6     -4.237981149521805E-6    -3.341371109544412
2.420812607483491E-6      -4.348509321215258E-6    -3.5486459872902287
2.353778424903416E-6      -4.459037492908711E-6    -3.7533857379633724
2.558233643502596E-6      -4.350141904381763E-6    -3.0276561334661167
2.4911994609225215E-6     -4.460670076075216E-6    -3.2382420877789793
2.6286204969416274E-6     -4.462302659241721E-6    -2.7230984375947838
2.4345801790770785E-6     -4.783941513796785E-6    -3.3944280193326075
2.499260285031928E-6      -4.67672856227843E-6     -3.1737039188222553
2.563940390986777E-6      -4.5695156107600746E-6   -2.9529798183120546
2.361839249012822E-6      -4.675095979111925E-6    -3.6830013653665343
2.4265193549676717E-6     -4.5678830275935705E-6   -3.4622772648562807
2.2890983189485662E-6     -4.566250444427066E-6    -3.9715747114009283
-3.889652029160703E-6     -1.710422722282145E-6    -9.05225729131297
-3.9921481491237985E-6    -1.7578207194772692E-6   -8.032239066370554
-4.094644269086893E-6     -1.8052187166723936E-6   -7.059497917720143
-4.1971403890499875E-6    -1.852616713867518E-6    -6.0867567690705195
-4.299636509013083E-6     -1.9000147110626427E-6   -5.110885832107096
-3.868942922498244E-6     -1.832930602097348E-6    -8.773797934444072
-3.971439042461339E-6     -1.8803285992924721E-6   -7.795082846217539
-4.073935162424434E-6     -1.9277265964875967E-6   -6.822341697567995
-4.176431282387529E-6     -1.9751245936827214E-6   -5.843874847909126
-3.848233815835785E-6     -1.955438481912551E-6    -8.495338577576439
-3.95072993579888E-6      -2.0028364791076752E-6   -7.557926626065407
-4.053226055761975E-6     -2.0502344763027994E-6   -6.5768638637112335
-3.827524709173327E-6     -2.0779463617277537E-6   -8.216879220708567
-3.930020829136422E-6     -2.1253443589228784E-6   -7.309852879513578
-3.8068156025108678E-6    -2.200454241542957E-6    -7.94866935941615
-3.766690384443559E-6     -1.7409601304075263E-6   -9.889156818877645
-3.7459812777811E-6       -1.8634680102227295E-6   -9.569394325293654
-3.725272171118641E-6     -1.9859758900379324E-6   -9.249631831709829
-3.7045630644561826E-6    -2.1084837698531355E-6   -8.962996812319004
-3.6437287397264143E-6    -1.7714975385329079E-6   -10.678779270150908
-3.623019633063956E-6     -1.894005418348111E-6    -10.359016776566722
-3.602310526401497E-6     -2.0165132981633137E-6   -10.044962028872263
-3.5207670950092703E-6    -1.8020349466582894E-6   -11.46840172142378
-3.500057988346812E-6     -1.9245428264734924E-6   -11.126927245424579
-3.3978054502921264E-6    -1.8325723547836712E-6   -12.20889246197855
-4.771673118892202E-6     -2.1531936573976864E-6   -1.0205415569531662
-4.658777890656678E-6     -2.227120634821149E-6    -1.7840790880548147
-4.545882662421153E-6     -2.3010476122446113E-6   -2.547616619156844
-4.4329874341856295E-6    -2.3749745896680737E-6   -3.25631748518781
-4.65624146601993E-6      -2.0896031945147714E-6   -1.9983486552536183
-4.543346237784405E-6     -2.163530171938234E-6    -2.7618861863555
-4.4304510095488806E-6    -2.2374571493616963E-6   -3.510437533859061
-4.540809813147657E-6     -2.0260127316318564E-6   -2.976155753554537
-4.4279145849121325E-6    -2.099939709055319E-6    -3.7645575825296014
-4.425378160275384E-6     -1.9624222687489414E-6   -4.0186776312006165
-4.309782207560076E-6     -2.450084472288152E-6    -3.9743133128803496
-4.184040556297774E-6     -2.3876769146018533E-6   -4.963434055966644
-4.058298905035472E-6     -2.3252693569155543E-6   -5.952554799053256
-3.93255725377317E-6      -2.2628617992292554E-6   -6.941675542139393
-4.307245782923327E-6     -2.3125670319817748E-6   -4.2258444533662605
-4.181504131661025E-6     -2.250159474295476E-6    -5.250208086615079
-4.0557624803987234E-6    -2.187751916609177E-6    -6.274571719863706
-4.304709358286579E-6     -2.1750495916753973E-6   -4.519814983509128
-4.178967707024278E-6     -2.1126420339890984E-6   -5.5441786167577085
-4.302172933649831E-6     -2.03753215136902E-6     -4.813785513651488
-3.2791592398834697E-6    -2.286208613059992E-6    -10.931030473106537
-3.282437974354264E-6     -2.1770872670667635E-6   -11.392767160615303
-3.285716708825058E-6     -2.067965921073535E-6    -11.867354794198924
-3.2889954432958524E-6    -1.9588445750803066E-6   -12.341942427781994
-3.2922741777666466E-6    -1.849723229087078E-6    -12.8165300613653
-3.3846905124089495E-6    -2.2690577387565853E-6   -10.35800678473476
-3.3879692468797437E-6    -2.1599363927633564E-6   -10.808086369135754
-3.391247981350538E-6     -2.050815046770128E-6    -11.258644496511037
-3.394526715821332E-6     -1.9416937007768995E-6   -11.70920262388525
-3.4902217849344293E-6    -2.2519068644531778E-6   -9.766267242029091
-3.4935005194052235E-6    -2.1427855184599493E-6   -10.204099008261416
-3.4967792538760177E-6    -2.033664172466721E-6    -10.654657135636066
-3.5957530574599086E-6    -2.2347559901497707E-6   -9.174527699323265
-3.599031791930703E-6     -2.125634644156542E-6    -9.60011164738632
-3.7012843299853884E-6    -2.217605115846364E-6    -8.582788156617674
-3.1859967851460917E-6    -2.2593195915637963E-6   -11.55586347454349
-3.092834330408714E-6     -2.2324305700675997E-6   -12.185017442924389
-2.999671875671336E-6     -2.2055415485714036E-6   -12.814171411306155
-2.906509420933958E-6     -2.1786525270752075E-6   -13.443325379687607
-2.81334696619658E-6      -2.1517635055790113E-6   -14.056486391199712
-3.189275519616886E-6     -2.1501982455705674E-6   -12.028300353942349
-3.096113064879508E-6     -2.1233092240743713E-6   -12.683140116665692
-3.00295061014213E-6      -2.0964202025781747E-6   -13.337979879389033
-2.909788155404752E-6     -2.069531181081979E-6    -13.958124043206809
-3.1925542540876798E-6    -2.041076899577339E-6    -12.526917493734903
-3.0993917993503023E-6    -2.0141878780811428E-6   -13.181757256458091
-3.0062293446129243E-6    -1.9872988565849467E-6   -13.828850367246105
-3.1958329885584744E-6    -1.93195555358411E-6     -13.025534633526512
-3.1026705338210965E-6    -1.9050665320879143E-6   -13.699576691285477
-3.1991117230292687E-6    -1.8228342075908822E-6   -13.570303015323748
-2.770784613377775E-6     -2.0531699393979924E-6   -14.84689677026309
-2.728222260558971E-6     -1.9545763732169735E-6   -15.655875853027492
-2.685659907740166E-6     -1.8559828070359545E-6   -16.464854935791738
-2.6430975549213613E-6    -1.7573892408549354E-6   -17.273834018556695
-2.8672258025859474E-6    -1.97093761490096E-6     -14.740794258922037
-2.8246634497671426E-6    -1.872344048719941E-6    -15.558160073542668
-2.782101096948338E-6     -1.773750482538922E-6    -16.375525888162752
-2.9636669917941195E-6    -1.8887052904039275E-6   -14.638469529931331
-2.9211046389753148E-6    -1.7901117242229088E-6   -15.45583534455204
-3.0601081810022917E-6    -1.8064729659068952E-6   -14.53614480094008
-2.695354617372069E-6     -2.155930245774727E-6    -14.583062335627487
-2.5773622685475577E-6    -2.160096985970443E-6    -15.069846913192649
-2.4593699197230463E-6    -2.1642637261661587E-6   -15.55663149075679
-2.3413775708985354E-6    -2.1684304663618745E-6   -16.043416068321875
-2.2233852220740245E-6    -2.1725972065575903E-6   -16.48482620687606
-2.6527922645532643E-6    -2.057336679593708E-6    -15.356809478411991
-2.534799915728753E-6     -2.0615034197894236E-6   -15.862944404211639
-2.4168075669042416E-6    -2.0656701599851394E-6   -16.36907933001192
-2.298815218079731E-6     -2.0698369001808556E-6   -16.81565138853762
-2.6102299117344595E-6    -1.9587431134126893E-6   -16.15740182932137
-2.492237562909948E-6     -1.962909853608405E-6    -16.66353675512147
-2.3742452140854372E-6    -1.967076593804121E-6    -17.152043495316143
-2.5676675589156547E-6    -1.8601495472316701E-6   -16.957994180230703
-2.449675210091144E-6     -1.8643162874273861E-6   -17.488435602094036
-2.5251052060968504E-6    -1.7615559810506514E-6   -17.824827708872398
-2.163781693654363E-6     -2.0680890886316617E-6   -17.37126388957773
-2.1041781652347014E-6    -1.9635809707057325E-6   -18.29868746599242
-2.0445746368150403E-6    -1.8590728527798038E-6   -19.22611104240687
-1.9849711083953787E-6    -1.754564734853875E-6    -20.153534618821396
-2.2392116896600695E-6    -1.9653287822549265E-6   -17.71144380647982
-2.179608161240408E-6     -1.8608206643289978E-6   -18.666799091697015
-2.1200046328207464E-6    -1.7563125464030689E-6   -19.622154376913848
-2.3146416856657757E-6    -1.8625684758781918E-6   -18.089770594927682
-2.2550381572461146E-6    -1.758060357952263E-6    -19.045125880144536
-2.3900716816714823E-6    -1.759808169501457E-6    -18.468097383374545
3.0532848675838176E-8     -1.7788671497589195E-6   -20.251360493242668
-1.0341916505304006E-7    -1.7783225185263955E-6   -20.625518726386822
-2.373711787819183E-7     -1.7777778872938716E-6   -20.92584350057674
-3.713231925107965E-7     -1.7772332560613479E-6   -21.22616827476697
-5.052752062396748E-7     -1.7766886248288242E-6   -21.466992189292693
-2.638845174101713E-8     -1.8903230948371248E-6   -19.63452728424857
-1.6034046546989535E-7    -1.8897784636046007E-6   -19.961755599920135
-2.942924791987736E-7     -1.889233832372077E-6    -20.26208037411013
-4.282444929276518E-7     -1.8886892011395533E-6   -20.541391644033084
-8.33097521578724E-8      -2.0017790399153304E-6   -19.017694075254397
-2.1726176588675064E-7    -2.0012344086828063E-6   -19.297992473452954
-3.5121377961562887E-7    -2.0006897774502825E-6   -19.615791098773663
-1.4023105257472772E-7    -2.1132349849935356E-6   -18.400860866260498
-2.74183066303606E-7      -2.112690353761012E-6    -18.69019055351413
-1.97152352991583E-7      -2.224690930071741E-6    -17.807276182283466
-6.313749388203038E-8     -2.2263491399920507E-6   -17.483809068503298
7.087736522752228E-8      -2.2280073499123603E-6   -17.099669255428502
2.0489222433707485E-7     -2.2296655598326704E-6   -16.715529442353706
3.3890708344662757E-7     -2.23132376975298E-6     -16.33138962927839
-6.216193465175062E-9     -2.1148931949138456E-6   -18.07069378256487
1.2779866564437758E-7     -2.1165514048341548E-6   -17.673570405404234
2.6181352475393017E-7     -2.1182096147544648E-6   -17.276447028243684
5.0705106951680245E-8     -2.0034372498356396E-6   -18.640597074085264
1.8471996606123287E-7     -2.0050954597559496E-6   -18.24347369692475
1.0762640736853552E-7     -1.8919813047574342E-6   -19.21050036560653
-1.8507457341957173E-6    -1.7596384032982324E-6   -20.521291830152904
-1.9103492626153787E-6    -1.864146521224161E-6    -19.550637568505824
-1.9699527910350402E-6    -1.9686546391500898E-6   -18.651145700893856
-2.0295563194547013E-6    -2.0731627570760185E-6   -17.751653833281363
-2.0891598478743633E-6    -2.1776708750019476E-6   -16.87280869940806
-1.7761238884157173E-6    -1.8692201896685181E-6   -19.917623455575793
-1.8357274168353786E-6    -1.9737283075944466E-6   -18.99338877305251
-1.8953309452550401E-6    -2.0782364255203757E-6   -18.093896905440594
-1.9549344736747013E-6    -2.182744543446305E-6    -17.2022104517755
-1.7015020426357174E-6    -1.9788019760388043E-6   -19.313955080998845
-1.7611055710553785E-6    -2.083310093964733E-6    -18.43613997759976
-1.82070909947504E-6      -2.1878182118906616E-6   -17.531612204143688
-1.6268801968557171E-6    -2.08838376240909E-6     -18.710286706422522
-1.6864837252753787E-6    -2.1928918803350193E-6   -17.861013956511407
-1.5522583510757173E-6    -2.197965548779376E-6    -18.12603381817184
-1.4926296427319926E-6    -2.0898611329836858E-6   -18.966690728416474
-1.433000934388268E-6     -1.9817567171879954E-6   -19.850256955659436
-1.3733722260445432E-6    -1.8736523013923052E-6   -20.733823182902356
-1.3137435177008186E-6    -1.7655478855966149E-6   -21.617389410145947
-1.5672514885119927E-6    -1.9802793466134E-6      -19.563393947020458
-1.507622780168268E-6     -1.8721749308177095E-6   -20.48459753095445
-1.4479940718245433E-6    -1.7640705150220191E-6   -21.405801114888757
-1.6418733342919925E-6    -1.8706975602431139E-6   -20.21348190072073
-1.582244625948268E-6     -1.7625931444474235E-6   -21.134685484655193
-1.7164951800719926E-6    -1.7611157738728277E-6   -20.863569854421318
-1.1782821725085204E-6    -1.7686460108023176E-6   -21.723304035880282
-1.237910880852245E-6     -1.8767504265980077E-6   -20.80926442043919
-1.2975395891959698E-6    -1.984854842393698E-6    -19.963335549887223
-1.3571682975396944E-6    -2.0929592581893884E-6   -19.117406679335648
-1.4167970058834191E-6    -2.201063673985079E-6    -18.280254744253774
-1.1024495356599467E-6    -1.8798485518037104E-6   -20.930604240009107
-1.1620782440036714E-6    -1.9879529675994008E-6   -20.0606667657092
-1.221706952347396E-6     -2.096057383395091E-6    -19.214737895157505
-1.281335660691121E-6     -2.2041617991907815E-6   -18.373178263161602
-1.0266168988113732E-6    -1.9910510928051035E-6   -20.137904444138172
-1.086245607155098E-6     -2.099155508600794E-6    -19.312069110979916
-1.1458743154988226E-6    -2.207259924396484E-6    -18.466101782069067
-9.507842619627997E-7     -2.102253633806496E-6    -19.345204648267273
-1.0104129703065244E-6    -2.2103580496021864E-6   -18.55902530097677
-8.749516251142262E-7     -2.213456174807889E-6    -18.58488160886193
-6.408350606642034E-7     -1.7744416737760537E-6   -21.635882214883328
-7.751968386252827E-7     -1.7729927580326197E-6   -21.726366502895136
-9.095586165863619E-7     -1.7715438422891854E-6   -21.748049262186594
-1.0439203945474411E-6    -1.7700949265457514E-6   -21.769732021478056
-6.993642017767091E-7     -1.8841952990340125E-6   -20.864560709358415
-8.337259797377883E-7     -1.8827463832905783E-6   -20.911247325174795
-9.680877576988675E-7     -1.8812974675471444E-6   -20.93293008446578
-7.578933428892147E-7     -1.9939489242919715E-6   -20.093239203833896
-8.92255120850294E-7      -1.9925000085485373E-6   -20.096128147453832
-8.164224840017205E-7     -2.1037025495499303E-6   -19.3219176983091
-7.393917706896976E-7     -2.2157031258606596E-6   -18.493387953393988
-6.038319162651688E-7     -2.21795007691343E-6     -18.338271425099904
-4.682720618406403E-7     -2.2201970279662E-6      -18.18315489680637
-3.3271220741611164E-7    -2.2224439790189706E-6   -18.02803836851217
-6.808626295771918E-7     -2.105949500602701E-6    -19.2249198296437
-5.453027751526632E-7     -2.108196451655471E-6    -19.065330473109753
-4.0974292072813453E-7    -2.1104434027082414E-6   -18.90574111657567
-6.22333488464686E-7      -1.9961958753447416E-6   -19.952443662971664
-4.867736340401574E-7     -1.998442826397512E-6    -19.792854306437718
-5.638043473521804E-7     -1.8864422500867828E-6   -20.67996749630044
4.1911107487928635E-7     -2.3449448746065096E-6   -15.506374797532782
2.850962157697337E-7      -2.3432866646862E-6      -15.93765415662452
1.5108135666018102E-7     -2.34162845476589E-6     -16.308810405613883
1.7066497550628423E-8     -2.3399702448455804E-6   -16.679966654603245
-1.1694836155892421E-7    -2.338312034925271E-6    -17.007126014129334
3.653002072023925E-7      -2.4569077695397297E-6   -15.130176840265555
2.3128534809283983E-7     -2.4552495596194196E-6   -15.521949414254282
9.727048898328722E-8      -2.45359134969911E-6     -15.893105663243642
-3.674437012626538E-8     -2.4519331397788004E-6   -16.249372978894367
3.114893395254987E-7      -2.5688706644729497E-6   -14.753978882997854
1.7747448041594602E-7     -2.56721245455264E-6     -15.106244671883688
4.34596213063934E-8       -2.5655542446323305E-6   -15.491619943658812
2.5767847184860486E-7     -2.6808335594061698E-6   -14.37778092573051
1.2366361273905222E-7     -2.67917534948586E-6     -14.733866908423495
2.0386760417171102E-7     -2.79279645433939E-6     -14.018573992565694
3.4729361791012433E-7     -2.795943906023855E-6    -13.614877943982831
4.907196316485376E-7      -2.79909135770832E-6     -13.15965570043935
6.341456453869509E-7      -2.8022388093927854E-6   -12.704433456895789
7.775716591253642E-7      -2.8053862610772506E-6   -12.249211213352424
4.0110448558701816E-7     -2.683981011090635E-6    -13.967317417767946
5.445304993254315E-7      -2.6871284627751E-6      -13.498456664598836
6.879565130638448E-7      -2.6902759144595653E-6   -13.029595911429807
4.5491535326391194E-7     -2.5720181161574145E-6   -14.304008589932396
5.983413670023253E-7      -2.57516556784188E-6     -13.835147836763456
5.087262209408058E-7      -2.460055221224195E-6    -14.64069976209708
6.116102743591639E-7      -3.3450871001979653E-6   -11.07467664581433
6.734877540600866E-7      -3.2377764227107157E-6   -11.204754601907574
7.353652337610093E-7      -3.1304657452234656E-6   -11.342380416865907
7.972427134619321E-7      -3.0231550677362155E-6   -11.480006231824003
8.591201931628547E-7      -2.9158443902489654E-6   -11.617632046782099
5.300617403216734E-7      -3.2346289710262505E-6   -11.630660744535335
5.919392200225961E-7      -3.1273182935390004E-6   -11.76903521790828
6.538166997235187E-7      -3.02000761605175E-6     -11.937482958808447
7.156941794244415E-7      -2.9126969385645002E-6   -12.105930699708328
4.485132062841827E-7      -3.124170841854535E-6    -12.21920210903983
5.103906859851055E-7      -3.016860164367285E-6    -12.379066692726377
5.722681656860281E-7      -2.909549486880035E-6    -12.547514433626466
3.669646722466922E-7      -3.0137127126828204E-6   -12.80774347354393
4.2884215194761487E-7     -2.90640203519557E-6     -12.98909816754451
2.854161382092016E-7      -2.9032545835111047E-6   -13.396284838048386
9.40646192831586E-7       -3.021274606367107E-6    -10.994190073429872
8.787687131306632E-7      -3.1285852838543565E-6   -10.887386184413641
8.168912334297405E-7      -3.2358959613416066E-6   -10.780582295397062
7.550137537288178E-7      -3.3432066388288566E-6   -10.656664057014439
1.022172192500317E-6      -3.1267048224852474E-6   -10.417463019085625
9.602947127993944E-7      -3.2340154999724975E-6   -10.310659130069396
8.984172330984716E-7      -3.3413261774597475E-6   -10.198583283654223
1.1036981921690482E-6     -3.2321350386033883E-6   -9.840735964741697
1.0418207124681256E-6     -3.3394457160906384E-6   -9.74050251029385
1.1852241918377794E-6     -3.3375652547215298E-6   -9.28242173693383
1.0014775070262137E-6     -3.895231329381722E-6    -8.81992750364382
1.0669075398624577E-6     -3.783322022175862E-6    -8.80958799512581
1.1323375726987015E-6     -3.6714127149700017E-6   -8.805186882781138
1.1977676055349455E-6     -3.559503407764141E-6    -8.800785770436189
1.2631976383711893E-6     -3.4475941005582807E-6   -8.796384658091082
9.235040604928038E-7      -3.7852024835449713E-6   -9.24435339932734
9.889340933290476E-7      -3.6732931763391108E-6   -9.241013913060238
1.0543641261652914E-6     -3.56138386913325E-6     -9.260954129863498
1.1197941590015354E-6     -3.4494745619273894E-6   -9.280894346666775
8.455306139593937E-7      -3.6751736377082195E-6   -9.694033341344744
9.109606467956376E-7      -3.5632643305023594E-6   -9.707192511255993
9.763906796318815E-7      -3.4513550232964985E-6   -9.727132728059262
7.675571674259838E-7      -3.5651447918714685E-6   -10.143713283362441
8.329872002622277E-7      -3.4532354846656076E-6   -10.173371109451764
6.895837208925738E-7      -3.4551159460347167E-6   -10.593393225380062
1.3388900812694868E-6     -3.5596126766473094E-6   -8.315480036283075
1.2734600484332426E-6     -3.6715219838531694E-6   -8.34422247777625
1.2080300155969988E-6     -3.7834312910590303E-6   -8.372964919269144
1.142599982760755E-6      -3.895340598264891E-6    -8.38842609042976
1.414582524167784E-6      -3.6716312527363384E-6   -7.872846721658161
1.3491524913315402E-6     -3.7835405599421985E-6   -7.901589163151128
1.2837224584952962E-6     -3.895449867148059E-6    -7.926560856130873
1.4902749670660816E-6     -3.7836498288253667E-6   -7.430213407032672
1.4248449342298378E-6     -3.895559136031227E-6    -7.4646956218317095
1.565967409964379E-6      -3.895668404914396E-6    -7.002830387532704
1.4455125963485082E-6     -4.340398236037273E-6    -6.9726882116483795
1.5109069186861112E-6     -4.229243095477346E-6    -6.859903205982906
1.5763012410237142E-6     -4.1180879549174186E-6   -6.747118200317194
1.6416955633613171E-6     -4.0069328143574915E-6   -6.634333194652113
1.3043901206139669E-6     -4.340288967154104E-6    -7.4188201177296484
1.36978444295157E-6       -4.229133826594177E-6    -7.30434483952384
1.4351787652891728E-6     -4.11797868603425E-6     -7.208923453901689
1.500573087626776E-6      -4.006823545474323E-6    -7.113502068279577
1.2286619672170287E-6     -4.2290245577110085E-6   -7.762728271210251
1.2940562895546314E-6     -4.117869417151081E-6    -7.66127816638156
1.3594506118922344E-6     -4.006714276591154E-6    -7.565856780759626
1.1529338138200903E-6     -4.117760148267914E-6    -8.106636424690755
1.2183281361576932E-6     -4.0066050077079865E-6   -8.018211493239477
1.077205660423152E-6      -4.006495738824818E-6    -8.45054457817118
1.7160648567945743E-6     -4.118931744913119E-6    -6.266278881782312
1.650670534456971E-6      -4.230086885473046E-6    -6.3964275074908326
1.5852762121193681E-6     -4.341242026032973E-6    -6.526576133199566
1.5198818897817651E-6     -4.4523971665929E-6      -6.649761939521825
1.790434150227831E-6      -4.230930675468746E-6    -5.9250387300601055
1.725039827890228E-6      -4.3420858160286735E-6   -6.0551873557687
1.6596455055526252E-6     -4.4532409565886006E-6   -6.183544518830813
1.8648034436610878E-6     -4.342929606024374E-6    -5.583798578337414
1.7994091213234849E-6     -4.454084746584302E-6    -5.717327098139231
1.939172737094345E-6      -4.454928536580002E-6    -5.251109677448102
1.7386570695980014E-6     -4.781465140634579E-6    -5.814979236617587
1.805495625430116E-6      -4.67261960594972E-6     -5.629873133838751
1.8723341812622305E-6     -4.563774071264861E-6    -5.444767031059954
1.6657320096592559E-6     -4.671775815954019E-6    -6.09091919779008
1.7325705654913706E-6     -4.56293028126916E-6     -5.905813095011352
1.5928069497205107E-6     -4.56208649127346E-6     -6.366859158962848
-3.3194226275374415E-6    -2.3562701841057657E-6   -10.450035351278572
-3.4249539000629213E-6    -2.3391193098023586E-6   -9.88293687615909
-3.5304851725884002E-6    -2.3219684354989514E-6   -9.303445151622215
-3.63601644511388E-6      -2.3048175611955443E-6   -8.723953427085656
-3.74154771763936E-6      -2.2876666868921377E-6   -8.102148633051911
-3.359686015191413E-6     -2.4263317551515393E-6   -9.97996182727059
-3.4652172877168923E-6    -2.4091808808481322E-6   -9.407388424609533
-3.570748560242372E-6     -2.392030006544725E-6    -8.827896700072817
-3.676279832767852E-6     -2.374879132241318E-6    -8.223960056342197
-3.3999494028453843E-6    -2.496393326197313E-6    -9.509888303264187
-3.505480675370864E-6     -2.479242451893906E-6    -8.931839973060296
-3.611011947896344E-6     -2.462091577590499E-6    -8.345771479633271
-3.440212790499356E-6     -2.5664548972430867E-6   -9.039814779256835
-3.545744063024836E-6     -2.54930402293968E-6     -8.467582902924505
-3.4804761781533275E-6    -2.6365164682888604E-6   -8.579556218280986
-3.935491666045326E-6     -2.8526105747904626E-6   -5.5102242098563865
-3.909756453338435E-6     -2.722179308140962E-6    -5.957496096978242
-3.884021240631543E-6     -2.59174804149146E-6     -6.437174585758003
-3.858286027924652E-6     -2.461316774841959E-6    -6.916853074536895
-3.83255081521776E-6      -2.330885508192458E-6    -7.396531563316102
-4.035498104600737E-6     -2.7845868658272603E-6   -5.039377470192793
-4.0097628918938445E-6    -2.654155599177759E-6    -5.492965794949474
-3.984027679186953E-6     -2.5237243325282574E-6   -5.954772617069228
-3.958292466480062E-6     -2.3932930658787566E-6   -6.416579439189179
-4.135504543156147E-6     -2.7165631568640576E-6   -4.5450720114885055
-4.109769330449255E-6     -2.5861318902145564E-6   -5.000894764145264
-4.084034117742364E-6     -2.455700623565055E-6    -5.462701586265208
-4.235510981711557E-6     -2.6485394479008557E-6   -4.050766552784455
-4.209775769004665E-6     -2.518108181251354E-6    -4.508823733341251
-4.335517420266967E-6     -2.580515738937653E-6    -3.556461094079773
-3.5714792757317275E-6    -2.6797352895891812E-6   -7.961411876918198
-3.6367471606032355E-6    -2.5925228442400005E-6   -7.841644555304344
-3.7020150454747435E-6    -2.505310398890819E-6    -7.701964981709198
-3.7672829303462514E-6    -2.4180979535416385E-6   -7.5622854081143664
-3.662482373310127E-6     -2.7229541108895013E-6   -7.345869198383539
-3.727750258181635E-6     -2.6357416655403205E-6   -7.204414826270575
-3.793018143053143E-6     -2.5485292201911397E-6   -7.064735252675743
-3.7534854708885267E-6    -2.7661729321898217E-6   -6.73032651984959
-3.818753355760034E-6     -2.6789604868406405E-6   -6.567185097236572
-3.844488568466927E-6     -2.809391753490142E-6    -6.114783841314379
-4.7772715411851826E-6    -2.8562708885270243E-6   -0.5034404833470733
-4.6674383106058884E-6    -2.924329085344874E-6    -1.1174240650517684
-4.557605080026594E-6     -2.992387282162724E-6    -1.7314076467564492
-4.447771849447302E-6     -3.060445478980575E-6    -2.3087285713775145
-4.664376312949657E-6     -2.787340723093343E-6    -1.2642958533409605
-4.554543082370364E-6     -2.855398919911194E-6    -1.8782794350455139
-4.4447098517910706E-6    -2.9234571167290437E-6   -2.4808357788778537
-4.551481084714133E-6     -2.7184105576596627E-6   -2.0251512233348796
-4.441647854134839E-6     -2.7864687544775126E-6   -2.6529429863779552
-4.438585856478609E-6     -2.649480392225982E-6    -2.8250501938780572
-4.038560102256968E-6     -2.9215752280787915E-6   -4.821852014110048
-4.138566540812378E-6     -2.8535515191155887E-6   -4.3537134542402285
-4.238572979367788E-6     -2.785527810152386E-6    -3.85717356763614
-4.338579417923198E-6     -2.717504101189184E-6    -3.3606336810320516
-4.1416285384686085E-6    -2.99053988136712E-6     -4.1483430562600425
-4.241634977024019E-6     -2.922516172403917E-6    -3.6598309409249863
-4.341641415579429E-6     -2.8544924634407153E-6   -3.1632910543208976
-4.24469697468025E-6      -3.0595045346554483E-6   -3.47483409840909
-4.34470341323566E-6      -2.9914808256922456E-6   -2.9659484276096992
-4.347765410891891E-6     -3.128469187943777E-6    -2.801325140558335
-3.3855900245767698E-6    -2.6493777279711688E-6   -9.026763650624632
-3.2907038710002116E-6    -2.6622389876534764E-6   -9.461708708247581
-3.195817717423654E-6     -2.6751002473357848E-6   -9.896653765870056
-3.1009315638470957E-6    -2.6879615070180928E-6   -10.33159882349348
-3.006045410270538E-6     -2.700822766700401E-6    -10.730137893588763
-3.345326636922798E-6     -2.579316156925395E-6    -9.486925492736303
-3.25044048334624E-6      -2.5921774166077027E-6   -9.930004673006705
-3.155554329769682E-6     -2.605038676290011E-6    -10.373083853276926
-3.0606681761931243E-6    -2.6178999359723195E-6   -10.776770376449601
-3.305063249268826E-6     -2.509254585879621E-6    -9.951524089201376
-3.2101770956922684E-6    -2.522115845561929E-6    -10.394603269471693
-3.1152909421157107E-6    -2.5349771052442374E-6   -10.817679814739604
-3.2647998616148547E-6    -2.4391930148338473E-6   -10.416122685666279
-3.169913708038297E-6     -2.4520542745161553E-6   -10.858589253030473
-3.2245364739608833E-6    -2.369131443788074E-6    -10.899498691320712
-3.1313740192235054E-6    -2.3422424222918775E-6   -11.52174427455019
-3.076751253300919E-6     -2.4251652530199596E-6   -11.461444814163668
-3.0221284873783327E-6    -2.5080880837480417E-6   -11.401145353778352
-2.9675057214557464E-6    -2.591010914476123E-6    -11.35274458799935
-3.0382115644861275E-6    -2.3153534007956814E-6   -12.125212448589469
-2.983588798563541E-6     -2.398276231523763E-6    -12.064912988203544
-2.9289660326409548E-6    -2.481199062251845E-6    -12.011004365091818
-2.9450491097487495E-6    -2.2884643792994853E-6   -12.728680622629309
-2.890426343826163E-6     -2.3713872100275674E-6   -12.669264142184048
-2.8518866550113716E-6    -2.2615753578032896E-6   -13.327523919276121
-2.89902753574388E-6      -2.6990890766169325E-6   -11.1965814304816
-2.7920096612172224E-6    -2.697355386533464E-6    -11.644006721278451
-2.684991786690565E-6     -2.695621696449995E-6    -12.091432012075146
-2.577973912163907E-6     -2.693888006366526E-6    -12.538857302871286
-2.4709560376372494E-6    -2.6921543162830578E-6   -12.952347755886187
-2.8604878469290886E-6    -2.5892772243926543E-6   -11.827675153466341
-2.7534699724024308E-6    -2.5875435343091856E-6   -12.290707024325709
-2.646452097875773E-6     -2.585809844225717E-6    -12.753738895184595
-2.5394342233491156E-6    -2.5840761541422482E-6   -13.172855419317038
-2.821948158114297E-6     -2.4794653721683765E-6   -12.480427073225393
-2.714930283587639E-6     -2.477731682084908E-6    -12.943458944084243
-2.6079124090609818E-6    -2.475997992001439E-6    -13.394407098995664
-2.7834084692995054E-6    -2.3696535199440983E-6   -13.133178992984044
-2.676390594772848E-6     -2.36791982986063E-6     -13.615958778674925
-2.7448687804847138E-6    -2.259841667719821E-6    -13.837510458353709
-2.2728993851866696E-6    -2.276508628502684E-6    -15.73008996133077
-2.3908917340111806E-6    -2.272341888306968E-6    -15.29139269195261
-2.5088840828356915E-6    -2.268175148111252E-6    -14.823958462623589
-2.6268764316602024E-6    -2.2640084079155363E-6   -14.35652423329441
-2.3224135482993143E-6    -2.380420050447777E-6    -15.028367530833712
-2.4404058971238253E-6    -2.3762533102520616E-6   -14.570575152165425
-2.5583982459483366E-6    -2.3720865700563454E-6   -14.103140922836008
-2.3719277114119595E-6    -2.4843314723928707E-6   -14.326645100336183
-2.4899200602364704E-6    -2.480164732197155E-6    -13.849757612377699
-2.4214418745246042E-6    -2.588242894337964E-6    -13.624922669838417
-2.346499380436426E-6     -2.699902268595576E-6    -13.32638781567842
-2.222042723235602E-6     -2.707650220908094E-6    -13.654398793418526
-2.0975860660347784E-6    -2.7153981732206118E-6   -13.982409771158675
-1.9731294088339545E-6    -2.72314612553313E-6     -14.31042074889902
-1.8486727516331308E-6    -2.730894077845648E-6    -14.592100427550344
-2.2969852173237807E-6    -2.5959908466504826E-6   -13.993083366601107
-2.172528560122957E-6     -2.603738798963E-6       -14.332695695443638
-2.0480719029221333E-6    -2.611486751275518E-6    -14.67230802428624
-1.9236152457213098E-6    -2.619234703588037E-6    -14.959162387045346
-2.2474710542111356E-6    -2.492079424705389E-6    -14.675710687808035
-2.123014397010312E-6     -2.499827377017907E-6    -15.015323016650248
-1.998557739809488E-6     -2.507575329330425E-6    -15.339481205678268
-2.1979568910984904E-6    -2.388168002760295E-6    -15.358338009015275
-2.073500233897667E-6     -2.3959159550728132E-6   -15.71980002431178
-2.1484427279858457E-6    -2.2842565808152022E-6   -16.100118842944898
-1.6115412311872001E-6    -2.3045512545926308E-6   -17.379196872970013
-1.7457666053868613E-6    -2.2994775861482735E-6   -17.108953653397233
-1.879991979586523E-6     -2.2944039177039163E-6   -16.79239322082079
-2.014217353786184E-6     -2.289330249259559E-6    -16.47583278824451
-1.6708241112986827E-6    -2.411136960405885E-6    -16.67424184861738
-1.8050494854983441E-6    -2.4060632919615277E-6   -16.374770575918873
-1.9392748596980057E-6    -2.400989623517171E-6    -16.058210143342354
-1.7301069914101653E-6    -2.517722666219139E-6    -15.969286824264316
-1.8643323656098267E-6    -2.512648997774782E-6    -15.640587498440336
-1.7893898715216482E-6    -2.624308372032394E-6    -15.264331799911213
-2.5508800587035886E-7    -2.334886139270459E-6    -17.277362218470063
-3.906478602948875E-7     -2.3326391882176885E-6   -17.487370195719656
-5.262077147194162E-7     -2.330392237164918E-6    -17.63801389577366
-6.617675691439447E-7     -2.3281452861121475E-6   -17.788657595827825
-7.973274235684735E-7     -2.3258983350593775E-6   -17.886047848192405
-3.1302365874913475E-7    -2.445081348469177E-6    -16.765434779923137
-4.4858351317366335E-7    -2.4428343974164064E-6   -16.937291581129124
-5.84143367598192E-7      -2.440587446363636E-6    -17.087935281183054
-7.197032220227206E-7     -2.4383404953108654E-6   -17.21999588246875
-3.709593116279106E-7     -2.5552765576678947E-6   -16.25350734137605
-5.065191660524392E-7     -2.553029606615124E-6    -16.38721296653758
-6.420790204769678E-7     -2.550782655562354E-6    -16.553943916744903
-4.2889496450668646E-7    -2.6654717668666125E-6   -15.741579902828608
-5.644548189312152E-7     -2.663224815813842E-6    -15.887891951021606
-4.868306173854623E-7     -2.7756669760653304E-6   -15.254179973967744
-3.486909730740277E-7     -2.779092871720142E-6    -15.060035844946809
-2.1055132876259294E-7    -2.7825187673749544E-6   -14.81235508538068
-7.241168445115833E-8     -2.7859446630297662E-6   -14.564674325814316
6.572795986027639E-8      -2.789370558684578E-6    -14.316993566248186
-2.9075532019525174E-7    -2.6688976625214248E-6   -15.541800337157104
-1.5261567588381708E-7    -2.672323558176236E-6    -15.286931520549393
-1.4476031572382438E-8    -2.6757494538310484E-6   -15.032062703942
-2.3281966731647591E-7    -2.5587024533227065E-6   -16.015576599660193
-9.468002300504124E-8     -2.5621283489775183E-6   -15.760707783052439
-1.7488401443770003E-7    -2.4485072441239886E-6   -16.489352862163283
-1.7139473246522132E-6    -2.7366491305539167E-6   -14.812765179718546
-1.5792218976712952E-6    -2.7424041832621845E-6   -14.979388723935557
-1.4444964706903774E-6    -2.7481592359704527E-6   -15.146012268152372
-1.3097710437094596E-6    -2.753914288678721E-6    -15.312635812369383
-1.1750456167285418E-6    -2.759669341386989E-6    -15.425411262484245
-1.6546644445407304E-6    -2.6300634247406616E-6   -15.47843553978853
-1.5199390175598124E-6    -2.63581847744893E-6     -15.651172333292436
-1.3852135905788946E-6    -2.641573530157198E-6    -15.823909126796035
-1.250488163597977E-6     -2.6473285828654667E-6   -15.94178998837426
-1.5953815644292475E-6    -2.5234777189274074E-6   -16.154162511016008
-1.4606561374483297E-6    -2.529232771635676E-6    -16.326899304519728
-1.325930710467412E-6     -2.534987824343944E-6    -16.482482802396717
-1.5360986843177647E-6    -2.416892013114153E-6    -16.82988948224359
-1.4013732573368471E-6    -2.4226470658224214E-6   -17.023175616418705
-1.4768158042062823E-6    -2.310306307300899E-6    -17.563868430441318
-1.1150268184056788E-6    -2.6504267080711694E-6   -16.026085939457335
-1.0550080200828156E-6    -2.541184074755349E-6    -16.657973327718175
-9.949892217599524E-7     -2.431941441439529E-6    -17.289860715979138
-9.349704234370892E-7     -2.322698808123709E-6    -17.92174810424002
-1.1904693652751138E-6    -2.538085949549646E-6    -16.553845328762584
-1.1304505669522506E-6    -2.428843316233826E-6    -17.22075660107662
-1.0704317686293874E-6    -2.319600682918006E-6    -17.887667873389802
-1.2659119121445488E-6    -2.4257451910281237E-6   -17.132240779083464
-1.2058931138216856E-6    -2.3165025577123035E-6   -17.799152051396867
-1.341354459013984E-6     -2.313404432506601E-6    -17.71063622940365
-8.573462218913365E-7     -2.4351409683751976E-6   -17.23593089629495
-9.173650202141997E-7     -2.5443836016910174E-6   -16.639067392086528
-9.773838185370626E-7     -2.653626235006837E-6    -16.042203887878447
-1.037402616859926E-6     -2.7628688683226577E-6   -15.446953801441197
-7.797220203455837E-7     -2.5475831286266855E-6   -16.60454927949237
-8.397408186684469E-7     -2.6568257619425057E-6   -16.007685775284312
-8.9975961699131E-7       -2.7660683952583255E-6   -15.412664249728682
-7.020978187998309E-7     -2.660025288878174E-6    -15.97316766269052
-7.621166171226941E-7     -2.769267922193994E-6    -15.378374698015552
-6.244736172540783E-7     -2.7724674491296622E-6   -15.344085146302483
-4.766865253908724E-6     -3.5747026459253386E-6   -0.25232220718321124
-4.643563738396742E-6     -3.6527756664613996E-6   -0.8374928760205441
-4.520262222884761E-6     -3.730848686997461E-6    -1.422663544858047
-4.396960707372779E-6     -3.8089217075335233E-6   -1.9764090735917066
-4.657032023329431E-6     -3.4999036998860457E-6   -0.8587505441252967
-4.533730507817449E-6     -3.577976720422107E-6    -1.443921212962751
-4.410428992305467E-6     -3.6560497409581686E-6   -2.0180658827717215
-4.547198792750137E-6     -3.4251047538467524E-6   -1.465178881067546
-4.4238972772381555E-6    -3.5031777743828142E-6   -2.0597226919516185
-4.437365562170844E-6     -3.3503058078074603E-6   -2.1013795011316536
-4.517847291965839E-6     -4.440119638680915E-6    -1.1778104794399256
-4.484258574584402E-6     -4.320538147537906E-6    -1.3637163003755175
-4.450669857202965E-6     -4.200956656394896E-6    -1.5496221213112278
-4.417081139821528E-6     -4.0813751652518864E-6   -1.7355279422472933
-4.6075600900963835E-6    -4.385322269858987E-6    -0.7856143394726337
-4.573971372714946E-6     -4.2657407787159775E-6   -0.9684871236371319
-4.540382655333509E-6     -4.146159287572968E-6    -1.1513599078016103
-4.697272888226928E-6     -4.3305249010370584E-6   -0.3909338817693627
-4.663684170845491E-6     -4.210943409894049E-6    -0.5738066659337425
-4.7869856863574725E-6    -4.275727532215131E-6    0.003746575934480468
-8.856027523938674E-8     -3.3367244126533955E-6   -12.572644488968761
-3.0074699357167195E-8    -3.2279388209905947E-6   -12.84605140184101
2.8410876525052373E-8     -3.119153229327793E-6    -13.1369155306264
8.68964524072719E-8       -3.0103676376649923E-6   -13.427779659412087
1.4538202828949148E-7     -2.901582046002191E-6    -13.718643788197419
-1.6821434366860188E-7    -3.224512925335783E-6    -13.079336300630022
-1.0972876778638231E-7    -3.1157273336729813E-6   -13.36247362532557
-5.124319190416274E-8     -3.00694174201018E-6     -13.685172252772157
7.2423839780568005E-9     -2.8981561503473792E-6   -14.007870880218883
-2.4786841209781697E-7    -3.112301438018169E-6    -13.61527519123045
-1.8938283621559742E-7    -3.003515846355368E-6    -13.925664955296702
-1.3089726033337788E-7    -2.894730254692567E-6    -14.248363582743522
-3.2752248052703206E-7    -3.000089950700557E-6    -14.151214081830723
-2.690369046448125E-7     -2.8913043590377552E-6   -14.488856285267895
-4.071765489562472E-7     -2.887878463382943E-6    -14.68715297243141
2.2693056232698204E-7     -3.0120401751739063E-6   -13.102858144510115
1.6844498644476247E-7     -3.1208257668367075E-6   -12.843828514385903
1.0995941056254295E-7     -3.2296113584995083E-6   -12.584798884261662
5.1473834680323385E-8     -3.33839695016231E-6     -12.316161962412583
3.0847909636447264E-7     -3.122498304345621E-6    -12.535806890319607
2.4999352048225306E-7     -3.231283896008423E-6    -12.276777260195438
1.9150794460003354E-7     -3.340069487671223E-6    -12.01557846758341
3.900276304019632E-7      -3.2329564335173364E-6   -11.968755636129028
3.315420545197436E-7      -3.3417420251801376E-6   -11.714994972754116
4.715761644394538E-7      -3.3434145626890517E-6   -11.41441147792498
3.0140963367510627E-7     -3.893427750930083E-6    -10.50180152660081
3.634497618119178E-7      -3.7837596207836598E-6   -10.604259435685488
4.2548988994872937E-7     -3.674091490637236E-6    -10.719986008523351
4.875300180855408E-7      -3.5644233604908126E-6   -10.835712581361253
5.495701462223524E-7      -3.454755230344389E-6    -10.951439154199317
2.2341565189220765E-7     -3.7820870832747457E-6   -10.890464023309203
2.854557800290192E-7      -3.672418953128322E-6    -11.000898531187271
3.474959081658307E-7      -3.562750822981898E-6    -11.142971878762085
4.0953603630264225E-7     -3.4530826928354747E-6   -11.2850452263369
1.4542167010930906E-7     -3.670746415619408E-6    -11.30389299612515
2.0746179824612055E-7     -3.5610782854729845E-6   -11.436117244354026
2.6950192638293213E-7     -3.451410155326561E-6    -11.578190591928891
6.742768832641047E-8      -3.5594057479640704E-6   -11.717321968941016
1.29467816463222E-7       -3.4497376178176466E-6   -11.871335957520781
-1.0566293456488165E-8    -3.448065080308733E-6    -12.130750941756844
6.275435927557623E-7      -3.5647840761811405E-6   -10.47779716181448
5.655034646189507E-7      -3.6744522063275635E-6   -10.388417363713291
5.034633364821393E-7      -3.784120336473987E-6    -10.29903756561215
4.4142320834532774E-7     -3.893788466620411E-6    -10.201005859157657
7.055170392891723E-7      -3.674812922017892E-6    -10.044615875975023
6.434769111523607E-7      -3.7844810521643153E-6   -9.95523607787386
5.814367830155493E-7      -3.894149182310739E-6    -9.863589562320302
7.834904858225822E-7      -3.784841767854643E-6    -9.6114345901357
7.214503576857707E-7      -3.894509898001067E-6    -9.52617326548279
8.614639323559922E-7      -3.894870613691395E-6    -9.188756968645414
7.440086488934599E-7      -4.3375619472658615E-6   -8.914175559935888
8.083758634266483E-7      -4.226979292794826E-6    -8.889336102174964
8.727430779598368E-7      -4.116396638323792E-6    -8.864496644413862
9.371102924930252E-7      -4.005813983852757E-6    -8.839657186652957
6.039950742232384E-7      -4.337201231575534E-6    -9.240725782115256
6.683622887564268E-7      -4.226618577104499E-6    -9.210547741526945
7.327295032896152E-7      -4.1160359226334635E-6   -9.206785372016263
7.970967178228037E-7      -4.005453268162429E-6    -9.203023002505391
5.283487140862053E-7      -4.22625786141417E-6     -9.54986079456672
5.927159286193937E-7      -4.115675206943136E-6    -9.537816477952655
6.570831431525823E-7      -4.0050925524721015E-6   -9.534054108441998
4.527023539491723E-7      -4.115314491252808E-6    -9.858995807018108
5.170695684823607E-7      -4.004731836781773E-6    -9.865085214378489
3.7705599381213925E-7     -4.0043711210914456E-6   -10.168130819469692
1.0128384458899634E-6     -4.117078393295853E-6    -8.476439496633983
9.48471231356775E-7       -4.2276610477668876E-6   -8.522356042645196
8.841040168235865E-7      -4.338243702237922E-6    -8.568272588656413
8.197368022903981E-7      -4.448826356708957E-6    -8.609119009681745
1.0885665992869016E-6     -4.228342802738948E-6    -8.145556516530933
1.0241993847537134E-6     -4.3389254572099824E-6   -8.191473062542066
9.59832170220525E-7       -4.449508111681018E-6    -8.236215429244941
1.1642947526838402E-6     -4.339607212182044E-6    -7.814673536427647
1.0999275381506518E-6     -4.450189866653078E-6    -7.863311848807981
1.2400229060807784E-6     -4.4508716216251394E-6   -7.490408268371218
1.0400596282079035E-6     -4.779939595666818E-6    -7.874157404100811
1.1067140541655283E-6     -4.6702502709862574E-6   -7.748446929539809
1.1733684801231534E-6     -4.560560946305698E-6    -7.622736454978943
9.666186862354015E-7      -4.669568516014197E-6    -8.117454564298917
1.0332731121930265E-6     -4.5598791913336376E-6   -7.991744089738112
8.931777442628999E-7      -4.559197436361576E-6    -8.360751724497316
-3.4631763606686143E-6    -2.7363623435301033E-6   -8.385517649830977
-3.554179458247014E-6     -2.7795811648304234E-6   -7.7746809248251605
-3.6451825558254135E-6    -2.822799986130744E-6    -7.180825296790175
-3.736185653403813E-6     -2.8660188074310643E-6   -6.586969668755327
-3.827188750982213E-6     -2.909237628731385E-6    -5.985835608902274
-3.4458765431839006E-6    -2.8362082187713463E-6   -8.201162938174264
-3.5368796407623002E-6    -2.8794270400716664E-6   -7.60786222471326
-3.6278827383407002E-6    -2.9226458613719872E-6   -7.014006596678343
-3.7188858359191E-6       -2.9658646826723073E-6   -6.414177168393884
-3.428576725699187E-6     -2.936054094012589E-6    -8.01680822651739
-3.5195798232775866E-6    -2.9792729153129093E-6   -7.441043524601729
-3.6105829208559866E-6    -3.0224917366132298E-6   -6.8425187278862065
-3.4112769082144738E-6    -3.035899969253832E-6    -7.832453514861863
-3.5022800057928738E-6    -3.0791187905541523E-6   -7.270860287378605
-3.39397709072976E-6      -3.135745844495075E-6    -7.663825427604404
-3.368290207092056E-6     -2.7492236032124113E-6   -8.829309681776742
-3.3509903896073425E-6    -2.849069478453654E-6    -8.627418958575689
-3.333690572122629E-6     -2.9489153536948973E-6   -8.425528235374575
-3.316390754637916E-6     -3.0487612289361403E-6   -8.253763206683288
-3.273404053515498E-6     -2.762084862894719E-6    -9.256120616752133
-3.2561042360307847E-6    -2.8619307381359623E-6   -9.054229893551183
-3.238804418546071E-6     -2.9617766133772053E-6   -8.866671555742734
-3.1785178999389402E-6    -2.7749461225770273E-6   -9.68293155172773
-3.161218082454227E-6     -2.8747919978182707E-6   -9.479579904802772
-3.0836317463623825E-6    -2.7878073822593358E-6   -10.092488253861864
-3.858336574188112E-6     -3.508806975151044E-6    -4.815803166428395
-3.976836028771196E-6     -3.4465323483672565E-6   -4.311826861375568
-4.09533548335428E-6      -3.3842577215834687E-6   -3.7806347475743696
-4.213834937937364E-6     -3.321983094799681E-6    -3.2494426337730724
-4.332334392520448E-6     -3.2597084680158934E-6   -2.71825051997213
-3.963367743838508E-6     -3.599404314942611E-6    -4.221263034652379
-4.081867198421592E-6     -3.537129688158823E-6    -3.7155927508371764
-4.200366653004676E-6     -3.474855061375035E-6    -3.1874457619761247
-4.31886610758776E-6      -3.4125804345912473E-6   -2.65929877311484
-4.068398913488904E-6     -3.6900016547341773E-6   -3.645225382704794
-4.186898368071987E-6     -3.6277270279503895E-6   -3.1253898117205345
-4.305397822655072E-6     -3.565452401166602E-6    -2.597242822859483
-4.173430083139299E-6     -3.780598994525744E-6    -3.0691877307571307
-4.291929537722383E-6     -3.718324367741956E-6    -2.53518687260429
-4.278461252789695E-6     -3.871196334317311E-6    -2.493150078809685
-3.920060647673884E-6     -2.9838498548625793E-6   -5.358174879720485
-4.023129083885525E-6     -3.0528145081509077E-6   -4.674552523731767
-4.1261975200971656E-6    -3.121779161439236E-6    -4.021417121345933
-4.229265956308807E-6     -3.1907438147275646E-6   -3.3682817189597043
-3.90462962930244E-6      -3.115089134934695E-6    -5.218601221547585
-4.007698065514082E-6     -3.1840537882230236E-6   -4.55565436008665
-4.110766501725723E-6     -3.2530184415113524E-6   -3.9025189577010133
-3.889198610930998E-6     -3.2463284150068114E-6   -5.07902756337508
-3.992267047142639E-6     -3.31529306829514E-6     -4.436756196441994
-3.873767592559555E-6     -3.3775676950789277E-6   -4.9394539052024165
-3.486848987421431E-6     -3.2103580706262686E-6   -7.078247439245866
-3.5951519024845436E-6    -3.153731016685346E-6    -6.677600406505444
-3.703454817547657E-6     -3.0971039627444235E-6   -6.247954215444608
-3.8117577326107697E-6    -3.040476908803501E-6    -5.818308024383771
-3.5797208841131007E-6    -3.2849702967574623E-6   -6.509034544680088
-3.688023799176214E-6     -3.2283432428165398E-6   -6.0877050627440825
-3.796326714239327E-6     -3.1717161888756177E-6   -5.658058871683403
-3.6725927808047714E-6    -3.359582522888656E-6    -5.939821650114785
-3.780895695867884E-6     -3.3029554689477335E-6   -5.497809718983014
-3.765464677496442E-6     -3.43419474901985E-6     -5.370608755549679
-2.9552092062018474E-6    -2.8086924923842516E-6   -10.585621389947807
-3.032795542293692E-6     -2.8956771079431866E-6   -9.957122156335442
-3.1103818783855364E-6    -2.9826617235021207E-6   -9.36000711639282
-3.1879682144773805E-6    -3.0696463390610557E-6   -8.762892076449964
-3.2655545505692254E-6    -3.1566309546199907E-6   -8.168306190485424
-2.9043730021331567E-6    -2.9165622180681016E-6   -10.441857791153108
-2.981959338225001E-6     -3.003546833627036E-6    -9.839010291650146
-3.0595456743168458E-6    -3.090531449185971E-6    -9.241895251707327
-3.13713201040869E-6      -3.1775160647449057E-6   -8.640695235173421
-2.8535367980644657E-6    -3.0244319437519515E-6   -10.298094192358333
-2.93112313415631E-6      -3.1114165593108865E-6   -9.720898426964917
-3.0087094702481547E-6    -3.1984011748698215E-6   -9.11308427986205
-2.802700593995775E-6     -3.1323016694358023E-6   -10.154330593562886
-2.8802869300876196E-6    -3.219286284994737E-6    -9.58547332455036
-2.751864389927084E-6     -3.2401713951196523E-6   -10.013677398144855
-2.8481913316751895E-6    -2.806958802300783E-6    -11.04882429435169
-2.7973551276064985E-6    -2.914828527984633E-6    -10.879408961447039
-2.7465189235378075E-6    -3.022698253668483E-6    -10.709993628542438
-2.6956827194691173E-6    -3.1305679793523337E-6   -10.56777139514449
-2.7411734571485313E-6    -2.805225112217314E-6    -11.480643005085618
-2.690337253079841E-6     -2.913094837901164E-6    -11.31122767218074
-2.63950104901115E-6      -3.020964563585014E-6    -11.15266921887886
-2.634155582621874E-6     -2.8034914221338455E-6   -11.912461715819727
-2.5833193785531833E-6    -2.9113611478176955E-6   -11.737567042613385
-2.5271377080952166E-6    -2.801757732050377E-6    -12.32246486634787
-2.62731446954674E-6      -3.2483352000504917E-6   -10.400933401120593
-2.502764549166395E-6     -3.256499004981331E-6    -10.754394906248459
-2.378214628786051E-6     -3.26466280991217E-6     -11.10785641137601
-2.2536647084057063E-6    -3.2728266148430096E-6   -11.461317916504074
-2.129114788025362E-6     -3.280990419773849E-6    -11.773394695292643
-2.5711327990887723E-6    -3.1387317842831727E-6   -10.957106999212657
-2.446582878708428E-6     -3.1468955892140116E-6   -11.319249503773907
-2.3220329583280837E-6    -3.155059394144851E-6    -11.681392008334992
-2.1974830379477396E-6    -3.163223199075691E-6    -11.998136436691972
-2.5149511286308056E-6    -3.029128368515853E-6    -11.525668603042842
-2.390401208250461E-6     -3.037292173446693E-6    -11.88781110760405
-2.265851287870117E-6     -3.045455978377532E-6    -12.235492436181275
-2.458769458172839E-6     -2.9195249527485345E-6   -12.094230206873574
-2.3342195377924943E-6    -2.9276887576793743E-6   -12.472848435670699
-2.402587787714872E-6     -2.809921536981216E-6    -12.71020443516004
-1.9047611589115772E-6    -2.8409133462312884E-6   -13.989590882618053
-2.0292178161124007E-6    -2.83316539391877E-6     -13.706845939529021
-2.153674473313224E-6     -2.8254174416062517E-6   -13.390436312891495
-2.278131130514048E-6     -2.817669489293734E-6    -13.074026686254129
-1.9608495661900233E-6    -2.9509326146169283E-6   -13.427865686498915
-2.085306223390847E-6     -2.9431846623044098E-6   -13.122143413181858
-2.2097628805916708E-6    -2.9354367099918925E-6   -12.805733786544335
-2.0169379734684695E-6    -3.0609518830025683E-6   -12.866140490380015
-2.141394630669293E-6     -3.05320393069005E-6     -12.53744088683486
-2.0730263807469156E-6    -3.1709711513882086E-6   -12.304415294260956
-1.9965555074288893E-6    -3.2862588283158674E-6   -12.043619533272432
-1.8639962268324167E-6    -3.2915272368578854E-6   -12.269778137907586
-1.731436946235944E-6     -3.2967956453999043E-6   -12.495936742542069
-1.5988776656394714E-6    -3.3020640539419223E-6   -12.722095347177067
-1.4663183850429987E-6    -3.3073324624839407E-6   -12.902359621437919
-1.940467100150443E-6     -3.176239559930227E-6    -12.57238674202803
-1.8079078195539703E-6    -3.1815079684722455E-6   -12.805090882659686
-1.6753485389574974E-6    -3.186776377014264E-6    -13.037795023291068
-1.5427892583610254E-6    -3.1920447855562824E-6   -13.223483000966647
-1.8843786928719968E-6    -3.0662202915445867E-6   -13.111134607919052
-1.7518194122755242E-6    -3.071488700086605E-6    -13.343838748550558
-1.6192601316790515E-6    -3.0767571086286236E-6   -13.562235445838255
-1.8282902855935504E-6    -2.9562010231589463E-6   -13.649882473810097
-1.695731004997078E-6     -2.9614694317009648E-6   -13.900987890709786
-1.7722018783151045E-6    -2.846181754773307E-6    -14.239740335581477
-1.2333001703914333E-6    -2.8692019656063797E-6   -14.889902632180519
-1.368025597372351E-6     -2.863446912898111E-6    -14.772381216252882
-1.5027510243532687E-6    -2.857691860189843E-6    -14.61187092132245
-1.6374764513341865E-6    -2.8519368074815746E-6   -14.451360626392335
-1.2915547240543246E-6    -2.97873458982577E-6     -14.385912004415463
-1.4262801510352424E-6    -2.972979537117501E-6    -14.240409756838925
-1.5610055780161602E-6    -2.9672244844092334E-6   -14.079899461908807
-1.349809277717216E-6     -3.08826721404516E-6     -13.881921376650562
-1.4845347046981335E-6    -3.0825121613368918E-6   -13.70843829742485
-1.4080638313801074E-6    -3.19779983826455E-6     -13.377930748885385
-1.329646479214391E-6     -3.310739671972931E-6    -13.008068545109882
-1.1929745733857829E-6    -3.3141468814619217E-6   -13.066455054079347
-1.0563026675571753E-6    -3.317554090950912E-6    -13.124841563048868
-9.196307617285672E-7     -3.3209613004399026E-6   -13.18322807201833
-7.829588558999594E-7     -3.324368509928893E-6    -13.194011825651659
-1.2713919255514994E-6    -3.201207047753541E-6    -13.479591687441022
-1.1347200197228916E-6    -3.2046142572425315E-6   -13.540299010052323
-9.980481138942838E-7     -3.208021466731522E-6    -13.601006332663728
-8.613762080656759E-7     -3.2114286762205124E-6   -13.616632185892428
-1.2131373718886079E-6    -3.0916744235341505E-6   -13.955601483557095
-1.07646546606E-6         -3.095081633023141E-6    -14.016308806168404
-9.397935602313924E-7     -3.0984888425121314E-6   -14.063168109336612
-1.1548828182257166E-6    -2.9821417993147603E-6   -14.431611279673184
-1.0182109123971088E-6    -2.9855490088037508E-6   -14.509704032781052
-1.0966282645628253E-6    -2.87260917509537E-6     -14.95623995622557
-7.2373320819706E-7       -3.2146282031561806E-6   -13.582746061343993
-6.645075604941606E-7     -3.1048878963834677E-6   -13.995305379030924
-6.052819127912611E-7     -2.9951475896107557E-6   -14.407864696718166
-5.460562650883617E-7     -2.885407282838043E-6    -14.820424014405134
-8.021505603627764E-7     -3.1016883694478E-6      -14.015259099061367
-7.42924912659877E-7      -2.991948062675087E-6    -14.458967481613238
-6.836992649569776E-7     -2.8822077559023747E-6   -14.90267586416487
-8.805679125284929E-7     -2.9887485357394185E-6   -14.493028472445268
-8.213422648255936E-7     -2.8790082289667065E-6   -14.936736854997132
-9.589852646942093E-7     -2.875808702031038E-6    -14.970797845829171
-4.6640219665914655E-7    -2.997618770155656E-6    -14.26354670424784
-5.256278443620459E-7     -3.1073590769283683E-6   -13.88213645142542
-5.848534920649454E-7     -3.2170993837010808E-6   -13.500726198603033
-6.440791397678448E-7     -3.3268396904737936E-6   -13.11679239319468
-3.8674812822993147E-7    -3.109830257473269E-6    -13.754860253018126
-4.4597377593283087E-7    -3.2195705642459818E-6   -13.373450000195911
-5.051994236357303E-7     -3.329310871018694E-6    -12.992235864715479
-3.070940598007163E-7     -3.222041744790882E-6    -13.246173801788585
-3.663197075036158E-7     -3.3317820515635944E-6   -12.86767933623624
-2.274399913715013E-7     -3.3342532321084954E-6   -12.743122807757096
-3.7780600287643152E-6    -4.079856660951033E-6    -4.532484769791305
-3.7941153378490746E-6    -3.9656467237910356E-6   -4.581019341083982
-3.8101706469338343E-6    -3.851436786631037E-6    -4.636513171594112
-3.826225956018594E-6     -3.7372268494710395E-6   -4.69200700210426
-3.842281265103353E-6     -3.6230169123110417E-6   -4.74750083261433
-3.899146507499471E-6     -4.056244063582602E-6    -4.029213155251175
-3.91520181658423E-6      -3.942034126422603E-6    -4.073462304557249
-3.931257125668989E-6     -3.827824189262606E-6    -4.115236979573676
-3.947312434753749E-6     -3.7136142521026082E-6   -4.1570116545901845
-4.020232986234626E-6     -4.03263146621417E-6     -3.5139185897855363
-4.036288295319384E-6     -3.918421529054173E-6    -3.5533646147949884
-4.052343604404144E-6     -3.804211591894175E-6    -3.595139289811534
-4.141319464969781E-6     -4.009018868845739E-6    -2.998624024320194
-4.157374774054539E-6     -3.894808931685742E-6    -3.0332669250325726
-4.262405943704936E-6     -3.9854062714773085E-6   -2.483329458854575
-4.4503049070133E-6       -4.553683754751376E-6    -1.4311424684800558
-4.349173804679323E-6     -4.547666379678828E-6    -1.8656191466726004
-4.248042702345346E-6     -4.54164900460628E-6     -2.300095824864829
-4.1469116000113695E-6    -4.535631629533732E-6    -2.7345725030569
-4.416716189631863E-6     -4.434102263608367E-6    -1.6138427585123456
-4.315585087297886E-6     -4.428084888535819E-6    -2.052359355321771
-4.214453984963909E-6     -4.422067513463271E-6    -2.490875952131024
-4.113322882629932E-6     -4.416050138390723E-6    -2.918210512113321
-4.3831274722504254E-6    -4.314520772465358E-6    -1.8027816162195285
-4.281996369916449E-6     -4.30850339739281E-6     -2.241298213029108
-4.180865267582472E-6     -4.302486022320262E-6    -2.678139697687423
-4.349538754868988E-6     -4.194939281322348E-6    -1.9917204739268617
-4.2484076525350115E-6    -4.1889219062498E-6      -2.4380688832615647
-4.315950037487551E-6     -4.075357790179339E-6    -2.1979980688351546
-3.831604122546931E-6     -4.169808179653064E-6    -4.25042925257818
-3.952690601282086E-6     -4.146195582284632E-6    -3.7468111295423783
-4.073777080017241E-6     -4.122582984916201E-6    -3.2363196883738325
-4.194863558752396E-6     -4.09897038754777E-6     -2.7258282472052873
-3.8851482163295465E-6    -4.2597596983550936E-6   -3.975114417758853
-4.006234695064701E-6     -4.236147100986662E-6    -3.46688357812354
-4.1273211737998565E-6    -4.212534503618231E-6    -2.956392136954836
-3.938692310112162E-6     -4.3497112170571234E-6   -3.6997995829396046
-4.059778788847316E-6     -4.326098619688692E-6    -3.1869560267049444
-3.992236403894777E-6     -4.439662735759154E-6    -3.424484748119922
-4.4216416042354556E-6    -4.641743528786591E-6    -1.5476988488762888
-4.392978301457611E-6     -4.729803302821805E-6    -1.6580166615977117
-4.364314998679768E-6     -4.817863076857021E-6    -1.768334474319034
-4.320510501901479E-6     -4.635726153714043E-6    -1.9781356084516755
-4.2918471991236346E-6    -4.723785927749257E-6    -2.088453421172981
-4.219379399567502E-6     -4.629708778641494E-6    -2.408572368026827
-3.967540832658884E-7     -3.8866727747231045E-6   -11.45536133276906
-3.3511532166058805E-7    -3.776683102309163E-6    -11.660779344762652
-2.7347656005528775E-7    -3.666693429895221E-6    -11.885032158480737
-2.118377984499874E-7     -3.556703757481279E-6    -12.109284972198665
-1.5019903684468707E-7    -3.4467140850673376E-6   -12.333537785916867
-4.739950377927026E-7     -3.7742119217642623E-6   -11.779925537507197
-4.1235627618740224E-7    -3.6642222493503203E-6   -11.994139360160727
-3.507175145821019E-7     -3.5542325769363786E-6   -12.245678995092051
-2.890787529768016E-7     -3.4442429045224366E-6   -12.497218630023387
-5.512359923195167E-7     -3.6617510688054197E-6   -12.127502691208004
-4.895972307142164E-7     -3.551761396391478E-6    -12.367515853643523
-4.2795846910891614E-7    -3.4417717239775364E-6   -12.619055488574816
-6.28476946846331E-7      -3.549290215846578E-6    -12.475079844908834
-5.668381852410307E-7     -3.439300543432636E-6    -12.740892347126172
-7.057179013731451E-7     -3.4368293628877353E-6   -12.822656998609665
-7.220505506178846E-8     -3.5580547527226746E-6   -11.900054567896408
-1.338438166670888E-7     -3.6680444251366166E-6   -11.70308857539177
-1.954825782723891E-7     -3.778034097550558E-6    -11.50612258288697
-2.5712133987768945E-7    -3.8880237699645E-6      -11.305268630032295
5.78892672111014E-9       -3.669395420378012E-6    -11.508415335431351
-5.584983488419021E-8     -3.779385092791954E-6    -11.311449342926593
-1.1748859648949054E-7    -3.889374765205896E-6    -11.113852943782732
8.378290850400874E-8      -3.7807360880333495E-6   -11.116776102966293
2.2144146898708406E-8     -3.890725760447291E-6    -10.922437257533069
1.6177689028690732E-7     -3.892076755688688E-6    -10.73102157128374
5.037020698635433E-8      -4.334875697138878E-6    -10.227569641906314
1.131300636585423E-7      -4.2245137105866795E-6   -10.293164074758323
1.758899203307303E-7      -4.11415172403448E-6     -10.358758507610313
2.3864977700291826E-7     -4.003789737482282E-6    -10.424352940462146
-8.92625364018446E-8      -4.333524701897483E-6    -10.41461952024296
-2.6502679729656623E-8    -4.223162715345284E-6    -10.470571515506066
3.625717694253137E-8      -4.1128007287930845E-6   -10.559349767692673
9.901703361471934E-8      -4.002438742240886E-6    -10.648128019879362
-1.6613542311785555E-7    -4.221811720103888E-6    -10.669247281302216
-1.0337556644566758E-7    -4.111449733551689E-6    -10.747507900231382
-4.0615709773479585E-8    -4.00108774699949E-6     -10.836286152418069
-2.430083098338665E-7     -4.110098738310293E-6    -10.923875042361393
-1.8024845316167851E-7    -3.9997367517580945E-6   -11.024444284956937
-3.1988119654987746E-7    -3.998385756516699E-6    -11.178502803420708
3.142961371399513E-7      -4.114733107643644E-6    -10.097734705106777
2.515362804677633E-7      -4.225095094195843E-6    -10.055324091589721
1.8877642379557532E-7     -4.3354570807480415E-6   -10.012913478072432
1.2601656712338734E-7     -4.445819067300241E-6    -9.967657289154927
3.899424972769843E-7      -4.225676477805007E-6    -9.806733416629855
3.2718264060479634E-7     -4.336038464357205E-6    -9.764322803112663
2.644227839326084E-7      -4.446400450909404E-6    -9.721382429465859
4.6558885741401733E-7     -4.3366198479663695E-6   -9.515732128152818
4.028290007418293E-7      -4.446981834518569E-6    -9.475107569776611
5.412352175510504E-7      -4.447563218127732E-6    -9.228832710087621
3.4281958577944493E-7     -4.778676457085594E-6    -9.398772203559064
4.089581297033134E-7      -4.668305377432973E-6    -9.343492995872419
4.7509667362718185E-7     -4.557934297780352E-6    -9.288213788185834
2.7055191289409235E-7     -4.6677239938238085E-6   -9.587452040290868
3.3669045681796086E-7     -4.557352914171189E-6    -9.532172832604253
1.9828424000873987E-7     -4.556771530562025E-6    -9.776131877022891
-3.664503715830015E-6     -4.029109839872745E-6    -5.041739158408751
-3.5509474028957153E-6    -3.978363018794458E-6    -5.553903139388563
-3.4373910899614147E-6    -3.92761619771617E-6     -6.0660671203685315
-3.323834777027115E-6     -3.876869376637883E-6    -6.578231101348699
-3.2102784640928147E-6    -3.826122555559595E-6    -7.077492529784856
-3.6805590249147744E-6    -3.914899902712748E-6    -5.096773934901995
-3.567002711980474E-6     -3.86415308163446E-6     -5.625069181956003
-3.453446399046174E-6     -3.813406260556172E-6    -6.153364429009905
-3.3398900861118742E-6    -3.7626594394778853E-6   -6.671081012911351
-3.6966143339995333E-6    -3.8006899655527494E-6   -5.165986920906087
-3.583058021065234E-6     -3.7499431444744622E-6   -5.694282167959831
-3.4695017081309338E-6    -3.6991963233961747E-6   -6.215867901097386
-3.712669643084293E-6     -3.6864800283927516E-6   -5.23519990690981
-3.5991133301499933E-6    -3.6357332073144644E-6   -5.760654789283183
-3.728724952169053E-6     -3.572270091232754E-6    -5.3054416774692985
-3.3572373654023713E-6    -3.2738211867079792E-6   -7.530297074760595
-3.450109262094041E-6     -3.348433412839173E-6    -6.952061798133246
-3.542981158785712E-6     -3.423045638970366E-6    -6.403531352763902
-3.635853055477382E-6     -3.4976578651015604E-6   -5.855000907394281
-3.3204976400749816E-6    -3.411896528920883E-6    -7.40917457120221
-3.413369536766652E-6     -3.4865087550520765E-6   -6.854875315341594
-3.506241433458323E-6     -3.5611209811832707E-6   -6.306344869972348
-3.2837579147475928E-6    -3.549971871133787E-6    -7.288052067643827
-3.376629811439263E-6     -3.6245840972649805E-6   -6.757688832550305
-3.247018189420204E-6     -3.688047213346691E-6    -7.166929564085443
-3.2288148252418357E-6    -3.2947062968328942E-6   -8.025776820138038
-3.192075099914447E-6     -3.4327816390457978E-6   -7.880718295812527
-3.1553353745870577E-6    -3.570856981258702E-6    -7.735659771487518
-3.118595649259669E-6     -3.7089323234716066E-6   -7.627935053376711
-3.1003922850813006E-6    -3.3155914069578096E-6   -8.491551734257232
-3.0636525597539114E-6    -3.453666749170714E-6    -8.346493209932024
-3.026912834426522E-6     -3.591742091383618E-6    -8.216699615950896
-2.9719697449207655E-6    -3.336476517082725E-6    -8.957326648376876
-2.9352300195933762E-6    -3.4745518592956294E-6   -8.805464178525241
-2.8435472047602304E-6    -3.357361627207641E-6    -9.394228741099111
-2.693847114451339E-6     -3.361270818989332E-6    -9.892416519392079
-2.785529929284485E-6     -3.4784610510773206E-6   -9.285555661106875
-2.8772127441176307E-6    -3.595651283165309E-6    -8.718859974403156
-2.9688955589507765E-6    -3.7128415152532978E-6   -8.152164287699515
-3.0605783737839232E-6    -3.830031747341286E-6    -7.601928080095387
-2.6358298389755933E-6    -3.482370242859012E-6    -9.78453678499843
-2.727512653808739E-6     -3.599560474947E-6       -9.20575540251127
-2.819195468641886E-6     -3.716750707034989E-6    -8.63905971580759
-2.910878283475032E-6     -3.8339409391229775E-6   -8.080114253188608
-2.577812563499848E-6     -3.6034696667286916E-6   -9.676657050605176
-2.669495378332994E-6     -3.72065989881668E-6     -9.125955143915798
-2.7611781931661403E-6    -3.837850130904669E-6    -8.55830042628179
-2.5197952880241026E-6    -3.7245690905983714E-6   -9.568777316211683
-2.611478102857249E-6     -3.84175932268636E-6     -9.036486599374733
-2.4617780125483574E-6    -3.845668514468051E-6    -9.473884366396602
-2.195647432929961E-6     -3.3939260387126897E-6   -11.282231754972322
-2.3201973533103053E-6    -3.38576223378185E-6     -10.966923208056182
-2.44474727369065E-6      -3.37759842885101E-6     -10.622142702361975
-2.569297194070994E-6     -3.369434623920171E-6    -10.277362196667688
-2.26218007783456E-6      -3.5068616576515297E-6   -10.822520789907259
-2.3867299982149043E-6    -3.4986978527206903E-6   -10.486183492170479
-2.5112799185952492E-6    -3.4905340477898513E-6   -10.141402986476312
-2.328712722739159E-6     -3.6197972765903704E-6   -10.362809824842312
-2.4532626431195036E-6    -3.6116334716595306E-6   -10.005443776285047
-2.3952453676437585E-6    -3.732732895529211E-6    -9.903098859777128
-2.3245003355063525E-6    -3.850489732050361E-6    -9.801079202102569
-2.1872226584643467E-6    -3.855310949632669E-6    -10.089907764482142
-2.0499449814223417E-6    -3.860132167214978E-6    -10.378736326861418
-1.9126673043803363E-6    -3.864953384797287E-6    -10.667564889240715
-1.775389627338331E-6     -3.869774602379596E-6    -10.915067534375865
-2.257967690601753E-6     -3.7375541131115194E-6   -10.230835008282687
-2.1206900135597477E-6    -3.742375330693828E-6    -10.524956863104675
-1.9834123365177423E-6    -3.747196548276137E-6    -10.81907871792679
-1.8461346594757374E-6    -3.7520177658584465E-6   -11.070854837621894
-2.1914350456971537E-6    -3.624618494172679E-6    -10.6695172225273
-2.0541573686551488E-6    -3.6294397117549877E-6   -10.96363907734934
-1.9168796916131434E-6    -3.634260929337297E-6    -11.24381976974247
-2.1249024007925548E-6    -3.5116828752338383E-6   -11.108199436771857
-1.9876247237505494E-6    -3.5165040928161477E-6   -11.416784701863207
-2.058369755887956E-6     -3.3987472562949984E-6   -11.589749633983626
-1.5281326335020654E-6    -3.4198208904630717E-6   -12.475616038439952
-1.6606919140985378E-6    -3.4145524819210532E-6   -12.291456822865905
-1.7932511946950103E-6    -3.409284073379035E-6    -12.071843754227528
-1.925810475291483E-6     -3.4040156648370164E-6   -11.852230685589388
-1.5899468819611316E-6    -3.532309318442203E-6    -12.078565804801364
-1.7225061625576043E-6    -3.5270409099001846E-6   -11.870474249408929
-1.855065443154077E-6     -3.521772501358166E-6    -11.65086118077067
-1.651761130420198E-6     -3.6447977464213336E-6   -11.68151557116262
-1.7843204110166705E-6    -3.639529337879315E-6    -11.44949167595201
-1.7135753788792645E-6    -3.757286174400465E-6    -11.284465337524175
-1.3904004421609326E-6    -3.4215255347048863E-6   -12.623611978663845
-1.4522146906199989E-6    -3.5340139626840172E-6   -12.207068229340988
-1.5140289390790653E-6    -3.646502390663148E-6    -11.833950335520743
-1.5758431875381315E-6    -3.758990818642279E-6    -11.460832441700443
-1.6376574359971984E-6    -3.871479246621411E-6    -11.093413148932111
-1.314482499278866E-6     -3.5357186069258322E-6   -12.36233916594589
-1.3762967477379324E-6    -3.648207034904963E-6    -11.973974273306283
-1.4381109961969988E-6    -3.760695462884094E-6    -11.60085637948593
-1.4999252446560653E-6    -3.873183890863225E-6    -11.230235742295157
-1.2385645563967998E-6    -3.6499116791467778E-6   -12.10106635322813
-1.300378804855866E-6     -3.7624001071259087E-6   -11.740880317271554
-1.3621930533149327E-6    -3.87488853510504E-6     -11.367058335658534
-1.1626466135147333E-6    -3.7641047513677238E-6   -11.839793540510197
-1.2244608619738E-6       -3.876593179346855E-6    -11.503880929021697
-1.086728670632667E-6     -3.878297823588669E-6    -11.597748972328004
-8.437128188465009E-7     -3.435154372660848E-6    -12.851278652319158
-9.803847246751088E-7     -3.4317471631718577E-6   -12.835234920149306
-1.1170566305037168E-6    -3.428339953682867E-6    -12.77916922482164
-1.2537285363323244E-6    -3.4249327441938767E-6   -12.723103529494132
-9.044667817930425E-7     -3.5459402353928036E-6   -12.531967011804891
-1.0411386876216503E-6    -3.5425330259038128E-6   -12.489717555420635
-1.1778105934502583E-6    -3.5391258164148227E-6   -12.433651860093049
-9.652207447395838E-7     -3.6567260981247587E-6   -12.212655371290722
-1.1018926505681918E-6    -3.6533188886357683E-6   -12.144200190691892
-1.0259747076861255E-6    -3.7675119608567142E-6   -11.893343730776536
-7.664718643196867E-7     -3.5476152256196908E-6   -12.489478875242336
-8.272258272662283E-7     -3.6584010883516454E-6   -12.196372958942609
-8.879797902127698E-7     -3.769186951083601E-6    -11.903267042642822
-9.487337531593113E-7     -3.879972813815557E-6    -11.611099121889328
-6.892309097928725E-7     -3.6600760785785326E-6   -12.167701061323259
-7.49984872739414E-7      -3.770861941310488E-6    -11.874595145023601
-8.107388356859555E-7     -3.8816478040424436E-6   -11.582431067112738
-6.119899552660582E-7     -3.7725369315373748E-6   -11.845923247404276
-6.727439182125999E-7     -3.88332279426933E-6     -11.55376301233609
-5.347490007392441E-7     -3.884997784496218E-6    -11.525094957559382
-3.7059775644394933E-6    -4.1564196915981095E-6   -4.757609348095409
-3.7595216582221087E-6    -4.2463712103001394E-6   -4.475846497305646
-3.813065752004724E-6     -4.336322729002169E-6    -4.2051443790853575
-3.8666098457873396E-6    -4.4262742477042E-6      -3.9344422608652265
-3.920153939569955E-6     -4.51622576640623E-6     -3.668568419183534
-3.6338951001146714E-6    -4.232982722245186E-6    -4.97814734335137
-3.6874391938972864E-6    -4.322934240947216E-6    -4.708137060165305
-3.7409832876799022E-6    -4.412885759649246E-6    -4.437434941945253
-3.7945273814625176E-6    -4.502837278351276E-6    -4.166705795799723
-3.561812635789849E-6     -4.309545752892262E-6    -5.19868533860749
-3.6153567295724645E-6    -4.399497271594292E-6    -4.940427623025638
-3.6689008233550803E-6    -4.4894487902963225E-6   -4.664843172416268
-3.489730171465027E-6     -4.3861087835393385E-6   -5.419223333863609
-3.543274265247643E-6     -4.476060302241369E-6    -5.162980549032616
-3.592421251505193E-6     -4.105672870519822E-6    -5.264702795571285
-3.5203387871803708E-6    -4.182235901166898E-6    -5.4734882232235496
-3.448256322855549E-6     -4.258798931813974E-6    -5.682273650875784
-3.3761738585307273E-6    -4.335361962461051E-6    -5.900080293269179
-3.478864938570893E-6     -4.0549260494415336E-6   -5.760735510477223
-3.4067824742460706E-6    -4.131489080088611E-6    -5.969520938129559
-3.334700009921249E-6     -4.208052110735687E-6    -6.182886199492042
-3.3653086256365927E-6    -4.004179228363246E-6    -6.256768225383304
-3.293226161311771E-6     -4.0807422590103235E-6   -6.465692105714906
-3.251752312702293E-6     -3.953432407284959E-6    -6.748498011937889
-3.871633088851363E-6     -4.6103029155139925E-6   -3.8375156415591034
-3.82311223813277E-6      -4.704380064621755E-6    -4.001634587397024
-3.7745913874141784E-6    -4.7984572137295186E-6   -4.165753533234852
-3.7460065307439253E-6    -4.596914427459039E-6    -4.330797713711901
-3.6974856800253334E-6    -4.690991576566802E-6    -4.494916659549691
-3.6203799726364875E-6    -4.583525939404085E-6    -4.824079785864913
-6.483881621032496E-7     -4.33091892898183E-6     -10.833265389899688
-5.854796423939092E-7     -4.219857390417148E-6    -10.984211866979543
-5.22571122684569E-7      -4.1087958518524665E-6   -11.135158344059388
-4.596626029752286E-7     -3.9977343132877855E-6   -11.286104821139173
-7.863830795766052E-7     -4.329243938754943E-6    -10.862436411483987
-7.234745598672649E-7     -4.218182400190262E-6    -11.001100152706767
-6.605660401579246E-7     -4.10712086162558E-6     -11.176081595682339
-5.976575204485844E-7     -3.996059323060898E-6    -11.351063038657868
-8.614694773406206E-7     -4.216507409963374E-6    -11.041455134697163
-7.985609576312803E-7     -4.105445871398693E-6    -11.204745807616428
-7.3565243792194E-7       -3.994384332834012E-6    -11.37972725059194
-9.365558751046361E-7     -4.103770881171806E-6    -11.220473857910273
-8.736473553952958E-7     -3.9927093426071245E-6   -11.408391462525891
-1.0116422728686516E-6    -3.991034352380238E-6    -11.39949258112341
-3.8278971625921774E-7    -4.10944729508138E-6     -11.017491678161473
-4.45698235968558E-7      -4.2205088336460615E-6   -10.890580166977372
-5.086067556778982E-7     -4.331570372210743E-6    -10.763668655793209
-5.715152753872386E-7     -4.442631910775424E-6    -10.63638257091986
-3.0591682954320674E-7    -4.221160276874975E-6    -10.785172540768453
-3.6882534925254707E-7    -4.3322218154396565E-6   -10.658261029584295
-4.317338689618873E-7     -4.4432833540043375E-6   -10.531625674386161
-2.2904394282719583E-7    -4.33287325866857E-6     -10.5528534033754
-2.919524625365361E-7     -4.443934797233251E-6    -10.42686877785253
-1.5217105611118486E-7    -4.444586240462164E-6    -10.322111881318762
-3.5410649514423857E-7    -4.777443630247516E-6    -10.268942800722405
-2.8679468213322063E-7    -4.666491166985732E-6    -10.287191699366698
-2.1948286912220275E-7    -4.555538703723947E-6    -10.305440598010946
-4.2657608855857185E-7    -4.6658397237568185E-6   -10.391297866225141
-3.5926427554755397E-7    -4.554887260495034E-6    -10.409546764869411
-4.990456819729051E-7     -4.554235817266121E-6    -10.513652931727915
-3.2915280640234115E-6    -4.455634015432664E-6    -6.07441892992253
-3.1654084209066165E-6    -4.448596216678913E-6    -6.50009817530144
-3.0392887777898228E-6    -4.441558417925162E-6    -6.925777420680428
-2.913169134673028E-6     -4.434520619171411E-6    -7.351456666059258
-3.2500542154139328E-6    -4.3283241637073E-6      -6.341635288935398
-3.1239345722971382E-6    -4.321286364953549E-6    -6.774169069860124
-2.9978149291803445E-6    -4.314248566199798E-6    -7.2067028507850734
-2.8716952860635504E-6    -4.3072107674460465E-6   -7.608750038359844
-3.2085803668044545E-6    -4.201014311981936E-6    -6.619999814127484
-3.082460723687661E-6     -4.1939765132281846E-6   -7.0525335950521075
-2.9563410805708667E-6    -4.1869387144744335E-6   -7.4779963100070646
-3.1671065181949762E-6    -4.0737044602565715E-6   -6.898364339319206
-3.040986875078182E-6     -4.066666661502821E-6    -7.347242581653656
-3.125632669585499E-6     -3.946394608531208E-6    -7.216488853300959
-2.721995195754659E-6     -4.311119959227738E-6    -8.07088287300277
-2.6569408999530837E-6    -4.194757098037816E-6    -8.415288374164327
-2.591886604151508E-6     -4.078394236847895E-6    -8.759693875325802
-2.526832308349933E-6     -3.962031375657973E-6    -9.104099376487278
-2.806640990261975E-6     -4.190847906256125E-6    -7.940402162114778
-2.7415866944603996E-6    -4.074485045066203E-6    -8.30254087921964
-2.676532398658824E-6     -3.958122183876281E-6    -8.664679596324484
-2.8912867847692907E-6    -4.0705758532845124E-6   -7.833063961141905
-2.826232488967716E-6     -3.95421299209459E-6     -8.19520267824661
-2.975932579276607E-6     -3.9503038003128985E-6   -7.725725760168382
-2.6501210447894567E-6    -4.428948548119927E-6    -8.117364014742675
-2.513192598022679E-6     -4.430414275822194E-6    -8.45675301288978
-2.3762641512559E-6       -4.431880003524461E-6    -8.796142011037045
-2.2393357044891224E-6    -4.433345731226728E-6    -9.135531009184227
-2.585066748987881E-6     -4.312585686930005E-6    -8.437239118357436
-2.448138302221103E-6     -4.314051414632272E-6    -8.780452853797572
-2.311209855454325E-6     -4.315517142334539E-6    -9.123666589237567
-2.1742814086875472E-6    -4.316982870036806E-6    -9.431112758785115
-2.5200124531863055E-6    -4.196222825740083E-6    -8.763911403575856
-2.3830840064195277E-6    -4.19768855344235E-6     -9.107125139015837
-2.24615555965275E-6      -4.199154281144617E-6    -9.439232677091427
-2.45495815738473E-6      -4.079859964550161E-6    -9.09058368879397
-2.318029710617952E-6     -4.081325692252429E-6    -9.447352595397758
-2.389903861583155E-6     -3.96349710336024E-6     -9.45547251370413
-1.8407931534151339E-6    -3.9827819736894754E-6   -10.59577495580942
-1.9780708304571386E-6    -3.977960756107167E-6    -10.344294863205949
-2.1153485074991444E-6    -3.973139538524857E-6    -10.060759593269426
-2.2526261845411494E-6    -3.968318320942549E-6    -9.777224323332902
-1.9061966794919364E-6    -4.095789344999356E-6    -10.300827769561451
-2.0434743565339418E-6    -4.090968127417046E-6    -10.027978306434814
-2.180752033575947E-6     -4.086146909834738E-6    -9.744443036498172
-1.971600205568739E-6     -4.208796716309235E-6    -10.005880583313584
-2.108877882610744E-6     -4.203975498726927E-6    -9.711661749663595
-2.037003731645542E-6     -4.321804087619115E-6    -9.710933397065494
-1.7016894575226322E-6    -3.983940760148663E-6    -10.807943808960998
-1.7670929835994347E-6    -4.096948131458542E-6    -10.495704733340657
-1.8324965096762374E-6    -4.2099555027684224E-6   -10.222126917615935
-1.89790003575304E-6      -4.322962874078303E-6    -9.948549101891368
-1.9633035618298433E-6    -4.435970245388182E-6    -9.679311826900474
-1.627989287706933E-6     -4.09810691791773E-6     -10.714493570300316
-1.6933928137837357E-6    -4.2111142892276095E-6   -10.427689688205186
-1.7587963398605384E-6    -4.324121660537489E-6    -10.154111872480502
-1.8241998659373411E-6    -4.4371290318473694E-6   -9.882438778545756
-1.5542891178912344E-6    -4.2122730756867965E-6   -10.62104333163932
-1.619692643968037E-6     -4.325280446996677E-6    -10.359674643069924
-1.6850961700448399E-6    -4.4382878183065565E-6   -10.085565730191295
-1.4805889480755354E-6    -4.326439233455863E-6    -10.52759309297862
-1.5459924741523382E-6    -4.4394466047657435E-6   -10.288692681836618
-1.3428567567344027E-6    -4.328143877697678E-6    -10.658322337219968
-1.2788247352089687E-6    -4.2156823641704265E-6   -10.887481506046367
-1.2147927136835348E-6    -4.103220850643174E-6    -11.11664067487273
-1.150760692158101E-6     -3.990759337115922E-6    -11.345799843699215
-1.4165569265501015E-6    -4.2139777199286115E-6   -10.742455453424881
-1.3525249050246675E-6    -4.101516206401359E-6    -10.994962134552202
-1.2884928834992337E-6    -3.989054692874107E-6    -11.247468815679365
-1.4902570963658002E-6    -4.099811562159544E-6    -10.861340885611325
-1.4262250748403665E-6    -3.987350048632292E-6    -11.113847566738619
-1.5639572661814992E-6    -3.9856454043904775E-6   -10.980226317797689
-1.0756742943940855E-6    -4.103495865907489E-6    -11.15611783126133
-1.1397063159195193E-6    -4.215957379434742E-6    -10.9503061747357
-1.2037383374449532E-6    -4.328418892961994E-6    -10.744494518210148
-1.2677703589703872E-6    -4.440880406489247E-6    -10.540950019848076
-1.00058789663007E-6      -4.216232394699058E-6    -11.001726039744572
-1.0646199181555038E-6    -4.32869390822631E-6     -10.795914383218966
-1.1286519396809378E-6    -4.441155421753563E-6    -10.59132763987435
-9.255014988660545E-7     -4.3289689234906265E-6   -10.847334248227874
-9.895335203914885E-7     -4.441430437017879E-6    -10.641705259900661
-8.504151011020391E-7     -4.441705452282195E-6    -10.692082879927163
-3.235995349727921E-6     -4.563099652595381E-6    -6.2227255505751105
-3.1804626354324315E-6    -4.670565289758097E-6    -6.359884005048813
-3.124929921136942E-6     -4.778030926920813E-6    -6.497042459522335
-3.109875706611127E-6     -4.556061853841629E-6    -6.641550260408376
-3.0543429923156373E-6    -4.6635274910043455E-6   -6.778708714881906
-2.983756063494333E-6     -4.549024055087878E-6    -7.0603749702412975
-1.0517447785481502E-6    -4.776517171754287E-6    -10.407582201247207
-9.846348860661132E-7     -4.664913265263589E-6    -10.502129235212472
-9.17524993584076E-7      -4.5533093587728925E-6   -10.596676269177697
-1.1237533053555625E-6    -4.664638249999273E-6    -10.452793860168665
-1.0566434128735255E-6    -4.5530343435085756E-6   -10.547340894133884
-1.1957618321629747E-6    -4.55275932824426E-6     -10.498005519090007
-2.4434759517676042E-6    -4.772458855869329E-6    -8.44554398091329
-2.375429202674777E-6     -4.659421147655129E-6    -8.673980646911751
-2.3073824535819497E-6    -4.546383439440928E-6    -8.902417312910416
-2.5123576494415548E-6    -4.6579554199528615E-6   -8.338416386057716
-2.4443109003487275E-6    -4.544917711738661E-6    -8.566853052056178
-2.5812393471155057E-6    -4.543451984036394E-6    -8.231288791201791
-1.7487053514192128E-6    -4.775083370030784E-6    -9.788422427767353
-1.6811343923302547E-6    -4.66320444827577E-6     -9.954190207091202
-1.6135634332412963E-6    -4.551325526520757E-6    -10.119957986415098
-1.8202380882227562E-6    -4.662045661816583E-6    -9.753499074389849
-1.752667129133798E-6     -4.550166740061569E-6    -9.919266853713573
-1.8917708250262995E-6    -4.549007953602383E-6    -9.718575721011998
