4.529988385021929E-6      -4.6012412758989503E-7   47515.61627110854
4.623990708017544E-6      -3.680993020719161E-7    47937.85032119778
4.717993031013157E-6      -2.76074476553937E-7     48454.07012858943
4.811995354008771E-6      -1.84049651035958E-7     48970.88180489154
4.905997677004386E-6      -9.202482551797905E-8    49488.28535010403
4.9999999999999996E-6     0                        50006.280764227085
4.489716575171462E-6      -3.680993020719161E-7    50102.35524753464
4.583718898167075E-6      -2.7607447655393704E-7   50573.56620844073
4.6777212211626895E-6     -1.84049651035958E-7     51101.94300180633
4.771723544158304E-6      -9.202482551797898E-8    51631.2762080426
4.86572586715392E-6       -2.554202003179324E-23   52161.56582714907
4.449444765320994E-6      -2.76074476553937E-7     52651.18615890566
4.543447088316609E-6      -1.8404965103595805E-7   53215.01362454115
4.637449411312223E-6      -9.202482551797896E-8    53749.04230412377
4.731451734307836E-6      3.8313030047689856E-23   54284.02739657705
4.409172955470526E-6      -1.84049651035958E-7     55210.24707476131
4.5031752784661415E-6     -9.202482551797902E-8    55866.808400204885
4.597177601461754E-6      3.8313030047689856E-23   56406.48896600469
4.36890114562006E-6       -9.202482551797905E-8    57779.537995102
4.462903468615674E-6      5.108404006358647E-23    58528.950535432785
4.328629335769592E-6      0                        60487.021166463
4.623990708017544E-6      -5.10956444929058E-7     45208.832185019004
4.717993031013157E-6      -5.617887622682209E-7    43078.34796774743
4.811995354008771E-6      -6.126210796073838E-7    40952.90794315204
4.905997677004386E-6      -6.634533969465469E-7    38832.51211123301
4.9999999999999996E-6     -7.142857142857099E-7    36866.18403585349
4.717993031013157E-6      -4.18931619411079E-7     45745.81921849786
4.811995354008771E-6      -4.697639367502419E-7    43563.700936692054
4.905997677004385E-6      -5.205962540894049E-7    41386.879645074674
5.0E-6                    -5.714285714285679E-7    39215.35534364595
4.8119953540087724E-6     -3.269067938931E-7       46250.67641047395
4.905997677004385E-6      -3.777391112322629E-7    44063.700613009576
4.9999999999999996E-6     -4.2857142857142587E-7   41882.02180573368
4.905997677004385E-6      -2.34881968375121E-7     46755.760927400326
4.9999999999999996E-6     -2.8571428571428395E-7   44563.92761427749
4.9999999999999996E-6     -1.4285714285714197E-7   47261.072769277394
3.971681318199811E-6      -5.171792825941175E-7    52115.042914778685
4.043070921713767E-6      -4.1374342607529407E-7   53669.59906574496
4.114460525227722E-6      -3.1030756955647047E-7   55343.75807494014
4.1858501287416785E-6     -2.0687171303764698E-7   57024.34884992507
4.2572397322556365E-6     -1.0343585651882353E-7   58711.37139069978
3.908298777723537E-6      -4.1374342607529407E-7   55088.47249423315
3.979688381237493E-6      -3.103075695564705E-7    56692.445020483654
4.0510779847514485E-6     -2.0687171303764695E-7   58511.90203174997
4.122467588265405E-6      -1.0343585651882346E-7   60338.34120537334
4.193857191779363E-6      -2.8709217369755486E-23  62171.762541353724
3.844916237247262E-6      -3.1030756955647047E-7   58164.629019693166
3.91630584076122E-6       -2.0687171303764698E-7   59933.30941088601
3.987695444275175E-6      -1.0343585651882342E-7   61763.45333585109
4.059085047789131E-6      4.306382605463323E-23    63600.57942317329
3.7815336967709893E-6     -2.0687171303764698E-7   61254.82154874166
3.8529233002849455E-6     -1.0343585651882349E-7   63188.56546632879
3.924312903798901E-6      4.306382605463323E-23    65029.3963049925
3.718151156294716E-6      -1.0343585651882353E-7   64359.05008137867
3.789540759808672E-6      5.741843473951097E-23    66458.21318681234
3.6547686158184417E-6     0                        67621.9176215921
4.9999999999999996E-6     -1.428571428571425E-6    26939.354014483903
5.0E-6                    -1.285714285714282E-6    28752.6438646929
4.9999999999999996E-6     -1.1428571428571388E-6   30838.37461484233
4.9999999999999996E-6     -9.999999999999957E-7    32935.54941470674
5.0E-6                    -8.571428571428529E-7    35044.16826428606
4.876476958670819E-6      -1.3606209234486117E-6   28931.080575297205
4.876476958670818E-6      -1.2177637805914686E-6   30945.364889386296
4.876476958670818E-6      -1.0749066377343254E-6   33041.301661781385
4.876476958670818E-6      -9.320494948771823E-7    35148.68248389133
4.87647695867082E-6       -7.891923520200395E-7    37189.16564518649
4.752953917341637E-6      -1.2926704183257979E-6   31068.910563949117
4.7529539173416385E-6     -1.149813275468655E-6    33145.205801469376
4.752953917341637E-6      -1.006956132611512E-6    35251.34859611017
4.752953917341637E-6      -8.640989897543688E-7    37359.28530975047
4.629430876012456E-6      -1.2247199132029845E-6   33213.50226451285
4.629430876012457E-6      -1.0818627703458417E-6   35352.16660094203
4.629430876012456E-6      -9.390056274886984E-7    37527.67093346528
4.505907834683276E-6      -1.1567694080801713E-6   35364.8556769884
4.505907834683276E-6      -1.013912265223028E-6    37694.32251633085
4.382384793354095E-6      -1.0888189029573577E-6   37660.12670069452
4.9999999999999996E-6     -2.14285714285714E-6     19335.23826633255
5.0E-6                    -1.9999999999999974E-6   20762.122231525886
4.9999999999999996E-6     -1.8571428571428541E-6   22363.74231814243
4.9999999999999996E-6     -1.7142857142857109E-6   23973.601549483225
5.0E-6                    -1.5714285714285683E-6   25591.699925548157
4.88152743958657E-6       -2.0895771806485825E-6   20622.42054842729
4.88152743958657E-6       -1.9467200377914397E-6   22173.03022542775
4.881527439586569E-6      -1.803862894934296E-6    23781.228429990268
4.881527439586569E-6      -1.6610057520771534E-6   25397.665779277053
4.881527439586571E-6      -1.5181486092200104E-6   26921.85979118727
4.763054879173139E-6      -2.036297218440025E-6    22006.289801111823
4.763054879173141E-6      -1.893440075582882E-6    23587.69890908991
4.76305487917314E-6       -1.7505829327257386E-6   25202.475231598473
4.763054879173139E-6      -1.6077257898685956E-6   26772.909604534812
4.644582318759709E-6      -1.9830172562314672E-6   23393.73387072757
4.64458231875971E-6       -1.8401601133743244E-6   25006.12828251242
4.644582318759709E-6      -1.697302970517181E-6    26623.001879639334
4.52610975834628E-6       -1.92973729402291E-6     24784.752757274524
4.5261097583462796E-6     -1.7868801511657666E-6   26472.136616500982
4.407637197932849E-6      -1.876457331814352E-6    26243.993260990483
3.3132209053985428E-6     -5.178092562050125E-7    56144.013274573656
3.381530447482523E-6      -4.1424740496401005E-7   58281.95695329868
3.4498399895665017E-6     -3.1068555372300747E-7   60569.59792920522
3.518149531650482E-6      -2.0712370248200497E-7   62866.71232863645
3.5864590737344622E-6     -1.0356185124100254E-7   65173.30015159221
3.2489936513927193E-6     -4.1424740496401005E-7   58898.91802402143
3.317303193476699E-6      -3.106855537230075E-7    61133.39490619903
3.385612735560678E-6      -2.07123702482005E-7     63592.797798640444
3.453922277644658E-6      -1.0356185124100247E-7   66062.27380455386
3.5222318197286387E-6     -2.8744187930141575E-23  68541.82292393959
3.1847663973868954E-6     -3.1068555372300747E-7   61808.249140766726
3.253075939470876E-6      -2.0712370248200503E-7   64219.79658452928
3.321385481554855E-6      -1.0356185124100245E-7   66691.12284468417
3.389695023638835E-6      4.311628189521237E-23    69172.52221831109
3.1205391433810715E-6     -2.0712370248200497E-7   64730.88342595224
3.188848685465052E-6      -1.035618512410025E-7    67319.9718848141
3.2571582275490316E-6     4.311628189521237E-23    69803.22151268236
3.0563118893752484E-6     -1.0356185124100254E-7   67666.82087957807
3.1246214314592287E-6     5.748837586028316E-23    70433.92080705395
2.992084635369425E-6      0                        70765.7812734162
2.6655053692501225E-6     -5.269946027003959E-7    56702.38405933616
2.7308212224739834E-6     -4.215956821603167E-7    59343.74308515394
2.7961370756978435E-6     -3.1619676162023743E-7   62143.54719799578
2.8614529289217035E-6     -2.1079784108015829E-7   64955.58503131935
2.926768782145565E-6      -1.0539892054007922E-7   67779.85658512467
2.6010910411403817E-6     -4.215956821603167E-7    59150.924678788375
2.666406894364242E-6      -3.1619676162023754E-7   61891.99333966761
2.731722747588102E-6      -2.107978410801583E-7    64875.780924030136
2.7970386008119623E-6     -1.0539892054007912E-7   67872.36075354929
2.8623544540358236E-6     -2.925407708855831E-23   70881.73282822507
2.53667671303064E-6       -3.1619676162023743E-7   61766.10624857792
2.6019925662545014E-6     -2.1079784108015837E-7   64692.351505287195
2.667308419478361E-6      -1.0539892054007912E-7   67688.90204980988
2.7326242727022215E-6     4.388111563283747E-23    70698.2448394893
2.4722623849208984E-6     -2.1079784108015829E-7   64393.45188390505
2.5375782381447597E-6     -1.0539892054007917E-7   67505.44334607055
2.60289409136862E-6       4.388111563283747E-23    70514.75685075352
2.4078480568111584E-6     -1.0539892054007922E-7   67032.96158477002
2.473163910035019E-6      5.850815417711662E-23    70331.26886201781
2.343433728701417E-6      0                        69843.62740907492
4.419159631619095E-6      -2.537336064825206E-6    18874.31760577856
4.535327705295277E-6      -2.6012974232887362E-6   17675.06977263587
4.651495778971457E-6      -2.665258781752265E-6    16553.076226468525
4.767663852647638E-6      -2.729220140215795E-6    15434.548566567213
4.883831926323819E-6      -2.7931814986793257E-6   14319.486792931895
4.9999999999999996E-6     -2.857142857142855E-6    13292.491829488348
4.535327705295277E-6      -2.4584402804315934E-6   19045.43430266623
4.651495778971457E-6      -2.522401638895123E-6    17844.914837709435
4.767663852647637E-6      -2.586362997358653E-6    16691.872084655144
4.883831926323818E-6      -2.650324355822182E-6    15542.467063375927
5.0E-6                    -2.7142857142857127E-6   14396.69977387173
4.651495778971457E-6      -2.379544496037979E-6    19140.41747928158
4.7676638526476395E-6     -2.44350585450151E-6     17975.04953548006
4.883831926323819E-6      -2.5074672129650392E-6   16820.276247698737
4.9999999999999996E-6     -2.5714285714285687E-6   15669.140691692483
4.767663852647638E-6      -2.300648711644366E-6    19234.25394682269
4.883831926323819E-6      -2.3646100701078964E-6   18103.91862010411
4.9999999999999996E-6     -2.428571428571426E-6    16947.414797595742
4.883831926323819E-6      -2.2217529272507536E-6   19326.943705289552
4.9999999999999996E-6     -2.2857142857142834E-6   18231.522091581573
4.439909792189304E-6      -3.230552756609773E-6    12583.4061810839
4.551927833751444E-6      -3.2987279195735324E-6   11675.085301048372
4.663945875313582E-6      -3.366903082537291E-6    10829.991416683844
4.775963916875722E-6      -3.4350782455010506E-6   9987.731295841786
4.887981958437861E-6      -3.5032534084648114E-6   9148.304938522193
4.9999999999999996E-6     -3.57142857142857E-6     8387.717971914493
4.551927833751444E-6      -3.1558707767163896E-6   12800.716440266311
4.663945875313583E-6      -3.2240459396801495E-6   11887.787170032378
4.775963916875722E-6      -3.292221102643908E-6    11012.607775575441
4.88798195843786E-6       -3.360396265607667E-6    10140.405942001744
5.0E-6                    -3.4285714285714277E-6   9271.181669311267
4.663945875313582E-6      -3.0811887968230054E-6   12945.670830120842
4.7759639168757224E-6     -3.149363959786766E-6    12062.504544336338
4.887981958437861E-6      -3.2175391227505245E-6   11186.256729757119
4.9999999999999996E-6     -3.2857142857142836E-6   10312.986476061105
4.775963916875722E-6      -3.0065068169296217E-6   13089.484840388915
4.887981958437861E-6      -3.0746819798933817E-6   12235.98964768405
4.9999999999999996E-6     -3.1428571428571404E-6   11358.673412982498
4.887981958437861E-6      -2.9318248370362393E-6   13232.158471070543
4.9999999999999996E-6     -2.9999999999999984E-6   12408.24248007543
2.013541778350818E-6      -5.389429798878675E-7    53965.76049330386
2.0795201684209386E-6     -4.3115438391029404E-7   56964.75550959425
2.1454985584910573E-6     -3.233657879327204E-7    60124.833069161105
2.211476948561177E-6      -2.1557719195514694E-7   63299.324783579636
2.2774553386312972E-6     -1.0778859597757355E-7   66488.23065284974
1.9477651946722748E-6     -4.3115438391029404E-7   55955.427523276994
2.0137435847423943E-6     -3.2336578793272053E-7   59055.15207025202
2.079721974812514E-6      -2.1557719195514697E-7   62404.892034044315
2.145700364882633E-6      -1.0778859597757346E-7   65769.55252605748
2.211678754952754E-6      -2.991734526158016E-23   69149.13354629136
1.88198861099373E-6       -3.233657879327204E-7    58110.563683647735
1.94796700106385E-6       -2.1557719195514702E-7   61396.379997819204
2.0139453911339696E-6     -1.0778859597757344E-7   64759.05751865087
2.079923781204089E-6      4.487601789237024E-23    68136.65556770342
1.8162120273151858E-6     -2.1557719195514694E-7   60275.99674878873
1.882190417385306E-6      -1.0778859597757351E-7   63748.56251124419
1.9481688074554253E-6     4.487601789237024E-23    67124.17758911531
1.750435443636642E-6      -1.0778859597757355E-7   62451.72671870024
1.8164138337067615E-6     5.983469052316032E-23    66111.69961052737
1.6846588599580977E-6     0                        64792.01002470931
4.9999999999999996E-6     -4.2857142857142855E-6   4144.56154900901
5.0E-6                    -4.142857142857143E-6    4925.72692026812
4.9999999999999996E-6     -3.999999999999999E-6    5825.847381551306
4.9999999999999996E-6     -3.857142857142856E-6    6728.221252983254
5.0E-6                    -3.7142857142857133E-6   7632.848534563955
4.877795166188411E-6      -4.217725071131967E-6    4719.4065480122335
4.877795166188411E-6      -4.0748679282748235E-6   5584.504567195068
4.87779516618841E-6       -3.93201078541768E-6     6487.746660471026
4.87779516618841E-6       -3.7891536425605357E-6   7393.242163895668
4.877795166188412E-6      -3.6462964997033938E-6   8255.164870351746
4.755590332376822E-6      -4.1497358565496455E-6   5356.687165322875
4.755590332376824E-6      -4.0068787136925035E-6   6245.743129716601
4.755590332376823E-6      -3.86402157083536E-6     7152.106854985262
4.755590332376822E-6      -3.7211644279782166E-6   8043.94115184006
4.633385498565233E-6      -4.081746641967327E-6    5996.32643355416
4.633385498565234E-6      -3.938889499110184E-6    6909.44260783262
4.633385498565233E-6      -3.7960323562530407E-6   7831.27630597019
4.511180664753646E-6      -4.013757427385008E-6    6638.324352706115
4.511180664753646E-6      -3.870900284527865E-6    7617.170332742166
4.388975830942057E-6      -3.945768212802689E-6    7327.086059911771
4.552008881942372E-6      -4.550949296191698E-6    3109.8951584014844
4.641607105553898E-6      -4.640759436953359E-6    2503.80837485227
4.731205329165423E-6      -4.730569577715018E-6    1933.4060775679245
4.8208035527769484E-6     -4.820379718476677E-6    1365.0195347722897
4.910401776388474E-6      -4.910189859238339E-6    798.6487464654924
4.9999999999999996E-6     -4.999999999999999E-6    234.29371264736514
4.641607105553898E-6      -4.497902294096216E-6    3354.64315673071
4.731205329165423E-6      -4.587712434857876E-6    2751.323889094724
4.820803552776948E-6      -4.677522575619536E-6    2159.987078317072
4.910401776388473E-6      -4.767332716381195E-6    1570.7648472256851
5.0E-6                    -4.857142857142857E-6    983.6571958205604
4.731205329165423E-6      -4.444855292000733E-6    3568.0467529654175
4.82080355277695E-6       -4.534665432762395E-6    2982.888431347699
4.910401776388474E-6      -4.624475573524054E-6    2391.7222220545355
4.9999999999999996E-6     -4.714285714285713E-6    1802.6705924476228
4.8208035527769484E-6     -4.39180828990525E-6     3780.5594904129825
4.910401776388474E-6      -4.481618430666911E-6    3213.513713792323
4.9999999999999996E-6     -4.57142857142857E-6     2622.518105983607
4.910401776388474E-6      -4.338761287809768E-6    3992.1813690734216
4.9999999999999996E-6     -4.428571428571428E-6    3443.199736428607
1.3500598932062516E-6     -5.463723630108688E-7    48078.21269001027
1.416979686556621E-6      -4.370978904086951E-7    51252.66680646403
1.48389947990699E-6       -3.278234178065212E-7    54575.651837013706
1.5508192732573593E-6     -2.1854894520434749E-7   57914.26974963536
1.6177390666077286E-6     -1.0927447260217381E-7   61268.52054432893
1.2822097840421654E-6     -4.370978904086951E-7    49405.08343360662
1.349129577392535E-6      -3.2782341780652125E-7   52679.05008637149
1.416049370742904E-6      -2.1854894520434749E-7   56184.039942660514
1.4829691640932727E-6     -1.0927447260217373E-7   59705.07179047905
1.5498889574436427E-6     -3.0329758871676026E-23  63242.14562982706
1.2143596748780788E-6     -3.278234178065212E-7    50892.36261382162
1.2812794682284484E-6     -2.1854894520434754E-7   54333.67341421234
1.3481992615788175E-6     -1.092744726021737E-7    57850.69989748651
1.4151190549291863E-6     4.5494638307514053E-23   61383.76837229015
1.1465095657139927E-6     -2.1854894520434749E-7   52386.97579665187
1.213429359064362E-6      -1.0927447260217374E-7   55996.328004493924
1.2803491524147309E-6     4.5494638307514053E-23   59525.39111475322
1.0786594565499063E-6     -1.0927447260217381E-7   53888.92298209746
1.1455792499002756E-6     6.065951774335208E-23    57667.013857216334
1.01080934738582E-6       0                        55523.30991371166
4.40811949545806E-6       -4.999999999999998E-6    332.7805066509163
4.526495596366448E-6      -4.999999999999999E-6    339.4310120407198
4.6448716972748354E-6     -4.999999999999998E-6    330.35063632859203
4.763247798183223E-6      -4.999999999999997E-6    321.27026061645427
4.881623899091612E-6      -4.999999999999999E-6    312.18988490432594
4.436897372754922E-6      -4.910189859238339E-6    875.8778704184047
4.555273473663311E-6      -4.910189859238339E-6    877.2632626673094
4.673649574571697E-6      -4.910189859238337E-6    867.0608096532542
4.792025675480086E-6      -4.910189859238338E-6    856.8583566391535
4.4656752500517834E-6     -4.820379718476677E-6    1426.681527875026
4.584051350960173E-6      -4.820379718476679E-6    1414.7682879812328
4.70242745186856E-6       -4.820379718476679E-6    1403.443757665238
4.494453127348646E-6      -4.730569577715016E-6    1977.2299164660585
4.612829228257035E-6      -4.730569577715018E-6    1951.9460879825
4.52323100464551E-6       -4.640759436953358E-6    2527.523036191593
-4.537150569057462E-6     -4.6028383295548394E-7   -50270.8931044562
-4.4954463223999015E-6    -3.682270663643872E-7    -51953.56595182842
-4.453742075742339E-6     -2.761702997732903E-7    -53748.120487718
-4.412037829084778E-6     -1.8411353318219353E-7   -55548.960554095
-4.370333582427218E-6     -9.205676659109682E-8    -57356.08615095963
-4.328629335769656E-6     0                        -59315.341942111845
-4.62972045524597E-6      -3.682270663643872E-7    -52875.79131809283
-4.588016208588409E-6     -2.7617029977329035E-7   -54754.19000047406
-4.5463119619308465E-6    -1.8411353318219353E-7   -56690.62649138896
-4.504607715273285E-6     -9.205676659109675E-8    -58633.78087485781
-4.462903468615725E-6     -2.5550885460494881E-23  -60583.65315088072
-4.722290341434476E-6     -2.761702997732903E-7    -55708.286691652786
-4.6805860947769175E-6    -1.841135331821936E-7    -57706.37206368511
-4.638881848119355E-6     -9.205676659109673E-8    -59652.188791823086
-4.597177601461793E-6     3.8326328190742327E-23   -61604.7234125149
-4.8148602276229835E-6    -1.8411353318219353E-7   -58552.36076851224
-4.773155980965423E-6     -9.20567665910968E-8     -60670.596708788114
-4.731451734307861E-6     3.8326328190742327E-23   -62625.79367414899
-4.907430113811492E-6     -9.205676659109682E-8    -61408.01354867146
-4.865725867153932E-6     5.110177092098977E-23    -63646.86393578332
-4.9999999999999996E-6    0                        -64275.24503213026
-4.62972045524597E-6      -5.110842092215291E-7    -49692.87729295161
-4.722290341434476E-6     -4.190274426304323E-7    -52365.18430216125
-4.8148602276229835E-6    -3.2697067603933546E-7   -55083.51192238202
-4.9074301138114915E-6    -2.3491390944823863E-7   -57812.95436730997
-5.0E-6                   -1.4285714285714192E-7   -60553.51163694462
-4.722290341434476E-6     -5.61884585487574E-7     -49111.571723207584
-4.814860227622986E-6     -4.698278188964774E-7    -51804.134253675875
-4.907430113811492E-6     -3.777710523053805E-7    -54518.60057298522
-4.9999999999999996E-6    -2.8571428571428374E-7   -57244.18171700173
-4.8148602276229835E-6    -6.126849617536191E-7    -48530.98750903381
-4.907430113811492E-6     -5.206281951625225E-7    -51243.96108861583
-4.9999999999999996E-6    -4.285714285714256E-7    -53954.56610701381
-4.907430113811492E-6     -6.634853380196643E-7    -47951.12465043014
-4.9999999999999996E-6    -5.714285714285676E-7    -50684.66480698101
-4.9999999999999996E-6    -7.142857142857094E-7    -47310.056341686104
-3.973870768370423E-6     -5.139407403829259E-7    -44094.6040788171
-3.910050337860039E-6     -4.1115259230634075E-7   -45251.7393261571
-3.846229907349653E-6     -3.0836444422975543E-7   -46515.85884336068
-3.7824094768392695E-6    -2.0557629615317032E-7   -47784.13627742093
-3.7185890463288865E-6    -1.0278814807658521E-7   -49056.57162833784
-3.654768615818502E-6     0                        -50453.22080470325
-4.04482248185027E-6      -4.1115259230634075E-7   -47008.21507894842
-3.981002051339885E-6     -3.0836444422975553E-7   -48241.9051215252
-3.9171816208295E-6       -2.055762961531703E-7    -49648.45362007505
-3.853361190319116E-6     -1.0278814807658513E-7   -51059.73688685109
-3.789540759808733E-6     -2.8529442163301214E-23  -52475.75492185306
-4.115774195330116E-6     -3.0836444422975543E-7   -50033.65599250691
-4.051953764819733E-6     -2.0557629615317035E-7   -51422.11657200107
-3.9881333343093474E-6    -1.0278814807658511E-7   -52837.977906296444
-3.924312903798963E-6     4.279416324495182E-23    -54258.57400881781
-4.186725908809962E-6     -2.0557629615317032E-7   -53072.7206952924
-4.122905478299578E-6     -1.0278814807658516E-7   -54616.21892574158
-4.059085047789193E-6     4.279416324495182E-23    -56041.39309578247
-4.25767762228981E-6      -1.0278814807658521E-7   -56125.40918730503
-4.193857191779426E-6     5.705888432660243E-23    -57824.21218274732
-3.3244354811435024E-6    -5.394227747181393E-7    -35393.87836860522
-3.257965311988708E-6     -4.315382197745115E-7    -35894.216828728546
-3.1914951428339135E-6    -3.2365366483088354E-7   -36500.30596172559
-3.1250249736791197E-6    -2.1576910988725566E-7   -37107.49288395311
-3.058554804524326E-6     -1.0788455494362788E-7   -37715.77759541129
-2.9920846353695316E-6    0                        -38423.99882913175
-3.390502108078503E-6     -4.315382197745115E-7    -38290.816592204996
-3.3240319389237088E-6    -3.2365366483088354E-7   -38850.83797601763
-3.2575617697689137E-6    -2.1576910988725566E-7   -39578.08798584162
-3.1910916006141195E-6    -1.0788455494362783E-7   -40307.02618795543
-3.124621431459326E-6     -2.994397922496335E-23   -41037.65258235915
-3.456568735013502E-6     -3.2365366483088354E-7   -41280.689241830514
-3.3900985658587086E-6    -2.1576910988725577E-7   -41979.70476918499
-3.323628396703914E-6     -1.0788455494362779E-7   -42714.794584568095
-3.2571582275491193E-6    4.491596883744503E-23    -43451.57259224097
-3.5226353619485014E-6    -2.1576910988725566E-7   -44284.404574606684
-3.456165192793708E-6     -1.0788455494362786E-7   -45122.562981180636
-3.3896950236389137E-6    4.491596883744503E-23    -45865.492602122875
-3.5887019888835024E-6    -1.0788455494362788E-7   -47301.962590533425
-3.522231819728708E-6     5.98879584499267E-23     -48279.412612004766
6.870274295321569E-7      -5.511552395446473E-7    39331.05122394107
7.517838131028897E-7      -4.409241916357179E-7    42427.58394869893
8.16540196673622E-7       -3.3069314372678833E-7   45642.501213741736
8.812965802443545E-7      -2.204620958178589E-7    48872.984072427476
9.460529638150874E-7      -1.1023104790892948E-7   52119.0325247562
6.170092334514416E-7      -4.409241916357179E-7    39867.787332153035
6.817656170221742E-7      -3.306931437267884E-7    43045.846709582416
7.465220005929067E-7      -2.204620958178589E-7    46412.03695779918
8.112783841636393E-7      -1.1023104790892942E-7   49794.042993645286
8.760347677343721E-7      -3.059526185426305E-23   53191.864817120746
5.469910373707261E-7      -3.3069314372678833E-7   40535.264197660756
6.117474209414589E-7      -2.2046209581785894E-7   43841.92804811256
6.765038045121914E-7      -1.1023104790892938E-7   47218.160246953164
7.41260188082924E-7       4.589289278139458E-23    50610.20823342304
4.769728412900107E-7      -2.204620958178589E-7    41206.33494346393
5.417292248607435E-7      -1.1023104790892947E-7   44642.27750026098
6.064856084314761E-7      4.589289278139458E-23    48028.55164972541
4.0695464520929553E-7     -1.1023104790892948E-7   41880.999569562584
4.717110287800281E-7      6.11905237085261E-23     45446.89506602771
3.369364491285801E-7      0                        42645.94167635164
-2.6549734378687298E-6    -5.522832913229868E-7    -24412.076217581693
-2.5926654960352865E-6    -4.4182663305838947E-7   -24255.919771196124
-2.5303575542018424E-6    -3.31369974793792E-7     -24193.356413330974
-2.4680496123683995E-6    -2.2091331652919466E-7   -24128.755110265625
-2.4057416705349566E-6    -1.1045665826459741E-7   -24062.11586200021
-2.3434337287015134E-6    0                        -24073.577740710363
-2.7223956773688908E-6    -4.4182663305838947E-7   -27110.0156096492
-2.6600877355354475E-6    -3.313699747937921E-7    -27003.61705262864
-2.5977797937020038E-6    -2.2091331652919468E-7   -27038.446687749496
-2.53547185186856E-6      -1.1045665826459731E-7   -27071.777940407854
-2.4731639100351176E-6    -3.0657881307127146E-23  -27103.610810603728
-2.78981791686905E-6      -3.31369974793792E-7     -29894.088672022768
-2.7275099750356076E-6    -2.2091331652919474E-7   -29903.486212836535
-2.665202033202164E-6     -1.104566582645973E-7    -29944.05588852535
-2.60289409136872E-6      4.598682196069072E-23    -29983.127181751614
-2.8572401563692106E-6    -2.2091331652919466E-7   -32691.132417448945
-2.7949322145357677E-6    -1.1045665826459737E-7   -32816.33383664285
-2.732624272702324E-6     4.598682196069072E-23    -32862.64355289959
-2.9246623958693715E-6    -1.1045665826459741E-7   -35501.14684592774
-2.8623544540359282E-6    6.131576261425429E-23    -35742.15992404757
-1.988865909538926E-6     -5.528474478712314E-7    -11913.952008322069
-1.9280244996227755E-6    -4.422779582969852E-7    -11018.609550602578
-1.8671830897066248E-6    -3.3170846872273875E-7   -10191.640320184786
-1.806341679790474E-6     -2.2113897914849253E-7   -9359.120625465186
-1.745500269874324E-6     -1.1056948957424632E-7   -8521.050466443709
-1.6846588599581733E-6    0                        -7717.941299176058
-2.0597794733714436E-6    -4.422779582969852E-7    -14270.72491857698
-1.9989380634552926E-6    -3.3170846872273885E-7   -13415.070101243155
-1.938096653539142E-6     -2.211389791484925E-7    -12646.610546433949
-1.8772552436229916E-6    -1.1056948957424624E-7   -11873.04062890397
-1.8164138337068416E-6    -3.068919828659486E-23   -11094.360348653203
-2.1306930372039603E-6    -3.3170846872273875E-7   -16686.0051918274
-2.069851627287811E-6     -2.2113897914849256E-7   -15915.432541209268
-2.00901021737166E-6      -1.1056948957424621E-7   -15149.888568342702
-1.948168807455509E-6     4.6033797429892283E-23   -14379.234232755342
-2.2016066010364783E-6    -2.2113897914849253E-7   -19112.364361704334
-2.140765191120328E-6     -1.1056948957424627E-7   -18426.73650778138
-2.0799237812041772E-6    4.6033797429892283E-23   -17664.108116857467
-2.2725201648689962E-6    -1.1056948957424632E-7   -21549.802428207833
-2.2116787549528453E-6    6.137839657318971E-23    -20948.982000959626
1.990696498015161E-8      -5.540933495481297E-7    28164.125080231053
8.331286180983735E-8      -4.4327467963850376E-7   30961.778832185548
1.46718758639523E-7       -3.3245600972887776E-7   33833.855527905725
2.101246554692087E-7      -2.2163733981925183E-7   36720.300166675275
2.735305522988944E-7      -1.1081866990962598E-7   39621.11274849421
-5.1461717841610845E-8    -4.4327467963850376E-7   27861.297743339026
1.1944178988074866E-8     -3.3245600972887776E-7   30712.06561615418
7.535007581776058E-8      -2.216373398192518E-7    33690.181142335154
1.3875597264744626E-7     -1.108186699096259E-7    36682.73154950964
2.0216186947713197E-7     -3.0758359723000426E-23  39689.71683767773
-1.2283040066337325E-7    -3.3245600972887776E-7   27646.725526206676
-5.9424503833687574E-8    -2.2163733981925188E-7   30574.930344109656
3.9813929959981306E-9     -1.1081866990962587E-7   33560.31013066502
6.738728982568382E-8      4.613753958450065E-23    36560.12479821389
-1.9419908348513567E-7    -2.2163733981925183E-7   27431.651477370746
-1.3079318665545001E-7    -1.1081866990962593E-7   30437.888711820364
-6.738728982576429E-8     4.613753958450065E-23    33430.53275875009
-2.6556776630689815E-7    -1.1081866990962598E-7   27216.075596831237
-2.0216186947721247E-7    6.151671944600086E-23    30300.940719286245
-3.369364491286606E-7     0                        27041.721489896412
-1.3215435493147372E-6    -5.537708738280703E-7    1594.9379699616886
-1.2593967089289701E-6    -4.430166990624563E-7    3250.7353900467533
-1.1972498685432027E-6    -3.3226252429684215E-7   4880.630641780228
-1.1351030281574354E-6    -2.215083495312281E-7    6519.677675475799
-1.0729561877716688E-6    -1.107541747656141E-7    8167.876491133454
-1.0108093473859017E-6    0                        9838.487611353105
-1.3941666114434245E-6    -4.430166990624563E-7    -239.27451692455907
-1.3320197710576573E-6    -3.3226252429684215E-7   1403.6281284660708
-1.26987293067189E-6      -2.2150834953122806E-7   3028.5817697714265
-1.207726090286123E-6     -1.1075417476561403E-7   4662.390195420337
-1.1455792499003563E-6    -3.074045872453581E-23   6305.053405412811
-1.4667896735721115E-6    -3.3226252429684215E-7   -2085.0870657263895
-1.4046428331863448E-6    -2.2150834953122812E-7   -480.59946953694816
-1.3424959928005773E-6    -1.1075417476561399E-7   1144.797373678672
-1.2803491524148103E-6    4.6110688086803716E-23   2779.0490012377995
-1.5394127357007984E-6    -2.215083495312281E-7    -3939.1736152543363
-1.4772658953150318E-6    -1.1075417476561406E-7   -2372.795448063025
-1.4151190549292647E-6    4.6110688086803716E-23   -746.9554029371927
-1.6120357978294864E-6    -1.107541747656141E-7    -5801.534165508416
-1.5498889574437193E-6    6.148091744907162E-23    -4272.959807112231
-6.508262049164372E-7     -5.547357581550739E-7    15281.122428204233
-5.88048253758882E-7      -4.437886065240592E-7    17585.762305046257
-5.252703026013264E-7     -3.328414548930443E-7    19915.295875856154
-4.624923514437711E-7     -2.2189430326202954E-7   22256.997997773993
-3.997144002862159E-7     -1.1094715163101481E-7   24610.86867079977
-7.228228334103302E-7     -4.437886065240592E-7    14166.95225720704
-6.600448822527749E-7     -3.3284145489304435E-7   16492.391858928502
-5.972669310952195E-7     -2.218943032620295E-7    18873.92600715073
-5.344889799376642E-7     -1.1094715163101476E-7   21267.50761808151
-4.7171102878010893E-7    -3.079402056433278E-23   23673.13669172092
-7.948194619042229E-7     -3.328414548930443E-7    13092.607474881575
-7.320415107466679E-7     -2.218943032620296E-7    15438.035161683738
-6.692635595891123E-7     -1.109471516310147E-7    17823.546190952067
-6.06485608431557E-7      4.6191030846499166E-23   20221.104682928966
-8.668160903981157E-7     -2.2189430326202954E-7   12013.700923277871
-8.040381392405607E-7     -1.1094715163101478E-7   14379.584763822579
-7.412601880830052E-7     4.6191030846499166E-23   16769.072674137013
-9.388127188920089E-7     -1.1094715163101481E-7   10930.232602395912
-8.760347677344536E-7     6.158804112866555E-23    13317.040665344995
3.8031762440844383E-6     -4.999999999999998E-6    366.9533895952648
3.924164894359163E-6      -4.9999999999999996E-6   369.7452054016822
4.045153544633886E-6      -4.999999999999998E-6    364.4848119913103
4.166142194908611E-6      -4.999999999999997E-6    359.2244185809348
4.287130845183336E-6      -4.999999999999998E-6    353.964025170559
3.853023440248767E-6      -4.898705991360372E-6    1061.802859359785
3.974012090523492E-6      -4.8987059913603715E-6   1062.3506536740015
4.095000740798215E-6      -4.898705991360371E-6    1056.124263401046
4.21598939107294E-6       -4.898705991360371E-6    1049.8978731280758
4.336978041347665E-6      -4.898705991360372E-6    1028.1613247032312
3.902870636413094E-6      -4.797411982720745E-6    1762.3916844766736
4.02385928668782E-6       -4.797411982720747E-6    1754.5116902993204
4.144847936962544E-6      -4.797411982720745E-6    1747.3193031637893
4.265836587237266E-6      -4.797411982720745E-6    1732.9979734097483
3.952717832577423E-6      -4.696117974081118E-6    2462.6579241154172
4.073706482852147E-6      -4.696117974081119E-6    2446.228315277637
4.194695133126871E-6      -4.696117974081118E-6    2439.4250122196013
4.002565028741752E-6      -4.594823965441493E-6    3162.601578276078
4.1235536790164765E-6     -4.594823965441494E-6    3147.4424411327163
4.05241222490608E-6       -4.493529956801867E-6    3862.9670551256168
-4.9999999999999996E-6    -1.4285714285714244E-6   -34451.04485500647
-4.8768768153705855E-6    -1.3585479536035135E-6   -35122.09630649829
-4.75375363074117E-6      -1.2885244786356024E-6   -35729.37876524239
-4.630630446111756E-6     -1.2185010036676915E-6   -36337.475084241734
-4.507507261482342E-6     -1.1484775286997812E-6   -36946.38526349628
-4.384384076852926E-6     -1.0784540537318701E-6   -37445.01750679859
-5.0E-6                   -1.2857142857142814E-6   -37068.22048494658
-4.876876815370585E-6     -1.2156908107463705E-6   -37648.86214206864
-4.753753630741171E-6     -1.1456673357784596E-6   -38230.53271312196
-4.630630446111756E-6     -1.0756438608105487E-6   -38813.23219810634
-4.507507261482341E-6     -1.0056203858426382E-6   -39385.3241208499
-4.9999999999999996E-6    -1.1428571428571381E-6   -39575.960178099675
-4.876876815370586E-6     -1.0728336678892276E-6   -40161.20604556435
-4.753753630741171E-6     -1.0028101929213165E-6   -40747.480826960076
-4.630630446111756E-6     -9.327867179534057E-7    -41340.94202109682
-4.9999999999999996E-6    -9.999999999999953E-7    -42098.20378337047
-4.876876815370585E-6     -9.299765250320847E-7    -42688.05386117744
-4.75375363074117E-6      -8.599530500641736E-7    -43303.234901716976
-5.0E-6                   -8.571428571428526E-7    -44634.951300758956
-4.8768768153705855E-6    -7.871193821749416E-7    -45272.20276271059
3.4306588214382168E-6     -4.478002918008308E-6    4290.7049864710925
3.372523884283125E-6      -4.582402334406647E-6    3504.409152522362
3.3143889471280322E-6     -4.686801750804983E-6    2721.7381795407528
3.2562540099729406E-6     -4.7912011672033214E-6   1939.0867552042996
3.1981190728178493E-6     -4.8956005836016605E-6   1156.454879513005
3.1399841356627573E-6     -4.999999999999998E-6    379.55344653217907
3.505162305967461E-6      -4.582402334406647E-6    3498.7946225799565
3.447027368812369E-6      -4.686801750804985E-6    2708.16546122573
3.388892431657277E-6      -4.791201167203323E-6    1932.7124880984686
3.3307574945021848E-6     -4.89560058360166E-6     1157.1279936836072
3.2726225573470936E-6     -4.9999999999999996E-6   381.4119779811362
3.5796657904967048E-6     -4.686801750804983E-6    2712.905506945597
3.5215308533416144E-6     -4.791201167203324E-6    1930.8611787108875
3.4633959161865215E-6     -4.89560058360166E-6     1155.910500649196
3.4052609790314286E-6     -4.999999999999998E-6    380.8283012999176
3.654169275025949E-6      -4.7912011672033214E-6   1928.297912135301
3.5960343378708578E-6     -4.89560058360166E-6     1154.6930076147792
3.5378994007157653E-6     -4.999999999999997E-6    380.24462461865716
3.728672759555194E-6      -4.8956005836016605E-6   1144.9718381490584
3.670537822400102E-6      -4.999999999999999E-6    379.66094793746834
-4.421904301180593E-6     -1.8250558640731588E-6   -26727.705816964157
-4.5375234409444744E-6    -1.745758976972812E-6    -28179.895909634488
-4.653142580708355E-6     -1.6664620898724648E-6   -29723.835177206707
-4.768761720472236E-6     -1.587165202772118E-6    -31273.34476988405
-4.884380860236119E-6     -1.5078683156717716E-6   -32828.4246876666
-4.5375234409444744E-6    -1.8886161198299552E-6   -26369.01269131486
-4.653142580708355E-6     -1.8093192327296084E-6   -27827.04446554091
-4.768761720472236E-6     -1.7300223456292612E-6   -29335.212064100615
-4.884380860236118E-6     -1.650725458528914E-6    -30848.615712263276
-5.0E-6                   -1.5714285714285676E-6   -32367.255410029036
-4.653142580708355E-6     -1.952176375586751E-6    -25929.718122306556
-4.768761720472238E-6     -1.8728794884864047E-6   -27406.27269144503
-4.884380860236118E-6     -1.7935826013860575E-6   -28912.05941518201
-4.9999999999999996E-6    -1.71428571428571E-6     -30423.082188522
-4.768761720472236E-6     -2.0157366313435473E-6   -25490.739135324708
-4.884380860236118E-6     -1.9364397442432005E-6   -26985.953635565293
-4.9999999999999996E-6    -1.8571428571428529E-6   -28489.35948447963
-4.884380860236119E-6     -2.0792968871003437E-6   -25052.07573036934
-4.9999999999999996E-6    -1.999999999999997E-6    -26566.087297901897
-4.9999999999999996E-6    -2.1428571428571393E-6   -24567.97805676791
2.7709679607230265E-6     -4.462585339291855E-6    4501.56287356335
2.7053025692157186E-6     -4.570068271433485E-6    3669.8969947172577
2.63963717770841E-6       -4.677551203575112E-6    2841.752088970368
2.573971786201101E-6      -4.7850341357167396E-6   2014.1437291697823
2.508306394693793E-6      -4.89251706785837E-6     1187.0719153155171
2.4426410031864844E-6     -4.999999999999998E-6    364.58413162489745
2.844771195710973E-6      -4.570068271433485E-6    3672.6740596639092
2.7791058042036645E-6     -4.6775512035751125E-6   2833.908829094124
2.7134404126963557E-6     -4.78503413571674E-6     2012.6754104482875
2.6477750211890474E-6     -4.892517067858368E-6    1191.8072582549914
2.5821096296817395E-6     -4.9999999999999996E-6   371.30437251425104
2.9185744306989183E-6     -4.677551203575112E-6    2847.9241095355555
2.852909039191611E-6      -4.785034135716742E-6    2017.3527740684253
2.787243647684302E-6      -4.89251706785837E-6     1196.60479783363
2.7215782561769933E-6     -4.999999999999998E-6    376.22208805138047
2.9923776656868646E-6     -4.7850341357167396E-6   2023.950506626635
2.9267122741795567E-6     -4.89251706785837E-6     1201.4023374122667
2.861046882672248E-6      -4.999999999999997E-6    381.139803588516
3.0661809006748114E-6     -4.89251706785837E-6     1200.7532509371454
3.000515509167503E-6      -4.999999999999999E-6    386.05751912566075
-4.434347383002255E-6     -2.512375962546618E-6    -19013.268429503445
-4.547477906401805E-6     -2.4384721986087225E-6   -20050.430270818484
-4.660608429801353E-6     -2.364568434670826E-6    -21163.656051617174
-4.773738953200901E-6     -2.2906646707329307E-6   -22280.548645206633
-4.886869476600451E-6     -2.2167609067950357E-6   -23401.10805158675
-4.547477906401805E-6     -2.5813293414658658E-6   -18609.337241126945
-4.660608429801352E-6     -2.50742557752797E-6     -19661.25447695827
-4.773738953200902E-6     -2.433521813590074E-6    -20751.27402405552
-4.88686947660045E-6      -2.359618049652178E-6    -21844.738762968314
-5.0E-6                   -2.2857142857142826E-6   -22941.648693696607
-4.660608429801353E-6     -2.6502827203851123E-6   -18168.549478461857
-4.7737389532009025E-6    -2.5763789564472176E-6   -19234.255248710782
-4.886869476600451E-6     -2.5024751925093213E-6   -20322.48919102744
-4.9999999999999996E-6    -2.4285714285714254E-6   -21414.168325159633
-4.773738953200901E-6     -2.7192360993043596E-6   -17727.967443457816
-4.886869476600451E-6     -2.6453323353664646E-6   -18807.588912275853
-4.9999999999999996E-6    -2.5714285714285687E-6   -19894.037249811903
-4.886869476600451E-6     -2.788189478223608E-6    -17287.591136114745
-4.9999999999999996E-6    -2.714285714285712E-6    -18381.255467653446
-4.9999999999999996E-6    -2.8571428571428547E-6   -16819.120284436987
2.07947015243562E-6       -4.454261680302233E-6    4378.004550746005
2.0125248366894227E-6     -4.563409344241787E-6    3562.634569848628
1.945579520943225E-6      -4.672557008181339E-6    2752.4912804984097
1.878634205197027E-6      -4.781704672120891E-6    1943.4515438511216
1.81168888945083E-6       -4.890852336060446E-6    1135.515359906759
1.7447435737046323E-6     -4.999999999999998E-6    329.9269767763685
2.152104322585793E-6      -4.563409344241787E-6    3572.1817864404993
2.0851590068395957E-6     -4.6725570081813394E-6   2750.0211719240483
2.018213691093398E-6      -4.781704672120892E-6    1946.7989653988948
1.9512683753472E-6        -4.890852336060445E-6    1144.5137101698879
1.884323059601003E-6      -4.9999999999999996E-6   343.16540623708084
2.2247384927359653E-6     -4.672557008181339E-6    2769.8004797714975
2.1577931769897687E-6     -4.781704672120893E-6    1955.1238086731942
2.0908478612435705E-6     -4.890852336060445E-6    1152.365343534867
2.023902545497373E-6      -4.999999999999998E-6    350.54382969268795
2.2973726628861383E-6     -4.781704672120891E-6    1967.5902246332125
2.230427347139941E-6      -4.890852336060445E-6    1160.2169768998383
2.163482031393743E-6      -4.999999999999997E-6    357.9222531483368
2.3700068330363118E-6     -4.890852336060446E-6    1165.551021025642
2.303061517290114E-6      -4.999999999999999E-6    365.3006766039474
-4.441277921791144E-6     -3.203356733041577E-6    -12741.253661222107
-4.5530223374329155E-6    -3.134113957861833E-6    -13514.728046292255
-4.664766753074686E-6     -3.0648711826820876E-6   -14330.073775352148
-4.776511168716457E-6     -2.995628407502343E-6    -15147.862500208988
-4.888255584358229E-6     -2.9263856323225993E-6   -15968.094220862718
-4.5530223374329155E-6    -3.276971100718976E-6    -12329.90194191873
-4.664766753074688E-6     -3.207728325539231E-6    -13107.848316637974
-4.7765111687164575E-6    -3.1384855503594867E-6   -13909.397967272216
-4.888255584358228E-6     -3.0692427751797417E-6   -14713.230779181944
-5.0E-6                   -2.999999999999998E-6    -15519.346752367019
-4.664766753074686E-6     -3.3505854683963733E-6   -11889.36625319529
-4.776511168716458E-6     -3.2813426932166304E-6   -12678.17509572586
-4.888255584358229E-6     -3.2120999180368845E-6   -13478.470934856177
-4.9999999999999996E-6    -3.14285714285714E-6     -14281.049935261923
-4.776511168716457E-6     -3.4241998360737723E-6   -11448.785849585576
-4.888255584358229E-6     -3.3549570608940286E-6   -12248.587261503897
-4.9999999999999996E-6    -3.285714285714283E-6    -13047.629289130251
-4.888255584358229E-6     -3.4978142037511714E-6   -11008.160731089529
-4.9999999999999996E-6    -3.428571428571427E-6    -11819.084813972013
-4.9999999999999996E-6    -3.5714285714285697E-6   -10540.359418420101
-4.9999999999999996E-6    -4.285714285714285E-6    -5211.069922397991
-4.8769414055811485E-6    -4.220898822124495E-6    -5592.709299078137
-4.753882811162294E-6     -4.156083358534705E-6    -5953.341331815853
-4.630824216743442E-6     -4.091267894944915E-6    -6313.434525598395
-4.507765622324592E-6     -4.0264524313551264E-6   -6672.9888804257735
-4.38470702790574E-6      -3.961636967765336E-6    -6984.046648348673
-5.0E-6                   -4.142857142857142E-6    -6291.485804003338
-4.876941405581148E-6     -4.078041679267352E-6    -6640.765579381332
-4.753882811162295E-6     -4.013226215677562E-6    -6989.586191923456
-4.630824216743442E-6     -3.9484107520877715E-6   -7337.947641629698
-4.507765622324593E-6     -3.883595288497984E-6    -7654.8318317227195
-4.9999999999999996E-6    -3.999999999999998E-6    -7335.967176819695
-4.8769414055811485E-6    -3.9351845364102094E-6   -7685.371790804553
-4.753882811162296E-6     -3.870369072820419E-6    -8034.317241953546
-4.630824216743443E-6     -3.8055536092306286E-6   -8365.97848395168
-4.9999999999999996E-6    -3.857142857142855E-6    -8383.22941039893
-4.876941405581147E-6     -3.7923273935530658E-6   -8732.75886299063
-4.753882811162294E-6     -3.7275119299632754E-6   -9079.36054153033
-5.0E-6                   -3.7142857142857133E-6   -9433.272504740999
-4.8769414055811485E-6    -3.649470250695923E-6    -9794.978004458586
-4.550963033319306E-6     -4.5603726930575385E-6   -3136.4940285734506
-4.640770426655445E-6     -4.5054410115888885E-6   -3525.444473264026
-4.730577819991583E-6     -4.450509330120236E-6    -3940.8215223986026
-4.8203852133277205E-6    -4.395577648651586E-6    -4356.991832836471
-4.910192606663861E-6     -4.340645967182936E-6    -4773.955404577638
-4.640770426655445E-6     -4.6482981544460305E-6   -2579.8321487025764
-4.7305778199915835E-6    -4.593366472977381E-6    -2978.8702842952157
-4.820385213327721E-6     -4.538434791508729E-6    -3385.950466989118
-4.91019260666386E-6      -4.483503110040077E-6    -3793.7523214068706
-5.0E-6                   -4.4285714285714274E-6   -4202.275847548472
-4.730577819991583E-6     -4.736223615834522E-6    -2017.2917783246714
-4.820385213327723E-6     -4.6812919343658735E-6   -2421.3901908725334
-4.910192606663861E-6     -4.626360252897221E-6    -2828.0564581121394
-4.9999999999999996E-6    -4.571428571428569E-6    -3235.4443970755938
-4.8203852133277205E-6    -4.824149077223014E-6    -1454.1170467463917
-4.910192606663861E-6     -4.769217395754364E-6    -1863.3862092194752
-4.9999999999999996E-6    -4.714285714285711E-6    -2269.638561004777
-4.910192606663861E-6     -4.9120745386115075E-6   -890.3079539677083
-4.9999999999999996E-6    -4.857142857142856E-6    -1304.8583393359804
-4.9999999999999996E-6    -4.999999999999999E-6    -325.86449998868045
1.3787828654700502E-6     -4.4504005763386295E-6   3926.411797001622
1.3123955212205963E-6     -4.560320461070903E-6    3189.6418434439033
1.2460081769711421E-6     -4.670240345803176E-6    2458.483312373708
1.179620832721688E-6      -4.78016023053545E-6     1728.9051945483563
1.1132334884722345E-6     -4.890080115267724E-6    1000.9074899678719
1.0468461442227802E-6     -4.999999999999998E-6    274.1449984998009
1.4519750071169667E-6     -4.560320461070903E-6    3205.753426090023
1.3855876628675128E-6     -4.670240345803177E-6    2462.958754682061
1.3192003186180589E-6     -4.7801602305354505E-6   1737.1069866273892
1.2528129743686045E-6     -4.890080115267724E-6    1012.689860432677
1.1864256301191508E-6     -4.9999999999999996E-6   289.70737609796106
1.5251671487638828E-6     -4.670240345803176E-6    2486.773814488198
1.4587798045144293E-6     -4.780160230535451E-6    1749.866161316947
1.392392460264975E-6      -4.890080115267724E-6    1024.407959890039
1.3260051160155208E-6     -4.999999999999998E-6    300.38440032305283
1.5983592904107993E-6     -4.78016023053545E-6     1767.3212019015593
1.5319719461613456E-6     -4.890080115267724E-6    1036.1260593473971
1.4655846019118913E-6     -4.999999999999997E-6    311.06142454824277
1.6715514320577162E-6     -4.890080115267724E-6    1047.395588330099
1.6051640878082619E-6     -4.999999999999999E-6    321.73844877337547
-4.408119495458056E-6     -4.999999999999998E-6    -304.1507420054027
-4.436688203030307E-6     -4.912074538611507E-6    -875.3639254425743
-4.465256910602556E-6     -4.824149077223014E-6    -1443.8902682060461
-4.493825618174806E-6     -4.736223615834522E-6    -2013.0022057694548
-4.5223943257470565E-6    -4.648298154446031E-6    -2582.6997381327756
-4.526495596366445E-6     -4.999999999999999E-6    -302.5914243689144
-4.555064303938695E-6     -4.912074538611506E-6    -872.9437008188152
-4.583633011510945E-6     -4.824149077223014E-6    -1443.8213095873039
-4.612201719083194E-6     -4.736223615834522E-6    -2015.2242506743842
-4.644871697274834E-6     -4.999999999999998E-6    -304.5998852537069
-4.673440404847084E-6     -4.9120745386115075E-6   -875.5872449480921
-4.702009112419334E-6     -4.824149077223015E-6    -1447.099936961039
-4.763247798183221E-6     -4.999999999999997E-6    -306.6083461385081
-4.7918165057554726E-6    -4.912074538611506E-6    -878.2307890773659
-4.881623899091611E-6     -4.999999999999999E-6    -308.6168070233069
6.774941972395476E-7      -4.448013001347442E-6    3201.702267833229
6.117851007398238E-7      -4.5584104010779535E-6   2595.7872245348835
5.460760042401E-7         -4.668807800808465E-6    1994.6789548847782
4.803669077403764E-7      -4.779205200538975E-6    1395.5048159405924
4.1465781124065284E-7     -4.889602600269488E-6    798.2648077023209
3.48948714740929E-7       -4.999999999999998E-6    201.3979584037786
7.513645866361942E-7      -4.5584104010779535E-6   2617.6936280694385
6.856554901364705E-7      -4.668807800808465E-6    2007.062915411274
6.199463936367467E-7      -4.779205200538976E-6    1409.1316860145325
5.542372971370229E-7      -4.889602600269487E-6    813.020976693686
4.885282006372994E-7      -4.9999999999999996E-6   218.7307874487927
8.252349760328405E-7      -4.668807800808465E-6    2032.8490218044963
7.59525879533117E-7       -4.7792052005389765E-6   1425.8895083023617
6.938167830333931E-7      -4.889602600269487E-6    828.2403641858964
6.281076865336693E-7      -4.999999999999998E-6    232.41174014531157
8.991053654294871E-7      -4.779205200538975E-6    1446.9022686734952
8.333962689297636E-7      -4.889602600269487E-6    843.4597516781032
7.676871724300396E-7      -4.999999999999997E-6    246.09269284193536
9.729757548261339E-7      -4.889602600269488E-6    859.8533686764008
9.072666583264101E-7      -4.999999999999999E-6    259.77364553839635
-4.048219196053812E-6     -4.5277275267870266E-6   -3047.2954524305173
-4.120199255934662E-6     -4.622182021429622E-6    -2500.3329828708293
-4.19217931581551E-6      -4.716636516072214E-6    -1953.025175192594
-4.264159375696358E-6     -4.811091010714808E-6    -1404.8561806990674
-4.336139435577208E-6     -4.905545505357404E-6    -855.8259993902107
-3.999210605659936E-6     -4.622182021429622E-6    -2495.0234007860317
-4.071190665540785E-6     -4.716636516072214E-6    -1937.1558876459258
-4.143170725421634E-6     -4.81109101071481E-6     -1389.7069780993797
-4.215150785302482E-6     -4.905545505357404E-6    -841.3071225895419
-4.287130845183333E-6     -4.9999999999999996E-6   -291.9563211162588
-3.950202015266059E-6     -4.716636516072214E-6    -1937.6465592463796
-4.022182075146909E-6     -4.81109101071481E-6     -1382.049792253969
-4.094162135027757E-6     -4.905545505357404E-6    -834.6537546958243
-4.166142194908606E-6     -4.999999999999998E-6    -286.3067711743816
-3.901193424872183E-6     -4.811091010714808E-6    -1381.405893313538
-3.973173484753033E-6     -4.905545505357404E-6    -828.000386802129
-4.04515354463388E-6      -4.999999999999997E-6    -280.6572212324018
-3.852184834478308E-6     -4.905545505357404E-6    -826.3014029876115
-3.924164894359157E-6     -4.999999999999999E-6    -275.00767129057647
-3.8031762440844315E-6    -4.999999999999998E-6    -270.27313157619807
-1.4267432603969676E-8    -4.447579482651165E-6    2271.3472835992397
-8.120368903136036E-8     -4.558063586120933E-6    1833.6475391223253
-1.4813994545875105E-7    -4.668547689590699E-6    1401.464912287248
-2.150762018861417E-7     -4.7790317930604645E-6   971.4770258846875
-2.820124583135324E-7     -4.889515896530233E-6    543.6838799146494
-3.4894871474092307E-7    -4.999999999999998E-6    116.08296876746162
5.837579686501007E-8      -4.558063586120933E-6    1858.4208057143933
-8.560459562380613E-9     -4.6685476895906995E-6   1419.0229843318248
-7.54967159897713E-8      -4.779031793060466E-6    989.037465369971
-1.4243297241716195E-7    -4.889515896530231E-6    561.1709395198495
-2.0936922884455266E-7    -4.9999999999999996E-6   135.42340678151018
1.310190263339898E-7      -4.668547689590699E-6    1446.1242277062724
6.408276990659912E-8      -4.779031793060466E-6    1008.601030760261
-2.853486520791559E-9     -4.889515896530232E-6    578.8092982262579
-6.978974294818223E-8     -4.999999999999998E-6    151.13655880393136
2.0366225580296949E-7     -4.7790317930604645E-6   1032.2172374560778
1.3672599937557885E-7     -4.889515896530232E-6    596.4476569326707
6.978974294818816E-8      -4.999999999999997E-6    166.8497108265064
2.763054852719493E-7      -4.889515896530233E-6    616.6998349638429
2.0936922884455864E-7     -4.999999999999999E-6    182.56286284888694
-3.4340341720493413E-6    -4.459870910071405E-6    -2857.1024201934943
-3.50786258645636E-6      -4.567896728057124E-6    -2351.3957256328895
-3.581691000863377E-6     -4.675922546042842E-6    -1833.3328873762048
-3.655519415270395E-6     -4.78394836402856E-6     -1313.8677598001605
-3.7293478296774135E-6    -4.891974182014281E-6    -793.0003429047515
-3.3752241647720247E-6    -4.567896728057124E-6    -2331.449251397536
-3.4490525791790426E-6    -4.675922546042843E-6    -1806.3727462325605
-3.5228809935860606E-6    -4.78394836402856E-6     -1291.27234475359
-3.5967094079930785E-6    -4.891974182014279E-6    -774.6594834704883
-3.6705378224000973E-6    -4.9999999999999996E-6   -256.5341623831752
-3.3164141574947068E-6    -4.675922546042842E-6    -1799.8900690266337
-3.3902425719017264E-6    -4.783948364028562E-6    -1278.4204169482855
-3.4640709863087435E-6    -4.89197418201428E-6     -763.4239916636106
-3.5378994007157615E-6    -4.999999999999998E-6    -246.91510657488615
-3.2576041502173897E-6    -4.78394836402856E-6     -1270.1345326092874
-3.331432564624409E-6     -4.891974182014279E-6    -752.1884998567848
-3.4052609790314264E-6    -4.999999999999997E-6    -237.29605076646754
-3.1987941429400735E-6    -4.891974182014281E-6    -742.1826421455321
-3.272622557347092E-6     -4.999999999999999E-6    -227.67699495818377
-3.1399841356627564E-6    -4.999999999999998E-6    -215.76923710071642
-7.05898263415884E-7      -4.443608967249183E-6    1209.8745940676272
-7.740878395772622E-7     -4.554887173799347E-6    965.6722712019191
-8.422774157386402E-7     -4.666165380349508E-6    728.0090602553455
-9.104669919000185E-7     -4.777443586899671E-6    492.68214369852194
-9.78656568061397E-7      -4.888721793449835E-6    259.6915215314584
-1.0468461442227751E-6    -4.999999999999998E-6    26.31133103813923
-6.345083536808918E-7     -4.554887173799347E-6    992.5187799098258
-7.0269792984227E-7       -4.666165380349508E-6    749.2399531150968
-7.708875060036483E-7     -4.7774435868996715E-6   512.4047304016785
-8.390770821650264E-7     -4.888721793449835E-6    277.8732414656379
-9.072666583264049E-7     -4.9999999999999996E-6   45.645486307112414
-5.631184439458994E-7     -4.666165380349508E-6    775.9642546502246
-6.31308020107278E-7      -4.777443586899673E-6    533.4037957800392
-6.994975962686561E-7     -4.888721793449835E-6    296.6768330600189
-7.676871724300341E-7     -4.999999999999998E-6    62.253604117329346
-4.917285342109072E-7     -4.777443586899671E-6    557.4045038740151
-5.599181103722856E-7     -4.888721793449835E-6    315.4804246543845
-6.281076865336638E-7     -4.999999999999997E-6    78.86172192772017
-4.2033862447591526E-7    -4.888721793449835E-6    336.8395275811358
-4.885282006372935E-7     -4.999999999999999E-6    95.46983973787133
-2.8003630575449857E-6    -4.430039685431695E-6    -2165.7696558971393
-2.8682872731685405E-6    -4.544031748345356E-6    -1780.5084802393922
-2.9362114887920937E-6    -4.658023811259016E-6    -1391.631687259754
-3.0041357044156485E-6    -4.772015874172676E-6    -1001.0254905726724
-3.072059920039203E-6     -4.886007937086338E-6    -608.689890178146
-2.728818646673285E-6     -4.544031748345356E-6    -1754.153796749979
-2.7967428622968394E-6    -4.658023811259017E-6    -1359.3984349552684
-2.864667077920393E-6     -4.772015874172678E-6    -975.5564333554576
-2.932591293543947E-6     -4.886007937086337E-6    -589.886688380655
-3.0005155091675018E-6    -4.9999999999999996E-6   -202.38920003076015
-2.657274235801583E-6     -4.658023811259016E-6    -1347.4137648558299
-2.725198451425138E-6     -4.772015874172678E-6    -958.4783005319387
-2.793122667048692E-6     -4.886007937086337E-6    -574.9227639684887
-2.8610468826722454E-6    -4.999999999999998E-6    -189.53948403014599
-2.585729824929882E-6     -4.772015874172676E-6    -943.1331668828875
-2.6536540405534368E-6    -4.886007937086337E-6    -559.9588395563869
-2.7215782561769903E-6    -4.999999999999997E-6    -176.68976802937968
-2.5141854140581817E-6    -4.886007937086338E-6    -541.3120028311705
-2.582109629681736E-6     -4.999999999999999E-6    -163.84005202877074
-2.4426410031864805E-6    -4.999999999999998E-6    -142.73067786497975
-1.404261053588428E-6     -4.44064348141582E-6     58.28713023821343
-1.472357557611668E-6     -4.552514785132656E-6    29.25676028143471
-1.5404540616349078E-6    -4.664386088849491E-6    4.047090717926949
-1.6085505656581476E-6    -4.776257392566326E-6    -18.886356801560396
-1.6766470696813882E-6    -4.888128696283163E-6    -39.54358227686453
-1.7447435737046278E-6    -4.999999999999998E-6    -61.59158184528746
-1.3327780717152975E-6    -4.552514785132656E-6    55.853359324960365
-1.4008745757385376E-6    -4.664386088849491E-6    28.565027816026486
-1.4689710797617774E-6    -4.776257392566326E-6    1.9520159707317362
-1.5370675837850171E-6    -4.888128696283161E-6    -22.37021755900514
-1.6051640878082574E-6    -4.9999999999999996E-6   -44.40167277291325
-1.261295089842167E-6     -4.664386088849491E-6    51.58420807638959
-1.3293915938654072E-6    -4.776257392566328E-6    22.90030218276661
-1.397488097888647E-6     -4.888128696283163E-6    -3.738414655515953
-1.4655846019118868E-6    -4.999999999999998E-6    -28.08635317822475
-1.1898121079690362E-6    -4.776257392566326E-6    45.0103164909051
-1.2579086119922765E-6    -4.888128696283162E-6    14.893388247975963
-1.326005116015516E-6     -4.999999999999997E-6    -11.771033583326007
-1.118329126095906E-6     -4.888128696283163E-6    36.13168456828498
-1.186425630119146E-6     -4.999999999999999E-6    4.544286011380242
-2.1028535822853487E-6    -4.436556125241291E-6    -1091.879162591544
-2.170811066465575E-6     -4.549244900193032E-6    -904.380053962921
-2.238768550645801E-6     -4.661933675144773E-6    -716.0321256688467
-2.3067260348260275E-6    -4.774622450096514E-6    -525.6196153742367
-2.3746835190062544E-6    -4.8873112250482565E-6   -333.1425230791074
-2.0312315805692052E-6    -4.549244900193032E-6    -879.7787661558987
-2.0991890647494313E-6    -4.661933675144774E-6    -689.9584625880307
-2.167146548929657E-6     -4.774622450096515E-6    -505.1709319293077
-2.2351040331098836E-6    -4.8873112250482565E-6   -318.25754619294275
-2.3030615172901106E-6    -4.9999999999999996E-6   -129.21830537887178
-1.95960957885306E-6      -4.661933675144773E-6    -671.6512452369116
-2.027567063033287E-6     -4.774622450096516E-6    -485.5224333100723
-2.095524547213513E-6     -4.8873112250482565E-6   -300.89670547587593
-2.1634820313937393E-6    -4.999999999999998E-6    -114.14512256407787
-1.887987577136916E-6     -4.774622450096514E-6    -465.9837566686065
-1.9559450613171428E-6    -4.8873112250482565E-6   -283.5358647588182
-2.0239025454973685E-6    -4.999999999999997E-6    -99.0719397491452
-1.8163655754207723E-6    -4.8873112250482565E-6   -262.7763004510266
-1.8843230596009985E-6    -4.999999999999999E-6    -83.99875693444095
4.418326971657505E-6      -4.7153515859073953E-7   48646.96051568806
4.378055161807038E-6      -3.795103330727605E-7    51088.137656520645
4.33778335195657E-6       -2.874855075547815E-7    53551.81702377566
4.297511542106103E-6      -1.9546068203680249E-7   56025.60904043674
4.3066655582930814E-6     -4.82946189591584E-7     49559.006105581546
4.266393748442614E-6      -3.9092136407360497E-7   52017.105514526964
4.226121938592147E-6      -2.98896538555626E-7     54482.597956178535
4.195004144928658E-6      -4.943572205924285E-7    50470.468023672176
4.154732335078191E-6      -4.0233239507444947E-7   52945.46824114272
4.0833427315642345E-6     -5.05768251593273E-7     51381.34626995995
4.500467666688362E-6      -5.858630826633876E-7    45502.27559144334
4.470946948354795E-6      -7.116020377368801E-7    43500.793779939
4.441426230021229E-6      -8.373409928103726E-7    41508.96734870603
4.411905511687662E-6      -9.630799478838653E-7    39526.796297744484
4.594469989683977E-6      -6.366954000025505E-7    43324.25664359858
4.56494927135041E-6       -7.62434355076043E-7     41481.170972991385
4.535428553016843E-6      -8.881733101495355E-7    39647.21800674437
4.68847231267959E-6       -6.875277173417135E-7    41248.321012120505
4.658951594346024E-6      -8.13266672415206E-7     39413.0073784313
4.782474635675205E-6      -7.383600346808765E-7    39177.17677580653
4.388806253323938E-6      -5.97274113664232E-7     46494.430431257584
4.2771448399595145E-6     -6.086851446650765E-7    47388.73113765408
4.1654834265950915E-6     -6.20096175665921E-7     48282.46963183538
4.0538220132306676E-6     -6.315072066667656E-7    49030.100619698715
4.359285534990371E-6      -7.230130687377246E-7    44339.68882599337
4.247624121625948E-6      -7.344240997385691E-7    45231.353842609125
4.1359627082615245E-6     -7.458351307394136E-7    46120.387228318374
4.329764816656805E-6      -8.487520238112171E-7    42195.12527691168
4.2181034032923814E-6     -8.601630548120616E-7    43225.17788358372
4.300244098323238E-6      -9.744909788847096E-7    40344.4725854948
4.758004398257389E-6      -1.450198104097197E-6    28897.06581575144
4.6344813569282075E-6     -1.3822475989743835E-6   30979.157858850504
4.510958315599027E-6      -1.3142970938515699E-6   33067.653438383655
4.3874352742698465E-6     -1.2463465887287565E-6   35264.703857308654
4.639531837843959E-6      -1.5397752847457822E-6   28792.083972536057
4.516008796514778E-6      -1.4718247796229688E-6   30870.242971267835
4.392485755185597E-6      -1.4038742745001555E-6   32993.66042723011
4.521059277430528E-6      -1.6293524653943678E-6   28686.34345424222
4.397536236101348E-6      -1.5614019602715542E-6   30736.41457876842
4.402586717017099E-6      -1.7189296460429532E-6   28492.96631192352
3.649841614210736E-6      -2.0699770775982602E-7   61961.27891002004
3.5815320721267557E-6     -3.1055955900082854E-7   59827.00898766619
3.513222530042776E-6      -4.14121410241831E-7     57701.612798889226
3.444912987958797E-6      -5.176832614828335E-7    55584.82660757305
3.7132241546870094E-6     -3.104335642786495E-7    59023.06262341596
3.6449146126030295E-6     -4.1399541551965203E-7   56900.07267294745
3.5766050705190497E-6     -5.175572667606546E-7    54785.8631138021
3.776606695163283E-6      -4.13869420797473E-7     56098.52667894828
3.7082971530793038E-6     -5.174312720384755E-7    53986.893991994904
3.839989235639557E-6      -5.173052773162965E-7    53187.9192421515
3.621524413376429E-6      -1.0365237278489304E-6   43798.55897570204
3.6915557943411056E-6     -9.32654838797968E-7     45329.47873750143
3.7615871753057817E-6     -8.287859497470052E-7    46994.23047946453
3.831618556270458E-6      -7.249170606960426E-7    48665.4239251236
3.901649937235134E-6      -6.210481716450801E-7    50343.05907447863
3.559863711780852E-6      -9.32780833520147E-7     46123.533736195284
3.629895092745528E-6      -8.289119444691843E-7    47755.17360698908
3.6999264737102042E-6     -7.250430554182216E-7    49559.177919808106
3.769957854674881E-6      -6.211741663672591E-7    51370.1758533737
3.4982030101852744E-6     -8.290379391913633E-7    48585.833098052055
3.5682343911499506E-6     -7.251690501404006E-7    50353.54844902693
3.638265772114627E-6      -6.21300161089438E-7     52166.763055952535
3.4365423085896973E-6     -7.252950448625797E-7    51059.219032123976
3.506573689554373E-6      -6.21426155811617E-7     52963.34487051616
3.3748816069941203E-6     -6.215521505337961E-7    53543.691538411076
3.983790632265991E-6      -7.353760957177282E-7    47341.83245534045
3.913759251301314E-6      -8.392449847686907E-7    45804.99937173027
3.843727870336638E-6      -9.431138738196532E-7    44274.05607476542
3.7736964893719625E-6     -1.046982762870616E-6    42759.66997973097
4.065931327296848E-6      -8.497040197903761E-7    44585.25089426589
3.995899946332172E-6      -9.535729088413388E-7    43058.07376554998
3.925868565367496E-6      -1.0574417978923013E-6   41537.644066183595
4.148072022327705E-6      -9.640319438630242E-7    41842.79020295383
4.078040641363029E-6      -1.0679008329139867E-6   40316.282503575305
4.230212717358563E-6      -1.0783598679356723E-6   39095.58529190612
4.2849153821583295E-6     -1.8262349987125841E-6   27521.756300515946
4.279864901242579E-6      -1.6687073129411854E-6   29776.194081327903
4.274814420326827E-6      -1.5111796271697862E-6   32090.0378521838
4.269763939411077E-6      -1.3536519413983874E-6   34417.9658361831
4.2647134584953266E-6     -1.196124255626989E-6    36804.44813028621
4.1621935663838096E-6     -1.7760126656108163E-6   28879.182669395792
4.1571430854680584E-6     -1.6184849798394174E-6   31149.760386544494
4.152092604552308E-6      -1.4609572940680186E-6   33471.27654230328
4.147042123636557E-6      -1.3034296082966198E-6   35830.541494792495
4.03947175060929E-6       -1.7257903325090485E-6   30239.87326849644
4.0344212696935385E-6     -1.5682626467376496E-6   32526.78727862685
4.029370788777788E-6      -1.4107349609662508E-6   34859.30687737175
3.91674993483477E-6       -1.6755679994072807E-6   31603.828097817932
3.9116994539190195E-6     -1.518040313635882E-6    33890.744278024016
3.79402811906025E-6       -1.625345666305513E-6    32975.04402479838
3.6560251545131933E-6     -1.154288115540247E-6    41581.13261415847
3.6905258956499573E-6     -1.2720525032315634E-6   39409.016407626914
3.725026636786721E-6      -1.38981689092288E-6     37247.3243202156
3.759527377923486E-6      -1.5075812786141963E-6   35096.05635192458
3.8081972305087264E-6     -1.1647471505619324E-6   40530.49126673683
3.842697971645491E-6      -1.2825115382532488E-6   38301.188624553266
3.877198712782255E-6      -1.4002759259445654E-6   36082.4294684653
3.9603693065042595E-6     -1.1752061855836176E-6   39302.67029831458
3.994870047641024E-6      -1.2929705732749342E-6   37077.38237383699
4.112541382499793E-6      -1.1856652206053033E-6   38075.47928515116
2.990996036151388E-6      -2.089607717810817E-7    64733.47767209549
2.9256801829275274E-6     -3.1435969232116086E-7   62093.80970578605
2.860364329703667E-6      -4.1975861286124006E-7   59465.816935283336
2.795048476479807E-6      -5.251575334013192E-7    56845.535956393986
3.0552232901572114E-6     -3.125226230220842E-7    61975.894346156
2.9899074369333514E-6     -4.179215435621634E-7    59348.492406632184
2.9245915837094905E-6     -5.233204641022425E-7    56731.43664188053
3.119450544163035E-6      -4.160844742630867E-7    59231.1437351421
3.0541346909391744E-6     -5.214833948031659E-7    56617.31417862557
3.1836777981688592E-6     -5.196463255040892E-7    56503.16856662916
4.409941684670099E-6      -2.008633078416523E-6    24759.382749471602
4.412246171407348E-6      -2.1408088250186936E-6   23281.55562929174
4.4145506581445966E-6     -2.2729845716208643E-6   21810.59044545532
4.416855144881846E-6      -2.4051603182230353E-6   20346.487197962393
4.528414245083528E-6      -2.0619130406250802E-6   23332.950786341815
4.5307187318207774E-6     -2.1940887872272513E-6   21911.706304322925
4.533023218558027E-6      -2.326264533829422E-6    20497.147136473526
4.646886805496958E-6      -2.115193002833638E-6    21972.075990121466
4.649191292234208E-6      -2.247368749435809E-6    20556.382539739352
4.7653593659103885E-6     -2.1684729650421955E-6   20614.590138003223
3.850697139115178E-6      -2.2205357290564955E-6   24683.98004914146
3.964389637615962E-6      -2.2838957962102377E-6   23453.359425634935
4.078082136116744E-6      -2.3472558633639794E-6   22287.17140305387
4.191774634617528E-6      -2.4106159305177216E-6   21124.37518476451
4.305467133118312E-6      -2.4739759976714638E-6   19964.970770766886
3.962085150878712E-6      -2.1517200496080666E-6   25036.260531219
4.075777649379496E-6      -2.2150801167618088E-6   23819.2319849416
4.1894701478802795E-6     -2.278440183915551E-6    22627.9387905361
4.303162646381063E-6      -2.3418002510692927E-6   21440.22495146188
4.0734731626422465E-6     -2.082904370159638E-6    25349.649204379304
4.18716566114303E-6       -2.14626443731338E-6     24153.56133035712
4.300858159643814E-6      -2.2096245044671225E-6   22960.427026207017
4.184861174405781E-6      -2.0140886907112093E-6   25662.954956150126
4.2985536729065644E-6     -2.0774487578649515E-6   24487.66765946955
4.296249186169315E-6      -1.9452730112627804E-6   25976.177786531476
3.839363335104192E-6      -2.101497716506299E-6    26339.855177524776
3.950751346867727E-6      -2.03268203705787E-6     26688.546278394002
4.062139358631261E-6      -1.9638663576094417E-6   26981.333037877357
4.173527370394794E-6      -1.8950506781610128E-6   27274.176970884855
3.828029531093207E-6      -1.982459703956102E-6    27991.30427939156
3.939417542856741E-6      -1.9136440245076737E-6   28326.046465725856
4.050805554620275E-6      -1.844828345059245E-6    28621.0130935321
3.816695727082221E-6      -1.863421691405906E-6    29650.203057331586
3.928083738845755E-6      -1.7946060119574772E-6   29970.917089755167
3.8053619230712355E-6     -1.7443836788557094E-6   31316.55151134487
4.77181388476168E-6       -2.867863478572709E-6    14256.030907837534
4.655645811085499E-6      -2.8039021201091788E-6   15340.643610073417
4.539477737409318E-6      -2.739940761645649E-6    16428.550353066254
4.423309663733137E-6      -2.6759794031821195E-6   17600.23242101891
4.65979584319954E-6       -2.9425454584660923E-6   14142.53080873035
4.54362776952336E-6       -2.8785841000025625E-6   15225.669420708628
4.427459695847179E-6      -2.8146227415390326E-6   16341.112811786079
4.547777801637401E-6      -3.017227438359476E-6    14027.982221406575
4.431609727961221E-6      -2.953266079895946E-6    15087.33141159961
4.435759760075262E-6      -3.0919094182528597E-6   13838.888220459517
2.3418696667410385E-6     -2.131875165176527E-7    63731.59085983758
2.2758912766709185E-6     -3.209761124952262E-7    60733.150973948636
2.2099128866007985E-6     -4.287647084727997E-7    57748.61886954193
2.1439344965306794E-6     -5.365533044503732E-7    54772.63188830011
2.4062839948507793E-6     -3.185864370577319E-7    61278.36240335137
2.3403056047806597E-6     -4.263750330353054E-7    58292.65090691901
2.2743272147105397E-6     -5.341636290128789E-7    55318.99104556366
2.4706983229605205E-6     -4.2398535759781104E-7   58836.72840277664
2.404719932890401E-6      -5.317739535753846E-7    55865.39377959624
2.535112651070262E-6      -5.293842781378903E-7    56411.84009039783
2.9818612815160326E-6     -1.0297411604507925E-6   45704.34128262434
3.0481332062925347E-6     -9.273547796016366E-7    47671.12950119941
3.114405131069037E-6      -8.249683987524805E-7    49752.025461431374
3.1806770558455386E-6     -7.225820179033246E-7    51841.36341042493
3.246948980622041E-6      -6.201956370541686E-7    53939.14334818011
2.9185900990628508E-6     -9.291918489007132E-7    47760.294009347504
2.984862023839353E-6      -8.268054680515572E-7    49817.529575860804
3.051133948615855E-6      -7.244190872024012E-7    52038.49513579083
3.1174058733923567E-6     -6.220327063532451E-7    54268.355708572
2.855318916609669E-6      -8.286425373506339E-7    49954.074837649416
2.9215908413861706E-6     -7.262561565014778E-7    52148.92921853307
2.987862766162673E-6      -6.238697756523219E-7    54379.32737026458
2.7920477341564862E-6     -7.280932258005545E-7    52157.39436339988
2.8583196589329883E-6     -6.257068449513985E-7    54490.27687731296
2.7287765517033048E-6     -6.275439142504752E-7    54370.252586598894
3.3086096822176177E-6     -7.239385313829521E-7    51362.588828734835
3.2423377574411156E-6     -8.263249122321081E-7    49405.70484238423
3.176065832664614E-6      -9.287112930812641E-7    47456.80982070562
3.109793907888112E-6      -1.03109767393042E-6     45518.1861000761
3.3702703838131952E-6     -8.276814257117357E-7    49015.00441832363
3.303998459036693E-6      -9.300678065608918E-7    47067.473327301865
3.237726534260191E-6      -1.0324541874100476E-6   45128.79819363508
3.4319310854087723E-6     -9.314243200405192E-7    46678.171572891275
3.36565916063227E-6       -1.0338107008896751E-6   44739.443756152345
3.4935917870043498E-6     -1.035167214369303E-6    44350.12278762787
3.2887036657400743E-6     -1.4429728784955675E-6   37591.00518088697
3.3897685564041097E-6     -1.4794474360575566E-6   36687.05894800199
3.4908334470681446E-6     -1.5159219936195455E-6   35765.37079704706
3.5918983377321796E-6     -1.5523965511815349E-6   34845.28637809751
3.692963228396215E-6      -1.5888711087435238E-6   33926.80569115334
3.3552678152673453E-6     -1.36168304836624E-6     38736.39620777902
3.4563327059313803E-6     -1.3981576059282294E-6   37849.38972278366
3.5573975965954152E-6     -1.4346321634902183E-6   36931.7385732835
3.65846248725945E-6       -1.4711067210522072E-6   36015.77271062659
3.4218319647946163E-6     -1.2803932182369128E-6   39982.12764756009
3.5228968554586513E-6     -1.3168677757989017E-6   39030.67699867424
3.6239617461226863E-6     -1.3533423333608908E-6   38110.39469776387
3.488396114321887E-6      -1.1991033881075851E-6   41231.471382246455
3.589461004985922E-6      -1.2355779456695743E-6   40215.32143704601
3.554960263849158E-6      -1.117813557978258E-6    42484.42741183815
3.227335188895266E-6      -1.3603265348866125E-6   39127.259266097
3.2938993384225367E-6     -1.279036704757285E-6    40399.32624849711
3.3604634879498073E-6     -1.1977468746279576E-6   41711.735165941325
3.4270276374770783E-6     -1.1164570444986301E-6   43028.0115107149
3.1659667120504575E-6     -1.2776801912776575E-6   40744.694106475086
3.232530861577728E-6      -1.19639036114833E-6     42100.47994252287
3.299095011104999E-6      -1.1151005310190028E-6   43417.753325149904
3.1045982352056494E-6     -1.1950338476687025E-6   42367.7805434029
3.17116238473292E-6       -1.113744017539375E-6    43807.527338508175
3.043229758360841E-6      -1.1123875040597475E-6   43996.518576880495
3.6976041191774587E-6     -1.6859312178840346E-6   32407.49507366538
3.6011801192946666E-6     -1.7465167694625565E-6   31817.01279006032
3.5047561194118753E-6     -1.8071023210410782E-6   31227.425563465986
3.408332119529084E-6      -1.8676878726196001E-6   30638.733393882423
3.3119081196462924E-6     -1.928273424198122E-6    30040.44432990592
3.708937923188444E-6      -1.8049692304342313E-6   30717.90550670302
3.6125139233056526E-6     -1.8655547820127528E-6   30127.364567466262
3.5160899234228605E-6     -1.926140333591275E-6    29537.591245425356
3.4196659235400697E-6     -1.986725885169797E-6    28945.196892120133
3.7202717271994295E-6     -1.9240072429844275E-6   29037.93985246542
3.6238477273166382E-6     -1.9845927945629495E-6   28450.068974613678
3.5274237274338466E-6     -2.0451783461414714E-6   27869.261121752323
3.731605531210415E-6      -2.043045255534624E-6    27365.503113676794
3.6351815313276234E-6     -2.103630807113146E-6    26796.138954058788
3.742939335221401E-6      -2.162083268084821E-6    25725.830389039515
3.293344556521318E-6      -1.5400329876360785E-6   36134.06128887036
3.2979854473025617E-6     -1.6370930967765894E-6   34605.88901094094
3.302626338083805E-6      -1.7341532059171002E-6   33083.43764900678
3.3072672288650487E-6     -1.831213315057611E-6    31566.70720306797
3.394409447185353E-6      -1.5765075451980674E-6   35180.80996621691
3.3990503379665962E-6     -1.6735676543385783E-6   33664.6502885832
3.40369122874784E-6       -1.770627763479089E-6    32154.17925372854
3.495474337849388E-6      -1.6129821027600564E-6   34255.54782395748
3.5001152286306316E-6     -1.7100422119005674E-6   32742.482307884246
3.596539228513423E-6      -1.6494566603220457E-6   33331.80785886554
2.3511259600669334E-6     -1.0746397008961857E-6   44138.21108713824
2.4140018419035714E-6     -9.651106812570277E-7    46520.545213354504
2.476877723740209E-6      -8.555816616178698E-7    49023.421069009375
2.5397536055768468E-6     -7.460526419787118E-7    51537.56096555292
2.602629487413485E-6      -6.365236223395538E-7    54062.96490298512
2.2836091237237107E-6     -9.675003566945222E-7    45971.81173198251
2.346485005560348E-6      -8.579713370553641E-7    48421.0909645509
2.409360887396986E-6      -7.48442317416206E-7     51074.69770709747
2.4722367692336232E-6     -6.389132977770481E-7    53739.99782647454
2.2160922873804875E-6     -8.603610124928584E-7    47928.9727505559
2.278968169217125E-6      -7.508319928537003E-7    50526.914833186434
2.341844051053763E-6      -6.413029732145424E-7    53191.13185987379
2.1485754510372644E-6     -7.532216682911948E-7    49895.18675451066
2.211451332873902E-6      -6.436926486520367E-7    52642.307588330325
2.0810586146940413E-6     -6.460823240895312E-7    51870.453743846796
2.6659006698666667E-6     -7.370729338896333E-7    51753.98713385436
2.6030247880300286E-6     -8.466019535287911E-7    49379.50802917495
2.540148906193391E-6      -9.561309731679491E-7    47015.86362944226
2.4772730243567533E-6     -1.0656599928071071E-6   44645.49037130292
2.7291718523198486E-6     -8.376222454397125E-7    49680.079328660584
2.666295970483211E-6      -9.471512650788705E-7    47315.54578209929
2.603420088646573E-6      -1.0566802847180284E-6   44954.876580505836
2.792443034773031E-6      -9.381715569897918E-7    47615.300902256175
2.7295671529363927E-6     -1.0477005766289498E-6   45264.33027356237
2.8557142172262127E-6     -1.0387208685398713E-6   45573.85145047249
3.3504072813594628E-6     -2.4518422050464946E-6   23145.542014469713
3.450465252910606E-6      -2.405580909848495E-6    23483.292281947273
3.550523224461749E-6      -2.359319614650495E-6    23795.579477697265
3.650581196012892E-6      -2.313058319452495E-6    24107.984019820302
3.750639167564035E-6      -2.266797024254495E-6    24420.505908316372
3.342707449016829E-6      -2.34712844887682E-6     24529.35864175191
3.442765420567972E-6      -2.3008671536788203E-6   24853.975698736667
3.5428233921191144E-6     -2.25460585848082E-6     25152.820434489993
3.6428813636702573E-6     -2.20834456328282E-6     25451.850364158374
3.335007616674195E-6      -2.2424146927071457E-6   25895.509209305823
3.4350655882253375E-6     -2.1961533975091452E-6   26211.382800156935
3.535123559776481E-6      -2.1498921023111456E-6   26511.586608574686
3.3273077843315606E-6     -2.137700936537471E-6    27266.900381106294
3.427365755882703E-6      -2.091439641339471E-6    27573.993648464682
3.3196079519889263E-6     -2.0329871803677965E-6   28643.53215715338
4.298670437390725E-6      -2.609162966154289E-6    18627.70142223104
4.178181243162354E-6      -2.6809898674833712E-6   18321.85125712683
4.0576920489339835E-6     -2.7528167688124545E-6   18015.627230140977
3.937202854705613E-6      -2.824643670141537E-6    17709.029341273468
3.816713660477242E-6      -2.8964705714706198E-6   17325.718325151996
4.3028204695047666E-6     -2.747806304511202E-6    17352.257955278255
4.182331275276396E-6      -2.8196332058402848E-6   17023.302354759417
4.0618420810480245E-6     -2.8914601071693676E-6   16693.846903665268
3.941352886819655E-6      -2.9632870084984505E-6   16349.664956054976
4.306970501618808E-6      -2.8864496428681155E-6   16042.605590041225
4.186481307390438E-6      -2.9582765441971983E-6   15714.587779378824
4.065992113162066E-6      -3.0301034455262807E-6   15388.064447370141
4.3111205337328495E-6     -3.0250929812250286E-6   14738.435909841332
4.19063133950448E-6       -3.096919882554112E-6    14429.418575054333
4.315270565846891E-6      -3.163736319581942E-6    13473.72733910755
3.843900443387591E-6      -2.3557226975393205E-6   23184.175351616144
3.837103747660003E-6      -2.490909666022145E-6    21704.069527719505
3.830307051932417E-6      -2.62609663450497E-6     20230.498312370764
3.823510356204829E-6      -2.7612836029877947E-6   18763.461705569945
3.957592941888374E-6      -2.4190827646930627E-6   21992.435523795695
3.950796246160787E-6      -2.554269733175887E-6    20569.201984345218
3.9439995504332E-6        -2.689456701658712E-6    19152.3386096954
4.071285440389158E-6      -2.4824428318468044E-6   20854.422708914884
4.0644887446615705E-6     -2.6176298003296295E-6   19436.100315084805
4.184977938889941E-6      -2.545802899000546E-6    19719.614147286193
3.443668557183019E-6      -2.5407678783313195E-6   21898.567881458068
3.5369298330065748E-6     -2.629693551616145E-6    20734.69832271007
3.6301911088301303E-6     -2.7186192249009694E-6   19574.940200225
3.7234523846536863E-6     -2.807544898185795E-6    18419.293514002857
3.543726528734162E-6      -2.49450658313332E-6     22256.790551786245
3.6369878045577177E-6     -2.583432256418145E-6    21053.080355873317
3.7302490803812733E-6     -2.6723579297029698E-6   19853.68163195185
3.6437845002853047E-6     -2.44824528793532E-6     22582.710239461027
3.7370457761088607E-6     -2.5371709612201448E-6   21377.83100281178
3.7438424718364476E-6     -2.4019839927373197E-6   22908.679425966813
3.954761544573773E-6      -3.505238414615567E-6    11492.858665747935
4.051791194096879E-6      -3.4503012830144084E-6   11737.393798616598
4.148820843619985E-6      -3.3953641514132494E-6   11961.567281732845
4.245850493143092E-6      -3.3404270198120904E-6   12185.29653566059
4.342880142666198E-6      -3.2854898882109314E-6   12408.581560399838
3.927151967754468E-6      -3.3834848459865777E-6   12667.649016372203
4.024181617277574E-6      -3.3285477143854187E-6   12884.941986486663
4.121211266800679E-6      -3.2736105827842593E-6   13092.909443759454
4.2182409163237854E-6     -3.2186734511831007E-6   13300.497369442728
3.899542390935161E-6      -3.261731277357588E-6    13809.711835311537
3.996572040458266E-6      -3.206794145756429E-6    14030.842693978939
4.093601689981373E-6      -3.15185701415527E-6     14239.351743320874
3.871932814115855E-6      -3.1399777087285987E-6   14956.00849070912
3.9689624636389605E-6     -3.0850405771274397E-6   15181.008135188093
3.844323237296549E-6      -3.018224140099609E-6    16106.538982564993
4.765777124626271E-6      -3.5781213367396342E-6   9016.484707739379
4.653759083064132E-6      -3.5099461737758747E-6   9826.320718406068
4.541741041501993E-6      -3.441771010812115E-6    10638.846695234468
4.4297229999398544E-6     -3.373595847848356E-6    11518.160575327198
4.643572290814683E-6      -3.652989265014458E-6    8833.443506378106
4.531554249252544E-6      -3.584814102050699E-6    9642.418665640469
4.419536207690405E-6      -3.5166389390869393E-6   10464.906736233013
4.521367457003095E-6      -3.7278571932892816E-6   8649.048988542654
4.409349415440956E-6      -3.6596820303255225E-6   9414.844615614062
4.399162623191506E-6      -3.8027251215641057E-6   8367.974213470345
4.041604401847431E-6      -3.5933443742529916E-6   10605.432482274278
4.1284472591210865E-6     -3.681450333890416E-6    9768.76343029995
4.215290116394744E-6      -3.7695562935278405E-6   8934.816425809808
4.3021329736684E-6        -3.857662253165264E-6    8103.591468803872
4.138634051370537E-6      -3.5384072426518326E-6   10862.476633424229
4.225476908644192E-6      -3.6265132022892564E-6   9996.335931089292
4.31231976591785E-6       -3.714619161926681E-6    9133.0594775171
4.235663700893642E-6      -3.483470111050673E-6    11102.91285321358
4.322506558167298E-6      -3.571576070688098E-6    10236.28726963914
4.3326933504167485E-6     -3.4285329794495146E-6   11342.84014621544
4.519402271742309E-6      -4.429913079513897E-6    3963.879191880439
4.6090004953538345E-6     -4.376866077418414E-6    4173.091104485178
4.698598718965359E-6      -4.323819075322931E-6    4368.002264741577
4.788196942576885E-6      -4.270772073227448E-6    4562.07096723205
4.486795661542246E-6      -4.308876862836095E-6    4788.8578024448425
4.576393885153771E-6      -4.255829860740611E-6    4983.765836191269
4.665992108765297E-6      -4.202782858645129E-6    5178.17490500315
4.4541890513421825E-6     -4.187840646158293E-6    5615.891801154461
4.543787274953708E-6      -4.13479364406281E-6     5796.535229020983
4.42158244114212E-6       -4.066804429480491E-6    6444.981188009304
1.6835156502862727E-6     -2.1706306857974728E-7   58979.09221709911
1.6165958569359031E-6     -3.2633754118192105E-7   55808.02227324982
1.549676063585534E-6      -4.3561201378409476E-7   52652.176102014826
1.482756270235165E-6      -5.448864863862686E-7    49508.55431152454
1.7492922339648167E-6     -3.248516645573208E-7    56990.22625269481
1.6823724406144474E-6     -4.3412613715949456E-7   53831.55074202041
1.6154526472640783E-6     -5.434006097616683E-7    50687.16296369701
1.8150688176433605E-6     -4.326402605348943E-7    55010.99951197324
1.7481490242929914E-6     -5.419147331370681E-7    51865.84273857851
1.880845401321905E-6      -5.404288565124679E-7    53044.59363616901
1.6877103107905577E-6     -1.0851775269472384E-6   40681.926349431385
1.75287660430261E-6       -9.759306175353643E-7    43207.39107686921
1.818042897814662E-6      -8.666837081234901E-7    45852.407564353096
1.883209191326714E-6      -7.574367987116159E-7    48509.57736477442
1.948375484838766E-6      -6.481898892997417E-7    51178.90047813322
1.6201802272736966E-6     -9.774164941599646E-7    42028.331727956436
1.6853465207857486E-6     -8.681695847480904E-7    44634.0881998658
1.7505128142978006E-6     -7.58922675336216E-7     47426.12475315077
1.8156791078098526E-6     -6.49675765924342E-7     50230.687112329986
1.5526501437568352E-6     -8.696554613726906E-7    43508.849944532834
1.6178164372688872E-6     -7.604085519608163E-7    46250.494973527304
1.6829827307809394E-6     -6.511616425489421E-7    49052.46810515817
1.485120060239974E-6      -7.618944285854166E-7    44996.2443064477
1.550286353752026E-6      -6.526475191735425E-7    47874.31721345695
1.4175899767231127E-6     -6.541333957981428E-7    46490.51481370102
2.015892321181989E-6      -7.553292335014053E-7    49114.23629919225
1.950726027669937E-6      -8.645761429132795E-7    46592.87094251579
1.8855597341578849E-6     -9.738230523251538E-7    44083.28640581991
1.8203934406458329E-6     -1.083069961737028E-6    41582.024345989594
2.0834091575252124E-6     -8.624685777030689E-7    47288.18296134499
2.0182428640131604E-6     -9.717154871149431E-7    44776.94688798199
1.953076570501108E-6      -1.0809623965268173E-6   42276.39900770157
2.150925993868435E-6      -9.696079219047327E-7    45470.66670775204
2.085759700356383E-6      -1.0788548313166066E-6   42970.83054587067
2.2184428302116582E-6     -1.0767472661063962E-6   43665.31896049687
2.9317645209133985E-6     -1.1533057315715382E-6   43397.68695116689
2.8056174566235785E-6     -1.1622854396606168E-6   43242.32923143843
2.6794703923337586E-6     -1.1712651477496953E-6   42923.05509118819
2.5533233280439387E-6     -1.1802448558387739E-6   42603.84295114521
2.427176263754119E-6      -1.1892245639278526E-6   42121.81576264707
2.8816677603107643E-6     -1.2768703026922837E-6   41176.73637008791
2.7555206960209444E-6     -1.2858500107813622E-6   40907.69001185082
2.6293736317311245E-6     -1.294829718870441E-6    40589.24514434238
2.503226567441305E-6      -1.3038094269595196E-6   40226.80368568479
2.83157099970813E-6       -1.4004348738130292E-6   38966.51275066666
2.7054239354183103E-6     -1.4094145819021077E-6   38584.13338754094
2.5792768711284907E-6     -1.4183942899911865E-6   38340.79938035947
2.7814742391054965E-6     -1.5239994449337749E-6   36767.016092903184
2.6553271748156765E-6     -1.5329791530228536E-6   36463.802846671184
2.7313774785028623E-6     -1.6475640160545204E-6   34693.711204239225
3.177238428292632E-6      -1.4838911060073582E-6   37094.84581947312
3.1158699514478234E-6     -1.4012447623984032E-6   38608.0471422276
3.054501474603015E-6      -1.318598418789448E-6    40144.524780491134
2.9931329977582066E-6     -1.235952075180493E-6    41686.41190989452
3.0657731908451897E-6     -1.5248093335191487E-6   36523.41057315524
3.0044047140003807E-6     -1.4421629899101935E-6   38053.11672024186
2.9430362371555725E-6     -1.3595166463012387E-6   39587.49154485564
2.9543079533977474E-6     -1.5657275610309392E-6   35952.66176655201
2.8929394765529384E-6     -1.4830812174219842E-6   37498.94250785445
2.8428427159503046E-6     -1.6066457885427299E-6   35382.59939966341
3.1818793190738753E-6     -1.580951215147869E-6    35571.81282770044
3.0704140816264325E-6     -1.6218694426596595E-6   34983.714033134995
2.9589488441789902E-6     -1.66278767017145E-6     34396.231908400456
2.8474836067315484E-6     -1.703705897683241E-6    33820.95792945403
3.1865202098551186E-6     -1.6780113242883798E-6   34036.66620077011
3.0750549724076767E-6     -1.7189295518001703E-6   33450.51149593895
2.9635897349602344E-6     -1.759847779311961E-6    32873.43883330071
3.1911611006363623E-6     -1.7750714334288907E-6   32507.272763051235
3.07969586318892E-6       -1.8159896609406812E-6   31928.271508167454
3.1958019914176064E-6     -1.8721315425694017E-6   30985.45595405429
2.898102042019183E-6      -2.18766338170454E-6     26897.825014286605
2.9885630898872394E-6     -2.240499146372931E-6    26103.367650426706
3.079024137755295E-6      -2.2933349110413215E-6   25363.62896491765
3.169485185623351E-6      -2.346170675709713E-6    24625.536696570674
3.259946233491407E-6      -2.3990064403781035E-6   23889.0908453858
2.980863257544605E-6      -2.1357853902032562E-6   27473.858971754787
3.0713243054126606E-6     -2.1886211548716473E-6   26742.286920029685
3.1617853532807165E-6     -2.241456919540038E-6    25994.24612810964
3.2522464011487725E-6     -2.294292684208429E-6    25247.950863634884
3.0636244730700267E-6     -2.0839073987019726E-6   28114.311511398922
3.154085520938082E-6      -2.1367431633703637E-6   27376.62151371567
3.2445465688061386E-6     -2.1895789280387543E-6   26627.265109613894
3.1463856885954487E-6     -2.032029407200689E-6    28755.76737122637
3.2368467364635043E-6     -2.0848651718690796E-6   28011.85681719855
3.2291469041208704E-6     -1.9801514156994054E-6   29398.226551237138
2.864757129315919E-6      -2.079643508574536E-6    28422.352766763204
2.9475183448413407E-6     -2.0277655170732523E-6   29040.004275054198
3.0302795603667623E-6     -1.9758875255719687E-6   29687.990050654647
3.113040775892184E-6      -1.924009534070685E-6    30337.0817568248
2.8314122166126547E-6     -1.971623635444532E-6    29952.499197436297
2.9141734321380767E-6     -1.9197456439432484E-6   30630.941582250187
2.9969346476634988E-6     -1.8678676524419648E-6   31281.658260030512
2.7980673039093907E-6     -1.8636037623145282E-6   31489.065124041357
2.8808285194348123E-6     -1.8117257708132444E-6   32228.456625702507
2.7647223912061263E-6     -1.7555838891845243E-6   33032.05054657844
2.027438144697103E-6      -1.6194605156282735E-6   33602.88158537413
2.0921757077710695E-6     -1.510496352681856E-6    35601.27487182268
2.1569132708450353E-6     -1.4015321897354383E-6   37700.8080446308
2.221650833919001E-6      -1.292568026789021E-6    39809.56627637483
2.2863883969929675E-6     -1.183603863842603E-6    41927.5495670548
1.9594925779157944E-6     -1.5126039178920666E-6   34906.215466545145
2.0242301409897602E-6     -1.403639754945649E-6    36972.915333436904
2.088967704063726E-6      -1.2946755919992312E-6   39195.34124126174
2.153705267137692E-6      -1.1857114290528136E-6   41427.352924309496
1.891547011134485E-6      -1.4057473201558594E-6   36323.46999481027
1.956284574208451E-6      -1.2967831572094418E-6   38501.49078891855
2.021022137282417E-6      -1.1878189942630242E-6   40732.00309386721
1.8236014443531758E-6     -1.2988907224196525E-6   37746.943612333605
1.888339007427142E-6      -1.189926559473235E-6    40036.70767873105
1.7556558775718668E-6     -1.1920341246834454E-6   39176.63631911516
2.3624387006801533E-6     -1.2981887268742702E-6   39956.33519638928
2.297701137606187E-6      -1.4071528898206878E-6   37962.59602144279
2.232963574532221E-6      -1.5161170527671052E-6   35977.721189145144
2.1682260114582553E-6     -1.625081215713523E-6    34008.78180547297
2.4384890043673387E-6     -1.412773589905937E-6    38188.857921999544
2.373751441293373E-6      -1.5217377528523548E-6   36203.835092319554
2.309013878219407E-6      -1.6307019157987722E-6   34229.18517820111
2.5145393080545245E-6     -1.527358452937604E-6    36429.910140882326
2.4498017449805586E-6     -1.6363226158840217E-6   34449.550466561326
2.5905896117417107E-6     -1.6419433159692712E-6   34669.87767055362
2.875912605154281E-6      -2.2853535364853797E-6   25701.52876894504
2.853723168289378E-6      -2.383043691266219E-6    24489.820684654056
2.8315337314244757E-6     -2.4807338460470586E-6   23282.15057915933
2.8093442945595727E-6     -2.578424000827898E-6    22078.51845246093
2.7871548576946706E-6     -2.6761141556087375E-6   20894.676671290636
2.9663736530223364E-6     -2.3381893011537703E-6   24919.201405863172
2.944184216157434E-6      -2.4358794559346098E-6   23744.463330674203
2.9219947792925317E-6     -2.533569610715449E-6    22573.6680391459
2.899805342427629E-6      -2.631259765496289E-6    21394.8404255101
3.056834700890392E-6      -2.391025065822161E-6    24188.945881484473
3.03464526402549E-6       -2.4887152206030008E-6   23016.704473196605
3.0124558271605876E-6     -2.5864053753838402E-6   21845.875295654565
3.1472957487584483E-6     -2.4438608304905524E-6   23460.23766398464
3.1251063118935457E-6     -2.541550985271392E-6    22297.351596200297
3.2377567966265047E-6     -2.496696595158943E-6    22749.269327147307
3.236662097828936E-6      -2.9470894358627878E-6   17783.154775137507
3.352672410358597E-6      -2.936965662984354E-6    17762.418599608784
3.4686827228882586E-6     -2.9268418901059204E-6   17672.82965378352
3.5846930354179197E-6     -2.9167181172274867E-6   17583.12039682966
3.7007033479475812E-6     -2.9065943443490535E-6   17493.290828747206
3.2594111345350415E-6     -2.848039989699529E-6    18852.327502766973
3.3754214470647026E-6     -2.8379162168210955E-6   18785.26941046551
3.4914317595943637E-6     -2.8277924439426618E-6   18691.085721012263
3.6074420721240252E-6     -2.817668671064228E-6    18596.781155729976
3.282160171241147E-6      -2.7489905435362705E-6   19912.125755915957
3.398170483770808E-6      -2.738866770657837E-6    19809.07734237033
3.5141807963004692E-6     -2.728742997779403E-6    19714.464547034324
3.304909207947252E-6      -2.649941097373012E-6    20975.20595641708
3.4209195204769132E-6     -2.639817324494578E-6    20836.059338873027
3.3276582446533577E-6     -2.550891651209753E-6    22041.56810427039
3.146760649802083E-6      -2.8928943798119776E-6   18372.570142161345
3.1695096865081885E-6     -2.7938449336487193E-6   19462.626051910687
3.1922587232142936E-6     -2.6947954874854603E-6   20560.18150481102
3.215007759920399E-6      -2.595746041322202E-6    21661.126787817753
3.05685920177523E-6       -2.8386993237611677E-6   19003.28237089397
3.0796082384813347E-6     -2.739649877597909E-6    20101.317565115787
3.10235727518744E-6       -2.6406004314346505E-6   21201.06900240606
2.9669577537483766E-6     -2.7845042677103575E-6   19635.285011928547
2.989706790454482E-6      -2.685454821547099E-6    20741.397321059518
2.8770563057215236E-6     -2.7303092116595477E-6   20268.578065265083
3.8503319528503365E-6     -3.489884941521874E-6    11803.072763645197
3.82272237603103E-6       -3.3681313728928844E-6   12940.266018431332
3.7951127992117233E-6     -3.2463778042638947E-6   14080.442688224284
3.7675032223924168E-6     -3.1246242356349055E-6   15224.822297216862
3.739893645573111E-6      -3.002870667005916E-6    16432.764503817023
3.7459023611268982E-6     -3.474531468428181E-6    12086.850396219723
3.7182927843075917E-6     -3.352777899799191E-6    13222.117814114936
3.6906832074882855E-6     -3.231024331170202E-6    14363.704631245299
3.6630736306689794E-6     -3.109270762541212E-6    15539.011117073067
3.64147276940346E-6       -3.459177995334487E-6    12370.90567240155
3.613863192584154E-6      -3.337424426705498E-6    13504.258422170838
3.5862536157648477E-6     -3.2156708580765086E-6   14647.128192423123
3.5370431776800226E-6     -3.4438245222407943E-6   12655.238592190684
3.5094336008607165E-6     -3.322070953611805E-6    13757.11572986719
3.432613585956585E-6      -3.428471049147101E-6    12911.553597624967
3.275852395454466E-6      -3.0433657585196505E-6   16802.590510537884
3.3150426930799957E-6     -3.1396420811765132E-6   15822.485179269212
3.354232990705525E-6      -3.2359184038333756E-6   14845.287992857055
3.3934232883310554E-6     -3.3321947264902387E-6   13870.998951301448
3.391862707984127E-6      -3.033241985641217E-6    16747.520135027295
3.4310530056096568E-6     -3.1295183082980796E-6   15737.849954862791
3.4702433032351866E-6     -3.225794630954942E-6    14731.191115565456
3.5078730205137885E-6     -3.023118212762783E-6    16662.50789052133
3.5470633181393183E-6     -3.119394535419646E-6    15653.248773930896
3.6238833330434495E-6     -3.0129944398843495E-6   16577.375899587216
3.908556910255593E-6      -3.600783573343867E-6    10748.184559570058
3.8623522759374125E-6     -3.6963287320721665E-6   10039.972753424396
3.816147641619232E-6      -3.7918738908004665E-6   9332.66543368893
3.769943007301051E-6      -3.887419049528766E-6    8626.26260036367
3.7237383729828707E-6     -3.982964208257066E-6    7941.225554403588
3.9953997675292495E-6     -3.688889532981291E-6    9907.399928101306
3.949195133211069E-6      -3.7844346917095903E-6   9226.235148613161
3.902990498892888E-6      -3.87997985043789E-6     8545.839139236718
3.856785864574708E-6      -3.97552500916619E-6     7864.374247765616
4.082242624802906E-6      -3.776995492618715E-6    9101.470939225896
4.0360379904847256E-6     -3.872540651347015E-6    8422.05945371556
3.989833356166545E-6      -3.968085810075315E-6    7743.267816040059
4.169085482076563E-6      -3.86510145225614E-6     8298.121796556114
4.122880847758383E-6      -3.96064661098444E-6     7622.004158671409
4.25592833935022E-6       -3.953207411893564E-6    7500.583275659665
3.804127318532155E-6      -3.5854301002501737E-6   11066.394780308194
3.6996977268087173E-6     -3.57007662715648E-6     11352.595679500926
3.5952681350852795E-6     -3.5547231540627867E-6   11639.063053535956
3.4908385433618426E-6     -3.5393696809690943E-6   11889.404711947249
3.7579226842139743E-6     -3.680975258978473E-6    10331.976523872705
3.653493092490537E-6      -3.66562178588478E-6     10617.26470545531
3.549063500767099E-6      -3.6502683127910867E-6   10891.130024751503
3.7117180498957938E-6     -3.7765204177067728E-6   9598.598470145904
3.6072884581723564E-6     -3.76116694461308E-6     9895.858239059286
3.6655134155776137E-6     -3.872065576435073E-6    8903.589354870617
4.452089550535114E-6      -4.5394654283137315E-6   3265.5659025950335
4.419482940335051E-6      -4.4184292116359296E-6   4102.366472116788
4.386876330134987E-6      -4.297392994958128E-6    4942.411615550873
4.354269719934924E-6      -4.176356778280326E-6    5784.472874151754
4.321663109734862E-6      -4.0553205616025245E-6   6649.890522983773
4.3521702191278555E-6     -4.527981560435766E-6    3416.96662214492
4.319563608927792E-6      -4.406945343757963E-6    4254.5338946744705
4.286956998727729E-6      -4.285909127080162E-6    5095.843783564433
4.254350388527666E-6      -4.16487291040236E-6     5948.8648930940635
4.2522508877205965E-6     -4.5164976925577995E-6   3568.5859658100317
4.219644277520534E-6      -4.395461475879997E-6    4406.923164971063
4.187037667320471E-6      -4.274425259202196E-6    5247.70615568049
4.152331556313338E-6      -4.505013824679833E-6    3720.423933590372
4.119724946113276E-6      -4.383977608002031E-6    4546.414310743045
3.986677454521439E-6      -4.3914168070929065E-6   4665.724279318876
4.053990175728634E-6      -4.281864458293071E-6    5362.347666888108
4.1213028969358284E-6     -4.172312109493235E-6    6076.144482042893
4.188615618143025E-6      -4.0627597606934E-6      6789.966610155975
3.920942684136797E-6      -4.289303657383946E-6    5479.291224709961
3.988255405343991E-6      -4.179751308584111E-6    6193.572485870927
4.055568126551188E-6      -4.070198959784275E-6    6908.545942615932
3.855207913752154E-6      -4.187190507674986E-6    6294.898829105567
3.92252063495935E-6       -4.0776381588751505E-6   7026.968795427972
3.7894731433675128E-6     -4.085077357966026E-6    7112.547092505695
4.423311673238251E-6      -4.6292755690753915E-6   2703.5335312708885
4.323392341830993E-6      -4.617791701197425E-6    2854.6017382412047
4.223473010423735E-6      -4.606307833319459E-6    3005.885345703058
4.394533795941388E-6      -4.7190857098370515E-6   2140.0893887827806
4.29461446453413E-6       -4.707601841959085E-6    2290.3270407254477
4.365755918644526E-6      -4.8088958505987115E-6   1576.4619338762438
-4.4244946089200545E-6    -4.7101521444097234E-7   -49217.04468022038
-4.311838648782647E-6     -4.817465959264607E-7    -47979.299523038775
-4.199182688645239E-6     -4.924779774119491E-7    -46742.23699232124
-4.08652672850783E-6      -5.032093588974375E-7    -45505.85708806778
-4.382790362262493E-6     -3.789584478498755E-7    -50862.827503154214
-4.270134402125085E-6     -3.8968982933536385E-7   -49633.2857730707
-4.157478441987677E-6     -4.0042121082085225E-7   -48404.45619425109
-4.341086115604932E-6     -2.869016812587787E-7    -52521.48464348943
-4.228430155467524E-6     -2.976330627442671E-7    -51288.54723565376
-4.2993818689473705E-6    -1.9484491466768193E-7   -54185.994952245615
-3.6525224193938863E-6    -2.1067270302021304E-7   -45940.250072009585
-3.71634284990427E-6      -3.134608510967982E-7    -44810.487406233005
-3.7801632804146544E-6    -4.1624899917338336E-7   -43684.305805943804
-3.843983710925039E-6     -5.190371472499685E-7    -42570.149661339216
-3.586455792458886E-6     -3.185572579638409E-7    -43062.546702221895
-3.6502762229692708E-6    -4.213454060404261E-7    -41941.18687324607
-3.7140966534796546E-6    -5.241335541170112E-7    -40826.323609039646
-3.5203891655238863E-6    -4.2644181290746876E-7   -40198.53727990697
-3.5842095960342705E-6    -5.29229960984054E-7     -39082.9484667479
-3.454322538588887E-6     -5.343263678510966E-7    -37340.024234463985
1.0139030729791738E-6     -2.1950552051110324E-7   50527.19608822647
9.49146689408441E-7       -3.297365684200327E-7    47433.817723415974
8.843903058377084E-7      -4.3996761632896216E-7   44355.75475826198
8.196339222669759E-7      -5.501986642378916E-7    41291.47494528793
1.08175318214326E-6       -3.28779993113277E-7     49192.889610067854
1.0169967985725273E-6     -4.390110410222065E-7    46110.44991225264
9.522404150017948E-7      -5.492420889311359E-7    43042.9142265643
1.1496032913073463E-6     -4.380544657154507E-7    47865.219874699054
1.0848469077366137E-6     -5.482855136243801E-7    44794.425153733755
1.2174534004714326E-6     -5.473289383176245E-7    46546.00772679626
-2.9911325650241653E-6    -2.1834121320822525E-7   -34825.981951917216
-3.0576027341789596E-6    -3.2622576815185313E-7   -34338.78938291062
-3.124072903333754E-6     -4.3411032309548096E-7   -33852.10420007528
-3.190543072488548E-6     -5.419948780391089E-7    -33369.930347057416
-2.923710325524005E-6     -3.287978714728226E-7    -32132.629406861543
-2.9901804946787994E-6    -4.366824264164505E-7    -31652.027102919976
-3.0566506638335932E-6    -5.445669813600784E-7    -31173.54104089042
-2.8562880860238447E-6    -4.3925452973742E-7      -29452.239764312588
-2.922758255178639E-6     -5.471390846810479E-7    -28977.429861129756
-2.7888658465236846E-6    -5.497111880020174E-7    -26781.596807775466
-2.3348281067024395E-6    -2.2102614783884363E-7   -21562.281583332442
-2.3971360485358824E-6    -3.31482806103441E-7     -21725.965249531684
-2.4594439903693257E-6    -4.4193946436803837E-7   -21887.071407793283
-2.5217519322027694E-6    -5.523961226326358E-7    -22045.74023130904
-2.2639145428699215E-6    -3.315956374130899E-7    -19211.04770160168
-2.326222484703365E-6     -4.4205229567768727E-7   -19379.043707841483
-2.388530426536808E-6     -5.525089539422846E-7    -19544.52347762531
-2.193000979037404E-6     -4.4216512698733617E-7   -16871.030086517832
-2.2553089208708477E-6    -5.526217852519336E-7    -17043.320237172527
-2.122087415204887E-6     -5.527346165615824E-7    -14542.130509950726
3.4354874837960977E-7     -2.210497178185554E-7    38887.97943677669
2.8014285154992406E-7     -3.3186838772818135E-7   36094.65549310221
2.1673695472023834E-7     -4.426870576378073E-7    33315.63255453287
1.5333105789055269E-7     -5.535057275474333E-7    30550.289822662882
4.1356694446032513E-7     -3.312807657274849E-7    38341.80599189197
3.501610476306394E-7      -4.420994356371108E-7    35557.062240387146
2.8675515080095376E-7     -5.529181055467368E-7    32786.50038082966
4.835851405410405E-7      -4.4151181363641434E-7   37798.55219397985
4.201792437113548E-7      -5.523304835460402E-7    35022.768630513856
5.536033366217559E-7      -5.517428615453438E-7    37259.094571715454
-1.6728772077456367E-6    -2.2132366433986035E-7   -6614.497454060234
-1.7337186176617872E-6    -3.318931539141066E-7    -7510.32428102554
-1.7945600275779377E-6    -4.424626434883529E-7    -8400.160542108017
-1.8554014374940884E-6    -5.530321330625992E-7    -9284.150562101639
-1.6002541456169493E-6    -3.3207783910547444E-7   -4791.6662856273615
-1.6610955555330998E-6    -4.426473286797207E-7    -5688.775483708498
-1.7219369654492503E-6    -5.532168182539669E-7    -6579.971968105103
-1.5276310834882622E-6    -4.4283201387108847E-7   -2977.414738123607
-1.5884724934044127E-6    -5.534015034453348E-7    -3875.8166922065093
-1.455008021359575E-6     -5.535861886367026E-7    -1171.6847344058642
-3.283457174644535E-7     -2.2176582154064074E-7   24803.893523820545
-3.9112366862200873E-7    -3.327129731716555E-7    22503.392786461525
-4.5390161977956413E-7    -4.436601248026703E-7    20215.18168860971
-5.166795709371194E-7     -5.546072764336851E-7    17939.204352020133
-2.56977034642691E-7      -3.325844914502667E-7    25096.421448090245
-3.1975498580024636E-7    -4.4353164308128147E-7   22801.509126830453
-3.825329369578017E-7     -5.544787947122963E-7    20518.89059383682
-1.8560835182092856E-7    -4.434031613598926E-7    25387.85206919762
-2.483863029784839E-7     -5.543503129909073E-7    23098.5916817061
-1.1423966899916615E-7    -5.542218312695185E-7    25678.30761562797
-1.000959559277776E-6     -2.2170132639662887E-7   9263.437542176129
-1.063106399663543E-6     -3.3245550116224295E-7   7611.481995834125
-1.12525324004931E-6      -4.43209675927857E-7     5968.975229072697
-1.1874000804350773E-6    -5.53963850693471E-7     4335.877958612944
-9.28962930783883E-7      -3.3264847802764365E-7   10366.075281307385
-9.911097711696502E-7     -4.4340265279325774E-7   8716.34181185643
-1.053256611555417E-6     -5.541568275588718E-7    7076.008485579997
-8.569663022899902E-7     -4.4359562965865843E-7   11463.683182498593
-9.191131426757572E-7     -5.543498044242725E-7    9816.114853702831
-7.849696737960971E-7     -5.545427812896732E-7    12556.19706298145
1.0395121526736836E-6     -1.0947686876364143E-6   34964.55709028128
1.1016217007801973E-6     -9.850894227113053E-7    37473.30756279548
1.1637312488867108E-6     -8.754101577861961E-7    40081.36560894227
1.2258407969932244E-6     -7.65730892861087E-7     42701.74753585244
1.2879503450997379E-6     -6.560516279359779E-7    45334.45334352598
9.690152080453784E-7      -9.86045998018061E-7     35732.53134159373
1.0311247561518918E-6     -8.763667330929517E-7    38311.032160681454
1.0932343042584053E-6     -7.666874681678426E-7    41044.053487603764
1.155343852364919E-6      -6.570082032427335E-7    43789.65229120074
8.985182634170729E-7      -8.773233083997075E-7    36610.539708187716
9.606278115235864E-7      -7.676440434745983E-7    39299.31825488316
1.0227373596301E-6        -6.579647785494893E-7    42040.936120898456
8.280213187887677E-7      -7.686006187813541E-7    37492.694471801704
8.901308668952811E-7      -6.58921353856245E-7     40292.28843392643
7.575243741604622E-7      -6.598779291630007E-7    38378.99563243572
1.355480428616599E-6      -7.638126607232518E-7    43766.047434605905
1.2933708805100854E-6     -8.734919256483609E-7    41259.36996388831
1.2312613324035721E-6     -9.8317119057347E-7      38764.762778022705
1.1691517842970584E-6     -1.0928504554985792E-6   36279.686264858865
1.4230105121334604E-6     -8.715736935105257E-7    42407.961951402016
1.360900964026947E-6      -9.812529584356348E-7    39910.43888413514
1.2987914159204333E-6     -1.0909322233607438E-6   37424.29914337867
1.4905405956503216E-6     -9.793347262977997E-7    41056.213292606786
1.428431047543808E-6      -1.0890139912229087E-6   38569.00623054488
1.5580706791671831E-6     -1.0870957590850736E-6   39713.8075263575
1.3879879204563308E-6     -1.6217472338412676E-6   30173.82174175436
1.4479323985231764E-6     -1.514433292462462E-6    32184.279684045163
1.5078768765900215E-6     -1.407119351083656E-6    34275.03388540275
1.567821354656867E-6      -1.2998054097048503E-6   36375.13581032127
1.6277658327237124E-6     -1.1924914683260441E-6   38484.58545880069
1.3182927668998014E-6     -1.516351524600297E-6    31032.67919007079
1.378237244966647E-6      -1.4090375832214911E-6   33111.20627363063
1.438181723033492E-6      -1.301723641842685E-6    35303.48664510324
1.4981262011003376E-6     -1.1944097004638793E-6   37505.35575205791
1.2485976133432719E-6     -1.4109558153593262E-6   31995.936940802698
1.3085420914101174E-6     -1.3036418739805203E-6   34162.05368802573
1.3684865694769628E-6     -1.1963279326017144E-6   36361.31639242139
1.1789024597867424E-6     -1.3055601061183557E-6   32963.24793325308
1.238846937853588E-6      -1.1982461647395495E-6   35217.367147718345
1.1092073062302131E-6     -1.2001643968773849E-6   33934.61216742193
1.6957113995050215E-6     -1.2993480660622515E-6   36995.7201879206
1.635766921438176E-6      -1.4066620074410572E-6   34988.741128151734
1.5758224433713308E-6     -1.513975948819863E-6    32990.868780022574
1.5158779653044854E-6     -1.621289890198669E-6    31001.66899618092
1.7636569662863303E-6     -1.4062046637984582E-6   35677.55142905336
1.7037124882194852E-6     -1.5135186051772641E-6   33678.01709696075
1.6437680101526398E-6     -1.62083254655607E-6     31687.516036040506
1.8316025330676395E-6     -1.5130612615346653E-6   34365.17941437161
1.7716580550007944E-6     -1.620375202913471E-6    32373.376582691802
1.8995480998489488E-6     -1.6199178592708725E-6   33059.25063613479
2.0838830103362078E-6     -1.7424730340255845E-6   31961.89050410552
2.1403278759753124E-6     -1.8654855524228955E-6   30378.69430058771
2.1967727416144165E-6     -1.9884980708202062E-6   28802.951191249096
2.253217607253521E-6      -2.1115105892175174E-6   27234.661176089692
2.3096624728926257E-6     -2.234523107614828E-6    25728.284504490817
2.2246708770973594E-6     -1.7480937341108338E-6   32320.510142936655
2.281115742736464E-6      -1.8711062525081446E-6   30632.981150202595
2.337560608375568E-6      -1.9941187709054556E-6   28953.265933247378
2.394005474014673E-6      -2.1171312893027668E-6   27415.731595204827
2.3654587438585115E-6     -1.753714434196083E-6    32535.121175094213
2.421903609497616E-6      -1.8767269525933941E-6   30847.36237485348
2.4783484751367203E-6     -1.999739470990705E-6    29206.573166978575
2.506246610619663E-6      -1.7593351342813325E-6   32749.694893127526
2.5626914762587678E-6     -1.8823476526786435E-6   31005.27232902152
2.6470344773808153E-6     -1.764955834366582E-6    32811.82908133368
2.780414128193872E-6      -2.1970353268865978E-6   26763.721954469638
2.7470692154906076E-6     -2.089015453756594E-6    28226.129715816303
2.713724302787343E-6      -1.98099558062659E-6     29697.634176813488
2.6803793900840792E-6     -1.8729757074965857E-6   31175.39989341829
2.66272621436856E-6       -2.2064072720686553E-6   26533.432222313728
2.6293813016652957E-6     -2.0983873989386513E-6   28000.732185726694
2.5960363889620317E-6     -1.9903675258086474E-6   29471.654651391
2.5450383005432486E-6     -2.2157792172507128E-6   26303.192705519083
2.5116933878399842E-6     -2.107759344120709E-6    27775.38851323411
2.427350386717937E-6      -2.2251511624327703E-6   26073.0034040857
2.758224691328969E-6      -2.2947254816674372E-6   25516.683788630824
2.6405367775036575E-6     -2.3040974268494947E-6   25281.3608496178
2.522848863678346E-6      -2.3134693720315522E-6   25046.08448373026
2.4051609498530346E-6     -2.32284131721361E-6     24764.387838261715
2.7360352544640664E-6     -2.3924156364482767E-6   24270.94335268098
2.618347340638755E-6      -2.401787581630334E-6    24036.06140421002
2.5006594268134435E-6     -2.4111595268123917E-6   23778.121834588783
2.713845817599164E-6      -2.490105791229116E-6    23029.336090663
2.5961579037738528E-6     -2.4994777364111736E-6   22794.95414008391
2.6916563807342617E-6     -2.587795946009956E-6    21814.884754747116
1.697752590077655E-6      -2.052873727864993E-6    26156.458289561982
1.7636897010015447E-6     -1.966191085417649E-6    27579.444059649715
1.829626811925434E-6      -1.8795084429703051E-6   29058.260039796136
1.895563922849324E-6      -1.7928258005229613E-6   30542.145419937842
1.9615010337732136E-6     -1.7061431580756173E-6   32031.100200074907
1.6357996561533901E-6     -1.966648429060248E-6    26873.397415767216
1.7017367670772797E-6     -1.879965786612904E-6    28393.423612494815
1.7676738780011693E-6     -1.79328314416556E-6     29943.64032822737
1.833610988925059E-6      -1.706600501718216E-6    31499.131500193813
1.5738467222291253E-6     -1.880423130255503E-6    27688.660254563805
1.6397838331530149E-6     -1.7937404878081587E-6   29259.90082401656
1.7057209440769044E-6     -1.7070578453608149E-6   30814.144861605517
1.5118937883048605E-6     -1.7941978314507579E-6   28506.48167376165
1.57783089922875E-6       -1.7075151890034139E-6   30129.171236127833
1.4499408543805957E-6     -1.7079725326460126E-6   29326.861673360785
1.8201345666406491E-6     -2.0892036038149603E-6   26183.87855455569
1.9425165432036433E-6     -2.125533479764927E-6    26104.735625374444
2.0648985197666374E-6     -2.161863355714894E-6    26025.608633145228
2.1872804963296315E-6     -2.1981932316648612E-6   25946.497577868027
1.8860716775645387E-6     -2.002520961367616E-6    27572.25669910107
2.008453654127533E-6      -2.038850837317583E-6    27515.420803911373
2.130835630690527E-6      -2.07518071326755E-6     27458.640832167708
1.9520087884884282E-6     -1.9158383189202723E-6   28982.61319282937
2.0743907650514224E-6     -1.9521681948702393E-6   28924.69122495129
2.017945899412318E-6      -1.829155676472928E-6    30397.834030314378
2.3168834092203675E-6     -2.8529445599478576E-6   18591.590478305
2.4109376989152282E-6     -2.817578479080034E-6    19039.379433722384
2.504991988610089E-6      -2.7822123982122094E-6   19504.252302949797
2.599046278304949E-6      -2.7468463173443857E-6   19969.637383473466
2.69310056799981E-6       -2.7114802364765616E-6   20435.534675293384
2.3154392219548193E-6     -2.729260269481252E-6    20021.526991567334
2.40949351164968E-6       -2.693894188613428E-6    20449.98598001164
2.5035478013445403E-6     -2.6585281077456038E-6   20912.060827889116
2.597602091039401E-6      -2.6231620268777796E-6   21374.701336857666
2.3139950346892707E-6     -2.605575979014646E-6    21416.396449385767
2.408049324384131E-6      -2.570209898146822E-6    21866.593052648022
2.5021036140789917E-6     -2.5348438172789977E-6   22330.52026949534
2.312550847423722E-6      -2.48189168854804E-6     22817.257625556034
2.4066051371185828E-6     -2.4465256076802158E-6   23289.238054495865
2.311106660158174E-6      -2.3582073980814343E-6   24224.11052007819
3.1420055474528844E-6     -3.0181007809567697E-6   17068.31766946651
3.047348997076833E-6      -3.0891121260507516E-6   16398.41689694736
2.9526924467007813E-6     -3.160123471144733E-6    15729.620814460743
2.85803589632473E-6       -3.231134816238715E-6    15061.92942200666
2.7633793459486786E-6     -3.3021461613326965E-6   14393.837627229112
3.1811958450784143E-6     -3.1143771036136324E-6   16112.252797081494
3.0865392947023627E-6     -3.185388448707614E-6    15452.71152725826
2.991882744326311E-6      -3.256399793801596E-6    14794.14457850094
2.89722619395026E-6       -3.3274111388955777E-6   14149.047397933402
3.220386142703944E-6      -3.2106534262704947E-6   15163.818299613198
3.1257295923278926E-6     -3.2816647713644767E-6   14505.971951120431
3.031073041951841E-6      -3.3526761164584586E-6   13854.98511307163
3.2595764403294736E-6     -3.3069297489273575E-6   14218.188750990761
3.1649198899534224E-6     -3.377941094021339E-6    13561.290578932658
3.298766737955004E-6      -3.4032060715842206E-6   13267.96379551649
3.0521040994260314E-6     -2.9639057249059595E-6   17695.626835584528
2.962202651399178E-6      -2.9097106688551492E-6   18319.303157496965
2.872301203372325E-6      -2.8555156128043394E-6   18944.172061274665
2.782399755345472E-6      -2.8013205567535296E-6   19581.016090078367
2.9574475490499794E-6     -3.0349170699999414E-6   17015.808874962284
2.867546101023127E-6      -2.980722013949131E-6    17638.232590137064
2.777644652996274E-6      -2.926526957898321E-6    18265.136539211926
2.8627909986739283E-6     -3.105928415093923E-6    16337.225973339173
2.7728895506470753E-6     -3.051733359043113E-6    16954.23069692732
2.768134448297877E-6      -3.176939760187905E-6    15648.29856322458
2.6883454656506113E-6     -2.8366866376213533E-6   19122.4193773148
2.5942911759557506E-6     -2.872052718489177E-6    18653.498882891927
2.50023688626089E-6       -2.9074187993570015E-6   18185.037149970485
2.4061825965660297E-6     -2.9427848802248256E-6   17693.248786837416
2.683590363301413E-6      -2.9618930387661446E-6   17800.56522344964
2.5895360736065525E-6     -2.997259119633969E-6    17333.16501715396
2.495481783911692E-6      -3.0326252005017932E-6   16864.825578828677
2.6788352609522146E-6     -3.0870994399109367E-6   16483.725632408426
2.584780971257354E-6      -3.122465520778761E-6    16038.643350926108
2.6740801586030165E-6     -3.212305841055729E-6    15214.702103129739
3.363715281285369E-6      -3.5278965985293476E-6   12066.716797038753
3.294816976614153E-6      -3.6273221479115933E-6   11239.624742153206
3.225918671942937E-6      -3.72674769729384E-6     10413.917418028801
3.157020367271721E-6      -3.826173246676086E-6    9589.594824665546
3.088122062600505E-6      -3.925598796058332E-6    8802.549567288881
3.4219402386906256E-6     -3.63879523035134E-6     11053.07166378037
3.3530419340194104E-6     -3.738220779733586E-6    10254.319545877239
3.2841436293481943E-6     -3.837646329115833E-6    9456.756167771811
3.215245324676978E-6      -3.937071878498079E-6    8664.320405870913
3.480165196095883E-6      -3.749693862173333E-6    10081.450981835878
3.4112668914246673E-6     -3.849119411555579E-6    9284.650015846666
3.3423685867534516E-6     -3.9485449609378256E-6   8490.675599250106
3.5383901535011403E-6     -3.860592493995326E-6    9112.7039901272
3.4694918488299242E-6     -3.960018043377572E-6    8317.186661873318
3.5966151109063976E-6     -3.971491125817319E-6    8143.853593740563
3.2298684332837873E-6     -3.5026316209664664E-6   12404.620085100529
3.0960215852822063E-6     -3.477366643403585E-6    12703.718686278986
2.962174737280625E-6      -3.4521016658407047E-6   13003.163361652189
2.828327889279044E-6      -3.426836688277824E-6    13230.569297906135
3.1609701286125716E-6     -3.6020571703487125E-6   11550.257452106867
3.0271232806109902E-6     -3.5767921927858317E-6   11848.474260245697
2.8932764326094092E-6     -3.551527215222951E-6    12112.139111241522
3.0920718239413555E-6     -3.7014827197309587E-6   10697.475540837777
2.9582249759397746E-6     -3.6762177421680783E-6   10997.180832976057
3.02317351927014E-6       -3.8009082691132052E-6   9885.69446310975
3.6651224626739403E-6     -4.081971950207314E-6    7193.0434865600155
3.606506552365009E-6      -4.180979692157562E-6    6462.49399860964
3.5478906420560783E-6     -4.279987434107811E-6    5732.38137332611
3.4892747317471476E-6     -4.378995176058059E-6    5002.705610709427
3.730857233058582E-6      -4.184085099916274E-6    6365.373039661203
3.6722413227496508E-6     -4.283092841866522E-6    5651.176228767113
3.61362541244072E-6       -4.382100583816771E-6    4937.268583737019
3.5550095021317897E-6     -4.4811083257670195E-6   4224.179477844572
3.7965920034432236E-6     -4.286198249625234E-6    5565.5426626391245
3.737976093134293E-6      -4.385205991575483E-6    4852.420842982148
3.679360182825362E-6      -4.484213733525731E-6    4139.776787424625
3.862326773827865E-6      -4.388311399334195E-6    4767.62211305185
3.803710863518935E-6      -4.487319141284443E-6    4055.4229021348774
3.928061544212508E-6      -4.490424549043155E-6    3971.117821975333
3.537999200597467E-6      -4.070498867767567E-6    7393.77672178961
3.4108759385209934E-6     -4.05902578532782E-6     7568.731326859644
3.283752676444521E-6      -4.047552702888074E-6    7743.837544212045
3.1566294143680474E-6     -4.036079620448327E-6    7883.55426087999
3.4793832902885357E-6     -4.169506609717815E-6    6647.261504222142
3.352260028212063E-6      -4.158033527278069E-6    6821.528065494258
3.22513676613559E-6       -4.146560444838322E-6    6978.83444741614
3.420767379979605E-6      -4.268514351668064E-6    5901.330846124368
3.293644117903132E-6      -4.2570412692283175E-6   6076.066184759762
3.3621514696706745E-6     -4.3675220936183126E-6   5175.2494729108585
3.87821434804818E-6       -4.591718557682781E-6    3262.386369181737
3.7538636673546063E-6     -4.588613149924069E-6    3346.2430907168405
3.629512986661034E-6      -4.585507742165358E-6    3430.1484116877655
3.8283671518838505E-6     -4.693012566322407E-6    2553.9477260029685
3.704016471190278E-6      -4.689907158563695E-6    2637.014902486679
3.7785199557195223E-6     -4.794306574962033E-6    1845.3083235149657
-4.506597270616555E-6     -5.839178771107612E-7    -47754.44372131102
-4.599167156805063E-6     -6.347182533768063E-7    -47119.30495851628
-4.69173704299357E-6      -6.855186296428514E-7    -46517.30412346686
-4.7843069291820775E-6    -7.363190059088964E-7    -45915.869116132344
-4.476043972175648E-6     -7.075519212660384E-7    -45118.276666154605
-4.5686138583641546E-6    -7.583522975320835E-7    -44524.1296791736
-4.661183744552663E-6     -8.091526737981286E-7    -43925.55040098851
-4.4454906737347405E-6    -8.311859654213157E-7    -42495.41608042125
-4.538060559923248E-6     -8.819863416873607E-7    -41942.25724122746
-4.414937375293833E-6     -9.54820009576593E-7     -39885.86196411108
-4.393941310479147E-6     -5.946492585962496E-7    -46541.358238125074
-4.363388012038239E-6     -7.182833027515268E-7    -43871.960744499
-4.332834713597332E-6     -8.41917346906804E-7     -41215.87334832249
-4.302281415156425E-6     -9.655513910620812E-7    -38731.52488075283
-4.281285350341739E-6     -6.053806400817379E-7    -45296.35375657297
-4.2507320519008315E-6    -7.290146842370152E-7    -42631.29604342661
-4.220178753459925E-6     -8.526487283922923E-7    -40034.81546181813
-4.168629390204331E-6     -6.161120215672262E-7    -44052.00237668506
-4.138076091763424E-6     -7.397460657225035E-7    -41342.82278507907
-4.055973430066924E-6     -6.268434030527148E-7    -42655.54685053561
-3.3878073523393633E-6    -6.504350585364957E-7    -34420.55585926448
-3.517694409784747E-6     -6.45338651669453E-7     -36337.4362703023
-3.6475814672301306E-6    -6.402422448024103E-7    -38081.14515511751
-3.777468524675515E-6     -6.351458379353675E-7    -39825.28652058971
-3.9073555821209E-6       -6.300494310683249E-7    -41388.14339587113
-3.451179223535223E-6     -7.61447342354852E-7     -33543.418992905135
-3.581066280980607E-6     -7.563509354878093E-7    -35346.13247602519
-3.7109533384259916E-6    -7.512545286207666E-7    -37085.0602637548
-3.840840395871375E-6     -7.46158121753724E-7     -38767.29549826012
-3.5145510947310835E-6    -8.724596261732084E-7    -32668.840101376965
-3.644438152176467E-6     -8.673632193061656E-7    -34357.91528103172
-3.7743252096218517E-6    -8.622668124391229E-7    -36159.33100752955
-3.577922965926944E-6     -9.834719099915648E-7    -31796.819184679982
-3.707810023372328E-6     -9.78375503124522E-7     -33564.24992367945
-3.641294837122804E-6     -1.094484193809921E-6    -31063.07309119958
-3.989458243817399E-6     -7.429520937381137E-7    -40002.149577120836
-4.0715609055139E-6       -8.558547564079026E-7    -38802.02257545515
-4.153663567210401E-6     -9.687574190776913E-7    -37606.04542002635
-4.235766228906902E-6     -1.0816600817474804E-6   -36420.646656678786
-3.922943057567876E-6     -8.590607844235128E-7    -37514.195091280795
-4.005045719264376E-6     -9.719634470933018E-7    -36322.369564419605
-4.0871483809608775E-6    -1.0848661097630905E-6   -35137.85079213805
-3.856427871318352E-6     -9.751694751089118E-7    -35038.926145089776
-3.938530533014853E-6     -1.0880721377787007E-6   -33855.27921798965
-3.7899126850688287E-6    -1.091278165794311E-6    -32572.931934233588
-2.71735443201519E-6      -6.644560871951852E-7    -24079.65415473107
-2.851246840670145E-6     -6.618839838742157E-7    -26408.293121690025
-2.985139249325099E-6     -6.593118805532462E-7    -28600.731573653124
-3.1190316579800536E-6    -6.567397772322767E-7    -30793.436519880954
-3.2529240666350084E-6    -6.541676739113073E-7    -32812.756917658146
-2.7797354261616505E-6    -7.766288830673837E-7    -23808.638275985966
-2.913627834816605E-6     -7.740567797464141E-7    -26038.368893853447
-3.0475202434715596E-6    -7.714846764254446E-7    -28224.99439223666
-3.181412652126514E-6     -7.689125731044751E-7    -30342.628146388284
-2.842116420308111E-6     -8.88801678939582E-7     -23537.297287957972
-2.9760088289630653E-6    -8.862295756186124E-7    -25668.607907770773
-3.10990123761802E-6      -8.83657472297643E-7     -27884.47239485625
-2.9044974144545713E-6    -1.0009744748117805E-6   -23265.63119064708
-3.038389823109526E-6     -9.98402371490811E-7     -25438.289663062053
-2.9668784086010317E-6    -1.1131472706839788E-6   -23078.84859140845
-3.5064115514184496E-6    -1.0982168091847326E-6   -29604.286293542445
-3.371528265714095E-6     -1.1019494245595442E-6   -28012.612879234533
-3.2366449800097406E-6    -1.1056820399343557E-6   -26421.244922653634
-3.101761694305386E-6     -1.1094146553091673E-6   -24830.182423799728
-3.443039680222589E-6     -9.872045253663763E-7    -30356.25455273901
-3.3081563945182346E-6    -9.909371407411877E-7    -28763.040865629315
-3.17327310881388E-6      -9.946697561159992E-7    -27170.14573561034
-3.3796678090267286E-6    -8.761922415480198E-7    -31115.175643094917
-3.2447845233223745E-6    -8.799248569228315E-7    -29517.1907115713
-3.316295937830868E-6     -7.651799577296635E-7    -31876.12608382949
3.81491360367818E-7       -1.1055364649020414E-6   27143.826361204487
4.425985742006858E-7      -9.946602198305626E-7    29493.22176552366
5.037057880335536E-7      -8.837839747590838E-7    31914.358124164704
5.648130018664213E-7      -7.72907729687605E-7     34347.39028528741
6.259202156992892E-7      -6.620314846161261E-7    36792.318248891796
3.091744812902847E-7      -9.95247841831259E-7     27275.89152305733
3.702816951231525E-7      -8.843715967597802E-7    29674.768725801623
4.3138890895602026E-7     -7.734953516883014E-7    32191.15154244026
4.924961227888881E-7      -6.626191066168226E-7    34719.55233396988
2.3685760221275144E-7     -8.849592187604767E-7    27487.82599356486
2.979648160456192E-7      -7.740829736889979E-7    29964.79226488831
3.59072029878487E-7       -6.632067286175191E-7    32487.96145819018
1.6454072313521816E-7     -7.746705956896944E-7    27700.866690820476
2.2564793696808594E-7     -6.637943506182155E-7    30256.42569770675
9.222384405768487E-8      -6.64381972618912E-7     27915.0136148242
6.964171603275946E-7      -7.707541742344796E-7    35853.89743702822
6.353099464947267E-7      -8.816304193059583E-7    33505.28646954207
5.74202732661859E-7       -9.92506664377437E-7     31168.44913212821
5.130955188289912E-7      -1.103382909448916E-6    28841.273695612406
7.669141049558998E-7      -8.794768638528329E-7    35077.96541051728
7.058068911230321E-7      -9.903531089243116E-7    32736.96701299634
6.446996772901643E-7      -1.1012293539957906E-6   30407.246579457915
8.374110495842052E-7      -9.881995534711863E-7    34305.64209320478
7.763038357513373E-7      -1.099075798542665E-6    31973.369963158115
9.079079942125106E-7      -1.0969222430895398E-6   33539.64384671299
-2.293335344492191E-6     -1.1045464027599393E-6   -13802.138949480448
-2.2324414575015383E-6    -9.942066117821978E-7    -13367.79132987549
-2.171547570510885E-6     -8.83866820804456E-7     -13002.451000736592
-2.110653683520232E-6     -7.735270298267145E-7    -12633.869004180555
-2.049759796529579E-6     -6.631872388489729E-7    -12262.045340207398
-2.3656629631674987E-6    -9.94093780472549E-7     -15846.637320881218
-2.3047690761768457E-6    -8.837539894948072E-7    -15452.184995234262
-2.2438751891861926E-6    -7.734141985170656E-7    -15151.649736695806
-2.1829813021955395E-6    -6.63074407539324E-7     -14848.265498891218
-2.4379905818428065E-6    -8.836411581851582E-7    -17953.618822189783
-2.3770966948521534E-6    -7.733013672074166E-7    -17640.260487512445
-2.3162028078615008E-6    -6.629615762296751E-7    -17343.205754162736
-2.5103182005181143E-6    -7.731885358977678E-7    -20070.46336715517
-2.449424313527461E-6     -6.628487449200263E-7    -19838.158957267973
-2.582645819193422E-6     -6.627359136103773E-7    -22197.17095577739
-2.645026813339883E-6     -7.749087094825757E-7    -21888.737957231886
-2.7074078074863423E-6    -8.87081505354774E-7     -21715.445650796275
-2.7697888016328027E-6    -9.992543012269725E-7    -21541.33988404097
-2.832169795779264E-6     -1.111427097099171E-6    -21364.363245335375
-2.5726991946645746E-6    -8.853613317699661E-7    -19844.191878829544
-2.635080188811035E-6     -9.975341276421647E-7    -19675.52774919183
-2.6974611829574954E-6    -1.109706923514363E-6    -19505.17487109406
-2.5003715759892664E-6    -9.958139540573567E-7    -17809.54891026343
-2.5627525701357272E-6    -1.107986749929555E-6    -17645.82618916223
-2.428043957313959E-6     -1.1062665763447473E-6   -15786.317199539917
-1.6245867384306413E-6    -1.1039920399125308E-6   -3442.020520488614
-1.5639781006074606E-6    -9.939478066956386E-7    -2413.407419223664
-1.5033694627842795E-6    -8.839035734787466E-7    -1421.3527377256996
-1.4427608249610988E-6    -7.738593402618545E-7    -423.29550636707427
-1.382152187137918E-6     -6.638151070449624E-7    580.7642748522339
-1.6974425726522983E-6    -9.93763121504271E-7     -5094.480051439204
-1.6368339348291174E-6    -8.837188882873788E-7    -4086.2066602088194
-1.5762252970059364E-6    -7.736746550704867E-7    -3120.397040841164
-1.5156166591827555E-6    -6.636304218535946E-7    -2148.8703731924707
-1.7702984068739552E-6    -8.835342030960109E-7    -6774.416366326002
-1.709689769050774E-6     -7.734899698791188E-7    -5811.305721716823
-1.6490811312275934E-6    -6.634457366622268E-7    -4846.424923545137
-1.8431542410956121E-6    -7.733052846877511E-7    -8462.127364763042
-1.782545603272431E-6     -6.63261051470859E-7     -7544.001797279085
-1.916010075317269E-6     -6.630763662794912E-7    -10157.613046750332
-1.976903962307922E-6     -7.734161572572328E-7    -10513.357864446662
-2.0377978492985752E-6    -8.837559482349743E-7    -10949.456274218908
-2.098691736289228E-6     -9.940957392127159E-7    -11381.92032842305
-2.1595856232798814E-6    -1.1044355301904576E-6   -11810.658997037177
-1.9040481280862648E-6    -8.836450756654926E-7    -8863.9155929781
-1.9649420150769183E-6    -9.939848666432344E-7    -9302.178826835749
-2.025835902067571E-6     -1.1043246576209759E-6   -9736.763058640585
-1.831192293864608E-6     -9.938739940737525E-7    -7222.425674555725
-1.8920861808552611E-6    -1.1042137850514942E-6   -7662.855924062582
-1.7583364596429513E-6    -1.1041029124820125E-6   -5588.937593303179
-2.853156741026121E-7     -1.1086964074483801E-6   17737.920576022578
-2.242711462860594E-7     -9.9777579586833E-7      19767.48629072138
-1.632266184695066E-7     -8.868551842882799E-7    21835.48501201329
-1.0218209065295389E-7    -7.759345727082299E-7    23914.048563309007
-4.1137562836401116E-8    -6.650139611281797E-7    26003.176944608538
-3.5841778026537717E-7    -9.97904277589719E-7     17211.25669527721
-2.973732524488244E-7     -8.869836660096688E-7    19268.608140410877
-2.3632872463227158E-7    -7.760630544296186E-7    21394.66931520703
-1.7528419681571887E-7    -6.651424428495685E-7    23531.276549774484
-4.315198864281421E-7     -8.871121477310576E-7    16731.30835749112
-3.7047535861158936E-7    -7.761915361510074E-7    18827.155609506524
-3.0943083079503664E-7    -6.652709245709574E-7    20957.63237455521
-5.046219925909072E-7     -7.763200178723965E-7    16249.235276658308
-4.435774647743544E-7     -6.653994062923462E-7    18384.002387294597
-5.777240987536722E-7     -6.655278880137351E-7    15765.0374527788
3.117931624113214E-8      -7.753025841989622E-7    25764.544173903152
-2.9865211575420604E-8    -8.862231957790122E-7    23734.589770913833
-9.090973939197334E-8     -9.971438073590623E-7    21715.218968160756
-1.5195426720852612E-7    -1.1080644189391123E-6   19706.081594933723
1.0349619531866542E-7     -8.855912072697444E-7    25628.27193130618
4.245166750211267E-8      -9.965118188497945E-7    23603.882183840295
-1.8592860314440052E-8    -1.1074324304298445E-6   21590.03710357698
1.7581307439619867E-7     -9.958798303405267E-7    25492.602248473584
1.1476854657964594E-7     -1.106800441920577E-6    23474.04707389963
2.48129953473732E-7       -1.1061684534113092E-6   25358.111505901656
-9.554173833898235E-7     -1.1070152858638146E-6   7309.186844026374
-8.944991476951462E-7     -9.965593803220664E-7    8885.793760366447
-8.33580912000469E-7      -8.861034747803183E-7    10463.331104133762
-7.726626763057918E-7     -7.756475692385702E-7    12049.394435012195
-7.117444406111143E-7     -6.65191663696822E-7     13643.983753001732
-1.0286426165748063E-6    -9.963664034566658E-7    6169.988105306076
-9.67724380880129E-7      -8.859104979149176E-7    7750.100008125726
-9.068061451854516E-7     -7.754545923731693E-7    9343.744147425183
-8.458879094907744E-7     -6.649986868314213E-7    10945.755104787673
-1.1018678497597891E-6    -8.857175210495169E-7    5040.856283977984
-1.0409496140651117E-6    -7.752616155077687E-7    6616.879696911008
-9.800313783704344E-7     -6.648057099660206E-7    8212.28539815749
-1.1750930829447717E-6    -7.750686386423681E-7    3906.547340036408
-1.1141748472500943E-6    -6.646127331006198E-7    5478.792585980418
-1.2483183161297546E-6    -6.644197562352192E-7    2767.061273481364
-6.386423344483495E-7     -7.759837935554833E-7    14133.526005716874
-6.995605701430267E-7     -8.864396990972314E-7    12556.048850028004
-7.60478805837704E-7      -9.968956046389795E-7    10987.256850498274
-8.213970415323812E-7     -1.1073515101807279E-6   9427.178773920787
-5.655402282855843E-7     -8.867759234141445E-7    14655.737416515527
-6.264584639802617E-7     -9.972318289558928E-7    13081.345527638332
-6.87376699674939E-7      -1.1076877344976407E-6   11515.60140690656
-4.924381221228193E-7     -9.975680532728056E-7    15175.400032528345
-5.533563578174966E-7     -1.108023958814554E-6    13603.99127078971
-4.193360159600544E-7     -1.108360183131467E-6    15692.34836557023
-1.3089269539529353E-6    -7.744639894521113E-7    1753.0433733662503
-1.369535591776116E-6     -8.845082226690034E-7    723.528919466502
-1.4301442295992967E-6    -9.945524558858954E-7    -299.697482992975
-1.4907528674224778E-6    -1.1045966891027876E-6   -1316.867113649414
-1.2357017207679524E-6    -8.851128718592601E-7    2887.732605295976
-1.2963103585911334E-6    -9.951571050761522E-7    1858.6507228093396
-1.356918996414314E-6     -1.1052013382930442E-6   835.6951544364565
-1.1624764875829698E-6    -9.95761754266409E-7     4016.934391714618
-1.2230851254061505E-6    -1.105805987483301E-6    2988.1954708785224
-1.089251254397987E-6     -1.106410636673558E-6    5140.633835676779
9.815195328981236E-7      -1.207102787477954E-6    32833.618934839295
8.499153744369504E-7      -1.2092563429310792E-6   31403.79264788863
7.183112159757772E-7      -1.2114098983842047E-6   29839.76226372174
5.867070575146041E-7      -1.21356345383733E-6     28275.87567992384
4.551028990534311E-7      -1.2157170092904555E-6   26611.062167310658
9.235269131225634E-7      -1.3194368873194933E-6   30777.240772449964
7.919227546613902E-7      -1.3215904427726186E-6   29275.20837325059
6.603185962002172E-7      -1.3237439982257443E-6   27715.024152584836
5.287144377390441E-7      -1.3258975536788696E-6   26118.868275634108
8.655342933470034E-7      -1.4317709871610327E-6   28730.699816670567
7.339301348858301E-7      -1.4339245426141582E-6   27156.607384421106
6.023259764246571E-7      -1.4360780980672837E-6   25628.685799636536
8.075416735714432E-7      -1.5441050870025723E-6   26693.996067501223
6.759375151102702E-7      -1.5462586424556978E-6   25140.514739317932
7.495490537958832E-7      -1.6564391868441117E-6   24718.524048291398
1.0512146864546529E-6     -1.3124984967189245E-6   31812.185624466405
9.932220666790929E-7      -1.424832596560464E-6    29838.346059449206
9.352294469035328E-7      -1.5371666964020035E-6   27874.19762184336
8.772368271279728E-7      -1.6495007962435431E-6   25913.79708061973
1.1209098400111824E-6     -1.417894205959895E-6    30928.740649818144
1.0629172202356223E-6     -1.5302283058014347E-6   28961.387406423233
1.0049246004600623E-6     -1.6425624056429743E-6   27002.030977510643
1.1906049935677119E-6     -1.5232899152008659E-6   30048.936113309246
1.1326123737921518E-6     -1.6356240150424055E-6   28090.608057313242
1.2603001471242413E-6     -1.6286856244418366E-6   29179.52832002752
1.3359832909754945E-6     -1.74162173264725E-6     28330.967951201288
1.208295517643405E-6      -1.748560123247819E-6    27335.899803045744
1.0806077443113153E-6     -1.7554985138483875E-6   26245.84513843425
9.529199709792258E-7      -1.7624369044489564E-6   25156.11791733992
8.252321976471365E-7      -1.7693752950495254E-6   23982.405811568446
1.2839786614946582E-6     -1.8614962314532324E-6   26538.44928413175
1.1562908881625687E-6     -1.868434622053801E-6    25494.306147953484
1.0286031148304792E-6     -1.87537301265437E-6     24407.33452075592
9.009153414983897E-7      -1.8823114032549388E-6   23291.501823382016
1.231974032013822E-6      -1.9813707302592146E-6   24754.599079884094
1.1042862586817324E-6     -1.9883091208597835E-6   23661.503659838498
9.76598485349643E-7       -1.9952475114603523E-6   22603.17850926293
1.1799694025329856E-6     -2.101245229065197E-6    22979.41733845835
1.0522816292008961E-6     -2.1081836196657657E-6   21917.435869211185
1.1279647730521493E-6     -2.221119727871179E-6    21290.01598509064
1.5837950266725538E-6     -2.08652292786623E-6     25166.434308026764
1.5218420927482888E-6     -2.000297629061485E-6    25931.549586211768
1.459889158824024E-6      -1.91407233025674E-6     26697.26042767092
1.3979362248997592E-6     -1.827847031451995E-6    27465.29522934305
1.4698374632674527E-6     -2.1201721278674675E-6   24200.58660841932
1.4078845293431879E-6     -2.0339468290627224E-6   24966.27759940138
1.345931595418923E-6      -1.9477215302579774E-6   25729.623494391846
1.3558798998623516E-6     -2.1538213278687047E-6   23236.15287243348
1.2939269659380868E-6     -2.0675960290639597E-6   24002.497518107102
1.2419223364572505E-6     -2.187470527869942E-6    22273.133100069237
1.69717272449241E-6       -2.181863862331322E-6    24709.990739360503
1.696592858907165E-6      -2.31085399679765E-6     23207.750929970738
1.6960129933219203E-6     -2.4398441312639787E-6   21712.447990825316
1.6954331277366752E-6     -2.568834265730307E-6    20224.081921924302
1.6948532621514304E-6     -2.697824400196636E-6    18800.08526726403
1.819554701055404E-6      -2.2181937382812888E-6   24648.37309608794
1.8189748354701591E-6     -2.3471838727476172E-6   23102.801647170814
1.8183949698849143E-6     -2.476174007213946E-6    21564.278213230482
1.8178151042996694E-6     -2.6051641416802745E-6   20102.39641358616
1.941936677618398E-6      -2.2545236142312553E-6   24546.786897346366
1.9413568120331535E-6     -2.383513748697584E-6    23002.165285548832
1.9407769464479086E-6     -2.512503883163913E-6    21492.14637866784
2.064318654181392E-6      -2.2908534901812227E-6   24445.176649062796
2.0637387885961476E-6     -2.419843624647551E-6    22886.737898266485
2.1867006307443867E-6     -2.3271833661311897E-6   24286.170972382097
2.1924773798065803E-6     -2.8219205279976134E-6   18709.582162190934
2.1910331925410317E-6     -2.6982362375310074E-6   20083.982951430455
2.189589005275483E-6      -2.5745519470644013E-6   21459.64299130373
2.188144818009935E-6      -2.4508676565977953E-6   22841.24853866922
2.0680713503927927E-6     -2.790896496047369E-6    18753.920807813734
2.066627163127244E-6      -2.667212205580763E-6    20113.353679103453
2.065182975861696E-6      -2.543527915114157E-6    21489.68954687968
1.943665320979005E-6      -2.7598724640971247E-6   18798.199148293497
1.942221133713457E-6      -2.6361881736305187E-6   20142.689372928406
1.8192592915652178E-6     -2.72884843214688E-6     18842.417183630216
1.5832151610873087E-6     -2.2155130623325586E-6   23703.37289303807
1.4692575976822076E-6     -2.249162262333796E-6    22738.03557436975
1.3553000342771065E-6     -2.282811462335033E-6    21774.0342774285
1.2413424708720056E-6     -2.316460662336271E-6    20802.817344131377
1.5826352955020639E-6     -2.344503196798887E-6    22248.865600500118
1.4686777320969627E-6     -2.3781523968001243E-6   21286.979322036652
1.3547201686918618E-6     -2.4118015968013616E-6   20319.315095638372
1.582055429916819E-6      -2.473493331265216E-6    20801.18403347406
1.468097866511718E-6      -2.507142531266453E-6    19836.814425647914
1.5814755643315741E-6     -2.6024834657315448E-6   19355.315334160026
2.2601771778600473E-6     -2.9527305561215357E-6   17492.015162334654
2.203470946499727E-6      -3.052516552295213E-6    16426.153076730465
2.1467647151394067E-6     -3.152302548468891E-6    15363.601920443052
2.090058483779086E-6      -3.2520885446425686E-6   14304.361693472449
2.0333522524187658E-6     -3.3518745408162463E-6   13296.725002808962
2.3494763652057094E-6     -3.0425708763985033E-6   16645.722038952605
2.2927701338453887E-6     -3.142356872572181E-6    15625.109172043058
2.2360639024850684E-6     -3.2421428687458586E-6   14607.624794395704
2.1793576711247486E-6     -3.3419288649195367E-6   13588.929338638947
2.4387755525513715E-6     -3.132411196675471E-6    15842.232599388142
2.3820693211910513E-6     -3.232197192849149E-6    14824.166102740823
2.325363089830731E-6      -3.331983189022826E-6    13808.183303024563
2.5280747398970337E-6     -3.222251516952439E-6    15040.792371965004
2.4713685085367134E-6     -3.3220375131261166E-6   14027.516978319978
2.6173739272426962E-6     -3.312091837229407E-6    14246.93036452518
2.1357711484462596E-6     -2.921706524171291E-6    17592.432172193992
2.011365119032472E-6      -2.8906824922210465E-6   17652.00913393905
1.8869590896186848E-6     -2.859658460270802E-6    17711.500519246063
1.7625530602048975E-6     -2.828634428320558E-6    17647.90341916926
2.0790649170859394E-6     -3.0214925203449687E-6   16483.461808426895
1.954658887672152E-6      -2.9904684883947246E-6   16542.63334044145
1.8302528582583645E-6     -2.95944445644448E-6     16541.18982774193
2.022358685725619E-6      -3.1212785165186464E-6   15377.984814031155
1.8979526563118317E-6     -3.090254484568402E-6    15438.381147313681
1.965652454365299E-6      -3.2210645126923245E-6   14339.47737788452
2.407374288553651E-6      -3.899423100312964E-6    8929.63397736101
2.543523843363022E-6      -3.904658239462038E-6    8949.835308002841
2.6796733981723926E-6     -3.909893378611111E-6    8925.048201024727
2.8158229529817633E-6     -3.915128517760185E-6    8900.274299806866
2.9519725077911345E-6     -3.920363656909259E-6    8875.513604349264
2.4785753000326566E-6     -3.7799677125169107E-6   9982.033848381758
2.6147248548420273E-6     -3.7852028516659844E-6   9996.132624752934
2.750874409651398E-6      -3.7904379908150576E-6   9972.446247462747
2.8870239644607687E-6     -3.7956731299641316E-6   9948.773564187179
2.549776311511662E-6      -3.6605123247208574E-6   11071.65174567305
2.6859258663210327E-6     -3.66574746386993E-6     11047.34554219896
2.8220754211304034E-6     -3.6709826030190046E-6   11023.44147909974
2.6209773229906674E-6     -3.5410569369248036E-6   12164.319804931094
2.757126877800038E-6      -3.5462920760738772E-6   12101.362828812018
2.692178334469673E-6      -3.42160154912875E-6     13260.038026155911
2.332569881326674E-6      -3.7899133884136204E-6   9769.263205030627
2.4037708928056796E-6     -3.6704580006175674E-6   10851.021195805431
2.474971904284685E-6      -3.551002612821513E-6    11981.53796655953
2.5461729157636904E-6     -3.43154722502546E-6     13115.350692080094
2.257765474099697E-6      -3.680403676514277E-6    10642.761545833067
2.3289664855787026E-6     -3.5609482887182233E-6   11760.009055932238
2.400167497057708E-6      -3.44149290092217E-6     12893.237406112907
2.18296106687272E-6       -3.5708939646149333E-6   11518.225728600324
2.2541620783517256E-6     -3.4514385768188795E-6   12671.198581086197
2.1081566596457428E-6     -3.46138425271559E-6     12395.655753332405
3.0246912422250095E-6     -4.032996104705037E-6    7927.578324277861
2.9612604218495137E-6     -4.140393413351741E-6    7064.455807694501
2.897829601474018E-6      -4.247790721998446E-6    6202.480068738236
2.8343987810985223E-6     -4.3551880306451505E-6   5341.651107409063
3.093198593992552E-6      -4.143476929095032E-6    7004.509821531888
3.029767773617056E-6      -4.250874237741736E-6    6161.971114689367
2.9663369532415607E-6     -4.358271546388441E-6    5320.397027385595
2.9029061328660645E-6     -4.465668855035146E-6    4480.347057274078
3.161705945760094E-6      -4.253957753485027E-6    6119.585916872046
3.0982751253845986E-6     -4.3613550621317315E-6   5278.413797499297
3.0348443050091025E-6     -4.468752370778436E-6    4438.397727132646
3.230213297527636E-6      -4.364438577875022E-6    5236.452854479237
3.1667824771521404E-6     -4.471835886521727E-6    4396.470605809043
3.298720649295179E-6      -4.474919402265017E-6    4354.565693303273
2.6982492262891515E-6     -4.349952891496077E-6    5367.651139967646
2.7616800466646473E-6     -4.242555582849372E-6    6226.160394813929
2.8251108670401426E-6     -4.135158274202667E-6    7107.33403570192
2.8885416874156387E-6     -4.027760965555963E-6    7989.836612305337
2.6255304918552765E-6     -4.237320443700299E-6    6252.980129859498
2.688961312230772E-6      -4.129923135053593E-6    7133.088447667203
2.752392132606268E-6      -4.0225258264068895E-6   8015.753862019628
2.552811757421401E-6      -4.1246879959045205E-6   7139.778547721818
2.616242577796897E-6      -4.017290687257816E-6    8041.6838292398
2.480093022987526E-6      -4.012055548108742E-6    8028.046393554609
3.1243158378299026E-6     -4.788117651460032E-6    1984.7292288589247
3.1824507749849947E-6     -4.683718235061693E-6    2774.32245141239
3.2405857121400867E-6     -4.579318818663355E-6    3564.08629254377
3.0505126028419563E-6     -4.680634719318402E-6    2815.8412614791646
3.1086475399970484E-6     -4.576235302920064E-6    3605.9822659715355
2.9767093678540104E-6     -4.573151787176774E-6    3647.9003701687125
-3.90791950583451E-6      -1.5897441734228222E-6   -26744.647849845373
-3.854594572092169E-6     -1.490692177500242E-6    -27498.105325031283
-3.8012696383498277E-6    -1.3916401815776615E-6   -28372.616998815058
-3.7479447046074866E-6    -1.2925881856550817E-6   -29249.58697945637
-3.694619770865145E-6     -1.1935361897325014E-6   -30129.015266955248
-4.003212420038193E-6     -1.487486149484632E-6    -28740.599024210514
-3.949887486295852E-6     -1.3884341535620515E-6   -29657.72101209542
-3.89656255255351E-6      -1.2893821576394714E-6   -30625.48824916778
-3.843237618811169E-6     -1.190330161716891E-6    -31596.088288442414
-4.098505334241876E-6     -1.3852281255464412E-6   -30882.432841004276
-4.045180400499535E-6     -1.286176129623861E-6    -31904.35386929387
-3.991855466757194E-6     -1.1871241337012808E-6   -32878.338705018934
-4.19379824844556E-6      -1.282970101608251E-6    -33033.75265364874
-4.140473314703218E-6     -1.1839181056856708E-6   -34160.80526610311
-4.289091162649243E-6     -1.1807120776700605E-6   -35194.55846214396
-4.761257675606703E-6     -1.4378448407038605E-6   -33495.180502442934
-4.645638535842821E-6     -1.5171417278042073E-6   -31903.095143187238
-4.53001939607894E-6      -1.596438614904554E-6    -30316.91438453894
-4.4144002563150595E-6    -1.6757355020049013E-6   -28819.490884546678
-4.638134490977288E-6     -1.3678213657359494E-6   -34129.732962941256
-4.522515351213407E-6     -1.4471182528362964E-6   -32534.7015074066
-4.406896211449526E-6     -1.5264151399366432E-6   -30929.478351749112
-4.515011306347873E-6     -1.2977978907680385E-6   -34764.88423001895
-4.399392166583992E-6     -1.3770947778683857E-6   -33051.48396112531
-4.39188812171846E-6      -1.227774415800128E-6    -35185.507712675295
-4.0107164649037266E-6    -1.6368065115528897E-6   -26827.08970824181
-4.10600937910741E-6      -1.5345484876146991E-6   -28817.710232666403
-4.201302293311093E-6     -1.4322904636765085E-6   -30859.447076911805
-4.2965952075147755E-6    -1.3300324397383182E-6   -32910.337373247836
-4.113513423972943E-6     -1.6838688496829568E-6   -26826.317987614297
-4.208806338176626E-6     -1.5816108257447664E-6   -28846.465165056594
-4.30409925238031E-6      -1.479352801806576E-6    -30886.686478505624
-4.216310383042159E-6     -1.7309311878130241E-6   -26824.94339008417
-4.311603297245843E-6     -1.6286731638748335E-6   -28874.676268366216
-4.319107342111376E-6     -1.7779935259430914E-6   -26822.965915651424
-3.0315588832677115E-6    -1.236957046531141E-6    -22450.358792287785
-3.1664421689720655E-6    -1.2332244311563294E-6   -24164.455222668003
-3.30132545467642E-6      -1.2294918157815178E-6   -25753.902041730697
-3.4362087403807745E-6    -1.2257592004067063E-6   -27343.64121915667
-3.5710920260851294E-6    -1.2220265850318947E-6   -28785.21136901011
-3.0962393579343913E-6    -1.360766822378303E-6    -21892.7439842987
-3.2311226436387454E-6    -1.3570342070034915E-6   -23505.1374456986
-3.3660059293431003E-6    -1.35330159162868E-6     -25089.71141463052
-3.5008892150474543E-6    -1.3495689762538683E-6   -26610.91159734871
-3.1609198326010707E-6    -1.484576598225465E-6    -21336.230087366373
-3.295803118305425E-6     -1.4808439828506533E-6   -22847.420360744658
-3.4306864040097797E-6    -1.477111367475842E-6    -24448.154774930634
-3.2256003072677505E-6    -1.6083863740726272E-6   -20780.817101490775
-3.360483592972105E-6     -1.6046537586978156E-6   -22296.940901755886
-3.2902807819344304E-6    -1.7321961499197893E-6   -20277.14485707087
-3.784391761054494E-6     -1.6182345687222157E-6   -25504.785387272197
-3.6608640162744784E-6    -1.6467249640216088E-6   -24208.17881936545
-3.5373362714944622E-6    -1.6752153593210024E-6   -22913.446439781306
-3.413808526714446E-6     -1.703705754620396E-6    -21620.58824851978
-3.7310668273121526E-6    -1.5191825727996352E-6   -26279.18588525967
-3.6075390825321365E-6    -1.5476729680990287E-6   -24985.02550851975
-3.4840113377521203E-6    -1.576163363398422E-6    -23692.822825335043
-3.6777418935698115E-6    -1.4201305768770549E-6   -27062.956773018395
-3.554214148789796E-6     -1.4486209721764487E-6   -25765.093574889317
-3.6244169598274705E-6    -1.321078580954475E-6    -27848.811472289926
-2.596784564608796E-6     -1.6559167404302085E-6   -14063.196854232747
-2.5360947205854747E-6    -1.5456426728961548E-6   -13945.252430647535
-2.475404876562154E-6     -1.4353686053621006E-6   -13904.538119507375
-2.4147150325388326E-6    -1.325094537828047E-6    -13862.150318345997
-2.354025188515512E-6     -1.214820470293993E-6    -13818.089027163405
-2.6708033334072433E-6    -1.5473628464809626E-6   -15790.262368496984
-2.610113489383922E-6     -1.4370887789469086E-6   -15716.714575402799
-2.549423645360601E-6     -1.3268147114128547E-6   -15741.74616247098
-2.4887338013372797E-6    -1.2165406438788008E-6   -15765.44975318544
-2.7448221022056904E-6    -1.4388089525317164E-6   -17581.0329837597
-2.684132258182369E-6     -1.3285348849976625E-6   -17590.172826947568
-2.6234424141590483E-6    -1.218260817463609E-6    -17618.820122101068
-2.8188408710041375E-6    -1.3302550585824707E-6   -19380.159528680964
-2.758151026980816E-6     -1.2199809910484168E-6   -19472.036579714877
-2.8928596398025846E-6    -1.2217011646332248E-6   -21187.642003260837
-2.7354838080739227E-6    -1.6711726223281247E-6   -15460.243505913404
-2.80950257687237E-6      -1.5626187283788785E-6   -17155.4837688951
-2.883521345670817E-6     -1.4540648344296326E-6   -18870.488428704466
-2.957540114469264E-6     -1.3455109404803866E-6   -20593.799446608413
-2.8741830515390496E-6    -1.6864285042260406E-6   -16709.040514607812
-2.9482018203374967E-6    -1.5778746102767949E-6   -18419.70451026735
-3.0222205891359442E-6    -1.4693207163275487E-6   -20138.015142820117
-3.012882295004176E-6     -1.701684386123957E-6    -17956.777745445303
-3.086901063802623E-6     -1.5931304921747108E-6   -19682.8319691298
-3.1515815384693035E-6    -1.7169402680218731E-6   -19203.455198425894
3.2298958362042567E-7     -1.2173162440610141E-6   25264.403113889366
1.8962817672633963E-7     -1.2179482325702817E-6   23483.37737510776
5.626676983225359E-8      -1.2185802210795493E-6   21603.637249864572
-7.70946370618324E-8      -1.2192122095888171E-6   19723.949199026352
-2.1045604395591844E-7    -1.219844198098085E-6    17786.53161208515
2.6448780687303335E-7     -1.3290960232199865E-6   23446.840458462742
1.311263999789473E-7      -1.3297280117292543E-6   21617.112366629775
-2.2350069151387258E-9    -1.330360000238522E-6    19742.003011273173
-1.355964138092247E-7     -1.3309919887477897E-6   17849.486053171982
2.05986030125641E-7       -1.440875802378959E-6    21638.276526414113
7.262462323155497E-8      -1.4415077908882267E-6   19759.892860963933
-6.073678366253104E-8     -1.4421397793974945E-6   17911.899960646835
1.4748425337824867E-7     -1.5526555815379319E-6   19838.711317743506
1.4122846484162654E-8     -1.5532875700471997E-6   17973.773334509733
8.898247663085635E-8      -1.6644353606969042E-6   18080.566414477096
2.2109579206386173E-7     -1.662836125926346E-6    19490.91734836017
3.532091074968671E-7      -1.6612368911557871E-6   20821.17512308587
4.853224229298724E-7      -1.6596376563852289E-6   22151.533514286108
6.174357383628779E-7      -1.6580384216146702E-6   23481.992521960903
2.7959756881125407E-7     -1.5510563467673732E-6   21232.955327007458
4.117108842442594E-7      -1.5494571119968145E-6   22566.21179185506
5.438241996772648E-7      -1.5478578772262563E-6   23899.57328193111
3.380993455586464E-7      -1.4392765676084006E-6   22983.015420103286
4.702126609916518E-7      -1.4376773328378422E-6   24320.0063334457
3.966011223060387E-7      -1.3274967884494278E-6   24742.02745714291
-1.924168110194567E-6     -1.648194800005258E-6    -6263.407033204711
-1.864251835841782E-6     -1.5393542479867129E-6   -5666.580056422819
-1.8043355614889967E-6    -1.430513695968167E-6    -5114.2799707472695
-1.7444192871362115E-6    -1.3216731439496218E-6   -4558.125234115647
-1.6845030127834263E-6    -1.2128325919310762E-6   -3998.1158465279486
-1.998001557054092E-6     -1.5394651205561946E-6   -7723.679597770324
-1.9380852827013067E-6    -1.430624568537649E-6    -7153.093611392965
-1.8781690083485215E-6    -1.3217840165191033E-6   -6635.320036258356
-1.8182527339957361E-6    -1.212943464500558E-6    -6113.951191602969
-2.0718350039136168E-6    -1.4307354411071304E-6   -9219.691017442223
-2.0119187295608313E-6    -1.321894889088585E-6    -8698.642609970337
-1.9520024552080463E-6    -1.2130543370700396E-6   -8182.547997558736
-2.1456684507731414E-6    -1.322005761658067E-6    -10722.728050140639
-2.085752176420356E-6     -1.2131652096395213E-6   -10251.134061844412
-2.2195018976326664E-6    -1.213276082209003E-6    -12232.79069586558
-2.280191741655987E-6     -1.323550149743057E-6    -12257.382978298814
-2.340881585679308E-6     -1.4338242172771106E-6   -12366.874965637762
-2.401571429702629E-6     -1.5440982848111644E-6   -12474.347969287992
-2.46226127372595E-6      -1.6543723523452185E-6   -12578.458218591344
-2.206358294796462E-6     -1.4322798291921207E-6   -10797.62214799508
-2.2670481388197835E-6    -1.5425538967261746E-6   -10909.72365403236
-2.327737982843104E-6     -1.6528279642602283E-6   -11019.159894249126
-2.1325248479369374E-6    -1.5410095086411844E-6   -9344.970090447632
-2.193214691960259E-6     -1.6512835761752383E-6   -9459.736961297032
-2.058691401077413E-6     -1.6497391880902483E-6   -7900.189419735069
-1.2535855397200082E-6    -1.65490925977899E-6     2083.0101159781557
-1.1939519084539713E-6    -1.5453304649959551E-6   3129.3146519732327
-1.1343182771879342E-6    -1.4357516702129198E-6   4161.885027536613
-1.0746846459218973E-6    -1.3261728754298848E-6   5200.3384367665385
-1.0150510146558604E-6    -1.2165940806468497E-6   6244.674879663005
-1.3277857794621348E-6    -1.5447258158056983E-6   996.1894721465878
-1.268152148196098E-6     -1.4351470210226632E-6   2035.3288124155424
-1.2085185169300608E-6    -1.325568226239628E-6    3064.7099270911385
-1.148884885664024E-6     -1.2159894314565929E-6   4099.806635863084
-1.4019860192042614E-6    -1.4345423718324062E-6   -97.85430980289857
-1.3423523879382243E-6    -1.3249635770493711E-6   922.9241075661121
-1.2827187566721874E-6    -1.215384782266336E-6    1952.657187292854
-1.476186258946388E-6     -1.3243589278591143E-6   -1197.1661398509168
-1.416552627680351E-6     -1.2147801330760793E-6   -194.55162766795547
-1.5503864986885147E-6    -1.2141754838858227E-6   -2301.7460179974814
-1.6103027730412997E-6    -1.3230160359043683E-6   -2859.7787910430307
-1.670219047394085E-6     -1.4318565879229135E-6   -3453.7713227190834
-1.7301353217468701E-6    -1.5406971399414587E-6   -4043.6498220037756
-1.7900515960996553E-6    -1.6495376919600048E-6   -4630.001227073704
-1.536102533299173E-6     -1.43319947987766E-6     -1774.134598819648
-1.5960188076519585E-6    -1.5420400318962056E-6   -2368.74396389554
-1.6559350820047435E-6    -1.6508805839147508E-6   -2959.5689192983355
-1.4619022935570467E-6    -1.5433829238509516E-6   -693.9554724086556
-1.5218185679098316E-6    -1.6522234758694973E-6   -1289.249563389734
-1.38770205381492E-6      -1.6535663678242437E-6   380.9568406520955
-5.815520696681833E-7     -1.661840547620075E-6    10379.828471705941
-5.22304790555069E-7      -1.5512117195857363E-6   11823.105694383887
-4.630575114419548E-7     -1.440582891551397E-6    13281.495552752942
-4.0381023232884054E-7    -1.329954063517058E-6    14747.52470482553
-3.4456295321572635E-7    -1.219325235482719E-6    16221.19315060165
-6.563251324125113E-7     -1.5508754952688233E-6   9754.924595383669
-5.97077853299397E-7      -1.440246667234484E-6    11209.528743556588
-5.378305741862828E-7     -1.329617839200145E-6    12696.17020731063
-4.785832950731686E-7     -1.218989011165806E-6    14190.38825192013
-7.310981951568394E-7     -1.4399104429175708E-6   9150.209311780312
-6.71850916043725E-7      -1.3292816148832319E-6   10618.173862254145
-6.126036369306109E-7     -1.218652786848893E-6    12107.243206257644
-8.058712579011674E-7     -1.3289453905663188E-6   8542.444764604845
-7.466239787880531E-7     -1.2183165625319797E-6   10024.066794639895
-8.806443206454954E-7     -1.2179803382150668E-6   7931.630953857285
-2.697033230690326E-7     -1.3304730261324239E-6   16276.490505820908
-3.2895060218214687E-7    -1.441101854166763E-6    14831.933016616193
-3.8819788129526106E-7    -1.5517306822011017E-6   13395.077533963029
-4.4744516040837535E-7    -1.6623595102354411E-6   11966.05346259594
-1.9484369292233893E-7    -1.4416208167821288E-6   16383.179537398097
-2.540909720354532E-7     -1.552249644816468E-6    14942.03470532535
-3.133382511485674E-7     -1.6628784728508067E-6   13508.584550584255
-1.1998406277564526E-7    -1.5527686074318334E-6   16488.95146430738
-1.792313418887595E-7     -1.6633974354661726E-6   15051.076851861299
-4.5124432628951576E-8    -1.6639163980815386E-6   16593.53036642706
-9.402779519115324E-7     -1.3275591329981019E-6   6869.551109733024
-9.999115831775692E-7     -1.4371379277811368E-6   5822.749802055099
-1.059545214443606E-6     -1.5467167225641718E-6   4781.998967613868
-1.1191788457096432E-6    -1.6562955173472071E-6   3747.1691141247634
-8.655048891672043E-7     -1.438524185349354E-6    7493.302837350464
-9.251385204332412E-7     -1.548102980132389E-6    6447.912769970368
-9.847721516992782E-7     -1.657681774915424E-6    5408.387826870992
-7.907318264228763E-7     -1.549489237700606E-6    8113.708224135513
-8.503654576889132E-7     -1.659068032483641E-6    7069.49279333009
-7.159587636785483E-7     -1.6604542900518583E-6   8730.484013502039
6.946205272146911E-7      -1.7711145403536878E-6   23091.43158239918
5.625072117816858E-7      -1.7727137751242463E-6   21853.909420339915
4.303938963486803E-7      -1.7743130098948045E-6   20526.226706982783
2.9828058091567494E-7     -1.775912244665363E-6    19198.64020134628
1.661672654826696E-7      -1.7775114794359219E-6   17811.22726041238
6.396920006334989E-7      -1.8857898938632637E-6   21515.186445739735
5.075786852004935E-7      -1.887389128633822E-6    20232.289319691103
3.754653697674882E-7      -1.8889883634043806E-6   18908.109841516725
2.4335205433448283E-7     -1.890587598174939E-6    17565.32429535836
5.847634740523068E-7      -2.0004652473728397E-6   19946.57527357716
4.526501586193014E-7      -2.002064482143398E-6    18618.396439376218
3.20536843186296E-7       -2.0036637169139567E-6   17319.900421536804
5.298349474711147E-7      -2.1151406008824154E-6   18385.598065911458
3.977216320381093E-7      -2.116739835652974E-6    17074.95563894775
4.749064208899225E-7      -2.2298159543919915E-6   16872.118175883206
6.055180913223679E-7      -2.228076709087829E-6    17822.09789183169
7.361297617548132E-7      -2.2263374637836666E-6   18708.913937829264
8.667414321872586E-7      -2.224598218479504E-6    19595.806758571598
9.97353102619704E-7       -2.222858973175342E-6    20482.77635405868
6.6044661790356E-7        -2.113401355578253E-6    19330.49642566678
7.910582883360053E-7      -2.1116621102740906E-6   20219.377065726912
9.216699587684507E-7      -2.109922864969928E-6    21108.338057078498
7.153751444847521E-7      -1.998726002068677E-6    20845.488069576113
8.459868149171976E-7      -1.996986756764515E-6    21737.074833377832
7.703036710659442E-7      -1.884050648559101E-6    22368.020422145222
1.087075366782158E-6      -2.3386376355964986E-6   19990.963394988168
1.0461859605121667E-6     -2.456155543321817E-6    18663.623458746093
1.0052965542421751E-6     -2.573673451047136E-6    17342.226951992336
9.644071479721838E-7      -2.691191358772455E-6    16026.77387472694
9.235177417021924E-7      -2.808709266497774E-6    14743.20603455521
1.200453064602014E-6      -2.4339785700615893E-6   19486.51752194482
1.1595636583320227E-6     -2.5514964777869083E-6   18184.6411514337
1.1186742520620314E-6     -2.6690143855122273E-6   16888.636574515065
1.07778484579204E-6       -2.7865322932375466E-6   15594.383952836204
1.3138307624218703E-6     -2.529319504526681E-6    19007.293036980514
1.272941356151879E-6      -2.6468374122519995E-6   17708.256741577025
1.2320519498818876E-6     -2.764355319977319E-6    16415.627441445824
1.4272084602417265E-6     -2.624660438991772E-6    18528.81204219202
1.3863190539717352E-6     -2.742178346717091E-6    17237.762092683028
1.5405861580615828E-6     -2.7200013734568633E-6   18060.787906547812
9.564636963497125E-7      -2.3403768809006608E-6   19130.281573749
8.258520259172672E-7      -2.342116126204823E-6    18245.19505280469
6.952403554848218E-7      -2.343855371508985E-6    17360.181730058444
5.646286850523765E-7      -2.3455946168131482E-6   16426.44964064231
9.155742900797211E-7      -2.4578947886259793E-6   17782.835598012018
7.849626196472758E-7      -2.459634033930142E-6    16900.266528196127
6.543509492148305E-7      -2.4613732792343046E-6   16001.760962151031
8.746848838097298E-7      -2.5754126963512983E-6   16441.404687659196
7.440732133772845E-7      -2.577151941655461E-6    15577.814515539001
8.337954775397385E-7      -2.6929306040766177E-6   15154.61030080622
1.3322832820599634E-6     -3.3376594167277686E-6   11908.414031418017
1.472497076131724E-6      -3.340502441545464E-6    12251.044678292456
1.6127108702034845E-6     -3.3433454663631597E-6   12530.033469612843
1.752924664275245E-6      -3.346188491180855E-6    12808.970785767393
1.8931384583470054E-6     -3.3490315159985507E-6   13087.856626756107
1.404797278078257E-6      -3.2096924134215423E-6   13235.030134595243
1.5450110721500173E-6     -3.212535438239238E-6    13559.578908973976
1.6852248662217778E-6     -3.215378463056933E-6    13840.756805241672
1.8254386602935382E-6     -3.2182214878746285E-6   14121.881691171086
1.4773112740965502E-6     -3.081725410115315E-6    14601.044152624065
1.6175250681683106E-6     -3.0845684349330107E-6   14875.453615799644
1.757738862240071E-6      -3.0874114597507063E-6   15157.75900222504
1.5498252701148436E-6     -2.953758406809089E-6    15973.183237021924
1.690039064186604E-6      -2.9566014316267845E-6   16197.227482882807
1.622339266133137E-6      -2.8257914035028622E-6   17351.447387788852
1.2505301739884093E-6     -3.23186938668177E-6     12434.270104804727
1.3230441700067026E-6     -3.103902383375543E-6    13789.536719874448
1.3955581660249958E-6     -2.9759353800693167E-6   15210.173932607795
1.4680721620432893E-6     -2.8479683767630904E-6   16637.16211782172
1.168777065916855E-6      -3.1260793566357707E-6   13000.000610496074
1.2412910619351483E-6     -2.998112353329544E-6    14388.570178835278
1.3138050579534417E-6     -2.8701453500233174E-6   15812.5637849123
1.0870239578453009E-6     -3.020289326589772E-6    13566.671481033856
1.1595379538635941E-6     -2.892322323283545E-6    14988.812643704956
1.0052708497737466E-6     -2.914499296543773E-6    14134.282716418067
1.9679612695146064E-6     -3.461243310729183E-6    12261.551956562082
1.902570286610447E-6      -3.570612080642119E-6    11250.233231896693
1.8371793037062874E-6     -3.6799808505550553E-6   10241.985229813215
1.7717883208021278E-6     -3.789349620467992E-6    9236.807950311646
1.7063973378979685E-6     -3.898718390380928E-6    8260.438268147065
2.0427656767415834E-6     -3.5707530226285262E-6   11361.465109943485
1.9773746938374237E-6     -3.6801217925414624E-6   10383.745103441
1.9119837109332644E-6     -3.7894905624543986E-6   9408.917270157353
1.846592728029105E-6      -3.898859332367336E-6    8437.026652114788
2.1175700839685604E-6     -3.6802627345278695E-6   10519.596517555141
2.0521791010644007E-6     -3.789631504440806E-6    9544.18835737391
1.9867881181602413E-6     -3.899000274353742E-6    8571.685215042795
2.1923744911955374E-6     -3.7897724464272133E-6   9679.457944069267
2.126983508291378E-6      -3.89914121634015E-6     8706.342319277654
2.267178898422515E-6      -3.899282158326557E-6    8840.997964819371
1.6315745267303676E-6     -3.7865065956502964E-6   8962.012689539857
1.696965509634527E-6      -3.6771378257373593E-6   9961.05594198148
1.7623564925386863E-6     -3.567769055824423E-6    10999.493923973107
1.827747475442846E-6      -3.458400285911487E-6    12041.181177909692
1.5567517155627665E-6     -3.6742948009196642E-6   9692.585507084634
1.6221426984669258E-6     -3.564926031006728E-6    10723.503312569987
1.6875336813710854E-6     -3.455557261093792E-6    11764.27222393615
1.4819289043951654E-6     -3.5620830061890325E-6   10424.291337444949
1.5473198872993247E-6     -3.452714236276096E-6    11487.313329969189
1.4071060932275645E-6     -3.4498712114584003E-6   11157.130180620814
2.3417934613300448E-6     -4.010390816310818E-6    8001.738388840542
2.276212634106439E-6      -4.1213585323086715E-6   7088.769000523644
2.2106318068828324E-6     -4.232326248306526E-6    6177.627440198136
2.1450509796592264E-6     -4.343293964304379E-6    5268.313707864014
2.41451219576392E-6       -4.123023264106596E-6    7094.934491506636
2.3489313685403138E-6     -4.23399098010445E-6     6203.046785008878
2.2833505413167074E-6     -4.344958696102303E-6    5312.803153650065
2.2177697140931014E-6     -4.455926412100157E-6    4424.4821551964615
2.4872309301977947E-6     -4.235655711902374E-6    6228.630473290035
2.421650102974189E-6      -4.346623427900228E-6    5338.203503413753
2.356069275750583E-6      -4.457591143898082E-6    4449.500055175391
2.55994966463167E-6       -4.348288159698153E-6    5363.597982295034
2.4943688374080638E-6     -4.459255875696006E-6    4474.512219297523
2.6326683990655456E-6     -4.460920607493931E-6    4499.518647562858
2.00485558952809E-6       -4.343153022317972E-6    5136.935623702308
2.0704364167516957E-6     -4.232185306320118E-6    6044.845015711363
2.136017243975302E-6      -4.121217590322264E-6    6974.867276348041
2.2015980711989084E-6     -4.010249874324411E-6    7906.901117828538
1.9302410266205593E-6     -4.2320443643337105E-6   5913.8919682975675
1.9958218538441653E-6     -4.121076648335857E-6    6841.356728609301
2.0614026810677717E-6     -4.010108932338004E-6    7772.834078055751
1.8556264637130292E-6     -4.12093570634945E-6     6691.5427547613035
1.921207290936635E-6      -4.0099679903515965E-6   7638.765621417848
1.7810119008054986E-6     -4.009827048365189E-6    7469.887983093522
2.43567222454362E-6       -4.783369403918816E-6    1996.0134048307684
2.501337616050928E-6      -4.675886471777188E-6    2829.7012033151295
2.567003007558237E-6      -4.568403539635559E-6    3664.096827239562
2.363038054393447E-6      -4.674221739979263E-6    2805.244269290812
2.4287034459007554E-6     -4.566738807837635E-6    3639.464566702778
2.290403884243274E-6      -4.56507407603971E-6     3614.826705334793
-3.887198615897794E-6     -1.7116663400851594E-6   -25341.36135254305
-3.989995574967011E-6     -1.7587286782152265E-6   -25325.54124463835
-4.092792534036227E-6     -1.8057910163452938E-6   -25294.21825603045
-4.195589493105444E-6     -1.8528533544753609E-6   -25262.23334269787
-4.2983864521746605E-6    -1.8999156926054286E-6   -25178.845009459405
-3.866477725961079E-6     -1.8335885067474961E-6   -23831.16200773763
-3.969274685030295E-6     -1.8806508448775634E-6   -23789.0159930242
-4.0720716440995115E-6    -1.9277131830076308E-6   -23758.183920249983
-4.174868603168728E-6     -1.974775521137698E-6    -23709.821446757902
-3.845756836024363E-6     -1.955510673409833E-6    -22327.81335796981
-3.948553795093579E-6     -2.0025730115399E-6      -22259.476821129523
-4.051350754162796E-6     -2.0496353496699675E-6   -22245.902360920347
-3.825035946087647E-6     -2.07743284007217E-6     -20831.31540323965
-3.927832905156864E-6     -2.1244951782022374E-6   -20787.087751946754
-3.8043150561509317E-6    -2.199355006734507E-6    -19395.54459498845
-3.763670871117778E-6     -1.7401567353845525E-6   -24026.590275706774
-3.7429499811810623E-6    -1.8620789020468893E-6   -22547.823896238686
-3.7222290912443464E-6    -1.9840010687092267E-6   -21075.772827126344
-3.7015082013076314E-6    -2.1059232353715634E-6   -19621.38869514331
-3.640143126337762E-6     -1.768647130683946E-6    -22728.450837938995
-3.6194222364010466E-6    -1.8905692973462828E-6   -21254.300601165847
-3.598701346464331E-6     -2.01249146400862E-6     -19808.29141998745
-3.516615381557746E-6     -1.7971375259833392E-6   -21432.1020832612
-3.4958944916210305E-6    -1.919059692645676E-6    -19994.295211897894
-3.3930876367777306E-6    -1.825627921282733E-6    -20179.400070874653
-4.771250336836569E-6     -2.1532006510382392E-6   -23885.765527720912
-4.658119813437021E-6     -2.2271044149761347E-6   -22741.566401882134
-4.5449892900374715E-6    -2.30100817891403E-6     -21601.255709809262
-4.431858766637923E-6     -2.3749119428519265E-6   -20547.31151323112
-4.655631197072688E-6     -2.0896403952814428E-6   -24343.831026203505
-4.542500673673139E-6     -2.1635441592193387E-6   -23197.856051777337
-4.429370150273591E-6     -2.237447923157234E-6    -22079.66310727498
-4.540012057308806E-6     -2.0260801395246463E-6   -24802.07497052281
-4.426881533909257E-6     -2.0999839034625426E-6   -23619.429206319237
-4.424392917544925E-6     -1.9625198837678507E-6   -25166.609810363916
-4.308340917631991E-6     -2.449771771384196E-6    -19186.754047984185
-4.182334452261726E-6     -2.3871675802217735E-6   -19270.028084209654
-4.056327986891461E-6     -2.3245633890593514E-6   -19352.441654534836
-3.930321521521196E-6     -2.261959197896929E-6    -19433.994758959725
-4.305852301267658E-6     -2.312307751689504E-6    -20682.834274808338
-4.179845835897393E-6     -2.2497035605270815E-6   -20735.092874754333
-4.0538393705271284E-6    -2.1870993693646595E-6   -20786.565374797938
-4.303363684903325E-6     -2.174843731994812E-6    -22157.38025474158
-4.177357219533061E-6     -2.11223954083239E-6     -22210.417706147844
-4.300875068538993E-6     -2.03737971230012E-6     -23639.136667898194
-3.275047550538253E-6     -2.287345654036934E-6    -15346.439356933823
-3.2780941968174886E-6    -2.1763157532135053E-6   -16341.50641737123
-3.2811408430967242E-6    -2.065285852390076E-6    -17302.44587770068
-3.2841874893759595E-6    -1.9542559515666473E-6   -18267.13584112598
-3.2872341356551947E-6    -1.843226050743218E-6    -19235.57630764717
-3.380901051660789E-6     -2.2697475245764488E-6   -16148.272153339025
-3.383947697940024E-6     -2.1587176237530193E-6   -17156.356280396576
-3.3869943442192593E-6    -2.0476877229295903E-6   -18174.07892749871
-3.3900409904984945E-6    -1.9366578221061613E-6   -19195.71221072515
-3.4867545527833247E-6    -2.252149395115963E-6    -16971.875265223585
-3.48980119906256E-6      -2.141119494292534E-6    -17980.86262840221
-3.4928478453417952E-6    -2.030089593469105E-6    -19001.487213445373
-3.59260805390586E-6      -2.2345512656554776E-6   -17796.271483674394
-3.595654700185095E-6     -2.1235213648320486E-6   -18806.19064224229
-3.6984615550283957E-6    -2.2169531361949924E-6   -18621.46080869146
-2.8132529602308612E-6    -2.151497824543483E-6    -12810.873744263148
-2.769959281106448E-6     -2.052381607720828E-6    -13013.060244186498
-2.7266656019820353E-6    -1.953265390898173E-6    -13270.914340227502
-2.6833719228576217E-6    -1.8541491740755181E-6   -13528.707489123713
-2.640078243733209E-6     -1.7550329572528632E-6   -13786.439690875139
-2.908658524571575E-6     -2.0676374896187443E-6   -14219.473254514041
-2.865364845447162E-6     -1.9685212727960894E-6   -14496.277851881505
-2.8220711663227486E-6    -1.8694050559734343E-6   -14821.240480673543
-2.7787774871983355E-6    -1.7702888391507794E-6   -15146.381711595202
-3.004064088912289E-6     -1.9837771546940053E-6   -15707.646882987354
-2.9607704097878755E-6    -1.8846609378713504E-6   -16051.279606656317
-2.917476730663463E-6     -1.7855447210486955E-6   -16379.740898966571
-3.0994696532530025E-6    -1.8999168197692666E-6   -17201.490650340675
-3.0561759741285893E-6    -1.8008006029466117E-6   -17612.073813133902
-3.1948752175937166E-6    -1.8160564848445278E-6   -18701.00455657405
-3.182688632476775E-6     -2.260176088138244E-6    -14919.09045809672
-3.0903297144152963E-6    -2.2330065222395534E-6   -14417.92608277149
-2.997970796353818E-6     -2.2058369563408633E-6   -13915.85782536746
-2.9056118782923393E-6    -2.178667390442173E-6    -13412.885685884616
-3.18573527875601E-6      -2.149146187314815E-6    -15830.997352478025
-3.093376360694531E-6     -2.1219766214161244E-6   -15310.734632347
-3.001017442633053E-6     -2.0948070555174343E-6   -14789.55307612399
-3.1887819250352453E-6    -2.0381162864913854E-6   -16736.61741793488
-3.0964230069737672E-6    -2.0109467205926954E-6   -16214.916551762944
-3.1918285713144805E-6    -1.9270863856679564E-6   -17645.82785345916
-2.22268230341302E-6      -2.1740079453577276E-6   -7552.917570124882
-2.1629794647693295E-6    -2.068845316287234E-6    -7273.553553704599
-2.1032766261256387E-6    -1.9636826872167396E-6   -7022.523822834737
-2.0435737874819483E-6    -1.858520058146246E-6    -6769.085123889575
-1.9838709488382575E-6    -1.7533574290757521E-6   -6513.237456869126
-2.297502755652175E-6     -2.070389704372224E-6    -8817.082180722737
-2.2377999170084843E-6    -1.96522707530173E-6     -8561.434749760332
-2.1780970783647935E-6    -1.860064446231236E-6    -8343.464845070472
-2.118394239721103E-6     -1.754901817160742E-6    -8123.303939754906
-2.3723232078913304E-6    -1.96677146338672E-6     -10102.683952853044
-2.3126203692476396E-6    -1.861608834316226E-6    -9894.10435311175
-2.252917530603949E-6     -1.7564462052457323E-6   -9678.044080574136
-2.4471436601304857E-6    -1.863153222401216E-6    -11394.189278704293
-2.387440821486795E-6     -1.7579905933307221E-6   -11232.664252502684
-2.5219641123696405E-6    -1.7595349814157123E-6   -12691.598158276518
-2.6951388288672928E-6    -2.155999848706332E-6    -11834.16933882996
-2.5770246975037247E-6    -2.1605018728691807E-6   -10779.77713475837
-2.4589105661401563E-6    -2.1650038970320294E-6   -9725.647063716857
-2.3407964347765883E-6    -2.1695059211948785E-6   -8671.77912570542
-2.65184514974288E-6      -2.056883631883677E-6    -12023.12054595836
-2.533731018379311E-6     -2.0613856560465257E-6   -10967.459876099547
-2.415616887015743E-6     -2.0658876802093745E-6   -9912.069929987096
-2.6085514706184664E-6    -1.9577674150610217E-6   -12214.391480728933
-2.4904373392548984E-6    -1.962269439223871E-6    -11155.757518832514
-2.5652577914940537E-6    -1.858651198238367E-6    -12405.3619190803
3.172394277436999E-8      -1.7759499161938194E-6   16711.431485338126
-1.0238296648543794E-7    -1.7754309535784535E-6   15232.25807676253
-2.3648987574524586E-7    -1.7749119909630877E-6   13693.915119193485
-3.7059678500505375E-7    -1.7743930283477214E-6   12155.535000582147
-5.047036942648618E-7     -1.773874065732356E-6    10590.040672375948
-2.5534591082116372E-8    -1.8874644716907343E-6   15383.684934588764
-1.596415003419243E-7     -1.8869455090753685E-6   13877.924398918798
-2.937484096017322E-7     -1.8864265464600028E-6   12343.55851573006
-4.278553188615401E-7     -1.8859075838446368E-6   10802.705171851963
-8.279312493860271E-8     -1.9989790271876492E-6   14062.593226313558
-2.1690003419841065E-7    -1.9984600645722834E-6   12530.253412774155
-3.5100694345821856E-7    -1.9979411019569176E-6   11013.762296440698
-1.400516587950891E-7     -2.1104935826845646E-6   12748.156360512497
-2.74158568054897E-7      -2.1099746200691987E-6   11223.212046142156
-1.9731019265157543E-7    -2.2220081381814795E-6   11456.424521880706
-6.286686994327585E-8     -2.223569701423582E-6    12590.137355825027
7.157645276502378E-8      -2.225131264665684E-6    13675.78914574185
2.060197754733233E-7      -2.226692827907787E-6    14761.353375392318
3.4046309818162296E-7     -2.228254391149889E-6    15846.830044776438
-5.608336086789465E-9     -2.1120551459266666E-6   13870.076590168268
1.2883498662151014E-7     -2.113616709168769E-6    14959.3690219858
2.6327830932980966E-7     -2.1151782724108716E-6   16048.5703247631
5.1650197769696896E-8     -2.0005405904297517E-6   15157.172272661119
1.8609352047799647E-7     -2.002102153671854E-6    16249.672024195184
1.0890873162618324E-7     -1.8890260349328366E-6   16450.91494840313
-1.5518807999264449E-6    -2.195249784803523E-6    -1189.1671689114494
-1.4922217478851576E-6    -2.0871816797986164E-6   -524.8133132498169
-1.43256269584387E-6      -1.97911357479371E-6     119.8610191431344
-1.372903643802583E-6     -1.8710454697888033E-6   768.5927632900111
-1.3132445917612955E-6    -1.7629773647838965E-6   1421.3819191908033
-1.6263382619800694E-6    -2.08583878784387E-6     -2180.3864596792673
-1.566679209938782E-6     -1.9777706828389634E-6   -1528.5361360341649
-1.5070201578974944E-6    -1.8697025778340568E-6   -895.8726387168053
-1.4473611058562073E-6    -1.76163447282915E-6     -259.30889566732003
-1.7007957240336937E-6    -1.9764277908842173E-6   -3186.441150643098
-1.6411366719924062E-6    -1.8683596858793104E-6   -2557.6592203681103
-1.5814776199511192E-6    -1.7602915808744038E-6   -1925.4384609976435
-1.7752531860873183E-6    -1.867016793924564E-6    -4197.508027502602
-1.7155941340460308E-6    -1.7589486889196574E-6   -3591.676563440148
-1.8497106481409426E-6    -1.757605796964911E-6    -5213.587090257787
-1.909413486784633E-6     -1.862768426035405E-6    -5460.310636474609
-1.9691163254283235E-6    -1.967931055105899E-6    -5748.843359903614
-2.0288191640720143E-6    -2.0730936841763926E-6   -6034.749147807761
-2.088522002715705E-6     -2.1782563132468866E-6   -6319.778908409864
-1.8349560247310086E-6    -1.972179422995058E-6    -4467.72030230915
-1.8946588633746994E-6    -2.077342052065552E-6    -4757.351953219795
-1.9543617020183896E-6    -2.1825046811360456E-6   -5045.2468639105555
-1.760498562677384E-6     -2.081590419954711E-6    -3480.2600811969187
-1.8202014013210749E-6    -2.186753049025205E-6    -3771.0096361473607
-1.68604110062376E-6      -2.191001416914364E-6    -2497.0672251202877
-6.403657440166231E-7     -1.7716800893989347E-6   9334.746448529768
-7.74772438026988E-7      -1.7702938318307174E-6   7700.496652983602
-9.09179132037353E-7      -1.7689075742625004E-6   6043.841885019672
-1.043585826047718E-6     -1.7675213166942835E-6   4387.077972672786
-1.1779925200580831E-6    -1.7661350591260666E-6   2739.1054262359557
-6.991794183650628E-7     -1.881519631177794E-6    8315.581362639496
-8.335861123754277E-7     -1.8801333736095768E-6   6676.213073521362
-9.679928063857928E-7     -1.87874711604136E-6     5023.848104902465
-1.1023995003961578E-6    -1.877360858473143E-6    3379.385429390015
-7.579930927135026E-7     -1.9913591729566536E-6   7301.915954135712
-8.923997867238676E-7     -1.9899729153884363E-6   5657.350018529177
-1.0268064807342326E-6    -1.9885866578202194E-6   4016.192754493097
-8.168067670619423E-7     -2.101198714735513E-6    6293.750223018411
-9.512134610723073E-7     -2.099812457167296E-6    4649.52740154521
-8.756204414103821E-7     -2.2110382565143726E-6   5287.505088269857
-7.399583916586208E-7     -2.213232232847794E-6    6542.9536511764445
-6.042963419068595E-7     -2.2154262091812156E-6   7778.405507061325
-4.686342921550981E-7     -2.2176201855146365E-6   9013.714500896525
-3.329722424033368E-7     -2.219814161848058E-6    10248.880632682049
-6.811447173101811E-7     -2.1033926910689344E-6   7539.454848114516
-5.454826675584196E-7     -2.1055866674023557E-6   8778.844593570038
-4.098206178066583E-7     -2.107780643735777E-6    10018.085968850428
-6.223310429617412E-7     -1.993553149290075E-6    8541.712276381255
-4.866689932099799E-7     -1.9957471256234963E-6   9784.760317736032
-5.635173686133014E-7     -1.8837136075112153E-6   9549.548534950864
-1.2376515720993702E-6    -1.8742031641309731E-6   2079.5022645799363
-1.2973106241406577E-6    -1.9822712691358797E-6   1415.2131704066232
-1.3569696761819448E-6    -2.0903393741407862E-6   755.1386540090061
-1.4166287282232323E-6    -2.1984074791456928E-6   98.79943159286779
-1.162058552437445E-6     -1.9854289634780495E-6   2719.2756858301364
-1.2217176044787324E-6    -2.093497068482956E-6    2055.3690825565754
-1.2813766565200197E-6    -2.201565173487863E-6    1395.3018496824645
-1.0864655327755199E-6    -2.096654762825126E-6    3355.3719695813434
-1.1461245848168072E-6    -2.204722867830033E-6    2691.5848852652093
-1.0108725131135948E-6    -2.2078805621722027E-6   3987.6485383410986
4.2025314790693364E-7     -2.341882237942657E-6    15669.28660610573
2.85809825198634E-7       -2.3403206747005544E-6   14637.684800130368
1.5136650249033438E-7     -2.338759111458452E-6    13555.609239966287
1.6923179782034828E-8     -2.3371975482163494E-6   12473.449688309724
-1.1752014292626477E-7    -2.3356359849742474E-6   11355.887556200694
3.6559987492394466E-7     -2.4539485214933226E-6   14493.594427090471
2.3115655221564506E-7     -2.4523869582512197E-6   13434.905425727793
9.671322950734548E-8      -2.4508253950091177E-6   12355.80479014733
-3.773009320095407E-8     -2.449263831767015E-6    11266.072792266561
3.109466019409558E-7      -2.566014805043988E-6    13323.429422433863
1.7650327923265616E-7     -2.564453241801885E-6    12237.712116238248
4.2059956524356586E-8     -2.562891678559783E-6    11175.551034236294
2.5629332895796687E-7     -2.6780810885946534E-6   12158.791592135898
1.2185000624966727E-7     -2.676519525352551E-6    11084.322282109895
2.0164005597497795E-7     -2.7901473721453187E-6   11021.411543896387
3.4601559312042085E-7     -2.7938597510158097E-6   11819.274067853104
4.903911302658637E-7      -2.7975721298863007E-6   12567.077252727811
6.347666674113066E-7      -2.8012845087567916E-6   13314.7192297217
7.791422045567495E-7      -2.804996887627283E-6    14062.199998834792
4.0066886610340977E-7     -2.6817934674651443E-6   12949.867562167728
5.450444032488527E-7      -2.6855058463356353E-6   13701.156283865968
6.894199403942956E-7      -2.6892182252061263E-6   14452.277682784013
4.553221390863987E-7      -2.569727183914479E-6    14086.995982899034
5.996976762318416E-7      -2.57343956278497E-6     14840.719633892755
5.099754120693876E-7      -2.4576609003638136E-6   15229.592687434568
8.610097478457624E-7      -2.9156925257550043E-6   13668.09875826334
7.985017539893323E-7      -3.022675785012234E-6    12617.087455453564
7.359937601329023E-7      -3.129659044269464E-6    11570.404250429508
6.73485766276472E-7       -3.2366423035266943E-6   10528.049143191176
6.10977772420042E-7       -3.343625562783924E-6    9506.80967525403
9.427628559173166E-7      -3.0214825558010028E-6   13079.467020069707
8.802548620608863E-7      -3.1284658150582326E-6   12060.500708930269
8.177468682044564E-7      -3.2354490743154625E-6   11045.757805218076
7.552388743480263E-7      -3.342432333572693E-6    10034.870013784846
1.0245159639888708E-6     -3.1272725858470017E-6   12544.767427884362
9.620079701324406E-7      -3.234255845104232E-6    11528.228917893133
8.994999762760107E-7      -3.341239104361462E-6    10515.844733764121
1.1062690720604247E-6     -3.2330626158930006E-6   12010.73955948302
1.0437610782039949E-6     -3.340045875150231E-6    10996.857783910804
1.1880221801319793E-6     -3.338852645939E-6       11477.90916422489
5.291102291310292E-7      -3.2329299246562033E-6   9787.365584537452
5.916182229874594E-7      -3.1259466653989726E-6   10824.721152832968
6.541262168438893E-7      -3.0189634061417428E-6   11898.759034931563
7.166342107003195E-7      -2.911980146884513E-6    12977.229705174312
4.472426858420164E-7      -3.122234286528482E-6    10093.818383267113
5.097506796984464E-7      -3.015251027271252E-6    11156.632289725998
5.722586735548766E-7      -2.908267768014022E-6    12232.945136879633
3.653751425530036E-7      -3.0115386484007612E-6   10400.001470956046
4.2788313640943364E-7     -2.9045553891435305E-6   11488.505475603524
2.8350759926399074E-7     -2.9008430102730396E-6   10705.914847604272
1.2660120339184482E-6     -3.4492049165680508E-6   10906.473104806604
1.1997407857769325E-6     -3.5607504164083325E-6   9932.72760490414
1.133469537635417E-6      -3.6722959162486143E-6   8962.521218780646
1.0671982894939015E-6     -3.7838414160888965E-6   7995.8539464361165
1.000927041352386E-6      -3.895386915929178E-6    7051.045850656705
1.340834845086049E-6      -3.5614167112986825E-6   10154.99830420989
1.2745635969445333E-6     -3.6729622111389643E-6   9209.435921442717
1.2082923488030179E-6     -3.784507710979246E-6    8267.268716931256
1.1420211006615026E-6     -3.896053210819529E-6    7328.666398820516
1.41565765625365E-6       -3.6736285060293143E-6   9454.319089386858
1.3493864081121344E-6     -3.7851740058695965E-6   8510.913443312995
1.283115159970619E-6      -3.896719505709878E-6    7570.9431014145475
1.490480467421251E-6      -3.785840300759946E-6    8754.543253384203
1.4242092192797355E-6     -3.897385800600228E-6    7813.2052287683055
1.5653032785888521E-6     -3.898052095490579E-6    8055.452780881789
9.229371875659173E-7      -3.785034645300128E-6    7521.602995505933
9.892084357074326E-7      -3.6734891454598453E-6   8484.385051537844
1.055479683848948E-6      -3.5619436456195635E-6   9478.718622917719
1.1217509319904636E-6     -3.4503981457792817E-6   10476.735243599796
8.449473337794484E-7      -3.6746823746710766E-6   8015.018219030108
9.112185819209639E-7      -3.563136874830795E-6    9000.880945839948
9.774898300624794E-7      -3.451591374990513E-6    9997.14230685968
7.669574799929797E-7      -3.564330104042026E-6    8508.432839448302
8.332287281344951E-7      -3.4527846042017436E-6   9517.586501539508
6.889676262065108E-7      -3.453977833412975E-6    9001.846856760512
1.6408744434123847E-6     -4.009054827572469E-6    7375.184685967753
1.5753515489268012E-6     -4.119391264764009E-6    6506.270845892894
1.5098286544412175E-6     -4.22972770195555E-6     5639.63376891237
1.444305759955634E-6      -4.34006413914709E-6     4775.273455026179
1.7154890063199153E-6     -4.12016348555673E-6     6582.083678557814
1.6499661118343313E-6     -4.23049992274827E-6     5731.2063708819815
1.5844432173487478E-6     -4.3408363599398105E-6   4882.448295244694
1.5189203228631643E-6     -4.45117279713135E-6     4035.9133979487915
1.7901035692274454E-6     -4.2312721435409905E-6   5823.55538105256
1.724580674741862E-6      -4.3416085807325305E-6   4973.989248626513
1.6590577802562782E-6     -4.451945017924071E-6    4126.564847976671
1.8647181321349756E-6     -4.342380801525251E-6    5065.518787373645
1.799195237649392E-6      -4.452717238716791E-6    4217.205049007254
1.939332695042506E-6      -4.453489459509512E-6    4307.834001040539
1.3032117006465175E-6     -4.33939784425674E-6     4538.223214258155
1.368734595132101E-6      -4.2290614070652E-6      5401.830827577938
1.4342574896176846E-6     -4.118724969873659E-6    6283.8645127557265
1.4997803841032682E-6     -4.008388532682118E-6    7168.332492083622
1.2276405358229845E-6     -4.22839511217485E-6     5164.730159167173
1.293163430308568E-6      -4.118058674983309E-6    6044.088296519435
1.3586863247941518E-6     -4.007722237791768E-6    6927.385057951142
1.1520693709994517E-6     -4.117392380092959E-6    5791.12473904937
1.2175922654850352E-6     -4.007055942901418E-6    6686.4233896486185
1.0764982061759188E-6     -4.006389648011069E-6    6417.406953904754
1.7384967478039136E-6     -4.780932451328171E-6    1860.228558367087
1.805442063550111E-6      -4.671784787388618E-6    2674.7802529883897
1.8723873792963083E-6     -4.562637123449065E-6    3490.602101719357
1.6653046061569969E-6     -4.671012566595897E-6    2585.7899803604355
1.7322499219031947E-6     -4.561864902656345E-6    3400.8330470339483
1.5921124645100806E-6     -4.561092681863624E-6    3311.052908988612
-3.3156960322538086E-6    -2.357764216002959E-6    -14981.661861156734
-3.421549533376344E-6     -2.3401660865424734E-6   -15827.515625315687
-3.5274030344988796E-6    -2.322567957081988E-6    -16651.5540428094
-3.633256535621415E-6     -2.3049698276215027E-6   -17476.35700760115
-3.7391100367439515E-6    -2.2873716981610175E-6   -18195.6149594936
-3.3563445139693644E-6    -2.4281827779689837E-6   -14677.640277586186
-3.4621980150918994E-6    -2.410584648508498E-6    -15501.301200216114
-3.5680515162144354E-6    -2.392986519048013E-6    -16323.776221499034
-3.6739050173369713E-6    -2.3753883895875278E-6   -17084.1964388102
-3.3969929956849193E-6    -2.4986013399350087E-6   -14373.801927685485
-3.502846496807455E-6     -2.481003210474523E-6    -15175.35676196059
-3.608699997929991E-6     -2.463405081014038E-6    -15976.849027036058
-3.437641477400475E-6     -2.5690199019010334E-6   -14070.14681145463
-3.543494978523011E-6     -2.5514217724405482E-6   -14873.57272417115
-3.4782899591160307E-6    -2.6394384638670585E-6   -13822.451225645778
-3.93582830743327E-6      -2.852623671983034E-6    -14163.206398130105
-3.909525657176803E-6     -2.7219699389333286E-6   -15201.323991232715
-3.8832230069203345E-6    -2.591316205883623E-6    -16241.887767485256
-3.856920356663866E-6     -2.4606624728339177E-6   -17286.34571725135
-3.830617706407399E-6     -2.330008739784212E-6    -18334.697840531015
-4.035532122547067E-6     -2.7845741300957507E-6   -15060.558532626255
-4.009229472290599E-6     -2.653920397046045E-6    -16135.787312136305
-3.982926822034132E-6     -2.52326666399634E-6     -17253.217651349605
-3.9566241717776636E-6    -2.3926129309466346E-6   -18374.758495327827
-4.1352359376608645E-6    -2.7165245882084675E-6   -16032.695899067401
-4.108933287404396E-6     -2.585870855158762E-6    -17140.037609268853
-4.082630637147929E-6     -2.455217122109057E-6    -18261.569144203044
-4.234939752774661E-6     -2.6484750463211843E-6   -17007.83195458835
-4.2086371025181935E-6    -2.5178213132714787E-6   -18147.44496118004
-4.334643567888458E-6     -2.580425504433901E-6    -17985.966699189128
-3.5697976287794787E-6    -2.6820755054902535E-6   -13949.774308993823
-3.6350026481864584E-6    -2.5940588140637432E-6   -14991.178146700082
-3.7002076675934386E-6    -2.5060421226372326E-6   -16050.932095381133
-3.765412687000419E-6     -2.4180254312107223E-6   -17114.666935316964
-3.661305298442926E-6     -2.7247125471134484E-6   -14022.84840622991
-3.7265103178499064E-6    -2.636695855686938E-6    -15084.164945484034
-3.7917153372568866E-6    -2.548679164260428E-6    -16143.706313599905
-3.752812968106374E-6     -2.767349588736644E-6    -14095.178875442842
-3.818017987513354E-6     -2.679332897310133E-6    -15176.42353414502
-3.844320637769822E-6     -2.809986630359839E-6    -14166.76571663261
-4.77512506095868E-6      -2.8574322534033515E-6   -16438.1124359914
-4.663380645316908E-6     -2.926675028583096E-6    -15603.68335678516
-4.551636229675137E-6     -2.9959178037628403E-6   -14771.857107897322
-4.439891814033366E-6     -3.0651605789425853E-6   -13987.420724589869
-4.66199453755913E-6      -2.7884788744841046E-6   -16892.981788247933
-4.55025012191736E-6      -2.857721649663849E-6    -16057.217286453875
-4.438505706275588E-6     -2.926964424843593E-6    -15231.780487179301
-4.548864014159582E-6     -2.7195254955648573E-6   -17347.929704013903
-4.437119598517811E-6     -2.788768270744602E-6    -16481.38269391772
-4.435733490760033E-6     -2.65057211664561E-6     -17736.22734480512
-4.036918230304845E-6     -2.9227702841947426E-6   -13920.542325458515
-4.136622045418642E-6     -2.8547207423074594E-6   -14832.523008932474
-4.236325860532439E-6     -2.786671200420176E-6    -15775.341184680985
-4.336029675646236E-6     -2.7186216585328927E-6   -16720.999683810467
-4.1380081531764194E-6    -2.9929168964064514E-6   -13637.128779365668
-4.237711968290217E-6     -2.9248673545191678E-6   -14566.073844769648
-4.337415783404014E-6     -2.856817812631885E-6    -15507.584564796047
-4.239098076047995E-6     -3.0630635086181593E-6   -13353.297669277199
-4.338801891161791E-6     -2.995013966730876E-6    -14299.302095076098
-4.340187998919569E-6     -3.1332101208298685E-6   -13069.048995193101
-3.3837771884306328E-6    -2.6527258227214975E-6   -13212.768729577458
-3.2892644177452344E-6    -2.6660131815759365E-6   -12599.47587972981
-3.194751647059836E-6     -2.6793005404303747E-6   -11986.664150522312
-3.1002388763744385E-6    -2.692587899284814E-6    -11374.333541954973
-3.00572610568904E-6      -2.7058752581392527E-6   -10740.927087046066
-3.343128706715077E-6     -2.5823072607554724E-6   -13495.29721525127
-3.248615936029679E-6     -2.5955946196099114E-6   -12881.894705733786
-3.1541031653442807E-6    -2.6088819784643496E-6   -12268.987465370956
-3.059590394658883E-6     -2.6221693373187894E-6   -11602.833800954359
-3.3024802249995213E-6    -2.5118886987894473E-6   -13777.17490949199
-3.2079674543141234E-6    -2.5251760576438863E-6   -13162.450916954178
-3.1134546836287254E-6    -2.5384634164983253E-6   -12526.512784624701
-3.261831743283966E-6     -2.4414701368234222E-6   -14059.149084228337
-3.167318972598568E-6     -2.4547574956778613E-6   -13453.466736817516
-3.2211832615684107E-6    -2.371051574857398E-6    -14383.695657532779
-3.128824343506932E-6     -2.3438820089587075E-6   -13944.387630170717
-3.074960054537089E-6     -2.427587929779171E-6    -12982.877222590543
-3.0210957655672465E-6    -2.511293850599635E-6    -12024.682036364315
-2.9672314765974047E-6    -2.594999771420099E-6    -11118.587825573337
-3.0364654254454537E-6    -2.316712443060017E-6    -13461.714756670588
-2.982601136475611E-6     -2.400418363880481E-6    -12501.035652150633
-2.9287368475057684E-6    -2.4841242847009444E-6   -11539.783985189119
-2.944106507383975E-6     -2.289542877161327E-6    -12978.152955104837
-2.890242218414133E-6     -2.373248797981791E-6    -11961.55603278833
-2.851747589322497E-6     -2.262373311262637E-6    -12383.903968370982
-2.2707818858041563E-6    -2.2779338548359555E-6   -7486.3074087113555
-2.3888960171677243E-6    -2.2734318306731063E-6   -8593.172277028229
-2.5070101485312924E-6    -2.2689298065102576E-6   -9645.854689921222
-2.625124279894861E-6     -2.2644277823474085E-6   -10698.790645128003
-2.7432384112584293E-6    -2.25992575818456E-6     -11669.31768619654
-2.3188814681952924E-6    -2.3818597643141833E-6   -7444.8075894244985
-2.4369955995588604E-6    -2.377357740151334E-6    -8516.21352028946
-2.555109730922429E-6     -2.3728557159884855E-6   -9565.988400381048
-2.6732238622859973E-6    -2.3683536918256368E-6   -10575.342199214949
-2.366981050586429E-6     -2.485785673792411E-6    -7402.263520555425
-2.485095181949997E-6     -2.481283649629562E-6    -8438.382828650485
-2.6032093133135654E-6    -2.476781625466713E-6    -9486.53990652101
-2.415080632977565E-6     -2.589711583270639E-6    -7358.675202104134
-2.5331947643411334E-6    -2.5852095591077903E-6   -8402.910808114706
-2.4631802153687015E-6    -2.693637492748867E-6    -7355.510605274342
-2.8972169276249727E-6    -2.703427705061176E-6    -10120.550175811377
-2.7887077495609045E-6    -2.7009801519830984E-6   -9443.52959661624
-2.680198571496837E-6     -2.698532598905021E-6    -8766.404559703424
-2.571689393432769E-6     -2.696085045826944E-6    -8089.175065072925
-2.8587222985333365E-6    -2.5925522183420214E-6   -10487.2270552612
-2.7502131204692686E-6    -2.5901046652639442E-6   -9806.97285287399
-2.6417039424052012E-6    -2.587657112185867E-6    -9126.610972492956
-2.8202276694417006E-6    -2.4816767316228672E-6   -10853.315024623338
-2.7117184913776328E-6    -2.4792291785447905E-6   -10170.626169859252
-2.7817330403500647E-6    -2.3708012449037135E-6   -11219.791082784428
-2.3419101470149404E-6    -2.700021751335463E-6    -6528.251770069333
-2.2206400786611794E-6    -2.706406009922058E-6    -5665.269083681953
-2.099370010307418E-6     -2.7127902685086542E-6   -4802.62042453345
-1.9780999419536573E-6    -2.7191745270952495E-6   -3940.305792623826
-1.856829873599896E-6     -2.7255587856818455E-6   -3041.1447272953446
-2.293810564623804E-6     -2.5960958418572347E-6   -6536.456603414868
-2.172540496270043E-6     -2.6024801004438303E-6   -5671.881669294446
-2.051270427916282E-6     -2.6088643590304264E-6   -4807.651671910684
-1.930000359562521E-6     -2.615248617617022E-6    -3927.534407635225
-2.245710982232668E-6     -2.4921699323790064E-6   -6545.067994133267
-2.124440913878907E-6     -2.4985541909656025E-6   -5677.722907566425
-2.0031708455251458E-6    -2.5049384495521985E-6   -4818.334233862658
-2.1976113998415314E-6    -2.388244022900779E-6    -6552.462820587429
-2.0763413314877703E-6    -2.3946282814873746E-6   -5713.7459535245
-2.1495118174503953E-6    -2.284318113422551E-6    -6613.769566620748
-1.7958400588652061E-6    -2.619496985506181E-6    -2665.4856543314972
-1.7348502441305155E-6    -2.5134351853305165E-6   -2300.955770174447
-1.6738604293958254E-6    -2.407373385154852E-6    -1933.5707302534584
-1.6128706146611352E-6    -2.3013115849791874E-6   -1563.3305345685358
-1.8690105448278304E-6    -2.5091868174413575E-6   -3561.6051167268497
-1.8080207300931403E-6    -2.403125017265693E-6    -3209.189799816141
-1.7470309153584501E-6    -2.2970632170900285E-6   -2854.056253274741
-1.942181030790455E-6     -2.3988766493765336E-6   -4477.0249071919025
-1.881191216055765E-6     -2.292814849200869E-6    -4125.385874764054
-2.01535151675308E-6      -2.28856648131171E-6     -5396.999807160511
-4.888421446989824E-7     -2.7738855202305935E-6   6664.23674759979
-3.507457045641903E-7     -2.7771378906135386E-6   7564.374717416713
-2.1264926442939824E-7    -2.7803902609964838E-6   8436.780779127046
-7.455282429460617E-8     -2.7836426313794285E-6   9309.019543841168
6.354361584018591E-8      -2.7868950017623736E-6   10181.091011559103
-4.30535754289501E-7      -2.663510043820771E-6    7603.28816894513
-2.924393141547089E-7     -2.6667624142037155E-6   8495.640972643598
-1.543428740199168E-7     -2.6700147845866602E-6   9371.447077278084
-1.6246433885124768E-8    -2.6732671549696058E-6   10247.079983916225
-3.722293638800196E-7     -2.553134567410948E-6    8553.528403651246
-2.3413292374522748E-7    -2.556386937793893E-6    9432.344385220264
-9.603648361043545E-8     -2.559639308176838E-6    10311.016623223899
-3.139229734705382E-7     -2.4427590910011254E-6   9508.697310236425
-1.758265333357461E-7     -2.44601146138407E-6     10373.98705008596
-2.5561658306105684E-7    -2.3323836145913022E-6   10468.794888700673
-3.9127863281281817E-7    -2.330189638257881E-6    9270.244462300932
-5.269406825645795E-7     -2.327995661924459E-6    8038.753057778723
-6.626027323163408E-7     -2.3258016855910383E-6   6807.12429933229
-7.982647820681022E-7     -2.3236077092576166E-6   5564.676663379922
-4.4958502322229955E-7    -2.4405651146677036E-6   8297.171239000887
-5.852470729740609E-7     -2.4383711383342823E-6   7069.085984321515
-7.209091227258222E-7     -2.436177162000861E-6    5839.180761198163
-5.078914136317809E-7     -2.5509405910775264E-6   7329.016107169904
-6.435534633835423E-7     -2.548746614744105E-6    6111.4505800665665
-5.661978040412623E-7     -2.6613160674873495E-6   6381.486119985132
-1.178398531220797E-6     -2.757789661482944E-6    1853.383817228602
-1.1178429132587142E-6    -2.6484393804892298E-6   2532.493722827179
-1.0572872952966311E-6    -2.5390890994955155E-6   3212.214648153724
-9.96731677334548E-7      -2.429738818501801E-6    3896.0004962949397
-9.361760593724651E-7     -2.320388537508087E-6    4583.851267250813
-1.2530949849619265E-6    -2.64528168614706E-6     1250.2072918675567
-1.1925393669998435E-6    -2.5359314051533456E-6   1929.9975111242018
-1.1319837490377605E-6    -2.4265811241596313E-6   2611.8492066628837
-1.0714281310756776E-6    -2.317230843165917E-6    3297.6853565710267
-1.3277914387030563E-6    -2.5327737108111758E-6   648.3406151358813
-1.2672358207409732E-6    -2.423423429817461E-6    1322.8647249487021
-1.2066802027788902E-6    -2.314073148823747E-6    2005.101091951069
-1.4024878924441856E-6    -2.4202657354752916E-6   42.908567244695405
-1.3419322744821026E-6    -2.310915454481577E-6    712.3056038401774
-1.4771843461853153E-6    -2.307757760139407E-6    -566.088851806001
-8.588204000301852E-7     -2.4329579902513313E-6   4864.534201079041
-9.19376017992268E-7      -2.542308271245045E-6    4179.2186536197005
-9.79931635954351E-7      -2.65165855223876E-6     3498.04849742021
-1.040487253916434E-6     -2.7610088332324738E-6   2820.933499087428
-7.814647406879052E-7     -2.545527442994575E-6    5148.987269597699
-8.420203586499882E-7     -2.6548777239882896E-6   4464.621783776845
-9.025759766120711E-7     -2.764228004982004E-6    3784.1910499823634
-7.041090813456252E-7     -2.6580968957378193E-6   5431.0033423575205
-7.646646993077082E-7     -2.7674471767315336E-6   4747.263170643311
-6.267534220033452E-7     -2.770666348481064E-6    5710.149861070275
-1.5381741609200055E-6    -2.4138195603150716E-6   -936.4801230040066
-1.5991639756546956E-6    -2.519881360490736E-6    -1318.4915682604915
-1.6601537903893858E-6    -2.6259431606664006E-6   -1697.5109316198068
-1.7211436051240764E-6    -2.732004960842065E-6    -2074.589187855446
-1.4634777071788757E-6    -2.5263275356509557E-6   -333.0145269494642
-1.5244675219135663E-6    -2.6323893358266202E-6   -715.1850867475459
-1.5854573366482565E-6    -2.738451136002285E-6    -1094.9854392952975
-1.3887812534377464E-6    -2.6388355109868403E-6   266.7466617190985
-1.4497710681724366E-6    -2.744897311162505E-6    -115.7631238186795
-1.314084799696617E-6     -2.7513434863227244E-6   863.0777585743966
-4.765196989939377E-6     -3.5758558830185247E-6   -10259.166942331869
-4.642138395520524E-6     -3.6538975622858776E-6   -9527.990971595687
-4.519079801101672E-6     -3.731939241553231E-6    -8799.213790845526
-4.396021206682821E-6     -3.8099809208205845E-6   -8112.933003508983
-4.653452574297605E-6     -3.5022415153411256E-6   -10711.129855223333
-4.530393979878754E-6     -3.5802831946084793E-6   -9978.91519641442
-4.407335385459902E-6     -3.6583248738758326E-6   -9262.710672948893
-4.541708158655834E-6     -3.428627147663727E-6    -11162.917951652023
-4.418649564236982E-6     -3.5066688269310807E-6   -10416.739881097985
-4.4299637430140635E-6    -3.355012779986329E-6    -11575.020627956266
-4.517711832236593E-6     -4.440625547999098E-6    -3895.008462340563
-4.48446063115388E-6      -4.320878402940658E-6    -4666.9367353048565
-4.451209430071166E-6     -4.2011312578822175E-6   -5439.509993498949
-4.417958228988453E-6     -4.081384112823776E-6    -6212.728236922845
-4.607519225572732E-6     -4.385693866530447E-6    -4310.764865836273
-4.574268024490018E-6     -4.265946721472006E-6    -5107.209875733499
-4.541016823407305E-6     -4.146199576413566E-6    -5904.3974867322295
-4.6973266189088694E-6    -4.330762185061797E-6    -4735.137849486559
-4.664075417826157E-6     -4.2110150400033554E-6   -5532.695842913125
-4.787134012245009E-6     -4.275830503593145E-6    -5160.375684019576
1.4307072459831205E-7     -2.8993662113064617E-6   10112.884641267576
8.450139322164612E-8      -3.008585050467604E-6    9229.365736444797
2.593206184498021E-8      -3.1178038896287467E-6   8349.9817062359
-3.263726953168571E-8     -3.2270227287898896E-6   7474.732550640896
-9.120660090835162E-8     -3.336241567951032E-6    6611.7015063524605
2.2493826788732484E-7     -3.0100618494341825E-6   9799.511493365771
1.6636893651065894E-7     -3.1192806885953254E-6   8935.197307474475
1.0779960513399301E-7     -3.228499527756468E-6    8074.976416188607
4.923027375732711E-8      -3.337718366917611E-6    7219.095023620899
3.068058111763376E-7      -3.1207574875619038E-6   9519.071940402646
2.482364797996717E-7      -3.2299763267230463E-6   8656.584685037667
1.8966714842300583E-7     -3.339195165884189E-6    7798.198275959487
3.886733544653505E-7      -3.2314531256896246E-6   9238.13091637358
3.3010402308868457E-7     -3.340671964850767E-6    8377.241292978331
4.705408977543633E-7      -3.3421487638173463E-6   8956.224074677437
-1.7073370966647777E-7    -3.223770358406945E-6    6612.882788953795
-1.1216437828981185E-7    -3.114551519245802E-6    7485.258090659559
-5.359504691314593E-8     -3.005332680084659E-6    8379.330569469148
4.9742844635199735E-9     -2.896113840923516E-6    9277.57950290104
-2.5026081842460393E-7    -3.111299148862857E-6    6627.338439823335
-1.91691487047938E-7      -3.002080309701714E-6    7513.076728897999
-1.3312215567127207E-7    -2.8928614705405714E-6   8408.67790253387
-3.2978792718273004E-7    -2.9988279393187688E-6   6640.323611190556
-2.7121859580606414E-7    -2.889609100157626E-6    7539.614906170627
-4.093150359408562E-7     -2.886356729774681E-6    6651.838303055458
5.484706312829237E-7      -3.4535559567759412E-6   8654.088484362077
4.859634901458054E-7      -3.563486350767958E-6    7825.774153328288
4.2345634900868706E-7     -3.6734167447599745E-6   7000.909333920674
3.6094920787156873E-7     -3.783347138751991E-6    6179.4940261392385
2.9844206673445046E-7     -3.893277532744008E-6    5371.6406078951895
6.264604850693925E-7      -3.5639082274049916E-6   8152.183987650777
5.639533439322742E-7      -3.6738386213970087E-6   7342.104641076669
5.014462027951559E-7      -3.783769015389025E-6    6535.387846159401
4.389390616580376E-7      -3.893699409381042E-6    5732.097868314666
7.044503388558613E-7      -3.6742604980340424E-6   7681.926077763335
6.41943197718743E-7       -3.7841908920260595E-6   6873.429428469044
5.794360565816247E-7      -3.894121286018076E-6    6068.302253384641
7.824401926423301E-7      -3.7846127686630933E-6   7211.457300266468
7.199330515052118E-7      -3.89454316265511E-6     6404.493230416561
8.60430046428799E-7       -3.894965039292145E-6    6740.670799410431
2.2051233320589005E-7     -3.7818703397854132E-6   5608.312392473692
2.830194743430084E-7      -3.671939945793396E-6    6427.313103542344
3.4552661548012665E-7     -3.5620095518013795E-6   7266.5921734581625
4.08033756617245E-7       -3.4520791578093625E-6   8109.407714969477
1.4258259967732963E-7     -3.6704631468268174E-6   5859.213255512818
2.0508974081444788E-7     -3.5605327528348012E-6   6692.14659320828
2.6759688195156624E-7     -3.450602358842784E-6    7532.811058017268
6.465286614876921E-8      -3.5590559538682225E-6   6109.114301039082
1.271600072858875E-7      -3.449125559876206E-6    6956.1559679386955
-1.3276867379791218E-8    -3.4476487609096275E-6   6358.015529052481
9.362404725298184E-7      -4.005912133012832E-6    6264.307637187357
8.715539037072506E-7      -4.116437350096484E-6    5492.617583367255
8.06867334884683E-7       -4.2269625671801374E-6   4723.505100647832
7.421807660621152E-7      -4.33748778426379E-6     3956.970189029081
1.0118116373533512E-6     -4.1169148650947215E-6   5628.579921297496
9.471250685307834E-7      -4.227440082178374E-6    4870.249832116294
8.824384997082158E-7      -4.337965299262027E-6    4114.376153089823
8.177519308856482E-7      -4.44849051634568E-6     3361.00216409725
1.087382802176884E-6      -4.2279175971766114E-6   5018.24811730261
1.0226962333543164E-6     -4.338442814260265E-6    4261.00101277432
9.580096645317485E-7      -4.448968031343917E-6    3506.2156200056384
1.1629539670004169E-6     -4.338920329258501E-6    4407.61395906639
1.0982673981778492E-6     -4.449445546342155E-6    3651.4173196361453
1.2385251318239497E-6     -4.449923061340392E-6    3796.607262988769
6.016837711385282E-7      -4.337065907626756E-6    3627.8243438040236
6.663703399610958E-7      -4.226540690543103E-6    4393.797576091549
7.310569087836635E-7      -4.11601547345945E-6     5173.354299901323
7.957434776062311E-7      -4.005490256375797E-6    5955.609755757697
5.258733450375087E-7      -4.226118813906069E-6    4064.2481187009516
5.905599138600764E-7      -4.115593596822416E-6    4840.656624721176
6.552464826826441E-7      -4.005068379738763E-6    5621.20050262786
4.5006291893648936E-7     -4.1151717201853815E-6   4499.771551388596
5.14749487759057E-7       -4.004646503101729E-6    5286.778143934112
3.7425249283546983E-7     -4.004224626464695E-6    4934.394641866962
1.0393630990755878E-6     -4.779682715537213E-6    1592.3156915395093
1.1057504433250415E-6     -4.6697628308049394E-6   2325.329969526187
1.1721377875744956E-6     -4.559842946072666E-6    3060.070432142576
9.65492709678941E-7       -4.669285315806702E-6    2182.8402199018838
1.0318800539283953E-6     -4.559365431074428E-6    2916.249417676724
8.916223202822945E-7      -4.558887916076191E-6    2772.416804047515
-3.461989523267281E-6     -2.7392708916860032E-6   -13085.740700235103
-3.5534971929307286E-6    -2.7819079333091982E-6   -13159.388129553347
-3.6450048625941766E-6    -2.8245449749323932E-6   -13212.001155779297
-3.7365125322576245E-6    -2.8671820165555882E-6   -13263.855136081896
-3.8280202019210725E-6    -2.9098190581787836E-6   -13281.748200313377
-3.445689087418531E-6     -2.839103319504948E-6    -12305.307765164303
-3.537196757081979E-6     -2.8817403611281434E-6   -12357.221643950525
-3.628704426745427E-6     -2.924377402751338E-6    -12409.498881279385
-3.720212096408875E-6     -2.9670144443745334E-6   -12444.480681280713
-3.4293886515697814E-6    -2.938935747323893E-6    -11527.415580107581
-3.5208963212332294E-6    -2.9815727889470882E-6   -11557.644071905366
-3.6124039908966773E-6    -3.0242098305702832E-6   -11609.62394124287
-3.413088215721032E-6     -3.038768175142838E-6    -10752.06414506496
-3.5045958853844798E-6    -3.081405216766033E-6    -10777.177980199845
-3.3967877798722822E-6    -3.138600602961783E-6    -9995.854245523673
-3.3674767525818827E-6    -2.7525582505404423E-6   -12452.413835038635
-3.351176316733133E-6     -2.852390678359387E-6    -11695.298798899039
-3.3348758808843835E-6    -2.952223106178332E-6    -10940.67634922994
-3.318575445035634E-6     -3.052055533997277E-6    -10165.642244859948
-3.2729639818964848E-6    -2.7658456093948813E-6   -11839.829299136769
-3.256663546047735E-6     -2.865678037213826E-6    -11084.634400293447
-3.2403631101989856E-6    -2.965510465032771E-6    -10311.427992294848
-3.1784512112110864E-6    -2.7791329682493194E-6   -11227.711735360548
-3.162150775362337E-6     -2.8789653960682646E-6   -10456.230396970308
-3.083938440525689E-6     -2.792420327103759E-6    -10600.049458886328
-4.325228877557913E-6     -3.2648007915306328E-6   -11967.907306906493
-4.209179833324681E-6     -3.3262448500196883E-6   -11232.949821565411
-4.093130789091449E-6     -3.3876889085087443E-6   -10500.192205737878
-3.977081744858217E-6     -3.4491329669978E-6      -9769.634459423894
-3.861032700624985E-6     -3.5105770254868558E-6   -9071.70256047676
-4.224138954686337E-6     -3.1946541793189236E-6   -12290.145204904833
-4.108089910453106E-6     -3.2560982378079795E-6   -11540.66333934253
-3.992040866219874E-6     -3.3175422962970355E-6   -10793.500119048664
-3.875991821986642E-6     -3.3789863547860915E-6   -10092.329199454838
-4.1230490318147625E-6    -3.1245075671072152E-6   -12591.756629318512
-4.0069999875815305E-6    -3.185951625596271E-6    -11841.175719503837
-3.890950943348299E-6     -3.247395684085327E-6    -11103.498232131173
-4.021959108943188E-6     -3.0543609548955065E-6   -12892.855511271642
-3.905910064709956E-6     -3.1158050133845624E-6   -12118.598111335165
-3.920869186071613E-6     -2.9842143426837986E-6   -13137.62883706683
-3.489636764022823E-6     -3.2129958874667977E-6   -9839.061393161053
-3.5974448695350204E-6    -3.1558005012710475E-6   -10630.531575516827
-3.705252975047218E-6     -3.0986051150752973E-6   -11445.306212239893
-3.8130610805594155E-6    -3.041409728879548E-6    -12262.400961524083
-3.5824857481733635E-6    -3.2873911719718122E-6   -9657.495578978553
-3.690293853685561E-6     -3.230195785776062E-6    -10466.525636345945
-3.7981019591977586E-6    -3.1730003995803122E-6   -11280.113094625272
-3.675334732323904E-6     -3.3617864564768268E-6   -9475.003153569203
-3.7831428378361017E-6    -3.3045910702810765E-6   -10301.682729469148
-3.7681837164744447E-6    -3.4361817409818413E-6   -9291.584116932989
-3.965767566081136E-6     -3.600789013942552E-6    -8693.069781453527
-4.081816610314368E-6     -3.539344955453496E-6    -9381.171920938043
-4.197865654547599E-6     -3.4779008969644402E-6   -10097.203528298238
-4.313914698780831E-6     -3.4164568384753843E-6   -10815.31622941708
-4.070502431537288E-6     -3.6910010023982477E-6   -8274.017540440842
-4.186551475770518E-6     -3.6295569439091918E-6   -8972.347557935998
-4.30260052000375E-6      -3.5681128854201366E-6   -9687.040810801469
-4.1752372969934376E-6    -3.781212990853944E-6    -7854.273355417657
-4.29128634122667E-6      -3.719768932364888E-6    -8562.967119935507
-4.279972162449589E-6     -3.87142497930964E-6     -7433.837226383965
-2.9541157956181477E-6    -2.8129475460969633E-6   -9924.812573546391
-3.0323281304547956E-6    -2.899492615061469E-6    -9762.2777797244
-3.110540465291444E-6     -2.986037684025975E-6    -9617.044136621666
-3.1887528001280923E-6    -3.072582752990481E-6    -9470.724523996441
-3.266965134964741E-6     -3.1591278219549873E-6   -9318.988945849174
-2.9025054855472545E-6    -2.920019834054673E-6    -9090.889125818056
-2.9807178203839032E-6    -3.0065649030191794E-6   -8944.110778390244
-3.058930155220551E-6     -3.0931099719836856E-6   -8799.657446120322
-3.1371424900572E-6       -3.1796550409481913E-6   -8650.283596877267
-2.850895175476362E-6     -3.027092122012384E-6    -8260.559309984412
-2.9291075103130104E-6    -3.1136371909768896E-6   -8129.536770060193
-3.0073198451496587E-6    -3.2001822599413954E-6   -7982.492633502186
-2.7992848654054697E-6    -3.134164409970094E-6    -7433.823126045494
-2.877497200242118E-6     -3.2207094789346003E-6   -7315.616055723949
-2.747674555334577E-6     -3.2412366979278043E-6   -6637.874723604814
-2.8456066175540795E-6    -2.810499993018886E-6    -9269.25264262949
-2.793996307483187E-6     -2.917572280976596E-6    -8422.526379119541
-2.7423859974122943E-6    -3.0246445689343063E-6   -7579.394386394872
-2.690775687341402E-6     -3.1317168568920173E-6   -6760.020679920086
-2.7370974394900117E-6    -2.8080524399408086E-6   -8595.204354029305
-2.6854871294191193E-6    -2.915124727898519E-6    -7750.651410299104
-2.6338768193482264E-6    -3.0221970158562295E-6   -6909.145926083335
-2.6285882614259443E-6    -2.805604886862731E-6    -7921.054827987573
-2.576977951355052E-6     -2.9126771748204417E-6   -7057.268966172975
-2.5200790833618765E-6    -2.8031573337846547E-6   -7204.389800188994
-2.625689735987439E-6     -3.2497065083125173E-6   -6036.40837769236
-2.503704916640301E-6     -3.2581763186972295E-6   -5421.045714547836
-2.381720097293163E-6     -3.2666461290819425E-6   -4806.056540807975
-2.2597352779460254E-6    -3.2751159394666555E-6   -4191.440856472777
-2.1377504585988876E-6    -3.283585749851368E-6    -3558.6835532310415
-2.5687908679942637E-6    -3.1401866672767295E-6   -6162.773368276581
-2.446806048647126E-6     -3.1486564776614425E-6   -5545.746580721185
-2.324821229299988E-6     -3.157126288046155E-6    -4929.10433271846
-2.2028364099528504E-6    -3.165596098430868E-6    -4295.877770881223
-2.5118920000010887E-6    -3.030666826240942E-6    -6288.746120897038
-2.389907180653951E-6     -3.0391366366256547E-6   -5669.277666534255
-2.267922361306813E-6     -3.0476064470103673E-6   -5050.93334731156
-2.4549931320079137E-6    -2.9211469852051543E-6   -6413.568067586006
-2.333008312660776E-6     -2.9296167955898673E-6   -5810.080255812739
-2.3980942640147387E-6    -2.8116271441693673E-6   -6573.318496384773
-1.9130139905996945E-6    -2.83716417851575E-6     -3135.0803755542047
-2.0342840589534556E-6    -2.8307799199291542E-6   -4026.203460037242
-2.1555541273072166E-6    -2.824395661342558E-6    -4886.945117092424
-2.2768241956609777E-6    -2.8180114027559625E-6   -5748.009891888699
-1.9691981075994924E-6    -2.9487695713496547E-6   -3240.713309665033
-2.0904681759532534E-6    -2.942385312763059E-6    -4112.241530484929
-2.211738244307015E-6     -2.9360010541764634E-6   -4970.210488976739
-2.025382224599291E-6     -3.0603749641835586E-6   -3344.412139877193
-2.146652292953052E-6     -3.053990705596963E-6    -4196.476682970531
-2.0815663415990893E-6    -3.1719803570174634E-6   -3446.1768661906835
-1.236916041443935E-6     -2.867695111679095E-6    1450.409289255172
-1.3726023099197548E-6    -2.8612489365188753E-6   468.8987528333255
-1.5082885783955746E-6    -2.8548027613586553E-6   -507.33614694489074
-1.6439748468713943E-6    -2.8483565861984357E-6   -1483.9398164845597
-1.7796611153472144E-6    -2.841910411038216E-6    -2435.1182349672918
-1.295433551667073E-6     -2.977600561875246E-6    1049.5876196306017
-1.4311198201428928E-6    -2.9711543867150258E-6   77.28592449621692
-1.5668060886187127E-6    -2.964708211554806E-6    -895.888565896309
-1.7024923570945322E-6    -2.958262036394587E-6    -1856.0168728020517
-1.3539510618902108E-6    -3.0875060120713963E-6   651.6873274138288
-1.4896373303660307E-6    -3.0810598369111767E-6   -311.4864108642006
-1.6253235988418506E-6    -3.074613661750957E-6    -1280.6445247125957
-1.4124685721133488E-6    -3.1974114622675476E-6   256.7084126048585
-1.5481548405891687E-6    -3.190965287107328E-6    -709.0011906989257
-1.4709860823364867E-6    -3.307316912463698E-6    -146.43864003763787
-2.0043975833464073E-6    -3.2883319823738343E-6   -2898.8726637961945
-1.8710447080939274E-6    -3.2930782148963E-6      -2214.8547008203996
-1.737691832841447E-6     -3.2978244474187657E-6   -1531.0732815138776
-1.6043389575889668E-6    -3.3025706799412323E-6   -847.5284058766282
-1.948213466346609E-6     -3.1767265895399295E-6   -2778.9401685243647
-1.8148605910941287E-6    -3.1814728220623957E-6   -2092.578283468494
-1.6815077158416486E-6    -3.1862190545848614E-6   -1406.4596033436846
-1.8920293493468108E-6    -3.0651211967060247E-6   -2657.8001402344526
-1.7586764740943307E-6    -3.069867429228491E-6    -1968.622746428773
-1.8358452323470123E-6    -2.953515803872121E-6    -2534.594822109306
-5.482889686416538E-7     -2.8839969203287717E-6   5978.290948878364
-6.077357925843253E-7     -2.9941083204269495E-6   5308.672937795836
-6.671826165269968E-7     -3.104219720525127E-6    4642.767469887773
-7.266294404696683E-7     -3.2143311206233054E-6   3980.57454515418
-7.860762644123397E-7     -3.324442520721483E-6    3320.865719854344
-4.6876185988352767E-7    -2.9964681298728593E-6   5966.99266548326
-5.282086838261991E-7     -3.106579529971037E-6    5304.432351235409
-5.876555077688706E-7     -3.216690930069215E-6    4645.605149556031
-6.471023317115421E-7     -3.3268023301673934E-6   3990.5889405316284
-3.892347511254015E-7     -3.1089393394169465E-6   5968.786032701624
-4.48681575068073E-7      -3.219050739515125E-6    5307.319447921405
-5.081283990107445E-7     -3.329162139613303E-6    4649.501477300463
-3.097076423672754E-7     -3.2214105489610346E-6   5968.918901881161
-3.6915446630994687E-7    -3.3315219490592128E-6   5308.302384442237
-2.3018053360914924E-7    -3.3338817585051227E-6   5966.991661956945
-8.645407177740311E-7     -3.2111119488737757E-6   3029.5639467090873
-8.050938938313598E-7     -3.101000548775597E-6    3692.000281631552
-7.456470698886882E-7     -2.9908891486774193E-6   4360.880648234622
-6.862002459460168E-7     -2.8807777485792416E-6   5033.452988618124
-9.430051711357227E-7     -3.0977813770260673E-6   2741.582981901469
-8.835583471930512E-7     -2.9876699769278896E-6   3404.121044696154
-8.241115232503797E-7     -2.877558576829712E-6    4073.6837470136074
-1.021469624497414E-6     -2.98445080517836E-6     2450.9580897618416
-9.620228005547426E-7     -2.8743394050801817E-6   3113.735372717061
-1.0999340778591056E-6    -2.8711202333306515E-6   2157.6892702902155
-1.3340041187516574E-6    -3.3107420341152555E-6   540.3644882601998
-1.197022155166828E-6     -3.314167155766812E-6    1234.7771386823965
-1.0600401915819987E-6    -3.317592277418369E-6    1929.0170313509466
-9.23058227997169E-7      -3.321017399069926E-6    2623.084166265849
-1.2754866085285194E-6    -3.200836583919104E-6    941.4580702445473
-1.1385046449436899E-6    -3.204261705570661E-6    1638.5883394619668
-1.0015226813588604E-6    -3.207686827222218E-6    2335.5409842502013
-1.2169690983053813E-6    -3.0909311337229533E-6   1345.2266766081011
-1.0799871347205518E-6    -3.0943562553745103E-6   2045.1599743405386
-1.1584515880822434E-6    -2.981025683526803E-6    1751.9975448105579
-3.7885343033537136E-6    -4.076944433631463E-6    -5411.883192447582
-3.8030339828079683E-6    -3.9636709520025415E-6   -6159.8783940487065
-3.8175336622622226E-6    -3.850397470373619E-6    -6883.680860931692
-3.832033341716477E-6     -3.7371239887446986E-6   -7609.40072250738
-3.846533021170731E-6     -3.623850507115777E-6    -8337.03797877579
-3.907768848264119E-6     -4.053882940458238E-6    -5711.546338207736
-3.922268527718373E-6     -3.940609458829316E-6    -6458.6440345217015
-3.9367682071726276E-6    -3.827335977200395E-6    -7210.12871851262
-3.951267886626882E-6     -3.714062495571473E-6    -7963.553425528899
-4.027003393174524E-6     -4.030821447285012E-6    -6031.447939661326
-4.041503072628778E-6     -3.91754796565609E-6     -6780.015863853139
-4.0560027520830326E-6    -3.804274484027169E-6    -7533.187761440144
-4.146237938084929E-6     -4.0077599541117865E-6   -6351.937543301596
-4.160737617539183E-6     -3.894486472482865E-6    -7101.994284328809
-4.265472482995335E-6     -3.984698460938562E-6    -6673.015149128555
-4.450414265866207E-6     -4.553843659803436E-6    -3133.1849149097993
-4.349865498413109E-6     -4.547314626549334E-6    -3113.104803358004
-4.24931673096001E-6      -4.540785593295231E-6    -3092.9229249969535
-4.148767963506911E-6     -4.534256560041129E-6    -3072.6392798266447
-4.417163064783494E-6     -4.4340965147449954E-6   -3881.248938808675
-4.316614297330395E-6     -4.427567481490893E-6    -3859.635435305596
-4.2160655298772965E-6    -4.421038448236791E-6    -3837.9196811031643
-4.115516762424198E-6     -4.414509414982689E-6    -3804.937073910176
-4.383911863700781E-6     -4.314349369686555E-6    -4628.850705093643
-4.283363096247682E-6     -4.307820336432453E-6    -4606.3144483148235
-4.182814328794583E-6     -4.3012913031783505E-6   -4587.354345207423
-4.350660662618068E-6     -4.194602224628115E-6    -5376.999840736699
-4.250111895164969E-6     -4.188073191374012E-6    -5372.172808065239
-4.317409461535354E-6     -4.0748550795696745E-6   -6159.392462483628
-3.8404712818937335E-6    -4.1671010522625754E-6   -4906.486398464991
-3.9597058268041385E-6    -4.14403955908935E-6     -5234.276988084861
-4.0789403717145435E-6    -4.120978065916124E-6    -5553.311438570581
-4.1981749166249485E-6    -4.097916572742899E-6    -5872.91530228543
-3.892408260433753E-6     -4.257257670893688E-6    -4439.366459967507
-4.011642805344158E-6     -4.2341961777204626E-6   -4754.3347446199805
-4.130877350254563E-6     -4.211134684547238E-6    -5072.285058419595
-3.944345238973773E-6     -4.347414289524801E-6    -3971.9280926428332
-4.063579783884178E-6     -4.324352796351575E-6    -4274.166572464684
-3.996282217513793E-6     -4.437570908155914E-6    -3504.171296490966
-4.421845558293958E-6     -4.641769121191928E-6    -2564.0855571057914
-4.393276850721707E-6     -4.72969458258042E-6     -1996.6416835550247
-4.364708143149458E-6     -4.817620043968912E-6    -1429.843667285501
-4.321296790840859E-6     -4.635240087937825E-6    -2545.274085244224
-4.292728083268609E-6     -4.723165549326317E-6    -1978.488212708141
-4.22074802338776E-6      -4.628711054683722E-6    -2526.3613304634955
-1.522731152587812E-7     -3.4465296682700388E-6   5946.768986091263
-2.1333962960921077E-7    -3.556817768589045E-6    5298.582829473777
-2.744061439596403E-7     -3.667105868908051E-6    4653.657854660416
-3.354726583100699E-7     -3.7773939692270574E-6   4011.9940616511785
-3.9653917266049945E-7    -3.887682069546064E-6    3376.0084724819576
-7.434338173022076E-8     -3.5579368612286337E-6   5694.509045230969
-1.3540989608065036E-7    -3.6682249615476395E-6   5055.657589968074
-1.9647641043107987E-7    -3.7785130618666457E-6   4420.034247582489
-2.575429247815095E-7     -3.888801162185653E-6    3787.706394752866
3.5863517983396362E-9     -3.6693440541872287E-6   5459.555032408311
-5.748016255208992E-8     -3.779632154506235E-6    4821.752155447822
-1.1854667690251948E-7    -3.889920254825241E-6    4187.16427737739
8.151608532690006E-8      -3.7807512471458237E-6   5223.425499495439
2.044957097647049E-8      -3.89103934746483E-6     4586.578539721013
1.5944581885546046E-7     -3.8921584401044195E-6   4985.949181783728
-4.744465910108675E-7     -3.775034159781148E-6    3363.449697837465
-4.133800766604379E-7     -3.6647460594621413E-6   4004.6698000941224
-3.523135623100083E-7     -3.5544579591431347E-6   4655.349632962509
-2.912470479595788E-7     -3.4441698588241285E-6   5309.323716561807
-5.523540093612355E-7     -3.6623862500162314E-6   3356.383858645904
-4.912874950108059E-7     -3.5520981496972252E-6   4001.812696527085
-4.3022098066037643E-7    -3.441810049378219E-6    4653.288584056041
-6.302614277116037E-7     -3.5497383402513153E-6   3347.3743713659487
-5.691949133611741E-7     -3.4394502399323087E-6   3997.1450367017487
-7.081688460619716E-7     -3.4370904304863992E-6   3336.4212359976145
2.3590016686676641E-7     -4.00413792272544E-6     4738.560721860857
1.733582669990824E-7      -4.114998312706871E-6    4117.146928437706
1.1081636713139837E-7     -4.225858702688302E-6    3498.3886562877738
4.827446726371434E-8      -4.336719092669733E-6    2882.2859054110595
3.1171059296778587E-7     -4.115085016446126E-6    4299.639042366482
2.491686931001018E-7      -4.225945406427558E-6    3685.410382046726
1.866267932324178E-7      -4.336805796408989E-6    3073.760623098189
1.240848933647338E-7      -4.447666186390421E-6    2464.693054767673
3.8752101906880524E-7     -4.2260321101668135E-6   3875.548994192186
3.2497911920112127E-7     -4.3368925001482446E-6   3262.0796309555344
2.6243721933343726E-7     -4.4477528901296765E-6   2651.1884766134444
4.6333144516982466E-7     -4.3369792038875E-6      3450.395791016026
4.0078954530214064E-7     -4.447839593868931E-6    2837.6810860208175
5.391418712708442E-7      -4.447926297608187E-6    3024.170882989789
-9.072178061527563E-8     -4.3356000000301455E-6   2492.8342343014933
-2.817988074759161E-8     -4.224739610048714E-6    3108.5591720821117
3.4362019120092414E-8     -4.113879220067282E-6    3731.5666125712323
9.690391898777644E-8      -4.0030188300858506E-6   4357.306194235555
-1.671761286265816E-7     -4.223620517409125E-6    2716.208133561702
-1.0463422875889757E-7    -4.112760127427693E-6    3336.4746696590114
-4.209232889121355E-8     -4.001899737446262E-6    3960.1142035442367
-2.4363047663788754E-7    -4.111641034788104E-6    2937.9438217049155
-1.810885767702035E-7     -4.000780644806673E-6    3562.8795361088073
-3.200848246491935E-7     -3.999661552167084E-6    3158.04129873114
3.42014581771673E-7       -4.77911849679972E-6     1217.4542119980338
4.077236782713967E-7      -4.668721097069209E-6    1817.642511043311
4.734327747711204E-7      -4.558323697338698E-6    2419.878551424491
2.693713523026932E-7      -4.6686343933299534E-6   1634.6909935648987
3.3508044880241696E-7     -4.558236993599442E-6    2235.159849704078
1.9672812283371352E-7     -4.558150289860187E-6    2050.4383709037115
-3.361242396576578E-6     -3.2769404310770153E-6   -9112.960935185401
-3.3256970132808743E-6    -3.415280259192248E-6    -8208.265441358872
-3.29015162998517E-6      -3.5536200873074804E-6   -7307.460302274186
-3.2546062466894663E-6    -3.691959915422713E-6    -6410.545517931378
-3.219060863393762E-6     -3.8302997435379456E-6   -5549.935370033528
-3.231419751669037E-6     -3.29746765007022E-6     -8434.537948701045
-3.1958743683733327E-6    -3.435807478185452E-6    -7558.272013922637
-3.160328985077629E-6     -3.5741473063006845E-6   -6685.8611455143855
-3.124783601781925E-6     -3.7124871344159175E-6   -5809.213787379926
-3.1015971067614957E-6    -3.317994869063424E-6    -7769.587352505378
-3.0660517234657924E-6    -3.4563346971786564E-6   -6896.580721954302
-3.030506340170088E-6     -3.594674525293889E-6    -6022.549247417861
-2.9717744618539546E-6    -3.338522088056628E-6    -7105.519125687374
-2.9362290785582512E-6    -3.4768619161718605E-6   -6233.925280629129
-2.8419518169464142E-6    -3.359049307049833E-6    -6443.341887013717
-3.6746396153617235E-6    -4.02761549561276E-6     -5493.889395618393
-3.560744927369733E-6     -3.9782865575940555E-6   -5525.24607592657
-3.446850239377743E-6     -3.928957619575353E-6    -5555.479439425686
-3.3329555513857527E-6    -3.879628681556649E-6    -5584.589486115734
-3.6891392948159777E-6    -3.914342013983838E-6    -6196.279238120532
-3.575244606823987E-6     -3.865013075965134E-6    -6209.581722195526
-3.4613499188319967E-6    -3.815684137946431E-6    -6221.785443987894
-3.347455230840007E-6     -3.766355199927728E-6    -6190.88356571093
-3.703638974270232E-6     -3.8010685323549162E-6   -6893.2377352638205
-3.5897442862782415E-6    -3.751739594336213E-6    -6905.6912531109665
-3.4758495982862514E-6    -3.7024106563175095E-6   -6893.9228410208425
-3.7181386537244863E-6    -3.6877950507259946E-6   -7592.0909987671575
-3.604243965732496E-6     -3.638466112707292E-6    -7599.553103450391
-3.7326383331787406E-6    -3.574521569097074E-6    -8307.774352999582
-3.4540913807271187E-6    -3.35133571558203E-6     -8926.365018536157
-3.5469403648776593E-6    -3.425731000087044E-6    -8726.162826228103
-3.6397893490282E-6       -3.500126284592059E-6    -8524.944379172248
-3.418545997431415E-6     -3.489675543697262E-6    -7996.609945218632
-3.5113949815819555E-6    -3.5640708282022773E-6   -7796.518428240378
-3.3830006141357107E-6    -3.6280153718124945E-6   -7070.780515014655
-2.6908653928201877E-6    -3.363661431776604E-6    -5979.543671049949
-2.7851426544320247E-6    -3.4814740408986315E-6   -5775.14254042683
-2.8794199160438616E-6    -3.59928665002066E-6     -5563.401608195703
-2.9736971776556986E-6    -3.717099259142688E-6    -5349.522995018073
-3.067974439267536E-6     -3.834911868264716E-6    -5134.549640016963
-2.634056230305798E-6     -3.4860861656254026E-6   -5308.421646138771
-2.728333491917635E-6     -3.6038987747474307E-6   -5109.346087608745
-2.822610753529472E-6     -3.7217113838694588E-6   -4898.13596703227
-2.916888015141309E-6     -3.839523992991487E-6    -4685.374072550996
-2.5772470677914085E-6    -3.6085108994742017E-6   -4640.711004855166
-2.6715243294032455E-6    -3.72632350859623E-6     -4446.961147326144
-2.7658015910150825E-6    -3.844136117718258E-6    -4236.405918532086
-2.5204379052770194E-6    -3.730935633323001E-6    -3976.411747199145
-2.6147151668888568E-6    -3.848748242445029E-6    -3787.645177960234
-2.46362874276263E-6      -3.8533603671718E-6      -3321.7267798896223
-2.2029261154316362E-6    -3.3975406733154547E-6   -3504.80664163702
-2.324910934778774E-6     -3.3890708629307417E-6   -4134.13311916679
-2.4468957541259117E-6    -3.380601052546029E-6    -4747.173490317365
-2.5688805734730495E-6    -3.372131242161316E-6    -5360.576300724588
-2.268101772264385E-6     -3.5114955967795404E-6   -3459.785216724841
-2.3900865916115226E-6    -3.503025786394828E-6    -4076.7314952353463
-2.5120714109586603E-6    -3.494555976010115E-6    -4687.396910508765
-2.333277429097133E-6     -3.6254505202436274E-6   -3412.9456879936006
-2.4552622484442708E-6    -3.6169807098589143E-6   -4017.6287750126103
-2.3984530859298816E-6    -3.7394054437077135E-6   -3364.2880554432904
-1.5319644359286024E-6    -3.4198082982868393E-6   -336.86738702920957
-1.6653173111810825E-6    -3.4150620657643728E-6   -1028.9718885242132
-1.7986701864335624E-6    -3.410315833241907E-6    -1710.3258084871725
-1.932023061686043E-6     -3.405569600719441E-6    -2391.9096108576123
-2.065375936938523E-6     -3.400823368196975E-6    -3052.9096046883164
-1.5929427895207179E-6    -3.5322996841099798E-6   -527.3586398624348
-1.7262956647731978E-6    -3.5275534515875136E-6   -1208.6990733277703
-1.859648540025678E-6     -3.522807219065048E-6    -1887.377128423127
-1.9930014152781584E-6    -3.5180609865425817E-6   -2556.2963962034773
-1.6539211431128334E-6    -3.644791069933121E-6    -715.4818879358972
-1.7872740183653135E-6    -3.640044837410655E-6    -1386.1329733099035
-1.9206268936177936E-6    -3.6352986048881888E-6   -2063.0048840908603
-1.714899496704949E-6     -3.7572824557562615E-6   -901.2371312495884
-1.8482523719574294E-6    -3.7525362232337958E-6   -1573.035068350463
-1.7758778502970648E-6    -3.869773841579403E-6    -1094.6608553739286
-2.3260785642695172E-6    -3.856643062053321E-6    -2891.134266305221
-2.1885283857764038E-6    -3.8599257569348405E-6   -2445.2526104065128
-2.0509782072832908E-6    -3.863208451816362E-6    -1999.5176029779893
-1.9134280287901778E-6    -3.866491146697882E-6    -1553.9292440196384
-2.260902907436768E-6     -3.742688138589234E-6    -2928.9527680015744
-2.123352728943655E-6     -3.745970833470754E-6    -2480.7510070485914
-1.985802550450542E-6     -3.749253528352275E-6    -2032.6989337915093
-2.1957272506040196E-6    -3.628733215125147E-6    -2965.2689279282567
-2.058177072110907E-6     -3.6320159100066683E-6   -2514.496922438211
-2.1305515937712714E-6    -3.514778291661061E-6    -2999.649976508106
-8.454948931294064E-7     -3.4356239628270193E-6   2886.691862210519
-9.049135218464731E-7     -3.5468054049325547E-6   2460.1040126028283
-9.643321505635397E-7     -3.657986847038091E-6    2036.3678524195002
-1.0237507792806065E-6    -3.769168289143626E-6    1615.4833816605592
-1.0831694079976733E-6    -3.880349731249162E-6    1190.3367815057634
-7.675874747790384E-7     -3.548271872591935E-6    2901.4577882223766
-8.270061034961051E-7     -3.6594533146974708E-6   2473.8403740699923
-8.864247322131718E-7     -3.7706347568030065E-6   2049.097155039124
-9.458433609302385E-7     -3.881816198908543E-6    1627.1799157274463
-6.896800564286703E-7     -3.660919782356851E-6    2916.520988590444
-7.49098685145737E-7      -3.772101224462387E-6    2489.334774813671
-8.085173138628036E-7     -3.883282666567923E-6    2064.9637077456305
-6.117726380783022E-7     -3.7735676921217668E-6   2929.507449040055
-6.711912667953689E-7     -3.884749134227303E-6    2502.6838861903566
-5.338652197279342E-7     -3.886215601886684E-6    2940.3404510616247
-9.82476856714236E-7      -3.432198841175462E-6    2197.752831869941
-1.1194588202990653E-6    -3.428773719523905E-6    1506.271896176575
-1.2564407838838945E-6    -3.4253485978723474E-6   814.6230694050982
-1.3934227474687242E-6    -3.4219234762207912E-6   132.618572252411
-1.0418954854313026E-6    -3.5433802832809977E-6   1775.3070894749524
-1.178877449016132E-6     -3.5399551616294406E-6   1086.5074960739948
-1.3158594126009613E-6    -3.5365300399778836E-6   402.1980878817867
-1.1013141141483692E-6    -3.654561725386534E-6    1355.6905308071784
-1.2382960777331986E-6    -3.651136603734977E-6    668.9918254801714
-1.160732742865436E-6     -3.7657431674920696E-6   932.9997850475643
-1.4544011010608397E-6    -3.5344148620439317E-6   -58.7556562913378
-1.5153794546529552E-6    -3.6469062478670726E-6   -257.4993808338804
-1.5763578082450707E-6    -3.7593976336902134E-6   -453.80038067832174
-1.6373361618371866E-6    -3.871889019513355E-6    -647.8717701896065
-1.3768377661930768E-6    -3.6490214258010245E-6   205.50544638074098
-1.4378161197851925E-6    -3.7615128116241653E-6   6.597453290947669
-1.498794473377308E-6     -3.874004197447307E-6    -189.98565925013935
-1.2992744313253141E-6    -3.7636279895581173E-6   466.89638492655104
-1.3602527849174298E-6    -3.8761193753812585E-6   267.80353387816353
-1.2217110964575516E-6    -3.8782345533152105E-6   725.4958091953027
-3.7176342770928394E-6    -4.153529728919451E-6    -4876.579334137146
-3.769571255632859E-6     -4.243686347550564E-6    -4399.525721315137
-3.821508234172878E-6     -4.333842966181676E-6    -3944.891684530502
-3.873445212712898E-6     -4.423999584812789E-6    -3489.8467187819006
-3.925382191252918E-6     -4.514156203443902E-6    -3033.0512542014235
-3.6467342508319648E-6    -4.230115024207439E-6    -4360.303595703565
-3.6986712293719842E-6    -4.320271642838553E-6    -3903.45747565295
-3.7506082079120037E-6    -4.410428261469665E-6    -3449.5711722998667
-3.802545186452024E-6     -4.500584880100778E-6    -2995.5784922249754
-3.57583422457109E-6      -4.306700319495428E-6    -3845.665379501467
-3.6277712031111096E-6    -4.3968569381265404E-6   -3408.95610911515
-3.6797081816511295E-6    -4.487013556757653E-6    -2957.7674734549805
-3.5049341983102155E-6    -4.383285614783416E-6    -3332.6646855308645
-3.556871176850236E-6     -4.47344223341453E-6     -2919.6181978914456
-3.603739589100849E-6     -4.104200790900748E-6    -4949.460562023159
-3.5328395628399742E-6    -4.180786086188736E-6    -4414.066005485409
-3.4619395365790996E-6    -4.257371381476724E-6    -3880.3796142862293
-3.391039510318226E-6     -4.3339566767647135E-6   -3370.3339037159335
-3.4898449011088583E-6    -4.054871852882044E-6    -4998.3634135723405
-3.418944874847984E-6     -4.131457148170033E-6    -4463.309798270253
-3.3480448485871095E-6    -4.208042443458021E-6    -3915.0527182224732
-3.375950213116868E-6     -4.0055429148633405E-6   -5046.118393786021
-3.305050186855994E-6     -4.082128210151329E-6    -4459.520958843756
-3.262055525124878E-6     -3.956213976844638E-6    -5003.738625579771
-3.876373600859042E-6     -4.608610698086496E-6    -2471.986698972867
-3.827365010465166E-6     -4.70306519272909E-6     -1913.4773748857656
-3.7783564200712893E-6    -4.797519687371685E-6    -1356.183712072209
-3.753536596058147E-6     -4.595039374743372E-6    -2437.243450718349
-3.7045280056642717E-6    -4.689493869385966E-6    -1879.8195182431182
-3.630699591257253E-6     -4.581468051400247E-6    -2402.163205579427
-4.584109908115764E-7     -3.998867449086688E-6    2934.523479590608
-5.202828089626533E-7     -4.110052828627311E-6    2500.3811080131636
-5.821546271137302E-7     -4.221238208167935E-6    2068.8215219254466
-6.440264452648071E-7     -4.332423587708559E-6    1639.844721327463
-3.819566428002704E-7     -4.110846931707708E-6    2715.2273281072703
-4.438284609513473E-7     -4.222032311248332E-6    2282.527181064923
-5.057002791024241E-7     -4.333217690788955E-6    1852.3799644059463
-5.675720972535012E-7     -4.444403070329579E-6    1424.7867008924572
-3.0550229478896443E-7    -4.222826414328728E-6    2499.7034633887615
-3.673741129400414E-7     -4.334011793869352E-6    2067.4122637537675
-4.2924593109111826E-7    -4.445197173409976E-6    1637.659675974959
-2.2904794677765848E-7    -4.334805896949748E-6    2282.41380756338
-2.909197649287354E-7     -4.445991276490372E-6    1850.5022514386642
-1.5259359876635255E-7    -4.446785379570769E-6    2063.314427283567
-7.813524923322419E-7     -4.330957120049179E-6    1212.1914613999393
-7.194806741811649E-7     -4.2197717405085546E-6   1641.7682438973654
-6.57608856030088E-7      -4.10858636096793E-6     2071.9874328528654
-5.95737037879011E-7      -3.997400981427307E-6    2504.819262404426
-8.568067212485996E-7     -4.218305272849175E-6    1210.0928421648105
-7.949349030975228E-7     -4.1071198933085505E-6   1639.0266753498613
-7.330630849464459E-7     -3.995934513767927E-6    2069.5146857478157
-9.322609501649575E-7     -4.1056534256491706E-6   1205.7728217681124
-8.703891320138806E-7     -3.994468046108546E-6    1634.1478274924366
-1.0077151790813154E-6    -3.9930015784491665E-6   1199.2314002098433
-3.534023680485246E-7     -4.778237689980069E-6    766.9581710392978
-2.864661116211339E-7     -4.667753586510301E-6    1196.791790918242
-2.1952985519374323E-7    -4.557269483040535E-6    1628.8958985504755
-4.247922777835168E-7     -4.666959483429905E-6    988.1579258202601
-3.578560213561261E-7     -4.556475379960138E-6    1418.1801928042773
-4.96182187518509E-7      -4.555681276879742E-6    1207.434443358679
-3.3072999491484703E-6    -4.453904665143463E-6    -2743.580582442758
-3.180565726247599E-6     -4.447938420215521E-6    -2605.020648504773
-3.0538315033467278E-6    -4.441972175287579E-6    -2466.2696704045784
-2.9270972804458567E-6    -4.436005930359637E-6    -2327.3276481421753
-3.264305287417354E-6     -4.327990431836772E-6    -3251.028097428285
-3.137571064516483E-6     -4.322024186908829E-6    -3109.5972679918223
-3.010836841615612E-6     -4.316057941980887E-6    -2967.9739306968368
-2.884102618714741E-6     -4.310091697052946E-6    -2812.0765129625147
-3.2213106256862384E-6    -4.2020761985300785E-6   -3756.862389279737
-3.0945764027853674E-6    -4.1961099536021375E-6   -3613.391182562751
-2.9678421798844964E-6    -4.1901437086741955E-6   -3479.5261159044994
-3.1783159639551225E-6    -4.076161965223387E-6    -4262.317121828919
-3.0515817410542515E-6    -4.070195720295445E-6    -4150.572859476588
-3.135321302224007E-6     -3.950247731916696E-6    -4825.216743678797
-2.7330161945885147E-6    -4.3147038217797164E-6   -2382.4016726938003
-2.6656693316320437E-6    -4.199367958127737E-6    -2617.3952245779897
-2.5983224686755722E-6    -4.084032094475758E-6    -2850.7417790610994
-2.5309756057191012E-6    -3.968696230823778E-6    -3082.4413361431325
-2.8167557557582702E-6    -4.194755833400966E-6    -3047.606401838529
-2.749408892801799E-6     -4.079419969748987E-6    -3295.69483831743
-2.6820620298453274E-6    -3.964084106097008E-6    -3542.260249818398
-2.900495316928025E-6     -4.074807845022216E-6    -3739.9162004123905
-2.833148453971554E-6     -3.959471981370237E-6    -3988.984612025096
-2.9842348780977805E-6    -3.954859856643466E-6    -4435.911592846214
-2.037458435887692E-6     -4.323199668508914E-6    -1089.3358110465956
-1.972063289490035E-6     -4.209843211776535E-6    -1093.1129053128643
-1.9066681430923783E-6    -4.096486755044158E-6    -1094.7727712603928
-1.8412729966947215E-6    -3.983130298311781E-6    -1094.3154088891974
-2.175008614380805E-6     -4.319916973627393E-6    -1523.7018978343576
-2.109613467983148E-6     -4.206560516895015E-6    -1527.2660647042583
-2.0442183215854913E-6    -4.093204060162637E-6    -1538.0943030294934
-1.9788231751878345E-6    -3.979847603430259E-6    -1546.8731072851751
-2.247163646476261E-6     -4.203277822013494E-6    -1966.3775988905131
-2.1817685000786043E-6    -4.089921365281117E-6    -1979.039183522384
-2.1163733536809476E-6    -3.976564908548739E-6    -1990.2678359779086
-2.3193186785717173E-6    -4.086638670399596E-6    -2412.031877896763
-2.25392353217406E-6      -3.973282213667218E-6    -2433.806173915088
-2.3914737106671736E-6    -3.969999518785698E-6    -2860.6647348531096
-2.458820573623645E-6     -4.0853353824376775E-6   -2626.84521159822
-2.5261674365801156E-6    -4.200671246089656E-6    -2408.0781047627333
-2.593514299536587E-6     -4.316007109741635E-6    -2187.540028103029
-2.6608611624930585E-6    -4.431342973393615E-6    -1965.404091473259
-2.3866655415281884E-6    -4.201974534051575E-6    -2187.509541461888
-2.4540124044846594E-6    -4.3173103977035545E-6   -1969.3120305657449
-2.521359267441131E-6     -4.432646261355533E-6    -1749.4316766811198
-2.3145105094327317E-6    -4.318613685665473E-6    -1751.1371556511522
-2.381857372389203E-6     -4.433949549317453E-6    -1533.5118031527752
-2.242355477337276E-6     -4.435252837279372E-6    -1317.6444708882289
-1.1473877371158242E-6    -3.992408481282494E-6    957.9393425931407
-1.2116060662339752E-6    -4.104467231315825E-6    730.8737375310948
-1.275824395352126E-6     -4.216525981349157E-6    506.2590526113927
-1.340042724470277E-6     -4.328584731382489E-6    284.09528783402857
-1.0719335081994664E-6    -4.105060328482498E-6    967.5575767660193
-1.1361518373176174E-6    -4.217119078515829E-6    737.8400699035356
-1.2003701664357681E-6    -4.329177828549161E-6    510.5915921939268
-1.2645884955539193E-6    -4.441236578582493E-6    285.78941782087577
-9.964792792831085E-7     -4.217712175682502E-6    973.4498274377675
-1.0606976084012595E-6    -4.329770925715833E-6    743.8266767402984
-1.1249159375194105E-6    -4.441829675749165E-6    516.6557015506953
-9.210250503667506E-7     -4.330364022882506E-6    977.0365550963015
-9.852433794849016E-7     -4.442422772915838E-6    747.4970592122997
-8.455708214503929E-7     -4.44301587008251E-6     978.3134908056858
-1.4785844129301554E-6    -4.326469553448537E-6    -162.2342989974086
-1.4143660838120044E-6    -4.214410803415205E-6    60.091657647715095
-1.3501477546938532E-6    -4.102352053381873E-6    279.4864469815311
-1.2859294255757024E-6    -3.990293303348542E-6    501.3140474471338
-1.5529077722718826E-6    -4.212295625481253E-6    -390.37083325640924
-1.4886894431537316E-6    -4.100236875447921E-6    -173.3215743342239
-1.4244711140355806E-6    -3.98817812541459E-6     46.01427950041
-1.62723113161361E-6      -4.0981216975139695E-6   -621.1890719743133
-1.563012802495459E-6     -3.986062947480638E-6    -409.3804217349784
-1.7015544909553374E-6    -3.983947769546686E-6    -854.6890151511157
-1.7669496373529941E-6    -4.097304226279064E-6    -854.1854546856539
-1.832344783750651E-6     -4.210660683011441E-6    -861.6779127602022
-1.8977399301483077E-6    -4.324017139743819E-6    -866.9853482668532
-1.9631350765459645E-6    -4.437373596476197E-6    -870.1735494973268
-1.6926262780112667E-6    -4.211478154246347E-6    -626.0798729287635
-1.7580214244089235E-6    -4.324834610978725E-6    -633.8211082796297
-1.8234165708065803E-6    -4.438191067711103E-6    -639.4126188441523
-1.6183029186695393E-6    -4.3256520822136306E-6   -400.69208467084445
-1.6836980650671961E-6    -4.439008538946008E-6    -408.68652083034976
-1.5439795593278122E-6    -4.439826010180915E-6    -177.99525545592186
-3.248489941871153E-6     -4.561930483129181E-6    -2207.0621612776467
-3.1896799345938357E-6    -4.6699563011149E-6      -1673.6642836586402
-3.130869927316519E-6     -4.777982119100619E-6    -1142.1532857539407
-3.1217557189702817E-6    -4.55596423820124E-6     -2070.996927201767
-3.062945711692965E-6     -4.663990056186958E-6    -1539.2632312269157
-2.9950214960694107E-6    -4.549997993273297E-6    -1934.7421126599902
-1.0501395499345273E-6    -4.776850489733E-6       270.0776564533679
-9.819499737731492E-7     -4.665572283182836E-6    503.78598992345906
-9.13760397611771E-7      -4.554294076632673E-6    739.8631783955889
-1.121622531807658E-6     -4.664979186016163E-6    277.5746273427899
-1.05343295564628E-6      -4.553700979466001E-6    511.3460651007549
-1.1931055136807886E-6    -4.553107882299328E-6    282.8043058598514
-2.446227929877955E-6     -4.773319162134596E-6    -735.6170031762044
-2.3782704456977286E-6    -4.660630387182854E-6    -931.6016069109942
-2.310312961517502E-6     -4.547941612231113E-6    -1125.5829017224055
-2.5177723407496562E-6    -4.659327099220935E-6    -1143.0855414987068
-2.4498148565694297E-6    -4.546638324269193E-6    -1339.3016080166399
-2.5893167516213573E-6    -4.545335036307275E-6    -1553.072274215776
-1.7482690713975318E-6    -4.7754399213314215E-6   -242.41778655392696
-1.680172567374292E-6     -4.663568617614585E-6    -223.1963304751216
-1.612076063351052E-6     -4.55169731389775E-6     -201.71320862379616
-1.819891073113676E-6     -4.662751146379679E-6    -449.22103299104083
-1.7517945690904362E-6    -4.550879842662844E-6    -430.08682156311636
-1.8915130748298202E-6    -4.550062371427938E-6    -658.4948834027477
