4.529988385021929E-6      -4.6012412758989503E-7   33.47840185230939
4.623990708017544E-6      -3.680993020719161E-7    33.62890704018344
4.717993031013157E-6      -2.76074476553937E-7     33.72870443269442
4.811995354008771E-6      -1.84049651035958E-7     33.8285018252073
4.905997677004386E-6      -9.202482551797905E-8    33.92829921772049
4.9999999999999996E-6     0                        34.02809661023227
4.489716575171462E-6      -3.680993020719161E-7    35.168369737527534
4.583718898167075E-6      -2.7607447655393704E-7   35.32303550836004
4.6777212211626895E-6     -1.84049651035958E-7     35.48430012110838
4.771723544158304E-6      -9.202482551797898E-8    35.64556473385609
4.86572586715392E-6       -2.554202003179324E-23   35.80682934660317
4.449444765320994E-6      -2.76074476553937E-7     36.89329185281058
4.543447088316609E-6      -1.8404965103595805E-7   37.067745334479376
4.637449411312223E-6      -9.202482551797896E-8    37.2290099472276
4.731451734307836E-6      3.8313030047689856E-23   37.39027455997543
4.409172955470526E-6      -1.84049651035958E-7     38.618213968094736
4.5031752784661415E-6     -9.202482551797902E-8    38.81245516059935
4.597177601461754E-6      3.8313030047689856E-23   38.97371977334958
4.36890114562006E-6       -9.202482551797905E-8    40.34313608337904
4.462903468615674E-6      5.108404006358647E-23    40.55716498672089
4.328629335769592E-6      0                        42.18458072622537
4.623990708017544E-6      -5.10956444929058E-7     31.9344033559114
4.717993031013157E-6      -5.617887622682209E-7    30.39465259488132
4.811995354008771E-6      -6.126210796073838E-7    28.8549018338514
4.905997677004386E-6      -6.634533969465469E-7    27.315151072821003
4.9999999999999996E-6     -7.142857142857099E-7    25.800065165858864
4.717993031013157E-6      -4.18931619411079E-7     32.06257064791453
4.811995354008771E-6      -4.697639367502419E-7    30.44565289770067
4.905997677004385E-6      -5.205962540894049E-7    28.828735147487315
5.0E-6                    -5.714285714285679E-7    27.211817397272323
4.8119953540087724E-6     -3.269067938931E-7       32.10090082018992
4.905997677004385E-6      -3.777391112322629E-7    30.483983069976503
4.9999999999999996E-6     -4.2857142857142587E-7   28.867065319763277
4.905997677004385E-6      -2.34881968375121E-7     32.139230992466196
4.9999999999999996E-6     -2.8571428571428395E-7   30.522313242253283
4.9999999999999996E-6     -1.4285714285714197E-7   32.177561164742656
3.971681318199811E-6      -5.171792825941175E-7    37.3890841463155
4.043070921713767E-6      -4.1374342607529407E-7   38.3471839931747
4.114460525227722E-6      -3.1030756955647047E-7   39.31202949220319
4.1858501287416785E-6     -2.0687171303764698E-7   40.27687499123309
4.2572397322556365E-6     -1.0343585651882353E-7   41.241720490263
3.908298777723537E-6      -4.1374342607529407E-7   39.41146123076429
3.979688381237493E-6      -3.103075695564705E-7    40.38690841943855
4.0510779847514485E-6     -2.0687171303764695E-7   41.43432030350226
4.122467588265405E-6      -1.0343585651882346E-7   42.481732187566664
4.193857191779363E-6      -2.8709217369755486E-23  43.52914407163044
3.844916237247262E-6      -3.1030756955647047E-7   41.51703772862547
3.91630584076122E-6       -2.0687171303764698E-7   42.54583859378455
3.987695444275175E-6      -1.0343585651882342E-7   43.59325047784987
4.059085047789131E-6      4.306382605463323E-23    44.64066236191337
3.7815336967709893E-6     -2.0687171303764698E-7   43.62261422648537
3.8529233002849455E-6     -1.0343585651882349E-7   44.70476876813315
3.924312903798901E-6      4.306382605463323E-23    45.752180652197865
3.718151156294716E-6      -1.0343585651882353E-7   45.72819072434464
3.789540759808672E-6      5.741843473951097E-23    46.86369894247953
3.6547686158184417E-6     0                        47.9403408448923
4.9999999999999996E-6     -1.428571428571425E-6    19.842933433205044
5.0E-6                    -1.285714285714282E-6    20.877334012929634
4.9999999999999996E-6     -1.1428571428571388E-6   22.12034922819678
4.9999999999999996E-6     -9.999999999999957E-7    23.36336444346282
5.0E-6                    -8.571428571428529E-7    24.606379658729495
4.876476958670819E-6      -1.3606209234486117E-6   21.37092970246254
4.876476958670818E-6      -1.2177637805914686E-6   22.503178879710074
4.876476958670818E-6      -1.0749066377343254E-6   23.74619409497643
4.876476958670818E-6      -9.320494948771823E-7    24.989209310243417
4.87647695867082E-6       -7.891923520200395E-7    26.281014137242995
4.752953917341637E-6      -1.2926704183257979E-6   22.914984264142266
4.7529539173416385E-6     -1.149813275468655E-6    24.129023746489885
4.752953917341637E-6      -1.006956132611512E-6    25.37203896175656
4.752953917341637E-6      -8.640989897543688E-7    26.64021526309027
4.629430876012456E-6      -1.2247199132029845E-6   24.459038825821835
4.629430876012457E-6      -1.0818627703458417E-6   25.75486861326971
4.629430876012456E-6      -9.390056274886984E-7    26.999416388937235
4.505907834683276E-6      -1.1567694080801713E-6   26.003093387501885
4.505907834683276E-6      -1.013912265223028E-6    27.358617514783955
4.382384793354095E-6      -1.0888189029573577E-6   27.570251676393195
4.9999999999999996E-6     -2.14285714285714E-6     15.53909579112882
5.0E-6                    -1.9999999999999974E-6   16.295414309313106
4.9999999999999996E-6     -1.8571428571428541E-6   17.190323236496102
4.9999999999999996E-6     -1.7142857142857109E-6   18.085232163679414
5.0E-6                    -1.5714285714285683E-6   18.980141090862883
4.88152743958657E-6       -2.0895771806485825E-6   16.57575393919608
4.88152743958657E-6       -1.9467200377914397E-6   17.3906365851514
4.881527439586569E-6      -1.803862894934296E-6    18.285545512334874
4.881527439586569E-6      -1.6610057520771534E-6   19.18045443951803
4.881527439586571E-6      -1.5181486092200104E-6   20.11310676486135
4.763054879173139E-6      -2.036297218440025E-6    17.6168446392186
4.763054879173141E-6      -1.893440075582882E-6    18.485858860989858
4.76305487917314E-6       -1.7505829327257386E-6   19.38076778817349
4.763054879173139E-6      -1.6077257898685956E-6   20.27897277874906
4.644582318759709E-6      -1.9830172562314672E-6   18.65793533924159
4.64458231875971E-6       -1.8401601133743244E-6   19.58108113682858
4.644582318759709E-6      -1.697302970517181E-6    20.444838792636144
4.52610975834628E-6       -1.92973729402291E-6     19.69902603926497
4.5261097583462796E-6     -1.7868801511657666E-6   20.61070480652291
4.407637197932849E-6      -1.876457331814352E-6    20.712208405078183
3.3132209053985428E-6     -5.178092562050125E-7    40.85711198915943
3.381530447482523E-6      -4.1424740496401005E-7   42.24528936302431
3.4498399895665017E-6     -3.1068555372300747E-7   43.664692685008056
3.518149531650482E-6      -2.0712370248200497E-7   45.08409600699116
3.5864590737344622E-6     -1.0356185124100254E-7   46.50349932897395
3.2489936513927193E-6     -4.1424740496401005E-7   42.767815719127036
3.317303193476699E-6      -3.106855537230075E-7    44.180170730974744
3.385612735560678E-6      -2.07123702482005E-7     45.68942561523597
3.453922277644658E-6      -1.0356185124100247E-7   47.19868049949713
3.5222318197286387E-6     -2.8744187930141575E-23  48.70793538375987
3.1847663973868954E-6     -3.1068555372300747E-7   44.7610298331217
3.253075939470876E-6      -2.0712370248200503E-7   46.243872908727745
3.321385481554855E-6      -1.0356185124100245E-7   47.7531277929902
3.389695023638835E-6      4.311628189521237E-23    49.26238267725196
3.1205391433810715E-6     -2.0712370248200497E-7   46.754243947115555
3.188848685465052E-6      -1.035618512410025E-7    48.307575086481314
3.2571582275490316E-6     4.311628189521237E-23    49.81682997074437
3.0563118893752484E-6     -1.0356185124100254E-7   48.74745806111053
3.1246214314592287E-6     5.748837586028316E-23    50.37127726423615
2.992084635369425E-6      0                        50.8192514990319
2.6655053692501225E-6     -5.269946027003959E-7    41.82282868952364
2.7308212224739834E-6     -4.215956821603167E-7    43.56189310593706
2.7961370756978435E-6     -3.1619676162023743E-7   45.362923571873765
2.8614529289217035E-6     -2.1079784108015829E-7   47.16395403780968
2.926768782145565E-6      -1.0539892054007922E-7   48.964984503747175
2.6010910411403817E-6     -4.215956821603167E-7    43.55372805789172
2.666406894364242E-6      -3.1619676162023754E-7   45.31802059896746
2.731722747588102E-6      -2.107978410801583E-7    47.20127625200484
2.7970386008119623E-6     -1.0539892054007912E-7   49.0845319050438
2.8623544540358236E-6     -2.925407708855831E-23   50.96778755808212
2.53667671303064E-6       -3.1619676162023743E-7   45.34450402468636
2.6019925662545014E-6     -2.1079784108015837E-7   47.1926536631988
2.667308419478361E-6      -1.0539892054007912E-7   49.07590931623735
2.7326242727022215E-6     4.388111563283747E-23    50.95916496927465
2.4722623849208984E-6     -2.1079784108015829E-7   47.13527999147951
2.5375782381447597E-6     -1.0539892054007917E-7   49.06728672743077
2.60289409136862E-6       4.388111563283747E-23    50.950542380468775
2.4078480568111584E-6     -1.0539892054007922E-7   48.926055958274304
2.473163910035019E-6      5.850815417711662E-23    50.94191979166305
2.343433728701417E-6      0                        50.770322143439735
4.419159631619095E-6      -2.537336064825206E-6    16.681673647323
4.535327705295277E-6      -2.6012974232887362E-6   15.844949671636808
4.651495778971457E-6      -2.665258781752265E-6    15.004144649732712
4.767663852647638E-6      -2.729220140215795E-6    14.163339627828776
4.883831926323819E-6      -2.7931814986793257E-6   13.322534605925311
4.9999999999999996E-6     -2.857142857142855E-6    12.484526532533492
4.535327705295277E-6      -2.4584402804315934E-6   16.510498116767476
4.651495778971457E-6      -2.522401638895123E-6    15.661115125215973
4.767663852647637E-6      -2.586362997358653E-6    14.77862132419168
4.883831926323818E-6      -2.650324355822182E-6    13.896127523167563
5.0E-6                    -2.7142857142857127E-6   13.013633722143286
4.651495778971457E-6      -2.379544496037979E-6    16.284971336482613
4.7676638526476395E-6     -2.44350585450151E-6     15.412203117415537
4.883831926323819E-6      -2.5074672129650392E-6   14.52970931639164
4.9999999999999996E-6     -2.5714285714285687E-6   13.647215515367298
4.767663852647638E-6      -2.300648711644366E-6    16.059444556197985
4.883831926323819E-6      -2.3646100701078964E-6   15.163291109615907
4.9999999999999996E-6     -2.428571428571426E-6    14.280797308592259
4.883831926323819E-6      -2.2217529272507536E-6   15.833917775913356
4.9999999999999996E-6     -2.2857142857142834E-6   14.914379101816747
4.439909792189304E-6      -3.230552756609773E-6    13.681441181410973
4.551927833751444E-6      -3.2987279195735324E-6   13.043902917162569
4.663945875313582E-6      -3.366903082537291E-6    12.398938003161797
4.775963916875722E-6      -3.4350782455010506E-6   11.75397308916134
4.887981958437861E-6      -3.5032534084648114E-6   11.109008175160685
4.9999999999999996E-6     -3.57142857142857E-6     10.462669943544876
4.551927833751444E-6      -3.1558707767163896E-6   13.484510514392948
4.663945875313583E-6      -3.2240459396801495E-6   12.836542979979589
4.775963916875722E-6      -3.292221102643908E-6    12.158849769606057
4.88798195843786E-6       -3.360396265607667E-6    11.481156559233069
5.0E-6                    -3.4285714285714277E-6   10.803463348860099
4.663945875313582E-6      -3.0811887968230054E-6   13.24757384437998
4.7759639168757224E-6     -3.149363959786766E-6    12.58051403978096
4.887981958437861E-6      -3.2175391227505245E-6   11.902820829407997
4.9999999999999996E-6     -3.2857142857142836E-6   11.225127619035176
4.775963916875722E-6      -3.0065068169296217E-6   13.010637174367801
4.887981958437861E-6      -3.0746819798933817E-6   12.324485099582839
4.9999999999999996E-6     -3.1428571428571404E-6   11.646791889210096
4.887981958437861E-6      -2.9318248370362393E-6   12.773700504354597
4.9999999999999996E-6     -2.9999999999999984E-6   12.06845615938454
2.013541778350818E-6      -5.389429798878675E-7    40.40325311150744
2.0795201684209386E-6     -4.3115438391029404E-7   42.38889316587293
2.1454985584910573E-6     -3.233657879327204E-7    44.463878527837934
2.211476948561177E-6      -2.1557719195514694E-7   46.53886388980196
2.2774553386312972E-6     -1.0778859597757355E-7   48.613849251766375
1.9477651946722748E-6     -4.3115438391029404E-7   41.85020455714243
2.0137435847423943E-6     -3.2336578793272053E-7   43.86274596248117
2.079721974812514E-6      -2.1557719195514697E-7   46.01062615177352
2.145700364882633E-6      -1.0778859597757346E-7   48.158506341065404
2.211678754952754E-6      -2.991734526158016E-23   50.30638653035697
1.88198861099373E-6       -3.233657879327204E-7    43.33249241183031
1.94796700106385E-6       -2.1557719195514702E-7   45.43971010194656
2.0139453911339696E-6     -1.0778859597757344E-7   47.58759029123972
2.079923781204089E-6      4.487601789237024E-23    49.73547048053324
1.8162120273151858E-6     -2.1557719195514694E-7   44.814780266515825
1.882190417385306E-6      -1.0778859597757351E-7   47.01667424141242
1.9481688074554253E-6     4.487601789237024E-23    49.164554430705486
1.750435443636642E-6      -1.0778859597757355E-7   46.297068121202635
1.8164138337067615E-6     5.983469052316032E-23    48.59363838087914
1.6846588599580977E-6     0                        47.800128274436084
4.9999999999999996E-6     -4.2857142857142855E-6   9.284451924104166
5.0E-6                    -4.142857142857143E-6    9.480891175144581
4.9999999999999996E-6     -3.999999999999999E-6    9.72564920843696
4.9999999999999996E-6     -3.857142857142856E-6    9.970407241729419
5.0E-6                    -3.7142857142857133E-6   10.215165275021796
4.877795166188411E-6      -4.217725071131967E-6    9.83097459717466
4.877795166188411E-6      -4.0748679282748235E-6   10.042527725342742
4.87779516618841E-6       -3.93201078541768E-6     10.287285758634965
4.87779516618841E-6       -3.7891536425605357E-6   10.532043791927185
4.877795166188412E-6      -3.6462964997033938E-6   10.80178473877345
4.755590332376822E-6      -4.1497358565496455E-6   10.36927203781848
4.755590332376824E-6      -4.0068787136925035E-6   10.604164275540194
4.755590332376823E-6      -3.86402157083536E-6     10.848922308832888
4.755590332376822E-6      -3.7211644279782166E-6   11.100464101572328
4.633385498565233E-6      -4.081746641967327E-6    10.907569478462399
4.633385498565234E-6      -3.938889499110184E-6    11.165800825738211
4.633385498565233E-6      -3.7960323562530407E-6   11.39914346437105
4.511180664753646E-6      -4.013757427385008E-6    11.44586691910636
4.511180664753646E-6      -3.870900284527865E-6    11.697822827169773
4.388975830942057E-6      -3.945768212802689E-6    11.958054518776027
4.552008881942372E-6      -4.550949296191698E-6    10.605020576219939
4.641607105553898E-6      -4.640759436953359E-6    10.26002032718629
4.731205329165423E-6      -4.730569577715018E-6    9.911754447839357
4.8208035527769484E-6     -4.820379718476677E-6    9.563488568492502
4.910401776388474E-6      -4.910189859238339E-6    9.215222689145687
4.9999999999999996E-6     -4.999999999999999E-6    8.866956809798953
4.641607105553898E-6      -4.497902294096216E-6    10.350944784510274
4.731205329165423E-6      -4.587712434857876E-6    10.001625578348147
4.820803552776948E-6      -4.677522575619536E-6    9.636285474678916
4.910401776388473E-6      -4.767332716381195E-6    9.270945371009987
5.0E-6                    -4.857142857142857E-6    8.905605267340926
4.731205329165423E-6      -4.444855292000733E-6    10.090361417190064
4.82080355277695E-6       -4.534665432762395E-6    9.726884522656354
4.910401776388474E-6      -4.624475573524054E-6    9.361544418987494
4.9999999999999996E-6     -4.714285714285713E-6    8.996204315318657
4.8208035527769484E-6     -4.39180828990525E-6     9.829778049870251
4.910401776388474E-6      -4.481618430666911E-6    9.452143466964987
4.9999999999999996E-6     -4.57142857142857E-6     9.086803363296072
4.910401776388474E-6      -4.338761287809768E-6    9.56919468255024
4.9999999999999996E-6     -4.428571428571428E-6    9.177402411273645
1.3500598932062516E-6     -5.463723630108688E-7    36.6991049599759
1.416979686556621E-6      -4.370978904086951E-7    38.80952586119865
1.48389947990699E-6       -3.278234178065212E-7    41.02935220743157
1.5508192732573593E-6     -2.1854894520434749E-7   43.24917855366479
1.6177390666077286E-6     -1.0927447260217381E-7   45.469004899898124
1.2822097840421654E-6     -4.370978904086951E-7    37.733599898468924
1.349129577392535E-6      -3.2782341780652125E-7   39.87041502923649
1.416049370742904E-6      -2.1854894520434749E-7   42.14833379555406
1.4829691640932727E-6     -1.0927447260217373E-7   44.426252561871
1.5498889574436427E-6     -3.0329758871676026E-23  46.70417132818872
1.2143596748780788E-6     -3.278234178065212E-7    38.77500814001061
1.2812794682284484E-6     -2.1854894520434754E-7   41.01083225220775
1.3481992615788175E-6     -1.092744726021737E-7    43.288751018524685
1.4151190549291863E-6     4.5494638307514053E-23   45.56666978484381
1.1465095657139927E-6     -2.1854894520434749E-7   39.81641638155131
1.213429359064362E-6      -1.0927447260217374E-7   42.15124947517701
1.2803491524147309E-6     4.5494638307514053E-23   44.429168241494445
1.0786594565499063E-6     -1.0927447260217381E-7   40.857824623094174
1.1455792499002756E-6     6.065951774335208E-23    43.29166669814698
1.01080934738582E-6       0                        41.87784784975148
4.40811949545806E-6       -4.999999999999998E-6    10.837919125295386
4.526495596366448E-6      -4.999999999999999E-6    10.469815471371458
4.6448716972748354E-6     -4.999999999999998E-6    10.082088453587014
4.763247798183223E-6      -4.999999999999997E-6    9.694361435802492
4.881623899091612E-6      -4.999999999999999E-6    9.306634418018128
4.436897372754922E-6      -4.910189859238339E-6    10.778073802160888
4.555273473663311E-6      -4.910189859238339E-6    10.41328010861191
4.673649574571697E-6      -4.910189859238337E-6    10.02555309082752
4.792025675480086E-6      -4.910189859238338E-6    9.637826073042998
4.4656752500517834E-6     -4.820379718476677E-6    10.733970496711862
4.584051350960173E-6      -4.820379718476679E-6    10.356744745852154
4.70242745186856E-6       -4.820379718476679E-6    9.969017728067804
4.494453127348646E-6      -4.730569577715016E-6    10.689867191262838
4.612829228257035E-6      -4.730569577715018E-6    10.30020938309274
4.52323100464551E-6       -4.640759436953358E-6    10.645763885813892
-4.537150569057462E-6     -4.6028383295548394E-7   -34.49781676087891
-4.4954463223999015E-6    -3.682270663643872E-7    -35.550461084146235
-4.453742075742339E-6     -2.761702997732903E-7    -36.60992187694592
-4.412037829084778E-6     -1.8411353318219353E-7   -37.669382669746895
-4.370333582427218E-6     -9.205676659109682E-8    -38.72884346254666
-4.328629335769656E-6     0                        -39.80022289991729
-4.62972045524597E-6      -3.682270663643872E-7    -36.43012972207885
-4.588016208588409E-6     -2.7617029977329035E-7   -37.49539184982727
-4.5463119619308465E-6    -1.8411353318219353E-7   -38.62772965097191
-4.504607715273285E-6     -9.205676659109675E-8    -39.76006745211619
-4.462903468615725E-6     -2.5550885460494881E-23  -40.892405253259994
-4.722290341434476E-6     -2.761702997732903E-7    -38.381783954243446
-4.6805860947769175E-6    -1.841135331821936E-7    -39.52523537442308
-4.638881848119355E-6     -9.205676659109673E-8    -40.65757317556741
-4.597177601461793E-6     3.8326328190742327E-23   -41.78991097671086
-4.8148602276229835E-6    -1.8411353318219353E-7   -40.33343818640738
-4.773155980965423E-6     -9.20567665910968E-8     -41.55507889901855
-4.731451734307861E-6     3.8326328190742327E-23   -42.687416700162665
-4.907430113811492E-6     -9.205676659109682E-8    -42.285092418572056
-4.865725867153932E-6     5.110177092098977E-23    -43.58492242361384
-4.9999999999999996E-6    0                        -44.2367466507356
-4.62972045524597E-6      -5.110842092215291E-7    -34.310179541458155
-4.722290341434476E-6     -4.190274426304323E-7    -36.2293665272666
-4.8148602276229835E-6    -3.2697067603933546E-7   -38.10283146699931
-4.9074301138114915E-6    -2.3491390944823863E-7   -39.97629640673266
-5.0E-6                   -1.4285714285714192E-7   -41.84976134646585
-4.722290341434476E-6     -5.61884585487574E-7     -34.08984573893791
-4.814860227622986E-6     -4.698278188964774E-7    -35.96152765905931
-4.907430113811492E-6     -3.777710523053805E-7    -37.83499259879171
-4.9999999999999996E-6    -2.8571428571428374E-7   -39.70845753852521
-4.8148602276229835E-6    -6.126849617536191E-7    -33.86951193641743
-4.907430113811492E-6     -5.206281951625225E-7    -35.69368879085074
-4.9999999999999996E-6    -4.285714285714256E-7    -37.567153730583314
-4.907430113811492E-6     -6.634853380196643E-7    -33.64917813389636
-4.9999999999999996E-6    -5.714285714285676E-7    -35.42584992264221
-4.9999999999999996E-6    -7.142857142857094E-7    -33.35490976577762
-3.973870768370423E-6     -5.139407403829259E-7    -29.524321240128927
-3.910050337860039E-6     -4.1115259230634075E-7   -30.174000572804015
-3.846229907349653E-6     -3.0836444422975543E-7   -30.801670654448035
-3.7824094768392695E-6    -2.0557629615317032E-7   -31.429340736091454
-3.7185890463288865E-6    -1.0278814807658521E-7   -32.057010817735254
-3.654768615818502E-6     0                        -32.64908931837078
-4.04482248185027E-6      -4.1115259230634075E-7   -31.47641427196819
-3.981002051339885E-6     -3.0836444422975553E-7   -32.151048369487896
-3.9171816208295E-6       -2.055762961531703E-7    -32.865798678698866
-3.853361190319116E-6     -1.0278814807658513E-7   -33.58054898790893
-3.789540759808733E-6     -2.8529442163301214E-23  -34.29529929711922
-4.115774195330116E-6     -3.0836444422975543E-7   -33.53303185021932
-4.051953764819733E-6     -2.0557629615317035E-7   -34.24798890168343
-3.9881333343093474E-6    -1.0278814807658511E-7   -34.96273921089277
-3.924312903798963E-6     4.279416324495182E-23    -35.67748952010234
-4.186725908809962E-6     -2.0557629615317032E-7   -35.58964942846952
-4.122905478299578E-6     -1.0278814807658516E-7   -36.3449294338777
-4.059085047789193E-6     4.279416324495182E-23    -37.059679743087806
-4.25767762228981E-6      -1.0278814807658521E-7   -37.6462670067206
-4.193857191779426E-6     5.705888432660243E-23    -38.44186996607123
-3.3244354811435024E-6    -5.394227747181393E-7    -22.672200375543138
-3.257965311988708E-6     -4.315382197745115E-7    -22.880472040135786
-3.1914951428339135E-6    -3.2365366483088354E-7   -23.038363398321806
-3.1250249736791197E-6    -2.1576910988725566E-7   -23.196254756505347
-3.058554804524326E-6     -1.0788455494362788E-7   -23.35414611469148
-2.9920846353695316E-6    0                        -23.442109816702438
-3.390502108078503E-6     -4.315382197745115E-7    -24.553291919903835
-3.3240319389237088E-6    -3.2365366483088354E-7   -24.771357070989417
-3.2575617697689137E-6    -2.1576910988725566E-7   -25.014164129122186
-3.1910916006141195E-6    -1.0788455494362783E-7   -25.256971187255107
-3.124621431459326E-6     -2.994397922496335E-23   -25.499778245388587
-3.456568735013502E-6     -3.2365366483088354E-7   -26.54423880005067
-3.3900985658587086E-6    -2.1576910988725577E-7   -26.783696106864124
-3.323628396703914E-6     -1.0788455494362779E-7   -27.02650316499734
-3.2571582275491193E-6    4.491596883744503E-23    -27.26931022313084
-3.5226353619485014E-6    -2.1576910988725566E-7   -28.535185680197678
-3.456165192793708E-6     -1.0788455494362786E-7   -28.796035142740564
-3.3896950236389137E-6    4.491596883744503E-23    -29.038842200873965
-3.5887019888835024E-6    -1.0788455494362788E-7   -30.526132560344763
-3.522231819728708E-6     5.98879584499267E-23     -30.808374178616535
6.870274295321569E-7      -5.511552395446473E-7    30.908214550846925
7.517838131028897E-7      -4.409241916357179E-7    32.97532506793337
8.16540196673622E-7       -3.3069314372678833E-7   35.16641610025677
8.812965802443545E-7      -2.204620958178589E-7    37.35750713258038
9.460529638150874E-7      -1.1023104790892948E-7   39.548598164902806
6.170092334514416E-7      -4.409241916357179E-7    31.441381150532468
6.817656170221742E-7      -3.306931437267884E-7    33.530640529221564
7.465220005929067E-7      -2.204620958178589E-7    35.75695012195217
8.112783841636393E-7      -1.1023104790892942E-7   37.98325971468148
8.760347677343721E-7      -3.059526185426305E-23   40.209569307410476
5.469910373707261E-7      -3.3069314372678833E-7   31.947273766470047
6.117474209414589E-7      -2.2046209581785894E-7   34.13144160938214
6.765038045121914E-7      -1.1023104790892938E-7   36.35775120211123
7.41260188082924E-7       4.589289278139458E-23    38.58406079484036
4.769728412900107E-7      -2.204620958178589E-7    32.45316638240652
5.417292248607435E-7      -1.1023104790892947E-7   34.73224268954015
6.064856084314761E-7      4.589289278139458E-23    36.95855228226986
4.0695464520929553E-7     -1.1023104790892948E-7   32.959058998343785
4.717110287800281E-7      6.11905237085261E-23     35.333043769697696
3.369364491285801E-7      0                        33.40334302752807
-2.6549734378687298E-6    -5.522832913229868E-7    -14.308360205804782
-2.5926654960352865E-6    -4.4182663305838947E-7   -14.086709332857572
-2.5303575542018424E-6    -3.31369974793792E-7     -13.800423886567643
-2.4680496123683995E-6    -2.2091331652919466E-7   -13.514138440278582
-2.4057416705349566E-6    -1.1045665826459741E-7   -13.227852993989366
-2.3434337287015134E-6    0                        -12.846309899447126
-2.7223956773688908E-6    -4.4182663305838947E-7   -16.009685091417726
-2.6600877355354475E-6    -3.313699747937921E-7    -15.799037016070827
-2.5977797937020038E-6    -2.2091331652919468E-7   -15.588547994101155
-2.53547185186856E-6      -1.1045665826459731E-7   -15.378058972130615
-2.4731639100351176E-6    -3.0657881307127146E-23  -15.167569950160548
-2.78981791686905E-6      -3.31369974793792E-7     -17.83177421637083
-2.7275099750356076E-6    -2.2091331652919474E-7   -17.622219132648798
-2.665202033202164E-6     -1.104566582645973E-7    -17.411730110678533
-2.60289409136872E-6      4.598682196069072E-23    -17.201241088708347
-2.8572401563692106E-6    -2.2091331652919466E-7   -19.65386334132338
-2.7949322145357677E-6    -1.1045665826459737E-7   -19.445401249227796
-2.732624272702324E-6     4.598682196069072E-23    -19.234912227257727
-2.9246623958693715E-6    -1.1045665826459741E-7   -21.475952466276716
-2.8623544540359282E-6    6.131576261425429E-23    -21.26858336580616
-1.988865909538926E-6     -5.528474478712314E-7    -5.0459547277614085
-1.9280244996227755E-6    -4.422779582969852E-7    -4.352204107363448
-1.8671830897066248E-6    -3.3170846872273875E-7   -3.573284425210792
-1.806341679790474E-6     -2.2113897914849253E-7   -2.794364743058215
-1.745500269874324E-6     -1.1056948957424632E-7   -2.0154450609043755
-1.6846588599581733E-6    0                        -1.114040207964104
-2.0597794733714436E-6    -4.422779582969852E-7    -6.483525341155939
-1.9989380634552926E-6    -3.3170846872273885E-7   -5.7967569186926236
-1.938096653539142E-6     -2.211389791484925E-7    -5.079598517211415
-1.8772552436229916E-6    -1.1056948957424624E-7   -4.3624401157317045
-1.8164138337068416E-6    -3.068919828659486E-23   -3.645281714252942
-2.1306930372039603E-6    -3.3170846872273875E-7   -8.038272866707896
-2.069851627287811E-6     -2.2113897914849256E-7   -7.332226739382778
-2.00901021737166E-6      -1.1056948957424621E-7   -6.615068337902279
-1.948168807455509E-6     4.6033797429892283E-23   -5.89790993642241
-2.2016066010364783E-6    -2.2113897914849253E-7   -9.59302039225977
-2.140765191120328E-6     -1.1056948957424627E-7   -8.86769656007443
-2.0799237812041772E-6    4.6033797429892283E-23   -8.150538158595984
-2.2725201648689962E-6    -1.1056948957424632E-7   -11.147767917812594
-2.2116787549528453E-6    6.137839657318971E-23    -10.403166380765924
1.990696498015161E-8      -5.540933495481297E-7    23.320787219918206
8.331286180983735E-8      -4.4327467963850376E-7   25.20412974383038
1.46718758639523E-7       -3.3245600972887776E-7   27.21590903605496
2.101246554692087E-7      -2.2163733981925183E-7   29.227688328279584
2.735305522988944E-7      -1.1081866990962598E-7   31.239467620504126
-5.1461717841610845E-8    -4.4327467963850376E-7   23.309488479647445
1.1944178988074866E-8     -3.3245600972887776E-7   25.208629763361184
7.535007581776058E-8      -2.216373398192518E-7    27.229781612918494
1.3875597264744626E-7     -1.108186699096259E-7    29.250933462476358
2.0216186947713197E-7     -3.0758359723000426E-23  31.272085312033123
-1.2283040066337325E-7    -3.3245600972887776E-7   23.23922270632517
-5.9424503833687574E-8    -2.2163733981925188E-7   25.221741070930545
3.9813929959981306E-9     -1.1081866990962587E-7   27.24289292048829
6.738728982568382E-8      4.613753958450065E-23    29.26404477004486
-1.9419908348513567E-7    -2.2163733981925183E-7   23.168956933001787
-1.3079318665545001E-7    -1.1081866990962593E-7   25.234852378499518
-6.738728982576429E-8     4.613753958450065E-23    27.256004228056906
-2.6556776630689815E-7    -1.1081866990962598E-7   23.09869115967785
-2.0216186947721247E-7    6.151671944600086E-23    25.24796368606691
-3.369364491286606E-7     0                        22.931697180807276
-1.3215435493147372E-6    -5.537708738280703E-7    4.715550230759823
-1.2593967089289701E-6    -4.430166990624563E-7    5.890117008490381
-1.1972498685432027E-6    -3.3226252429684215E-7   7.172282925334558
-1.1351030281574354E-6    -2.215083495312281E-7    8.454448842179525
-1.0729561877716688E-6    -1.107541747656141E-7    9.736614759024965
-1.0108093473859017E-6    0                        11.162857603709368
-1.3941666114434245E-6    -4.430166990624563E-7    3.6620210119180103
-1.3320197710576573E-6    -3.3226252429684215E-7   4.836971490297177
-1.26987293067189E-6      -2.2150834953122806E-7   6.077527999767476
-1.207726090286123E-6     -1.1075417476561403E-7   7.31808450923743
-1.1455792499003563E-6    -3.074045872453581E-23   8.5586410187077
-1.4667896735721115E-6    -3.3226252429684215E-7   2.502832367461515
-1.4046428331863448E-6    -2.2150834953122812E-7   3.7206002784946346
-1.3424959928005773E-6    -1.1075417476561399E-7   4.96115678796411
-1.2803491524148103E-6    4.6110688086803716E-23   6.20171329743328
-1.5394127357007984E-6    -2.215083495312281E-7    1.3436437230051776
-1.4772658953150318E-6    -1.1075417476561406E-7   2.6042290666911168
-1.4151190549292647E-6    4.6110688086803716E-23   3.8447855761591763
-1.6120357978294864E-6    -1.107541747656141E-7    0.18445507854978715
-1.5498889574437193E-6    6.148091744907162E-23    1.4878578548847567
-6.508262049164372E-7     -5.547357581550739E-7    14.391210761508683
-5.88048253758882E-7      -4.437886065240592E-7    15.970182578159392
-5.252703026013264E-7     -3.328414548930443E-7    17.672032983412265
-4.624923514437711E-7     -2.2189430326202954E-7   19.373883388664506
-3.997144002862159E-7     -1.1094715163101481E-7   21.075733793917067
-7.228228334103302E-7     -4.437886065240592E-7    13.838473531926292
-6.600448822527749E-7     -3.3284145489304435E-7   15.42604867424333
-5.972669310952195E-7     -2.218943032620295E-7    17.110964085376956
-5.344889799376642E-7     -1.1094715163101476E-7   18.795879496511215
-4.7171102878010893E-7    -3.079402056433278E-23   20.48079490764658
-7.948194619042229E-7     -3.328414548930443E-7    13.20048065783828
-7.320415107466679E-7     -2.218943032620296E-7    14.853518223312687
-6.692635595891123E-7     -1.109471516310147E-7    16.538433634446985
-6.06485608431557E-7      4.6191030846499166E-23   18.223349045580257
-8.668160903981157E-7     -2.2189430326202954E-7   12.562487783749166
-8.040381392405607E-7     -1.1094715163101478E-7   14.280987772381728
-7.412601880830052E-7     4.6191030846499166E-23   15.96590318351504
-9.388127188920089E-7     -1.1094715163101481E-7   11.924494909661632
-8.760347677344536E-7     6.158804112866555E-23    13.708457321451405
3.8031762440844383E-6     -4.999999999999998E-6    12.324142139260777
3.924164894359163E-6      -4.9999999999999996E-6   12.05320936945254
4.045153544633886E-6      -4.999999999999998E-6    11.75725781725603
4.166142194908611E-6      -4.999999999999997E-6    11.461306265059397
4.287130845183336E-6      -4.999999999999998E-6    11.165354712862607
3.853023440248767E-6      -4.898705991360372E-6    12.253430216258982
3.974012090523492E-6      -4.8987059913603715E-6   11.98513237984917
4.095000740798215E-6      -4.898705991360371E-6    11.68918082765241
4.21598939107294E-6       -4.898705991360371E-6    11.39322927545574
4.336978041347665E-6      -4.898705991360372E-6    11.07173060504283
3.902870636413094E-6      -4.797411982720745E-6    12.204015111168236
4.02385928668782E-6       -4.797411982720747E-6    11.917055390245464
4.144847936962544E-6      -4.797411982720745E-6    11.621103838048867
4.265836587237266E-6      -4.797411982720745E-6    11.315353766720985
3.952717832577423E-6      -4.696117974081118E-6    12.154600006077352
4.073706482852147E-6      -4.696117974081119E-6    11.848978400642004
4.194695133126871E-6      -4.696117974081118E-6    11.558976928398828
4.002565028741752E-6      -4.594823965441493E-6    12.105184900986586
4.1235536790164765E-6     -4.594823965441494E-6    11.802600090076943
4.05241222490608E-6       -4.493529956801867E-6    12.065295737659122
-4.9999999999999996E-6    -1.4285714285714244E-6   -25.376784637573298
-4.8768768153705855E-6    -1.3585479536035135E-6   -25.62805350549301
-4.75375363074117E-6      -1.2885244786356024E-6   -25.808398814392945
-4.630630446111756E-6     -1.2185010036676915E-6   -25.988744123292335
-4.507507261482342E-6     -1.1484775286997812E-6   -26.169089432191477
-4.384384076852926E-6     -1.0784540537318701E-6   -26.242591211647134
-5.0E-6                   -1.2857142857142814E-6   -26.905570825466224
-4.876876815370585E-6     -1.2156908107463705E-6   -27.133570410824507
-4.753753630741171E-6     -1.1456673357784596E-6   -27.361569996182606
-4.630630446111756E-6     -1.0756438608105487E-6   -27.589569581541195
-4.507507261482341E-6     -1.0056203858426382E-6   -27.701870454345922
-4.9999999999999996E-6    -1.1428571428571381E-6   -28.480938277744762
-4.876876815370586E-6     -1.0728336678892276E-6   -28.70893786310311
-4.753753630741171E-6     -1.0028101929213165E-6   -28.936937448461368
-4.630630446111756E-6     -9.327867179534057E-7    -29.12392573858834
-4.9999999999999996E-6    -9.999999999999953E-7    -30.056305730023613
-4.876876815370585E-6     -9.299765250320847E-7    -30.28430531538196
-4.75375363074117E-6      -8.599530500641736E-7    -30.545981022830773
-5.0E-6                   -8.571428571428526E-7    -31.631673182301675
-4.8768768153705855E-6    -7.871193821749416E-7    -31.968036307073362
3.4306588214382168E-6     -4.478002918008308E-6    13.282703963853384
3.372523884283125E-6      -4.582402334406647E-6    13.263870033095113
3.3143889471280322E-6     -4.686801750804983E-6    13.260964557301934
3.2562540099729406E-6     -4.7912011672033214E-6   13.258059081508776
3.1981190728178493E-6     -4.8956005836016605E-6   13.255153605715538
3.1399841356627573E-6     -4.999999999999998E-6    13.275141838976038
3.505162305967461E-6      -4.582402334406647E-6    13.07351219339662
3.447027368812369E-6      -4.686801750804985E-6    13.06171533548963
3.388892431657277E-6      -4.791201167203323E-6    13.081263079810906
3.3307574945021848E-6     -4.89560058360166E-6     13.10081082413227
3.2726225573470936E-6     -4.9999999999999996E-6   13.120358568453655
3.5796657904967048E-6     -4.686801750804983E-6    12.883042332064205
3.5215308533416144E-6     -4.791201167203324E-6    12.892857381468273
3.4633959161865215E-6     -4.89560058360166E-6     12.912405125789553
3.4052609790314286E-6     -4.999999999999998E-6    12.93195287011087
3.654169275025949E-6      -4.7912011672033214E-6   12.69257247073159
3.5960343378708578E-6     -4.89560058360166E-6     12.723999427446804
3.5378994007157653E-6     -4.999999999999997E-6    12.7435471717681
3.728672759555194E-6      -4.8956005836016605E-6   12.502102609399039
3.670537822400102E-6      -4.999999999999999E-6    12.555141473425529
-4.421904301180593E-6     -1.8250558640731588E-6   -19.95510383631442
-4.5375234409444744E-6    -1.745758976972812E-6    -21.040109653459226
-4.653142580708355E-6     -1.6664620898724648E-6   -22.130101057534915
-4.768761720472236E-6     -1.587165202772118E-6    -23.220092461612403
-4.884380860236119E-6     -1.5078683156717716E-6   -24.310083865688966
-4.5375234409444744E-6    -1.8886161198299552E-6   -19.956526341048743
-4.653142580708355E-6     -1.8093192327296084E-6   -21.026093636791742
-4.768761720472236E-6     -1.7300223456292612E-6   -22.050674599439294
-4.884380860236118E-6     -1.650725458528914E-6    -23.075255562087083
-5.0E-6                   -1.5714285714285676E-6   -24.099836524734947
-4.653142580708355E-6     -1.952176375586751E-6    -19.87948474108439
-4.768761720472238E-6     -1.8728794884864047E-6   -20.915573604642905
-4.884380860236118E-6     -1.7935826013860575E-6   -21.94015456729026
-4.9999999999999996E-6    -1.71428571428571E-6     -22.964735529938206
-4.768761720472236E-6     -2.0157366313435473E-6   -19.802443141119824
-4.884380860236118E-6     -1.9364397442432005E-6   -20.805053572493282
-4.9999999999999996E-6    -1.8571428571428529E-6   -21.82963453514076
-4.884380860236119E-6     -2.0792968871003437E-6   -19.725401541155353
-4.9999999999999996E-6    -1.999999999999997E-6    -20.694533540343937
-4.9999999999999996E-6    -2.1428571428571393E-6   -19.59820022452375
2.7709679607230265E-6     -4.462585339291855E-6    13.838501905767933
2.7053025692157186E-6     -4.570068271433485E-6    13.74214589621874
2.63963717770841E-6       -4.677551203575112E-6    13.664687931473507
2.573971786201101E-6      -4.7850341357167396E-6   13.5872299667282
2.508306394693793E-6      -4.89251706785837E-6     13.509772001982952
2.4426410031864844E-6     -4.999999999999998E-6    13.454202968678851
2.844771195710973E-6      -4.570068271433485E-6    13.706637249810829
2.7791058042036645E-6     -4.6775512035751125E-6   13.61791606755325
2.7134404126963557E-6     -4.78503413571674E-6     13.565184710251309
2.6477750211890474E-6     -4.892517067858368E-6    13.512453352949347
2.5821096296817395E-6     -4.9999999999999996E-6   13.459721995647469
2.9185744306989183E-6     -4.677551203575112E-6    13.594560593624593
2.852909039191611E-6      -4.785034135716742E-6    13.530486525610293
2.787243647684302E-6      -4.89251706785837E-6     13.477755168308342
2.7215782561769933E-6     -4.999999999999998E-6    13.425023811006415
2.9923776656868646E-6     -4.7850341357167396E-6   13.482483937438335
2.9267122741795567E-6     -4.89251706785837E-6     13.443056983667352
2.861046882672248E-6      -4.999999999999997E-6    13.390325626365415
3.0661809006748114E-6     -4.89251706785837E-6     13.370407281252092
3.000515509167503E-6      -4.999999999999999E-6    13.355627441724426
-4.434347383002255E-6     -2.512375962546618E-6    -15.768299107995439
-4.547477906401805E-6     -2.4384721986087225E-6   -16.5380795846132
-4.660608429801353E-6     -2.364568434670826E-6    -17.307955704462955
-4.773738953200901E-6     -2.2906646707329307E-6   -18.077831824312625
-4.886869476600451E-6     -2.2167609067950357E-6   -18.847707944162316
-4.547477906401805E-6     -2.5813293414658658E-6   -15.767034947152299
-4.660608429801352E-6     -2.50742557752797E-6     -16.52958945363412
-4.773738953200902E-6     -2.433521813590074E-6    -17.25293451062122
-4.88686947660045E-6      -2.359618049652178E-6    -17.976279567608245
-5.0E-6                   -2.2857142857142826E-6   -18.699624624595824
-4.660608429801353E-6     -2.6502827203851123E-6   -15.72073976421073
-4.7737389532009025E-6    -2.5763789564472176E-6   -16.454678344027787
-4.886869476600451E-6     -2.5024751925093213E-6   -17.178023401014773
-4.9999999999999996E-6    -2.4285714285714254E-6   -17.90136845800195
-4.773738953200901E-6     -2.7192360993043596E-6   -15.674444581269551
-4.886869476600451E-6     -2.6453323353664646E-6   -16.379767234420964
-4.9999999999999996E-6    -2.5714285714285687E-6   -17.103112291408163
-4.886869476600451E-6     -2.788189478223608E-6    -15.628149398328258
-4.9999999999999996E-6    -2.714285714285712E-6    -16.30485612481445
-4.9999999999999996E-6    -2.8571428571428547E-6   -15.545764243472718
2.07947015243562E-6       -4.454261680302233E-6    13.573806160674993
2.0125248366894227E-6     -4.563409344241787E-6    13.39380171650405
1.945579520943225E-6      -4.672557008181339E-6    13.236918204587758
1.878634205197027E-6      -4.781704672120891E-6    13.080034692671196
1.81168888945083E-6       -4.890852336060446E-6    12.923151180754772
1.7447435737046323E-6     -4.999999999999998E-6    12.78729943824851
2.152104322585793E-6      -4.563409344241787E-6    13.53136263030266
2.0851590068395957E-6     -4.6725570081813394E-6   13.359397481904187
2.018213691093398E-6      -4.781704672120892E-6    13.226198397303659
1.9512683753472E-6        -4.890852336060445E-6    13.092999312703034
1.884323059601003E-6      -4.9999999999999996E-6   12.959800228102571
2.2247384927359653E-6     -4.672557008181339E-6    13.50704556344541
2.1577931769897687E-6     -4.781704672120893E-6    13.360743548168259
2.0908478612435705E-6     -4.890852336060445E-6    13.22754446356771
2.023902545497373E-6      -4.999999999999998E-6    13.09434537896717
2.2973726628861383E-6     -4.781704672120891E-6    13.482728496588305
2.230427347139941E-6      -4.890852336060445E-6    13.362089614432406
2.163482031393743E-6      -4.999999999999997E-6    13.228890529831888
2.3700068330363118E-6     -4.890852336060446E-6    13.458411429731127
2.303061517290114E-6      -4.999999999999999E-6    13.363435680696526
-4.441277921791144E-6     -3.203356733041577E-6    -12.814107531203376
-4.5530223374329155E-6    -3.134113957861833E-6    -13.37553396735773
-4.664766753074686E-6     -3.0648711826820876E-6   -13.922987072042876
-4.776511168716457E-6     -2.995628407502343E-6    -14.470440176728061
-4.888255584358229E-6     -2.9263856323225993E-6   -15.017893281413563
-4.5530223374329155E-6    -3.276971100718976E-6    -12.855761660009616
-4.664766753074688E-6     -3.207728325539231E-6    -13.4090436387091
-4.7765111687164575E-6    -3.1384855503594867E-6   -13.920679283069756
-4.888255584358228E-6     -3.0692427751797417E-6   -14.432314927430618
-5.0E-6                   -2.999999999999998E-6    -14.943950571790932
-4.664766753074686E-6     -3.3505854683963733E-6   -12.865186808775526
-4.776511168716458E-6     -3.2813426932166304E-6   -13.391045555216499
-4.888255584358229E-6     -3.2120999180368845E-6   -13.90268119957718
-4.9999999999999996E-6    -3.14285714285714E-6     -14.414316843937835
-4.776511168716457E-6     -3.4241998360737723E-6   -12.874611957541347
-4.888255584358229E-6     -3.3549570608940286E-6   -13.373047471723712
-4.9999999999999996E-6    -3.285714285714283E-6    -13.884683116084378
-4.888255584358229E-6     -3.4978142037511714E-6   -12.884037106307048
-4.9999999999999996E-6    -3.428571428571427E-6    -13.355049388230885
-4.9999999999999996E-6    -3.5714285714285697E-6   -12.864341469649853
-4.9999999999999996E-6    -4.285714285714285E-6    -11.324828421365938
-4.8769414055811485E-6    -4.220898822124495E-6    -11.21927424383647
-4.753882811162294E-6     -4.156083358534705E-6    -11.090277418402719
-4.630824216743442E-6     -4.091267894944915E-6    -10.961280592968837
-4.507765622324592E-6     -4.0264524313551264E-6   -10.832283767535095
-4.38470702790574E-6      -3.961636967765336E-6    -10.652070326859606
-5.0E-6                   -4.142857142857142E-6    -11.597907929744009
-4.876941405581148E-6     -4.078041679267352E-6    -11.487985386804683
-4.753882811162295E-6     -4.013226215677562E-6    -11.378062843865276
-4.630824216743442E-6     -3.9484107520877715E-6   -11.268140300925962
-4.507765622324593E-6     -3.883595288497984E-6    -11.105982111416655
-4.9999999999999996E-6    -3.999999999999998E-6    -11.899955922008939
-4.8769414055811485E-6    -3.9351845364102094E-6   -11.790033379069502
-4.753882811162296E-6     -3.870369072820419E-6    -11.68011083613007
-4.630824216743443E-6     -3.8055536092306286E-6   -11.550437677133964
-4.9999999999999996E-6    -3.857142857142855E-6    -12.202003914273831
-4.876941405581147E-6     -3.7923273935530658E-6   -12.092081371334425
-4.753882811162294E-6     -3.7275119299632754E-6   -11.994893242851331
-5.0E-6                   -3.7142857142857133E-6   -12.504051906538782
-4.8769414055811485E-6    -3.649470250695923E-6    -12.43934880856856
-4.550963033319306E-6     -4.5603726930575385E-6   -10.216139254101723
-4.640770426655445E-6     -4.5054410115888885E-6   -10.443015470310279
-4.730577819991583E-6     -4.450509330120236E-6    -10.66708976856
-4.8203852133277205E-6    -4.395577648651586E-6    -10.891164066809859
-4.910192606663861E-6     -4.340645967182936E-6    -11.11523836505964
-4.640770426655445E-6     -4.6482981544460305E-6   -10.334504146995327
-4.7305778199915835E-6    -4.593366472977381E-6    -10.554987558917459
-4.820385213327721E-6     -4.538434791508729E-6    -10.75883978820977
-4.91019260666386E-6      -4.483503110040077E-6    -10.96269201750205
-5.0E-6                   -4.4285714285714274E-6   -11.166544246794347
-4.730577819991583E-6     -4.736223615834522E-6    -10.446453251819396
-4.820385213327723E-6     -4.6812919343658735E-6   -10.64744090944686
-4.910192606663861E-6     -4.626360252897221E-6    -10.851293138739235
-4.9999999999999996E-6    -4.571428571428569E-6    -11.05514536803169
-4.8203852133277205E-6    -4.824149077223014E-6    -10.558402356643551
-4.910192606663861E-6     -4.769217395754364E-6    -10.739894259976317
-4.9999999999999996E-6    -4.714285714285711E-6    -10.943746489268639
-4.910192606663861E-6     -4.9120745386115075E-6   -10.670351461467796
-4.9999999999999996E-6    -4.857142857142856E-6    -10.832347610505785
-4.9999999999999996E-6    -4.999999999999999E-6    -10.78230056629196
1.3787828654700502E-6     -4.4504005763386295E-6   12.448902240259374
1.3123955212205963E-6     -4.560320461070903E-6    12.20091072665576
1.2460081769711421E-6     -4.670240345803176E-6    11.97781406828797
1.179620832721688E-6      -4.78016023053545E-6     11.754717409920143
1.1132334884722345E-6     -4.890080115267724E-6    11.531620751552097
1.0468461442227802E-6     -4.999999999999998E-6    11.32725920244395
1.4519750071169667E-6     -4.560320461070903E-6    12.501239728720597
1.3855876628675128E-6     -4.670240345803177E-6    12.261225604442007
1.3192003186180589E-6     -4.7801602305354505E-6   12.058706544343282
1.2528129743686045E-6     -4.890080115267724E-6    11.856187484244261
1.1864256301191508E-6     -4.9999999999999996E-6   11.653668424145753
1.5251671487638828E-6     -4.670240345803176E-6    12.56801020122876
1.4587798045144293E-6     -4.780160230535451E-6    12.35263018257398
1.392392460264975E-6      -4.890080115267724E-6    12.1501111224752
1.3260051160155208E-6     -4.999999999999998E-6    11.947592062376476
1.5983592904107993E-6     -4.78016023053545E-6     12.634780673737218
1.5319719461613456E-6     -4.890080115267724E-6    12.444034760706238
1.4655846019118913E-6     -4.999999999999997E-6    12.241515700607513
1.6715514320577162E-6     -4.890080115267724E-6    12.701551146245485
1.6051640878082619E-6     -4.999999999999999E-6    12.535439338838472
-4.408119495458056E-6     -4.999999999999998E-6    -9.708373451503158
-4.436688203030307E-6     -4.912074538611507E-6    -9.796002142683982
-4.465256910602556E-6     -4.824149077223014E-6    -9.899345180690347
-4.493825618174806E-6     -4.736223615834522E-6    -10.002688218696772
-4.5223943257470565E-6    -4.648298154446031E-6    -10.106031256703275
-4.526495596366445E-6     -4.999999999999999E-6    -9.947040178462153
-4.555064303938695E-6     -4.912074538611506E-6    -10.039748374938096
-4.583633011510945E-6     -4.824149077223014E-6    -10.132456571413881
-4.612201719083194E-6     -4.736223615834522E-6    -10.225164767889677
-4.644871697274834E-6     -4.999999999999998E-6    -10.171193234056956
-4.673440404847084E-6     -4.9120745386115075E-6   -10.263901430532712
-4.702009112419334E-6     -4.824149077223015E-6    -10.356609627008538
-4.763247798183221E-6     -4.999999999999997E-6    -10.39534628965176
-4.7918165057554726E-6    -4.912074538611506E-6    -10.488054486127536
-4.881623899091611E-6     -4.999999999999999E-6    -10.619499345246407
6.774941972395476E-7      -4.448013001347442E-6    10.545560355294192
6.117851007398238E-7      -4.5584104010779535E-6   10.249742922240216
5.460760042401E-7         -4.668807800808465E-6    9.977895233849075
4.803669077403764E-7      -4.779205200538975E-6    9.70604754545778
4.1465781124065284E-7     -4.889602600269488E-6    9.434199857066602
3.48948714740929E-7       -4.999999999999998E-6    9.17725788373479
7.513645866361942E-7      -4.5584104010779535E-6   10.6913766378822
6.856554901364705E-7      -4.668807800808465E-6    10.402515742803523
6.199463936367467E-7      -4.779205200538976E-6    10.146636358440304
5.542372971370229E-7      -4.889602600269487E-6    9.890756974077465
4.885282006372994E-7      -4.9999999999999996E-6   9.634877589714415
8.252349760328405E-7      -4.668807800808465E-6    10.846286581088624
7.59525879533117E-7       -4.7792052005389765E-6   10.5790993162526
6.938167830333931E-7      -4.889602600269487E-6    10.323219931889573
6.281076865336693E-7      -4.999999999999998E-6    10.067340547526827
8.991053654294871E-7      -4.779205200538975E-6    11.001196524295384
8.333962689297636E-7      -4.889602600269487E-6    10.755682889702063
7.676871724300396E-7      -4.999999999999997E-6    10.499803505338923
9.729757548261339E-7      -4.889602600269488E-6    11.156106467501926
9.072666583264101E-7      -4.999999999999999E-6    10.932266463151254
-4.048219196053812E-6     -4.5277275267870266E-6   -8.99967099284065
-4.120199255934662E-6     -4.622182021429622E-6    -9.135224812198503
-4.19217931581551E-6      -4.716636516072214E-6    -9.276697763104057
-4.264159375696358E-6     -4.811091010714808E-6    -9.418170714009726
-4.336139435577208E-6     -4.905545505357404E-6    -9.559643664915495
-3.999210605659936E-6     -4.622182021429622E-6    -8.80412561942953
-4.071190665540785E-6     -4.716636516072214E-6    -8.941339421218919
-4.143170725421634E-6     -4.81109101071481E-6     -9.097557711134723
-4.215150785302482E-6     -4.905545505357404E-6    -9.253776001050685
-4.287130845183333E-6     -4.9999999999999996E-6   -9.409994290966766
-3.950202015266059E-6     -4.716636516072214E-6    -8.61747841003147
-4.022182075146909E-6     -4.81109101071481E-6     -8.767749856947368
-4.094162135027757E-6     -4.905545505357404E-6    -8.92396814686333
-4.166142194908606E-6     -4.999999999999998E-6    -9.080186436779293
-3.901193424872183E-6     -4.811091010714808E-6    -8.430831200633728
-3.973173484753033E-6     -4.905545505357404E-6    -8.594160292675644
-4.04515354463388E-6      -4.999999999999997E-6    -8.750378582591742
-3.852184834478308E-6     -4.905545505357404E-6    -8.244183991235847
-3.924164894359157E-6     -4.999999999999999E-6    -8.420570728404348
-3.8031762440844315E-6    -4.999999999999998E-6    -8.072612750142243
-1.4267432603969676E-8    -4.447579482651165E-6    8.038036854454257
-8.120368903136036E-8     -4.558063586120933E-6    7.709443199545934
-1.4813994545875105E-7    -4.668547689590699E-6    7.401208138316482
-2.150762018861417E-7     -4.7790317930604645E-6   7.092973077086794
-2.820124583135324E-7     -4.889515896530233E-6    6.784738015857144
-3.4894871474092307E-7    -4.999999999999998E-6    6.48653056565069
5.837579686501007E-8      -4.558063586120933E-6    8.259997555135584
-8.560459562380613E-9     -4.6685476895906995E-6   7.93681172676115
-7.54967159897713E-8      -4.779031793060466E-6    7.639214816501033
-1.4243297241716195E-7    -4.889515896530231E-6    7.341617906241255
-2.0936922884455266E-7    -4.9999999999999996E-6   7.044020995981192
1.310190263339898E-7      -4.668547689590699E-6    8.486168043764497
6.408276990659912E-8      -4.779031793060466E-6    8.179976895968922
-2.853486520791559E-9     -4.889515896530232E-6    7.882379985709087
-6.978974294818223E-8     -4.999999999999998E-6    7.58478307544897
2.0366225580296949E-7     -4.7790317930604645E-6   8.71233853239357
1.3672599937557885E-7     -4.889515896530232E-6    8.4231420651771
6.978974294818816E-8      -4.999999999999997E-6    8.125545154917377
2.763054852719493E-7      -4.889515896530233E-6    8.938509021021952
2.0936922884455864E-7     -4.999999999999999E-6    8.66630723438547
-3.4340341720493413E-6    -4.459870910071405E-6    -7.0636967266318615
-3.50786258645636E-6      -4.567896728057124E-6    -7.257846297509185
-3.581691000863377E-6     -4.675922546042842E-6    -7.4592691451576965
-3.655519415270395E-6     -4.78394836402856E-6     -7.660691992806761
-3.7293478296774135E-6    -4.891974182014281E-6    -7.862114840455806
-3.3752241647720247E-6    -4.567896728057124E-6    -6.786506299221639
-3.4490525791790426E-6    -4.675922546042843E-6    -6.9866568021614155
-3.5228809935860606E-6    -4.78394836402856E-6     -7.2039043818838415
-3.5967094079930785E-6    -4.891974182014279E-6    -7.4211519616061095
-3.6705378224000973E-6    -4.9999999999999996E-6   -7.6383995413285355
-3.3164141574947068E-6    -4.675922546042842E-6    -6.527433154256846
-3.3902425719017264E-6    -4.783948364028562E-6    -6.7395392364622815
-3.4640709863087435E-6    -4.89197418201428E-6     -6.95678681618451
-3.5378994007157615E-6    -4.999999999999998E-6    -7.174034395906738
-3.2576041502173897E-6    -4.78394836402856E-6     -6.268360009292248
-3.331432564624409E-6     -4.891974182014279E-6    -6.492421670762752
-3.4052609790314264E-6    -4.999999999999997E-6    -6.709669250485022
-3.1987941429400735E-6    -4.891974182014281E-6    -6.009286864327613
-3.272622557347092E-6     -4.999999999999999E-6    -6.245304105063147
-3.1399841356627564E-6    -4.999999999999998E-6    -5.762629175837472
-7.05898263415884E-7      -4.443608967249183E-6    5.079088842813022
-7.740878395772622E-7     -4.554887173799347E-6    4.736927256688193
-8.422774157386402E-7     -4.666165380349508E-6    4.411153483937836
-9.104669919000185E-7     -4.777443586899671E-6    4.085379711187244
-9.78656568061397E-7      -4.888721793449835E-6    3.7596059384372023
-1.0468461442227751E-6    -4.999999999999998E-6    3.438607727527662
-6.345083536808918E-7     -4.554887173799347E-6    5.359728774426847
-7.0269792984227E-7       -4.666165380349508E-6    5.021184759538989
-7.708875060036483E-7     -4.7774435868996715E-6   4.699951250874677
-8.390770821650264E-7     -4.888721793449835E-6    4.378717742210728
-9.072666583264049E-7     -4.9999999999999996E-6   4.0574842335462105
-5.631184439458994E-7     -4.666165380349508E-6    5.639338178375169
-6.31308020107278E-7      -4.777443586899673E-6    5.312226639412194
-6.994975962686561E-7     -4.888721793449835E-6    4.990993130748092
-7.676871724300341E-7     -4.999999999999998E-6    4.669759622083779
-4.917285342109072E-7     -4.777443586899671E-6    5.918947582323373
-5.599181103722856E-7     -4.888721793449835E-6    5.603268519285977
-6.281076865336638E-7     -4.999999999999997E-6    5.28203501062198
-4.2033862447591526E-7    -4.888721793449835E-6    6.198556986271458
-4.885282006372935E-7     -4.999999999999999E-6    5.894310399159707
-2.8003630575449857E-6    -4.430039685431695E-6    -4.578498736045412
-2.8682872731685405E-6    -4.544031748345356E-6    -4.811843966902126
-2.9362114887920937E-6    -4.658023811259016E-6    -5.047251546160133
-3.0041357044156485E-6    -4.772015874172676E-6    -5.282659125418613
-3.072059920039203E-6     -4.886007937086338E-6    -5.518066704677015
-2.728818646673285E-6     -4.544031748345356E-6    -4.228874556354986
-2.7967428622968394E-6    -4.658023811259017E-6    -4.46550426739472
-2.864667077920393E-6     -4.772015874172678E-6    -4.714297907399069
-2.932591293543947E-6     -4.886007937086337E-6    -4.963091547403104
-3.0005155091675018E-6    -4.9999999999999996E-6   -5.211885187407532
-2.657274235801583E-6     -4.658023811259016E-6    -3.894094780386675
-2.725198451425138E-6     -4.772015874172678E-6    -4.138723006019899
-2.793122667048692E-6     -4.886007937086337E-6    -4.387516646024169
-2.8610468826722454E-6    -4.999999999999998E-6    -4.63631028602844
-2.585729824929882E-6     -4.772015874172676E-6    -3.559315004418205
-2.6536540405534368E-6    -4.886007937086337E-6    -3.811941744644853
-2.7215782561769903E-6    -4.999999999999997E-6    -4.0607353846487175
-2.5141854140581817E-6    -4.886007937086338E-6    -3.224535228450091
-2.582109629681736E-6     -4.999999999999999E-6    -3.4851604832697043
-2.4426410031864805E-6    -4.999999999999998E-6    -2.8972027134971854
-1.404261053588428E-6     -4.44064348141582E-6     1.8299509459057743
-1.472357557611668E-6     -4.552514785132656E-6    1.5030296267287753
-1.5404540616349078E-6    -4.664386088849491E-6    1.187315078631823
-1.6085505656581476E-6    -4.776257392566326E-6    0.871600530534555
-1.6766470696813882E-6    -4.888128696283163E-6    0.555885982437287
-1.7447435737046278E-6    -4.999999999999998E-6    0.23941167576827452
-1.3327780717152975E-6    -4.552514785132656E-6    2.156626899676869
-1.4008745757385376E-6    -4.664386088849491E-6    1.8309687642052495
-1.4689710797617774E-6    -4.776257392566326E-6    1.5132352449311188
-1.5370675837850171E-6    -4.888128696283161E-6    1.1955017256568894
-1.6051640878082574E-6    -4.9999999999999996E-6   0.8777682063828577
-1.261295089842167E-6     -4.664386088849491E-6    2.4762969669546626
-1.3293915938654072E-6    -4.776257392566328E-6    2.1558329061379515
-1.397488097888647E-6     -4.888128696283163E-6    1.838099386863875
-1.4655846019118868E-6    -4.999999999999998E-6    1.5203658675896656
-1.1898121079690362E-6    -4.776257392566326E-6    2.7959670342321017
-1.2579086119922765E-6    -4.888128696283162E-6    2.480697048070762
-1.326005116015516E-6     -4.999999999999997E-6    2.1629635287967894
-1.118329126095906E-6     -4.888128696283163E-6    3.115637101509777
-1.186425630119146E-6     -4.999999999999999E-6    2.8055611900035977
-2.1028535822853487E-6    -4.436556125241291E-6    -1.4642265234223026
-2.170811066465575E-6     -4.549244900193032E-6    -1.7538812217487525
-2.238768550645801E-6     -4.661933675144773E-6    -2.0381637361366503
-2.3067260348260275E-6    -4.774622450096514E-6    -2.322446250524627
-2.3746835190062544E-6    -4.8873112250482565E-6   -2.6067287649125253
-2.0312315805692052E-6    -4.549244900193032E-6    -1.1134038805343502
-2.0991890647494313E-6    -4.661933675144774E-6    -1.4039408337410706
-2.167146548929657E-6     -4.774622450096515E-6    -1.6966603413930312
-2.2351040331098836E-6    -4.8873112250482565E-6   -1.9893798490451495
-2.3030615172901106E-6    -4.9999999999999996E-6   -2.2820993566971097
-1.95960957885306E-6      -4.661933675144773E-6    -0.7746698501346263
-2.027567063033287E-6     -4.774622450096516E-6    -1.0666624625623204
-2.095524547213513E-6     -4.8873112250482565E-6   -1.3593819702147545
-2.1634820313937393E-6    -4.999999999999998E-6    -1.652101477866794
-1.887987577136916E-6     -4.774622450096514E-6    -0.43593581973435025
-1.9559450613171428E-6    -4.8873112250482565E-6   -0.7293840913838312
-2.0239025454973685E-6    -4.999999999999997E-6    -1.0221035990356886
-1.8163655754207723E-6    -4.8873112250482565E-6   -0.09720178933498158
-1.8843230596009985E-6    -4.999999999999999E-6    -0.3921057202052148
4.418326971657505E-6      -4.7153515859073953E-7   34.3069946064422
4.378055161807038E-6      -3.795103330727605E-7    35.997823869895974
4.33778335195657E-6       -2.874855075547815E-7    37.702958274343885
4.297511542106103E-6      -1.9546068203680249E-7   39.408092678792656
4.3066655582930814E-6     -4.82946189591584E-7     35.10066923379969
4.266393748442614E-6      -3.9092136407360497E-7   36.820679160350494
4.226121938592147E-6      -2.98896538555626E-7     38.52581356479851
4.195004144928658E-6      -4.943572205924285E-7    35.894343861156244
4.154732335078191E-6      -4.0233239507444947E-7   37.6435344508041
4.0833427315642345E-6     -5.05768251593273E-7     36.688018488513734
4.500467666688362E-6      -5.858630826633876E-7    32.240466487444564
4.470946948354795E-6      -7.116020377368801E-7    31.0489550792861
4.441426230021229E-6      -8.373409928103726E-7    29.85744367112716
4.411905511687662E-6      -9.630799478838653E-7    28.66593226296838
4.594469989683977E-6      -6.366954000025505E-7    30.717555064517807
4.56494927135041E-6       -7.62434355076043E-7     29.590543892851496
4.535428553016843E-6      -8.881733101495355E-7    28.463532721184958
4.68847231267959E-6       -6.875277173417135E-7    29.254971292671364
4.658951594346024E-6      -8.13266672415206E-7     28.127960121004403
4.782474635675205E-6      -7.383600346808765E-7    27.792387520825198
4.388806253323938E-6      -5.97274113664232E-7     33.06528810278519
4.2771448399595145E-6     -6.086851446650765E-7    33.8297820670444
4.1654834265950915E-6     -6.20096175665921E-7     34.59427603130519
4.0538220132306676E-6     -6.315072066667656E-7    35.30640006489692
4.359285534990371E-6      -7.230130687377246E-7    31.80927645813409
4.247624121625948E-6      -7.344240997385691E-7    32.57377042239441
4.1359627082615245E-6     -7.458351307394136E-7    33.3378995219487
4.329764816656805E-6      -8.487520238112171E-7    30.55326481348299
4.2181034032923814E-6     -8.601630548120616E-7    31.369398979000238
4.300244098323238E-6      -9.744909788847096E-7    29.40089843605272
4.758004398257389E-6      -1.450198104097197E-6    21.613114419601796
4.6344813569282075E-6     -1.3822475989743835E-6   23.0753786761805
4.510958315599027E-6      -1.3142970938515699E-6   24.537642932759514
4.3874352742698465E-6     -1.2463465887287565E-6   26.046389052525107
4.639531837843959E-6      -1.5397752847457822E-6   21.744533098720815
4.516008796514778E-6      -1.4718247796229688E-6   23.206797355299678
4.392485755185597E-6      -1.4038742745001555E-6   24.687309909179916
4.521059277430528E-6      -1.6293524653943678E-6   21.87595177783932
4.397536236101348E-6      -1.5614019602715542E-6   23.328230765834334
4.402586717017099E-6      -1.7189296460429532E-6   21.96915162248883
3.649841614210736E-6      -2.0699770775982602E-7   44.31054263057133
3.5815320721267557E-6     -3.1055955900082854E-7   42.98099087086533
3.513222530042776E-6      -4.14121410241831E-7     41.65143911116028
3.444912987958797E-6      -5.176832614828335E-7    40.28245995727596
3.7132241546870094E-6     -3.104335642786495E-7    42.25831980919777
3.6449146126030295E-6     -4.1399541551965203E-7   40.928768049492525
3.5766050705190497E-6     -5.175572667606546E-7    39.58934830219724
3.776606695163283E-6      -4.13869420797473E-7     40.206096987824466
3.7082971530793038E-6     -5.174312720384755E-7    38.896236647117234
3.839989235639557E-6      -5.173052773162965E-7    38.203124992038184
3.621524413376429E-6      -1.0365237278489304E-6   32.567894891590136
3.6915557943411056E-6     -9.32654838797968E-7     33.53044409293223
3.7615871753057817E-6     -8.287859497470052E-7    34.49275171724201
3.831618556270458E-6      -7.249170606960426E-7    35.455059341552015
3.901649937235134E-6      -6.210481716450801E-7    36.417366965861405
3.559863711780852E-6      -9.32780833520147E-7     34.14186453804639
3.629895092745528E-6      -8.289119444691843E-7    35.11810503292716
3.6999264737102042E-6     -7.250430554182216E-7    36.16286196115897
3.769957854674881E-6      -6.211741663672591E-7    37.20761888939066
3.4982030101852744E-6     -8.290379391913633E-7    35.800067165283025
3.5682343911499506E-6     -7.251690501404006E-7    36.82641420965121
3.638265772114627E-6      -6.21300161089438E-7     37.87117113788301
3.4365423085896973E-6     -7.252950448625797E-7    37.4582697925192
3.506573689554373E-6      -6.21426155811617E-7     38.53472338637483
3.3748816069941203E-6     -6.215521505337961E-7    39.116472419756235
3.983790632265991E-6      -7.353760957177282E-7    34.37417181383968
3.913759251301314E-6      -8.392449847686907E-7    33.494313493452125
3.843727870336638E-6      -9.431138738196532E-7    32.61445517306455
3.7736964893719625E-6     -1.046982762870616E-6    31.676655745769068
4.065931327296848E-6      -8.497040197903761E-7    32.45767633685502
3.995899946332172E-6      -9.535729088413388E-7    31.577818016467727
3.925868565367496E-6      -1.0574417978923013E-6   30.691046872055367
4.148072022327705E-6      -9.640319438630242E-7    30.54118085986993
4.078040641363029E-6      -1.0679008329139867E-6   29.705437998341825
4.230212717358563E-6      -1.0783598679356723E-6   28.71982912462757
4.2849153821583295E-6     -1.8262349987125841E-6   21.7157570350231
4.279864901242579E-6      -1.6687073129411854E-6   23.000114544732718
4.274814420326827E-6      -1.5111796271697862E-6   24.38742725396365
4.269763939411077E-6      -1.3536519413983874E-6   25.774739963193795
4.2647134584953266E-6     -1.196124255626989E-6    27.2939061390383
4.1621935663838096E-6     -1.7760126656108163E-6   22.724272508601818
4.1571430854680584E-6     -1.6184849798394174E-6   24.069296301446634
4.152092604552308E-6      -1.4609572940680186E-6   25.45660901067749
4.147042123636557E-6      -1.3034296082966198E-6   26.907524327834544
4.03947175060929E-6       -1.7257903325090485E-6   23.732787982180458
4.0344212696935385E-6     -1.5682626467376496E-6   25.13847805816004
4.029370788777788E-6      -1.4107349609662508E-6   26.521142516631578
3.91674993483477E-6       -1.6755679994072807E-6   24.741303455758942
3.9116994539190195E-6     -1.518040313635882E-6    26.134760705428604
3.79402811906025E-6       -1.625345666305513E-6    25.70061310655346
3.6560251545131933E-6     -1.154288115540247E-6    31.10735591923394
3.6905258956499573E-6     -1.2720525032315634E-6   29.733870491186465
3.725026636786721E-6      -1.38981689092288E-6     28.360385063137965
3.759527377923486E-6      -1.5075812786141963E-6   26.986899635091042
3.8081972305087264E-6     -1.1647471505619324E-6   30.22950137814267
3.842697971645491E-6      -1.2825115382532488E-6   28.840288117422798
3.877198712782255E-6      -1.4002759259445654E-6   27.4510748567029
3.9603693065042595E-6     -1.1752061855836176E-6   29.294920787311487
3.994870047641024E-6      -1.2929705732749342E-6   27.90570752659177
4.112541382499793E-6      -1.1856652206053033E-6   28.36034019648124
2.990996036151388E-6      -2.089607717810817E-7    46.914088463409094
2.9256801829275274E-6     -3.1435969232116086E-7   45.1952831845748
2.860364329703667E-6      -4.1975861286124006E-7   43.47647790573991
2.795048476479807E-6      -5.251575334013192E-7    41.752871674476594
3.0552232901572114E-6     -3.125226230220842E-7    44.99136241317492
2.9899074369333514E-6     -4.179215435621634E-7    43.272557134339536
2.9245915837094905E-6     -5.233204641022425E-7    41.55734747571854
3.119450544163035E-6      -4.160844742630867E-7    43.06863636294046
3.0541346909391744E-6     -5.214833948031659E-7    41.36182327696111
3.1836777981688592E-6     -5.196463255040892E-7    41.16629907820306
4.409941684670099E-6      -2.008633078416523E-6    19.847260830903238
4.412246171407348E-6      -2.1408088250186936E-6   19.041708828426387
4.4145506581445966E-6     -2.2729845716208643E-6   18.236156825950083
4.416855144881846E-6      -2.4051603182230353E-6   17.430604823473544
4.528414245083528E-6      -2.0619130406250802E-6   18.83184002160811
4.5307187318207774E-6     -2.1940887872272513E-6   18.047022450170203
4.533023218558027E-6      -2.326264533829422E-6    17.262204878732305
4.646886805496958E-6      -2.115193002833638E-6    17.84488089740046
4.649191292234208E-6      -2.247368749435809E-6    17.060063325962993
4.7653593659103885E-6     -2.1684729650421955E-6   16.85792177319337
3.850697139115178E-6      -2.2205357290564955E-6   20.827911481341378
3.964389637615962E-6      -2.2838957962102377E-6   20.00854072917859
4.078082136116744E-6      -2.3472558633639794E-6   19.17789884642373
4.191774634617528E-6      -2.4106159305177216E-6   18.347256963668862
4.305467133118312E-6      -2.4739759976714638E-6   17.51661508091424
3.962085150878712E-6      -2.1517200496080666E-6   20.86122501444097
4.075777649379496E-6      -2.2150801167618088E-6   20.02658078968641
4.1894701478802795E-6     -2.278440183915551E-6    19.150008264939295
4.303162646381063E-6      -2.3418002510692927E-6   18.27343574019223
4.0734731626422465E-6     -2.082904370159638E-6    20.842527760031736
4.18716566114303E-6       -2.14626443731338E-6     19.976294698453994
4.300858159643814E-6      -2.2096245044671225E-6   19.09972217370712
4.184861174405781E-6      -2.0140886907112093E-6   20.8238305056214
4.2985536729065644E-6     -2.0774487578649515E-6   19.926008607222897
4.296249186169315E-6      -1.9452730112627804E-6   20.805133251213277
3.839363335104192E-6      -2.101497716506299E-6    21.74479211444797
3.950751346867727E-6      -2.03268203705787E-6     21.780037487305087
4.062139358631261E-6      -1.9638663576094417E-6   21.79292906971842
4.173527370394794E-6      -1.8950506781610128E-6   21.805820652130276
3.828029531093207E-6      -1.982459703956102E-6    22.715861786694354
3.939417542856741E-6      -1.9136440245076737E-6   22.740778260161626
4.050805554620275E-6      -1.844828345059245E-6    22.753669842574485
3.816695727082221E-6      -1.863421691405906E-6    23.686931458941444
3.928083738845755E-6      -1.7946060119574772E-6   23.701519033018577
3.8053619230712355E-6     -1.7443836788557094E-6   24.658001131187824
4.77181388476168E-6       -2.867863478572709E-6    13.600367881734874
4.655645811085499E-6      -2.8039021201091788E-6   14.399484124518354
4.539477737409318E-6      -2.739940761645649E-6    15.19860036730191
4.423309663733137E-6      -2.6759794031821195E-6   16.025581550244866
4.65979584319954E-6       -2.9425454584660923E-6   13.818212281562435
4.54362776952336E-6       -2.8785841000025625E-6   14.617328524346112
4.427459695847179E-6      -2.8146227415390326E-6   15.428140253733153
4.547777801637401E-6      -3.017227438359476E-6    14.036056681389608
4.431609727961221E-6      -2.953266079895946E-6    14.830698957220964
4.435759760075262E-6      -3.0919094182528597E-6   14.233257660708857
2.3418696667410385E-6     -2.131875165176527E-7    46.791357243286775
2.2758912766709185E-6     -3.209761124952262E-7    44.78926670864872
2.2099128866007985E-6     -4.287647084727997E-7    42.78717617401123
2.1439344965306794E-6     -5.365533044503732E-7    40.808086342205286
2.4062839948507793E-6     -3.185864370577319E-7    45.084438373929714
2.3403056047806597E-6     -4.263750330353054E-7    43.08234783929266
2.2743272147105397E-6     -5.341636290128789E-7    41.09103965015526
2.4706983229605205E-6     -4.2398535759781104E-7   43.37751950457403
2.404719932890401E-6      -5.317739535753846E-7    41.373992958104594
2.535112651070262E-6      -5.293842781378903E-7    41.656946266053936
2.9818612815160326E-6     -1.0297411604507925E-6   34.45408696365245
3.0481332062925347E-6     -9.273547796016366E-7    35.703622842477586
3.114405131069037E-6      -8.249683987524805E-7    36.98300781935678
3.1806770558455386E-6     -7.225820179033246E-7    38.26239279623471
3.246948980622041E-6      -6.201956370541686E-7    39.54177777311185
2.9185900990628508E-6     -9.291918489007132E-7    35.879712582205016
2.984862023839353E-6      -8.268054680515572E-7    37.14256525636693
3.051133948615855E-6      -7.244190872024012E-7    38.490606118812124
3.1174058733923567E-6     -6.220327063532451E-7    39.83864698125708
2.855318916609669E-6      -8.286425373506339E-7    37.35171540029498
2.9215908413861706E-6     -7.262561565014778E-7    38.67773374492774
2.987862766162673E-6      -6.238697756523219E-7    40.02577460737215
2.7920477341564862E-6     -7.280932258005545E-7    38.82371821838556
2.8583196589329883E-6     -6.257068449513985E-7    40.2129022334883
2.7287765517033048E-6     -6.275439142504752E-7    40.29572103647607
3.3086096822176177E-6     -7.239385313829521E-7    37.82394011333416
3.2423377574411156E-6     -8.263249122321081E-7    36.61321102202309
3.176065832664614E-6      -9.287112930812641E-7    35.40248193071271
3.109793907888112E-6      -1.03109767393042E-6     34.18606489285437
3.3702703838131952E-6     -8.276814257117357E-7    36.21584403558496
3.303998459036693E-6      -9.300678065608918E-7    35.00511494427453
3.237726534260191E-6      -1.0324541874100476E-6   33.80322538435769
3.4319310854087723E-6     -9.314243200405192E-7    34.607747957836416
3.36565916063227E-6       -1.0338107008896751E-6   33.4203858758596
3.4935917870043498E-6     -1.035167214369303E-6    33.037546367362374
3.2887036657400743E-6     -1.4429728784955675E-6   29.11731141171645
3.3897685564041097E-6     -1.4794474360575566E-6   28.453370069545237
3.4908334470681446E-6     -1.5159219936195455E-6   27.771124957659225
3.5918983377321796E-6     -1.5523965511815349E-6   27.088879845772738
3.692963228396215E-6      -1.5888711087435238E-6   26.406634733885774
3.3552678152673453E-6     -1.36168304836624E-6     29.799685868311386
3.4563327059313803E-6     -1.3981576059282294E-6   29.128175375455445
3.5573975965954152E-6     -1.4346321634902183E-6   28.411235944759035
3.65846248725945E-6       -1.4711067210522072E-6   27.6942965140636
3.4218319647946163E-6     -1.2803932182369128E-6   30.48920393735227
3.5228968554586513E-6     -1.3168677757989017E-6   29.768993540134904
3.6239617461226863E-6     -1.3533423333608908E-6   29.052054109438764
3.488396114321887E-6      -1.1991033881075851E-6   31.17872200639315
3.589461004985922E-6      -1.2355779456695743E-6   30.409811704815013
3.554960263849158E-6      -1.117813557978258E-6    31.86824007543545
3.227335188895266E-6      -1.3603265348866125E-6   30.166333631131188
3.2938993384225367E-6     -1.279036704757285E-6    30.860786934430248
3.3604634879498073E-6     -1.1977468746279576E-6   31.599004907832494
3.4270276374770783E-6     -1.1164570444986301E-6   32.33722288123509
3.1659667120504575E-6     -1.2776801912776575E-6   31.2274088594721
3.232530861577728E-6      -1.19639036114833E-6     31.96731693838836
3.299095011104999E-6      -1.1151005310190028E-6   32.70553491179108
3.1045982352056494E-6     -1.1950338476687025E-6   32.28848408781412
3.17116238473292E-6       -1.113744017539375E-6    33.07384694234776
3.043229758360841E-6      -1.1123875040597475E-6   33.349559316155265
3.6976041191774587E-6     -1.6859312178840346E-6   25.509371513588516
3.6011801192946666E-6     -1.7465167694625565E-6   25.28013684389598
3.5047561194118753E-6     -1.8071023210410782E-6   25.050902174204076
3.408332119529084E-6      -1.8676878726196001E-6   24.82166750451265
3.3119081196462924E-6     -1.928273424198122E-6    24.55767921549226
3.708937923188444E-6      -1.8049692304342313E-6   24.470038210684788
3.6125139233056526E-6     -1.8655547820127528E-6   24.27344238245382
3.5160899234228605E-6     -1.926140333591275E-6    24.076846554223362
3.4196659235400697E-6     -1.986725885169797E-6    23.82862198163302
3.7202717271994295E-6     -1.9240072429844275E-6   23.48863963904733
3.6238477273166382E-6     -1.9845927945629495E-6   23.29204381081675
3.5274237274338466E-6     -2.0451783461414714E-6   23.081728556461393
3.731605531210415E-6      -2.043045255534624E-6    22.5072410674097
3.6351815313276234E-6     -2.103630807113146E-6    22.334835131289765
3.742939335221401E-6      -2.162083268084821E-6    21.58794170611774
3.293344556521318E-6      -1.5400329876360785E-6   28.171288090348437
3.2979854473025617E-6     -1.6370930967765894E-6   27.25670437493128
3.302626338083805E-6      -1.7341532059171002E-6   26.342120659512943
3.3072672288650487E-6     -1.831213315057611E-6    25.42753694409516
3.394409447185353E-6      -1.5765075451980674E-6   27.509958624085268
3.3990503379665962E-6     -1.6735676543385783E-6   26.60053431985552
3.40369122874784E-6       -1.770627763479089E-6    25.691110015625057
3.495474337849388E-6      -1.6129821027600564E-6   26.86240783100854
3.5001152286306316E-6     -1.7100422119005674E-6   25.9529835267783
3.596539228513423E-6      -1.6494566603220457E-6   26.21485703793177
2.3511259600669334E-6     -1.0746397008961857E-6   33.84860571409023
2.4140018419035714E-6     -9.651106812570277E-7    35.37415524653129
2.476877723740209E-6      -8.555816616178698E-7    36.96990096095812
2.5397536055768468E-6     -7.460526419787118E-7    38.56564667538433
2.602629487413485E-6      -6.365236223395538E-7    40.161392389810686
2.2836091237237107E-6     -9.675003566945222E-7    35.12562038113232
2.346485005560348E-6      -8.579713370553641E-7    36.673586224930276
2.409360887396986E-6      -7.48442317416206E-7     38.3301547822499
2.4722367692336232E-6     -6.389132977770481E-7    39.98672333956954
2.2160922873804875E-6     -8.603610124928584E-7    36.43673754941192
2.278968169217125E-6      -7.508319928537003E-7    38.05941983163268
2.341844051053763E-6      -6.413029732145424E-7    39.715988388952596
2.1485754510372644E-6     -7.532216682911948E-7    37.74785471769196
2.211451332873902E-6      -6.436926486520367E-7    39.44525343833478
2.0810586146940413E-6     -6.460823240895312E-7    39.05897188597196
2.6659006698666667E-6     -7.370729338896333E-7    38.656489341815195
2.6030247880300286E-6     -8.466019535287911E-7    37.121566470281394
2.540148906193391E-6      -9.561309731679491E-7    35.58664359874753
2.4772730243567533E-6     -1.0656599928071071E-6   34.06094791250828
2.7291718523198486E-6     -8.376222454397125E-7    37.24765219419437
2.666295970483211E-6      -9.471512650788705E-7    35.71272932266047
2.603420088646573E-6      -1.0566802847180284E-6   34.17755805459631
2.792443034773031E-6      -9.381715569897918E-7    35.83881504657399
2.7295671529363927E-6     -1.0477005766289498E-6   34.29416819668387
2.8557142172262127E-6     -1.0387208685398713E-6   34.41077833877292
3.3504072813594628E-6     -2.4518422050464946E-6   20.653770865766848
3.450465252910606E-6      -2.405580909848495E-6    20.713391034883603
3.550523224461749E-6      -2.359319614650495E-6    20.752750623635627
3.650581196012892E-6      -2.313058319452495E-6    20.792110212387016
3.750639167564035E-6      -2.266797024254495E-6    20.831469801138525
3.342707449016829E-6      -2.34712844887682E-6     21.38852613845775
3.442765420567972E-6      -2.3008671536788203E-6   21.46369115172867
3.5428233921191144E-6     -2.25460585848082E-6     21.525807739973885
3.6428813636702573E-6     -2.20834456328282E-6     21.587924328219078
3.335007616674195E-6      -2.2424146927071457E-6   22.165088424262045
3.4350655882253375E-6     -2.1961533975091452E-6   22.23479184691009
3.535123559776481E-6      -2.1498921023111456E-6   22.296908435154975
3.3273077843315606E-6     -2.137700936537471E-6    22.94165071006752
3.427365755882703E-6      -2.091439641339471E-6    23.005892542091804
3.3196079519889263E-6     -2.0329871803677965E-6   23.718212995871973
4.298670437390725E-6      -2.609162966154289E-6    16.814978339641808
4.178181243162354E-6      -2.6809898674833712E-6   16.895743251851812
4.0576920489339835E-6     -2.7528167688124545E-6   16.9765081640626
3.937202854705613E-6      -2.824643670141537E-6    17.05727307627351
3.816713660477242E-6      -2.8964705714706198E-6   17.081093110485423
4.3028204695047666E-6     -2.747806304511202E-6    16.161428581691695
4.182331275276396E-6      -2.8196332058402848E-6   16.26941067297877
4.0618420810480245E-6     -2.8914601071693676E-6   16.377392764265615
3.941352886819655E-6      -2.9632870084984505E-6   16.4303476205869
4.306970501618808E-6      -2.8864496428681155E-6   15.547817831623943
4.186481307390438E-6      -2.9582765441971983E-6   15.655799922910902
4.065992113162066E-6      -3.0301034455262807E-6   15.744197103508876
4.3111205337328495E-6     -3.0250929812250286E-6   14.934207081555803
4.19063133950448E-6       -3.096919882554112E-6    15.058046586430416
4.315270565846891E-6      -3.163736319581942E-6    14.371896069352548
3.843900443387591E-6      -2.3557226975393205E-6   20.012725636763182
3.837103747660003E-6      -2.490909666022145E-6    19.26268737929854
3.830307051932417E-6      -2.62609663450497E-6     18.51264912183374
3.823510356204829E-6      -2.7612836029877947E-6   17.762610864369535
3.957592941888374E-6      -2.4190827646930627E-6   19.209051069810858
3.950796246160787E-6      -2.554269733175887E-6    18.477887562182627
3.9439995504332E-6        -2.689456701658712E-6    17.746724054554488
4.071285440389158E-6      -2.4824428318468044E-6   18.424339829048137
4.0644887446615705E-6     -2.6176298003296295E-6   17.693176321419806
4.184977938889941E-6      -2.545802899000546E-6    17.639628588285532
3.443668557183019E-6      -2.5407678783313195E-6   19.924124921708458
3.5369298330065748E-6     -2.629693551616145E-6    19.206718815434265
3.6301911088301303E-6     -2.7186192249009694E-6   18.48931270915989
3.7234523846536863E-6     -2.807544898185795E-6    17.771906602885934
3.543726528734162E-6      -2.49450658313332E-6     19.98188119517685
3.6369878045577177E-6     -2.583432256418145E-6    19.229570777134487
3.7302490803812733E-6     -2.6723579297029698E-6   18.47726035909195
3.6437845002853047E-6     -2.44824528793532E-6     19.998483784435187
3.7370457761088607E-6     -2.5371709612201448E-6   19.246173366392668
3.7438424718364476E-6     -2.4019839927373197E-6   20.01508637369407
3.954761544573773E-6      -3.505238414615567E-6    14.336093865979734
4.051791194096879E-6      -3.4503012830144084E-6   14.221519212125656
4.148820843619985E-6      -3.3953641514132494E-6   14.096049246312635
4.245850493143092E-6      -3.3404270198120904E-6   13.970579280499258
4.342880142666198E-6      -3.2854898882109314E-6   13.845109314686317
3.927151967754468E-6      -3.3834848459865777E-6   14.853565811965392
4.024181617277574E-6      -3.3285477143854187E-6   14.744785316376005
4.121211266800679E-6      -3.2736105827842593E-6   14.637588813323266
4.2182409163237854E-6     -3.2186734511831007E-6   14.530392310270289
3.899542390935161E-6      -3.261731277357588E-6    15.393139853466588
3.996572040458266E-6      -3.206794145756429E-6    15.2882970061243
4.093601689981373E-6      -3.15185701415527E-6     15.181100503071464
3.871932814115855E-6      -3.1399777087285987E-6   15.932713894967822
3.9689624636389605E-6     -3.0850405771274397E-6   15.831808695872674
3.844323237296549E-6      -3.018224140099609E-6    16.472287936469137
4.765777124626271E-6      -3.5781213367396342E-6   11.43900426995511
4.653759083064132E-6      -3.5099461737758747E-6   12.051240887583356
4.541741041501993E-6      -3.441771010812115E-6    12.663477505211453
4.4297229999398544E-6     -3.373595847848356E-6    13.290907453313388
4.643572290814683E-6      -3.652989265014458E-6    11.719484478647324
4.531554249252544E-6      -3.584814102050699E-6    12.331721096275656
4.419536207690405E-6      -3.5166389390869393E-6   12.944684099074061
4.521367457003095E-6      -3.7278571932892816E-6   11.999964687339661
4.409349415440956E-6      -3.6596820303255225E-6   12.59846074483466
4.399162623191506E-6      -3.8027251215641057E-6   12.252237390595411
4.041604401847431E-6      -3.5933443742529916E-6   13.857143950718932
4.1284472591210865E-6     -3.681450333890416E-6    13.377753829854509
4.215290116394744E-6      -3.7695562935278405E-6   12.89836370898985
4.3021329736684E-6        -3.857662253165264E-6    12.418973588125073
4.138634051370537E-6      -3.5384072426518326E-6   13.73733106950769
4.225476908644192E-6      -3.6265132022892564E-6   13.232897341391615
4.31231976591785E-6       -3.714619161926681E-6    12.728463613275162
4.235663700893642E-6      -3.483470111050673E-6    13.593587640934125
4.322506558167298E-6      -3.571576070688098E-6    13.089153912817995
4.3326933504167485E-6     -3.4285329794495146E-6   13.449844212360608
4.519402271742309E-6      -4.429913079513897E-6    10.853535402085257
4.6090004953538345E-6     -4.376866077418414E-6    10.603456539144936
4.698598718965359E-6      -4.323819075322931E-6    10.357030860196433
4.788196942576885E-6      -4.270772073227448E-6    10.110605181247792
4.486795661542246E-6      -4.308876862836095E-6    11.11703331283932
4.576393885153771E-6      -4.255829860740611E-6    10.87198919128627
4.665992108765297E-6      -4.202782858645129E-6    10.625563512337713
4.4541890513421825E-6     -4.187840646158293E-6    11.380531223593344
4.543787274953708E-6      -4.13479364406281E-6     11.140521843427779
4.42158244114212E-6       -4.066804429480491E-6    11.644029134347251
1.6835156502862727E-6     -2.1706306857974728E-7   43.98664412467011
1.6165958569359031E-6     -3.2633754118192105E-7   41.824910198521344
1.549676063585534E-6      -4.3561201378409476E-7   39.663176272373306
1.482756270235165E-6      -5.448864863862686E-7    37.55488870317137
1.7492922339648167E-6     -3.248516645573208E-7    42.599032554762296
1.6823724406144474E-6     -4.3412613715949456E-7   40.43729862861393
1.6154526472640783E-6     -5.434006097616683E-7    38.29760714646831
1.8150688176433605E-6     -4.326402605348943E-7    41.21142098485575
1.7481490242929914E-6     -5.419147331370681E-7    39.04032558976722
1.880845401321905E-6      -5.404288565124679E-7    39.783044033064634
1.6877103107905577E-6     -1.0851775269472384E-6   31.766564546290905
1.75287660430261E-6       -9.759306175353643E-7    33.41201965322347
1.818042897814662E-6      -8.666837081234901E-7    35.13819213936994
1.883209191326714E-6      -7.574367987116159E-7    36.86436462551637
1.948375484838766E-6      -6.481898892997417E-7    38.59053711166332
1.6201802272736966E-6     -9.774164941599646E-7    32.7365164059656
1.6853465207857486E-6     -8.681695847480904E-7    34.405042225326284
1.7505128142978006E-6     -7.58922675336216E-7     36.184121033944635
1.8156791078098526E-6     -6.49675765924342E-7     37.96319984256253
1.5526501437568352E-6     -8.696554613726906E-7    33.72662304242215
1.6178164372688872E-6     -7.604085519608163E-7    35.47280650359097
1.6829827307809394E-6     -6.511616425489421E-7    37.25188531220826
1.485120060239974E-6      -7.618944285854166E-7    34.716729678877726
1.550286353752026E-6      -6.526475191735425E-7    36.54057078185447
1.4175899767231127E-6     -6.541333957981428E-7    35.70683631533384
2.015892321181989E-6      -7.553292335014053E-7    37.27015912055176
1.950726027669937E-6      -8.645761429132795E-7    35.596892956876786
1.8855597341578849E-6     -9.738230523251538E-7    33.92362679320177
1.8203934406458329E-6     -1.083069961737028E-6    32.28242173292902
2.0834091575252124E-6     -8.624685777030689E-7    36.03375839069352
2.0182428640131604E-6     -9.717154871149431E-7    34.360492227018575
1.953076570501108E-6      -1.0809623965268173E-6   32.701167262688166
2.150925993868435E-6      -9.696079219047327E-7    34.797357660835985
2.085759700356383E-6      -1.0788548313166066E-6   33.119912792447465
2.2184428302116582E-6     -1.0767472661063962E-6   33.538658322206956
2.9317645209133985E-6     -1.1533057315715382E-6   33.03860381333252
2.8056174566235785E-6     -1.1622854396606168E-6   32.99987701871343
2.6794703923337586E-6     -1.1712651477496953E-6   32.89274245845136
2.5533233280439387E-6     -1.1802448558387739E-6   32.78560789818866
2.427176263754119E-6      -1.1892245639278526E-6   32.59020331600137
2.8816677603107643E-6     -1.2768703026922837E-6   31.691560901174853
2.7555206960209444E-6     -1.2858500107813622E-6   31.608175258837633
2.6293736317311245E-6     -1.294829718870441E-6    31.501040698575014
2.503226567441305E-6      -1.3038094269595196E-6   31.370402873798994
2.83157099970813E-6       -1.4004348738130292E-6   30.344517989015124
2.7054239354183103E-6     -1.4094145819021077E-6   30.216473498961477
2.5792768711284907E-6     -1.4183942899911865E-6   30.150602431597484
2.7814742391054965E-6     -1.5239994449337749E-6   28.9974750768569
2.6553271748156765E-6     -1.5329791530228536E-6   28.930801989396052
2.7313774785028623E-6     -1.6475640160545204E-6   27.760711962511245
3.177238428292632E-6      -1.4838911060073582E-6   28.889337821604506
3.1158699514478234E-6     -1.4012447623984032E-6   29.923334689516746
3.054501474603015E-6      -1.318598418789448E-6    30.938955142240832
2.9931329977582066E-6     -1.235952075180493E-6    31.954575594965394
3.0657731908451897E-6     -1.5248093335191487E-6   28.62903177388386
3.0044047140003807E-6     -1.4421629899101935E-6   29.636571077800095
2.9430362371555725E-6     -1.3595166463012387E-6   30.652191530524338
2.9543079533977474E-6     -1.5657275610309392E-6   28.368725726163056
2.8929394765529384E-6     -1.4830812174219842E-6   29.349807466082513
2.8428427159503046E-6     -1.6066457885427299E-6   28.10841967844288
3.1818793190738753E-6     -1.580951215147869E-6    27.951218279811396
3.0704140816264325E-6     -1.6218694426596595E-6   27.717369796086995
2.9589488441789902E-6     -1.66278767017145E-6     27.48352131236291
2.8474836067315484E-6     -1.703705897683241E-6    27.185789913193076
3.1865202098551186E-6     -1.6780113242883798E-6   27.031475153205683
3.0750549724076767E-6     -1.7189295518001703E-6   26.79762666948133
2.9635897349602344E-6     -1.759847779311961E-6    26.535799817389435
3.1911611006363623E-6     -1.7750714334288907E-6   26.111732026600382
3.07969586318892E-6       -1.8159896609406812E-6   25.8858097215854
3.1958019914176064E-6     -1.8721315425694017E-6   25.235819625783023
2.898102042019183E-6      -2.18766338170454E-6     23.080736227478077
2.9885630898872394E-6     -2.240499146372931E-6    22.608607685798745
3.079024137755295E-6      -2.2933349110413215E-6   22.125092012715086
3.169485185623351E-6      -2.346170675709713E-6    21.641576339630877
3.259946233491407E-6      -2.3990064403781035E-6   21.15806066654809
2.980863257544605E-6      -2.1357853902032562E-6   23.384199225163666
3.0713243054126606E-6     -2.1886211548716473E-6   22.91334411272528
3.1617853532807165E-6     -2.241456919540038E-6    22.400721979627118
3.2522464011487725E-6     -2.294292684208429E-6    21.88809984652901
3.0636244730700267E-6     -2.0839073987019726E-6   23.684291671621406
3.154085520938082E-6      -2.1367431633703637E-6   23.182745856054623
3.2445465688061386E-6     -2.1895789280387543E-6   22.67012372295676
3.1463856885954487E-6     -2.032029407200689E-6    23.984384118078825
3.2368467364635043E-6     -2.0848651718690796E-6   23.452147599385285
3.2291469041208704E-6     -1.9801514156994054E-6   24.284476564537037
2.864757129315919E-6      -2.079643508574536E-6    23.980979264540096
2.9475183448413407E-6     -2.0277655170732523E-6   24.287300902814938
3.0302795603667623E-6     -1.9758875255719687E-6   24.61808405239996
3.113040775892184E-6      -1.924009534070685E-6    24.94886720198557
2.8314122166126547E-6     -1.971623635444532E-6    24.903117296330407
2.9141734321380767E-6     -1.9197456439432484E-6   25.232169601125506
2.9969346476634988E-6     -1.8678676524419648E-6   25.562952750710533
2.7980673039093907E-6     -1.8636037623145282E-6   25.825255328121514
2.8808285194348123E-6     -1.8117257708132444E-6   26.17703829943603
2.7647223912061263E-6     -1.7555838891845243E-6   26.747393359911996
2.027438144697103E-6      -1.6194605156282735E-6   27.27178008611644
2.0921757077710695E-6     -1.510496352681856E-6    28.532322182372738
2.1569132708450353E-6     -1.4015321897354383E-6   29.845985676529345
2.221650833919001E-6      -1.292568026789021E-6    31.159649170685956
2.2863883969929675E-6     -1.183603863842603E-6    32.47331266484316
1.9594925779157944E-6     -1.5126039178920666E-6   28.143598442618682
2.0242301409897602E-6     -1.403639754945649E-6    29.421269461625975
2.088967704063726E-6      -1.2946755919992312E-6   30.78629954556246
2.153705267137692E-6      -1.1857114290528136E-6   32.15132962949837
1.891547011134485E-6      -1.4057473201558594E-6   29.046674059712757
1.956284574208451E-6      -1.2967831572094418E-6   30.38567391986159
2.021022137282417E-6      -1.1878189942630242E-6   31.75070400379792
1.8236014443531758E-6     -1.2988907224196525E-6   29.949749676807347
1.888339007427142E-6      -1.189926559473235E-6    31.35007837809646
1.7556558775718668E-6     -1.1920341246834454E-6   30.852825293901134
2.3624387006801533E-6     -1.2981887268742702E-6   31.23963638969785
2.297701137606187E-6      -1.4071528898206878E-6   29.977339485320265
2.232963574532221E-6      -1.5161170527671052E-6   28.715042580942953
2.1682260114582553E-6     -1.625081215713523E-6    27.45419713062192
2.4384890043673387E-6     -1.412773589905937E-6    30.08460270490845
2.373751441293373E-6      -1.5217377528523548E-6   28.822305800531208
2.309013878219407E-6      -1.6307019157987722E-6   27.559333992123868
2.5145393080545245E-6     -1.527358452937604E-6    28.929569020120212
2.4498017449805586E-6     -1.6363226158840217E-6   27.66447085362609
2.5905896117417107E-6     -1.6419433159692712E-6   27.769607715127876
2.875912605154281E-6      -2.2853535364853797E-6   22.42334226540306
2.853723168289378E-6      -2.383043691266219E-6    21.781967446106854
2.8315337314244757E-6     -2.4807338460470586E-6   21.140592626810573
2.8093442945595727E-6     -2.578424000827898E-6    20.499217807513975
2.7871548576946706E-6     -2.6761141556087375E-6   19.89268420188959
2.9663736530223364E-6     -2.3381893011537703E-6   21.94701856019866
2.944184216157434E-6      -2.4358794559346098E-6   21.3207641181944
2.9219947792925317E-6     -2.533569610715449E-6    20.694509676190265
2.899805342427629E-6      -2.631259765496289E-6    20.09699392578485
3.056834700890392E-6      -2.391025065822161E-6    21.492609347129108
3.03464526402549E-6       -2.4887152206030008E-6   20.866354905125036
3.0124558271605876E-6     -2.5864053753838402E-6   20.249699873505158
3.1472957487584483E-6     -2.4438608304905524E-6   21.038200134060247
3.1251063118935457E-6     -2.541550985271392E-6    20.402405821225187
3.2377567966265047E-6     -2.496696595158943E-6    20.555111768945494
3.236662097828936E-6      -2.9470894358627878E-6   18.05796481126778
3.352672410358597E-6      -2.936965662984354E-6    17.893509422706366
3.4686827228882586E-6     -2.9268418901059204E-6   17.70910893037252
3.5846930354179197E-6     -2.9167181172274867E-6   17.524708438038232
3.7007033479475812E-6     -2.9065943443490535E-6   17.340307945703834
3.2594111345350415E-6     -2.848039989699529E-6    18.556191149242544
3.3754214470647026E-6     -2.8379162168210955E-6   18.39126387485936
3.4914317595943637E-6     -2.8277924439426618E-6   18.20599786789962
3.6074420721240252E-6     -2.817668671064228E-6    18.0207318609403
3.282160171241147E-6      -2.7489905435362705E-6   19.070327401357748
3.398170483770808E-6      -2.738866770657837E-6    18.888499662405493
3.5141807963004692E-6     -2.728742997779403E-6    18.703233655446006
3.304909207947252E-6      -2.649941097373012E-6    19.584463653473854
3.4209195204769132E-6     -2.639817324494578E-6    19.385735449952364
3.3276582446533577E-6     -2.550891651209753E-6    20.098599905589058
3.146760649802083E-6      -2.8928943798119776E-6   18.43219775483044
3.1695096865081885E-6     -2.7938449336487193E-6   18.933322466845087
3.1922587232142936E-6     -2.6947954874854603E-6   19.464359183530117
3.215007759920399E-6      -2.595746041322202E-6    19.99539590021499
3.05685920177523E-6       -2.8386993237611677E-6   18.801657812593053
3.0796082384813347E-6     -2.739649877597909E-6    19.330792517024957
3.10235727518744E-6       -2.6406004314346505E-6   19.86182923370983
2.9669577537483766E-6     -2.7845042677103575E-6   19.171117870356603
2.989706790454482E-6      -2.685454821547099E-6    19.728262567204194
2.8770563057215236E-6     -2.7303092116595477E-6   19.540577928119614
3.8503319528503365E-6     -3.489884941521874E-6    14.630060390960104
3.82272237603103E-6       -3.3681313728928844E-6   15.147032152035155
3.7951127992117233E-6     -3.2463778042638947E-6   15.682668545289546
3.7675032223924168E-6     -3.1246242356349055E-6   16.21830493854366
3.739893645573111E-6      -3.002870667005916E-6    16.80549748559217
3.7459023611268982E-6     -3.474531468428181E-6    14.910655253394651
3.7182927843075917E-6     -3.352777899799191E-6    15.438914499569059
3.6906832074882855E-6     -3.231024331170202E-6    15.974550892823153
3.6630736306689794E-6     -3.109270762541212E-6    16.53272185879286
3.64147276940346E-6       -3.459177995334487E-6    15.191250115828879
3.613863192584154E-6      -3.337424426705498E-6    15.73079684710231
3.5862536157648477E-6     -3.2156708580765086E-6   16.259946231993474
3.5370431776800226E-6     -3.4438245222407943E-6   15.471844978263228
3.5094336008607165E-6     -3.322070953611805E-6    15.98717060519369
3.432613585956585E-6      -3.428471049147101E-6    15.723729578203733
3.275852395454466E-6      -3.0433657585196505E-6   17.573827006756353
3.3150426930799957E-6     -3.1396420811765132E-6   17.10512672954647
3.354232990705525E-6      -3.2359184038333756E-6   16.6364264523365
3.3934232883310554E-6     -3.3321947264902387E-6   16.16772617512677
3.391862707984127E-6      -3.033241985641217E-6    17.407658572513743
3.4310530056096568E-6     -3.1295183082980796E-6   16.9223263869265
3.4702433032351866E-6     -3.225794630954942E-6    16.436994201339438
3.5078730205137885E-6     -3.023118212762783E-6    17.22412359480437
3.5470633181393183E-6     -3.119394535419646E-6    16.738791409217214
3.6238833330434495E-6     -3.0129944398843495E-6   17.040588617095484
3.908556910255593E-6      -3.600783573343867E-6    14.18659884976228
3.8623522759374125E-6     -3.6963287320721665E-6   14.03970891813752
3.816147641619232E-6      -3.7918738908004665E-6   13.892818986512605
3.769943007301051E-6      -3.887419049528766E-6    13.745929054887883
3.7237383729828707E-6     -3.982964208257066E-6    13.61590435771265
3.9953997675292495E-6     -3.688889532981291E-6    13.708363999462962
3.949195133211069E-6      -3.7844346917095903E-6   13.58351459556929
3.902990498892888E-6      -3.87997985043789E-6     13.458665191675472
3.856785864574708E-6      -3.97552500916619E-6     13.329256242204554
4.082242624802906E-6      -3.776995492618715E-6    13.254017485850047
4.0360379904847256E-6     -3.872540651347015E-6    13.129168081956282
3.989833356166545E-6      -3.968085810075315E-6    13.00131512861285
4.169085482076563E-6      -3.86510145225614E-6     12.799670972236948
4.122880847758383E-6      -3.96064661098444E-6     12.673374015020851
4.25592833935022E-6       -3.953207411893564E-6    12.345432901429245
3.804127318532155E-6      -3.5854301002501737E-6   14.47979456378362
3.6996977268087173E-6     -3.57007662715648E-6     14.749101941118965
3.5952681350852795E-6     -3.5547231540627867E-6   15.018409318454152
3.4908385433618426E-6     -3.5393696809690943E-6   15.264838272817185
3.7579226842139743E-6     -3.680975258978473E-6    14.31086410442801
3.653493092490537E-6      -3.66562178588478E-6     14.580171481763275
3.549063500767099E-6      -3.6502683127910867E-6   14.844679372158742
3.7117180498957938E-6     -3.7765204177067728E-6   14.141933645072179
3.6072884581723564E-6     -3.76116694461308E-6     14.424520471500081
3.6655134155776137E-6     -3.872065576435073E-6    14.00436157084158
4.452089550535114E-6      -4.5394654283137315E-6   10.908989128450205
4.419482940335051E-6      -4.4184292116359296E-6   11.156942931994148
4.386876330134987E-6      -4.297392994958128E-6    11.415406101361004
4.354269719934924E-6      -4.176356778280326E-6    11.6738692707277
4.321663109734862E-6      -4.0553205616025245E-6   11.973951706637896
4.3521702191278555E-6     -4.527981560435766E-6    11.20438780585961
4.319563608927792E-6      -4.406945343757963E-6    11.45669727791154
4.286956998727729E-6      -4.285909127080162E-6    11.715160447278395
4.254350388527666E-6      -4.16487291040236E-6     11.992804668118644
4.2522508877205965E-6     -4.5164976925577995E-6   11.49978648326886
4.219644277520534E-6      -4.395461475879997E-6    11.756451623829118
4.187037667320471E-6      -4.274425259202196E-6    12.011657629599508
4.152331556313338E-6      -4.505013824679833E-6    11.795185160678423
4.119724946113276E-6      -4.383977608002031E-6    12.030510591080215
3.986677454521439E-6      -4.3914168070929065E-6   12.359623347241993
4.053990175728634E-6      -4.281864458293071E-6    12.33478558346756
4.1213028969358284E-6     -4.172312109493235E-6    12.338370837056544
4.188615618143025E-6      -4.0627597606934E-6      12.341956090645429
3.920942684136797E-6      -4.289303657383946E-6    12.6697131154896
3.988255405343991E-6      -4.179751308584111E-6    12.664755954520857
4.055568126551188E-6      -4.070198959784275E-6    12.668341208109762
3.855207913752154E-6      -4.187190507674986E-6    12.979802883737229
3.92252063495935E-6       -4.0776381588751505E-6   12.994726325574128
3.7894731433675128E-6     -4.085077357966026E-6    13.289892651984974
4.423311673238251E-6      -4.6292755690753915E-6   10.951169742411437
4.323392341830993E-6      -4.617791701197425E-6    11.24221275131281
4.223473010423735E-6      -4.606307833319459E-6    11.533255760214121
4.394533795941388E-6      -4.7190857098370515E-6   10.982840990550073
4.29461446453413E-6       -4.707601841959085E-6    11.273883999451336
4.365755918644526E-6      -4.8088958505987115E-6   11.014512238688404
-4.4244946089200545E-6    -4.7101521444097234E-7   -33.56040283405436
-4.311838648782647E-6     -4.817465959264607E-7    -32.573382371932915
-4.199182688645239E-6     -4.924779774119491E-7    -31.586361909809256
-4.08652672850783E-6      -5.032093588974375E-7    -30.599341447686683
-4.382790362262493E-6     -3.789584478498755E-7    -34.605663003210985
-4.270134402125085E-6     -3.8968982933536385E-7   -33.57595216335879
-4.157478441987677E-6     -4.0042121082085225E-7   -32.54624132350762
-4.341086115604932E-6     -2.869016812587787E-7    -35.59224678766569
-4.228430155467524E-6     -2.976330627442671E-7    -34.562535947814325
-4.2993818689473705E-6    -1.9484491466768193E-7   -36.578830572123
-3.6525224193938863E-6    -2.1067270302021304E-7   -29.946108146128974
-3.71634284990427E-6      -3.134608510967982E-7    -29.405518292050207
-3.7801632804146544E-6    -4.1624899917338336E-7   -28.864928437972626
-3.843983710925039E-6     -5.190371472499685E-7    -28.23936839342598
-3.586455792458886E-6     -3.185572579638409E-7    -27.976553421711007
-3.6502762229692708E-6    -4.213454060404261E-7    -27.435963567632513
-3.7140966534796546E-6    -5.241335541170112E-7    -26.866514084550595
-3.5203891655238863E-6    -4.2644181290746876E-7   -26.006998697292314
-3.5842095960342705E-6    -5.29229960984054E-7     -25.493659775674125
-3.454322538588887E-6     -5.343263678510966E-7    -24.120805466799272
1.0139030729791738E-6     -2.1950552051110324E-7   38.54602884243996
9.49146689408441E-7       -3.297365684200327E-7    36.390156370522845
8.843903058377084E-7      -4.3996761632896216E-7   34.234283898604886
8.196339222669759E-7      -5.501986642378916E-7    32.161980175389004
1.08175318214326E-6       -3.28779993113277E-7     37.60362958232549
1.0169967985725273E-6     -4.390110410222065E-7    35.44775711040792
9.522404150017948E-7      -5.492420889311359E-7    33.324153234834185
1.1496032913073463E-6     -4.380544657154507E-7    36.66123032221202
1.0848469077366137E-6     -5.482855136243801E-7    34.48632629428037
1.2174534004714326E-6     -5.473289383176245E-7    35.648499353725256
-2.9911325650241653E-6    -2.1834121320822525E-7   -21.399856886541244
-3.0576027341789596E-6    -3.2622576815185313E-7   -21.32688122830402
-3.124072903333754E-6     -4.3411032309548096E-7   -21.25390557006585
-3.190543072488548E-6     -5.419948780391089E-7    -21.075010451875276
-2.923710325524005E-6     -3.287978714728226E-7    -19.578860753212933
-2.9901804946787994E-6    -4.366824264164505E-7    -19.505885094975707
-3.0566506638335932E-6    -5.445669813600784E-7    -19.397162959843925
-2.8562880860238447E-6    -4.3925452973742E-7      -17.757864619885428
-2.922758255178639E-6     -5.471390846810479E-7    -17.71931546781238
-2.7888658465236846E-6    -5.497111880020174E-7    -16.04146797578115
-2.3348281067024395E-6    -2.2102614783884363E-7   -11.537292923984921
-2.3971360485358824E-6    -3.31482806103441E-7     -11.8993747945925
-2.4594439903693257E-6    -4.4193946436803837E-7   -12.26145666519913
-2.5217519322027694E-6    -5.523961226326358E-7    -12.508998438427696
-2.2639145428699215E-6    -3.315956374130899E-7    -9.96326769357219
-2.326222484703365E-6     -4.4205229567768727E-7   -10.325349564180243
-2.388530426536808E-6     -5.525089539422846E-7    -10.650645329994813
-2.193000979037404E-6     -4.4216512698733617E-7   -8.389242463158784
-2.2553089208708477E-6    -5.526217852519336E-7    -8.792292221559563
-2.122087415204887E-6     -5.527346165615824E-7    -6.933939113127469
3.4354874837960977E-7     -2.210497178185554E-7    30.808977084827504
2.8014285154992406E-7     -3.3186838772818135E-7   28.80657034993597
2.1673695472023834E-7     -4.426870576378073E-7    26.804163615045255
1.5333105789055269E-7     -5.535057275474333E-7    24.908775278398434
4.1356694446032513E-7     -3.312807657274849E-7    30.39799293311114
3.501610476306394E-7      -4.420994356371108E-7    28.395586198219142
2.8675515080095376E-7     -5.529181055467368E-7    26.43217048032185
4.835851405410405E-7      -4.4151181363641434E-7   29.987008781395264
4.201792437113548E-7      -5.523304835460402E-7    27.955565682246846
5.536033366217559E-7      -5.517428615453438E-7    29.478960884170696
-1.6728772077456367E-6    -2.2132366433986035E-7   -0.7190721511428824
-1.7337186176617872E-6    -3.318931539141066E-7    -1.5597531139676948
-1.7945600275779377E-6    -4.424626434883529E-7    -2.4004340767937697
-1.8554014374940884E-6    -5.530321330625992E-7    -3.117430562244339
-1.6002541456169493E-6    -3.3207783910547444E-7   0.482933925964696
-1.6610955555330998E-6    -4.426473286797207E-7    -0.35774703686074794
-1.7219369654492503E-6    -5.532168182539669E-7    -1.158316522420964
-1.5276310834882622E-6    -4.4283201387108847E-7   1.6849400030731778
-1.5884724934044127E-6    -5.534015034453348E-7    0.8007975174035947
-1.455008021359575E-6     -5.535861886367026E-7    2.7599115572271273
-3.283457174644535E-7     -2.2176582154064074E-7   21.251785083474857
-3.9112366862200873E-7    -3.327129731716555E-7    19.532999684103366
-4.5390161977956413E-7    -4.436601248026703E-7    17.81421428473147
-5.166795709371194E-7     -5.546072764336851E-7    16.21774055775215
-2.56977034642691E-7      -3.325844914502667E-7    21.40542793768888
-3.1975498580024636E-7    -4.4353164308128147E-7   19.686642538317525
-3.825329369578017E-7     -5.544787947122963E-7    18.010691130029507
-1.8560835182092856E-7    -4.434031613598926E-7    21.559070791905704
-2.483863029784839E-7     -5.543503129909073E-7    19.803641702307967
-1.1423966899916615E-7    -5.542218312695185E-7    21.596592274585397
-1.000959559277776E-6     -2.2170132639662887E-7   10.501672584785036
-1.063106399663543E-6     -3.3245550116224295E-7   9.177897260563952
-1.12525324004931E-6      -4.43209675927857E-7     7.854121936343814
-1.1874000804350773E-6    -5.53963850693471E-7     6.658345921846838
-9.28962930783883E-7      -3.3264847802764365E-7   11.20512788202978
-9.911097711696502E-7     -4.4340265279325774E-7   9.881352557809485
-1.053256611555417E-6     -5.541568275588718E-7    8.600884150350808
-8.569663022899902E-7     -4.4359562965865843E-7   11.908583179276311
-9.191131426757572E-7     -5.543498044242725E-7    10.5434223788562
-7.849696737960971E-7     -5.545427812896732E-7    12.485960607361275
1.0395121526736836E-6     -1.0947686876364143E-6   27.96779423276133
1.1016217007801973E-6     -9.850894227113053E-7    29.618958201037326
1.1637312488867108E-6     -8.754101577861961E-7    31.362456891560292
1.2258407969932244E-6     -7.65730892861087E-7     33.105955582082395
1.2879503450997379E-6     -6.560516279359779E-7    34.84945427260455
9.690152080453784E-7      -9.86045998018061E-7     28.570993041186718
1.0311247561518918E-6     -8.763667330929517E-7    30.240040508259337
1.0932343042584053E-6     -7.666874681678426E-7    32.019416220623555
1.155343852364919E-6      -6.570082032427335E-7    33.79879193298752
8.985182634170729E-7      -8.773233083997075E-7    29.162758163599428
9.606278115235864E-7      -7.676440434745983E-7    30.90854331353719
1.0227373596301E-6        -6.579647785494893E-7    32.68791902590132
8.280213187887677E-7      -7.686006187813541E-7    29.754523286011597
8.901308668952811E-7      -6.58921353856245E-7     31.577046118813062
7.575243741604622E-7      -6.598779291630007E-7    30.34628840842432
1.355480428616599E-6      -7.638126607232518E-7    33.87679471048643
1.2933708805100854E-6     -8.734919256483609E-7    32.16917304180604
1.2312613324035721E-6     -9.8317119057347E-7      30.46155137312523
1.1691517842970584E-6     -1.0928504554985792E-6   28.809711852770526
1.4230105121334604E-6     -8.715736935105257E-7    32.96434571583835
1.360900964026947E-6      -9.812529584356348E-7    31.256724047157586
1.2987914159204333E-6     -1.0909322233607438E-6   29.571770279777645
1.4905405956503216E-6     -9.793347262977997E-7    32.05189672119025
1.428431047543808E-6      -1.0890139912229087E-6   30.333828706784942
1.5580706791671831E-6     -1.0870957590850736E-6   31.09588713379221
1.3879879204563308E-6     -1.6217472338412676E-6   24.99409664675328
1.4479323985231764E-6     -1.514433292462462E-6    26.283205168524887
1.5078768765900215E-6     -1.407119351083656E-6    27.634805792941336
1.567821354656867E-6      -1.2998054097048503E-6   28.9864064173583
1.6277658327237124E-6     -1.1924914683260441E-6   30.338007041775555
1.3182927668998014E-6     -1.516351524600297E-6    25.59164530503815
1.378237244966647E-6      -1.4090375832214911E-6   26.892979899951378
1.438181723033492E-6      -1.301723641842685E-6    28.27942878031542
1.4981262011003376E-6     -1.1944097004638793E-6   29.665877660678728
1.2485976133432719E-6     -1.4109558153593262E-6   26.188375813600924
1.3085420914101174E-6     -1.3036418739805203E-6   27.55048460033398
1.3684865694769628E-6     -1.1963279326017144E-6   28.93693348069717
1.1789024597867424E-6     -1.3055601061183557E-6   26.785106322162633
1.238846937853588E-6      -1.1982461647395495E-6   28.207989300714633
1.1092073062302131E-6     -1.2001643968773849E-6   27.38183683072597
1.6957113995050215E-6     -1.2993480660622515E-6   29.439445466936203
1.635766921438176E-6      -1.4066620074410572E-6   28.122693098465394
1.5758224433713308E-6     -1.513975948819863E-6    26.80594072999473
1.5158779653044854E-6     -1.621289890198669E-6    25.526373325086738
1.7636569662863303E-6     -1.4062046637984582E-6   28.59769869098268
1.7037124882194852E-6     -1.5135186051772641E-6   27.28094632251164
1.6437680101526398E-6     -1.62083254655607E-6     25.984629393284024
1.8316025330676395E-6     -1.5130612615346653E-6   27.75595191502908
1.7716580550007944E-6     -1.620375202913471E-6    26.442885461482117
1.8995480998489488E-6     -1.6199178592708725E-6   26.901141529680245
2.0838830103362078E-6     -1.7424730340255845E-6   26.29715817872946
2.1403278759753124E-6     -1.8654855524228955E-6   25.357032385203063
2.1967727416144165E-6     -1.9884980708202062E-6   24.41690659167625
2.253217607253521E-6      -2.1115105892175174E-6   23.476780798150045
2.3096624728926257E-6     -2.234523107614828E-6    22.600257954510507
2.2246708770973594E-6     -1.7480937341108338E-6   26.470026777423403
2.281115742736464E-6      -1.8711062525081446E-6   25.484404970168143
2.337560608375568E-6      -1.9941187709054556E-6   24.498783162912197
2.394005474014673E-6      -2.1171312893027668E-6   23.58096224213712
2.3654587438585115E-6     -1.753714434196083E-6    26.573037280838193
2.421903609497616E-6      -1.8767269525933941E-6   25.587415473582638
2.4783484751367203E-6     -1.999739470990705E-6    24.619566786011212
2.506246610619663E-6      -1.7593351342813325E-6   26.67604778425366
2.5626914762587678E-6     -1.8823476526786435E-6   25.658171329886763
2.6470344773808153E-6     -1.764955834366582E-6    26.69677587376081
2.780414128193872E-6      -2.1970353268865978E-6   23.020753543710974
2.7470692154906076E-6     -2.089015453756594E-6    23.916271364042416
2.713724302787343E-6      -1.98099558062659E-6     24.81567872931265
2.6803793900840792E-6     -1.8729757074965857E-6   25.715086094583274
2.66272621436856E-6       -2.2064072720686553E-6   22.937614405067443
2.6293813016652957E-6     -2.0983873989386513E-6   23.827101952234027
2.5960363889620317E-6     -1.9903675258086474E-6   24.726509317504455
2.5450383005432486E-6     -2.2157792172507128E-6   22.85447526642407
2.5116933878399842E-6     -2.107759344120709E-6    23.737932540425316
2.427350386717937E-6      -2.2251511624327703E-6   22.77133612778086
2.758224691328969E-6      -2.2947254816674372E-6   22.368147892060858
2.6405367775036575E-6     -2.3040974268494947E-6   22.29103902658298
2.522848863678346E-6      -2.3134693720315522E-6   22.213930161104518
2.4051609498530346E-6     -2.32284131721361E-6     22.071807349788962
2.7360352544640664E-6     -2.3924156364482767E-6   21.711652695472214
2.618347340638755E-6      -2.401787581630334E-6    21.63454382999404
2.5006594268134435E-6     -2.4111595268123917E-6   21.52746369529905
2.713845817599164E-6      -2.490105791229116E-6    21.055157498883297
2.5961579037738528E-6     -2.4994777364111736E-6   20.98312004080847
2.6916563807342617E-6     -2.587795946009956E-6    20.43877638631832
1.697752590077655E-6      -2.052873727864993E-6    22.69301500381742
1.7636897010015447E-6     -1.966191085417649E-6    23.595953970400014
1.829626811925434E-6      -1.8795084429703051E-6   24.503404768726092
1.895563922849324E-6      -1.7928258005229613E-6   25.41085556705213
1.9615010337732136E-6     -1.7061431580756173E-6   26.318306365378604
1.6357996561533901E-6     -1.966648429060248E-6    23.155167515731286
1.7017367670772797E-6     -1.879965786612904E-6    24.055606903235965
1.7676738780011693E-6     -1.79328314416556E-6     24.99976390891862
1.833610988925059E-6      -1.706600501718216E-6    25.94392091460127
1.5738467222291253E-6     -1.880423130255503E-6    23.615596897377564
1.6397838331530149E-6     -1.7937404878081587E-6   24.558257365040788
1.7057209440769044E-6     -1.7070578453608149E-6   25.502414370723365
1.5118937883048605E-6     -1.7941978314507579E-6   24.076026279023253
1.57783089922875E-6       -1.7075151890034139E-6   25.06090782684467
1.4499408543805957E-6     -1.7079725326460126E-6   24.536455660670146
1.8201345666406491E-6     -2.0892036038149603E-6   22.71933826283386
1.9425165432036433E-6     -2.125533479764927E-6    22.71253150939912
2.0648985197666374E-6     -2.161863355714894E-6    22.705724755964276
2.1872804963296315E-6     -2.1981932316648612E-6   22.69891800252888
1.8860716775645387E-6     -2.002520961367616E-6    23.615066310540563
2.008453654127533E-6      -2.038850837317583E-6    23.591181121713046
2.130835630690527E-6      -2.07518071326755E-6     23.56729593288603
1.9520087884884282E-6     -1.9158383189202723E-6   24.485810901510273
2.0743907650514224E-6     -1.9521681948702393E-6   24.461925712682945
2.017945899412318E-6      -1.829155676472928E-6    25.356555492479767
2.3168834092203675E-6     -2.8529445599478576E-6   18.77707658092596
2.4109376989152282E-6     -2.817578479080034E-6    19.011251976011113
2.504991988610089E-6      -2.7822123982122094E-6   19.2359818898998
2.599046278304949E-6      -2.7468463173443857E-6   19.46071180378879
2.69310056799981E-6       -2.7114802364765616E-6   19.685441717678007
2.3154392219548193E-6     -2.729260269481252E-6    19.501592616768757
2.40949351164968E-6       -2.693894188613428E-6    19.734348310391834
2.5035478013445403E-6     -2.6585281077456038E-6   19.982529030375474
2.597602091039401E-6      -2.6231620268777796E-6   20.230709750358837
2.3139950346892707E-6     -2.605575979014646E-6    20.25327698259235
2.408049324384131E-6      -2.570209898146822E-6    20.491830008245024
2.5021036140789917E-6     -2.5348438172789977E-6   20.74001072822859
2.312550847423722E-6      -2.48189168854804E-6     21.004961348415982
2.4066051371185828E-6     -2.4465256076802158E-6   21.249311706098567
2.311106660158174E-6      -2.3582073980814343E-6   21.7566457142391
3.1420055474528844E-6     -3.0181007809567697E-6   17.823208659361878
3.047348997076833E-6      -3.0891121260507516E-6   17.581823055586234
2.9526924467007813E-6     -3.160123471144733E-6    17.340437451810217
2.85803589632473E-6       -3.231134816238715E-6    17.09905184803442
2.7633793459486786E-6     -3.3021461613326965E-6   16.83771365585664
3.1811958450784143E-6     -3.1143771036136324E-6   17.34356175700845
3.0865392947023627E-6     -3.185388448707614E-6    17.130663050726753
2.991882744326311E-6      -3.256399793801596E-6    16.91776434444492
2.89722619395026E-6       -3.3274111388955777E-6   16.675224024789337
3.220386142703944E-6      -3.2106534262704947E-6   16.891493388175785
3.1257295923278926E-6     -3.2816647713644767E-6   16.6785946818939
3.031073041951841E-6      -3.3526761164584586E-6   16.44936716427727
3.2595764403294736E-6     -3.3069297489273575E-6   16.439425019342913
3.1649198899534224E-6     -3.377941094021339E-6    16.22351030376481
3.298766737955004E-6      -3.4032060715842206E-6   15.997653443252922
3.0521040994260314E-6     -2.9639057249059595E-6   18.19223725822997
2.962202651399178E-6      -2.9097106688551492E-6   18.53368732357681
2.872301203372325E-6      -2.8555156128043394E-6   18.87513738892363
2.782399755345472E-6      -2.8013205567535296E-6   19.22294631321843
2.9574475490499794E-6     -3.0349170699999414E-6   17.922364756960025
2.867546101023127E-6      -2.980722013949131E-6    18.263814822306806
2.777644652996274E-6      -2.926526957898321E-6    18.60656073066258
2.8627909986739283E-6     -3.105928415093923E-6    17.65249225568955
2.7728895506470753E-6     -3.051733359043113E-6    17.990175148106303
2.768134448297877E-6      -3.176939760187905E-6    17.373789565550233
2.6883454656506113E-6     -2.8366866376213533E-6   19.028026064371904
2.5942911759557506E-6     -2.872052718489177E-6    18.82674695657724
2.50023688626089E-6       -2.9074187993570015E-6   18.625467848782534
2.4061825965660297E-6     -2.9427848802248256E-6   18.391010182884614
2.683590363301413E-6      -2.9618930387661446E-6   18.406577465876687
2.5895360736065525E-6     -2.997259119633969E-6    18.20529835808195
2.495481783911692E-6      -3.0326252005017932E-6   18.003961691879347
2.6788352609522146E-6     -3.0870994399109367E-6   17.785128867381484
2.584780971257354E-6      -3.122465520778761E-6    17.61691320087408
2.6740801586030165E-6     -3.212305841055729E-6    17.229864709868828
3.363715281285369E-6      -3.5278965985293476E-6   15.503617401737223
3.294816976614153E-6      -3.6273221479115933E-6   15.287511807478095
3.225918671942937E-6      -3.72674769729384E-6     15.071406213218967
3.157020367271721E-6      -3.826173246676086E-6    14.855300618959841
3.088122062600505E-6      -3.925598796058332E-6    14.657338254084328
3.4219402386906256E-6     -3.63879523035134E-6     15.056441243909513
3.3530419340194104E-6     -3.738220779733586E-6    14.87092263797399
3.2841436293481943E-6     -3.837646329115833E-6    14.685404032038665
3.215245324676978E-6      -3.937071878498079E-6    14.491907794476536
3.480165196095883E-6      -3.749693862173333E-6    14.654361279283364
3.4112668914246673E-6     -3.849119411555579E-6    14.468842673347941
3.3423685867534516E-6     -3.9485449609378256E-6   14.281103728268064
3.5383901535011403E-6     -3.860592493995326E-6    14.252281314657411
3.4694918488299242E-6     -3.960018043377572E-6    14.07029966205941
3.5966151109063976E-6     -3.971491125817319E-6    13.859495595851115
3.2298684332837873E-6     -3.5026316209664664E-6   15.761257653412418
3.0960215852822063E-6     -3.477366643403585E-6    15.973801711885754
2.962174737280625E-6      -3.4521016658407047E-6   16.18634577035917
2.828327889279044E-6      -3.426836688277824E-6    16.355040468109536
3.1609701286125716E-6     -3.6020571703487125E-6   15.514565070829487
3.0271232806109902E-6     -3.5767921927858317E-6   15.727109129302786
2.8932764326094092E-6     -3.551527215222951E-6    15.922991007676433
3.0920718239413555E-6     -3.7014827197309587E-6   15.267872488246779
2.9582249759397746E-6     -3.6762177421680783E-6   15.490941547242825
3.02317351927014E-6       -3.8009082691132052E-6   15.058892086809625
3.6651224626739403E-6     -4.081971950207314E-6    13.537847127558843
3.606506552365009E-6      -4.180979692157562E-6    13.469381207958856
3.5478906420560783E-6     -4.279987434107811E-6    13.400915288358828
3.4892747317471476E-6     -4.378995176058059E-6    13.332449368758802
3.730857233058582E-6      -4.184085099916274E-6    13.213355255570717
3.6722413227496508E-6     -4.283092841866522E-6    13.168036650210476
3.61362541244072E-6       -4.382100583816771E-6    13.122718044850101
3.5550095021317897E-6     -4.4811083257670195E-6   13.075751507268457
3.7965920034432236E-6     -4.286198249625234E-6    12.923146090128988
3.737976093134293E-6      -4.385205991575483E-6    12.877827484768654
3.679360182825362E-6      -4.484213733525731E-6    12.83188873261679
3.862326773827865E-6      -4.388311399334195E-6    12.632936924687067
3.803710863518935E-6      -4.487319141284443E-6    12.588025957964888
3.928061544212508E-6      -4.490424549043155E-6    12.34416318331338
3.537999200597467E-6      -4.070498867767567E-6    13.77717660783121
3.4108759385209934E-6     -4.05902578532782E-6     13.982223381557551
3.283752676444521E-6      -4.047552702888074E-6    14.187270155283814
3.1566294143680474E-6     -4.036079620448327E-6    14.358078147909588
3.4793832902885357E-6     -4.169506609717815E-6    13.685563373991554
3.352260028212063E-6      -4.158033527278069E-6    13.890610147717974
3.22513676613559E-6       -4.146560444838322E-6    14.083989136120048
3.420767379979605E-6      -4.268514351668064E-6    13.593950140151877
3.293644117903132E-6      -4.2570412692283175E-6   13.809900124330499
3.3621514696706745E-6     -4.3675220936183126E-6   13.535811112541015
3.87821434804818E-6       -4.591718557682781E-6    12.37635182795955
3.7538636673546063E-6     -4.588613149924069E-6    12.619186817181436
3.629512986661034E-6      -4.585507742165358E-6    12.862021806403122
3.8283671518838505E-6     -4.693012566322407E-6    12.407105048537856
3.704016471190278E-6      -4.689907158563695E-6    12.649940037759684
3.7785199557195223E-6     -4.794306574962033E-6    12.437858269115905
-4.506597270616555E-6     -5.839178771107612E-7    -32.77164460957327
-4.599167156805063E-6     -6.347182533768063E-7    -32.59488605698471
-4.69173704299357E-6      -6.855186296428514E-7    -32.42205732015152
-4.7843069291820775E-6    -7.363190059088964E-7    -32.249228583318285
-4.476043972175648E-6     -7.075519212660384E-7    -31.1016178361646
-4.5686138583641546E-6    -7.583522975320835E-7    -30.925314618587606
-4.661183744552663E-6     -8.091526737981286E-7    -30.752485881754275
-4.4454906737347405E-6    -8.311859654213157E-7    -29.43159106275541
-4.538060559923248E-6     -8.819863416873607E-7    -29.255743180190507
-4.414937375293833E-6     -9.54820009576593E-7     -27.76156428934685
-4.393941310479147E-6     -5.946492585962496E-7    -31.8312443409353
-4.363388012038239E-6     -7.182833027515268E-7    -30.1607622325144
-4.332834713597332E-6     -8.41917346906804E-7     -28.490280124093946
-4.302281415156425E-6     -9.655513910620812E-7    -26.947979558739515
-4.281285350341739E-6     -6.053806400817379E-7    -30.886914256540265
-4.2507320519008315E-6    -7.290146842370152E-7    -29.216432148119793
-4.220178753459925E-6     -8.526487283922923E-7    -27.596220750146017
-4.168629390204331E-6     -6.161120215672262E-7    -29.942584172146397
-4.138076091763424E-6     -7.397460657225035E-7    -28.244461941553453
-4.055973430066924E-6     -6.268434030527148E-7    -28.892703132961316
-3.3878073523393633E-6    -6.504350585364957E-7    -22.343858749923236
-3.517694409784747E-6     -6.45338651669453E-7     -23.77273940287952
-3.6475814672301306E-6    -6.402422448024103E-7    -25.08948315028998
-3.777468524675515E-6     -6.351458379353675E-7    -26.40622689770107
-3.9073555821209E-6       -6.300494310683249E-7    -27.692583761425862
-3.451179223535223E-6     -7.61447342354852E-7     -21.986319356882156
-3.581066280980607E-6     -7.563509354878093E-7    -23.341311845034255
-3.7109533384259916E-6    -7.512545286207666E-7    -24.658055592445187
-3.840840395871375E-6     -7.46158121753724E-7     -25.970855279189564
-3.5145510947310835E-6    -8.724596261732084E-7    -21.628779963841193
-3.644438152176467E-6     -8.673632193061656E-7    -22.909884287188437
-3.7743252096218517E-6    -8.622668124391229E-7    -24.249126796951728
-3.577922965926944E-6     -9.834719099915648E-7    -21.271240570800053
-3.707810023372328E-6     -9.78375503124522E-7     -22.527398314714723
-3.641294837122804E-6     -1.094484193809921E-6    -20.892821371718853
-3.989458243817399E-6     -7.429520937381137E-7    -27.091866518952102
-4.0715609055139E-6       -8.558547564079026E-7    -26.521536160163706
-4.153663567210401E-6     -9.687574190776913E-7    -25.951205801375373
-4.235766228906902E-6     -1.0816600817474804E-6   -25.324595585983293
-3.922943057567876E-6     -8.590607844235128E-7    -25.396580859734485
-4.005045719264376E-6     -9.719634470933018E-7    -24.826250500945775
-4.0871483809608775E-6    -1.0848661097630905E-6   -24.23906509565385
-3.856427871318352E-6     -9.751694751089118E-7    -23.701295200515922
-3.938530533014853E-6     -1.0880721377787007E-6   -23.153534605324033
-3.7899126850688287E-6    -1.091278165794311E-6    -22.068004114994302
-2.71735443201519E-6      -6.644560871951852E-7    -14.4151049272627
-2.851246840670145E-6     -6.618839838742157E-7    -16.123486506301067
-2.985139249325099E-6     -6.593118805532462E-7    -17.731161015273464
-3.1190316579800536E-6    -6.567397772322767E-7    -19.338835524246335
-3.2529240666350084E-6    -6.541676739113073E-7    -20.92698678710766
-2.7797354261616505E-6    -7.766288830673837E-7    -14.460076750438231
-2.913627834816605E-6     -7.740567797464141E-7    -16.100905547598114
-3.0475202434715596E-6    -7.714846764254446E-7    -17.70858005657059
-3.181412652126514E-6     -7.689125731044751E-7    -19.307904287460822
-2.842116420308111E-6     -8.88801678939582E-7     -14.505048573613287
-2.9760088289630653E-6    -8.862295756186124E-7    -16.078324588894684
-3.10990123761802E-6      -8.83657472297643E-7     -17.68882178781327
-2.9044974144545713E-6    -1.0009744748117805E-6   -14.550020396788387
-3.038389823109526E-6     -9.98402371490811E-7     -16.069739288167185
-2.9668784086010317E-6    -1.1131472706839788E-6   -14.557315737554717
-3.5064115514184496E-6    -1.0982168091847326E-6   -19.69006536069174
-3.371528265714095E-6     -1.1019494245595442E-6   -18.420261789873983
-3.2366449800097406E-6    -1.1056820399343557E-6   -17.150458219055672
-3.101761694305386E-6     -1.1094146553091673E-6   -15.88065464823882
-3.443039680222589E-6     -9.872045253663763E-7    -20.056509856287033
-3.3081563945182346E-6    -9.909371407411877E-7    -18.732251552905804
-3.17327310881388E-6      -9.946697561159992E-7    -17.407993249523894
-3.3796678090267286E-6    -8.761922415480198E-7    -20.34016108452339
-3.2447845233223745E-6    -8.799248569228315E-7    -19.015902781141875
-3.316295937830868E-6     -7.651799577296635E-7    -20.623812312759803
3.81491360367818E-7       -1.1055364649020414E-6   22.566492481141747
4.425985742006858E-7      -9.946602198305626E-7    24.13027317470752
5.037057880335536E-7      -8.837839747590838E-7    25.79504188153149
5.648130018664213E-7      -7.72907729687605E-7     27.459810588355737
6.259202156992892E-7      -6.620314846161261E-7    29.124579295180062
3.091744812902847E-7      -9.95247841831259E-7     22.757921424028446
3.702816951231525E-7      -8.843715967597802E-7    24.336298437242945
4.3138890895602026E-7     -7.734953516883014E-7    26.018164671049753
4.924961227888881E-7      -6.626191066168226E-7    27.700030904856632
2.3685760221275144E-7     -8.849592187604767E-7    22.913558158343267
2.979648160456192E-7      -7.740829736889979E-7    24.56279685037715
3.59072029878487E-7       -6.632067286175191E-7    26.24466308418328
1.6454072313521816E-7     -7.746705956896944E-7    23.06919489265769
2.2564793696808594E-7     -6.637943506182155E-7    24.78929526351032
9.222384405768487E-8      -6.64381972618912E-7     23.22483162697212
6.964171603275946E-7      -7.707541742344796E-7    28.578732425281505
6.353099464947267E-7      -8.816304193059583E-7    26.93106124544005
5.74202732661859E-7       -9.92506664377437E-7     25.283390065598475
5.130955188289912E-7      -1.103382909448916E-6    23.71186389941809
7.669141049558998E-7      -8.794768638528329E-7    28.063704985732624
7.058068911230321E-7      -9.903531089243116E-7    26.41603380589106
6.446996772901643E-7      -1.1012293539957906E-6   24.796236886684014
8.374110495842052E-7      -9.881995534711863E-7    27.548677546183843
7.763038357513373E-7      -1.099075798542665E-6    25.88060987394926
9.079079942125106E-7      -1.0969222430895398E-6   26.964982861215375
-2.293335344492191E-6     -1.1045464027599393E-6   -7.355877928707556
-2.2324414575015383E-6    -9.942066117821978E-7    -6.955996383767152
-2.171547570510885E-6     -8.83866820804456E-7     -6.500132729229206
-2.110653683520232E-6     -7.735270298267145E-7    -6.044269074689524
-2.049759796529579E-6     -6.631872388489729E-7    -5.588405420150709
-2.3656629631674987E-6    -9.94093780472549E-7     -8.646119992341761
-2.3047690761768457E-6    -8.837539894948072E-7    -8.25458512654392
-2.2438751891861926E-6    -7.734141985170656E-7    -7.853943748864619
-2.1829813021955395E-6    -6.63074407539324E-7     -7.453302371185704
-2.4379905818428065E-6    -8.836411581851582E-7    -10.031706332885545
-2.3770966948521534E-6    -7.733013672074166E-7    -9.634542864711497
-2.3162028078615008E-6    -6.629615762296751E-7    -9.233901487032783
-2.5103182005181143E-6    -7.731885358977678E-7    -11.41729267343035
-2.449424313527461E-6     -6.628487449200263E-7    -11.014500602880089
-2.582645819193422E-6     -6.627359136103773E-7    -12.802879013974525
-2.645026813339883E-6     -7.749087094825757E-7    -12.923182914276499
-2.7074078074863423E-6    -8.87081505354774E-7     -13.035707519329014
-2.7697888016328027E-6    -9.992543012269725E-7    -13.14823212438311
-2.832169795779264E-6     -1.111427097099171E-6    -13.17684666709837
-2.5726991946645746E-6    -8.853613317699661E-7    -11.531967971355792
-2.635080188811035E-6     -9.975341276421647E-7    -11.6444925764091
-2.6974611829574954E-6    -1.109706923514363E-6    -11.730805183353116
-2.5003715759892664E-6    -9.958139540573567E-7    -10.14075302843495
-2.5627525701357272E-6    -1.107986749929555E-6    -10.284763699606438
-2.428043957313959E-6     -1.1062665763447473E-6   -8.838722215861658
-1.6245867384306413E-6    -1.1039920399125308E-6   0.4536862050993345
-1.5639781006074606E-6    -9.939478066956386E-7    1.2240995904388603
-1.5033694627842795E-6    -8.839035734787466E-7    2.0704830284696945
-1.4427608249610988E-6    -7.738593402618545E-7    2.9168664665005277
-1.382152187137918E-6     -6.638151070449624E-7    3.763249904531993
-1.6974425726522983E-6    -9.93763121504271E-7     -0.5534560127852425
-1.6368339348291174E-6    -8.837188882873788E-7    0.21449729974740311
-1.5762252970059364E-6    -7.736746550704867E-7    1.020623877922829
-1.5156166591827555E-6    -6.636304218535946E-7    1.8267504560978265
-1.7702984068739552E-6    -8.835342030960109E-7    -1.6478806068569796
-1.709689769050774E-6     -7.734899698791188E-7    -0.8549171617908985
-1.6490811312275934E-6    -6.634457366622268E-7    -0.04879058361606171
-1.8431542410956121E-6    -7.733052846877511E-7    -2.7423052009291116
-1.782545603272431E-6     -6.63261051470859E-7     -1.9243316233305756
-1.916010075317269E-6     -6.630763662794912E-7    -3.8367297950012436
-1.976903962307922E-6     -7.734161572572328E-7    -4.384672858356582
-2.0377978492985752E-6    -8.837559482349743E-7    -4.895758789756086
-2.098691736289228E-6     -9.940957392127159E-7    -5.406844721154958
-2.1595856232798814E-6    -1.1044355301904576E-6   -5.8241534836587086
-1.9040481280862648E-6    -8.836450756654926E-7    -3.2652381317521537
-1.9649420150769183E-6    -9.939848666432344E-7    -3.7763240631511845
-2.025835902067571E-6     -1.1043246576209759E-6   -4.257241927560903
-1.831192293864608E-6     -9.938739940737525E-7    -2.1458034051467227
-1.8920861808552611E-6    -1.1042137850514942E-6   -2.6903303714626245
-1.7583364596429513E-6    -1.1041029124820125E-6   -1.123418815364582
-2.853156741026121E-7     -1.1086964074483801E-6   15.907766339849582
-2.242711462860594E-7     -9.9777579586833E-7      17.28557454815802
-1.632266184695066E-7     -8.868551842882799E-7    18.76348774369645
-1.0218209065295389E-7    -7.759345727082299E-7    20.241400939234403
-4.1137562836401116E-8    -6.650139611281797E-7    21.7193141347722
-3.5841778026537717E-7    -9.97904277589719E-7     15.66710054125944
-2.973732524488244E-7     -8.869836660096688E-7    17.05460861523467
-2.3632872463227158E-7    -7.760630544296186E-7    18.529896044506543
-1.7528419681571887E-7    -6.651424428495685E-7    20.005183473778978
-4.315198864281421E-7     -8.871121477310576E-7    15.369525724882461
-3.7047535861158936E-7    -7.761915361510074E-7    16.81642315353906
-3.0943083079503664E-7    -6.652709245709574E-7    18.291710582810502
-5.046219925909072E-7     -7.763200178723965E-7    15.071950908506272
-4.435774647743544E-7     -6.653994062923462E-7    16.578237691841487
-5.777240987536722E-7     -6.655278880137351E-7    14.774376092128898
3.117931624113214E-8      -7.753025841989622E-7    21.635196849303128
-2.9865211575420604E-8    -8.862231957790122E-7    20.15465788749792
-9.090973939197334E-8     -9.971438073590623E-7    18.674118925693385
-1.5195426720852612E-7    -1.1080644189391123E-6   17.28439906685808
1.0349619531866542E-7     -8.855912072697444E-7    21.550421793806173
4.245166750211267E-8      -9.965118188497945E-7    20.069882832001685
-1.8592860314440052E-8    -1.1074324304298445E-6   18.62155025945917
1.7581307439619867E-7     -9.958798303405267E-7    21.46564673831192
1.1476854657964594E-7     -1.106800441920577E-6    19.958701452060225
2.48129953473732E-7       -1.1061684534113092E-6   21.29585264466104
-9.554173833898235E-7     -1.1070152858638146E-6   8.375076245347001
-8.944991476951462E-7     -9.965593803220664E-7    9.48150583673786
-8.33580912000469E-7      -8.861034747803183E-7    10.679223350812395
-7.726626763057918E-7     -7.756475692385702E-7    11.876940864887167
-7.117444406111143E-7     -6.65191663696822E-7     13.074658378960681
-1.0286426165748063E-6    -9.963664034566658E-7    7.723697188192675
-9.67724380880129E-7      -8.859104979149176E-7    8.833809662814387
-9.068061451854516E-7     -7.754545923731693E-7    10.009167354609561
-8.458879094907744E-7     -6.649986868314213E-7    11.184525046405001
-1.1018678497597891E-6    -8.857175210495169E-7    6.997691392040913
-1.0409496140651117E-6    -7.752616155077687E-7    8.151321519066975
-9.800313783704344E-7     -6.648057099660206E-7    9.326679210861847
-1.1750930829447717E-6    -7.750686386423681E-7    6.27168559588765
-1.1141748472500943E-6    -6.646127331006198E-7    7.468833375318565
-1.2483183161297546E-6    -6.644197562352192E-7    5.545679799735966
-6.386423344483495E-7     -7.759837935554833E-7    13.463910047031419
-6.995605701430267E-7     -8.864396990972314E-7    12.243832710677944
-7.60478805837704E-7      -9.968956046389795E-7    11.02375537432434
-8.213970415323812E-7     -1.1073515101807279E-6   9.902246462188458
-5.655402282855843E-7     -8.867759234141445E-7    13.820874218087996
-6.264584639802617E-7     -9.972318289558928E-7    12.600796881734803
-6.87376699674939E-7      -1.1076877344976407E-6   11.414533039111936
-4.924381221228193E-7     -9.975680532728056E-7    14.1778383891464
-5.533563578174966E-7     -1.108023958814554E-6    12.92681961603699
-4.193360159600544E-7     -1.108360183131467E-6    14.439106192960466
-1.3089269539529353E-6    -7.744639894521113E-7    4.593731761809441
-1.369535591776116E-6     -8.845082226690034E-7    3.707091463921193
-1.4301442295992967E-6    -9.945524558858954E-7    2.8204511660342075
-1.4907528674224778E-6    -1.1045966891027876E-6   2.03308494644667
-1.2357017207679524E-6    -8.851128718592601E-7    5.363255210364557
-1.2963103585911334E-6    -9.951571050761522E-7    4.4766149124777295
-1.356918996414314E-6     -1.1052013382930442E-6   3.6229052076552812
-1.1624764875829698E-6    -9.95761754266409E-7     6.1327786589221915
-1.2230851254061505E-6    -1.105805987483301E-6    5.212725468864681
-1.089251254397987E-6     -1.106410636673558E-6    6.802545730072424
9.815195328981236E-7      -1.207102787477954E-6    26.517690984761693
8.499153744369504E-7      -1.2092563429310792E-6   25.517327371357883
7.183112159757772E-7      -1.2114098983842047E-6   24.48122513711938
5.867070575146041E-7      -1.21356345383733E-6     23.445122902881035
4.551028990534311E-7      -1.2157170092904555E-6   22.31770239715448
9.235269131225634E-7      -1.3194368873194933E-6   25.15888061577619
7.919227546613902E-7      -1.3215904427726186E-6   24.138339126921533
6.603185962002172E-7      -1.3237439982257443E-6   23.102236892683266
5.287144377390441E-7      -1.3258975536788696E-6   22.03443565602882
8.655342933470034E-7      -1.4317709871610327E-6   23.80007024679026
7.339301348858301E-7      -1.4339245426141582E-6   22.759350882485403
6.023259764246571E-7      -1.4360780980672837E-6   21.751168914903275
8.075416735714432E-7      -1.5441050870025723E-6   22.441259877805
6.759375151102702E-7      -1.5462586424556978E-6   21.467902173778246
7.495490537958832E-7      -1.6564391868441117E-6   21.16276777032468
1.0512146864546529E-6     -1.3124984967189245E-6   25.945996047183865
9.932220666790929E-7      -1.424832596560464E-6    24.607363553648472
9.352294469035328E-7      -1.5371666964020035E-6   23.268731060112717
8.772368271279728E-7      -1.6495007962435431E-6   21.983890874969475
1.1209098400111824E-6     -1.417894205959895E-6    25.410039730439763
1.0629172202356223E-6     -1.5302283058014347E-6   24.07140723690432
1.0049246004600623E-6     -1.6425624056429743E-6   22.751368244686358
1.1906049935677119E-6     -1.5232899152008659E-6   24.87408341369596
1.1326123737921518E-6     -1.6356240150424055E-6   23.51884561440347
1.2603001471242413E-6     -1.6286856244418366E-6   24.28632298412043
1.3359832909754945E-6     -1.74162173264725E-6     23.797203377675906
1.208295517643405E-6      -1.748560123247819E-6    23.09658141330272
1.0806077443113153E-6     -1.7554985138483875E-6   22.364302850660476
9.529199709792258E-7      -1.7624369044489564E-6   21.632024288017607
8.252321976471365E-7      -1.7693752950495254E-6   20.824397029875364
1.2839786614946582E-6     -1.8614962314532324E-6   22.675148868455153
1.1562908881625687E-6     -1.868434622053801E-6    21.958643955316578
1.0286031148304792E-6     -1.87537301265437E-6     21.22636539267422
9.009153414983897E-7      -1.8823114032549388E-6   20.469829461653756
1.231974032013822E-6      -1.9813707302592146E-6   21.553094359235033
1.1042862586817324E-6     -1.9883091208597835E-6   20.820706497330846
9.76598485349643E-7       -1.9952475114603523E-6   20.11526189343231
1.1799694025329856E-6     -2.101245229065197E-6    20.431039850015082
1.0522816292008961E-6     -2.1081836196657657E-6   19.760694325210956
1.1279647730521493E-6     -2.221119727871179E-6    19.405259170634924
1.5837950266725538E-6     -2.08652292786623E-6     22.049970907618096
1.5218420927482888E-6     -2.000297629061485E-6    22.51092187494207
1.459889158824024E-6      -1.91407233025674E-6     22.929130176430434
1.3979362248997592E-6     -1.827847031451995E-6    23.347338477917734
1.4698374632674527E-6     -2.1201721278674675E-6   21.397949039836817
1.4078845293431879E-6     -2.0339468290627224E-6   21.822958615976276
1.345931595418923E-6      -1.9477215302579774E-6   22.24116691746393
1.3558798998623516E-6     -2.1538213278687047E-6   20.745927172055204
1.2939269659380868E-6     -2.0675960290639597E-6   21.134995357009213
1.2419223364572505E-6     -2.187470527869942E-6    20.093905304273257
1.69717272449241E-6       -2.181863862331322E-6    21.819235496825897
1.696592858907165E-6      -2.31085399679765E-6     20.984775072392672
1.6960129933219203E-6     -2.4398441312639787E-6   20.150314647959135
1.6954331277366752E-6     -2.568834265730307E-6    19.31585422352544
1.6948532621514304E-6     -2.697824400196636E-6    18.57198696144849
1.819554701055404E-6      -2.2181937382812888E-6   21.846524392412924
1.8189748354701591E-6     -2.3471838727476172E-6   20.998693978727264
1.8183949698849143E-6     -2.476174007213946E-6    20.15086356504121
1.8178151042996694E-6     -2.6051641416802745E-6   19.374981026403194
1.941936677618398E-6      -2.2545236142312553E-6   21.85679607436921
1.9413568120331535E-6     -2.383513748697584E-6    21.008965660683966
1.9407769464479086E-6     -2.512503883163913E-6    20.18573668383118
2.064318654181392E-6      -2.2908534901812227E-6   21.8670677563268
2.0637387885961476E-6     -2.419843624647551E-6    20.996492341259643
2.1867006307443867E-6     -2.3271833661311897E-6   21.807247998687473
2.1924773798065803E-6     -2.8219205279976134E-6   18.770128203968124
2.1910331925410317E-6     -2.6982362375310074E-6   19.499495457709816
2.189589005275483E-6      -2.5745519470644013E-6   20.24538249150334
2.188144818009935E-6      -2.4508676565977953E-6   20.991269525296936
2.0680713503927927E-6     -2.790896496047369E-6    18.739966575788113
2.066627163127244E-6      -2.667212205580763E-6    19.481973272290475
2.065182975861696E-6      -2.543527915114157E-6    20.227860306084033
1.943665320979005E-6      -2.7598724640971247E-6   18.70980494760861
1.942221133713457E-6      -2.6361881736305187E-6   19.46445108687077
1.8192592915652178E-6     -2.72884843214688E-6     18.67964331942862
1.5832151610873087E-6     -2.2155130623325586E-6   21.186137806600524
1.4692575976822076E-6     -2.249162262333796E-6    20.570057330003976
1.3553000342771065E-6     -2.282811462335033E-6    19.953976853407273
1.2413424708720056E-6     -2.316460662336271E-6    19.284212372875185
1.5826352955020639E-6     -2.344503196798887E-6    20.36504737141887
1.4686777320969627E-6     -2.3781523968001243E-6   19.748966894822324
1.3547201686918618E-6     -2.4118015968013616E-6   19.121206121892396
1.582055429916819E-6      -2.473493331265216E-6    19.543956936237272
1.468097866511718E-6      -2.507142531266453E-6    18.958199870909404
1.5814755643315741E-6     -2.6024834657315448E-6   18.79519361992661
2.2601771778600473E-6     -2.9527305561215357E-6   18.255756143671725
2.203470946499727E-6      -3.052516552295213E-6    17.740908201818264
2.1467647151394067E-6     -3.152302548468891E-6    17.22606025996462
2.090058483779086E-6      -3.2520885446425686E-6   16.711212318110963
2.0333522524187658E-6     -3.3518745408162463E-6   16.233203601651667
2.3494763652057094E-6     -3.0425708763985033E-6   17.871353025075454
2.2927701338453887E-6     -3.142356872572181E-6    17.38487442536969
2.2360639024850684E-6     -3.2421428687458586E-6   16.898395825663936
2.1793576711247486E-6     -3.3419288649195367E-6   16.418044608348062
2.4387755525513715E-6     -3.132411196675471E-6    17.51742553376537
2.3820693211910513E-6     -3.232197192849149E-6    17.030946934059628
2.325363089830731E-6      -3.331983189022826E-6    16.542405014662332
2.5280747398970337E-6     -3.222251516952439E-6    17.163498042455448
2.4713685085367134E-6     -3.3220375131261166E-6   16.66676542097634
2.6173739272426962E-6     -3.312091837229407E-6    16.791125827290653
2.1357711484462596E-6     -2.921706524171291E-6    18.243430700018514
2.011365119032472E-6      -2.8906824922210465E-6   18.200629629078502
1.8869590896186848E-6     -2.859658460270802E-6    18.157828558138462
1.7625530602048975E-6     -2.828634428320558E-6    18.055051803704217
2.0790649170859394E-6     -3.0214925203449687E-6   17.700213416016773
1.954658887672152E-6      -2.9904684883947246E-6   17.657412345076896
1.8302528582583645E-6     -2.95944445644448E-6     17.591851570111118
2.022358685725619E-6      -3.1212785165186464E-6   17.15699613201517
1.8979526563118317E-6     -3.090254484568402E-6    17.128651336517706
1.965652454365299E-6      -3.2210645126923245E-6   16.665451102924536
2.407374288553651E-6      -3.899423100312964E-6    14.851087057849734
2.543523843363022E-6      -3.904658239462038E-6    14.857217273868915
2.6796733981723926E-6     -3.909893378611111E-6    14.818076099864887
2.8158229529817633E-6     -3.915128517760185E-6    14.778934925861005
2.9519725077911345E-6     -3.920363656909259E-6    14.739793751857135
2.4785753000326566E-6     -3.7799677125169107E-6   15.217647146870943
2.6147248548420273E-6     -3.7852028516659844E-6   15.218369270162274
2.750874409651398E-6      -3.7904379908150576E-6   15.17778093609336
2.8870239644607687E-6     -3.7956731299641316E-6   15.13719260202432
2.549776311511662E-6      -3.6605123247208574E-6   15.613848384511364
2.6859258663210327E-6     -3.66574746386993E-6     15.582643215903712
2.8220754211304034E-6     -3.6709826030190046E-6   15.542054881834817
2.6209773229906674E-6     -3.5410569369248036E-6   16.010049622151723
2.757126877800038E-6      -3.5462920760738772E-6   15.946917161645343
2.692178334469673E-6      -3.42160154912875E-6     16.40625085979214
2.332569881326674E-6      -3.7899133884136204E-6   15.109543288773182
2.4037708928056796E-6     -3.6704580006175674E-6   15.488295514817423
2.474971904284685E-6      -3.551002612821513E-6    15.916424044356793
2.5461729157636904E-6     -3.43154722502546E-6     16.34455257389606
2.257765474099697E-6      -3.680403676514277E-6    15.38808781871695
2.3289664855787026E-6     -3.5609482887182233E-6   15.80025434012454
2.400167497057708E-6      -3.44149290092217E-6     16.22838286966373
2.18296106687272E-6       -3.5708939646149333E-6   15.666632348660814
2.2541620783517256E-6     -3.4514385768188795E-6   16.112213165431438
2.1081566596457428E-6     -3.46138425271559E-6     15.945176878604293
3.0246912422250095E-6     -4.032996104705037E-6    14.47677478298844
2.9612604218495137E-6     -4.140393413351741E-6    14.31108929078524
2.897829601474018E-6      -4.247790721998446E-6    14.14540379858196
2.8343987810985223E-6     -4.3551880306451505E-6   13.979718306378839
3.093198593992552E-6      -4.143476929095032E-6    14.184471925997837
3.029767773617056E-6      -4.250874237741736E-6    14.045104485187204
2.9663369532415607E-6     -4.358271546388441E-6    13.90573704437648
2.9029061328660645E-6     -4.465668855035146E-6    13.767177687120029
3.161705945760094E-6      -4.253957753485027E-6    13.932953909985018
3.0982751253845986E-6     -4.3613550621317315E-6   13.79358646917428
3.0348443050091025E-6     -4.468752370778436E-6    13.655419862258006
3.230213297527636E-6      -4.364438577875022E-6    13.681435893972104
3.1667824771521404E-6     -4.471835886521727E-6    13.543662037395968
3.298720649295179E-6      -4.474919402265017E-6    13.431904212534004
2.6982492262891515E-6     -4.349952891496077E-6    14.019400340651327
2.7616800466646473E-6     -4.242555582849372E-6    14.171246550713466
2.8251108670401426E-6     -4.135158274202667E-6    14.363250094309112
2.8885416874156387E-6     -4.027760965555963E-6    14.555253637904805
2.6255304918552765E-6     -4.237320443700299E-6    14.221834336944944
2.688961312230772E-6      -4.129923135053593E-6    14.400944108247975
2.752392132606268E-6      -4.0225258264068895E-6   14.592947651843687
2.552811757421401E-6      -4.1246879959045205E-6   14.424268333238569
2.616242577796897E-6      -4.017290687257816E-6    14.630641665782493
2.480093022987526E-6      -4.012055548108742E-6    14.626702329532241
3.1243158378299026E-6     -4.788117651460032E-6    13.35781445938565
3.1824507749849947E-6     -4.683718235061693E-6    13.383173155293363
3.2405857121400867E-6     -4.579318818663355E-6    13.408531851201117
3.0505126028419563E-6     -4.680634719318402E-6    13.49453822981516
3.1086475399970484E-6     -4.576235302920064E-6    13.519896925722913
2.9767093678540104E-6     -4.573151787176774E-6    13.631262000244707
-3.90791950583451E-6      -1.5897441734228222E-6   -18.989150242381765
-3.854594572092169E-6     -1.490692177500242E-6    -19.372532403058884
-3.8012696383498277E-6    -1.3916401815776615E-6   -19.75763064008585
-3.7479447046074866E-6    -1.2925881856550817E-6   -20.142728877113946
-3.694619770865145E-6     -1.1935361897325014E-6   -20.52782711414161
-4.003212420038193E-6     -1.487486149484632E-6    -20.397545752848647
-3.949887486295852E-6     -1.3884341535620515E-6   -20.798707848498754
-3.89656255255351E-6      -1.2893821576394714E-6   -21.242471461896276
-3.843237618811169E-6     -1.190330161716891E-6    -21.68623507529372
-4.098505334241876E-6     -1.3852281255464412E-6   -21.836954717693317
-4.045180400499535E-6     -1.286176129623861E-6    -22.288577142125984
-3.991855466757194E-6     -1.1871241337012808E-6   -22.73234075552341
-4.19379824844556E-6      -1.282970101608251E-6    -23.276363682538417
-4.140473314703218E-6     -1.1839181056856708E-6   -23.77844643575317
-4.289091162649243E-6     -1.1807120776700605E-6   -24.715772647383325
-4.761257675606703E-6     -1.4378448407038605E-6   -24.542502206935477
-4.645638535842821E-6     -1.5171417278042073E-6   -23.38710036142924
-4.53001939607894E-6      -1.596438614904554E-6    -22.23169851592325
-4.4144002563150595E-6    -1.6757355020049013E-6   -21.116828003786225
-4.638134490977288E-6     -1.3678213657359494E-6   -24.675193239375563
-4.522515351213407E-6     -1.4471182528362964E-6   -23.51979139386966
-4.406896211449526E-6     -1.5264151399366432E-6   -22.365697252470582
-4.515011306347873E-6     -1.2977978907680385E-6   -24.807884271816636
-4.399392166583992E-6     -1.3770947778683857E-6   -23.61456650115585
-4.39188812171846E-6      -1.227774415800128E-6    -24.86343574984088
-4.0107164649037266E-6    -1.6368065115528897E-6   -19.220858648777003
-4.10600937910741E-6      -1.5345484876146991E-6   -20.619450287235228
-4.201302293311093E-6     -1.4322904636765085E-6   -22.00839892329838
-4.2965952075147755E-6    -1.3300324397383182E-6   -23.39734755936154
-4.113513423972943E-6     -1.6838688496829568E-6   -19.419630011266975
-4.208806338176626E-6     -1.5816108257447664E-6   -20.79875330387601
-4.30409925238031E-6      -1.479352801806576E-6    -22.187701939938613
-4.216310383042159E-6     -1.7309311878130241E-6   -19.618401373756434
-4.311603297245843E-6     -1.6286731638748335E-6   -20.97805632051515
-4.319107342111376E-6     -1.7779935259430914E-6   -19.81717273624656
-3.0315588832677115E-6    -1.236957046531141E-6    -14.460428683139783
-3.1664421689720655E-6    -1.2332244311563294E-6   -15.760616071777358
-3.30132545467642E-6      -1.2294918157815178E-6   -16.975964910031326
-3.4362087403807745E-6    -1.2257592004067063E-6   -18.191313748284667
-3.5710920260851294E-6    -1.2220265850318947E-6   -19.377986066388992
-3.0962393579343913E-6    -1.360766822378303E-6    -14.322455092979586
-3.2311226436387454E-6    -1.3570342070034915E-6   -15.560006564984427
-3.3660059293431003E-6    -1.35330159162868E-6     -16.775355403238397
-3.5008892150474543E-6    -1.3495689762538683E-6   -17.973682820047422
-3.1609198326010707E-6    -1.484576598225465E-6    -14.184481502819313
-3.295803118305425E-6     -1.4808439828506533E-6   -15.359397058190499
-3.4306864040097797E-6    -1.477111367475842E-6    -16.56937957370419
-3.2256003072677505E-6    -1.6083863740726272E-6   -14.046507912658328
-3.360483592972105E-6     -1.6046537586978156E-6   -15.165076327362383
-3.2902807819344304E-6    -1.7321961499197893E-6   -13.891176441804033
-3.784391761054494E-6     -1.6182345687222157E-6   -17.997514873724285
-3.6608640162744784E-6    -1.6467249640216088E-6   -16.976778898518802
-3.5373362714944622E-6    -1.6752153593210024E-6   -15.956042923313287
-3.413808526714446E-6     -1.703705754620396E-6    -14.935306948107613
-3.7310668273121526E-6    -1.5191825727996352E-6   -18.370010964266115
-3.6075390825321365E-6    -1.5476729680990287E-6   -17.303795677286328
-3.4840113377521203E-6    -1.576163363398422E-6    -16.23758039030684
-3.6777418935698115E-6    -1.4201305768770549E-6   -18.696443824923485
-3.554214148789796E-6     -1.4486209721764487E-6   -17.63022853794389
-3.6244169598274705E-6    -1.321078580954475E-6    -19.022876685581632
-2.596784564608796E-6     -1.6559167404302085E-6   -8.559660217397575
-2.5360947205854747E-6    -1.5456426728961548E-6   -8.357942894234942
-2.475404876562154E-6     -1.4353686053621006E-6   -8.12246594431882
-2.4147150325388326E-6    -1.325094537828047E-6    -7.88698899440262
-2.354025188515512E-6     -1.214820470293993E-6    -7.6515120444855516
-2.6708033334072433E-6    -1.5473628464809626E-6   -9.688523245245506
-2.610113489383922E-6     -1.4370887789469086E-6   -9.48849384940399
-2.549423645360601E-6     -1.3268147114128547E-6   -9.301631348338748
-2.4887338013372797E-6    -1.2165406438788008E-6   -9.114768847272657
-2.7448221022056904E-6    -1.4388089525317164E-6   -10.88291841275397
-2.684132258182369E-6     -1.3285348849976625E-6   -10.689974767855642
-2.6234424141590483E-6    -1.218260817463609E-6    -10.50311226679024
-2.8188408710041375E-6    -1.3302550585824707E-6   -12.077313580262949
-2.758151026980816E-6     -1.2199809910484168E-6   -11.891455686308811
-2.8928596398025846E-6    -1.2217011646332248E-6   -13.271708747771612
-2.7354838080739227E-6    -1.6711726223281247E-6   -9.681014185489392
-2.80950257687237E-6      -1.5626187283788785E-6   -10.813661883059218
-2.883521345670817E-6     -1.4540648344296326E-6   -12.000971299624872
-2.957540114469264E-6     -1.3455109404803866E-6   -13.188280716189897
-2.8741830515390496E-6    -1.6864285042260406E-6   -10.758908526816949
-2.9482018203374967E-6    -1.5778746102767949E-6   -11.925633626097566
-3.0222205891359442E-6    -1.4693207163275487E-6   -13.112943042663206
-3.012882295004176E-6     -1.701684386123957E-6    -11.836802868144922
-3.086901063802623E-6     -1.5931304921747108E-6   -13.037605369135758
-3.1515815384693035E-6    -1.7169402680218731E-6   -12.91469720947256
3.2298958362042567E-7     -1.2173162440610141E-6   21.220546862451787
1.8962817672633963E-7     -1.2179482325702817E-6   19.955184954834284
5.626676983225359E-8      -1.2185802210795493E-6   18.676646475942103
-7.70946370618324E-8      -1.2192122095888171E-6   17.398107997048974
-2.1045604395591844E-7    -1.219844198098085E-6    16.039705546619153
2.6448780687303335E-7     -1.3290960232199865E-6   19.97139188334453
1.311263999789473E-7      -1.3297280117292543E-6   18.699536303163043
-2.2350069151387258E-9    -1.330360000238522E-6    17.42099782427023
-1.355964138092247E-7     -1.3309919887477897E-6   16.115166196194917
2.05986030125641E-7       -1.440875802378959E-6    18.722236904237352
7.262462323155497E-8      -1.4415077908882267E-6   17.443887651491327
-6.073678366253104E-8     -1.4421397793974945E-6   16.19062684577139
1.4748425337824867E-7     -1.5526555815379319E-6   17.47308192512974
1.4122846484162654E-8     -1.5532875700471997E-6   16.26608749534699
8.898247663085635E-8      -1.6644353606969042E-6   16.30487312127585
2.2109579206386173E-7     -1.662836125926346E-6    17.321938706192046
3.532091074968671E-7      -1.6612368911557871E-6   18.29817633065877
4.853224229298724E-7      -1.6596376563852289E-6   19.27441395512522
6.174357383628779E-7      -1.6580384216146702E-6   20.25065157959202
2.7959756881125407E-7     -1.5510563467673732E-6   18.498400206037008
4.117108842442594E-7      -1.5494571119968145E-6   19.51741404052712
5.438241996772648E-7      -1.5478578772262563E-6   20.53642787501708
3.380993455586464E-7      -1.4392765676084006E-6   19.741061512579886
4.702126609916518E-7      -1.4376773328378422E-6   20.760075347070178
3.966011223060387E-7      -1.3274967884494278E-6   20.98372281912308
-1.924168110194567E-6     -1.648194800005258E-6    -2.319817214417505
-1.864251835841782E-6     -1.5393542479867129E-6   -1.8213026728976751
-1.8043355614889967E-6    -1.430513695968167E-6    -1.2717706674796572
-1.7444192871362115E-6    -1.3216731439496218E-6   -0.7222386620617183
-1.6845030127834263E-6    -1.2128325919310762E-6   -0.17270665664480522
-1.998001557054092E-6     -1.5394651205561946E-6   -3.252627581344254
-1.9380852827013067E-6    -1.430624568537649E-6    -2.7581300989053354
-1.8781690083485215E-6    -1.3217840165191033E-6   -2.24557638333283
-1.8182527339957361E-6    -1.212943464500558E-6    -1.7330226677607692
-2.0718350039136168E-6    -1.4307354411071304E-6   -4.2552439399334805
-2.0119187295608313E-6    -1.321894889088585E-6    -3.748878837523719
-1.9520024552080463E-6    -1.2130543370700396E-6   -3.236325121951648
-2.1456684507731414E-6    -1.322005761658067E-6    -5.257860298522628
-2.085752176420356E-6     -1.2131652096395213E-6   -4.739627576143495
-2.2195018976326664E-6    -1.213276082209003E-6    -6.260476657111775
-2.280191741655987E-6     -1.323550149743057E-6    -6.562114682656898
-2.340881585679308E-6     -1.4338242172771106E-6   -6.846206081424155
-2.401571429702629E-6     -1.5440982848111644E-6   -7.130297480192359
-2.46226127372595E-6      -1.6543723523452185E-6   -7.346894651068553
-2.206358294796462E-6     -1.4322798291921207E-6   -5.547630704097905
-2.2670481388197835E-6    -1.5425538967261746E-6   -5.831722102865635
-2.327737982843104E-6     -1.6528279642602283E-6   -6.094935157733868
-2.1325248479369374E-6    -1.5410095086411844E-6   -4.533146725538464
-2.193214691960259E-6     -1.6512835761752383E-6   -4.842975664399145
-2.058691401077413E-6     -1.6497391880902483E-6   -3.5910161710650117
-1.2535855397200082E-6    -1.65490925977899E-6     4.186037803402988
-1.1939519084539713E-6    -1.5453304649959551E-6   4.9533473413715985
-1.1343182771879342E-6    -1.4357516702129198E-6   5.786401972636792
-1.0746846459218973E-6    -1.3261728754298848E-6   6.6194566039028535
-1.0150510146558604E-6    -1.2165940806468497E-6   7.452511235167731
-1.3277857794621348E-6    -1.5447258158056983E-6   3.507358750193098
-1.268152148196098E-6     -1.4351470210226632E-6   4.274755245284925
-1.2085185169300608E-6    -1.325568226239628E-6    5.08409994774531
-1.148884885664024E-6     -1.2159894314565929E-6   5.893444650206501
-1.4019860192042614E-6    -1.4345423718324062E-6   2.765481493184584
-1.3423523879382243E-6    -1.3249635770493711E-6   3.5606231717733463
-1.2827187566721874E-6    -1.215384782266336E-6    4.36996787423389
-1.476186258946388E-6     -1.3243589278591143E-6   2.023604236175675
-1.416552627680351E-6     -1.2147801330760793E-6   2.846491098260364
-1.5503864986885147E-6    -1.2141754838858227E-6   1.281726979166609
-1.6103027730412997E-6    -1.3230160359043683E-6   0.653929340784315
-1.670219047394085E-6     -1.4318565879229135E-6   0.06741904552160256
-1.7301353217468701E-6    -1.5406971399414587E-6   -0.5190912497404785
-1.7900515960996553E-6    -1.6495376919600048E-6   -1.0301807753349295
-1.536102533299173E-6     -1.43319947987766E-6     1.4235517812885183
-1.5960188076519585E-6    -1.5420400318962056E-6   0.8370414860259638
-1.6559350820047435E-6    -1.6508805839147508E-6   0.2749409221759731
-1.4619022935570467E-6    -1.5433829238509516E-6   2.193174221793741
-1.5218185679098316E-6    -1.6522234758694973E-6   1.580062619687507
-1.38770205381492E-6      -1.6535663678242437E-6   2.885184317198015
-5.815520696681833E-7     -1.661840547620075E-6    10.529681300150367
-5.22304790555069E-7      -1.5512117195857363E-6   11.525460764744551
-4.630575114419548E-7     -1.440582891551397E-6    12.596939520472286
-4.0381023232884054E-7    -1.329954063517058E-6    13.668418276199311
-3.4456295321572635E-7    -1.219325235482719E-6    14.73989703192673
-6.563251324125113E-7     -1.5508754952688233E-6   10.154635997993928
-5.97077853299397E-7      -1.440246667234484E-6    11.155361659454075
-5.378305741862828E-7     -1.329617839200145E-6    12.218044381541887
-4.785832950731686E-7     -1.218989011165806E-6    13.280727103629541
-7.310981951568394E-7     -1.4399104429175708E-6   9.728245604019568
-6.71850916043725E-7      -1.3292816148832319E-6   10.770512735104797
-6.126036369306109E-7     -1.218652786848893E-6    11.83319545719263
-8.058712579011674E-7     -1.3289453905663188E-6   9.30185521004568
-7.466239787880531E-7     -1.2183165625319797E-6   10.38566381075536
-8.806443206454954E-7     -1.2179803382150668E-6   8.875464816071636
-2.697033230690326E-7     -1.3304730261324239E-6   14.879566785716937
-3.2895060218214687E-7    -1.441101854166763E-6    13.79929199635007
-3.8819788129526106E-7    -1.5517306822011017E-6   12.719017206983397
-4.4744516040837535E-7    -1.6623595102354411E-6   11.71299997114958
-1.9484369292233893E-7    -1.4416208167821288E-6   15.007598257646327
-2.540909720354532E-7     -1.552249644816468E-6    13.927323468279706
-3.133382511485674E-7     -1.6628784728508067E-6   12.872699691858758
-1.1998406277564526E-7    -1.5527686074318334E-6   15.135629729577312
-1.792313418887595E-7     -1.6633974354661726E-6   14.032399412567777
-4.5124432628951576E-8    -1.6639163980815386E-6   15.192099133276754
-9.402779519115324E-7     -1.3275591329981019E-6   7.956032907755019
-9.999115831775692E-7     -1.4371379277811368E-6   7.099268347685035
-1.059545214443606E-6     -1.5467167225641718E-6   6.242503787615051
-1.1191788457096432E-6    -1.6562955173472071E-6   5.463062902710169
-8.655048891672043E-7     -1.438524185349354E-6    8.423964771353672
-9.251385204332412E-7     -1.548102980132389E-6    7.567200211283689
-9.847721516992782E-7     -1.657681774915424E-6    6.736249236170043
-7.907318264228763E-7     -1.549489237700606E-6    8.891896634952673
-8.503654576889132E-7     -1.659068032483641E-6    8.00943556963031
-7.159587636785483E-7     -1.6604542900518583E-6   9.282621903089712
6.946205272146911E-7      -1.7711145403536878E-6   20.05430575930083
5.625072117816858E-7      -1.7727137751242463E-6   19.142955733278313
4.303938963486803E-7      -1.7743130098948045E-6   18.209494318835056
2.9828058091567494E-7     -1.775912244665363E-6    17.27603290439133
1.661672654826696E-7      -1.7775114794359219E-6   16.27315109653916
6.396920006334989E-7      -1.8857898938632637E-6   19.02135714553301
5.075786852004935E-7      -1.887389128633822E-6    18.097388710336734
3.754653697674882E-7      -1.8889883634043806E-6   17.163927295893323
2.4335205433448283E-7     -1.890587598174939E-6    16.20740862925949
5.847634740523068E-7      -2.0004652473728397E-6   17.988408531764755
4.526501586193014E-7      -2.002064482143398E-6    17.051821687395204
3.20536843186296E-7       -2.0036637169139567E-6   16.141666161979977
5.298349474711147E-7      -2.1151406008824154E-6   16.955459917996833
3.977216320381093E-7      -2.116739835652974E-6    16.0759236947007
4.749064208899225E-7      -2.2298159543919915E-6   15.992737886162296
6.055180913223679E-7      -2.228076709087829E-6    16.719790323831788
7.361297617548132E-7      -2.2263374637836666E-6   17.404736129687095
8.667414321872586E-7      -2.224598218479504E-6    18.089681935542025
9.97353102619704E-7       -2.222858973175342E-6    18.774627741396756
6.6044661790356E-7        -2.113401355578253E-6    17.68805772059138
7.910582883360053E-7      -2.1116621102740906E-6   18.404911684086574
9.216699587684507E-7      -2.109922864969928E-6    19.12176564758172
7.153751444847521E-7      -1.998726002068677E-6    18.708387925186088
8.459868149171976E-7      -1.996986756764515E-6    19.425241888681125
7.703036710659442E-7      -1.884050648559101E-6    19.728718129780507
1.087075366782158E-6      -2.3386376355964986E-6   18.583016580287733
1.0461859605121667E-6     -2.456155543321817E-6    17.798265842152844
1.0052965542421751E-6     -2.573673451047136E-6    17.01351510401724
9.644071479721838E-7      -2.691191358772455E-6    16.228764365881997
9.235177417021924E-7      -2.808709266497774E-6    15.507138083202056
1.200453064602014E-6      -2.4339785700615893E-6   18.455236197151404
1.1595636583320227E-6     -2.5514964777869083E-6   17.679944025362367
1.1186742520620314E-6     -2.6690143855122273E-6   16.904651853573274
1.07778484579204E-6       -2.7865322932375466E-6   16.166451614284565
1.3138307624218703E-6     -2.529319504526681E-6    18.334233653769875
1.272941356151879E-6      -2.6468374122519995E-6   17.558941481981414
1.2320519498818876E-6     -2.764355319977319E-6    16.789975882603677
1.4272084602417265E-6     -2.624660438991772E-6    18.21323111038973
1.3863190539717352E-6     -2.742178346717091E-6    17.41350015092307
1.5405861580615828E-6     -2.7200013734568633E-6   18.03702441924201
9.564636963497125E-7      -2.3403768809006608E-6   17.93675677182938
8.258520259172672E-7      -2.342116126204823E-6    17.283719123615096
6.952403554848218E-7      -2.343855371508985E-6    16.63068147540066
5.646286850523765E-7      -2.3455946168131482E-6   15.91732056209098
9.155742900797211E-7      -2.4578947886259793E-6   17.14254746734765
7.849626196472758E-7      -2.459634033930142E-6    16.489509819133016
6.543509492148305E-7      -2.4613732792343046E-6   15.81784652483497
8.746848838097298E-7      -2.5754126963512983E-6   16.3483381628656
7.440732133772845E-7      -2.577151941655461E-6    15.718372487578465
8.337954775397385E-7      -2.6929306040766177E-6   15.618898450322831
1.3322832820599634E-6     -3.3376594167277686E-6   14.8319390581129
1.472497076131724E-6      -3.340502441545464E-6    15.155759341795644
1.6127108702034845E-6     -3.3433454663631597E-6   15.436700761384245
1.752924664275245E-6      -3.346188491180855E-6    15.717642180972732
1.8931384583470054E-6     -3.3490315159985507E-6   15.998583600561217
1.404797278078257E-6      -3.2096924134215423E-6   15.527033156875454
1.5450110721500173E-6     -3.212535438239238E-6    15.849163083457562
1.6852248662217778E-6     -3.215378463056933E-6    16.138483174916892
1.8254386602935382E-6     -3.2182214878746285E-6   16.427803266376145
1.4773112740965502E-6     -3.081725410115315E-6    16.269729811911585
1.6175250681683106E-6     -3.0845684349330107E-6   16.564467429041805
1.757738862240071E-6      -3.0874114597507063E-6   16.85378752050111
1.5498252701148436E-6     -2.953758406809089E-6    17.012426466947858
1.690039064186604E-6      -2.9566014316267845E-6   17.27977177462614
1.622339266133137E-6      -2.8257914035028622E-6   17.75512312198385
1.2505301739884093E-6     -3.23186938668177E-6     14.963587555029829
1.3230441700067026E-6     -3.103902383375543E-6    15.671553378010344
1.3955581660249958E-6     -2.9759353800693167E-6   16.441642342498504
1.4680721620432893E-6     -2.8479683767630904E-6   17.211731306986643
1.168777065916855E-6      -3.1260793566357707E-6   15.1015148801983
1.2412910619351483E-6     -2.998112353329544E-6    15.848883434268595
1.3138050579534417E-6     -2.8701453500233174E-6   16.618972398756796
1.0870239578453009E-6     -3.020289326589772E-6    15.239442205365943
1.1595379538635941E-6     -2.892322323283545E-6    16.026213490526526
1.0052708497737466E-6     -2.914499296543773E-6    15.377369530534605
1.9679612695146064E-6     -3.461243310729183E-6    15.768017502155777
1.902570286610447E-6      -3.570612080642119E-6    15.332359270721629
1.8371793037062874E-6     -3.6799808505550553E-6   14.896701039287617
1.7717883208021278E-6     -3.789349620467992E-6    14.461042807853504
1.7063973378979685E-6     -3.898718390380928E-6    14.05519130671574
2.0427656767415834E-6     -3.5707530226285262E-6   15.483983724359213
1.9773746938374237E-6     -3.6801217925414624E-6   15.073657152708535
1.9119837109332644E-6     -3.7894905624543986E-6   14.663330581057968
1.846592728029105E-6      -3.898859332367336E-6    14.260313429137769
2.1175700839685604E-6     -3.6802627345278695E-6   15.238853489778524
2.0521791010644007E-6     -3.789631504440806E-6    14.828526918127983
1.9867881181602413E-6     -3.899000274353742E-6    14.420904806476484
2.1923744911955374E-6     -3.7897724464272133E-6   14.9937232551982
2.126983508291378E-6      -3.89914121634015E-6     14.581496183815243
2.267178898422515E-6      -3.899282158326557E-6    14.74208756115385
1.6315745267303676E-6     -3.7865065956502964E-6   14.197508438252505
1.696965509634527E-6      -3.6771378257373593E-6   14.61237851521889
1.7623564925386863E-6     -3.567769055824423E-6    15.073368406436462
1.827747475442846E-6      -3.458400285911487E-6    15.534358297654023
1.5567517155627665E-6     -3.6742948009196642E-6   14.354181735180699
1.6221426984669258E-6     -3.564926031006728E-6    14.800805658718787
1.6875336813710854E-6     -3.455557261093792E-6    15.261795549936426
1.4819289043951654E-6     -3.5620830061890325E-6   14.510855032109042
1.5473198872993247E-6     -3.452714236276096E-6    14.989232802218439
1.4071060932275645E-6     -3.4498712114584003E-6   14.66752832903764
2.3417934613300448E-6     -4.010390816310818E-6    14.57031779951817
2.276212634106439E-6      -4.1213585323086715E-6   14.314731632189993
2.2106318068828324E-6     -4.232326248306526E-6    14.059145464861643
2.1450509796592264E-6     -4.343293964304379E-6    13.803559297533393
2.41451219576392E-6       -4.123023264106596E-6    14.355177071820082
2.3489313685403138E-6     -4.23399098010445E-6     14.125285164297145
2.2833505413167074E-6     -4.344958696102303E-6    13.895393256774193
2.2177697140931014E-6     -4.455926412100157E-6    13.668907307770157
2.4872309301977947E-6     -4.235655711902374E-6    14.18000663676737
2.421650102974189E-6      -4.346623427900228E-6    13.95011472924443
2.356069275750583E-6      -4.457591143898082E-6    13.722370230110394
2.55994966463167E-6       -4.348288159698153E-6    14.004836201714772
2.4943688374080638E-6     -4.459255875696006E-6    13.775833152450687
2.6326683990655456E-6     -4.460920607493931E-6    13.829296074790939
2.00485558952809E-6       -4.343153022317972E-6    13.652269869482184
2.0704364167516957E-6     -4.232185306320118E-6    13.891740820289064
2.136017243975302E-6      -4.121217590322264E-6    14.173021247422808
2.2015980711989084E-6     -4.010249874324411E-6    14.454301674556486
1.9302410266205593E-6     -4.2320443643337105E-6   13.749250870790075
1.9958218538441653E-6     -4.121076648335857E-6    14.017034829815577
2.0614026810677717E-6     -4.010108932338004E-6    14.298315256949202
1.8556264637130292E-6     -4.12093570634945E-6     13.846231872097734
1.921207290936635E-6      -4.0099679903515965E-6   14.142328839341895
1.7810119008054986E-6     -4.009827048365189E-6    13.943212873405464
2.43567222454362E-6       -4.783369403918816E-6    13.522372666353869
2.501337616050928E-6      -4.675886471777188E-6    13.624557238542522
2.567003007558237E-6      -4.568403539635559E-6    13.726741810731147
2.363038054393447E-6      -4.674221739979263E-6    13.57235286633233
2.4287034459007554E-6     -4.566738807837635E-6    13.67453743852097
2.290403884243274E-6      -4.56507407603971E-6     13.622333066310736
-3.887198615897794E-6     -1.7116663400851594E-6   -18.0879743354215
-3.989995574967011E-6     -1.7587286782152265E-6   -18.322117849292326
-4.092792534036227E-6     -1.8057910163452938E-6   -18.540357557632355
-4.195589493105444E-6     -1.8528533544753609E-6   -18.75859726597286
-4.2983864521746605E-6    -1.8999156926054286E-6   -18.905747264258068
-3.866477725961079E-6     -1.8335885067474961E-6   -17.21610654818587
-3.969274685030295E-6     -1.8806508448775634E-6   -17.43302005220422
-4.0720716440995115E-6    -1.9277131830076308E-6   -17.651259760544328
-4.174868603168728E-6     -1.974775521137698E-6    -17.847709715687735
-3.845756836024363E-6     -1.955510673409833E-6    -16.344238760950713
-3.948553795093579E-6     -2.0025730115399E-6      -16.543922255115273
-4.051350754162796E-6     -2.0496353496699675E-6   -16.78967216711673
-3.825035946087647E-6     -2.07743284007217E-6     -15.47237097371524
-3.927832905156864E-6     -2.1244951782022374E-6   -15.731634618546082
-3.8043150561509317E-6    -2.199355006734507E-6    -14.678711709456405
-3.763670871117778E-6     -1.7401567353845525E-6   -17.09681386645851
-3.7429499811810623E-6    -1.8620789020468893E-6   -16.242176089076384
-3.7222290912443464E-6    -1.9840010687092267E-6   -15.387538311694305
-3.7015082013076314E-6    -2.1059232353715634E-6   -14.580946914034865
-3.640143126337762E-6     -1.768647130683946E-6    -16.121557203026626
-3.6194222364010466E-6    -1.8905692973462828E-6   -15.266919425644744
-3.598701346464331E-6     -2.01249146400862E-6     -14.431656687186432
-3.516615381557746E-6     -1.7971375259833392E-6   -15.146300539595233
-3.4958944916210305E-6    -1.919059692645676E-6    -14.282366460337805
-3.3930876367777306E-6    -1.825627921282733E-6    -14.133076233489254
-4.771250336836569E-6     -2.1532006510382392E-6   -18.96444332190239
-4.658119813437021E-6     -2.2271044149761347E-6   -18.14803613918963
-4.5449892900374715E-6    -2.30100817891403E-6     -17.331628956477495
-4.431858766637923E-6     -2.3749119428519265E-6   -16.551508683725665
-4.655631197072688E-6     -2.0896403952814428E-6   -19.008006489681595
-4.542500673673139E-6     -2.1635441592193387E-6   -18.19159930696907
-4.429370150273591E-6     -2.237447923157234E-6    -17.38844380300003
-4.540012057308806E-6     -2.0260801395246463E-6   -19.05156965746087
-4.426881533909257E-6     -2.0999839034625426E-6   -18.22537892227472
-4.424392917544925E-6     -1.9625198837678507E-6   -19.062314041549463
-4.308340917631991E-6     -2.449771771384196E-6    -15.612823426124397
-4.182334452261726E-6     -2.3871675802217735E-6   -15.399553840953065
-4.056327986891461E-6     -2.3245633890593514E-6   -15.186284255781256
-3.930321521521196E-6     -2.261959197896929E-6    -14.973014670609803
-4.305852301267658E-6     -2.312307751689504E-6    -16.392957890030875
-4.179845835897393E-6     -2.2497035605270815E-6   -16.198120186375444
-4.0538393705271284E-6    -2.1870993693646595E-6   -16.00328248272035
-4.303363684903325E-6     -2.174843731994812E-6    -17.206857778088136
-4.177357219533061E-6     -2.11223954083239E-6     -17.012020074433103
-4.300875068538993E-6     -2.03737971230012E-6     -18.02075766614605
-3.275047550538253E-6     -2.287345654036934E-6    -11.230625715864656
-3.2780941968174886E-6    -2.1763157532135053E-6   -11.743975877010314
-3.2811408430967242E-6    -2.065285852390076E-6    -12.268117012616893
-3.2841874893759595E-6    -1.9542559515666473E-6   -12.792258148222672
-3.2872341356551947E-6    -1.843226050743218E-6    -13.316399283829046
-3.380901051660789E-6     -2.2697475245764488E-6   -11.935263313821874
-3.383947697940024E-6     -2.1587176237530193E-6   -12.455548345100025
-3.3869943442192593E-6    -2.0476877229295903E-6   -13.002068427004597
-3.3900409904984945E-6    -1.9366578221061613E-6   -13.548588508909715
-3.4867545527833247E-6    -2.252149395115963E-6    -12.634563600255113
-3.48980119906256E-6      -2.141119494292534E-6    -13.180029994652344
-3.4928478453417952E-6    -2.030089593469105E-6    -13.726550076557231
-3.59260805390586E-6      -2.2345512656554776E-6   -13.333863886689635
-3.595654700185095E-6     -2.1235213648320486E-6   -13.904511644204266
-3.6984615550283957E-6    -2.2169531361949924E-6   -14.033164173123247
-2.8132529602308612E-6    -2.151497824543483E-6    -8.619532006364624
-2.769959281106448E-6     -2.052381607720828E-6    -8.624163609445574
-2.7266656019820353E-6    -1.953265390898173E-6    -8.614622314597119
-2.6833719228576217E-6    -1.8541491740755181E-6   -8.60508101974896
-2.640078243733209E-6     -1.7550329572528632E-6   -8.59553972490163
-2.908658524571575E-6     -2.0676374896187443E-6   -9.640856251963392
-2.865364845447162E-6     -1.9685212727960894E-6   -9.651795244359382
-2.8220711663227486E-6    -1.8694050559734343E-6   -9.679755464401065
-2.7787774871983355E-6    -1.7702888391507794E-6   -9.70771568444267
-3.004064088912289E-6     -1.9837771546940053E-6   -10.690001873804684
-2.9607704097878755E-6    -1.8846609378713504E-6   -10.723572404018624
-2.917476730663463E-6     -1.7855447210486955E-6   -10.751532624060623
-3.0994696532530025E-6    -1.8999168197692666E-6   -11.739147495646176
-3.0561759741285893E-6    -1.8008006029466117E-6   -11.795349563678336
-3.1948752175937166E-6    -1.8160564848445278E-6   -12.788293117487981
-3.182688632476775E-6     -2.260176088138244E-6    -10.72835269750628
-3.0903297144152963E-6    -2.2330065222395534E-6   -10.212141114627013
-2.997970796353818E-6     -2.2058369563408633E-6   -9.695929531747845
-2.9056118782923393E-6    -2.178667390442173E-6    -9.179717948868303
-3.18573527875601E-6      -2.149146187314815E-6    -11.232133163756858
-3.093376360694531E-6     -2.1219766214161244E-6   -10.707381269040544
-3.001017442633053E-6     -2.0948070555174343E-6   -10.182629374324547
-3.1887819250352453E-6    -2.0381162864913854E-6   -11.733895353064364
-3.0964230069737672E-6    -2.0109467205926954E-6   -11.20914345834815
-3.1918285713144805E-6    -1.9270863856679564E-6   -12.235657542372069
-2.22268230341302E-6      -2.1740079453577276E-6   -4.111376258347238
-2.1629794647693295E-6    -2.068845316287234E-6    -3.7959044240497644
-2.1032766261256387E-6    -1.9636826872167396E-6   -3.4404628049498536
-2.0435737874819483E-6    -1.858520058146246E-6    -3.0850211858495076
-1.9838709488382575E-6    -1.7533574290757521E-6   -2.729579566749794
-2.297502755652175E-6     -2.070389704372224E-6    -4.946247929511828
-2.2377999170084843E-6    -1.96522707530173E-6     -4.633211600744911
-2.1780970783647935E-6    -1.860064446231236E-6    -4.309930932213546
-2.118394239721103E-6     -1.754901817160742E-6    -3.986650263681392
-2.3723232078913304E-6    -1.96677146338672E-6     -5.8302961881033095
-2.3126203692476396E-6    -1.861608834316226E-6    -5.515274541555401
-2.252917530603949E-6     -1.7564462052457323E-6   -5.191993873023635
-2.4471436601304857E-6    -1.863153222401216E-6    -6.714344446695778
-2.387440821486795E-6     -1.7579905933307221E-6   -6.397337482365892
-2.5219641123696405E-6    -1.7595349814157123E-6   -7.598392705287692
-2.6951388288672928E-6    -2.155999848706332E-6    -7.740456388189823
-2.5770246975037247E-6    -2.1605018728691807E-6   -6.836988762337507
-2.4589105661401563E-6    -2.1650038970320294E-6   -5.933521136484758
-2.3407964347765883E-6    -2.1695059211948785E-6   -5.030053510632442
-2.65184514974288E-6      -2.056883631883677E-6    -7.735232748080296
-2.533731018379311E-6     -2.0613856560465257E-6   -6.802156361969036
-2.415616887015743E-6     -2.0658876802093745E-6   -5.869079975857938
-2.6085514706184664E-6    -1.9577674150610217E-6   -7.688189938342059
-2.4904373392548984E-6    -1.962269439223871E-6    -6.755113552230798
-2.5652577914940537E-6    -1.858651198238367E-6    -7.641147128604454
3.172394277436999E-8      -1.7759499161938194E-6   15.301383134030562
-1.0238296648543794E-7    -1.7754309535784535E-6   14.193457882732245
-2.3648987574524586E-7    -1.7749119909630877E-6   13.08236470261158
-3.7059678500505375E-7    -1.7743930283477214E-6   11.971271522490596
-5.047036942648618E-7     -1.773874065732356E-6    10.80187554912116
-2.5534591082116372E-8    -1.8874644716907343E-6   14.375396130882702
-1.596415003419243E-7     -1.8869455090753685E-6   13.266378700419587
-2.937484096017322E-7     -1.8864265464600028E-6   12.155285520298447
-4.278553188615401E-7     -1.8859075838446368E-6   11.02449744335711
-8.279312493860271E-8     -1.9989790271876492E-6   13.449409127734764
-2.1690003419841065E-7    -1.9984600645722834E-6   12.339299518106614
-3.5100694345821856E-7    -1.9979411019569176E-6   11.247119337593418
-1.400516587950891E-7     -2.1104935826845646E-6   12.523422124587025
-2.74158568054897E-7      -2.1099746200691987E-6   11.469741231830078
-1.9731019265157543E-7    -2.2220081381814795E-6   11.659455637501056
-6.286686994327585E-8     -2.223569701423582E-6    12.558692096335234
7.157645276502378E-8      -2.225131264665684E-6    13.428746010979246
2.060197754733233E-7      -2.226692827907787E-6    14.298799925623456
3.4046309818162296E-7     -2.228254391149889E-6    15.168853840267586
-5.608336086789465E-9     -2.1120551459266666E-6   13.429046231180601
1.2883498662151014E-7     -2.113616709168769E-6    14.334561729102797
2.6327830932980966E-7     -2.1151782724108716E-6   15.240077227024676
5.1650197769696896E-8     -2.0005405904297517E-6   14.353941055164054
1.8609352047799647E-7     -2.002102153671854E-6    15.259456553086112
1.0890873162618324E-7     -1.8890260349328366E-6   15.278835879147191
-1.5518807999264449E-6    -2.195249784803523E-6    1.2526106886633113
-1.4922217478851576E-6    -2.0871816797986164E-6   1.7887095694381783
-1.43256269584387E-6      -1.97911357479371E-6     2.371282385517346
-1.372903643802583E-6     -1.8710454697888033E-6   2.953855201597382
-1.3132445917612955E-6    -1.7629773647838965E-6   3.5364280176769434
-1.6263382619800694E-6    -2.08583878784387E-6     0.5937539188979575
-1.566679209938782E-6     -1.9777706828389634E-6   1.127552335906398
-1.5070201578974944E-6    -1.8697025778340568E-6   1.6875588813037827
-1.4473611058562073E-6    -1.76163447282915E-6     2.2475654267010494
-1.7007957240336937E-6    -1.9764277908842173E-6   -0.11707463262877751
-1.6411366719924062E-6    -1.8683596858793104E-6   0.43344822204889344
-1.5814776199511192E-6    -1.7602915808744038E-6   0.9934547674461648
-1.7752531860873183E-6    -1.867016793924564E-6    -0.8279031841551968
-1.7155941340460308E-6    -1.7589486889196574E-6   -0.2606558918090452
-1.8497106481409426E-6    -1.757605796964911E-6    -1.5387317356811425
-1.909413486784633E-6     -1.862768426035405E-6    -1.9502994899653883
-1.9691163254283235E-6    -1.967931055105899E-6    -2.3379020596340045
-2.0288191640720143E-6    -2.0730936841763926E-6   -2.7255046293016734
-2.088522002715705E-6     -2.1782563132468866E-6   -3.057191735335973
-1.8349560247310086E-6    -1.972179422995058E-6    -1.2227465007714353
-1.8946588633746994E-6    -2.077342052065552E-6    -1.6103490704394199
-1.9543617020183896E-6    -2.1825046811360456E-6   -1.9804075086730555
-1.760498562677384E-6     -2.081590419954711E-6    -0.4951935115764059
-1.8202014013210749E-6    -2.186753049025205E-6    -0.9036232820100984
-1.68604110062376E-6      -2.191001416914364E-6    0.17316094465270068
-6.403657440166231E-7     -1.7716800893989347E-6   9.677795702980562
-7.74772438026988E-7      -1.7702938318307174E-6   8.439675427885618
-9.09179132037353E-7      -1.7689075742625004E-6   7.217999184634467
-1.043585826047718E-6     -1.7675213166942835E-6   5.996322941383712
-1.1779925200580831E-6    -1.7661350591260666E-6   4.731974384863357
-6.991794183650628E-7     -1.881519631177794E-6    8.900874147916783
-8.335861123754277E-7     -1.8801333736095768E-6   7.673935548141999
-9.679928063857928E-7     -1.87874711604136E-6     6.45225930489152
-1.1023995003961578E-6    -1.877360858473143E-6    5.216434084335204
-7.579930927135026E-7     -1.9913591729566536E-6   8.12395259285324
-8.923997867238676E-7     -1.9899729153884363E-6   6.908195668399632
-1.0268064807342326E-6    -1.9885866578202194E-6   5.700893783806894
-8.168067670619423E-7     -2.101198714735513E-6    7.34703103778954
-9.512134610723073E-7     -2.099812457167296E-6    6.185353483278662
-8.756204414103821E-7     -2.2110382565143726E-6   6.625512200248438
-7.399583916586208E-7     -2.213232232847794E-6    7.649696788827448
-6.042963419068595E-7     -2.2154262091812156E-6   8.660074151054795
-4.686342921550981E-7     -2.2176201855146365E-6   9.670451513282892
-3.329722424033368E-7     -2.219814161848058E-6    10.68082887551012
-6.811447173101811E-7     -2.1033926910689344E-6   8.379263064721403
-5.454826675584196E-7     -2.1055866674023557E-6   9.428596085769506
-4.098206178066583E-7     -2.107780643735777E-6    10.477929106818289
-6.223310429617412E-7     -1.993553149290075E-6    9.16736629510522
-4.866689932099799E-7     -1.9957471256234963E-6   10.21669931615356
-5.635173686133014E-7     -1.8837136075112153E-6   9.95546952548908
-1.2376515720993702E-6    -1.8742031641309731E-6   4.084162984832257
-1.2973106241406577E-6    -1.9822712691358797E-6   3.479023898070872
-1.3569696761819448E-6    -2.0903393741407862E-6   2.8738848113094875
-1.4166287282232323E-6    -2.1984074791456928E-6   2.327883120477643
-1.162058552437445E-6     -1.9854289634780495E-6   4.597146020267669
-1.2217176044787324E-6    -2.093497068482956E-6    3.9920069335061266
-1.2813766565200197E-6    -2.201565173487863E-6    3.4059124451256553
-1.0864655327755199E-6    -2.096654762825126E-6    5.110129055703177
-1.1461245848168072E-6    -2.204722867830033E-6    4.483941769774851
-1.0108725131135948E-6    -2.2078805621722027E-6   5.561971094423178
4.2025314790693364E-7     -2.341882237942657E-6    15.167896458117955
2.85809825198634E-7       -2.3403206747005544E-6   14.34356435022949
1.5136650249033438E-7     -2.338759111458452E-6    13.50897201886303
1.6923179782034828E-8     -2.3371975482163494E-6   12.67437968749673
-1.1752014292626477E-7    -2.3356359849742474E-6   11.786270529353773
3.6559987492394466E-7     -2.4539485214933226E-6   14.402605003146135
2.3115655221564506E-7     -2.4523869582512197E-6   13.570118920887229
9.671322950734548E-8      -2.4508253950091177E-6   12.73552658952077
-3.773009320095407E-8     -2.449263831767015E-6    11.882815505381641
3.109466019409558E-7      -2.566014805043988E-6    13.637313548174712
1.7650327923265616E-7     -2.564453241801885E-6    12.796673491545171
4.2059956524356586E-8     -2.562891678559783E-6    11.97936048140947
2.5629332895796687E-7     -2.6780810885946534E-6   12.872022093202894
1.2185000624966727E-7     -2.676519525352551E-6    12.075905457437024
2.0164005597497795E-7     -2.7901473721453187E-6   12.156859041549735
3.4601559312042085E-7     -2.7938597510158097E-6   12.866893594659707
4.903911302658637E-7      -2.7975721298863007E-6   13.540696137534237
6.347666674113066E-7      -2.8012845087567916E-6   14.21449868040839
7.791422045567495E-7      -2.804996887627283E-6    14.888301223282841
4.0066886610340977E-7     -2.6817934674651443E-6   13.585584855193199
5.450444032488527E-7      -2.6855058463356353E-6   14.28494591754948
6.894199403942956E-7      -2.6892182252061263E-6   14.984306979905691
4.553221390863987E-7      -2.569727183914479E-6    14.34272233579409
5.996976762318416E-7      -2.57343956278497E-6     15.042083398150412
5.099754120693876E-7      -2.4576609003638136E-6   15.099859816395307
8.610097478457624E-7      -2.9156925257550043E-6   14.831322337966746
7.985017539893323E-7      -3.022675785012234E-6    14.203582185360052
7.359937601329023E-7      -3.129659044269464E-6    13.575842032753002
6.73485766276472E-7       -3.2366423035266943E-6   12.948101880146147
6.10977772420042E-7       -3.343625562783924E-6    12.357203074723456
9.427628559173166E-7      -3.0214825558010028E-6   14.708728442801878
8.802548620608863E-7      -3.1284658150582326E-6   14.096172406831302
8.177468682044564E-7      -3.2354490743154625E-6   13.483616370860657
7.552388743480263E-7      -3.342432333572693E-6    12.893507014542013
1.0245159639888708E-6     -3.1272725858470017E-6   14.610203848723218
9.620079701324406E-7      -3.234255845104232E-6    13.997647812752664
8.994999762760107E-7      -3.341239104361462E-6    13.39195002253993
1.1062690720604247E-6     -3.2330626158930006E-6   14.51167925464547
1.0437610782039949E-6     -3.340045875150231E-6    13.8903930305383
1.1880221801319793E-6     -3.338852645939E-6       14.388836038536079
5.291102291310292E-7      -3.2329299246562033E-6   12.324647712866348
5.916182229874594E-7      -3.1259466653989726E-6   12.92129907717513
6.541262168438893E-7      -3.0189634061417428E-6   13.564223346418142
7.166342107003195E-7      -2.911980146884513E-6    14.207147615661391
4.472426858420164E-7      -3.122234286528482E-6    12.286841177014459
5.097506796984464E-7      -3.015251027271252E-6    12.915979323026242
5.722586735548766E-7      -2.908267768014022E-6    13.558903592269388
3.653751425530036E-7      -3.0115386484007612E-6   12.249034641162531
4.2788313640943364E-7     -2.9045553891435305E-6   12.910659568876882
2.8350759926399074E-7     -2.9008430102730396E-6   12.211228105310525
1.2660120339184482E-6     -3.4492049165680508E-6   14.303026208078672
1.1997407857769325E-6     -3.5607504164083325E-6   13.810713393887225
1.133469537635417E-6      -3.6722959162486143E-6   13.318400579695739
1.0671982894939015E-6     -3.7838414160888965E-6   12.826087765504283
1.000927041352386E-6      -3.895386915929178E-6    12.364498103558796
1.340834845086049E-6      -3.5614167112986825E-6   14.146096118964403
1.2745635969445333E-6     -3.6729622111389643E-6   13.673805634354517
1.2082923488030179E-6     -3.784507710979246E-6    13.201515149744532
1.1420211006615026E-6     -3.896053210819529E-6    12.742282706793109
1.41565765625365E-6       -3.6736285060293143E-6   14.021176668607287
1.3493864081121344E-6     -3.7851740058695965E-6   13.548886183997615
1.283115159970619E-6      -3.896719505709878E-6    13.081710897348165
1.490480467421251E-6      -3.785840300759946E-6    13.896257218250796
1.4242092192797355E-6     -3.897385800600228E-6    13.421139087903516
1.5653032785888521E-6     -3.898052095490579E-6    13.760567278458574
9.229371875659173E-7      -3.785034645300128E-6    12.358228642210463
9.892084357074326E-7      -3.6734891454598453E-6   12.827511985186208
1.055479683848948E-6      -3.5619436456195635E-6   13.339847128959292
1.1217509319904636E-6     -3.4503981457792817E-6   13.85218227273238
8.449473337794484E-7      -3.6746823746710766E-6   12.35814383924667
9.112185819209639E-7      -3.563136874830795E-6    12.856992554855553
9.774898300624794E-7      -3.451591374990513E-6    13.369327698628679
7.669574799929797E-7      -3.564330104042026E-6    12.358059036282969
8.332287281344951E-7      -3.4527846042017436E-6   12.886473124524743
6.889676262065108E-7      -3.453977833412975E-6    12.357974233319208
1.6408744434123847E-6     -4.009054827572469E-6    13.704834253326943
1.5753515489268012E-6     -4.119391264764009E-6    13.384651779630676
1.5098286544412175E-6     -4.22972770195555E-6     13.064469305934566
1.444305759955634E-6      -4.34006413914709E-6     12.744286832238426
1.7154890063199153E-6     -4.12016348555673E-6     13.60205453230117
1.6499661118343313E-6     -4.23049992274827E-6     13.304025739526141
1.5844432173487478E-6     -4.3408363599398105E-6   13.005996946750964
1.5189203228631643E-6     -4.45117279713135E-6     12.713635443054557
1.7901035692274454E-6     -4.2312721435409905E-6   13.53338653921202
1.724580674741862E-6      -4.3416085807325305E-6   13.235357746436927
1.6590577802562782E-6     -4.451945017924071E-6    12.93966799595568
1.8647181321349756E-6     -4.342380801525251E-6    13.464718546122935
1.799195237649392E-6      -4.452717238716791E-6    13.165700548857295
1.939332695042506E-6      -4.453489459509512E-6    13.391733101758685
1.3032117006465175E-6     -4.33939784425674E-6     12.419389340108022
1.368734595132101E-6      -4.2290614070652E-6      12.722788325171775
1.4342574896176846E-6     -4.118724969873659E-6    13.065124479788869
1.4997803841032682E-6     -4.008388532682118E-6    13.407460634406002
1.2276405358229845E-6     -4.22839511217485E-6     12.403682234615154
1.293163430308568E-6      -4.118058674983309E-6    12.733639132931643
1.3586863247941518E-6     -4.007722237791768E-6    13.075975287548843
1.1520693709994517E-6     -4.117392380092959E-6    12.387975129121854
1.2175922654850352E-6     -4.007055942901418E-6    12.744489940691508
1.0764982061759188E-6     -4.006389648011069E-6    12.372268023628944
1.7384967478039136E-6     -4.780932451328171E-6    12.845711832786344
1.805442063550111E-6      -4.671784787388618E-6    13.026279772018821
1.8723873792963083E-6     -4.562637123449065E-6    13.206847711251283
1.6653046061569969E-6     -4.671012566595897E-6    12.80357546590201
1.7322499219031947E-6     -4.561864902656345E-6    12.984143405134342
1.5921124645100806E-6     -4.561092681863624E-6    12.76143909901731
-3.3156960322538086E-6    -2.357764216002959E-6    -11.199351306283697
-3.421549533376344E-6     -2.3401660865424734E-6   -11.902006974034245
-3.5274030344988796E-6    -2.322567957081988E-6    -12.57612589734975
-3.633256535621415E-6     -2.3049698276215027E-6   -13.250244820665014
-3.7391100367439515E-6    -2.2873716981610175E-6   -13.894059655016658
-3.3563445139693644E-6    -2.4281827779689837E-6   -11.15897591011319
-3.4621980150918994E-6    -2.410584648508498E-6    -11.842515583620951
-3.5680515162144354E-6    -2.392986519048013E-6    -12.51663450693618
-3.6739050173369713E-6    -2.3753883895875278E-6   -13.176354029557526
-3.3969929956849193E-6    -2.4986013399350087E-6   -11.118600513942011
-3.502846496807455E-6     -2.481003210474523E-6    -11.783024193206936
-3.608699997929991E-6     -2.463405081014038E-6    -12.458648404097682
-3.437641477400475E-6     -2.5690199019010334E-6   -11.078225117771858
-3.543494978523011E-6     -2.5514217724405482E-6   -11.740942778638608
-3.4782899591160307E-6    -2.6394384638670585E-6   -11.038095921759975
-3.93582830743327E-6      -2.852623671983034E-6    -12.35988610439116
-3.909525657176803E-6     -2.7219699389333286E-6   -12.792753201454612
-3.8832230069203345E-6    -2.591316205883623E-6    -13.255232336936913
-3.856920356663866E-6     -2.4606624728339177E-6   -13.71771147241866
-3.830617706407399E-6     -2.330008739784212E-6    -14.180190607900883
-4.035532122547067E-6     -2.7845741300957507E-6   -13.041946007970376
-4.009229472290599E-6     -2.653920397046045E-6    -13.486971364090994
-3.982926822034132E-6     -2.52326666399634E-6     -13.9751423927978
-3.9566241717776636E-6    -2.3926129309466346E-6   -14.463313421504678
-4.1352359376608645E-6    -2.7165245882084675E-6   -13.725707913338237
-4.108933287404396E-6     -2.585870855158762E-6    -14.206843859485453
-4.082630637147929E-6     -2.455217122109057E-6    -14.69501488819273
-4.234939752774661E-6     -2.6484750463211843E-6   -14.409469818706336
-4.2086371025181935E-6    -2.5178213132714787E-6   -14.926716354880298
-4.334643567888458E-6     -2.580425504433901E-6    -15.09323172407424
-3.5697976287794787E-6    -2.6820755054902535E-6   -11.321659517381189
-3.6350026481864584E-6    -2.5940588140637432E-6   -12.023366449416768
-3.7002076675934386E-6    -2.5060421226372326E-6   -12.725167386606453
-3.765412687000419E-6     -2.4180254312107223E-6   -13.426968323795625
-3.661305298442926E-6     -2.7247125471134484E-6   -11.59228416795569
-3.7265103178499064E-6    -2.636695855686938E-6    -12.288380144349658
-3.7917153372568866E-6    -2.548679164260428E-6    -12.99018108153877
-3.752812968106374E-6     -2.767349588736644E-6    -11.862908818530585
-3.818017987513354E-6     -2.679332897310133E-6    -12.553393839281853
-3.844320637769822E-6     -2.809986630359839E-6    -12.13353346910528
-4.77512506095868E-6      -2.8574322534033515E-6   -15.091517163819189
-4.663380645316908E-6     -2.926675028583096E-6    -14.508246598809249
-4.551636229675137E-6     -2.9959178037628403E-6   -13.92497603379933
-4.439891814033366E-6     -3.0651605789425853E-6   -13.356112662791801
-4.66199453755913E-6      -2.7884788744841046E-6   -15.109196420094886
-4.55025012191736E-6      -2.857721649663849E-6    -14.52592585508527
-4.438505706275588E-6     -2.926964424843593E-6    -13.944734709075671
-4.548864014159582E-6     -2.7195254955648573E-6   -15.126875676371386
-4.437119598517811E-6     -2.788768270744602E-6    -14.5333567553599
-4.435733490760033E-6     -2.65057211664561E-6     -15.121978801643534
-4.036918230304845E-6     -2.9227702841947426E-6   -12.481733479009431
-4.136622045418642E-6     -2.8547207423074594E-6   -13.156448724616034
-4.236325860532439E-6     -2.786671200420176E-6    -13.80410003995743
-4.336029675646236E-6     -2.7186216585328927E-6   -14.4517513552989
-4.1380081531764194E-6    -2.9929168964064514E-6   -12.574100090640695
-4.237711968290217E-6     -2.9248673545191678E-6   -13.227805768675687
-4.337415783404014E-6     -2.856817812631885E-6    -13.875457084016801
-4.239098076047995E-6     -3.0630635086181593E-6   -12.666466702271602
-4.338801891161791E-6     -2.995013966730876E-6    -13.29916281273457
-4.340187998919569E-6     -3.1332101208298685E-6   -12.758833313902848
-3.3837771884306328E-6    -2.6527258227214975E-6   -10.487401962291937
-3.2892644177452344E-6    -2.6660131815759365E-6   -9.925560231522145
-3.194751647059836E-6     -2.6793005404303747E-6   -9.363718500752114
-3.1002388763744385E-6    -2.692587899284814E-6    -8.80187676998153
-3.00572610568904E-6      -2.7058752581392527E-6   -8.216792761284568
-3.343128706715077E-6     -2.5823072607554724E-6   -10.528672312157633
-3.248615936029679E-6     -2.5955946196099114E-6   -9.950308268248003
-3.1541031653442807E-6    -2.6088819784643496E-6   -9.37194422433814
-3.059590394658883E-6     -2.6221693373187894E-6   -8.78469916586695
-3.3024802249995213E-6    -2.5118886987894473E-6   -10.549931714083954
-3.2079674543141234E-6    -2.5251760576438863E-6   -9.971567670174739
-3.1134546836287254E-6    -2.5384634164983253E-6   -9.391784331322643
-3.261831743283966E-6     -2.4414701368234222E-6   -10.571191116011736
-3.167318972598568E-6     -2.4547574956778613E-6   -9.99886949677861
-3.2211832615684107E-6    -2.371051574857398E-6    -10.605954662234659
-3.128824343506932E-6     -2.3438820089587075E-6   -10.111787535487935
-3.074960054537089E-6     -2.427587929779171E-6    -9.497240650412836
-3.0210957655672465E-6    -2.511293850599635E-6    -8.882693765337196
-2.9672314765974047E-6    -2.594999771420099E-6    -8.3005865364877
-3.0364654254454537E-6    -2.316712443060017E-6    -9.604116264445711
-2.982601136475611E-6     -2.400418363880481E-6    -8.989569379370398
-2.9287368475057684E-6    -2.4841242847009444E-6   -8.381180246098046
-2.944106507383975E-6     -2.289542877161327E-6    -9.096444993403848
-2.890242218414133E-6     -2.373248797981791E-6    -8.461773955709141
-2.851747589322497E-6     -2.262373311262637E-6    -8.542367665319723
-2.2707818858041563E-6    -2.2779338548359555E-6   -4.2938649994875915
-2.3888960171677243E-6    -2.2734318306731063E-6   -5.207245006920116
-2.5070101485312924E-6    -2.2689298065102576E-6   -6.081103872513566
-2.625124279894861E-6     -2.2644277823474085E-6   -6.954962738107805
-2.7432384112584293E-6    -2.25992575818456E-6     -7.821070212565909
-2.3188814681952924E-6    -2.3818597643141833E-6   -4.449776856852909
-2.4369955995588604E-6    -2.377357740151334E-6    -5.337429392059786
-2.555109730922429E-6     -2.3728557159884855E-6   -6.211288257653629
-2.6732238622859973E-6    -2.3683536918256368E-6   -7.080755676321305
-2.366981050586429E-6     -2.485785673792411E-6    -4.6056887142177105
-2.485095181949997E-6     -2.481283649629562E-6    -5.467613777199052
-2.6032093133135654E-6    -2.476781625466713E-6    -6.340441140076148
-2.415080632977565E-6     -2.589711583270639E-6    -4.761600571584369
-2.5331947643411334E-6    -2.5852095591077903E-6   -5.600126603831465
-2.4631802153687015E-6    -2.693637492748867E-6    -4.900497914419379
-2.8972169276249727E-6    -2.703427705061176E-6    -7.571547209612651
-2.7887077495609045E-6    -2.7009801519830984E-6   -6.909319905970875
-2.680198571496837E-6     -2.698532598905021E-6    -6.247092602329021
-2.571689393432769E-6     -2.696085045826944E-6    -5.584865298687365
-2.8587222985333365E-6    -2.5925522183420214E-6   -7.650383405866154
-2.7502131204692686E-6    -2.5901046652639442E-6   -6.9677406190181275
-2.6417039424052012E-6    -2.587657112185867E-6    -6.285097832170627
-2.8202276694417006E-6    -2.4816767316228672E-6   -7.704695211053618
-2.7117184913776328E-6    -2.4792291785447905E-6   -7.022052424206237
-2.7817330403500647E-6    -2.3708012449037135E-6   -7.759007016242373
-2.3419101470149404E-6    -2.700021751335463E-6    -4.105466098559338
-2.2206400786611794E-6    -2.706406009922058E-6    -3.293626775799254
-2.099370010307418E-6     -2.7127902685086542E-6   -2.4817874530390913
-1.9780999419536573E-6    -2.7191745270952495E-6   -1.6699481302792047
-1.856829873599896E-6     -2.7255587856818455E-6   -0.8506801562789793
-2.293810564623804E-6     -2.5960958418572347E-6   -3.960907442670273
-2.172540496270043E-6     -2.6024801004438303E-6   -3.12255303891748
-2.051270427916282E-6     -2.6088643590304264E-6   -2.2841986351648362
-1.930000359562521E-6     -2.615248617617022E-6    -1.4612863815961012
-2.245710982232668E-6     -2.4921699323790064E-6   -3.7792681130785994
-2.124440913878907E-6     -2.4985541909656025E-6   -2.9409137093258835
-2.0031708455251458E-6    -2.5049384495521985E-6   -2.1100139979746384
-2.1976113998415314E-6    -2.388244022900779E-6    -3.5976287834873966
-2.0763413314877703E-6    -2.3946282814873746E-6   -2.7587416143536094
-2.1495118174503953E-6    -2.284318113422551E-6    -3.4074692307325023
-1.7958400588652061E-6    -2.619496985506181E-6    -0.46742345872153124
-1.7348502441305155E-6    -2.5134351853305165E-6   -0.049718644107280344
-1.6738604293958254E-6    -2.407373385154852E-6    0.367986170507957
-1.6128706146611352E-6    -2.3013115849791874E-6   0.7856909851226025
-1.8690105448278304E-6    -2.5091868174413575E-6   -1.0790557959137805
-1.8080207300931403E-6    -2.403125017265693E-6    -0.6813830600470311
-1.7470309153584501E-6    -2.2970632170900285E-6   -0.283710324179721
-1.942181030790455E-6     -2.3988766493765336E-6   -1.7197959545091923
-1.881191216055765E-6     -2.292814849200869E-6    -1.3221232186423637
-2.01535151675308E-6      -2.28856648131171E-6     -2.3605361131054643
-4.888421446989824E-7     -2.7738855202305935E-6   8.17876785432731
-3.507457045641903E-7     -2.7771378906135386E-6   8.997808033714485
-2.1264926442939824E-7    -2.7803902609964838E-6   9.795962254525655
-7.455282429460617E-8     -2.7836426313794285E-6   10.594116475337177
6.354361584018591E-8      -2.7868950017623736E-6   11.392270696148227
-4.30535754289501E-7      -2.663510043820771E-6    8.825858632052398
-2.924393141547089E-7     -2.6667624142037155E-6   9.649661264865482
-1.543428740199168E-7     -2.6700147845866602E-6   10.47596846080098
-1.6246433885124768E-8    -2.6732671549696058E-6   11.302275656736319
-3.722293638800196E-7     -2.553134567410948E-6    9.518735375225681
-2.3413292374522748E-7    -2.556386937793893E-6    10.344025410769598
-9.603648361043545E-8     -2.559639308176838E-6    11.17033260670472
-3.139229734705382E-7     -2.4427590910011254E-6   10.211612118398843
-1.758265333357461E-7     -2.44601146138407E-6     11.038389556673556
-2.5561658306105684E-7    -2.3323836145913022E-6   10.904488861572244
-3.9127863281281817E-7    -2.330189638257881E-6    9.931109513095453
-5.269406825645795E-7     -2.327995661924459E-6    8.959687809688516
-6.626027323163408E-7     -2.3258016855910383E-6   7.988266106281421
-7.982647820681022E-7     -2.3236077092576166E-6   6.974401730214625
-4.4958502322229955E-7    -2.4405651146677036E-6   9.239720172652532
-5.852470729740609E-7     -2.4383711383342823E-6   8.268298469245439
-7.209091227258222E-7     -2.436177162000861E-6    7.282376761482542
-5.078914136317809E-7     -2.5509405910775264E-6   8.54833083221002
-6.435534633835423E-7     -2.548746614744105E-6    7.590351792750814
-5.661978040412623E-7     -2.6613160674873495E-6   7.898326824018692
-1.178398531220797E-6     -2.757789661482944E-6    3.7249920007374535
-1.1178429132587142E-6    -2.6484393804892298E-6   4.260173086174312
-1.0572872952966311E-6    -2.5390890994955155E-6   4.836980812479647
-9.96731677334548E-7      -2.429738818501801E-6    5.413788538785139
-9.361760593724651E-7     -2.320388537508087E-6    5.990596265090633
-1.2530949849619265E-6    -2.64528168614706E-6     3.268640257916457
-1.1925393669998435E-6    -2.5359314051533456E-6   3.8046620495962986
-1.1319837490377605E-6    -2.4265811241596313E-6   4.370051398966899
-1.0714281310756776E-6    -2.317230843165917E-6    4.935440748337697
-1.3277914387030563E-6    -2.5327737108111758E-6   2.776917728766381
-1.2672358207409732E-6    -2.423423429817461E-6    3.332114871866567
-1.2066802027788902E-6    -2.314073148823747E-6    3.8975042212373485
-1.4024878924441856E-6    -2.4202657354752916E-6   2.2851951996158317
-1.3419322744821026E-6    -2.310915454481577E-6    2.859567694136717
-1.4771843461853153E-6    -2.307757760139407E-6    1.7934726704659136
-8.588204000301852E-7     -2.4329579902513313E-6   6.343732954315132
-9.19376017992268E-7      -2.542308271245045E-6    5.755506851074707
-9.79931635954351E-7      -2.65165855223876E-6     5.167280747834104
-1.040487253916434E-6     -2.7610088332324738E-6   4.624476934340011
-7.814647406879052E-7     -2.545527442994575E-6    6.679650653886481
-8.420203586499882E-7     -2.6548777239882896E-6   6.0914245506460505
-9.025759766120711E-7     -2.764228004982004E-6    5.518266061866173
-7.041090813456252E-7     -2.6580968957378193E-6   7.015568353458293
-7.646646993077082E-7     -2.7674471767315336E-6   6.412055189392492
-6.267534220033452E-7     -2.770666348481064E-6    7.3058443169186535
-1.5381741609200055E-6    -2.4138195603150716E-6   1.3275772805332249
-1.5991639756546956E-6    -2.519881360490736E-6    0.8898403871703758
-1.6601537903893858E-6    -2.6259431606664006E-6   0.45210349380736903
-1.7211436051240764E-6    -2.732004960842065E-6    0.059926784223654654
-1.4634777071788757E-6    -2.5263275356509557E-6   1.8384751611031322
-1.5244675219135663E-6    -2.6323893358266202E-6   1.400738267740599
-1.5854573366482565E-6    -2.738451136002285E-6    0.9780795047661145
-1.3887812534377464E-6    -2.6388355109868403E-6   2.349373041674128
-1.4497710681724366E-6    -2.744897311162505E-6    1.8962322253093635
-1.314084799696617E-6     -2.7513434863227244E-6   2.8143849458518235
-4.765196989939377E-6     -3.5758558830185247E-6   -12.447719872513815
-4.642138395520524E-6     -3.6538975622858776E-6   -11.970779276283219
-4.519079801101672E-6     -3.731939241553231E-6    -11.49383868005277
-4.396021206682821E-6     -3.8099809208205845E-6   -11.023058560451748
-4.653452574297605E-6     -3.5022415153411256E-6   -12.410871491489232
-4.530393979878754E-6     -3.5802831946084793E-6   -11.933930895258811
-4.407335385459902E-6     -3.6583248738758326E-6   -11.458054371689538
-4.541708158655834E-6     -3.428627147663727E-6    -12.374023110464924
-4.418649564236982E-6     -3.5066688269310807E-6   -11.893050182927496
-4.4299637430140635E-6    -3.355012779986329E-6    -12.328045994165414
-4.517711832236593E-6     -4.440625547999098E-6    -10.285209175947303
-4.48446063115388E-6      -4.320878402940658E-6    -10.368785500897983
-4.451209430071166E-6     -4.2011312578822175E-6   -10.452361825848882
-4.417958228988453E-6     -4.081384112823776E-6    -10.535938150799641
-4.607519225572732E-6     -4.385693866530447E-6    -10.51972199151138
-4.574268024490018E-6     -4.265946721472006E-6    -10.61594725079058
-4.541016823407305E-6     -4.146199576413566E-6    -10.712172510069582
-4.6973266189088694E-6    -4.330762185061797E-6    -10.764018358718742
-4.664075417826157E-6     -4.2110150400033554E-6   -10.86024361799782
-4.787134012245009E-6     -4.275830503593145E-6    -11.008314725926073
1.4307072459831205E-7     -2.8993662113064617E-6   11.517595717948586
8.450139322164612E-8      -3.008585050467604E-6    10.930155796498413
2.593206184498021E-8      -3.1178038896287467E-6   10.34271587504828
-3.263726953168571E-8     -3.2270227287898896E-6   9.755275953598087
-9.120660090835162E-8     -3.336241567951032E-6    9.203522172763858
2.2493826788732484E-7     -3.0100618494341825E-6   11.578507998238859
1.6636893651065894E-7     -3.1192806885953254E-6   10.996975331341295
1.0779960513399301E-7     -3.228499527756468E-6    10.415442664443741
4.923027375732711E-8      -3.337718366917611E-6    9.861796460529334
3.068058111763376E-7      -3.1207574875619038E-6   11.648801315793353
2.482364797996717E-7      -3.2299763267230463E-6   11.067268648896068
1.8966714842300583E-7     -3.339195165884189E-6    10.494686861965798
3.886733544653505E-7      -3.2314531256896246E-6   11.719094633348561
3.3010402308868457E-7     -3.340671964850767E-6    11.127577263402735
4.705408977543633E-7      -3.3421487638173463E-6   11.7604676648391
-1.7073370966647777E-7    -3.223770358406945E-6    9.01516533176095
-1.1216437828981185E-7    -3.114551519245802E-6    9.57028115752011
-5.359504691314593E-8     -3.005332680084659E-6    10.163628333523109
4.9742844635199735E-9     -2.896113840923516E-6    10.756975509526406
-2.5026081842460393E-7    -3.111299148862857E-6    8.812296056235125
-1.91691487047938E-7      -3.002080309701714E-6    9.39362708783611
-1.3312215567127207E-7    -2.8928614705405714E-6   9.98697426383906
-3.2978792718273004E-7    -2.9988279393187688E-6   8.609426780709143
-2.7121859580606414E-7    -2.889609100157626E-6    9.216973018151464
-4.093150359408562E-7     -2.886356729774681E-6    8.406557505182725
5.484706312829237E-7      -3.4535559567759412E-6   11.827192400708505
4.859634901458054E-7      -3.563486350767958E-6    11.34029383250843
4.2345634900868706E-7     -3.6734167447599745E-6   10.853395264308434
3.6094920787156873E-7     -3.783347138751991E-6    10.366496696108495
2.9844206673445046E-7     -3.893277532744008E-6    9.908039044457672
6.264604850693925E-7      -3.5639082274049916E-6   11.837705747743692
5.639533439322742E-7      -3.6738386213970087E-6   11.363081579269895
5.014462027951559E-7      -3.783769015389025E-6    10.888457410795908
4.389390616580376E-7      -3.893699409381042E-6    10.430561212677617
7.044503388558613E-7      -3.6742604980340424E-6   11.867355923340472
6.41943197718743E-7       -3.7841908920260595E-6   11.392731754866547
5.794360565816247E-7      -3.894121286018076E-6    10.923710519814838
7.824401926423301E-7      -3.7846127686630933E-6   11.897006098937235
7.199330515052118E-7      -3.89454316265511E-6     11.41685982695261
8.60430046428799E-7       -3.894965039292145E-6    11.910009134089869
2.2051233320589005E-7     -3.7818703397854132E-6   9.770572635056473
2.830194743430084E-7      -3.671939945793396E-6    10.234028474996736
3.4552661548012665E-7     -3.5620095518013795E-6   10.733201442922711
4.08033756617245E-7       -3.4520791578093625E-6   11.232374410848474
1.4258259967732963E-7     -3.6704631468268174E-6   9.631319116721485
2.0508974081444788E-7     -3.5605327528348012E-6   10.119246624502317
2.6759688195156624E-7     -3.450602358842784E-6    10.618419592428145
6.465286614876921E-8      -3.5590559538682225E-6   9.49206559838662
1.271600072858875E-7      -3.449125559876206E-6    10.004464774007449
-1.3276867379791218E-8    -3.4476487609096275E-6   9.352812080051672
9.362404725298184E-7      -4.005912133012832E-6    11.970460210654409
8.715539037072506E-7      -4.116437350096484E-6    11.608594072044912
8.06867334884683E-7       -4.2269625671801374E-6   11.246727933435377
7.421807660621152E-7      -4.33748778426379E-6     10.88486179482604
1.0118116373533512E-6     -4.1169148650947215E-6   11.986675143813521
9.471250685307834E-7      -4.227440082178374E-6    11.64181883420308
8.824384997082158E-7      -4.337965299262027E-6    11.296962524592821
8.177519308856482E-7      -4.44849051634568E-6     10.960069310108668
1.087382802176884E-6      -4.2279175971766114E-6   12.028940162559413
1.0226962333543164E-6     -4.338442814260265E-6    11.684083852948959
9.580096645317485E-7      -4.448968031343917E-6    11.342085259087202
1.1629539670004169E-6     -4.338920329258501E-6    12.071205181305517
1.0982673981778492E-6     -4.449445546342155E-6    11.724101208065973
1.2385251318239497E-6     -4.449923061340392E-6    12.106117157044583
6.016837711385282E-7      -4.337065907626756E-6    10.411118359842892
6.663703399610958E-7      -4.226540690543103E-6    10.756734090820045
7.310569087836635E-7      -4.11601547345945E-6     11.135610058428437
7.957434776062311E-7      -4.005490256375797E-6    11.514486026037066
5.258733450375087E-7      -4.226118813906069E-6    10.285199625565113
5.905599138600764E-7      -4.115593596822416E-6    10.653585788224408
6.552464826826441E-7      -4.005068379738763E-6    11.032461755832973
4.5006291893648936E-7     -4.1151717201853815E-6   10.159280891287237
5.14749487759057E-7       -4.004646503101729E-6    10.55043748562877
3.7425249283546983E-7     -4.004224626464695E-6    10.03336215700934
1.0393630990755878E-6     -4.779682715537213E-6    11.367741344126687
1.1057504433250415E-6     -4.6697628308049394E-6   11.611415600763792
1.1721377875744956E-6     -4.559842946072666E-6    11.855089857400959
9.65492709678941E-7       -4.669285315806702E-6    11.234505031162968
1.0318800539283953E-6     -4.559365431074428E-6    11.478179287800074
8.916223202822945E-7      -4.558887916076191E-6    11.101268718198837
-3.461989523267281E-6     -2.7392708916860032E-6   -10.634212501958684
-3.5534971929307286E-6    -2.7819079333091982E-6   -10.919365925400749
-3.6450048625941766E-6    -2.8245449749323932E-6   -11.19560153161836
-3.7365125322576245E-6    -2.8671820165555882E-6   -11.471837137835653
-3.8280202019210725E-6    -2.9098190581787836E-6   -11.705991293388438
-3.445689087418531E-6     -2.839103319504948E-6    -10.239310829767343
-3.537196757081979E-6     -2.8817403611281434E-6   -10.51697832826859
-3.628704426745427E-6     -2.924377402751338E-6    -10.79321393448604
-3.720212096408875E-6     -2.9670144443745334E-6   -11.051965206954053
-3.4293886515697814E-6    -2.938935747323893E-6    -9.844409157575607
-3.5208963212332294E-6    -2.9815727889470882E-6   -10.114590731135923
-3.6124039908966773E-6    -3.0242098305702832E-6   -10.397939120519233
-3.413088215721032E-6     -3.038768175142838E-6    -9.449507485383911
-3.5045958853844798E-6    -3.081405216766033E-6    -9.743913034084887
-3.3967877798722822E-6    -3.138600602961783E-6    -9.085648664081186
-3.3674767525818827E-6    -2.7525582505404423E-6   -10.079975267103325
-3.351176316733133E-6     -2.852390678359387E-6    -9.692559519852487
-3.3348758808843835E-6    -2.952223106178332E-6    -9.30514377260157
-3.318575445035634E-6     -3.052055533997277E-6    -8.944204307419142
-3.2729639818964848E-6    -2.7658456093948813E-6   -9.53465584947226
-3.256663546047735E-6     -2.865678037213826E-6    -9.14724010222158
-3.2403631101989856E-6    -2.965510465032771E-6    -8.767900673111576
-3.1784512112110864E-6    -2.7791329682493194E-6   -8.989336431841513
-3.162150775362337E-6     -2.8789653960682646E-6   -8.591597038804053
-3.083938440525689E-6     -2.792420327103759E-6    -8.415293404496488
-4.325228877557913E-6     -3.2648007915306328E-6   -12.272955003172578
-4.209179833324681E-6     -3.3262448500196883E-6   -11.717414540487106
-4.093130789091449E-6     -3.3876889085087443E-6   -11.16187407780183
-3.977081744858217E-6     -3.4491329669978E-6      -10.60633361511618
-3.861032700624985E-6     -3.5105770254868558E-6   -10.044385273082542
-4.224138954686337E-6     -3.1946541793189236E-6   -12.209262781962947
-4.108089910453106E-6     -3.2560982378079795E-6   -11.623727477572846
-3.992040866219874E-6     -3.3175422962970355E-6   -11.038192173182969
-3.875991821986642E-6     -3.3789863547860915E-6   -10.463273750917832
-4.1230490318147625E-6    -3.1245075671072152E-6   -12.09588660275944
-4.0069999875815305E-6    -3.185951625596271E-6    -11.510351298369494
-3.890950943348299E-6     -3.247395684085327E-6    -10.926784335911222
-4.021959108943188E-6     -3.0543609548955065E-6   -11.982510423556167
-3.905910064709956E-6     -3.1158050133845624E-6   -11.390294920904452
-3.920869186071613E-6     -2.9842143426837986E-6   -11.85380550589784
-3.489636764022823E-6     -3.2129958874667977E-6   -9.292778507038111
-3.5974448695350204E-6    -3.1558005012710475E-6   -9.950189858885112
-3.705252975047218E-6     -3.0986051150752973E-6   -10.579618828404213
-3.8130610805594155E-6    -3.041409728879548E-6    -11.209047797923114
-3.5824857481733635E-6    -3.2873911719718122E-6   -9.48604244200128
-3.690293853685561E-6     -3.230195785776062E-6    -10.124756783604482
-3.7981019591977586E-6    -3.1730003995803122E-6   -10.754185753123561
-3.675334732323904E-6     -3.3617864564768268E-6   -9.679306376965197
-3.7831428378361017E-6    -3.3045910702810765E-6   -10.299323708323412
-3.7681837164744447E-6    -3.4361817409818413E-6   -9.872570311928603
-3.965767566081136E-6     -3.600789013942552E-6    -10.192436518735096
-4.081816610314368E-6     -3.539344955453496E-6    -10.742280395947834
-4.197865654547599E-6     -3.4779008969644402E-6   -11.267826016928645
-4.313914698780831E-6     -3.4164568384753843E-6   -11.793371637909429
-4.070502431537288E-6     -3.6910010023982477E-6   -10.311452523572648
-4.186551475770518E-6     -3.6295569439091918E-6   -10.837926609658979
-4.30260052000375E-6      -3.5681128854201366E-6   -11.36347223063975
-4.1752372969934376E-6    -3.781212990853944E-6    -10.430468528410142
-4.29128634122667E-6      -3.719768932364888E-6    -10.9335728233699
-4.279972162449589E-6     -3.87142497930964E-6     -10.549484533247732
-2.9541157956181477E-6    -2.8129475460969633E-6   -7.669569365135155
-3.0323281304547956E-6    -2.899492615061469E-6    -7.8658813287389275
-3.110540465291444E-6     -2.986037684025975E-6    -8.06058492697391
-3.1887528001280923E-6    -3.072582752990481E-6    -8.255288525208888
-3.266965134964741E-6     -3.1591278219549873E-6   -8.411634837251471
-2.9025054855472545E-6    -2.920019834054673E-6    -7.148788312505267
-2.9807178203839032E-6    -3.0065649030191794E-6   -7.345192862696115
-3.058930155220551E-6     -3.0931099719836856E-6   -7.539896460931255
-3.1371424900572E-6       -3.1796550409481913E-6   -7.720444067526897
-2.850895175476362E-6     -3.027092122012384E-6    -6.628007259874746
-2.9291075103130104E-6    -3.1136371909768896E-6   -6.8245043966529355
-3.0073198451496587E-6    -3.2001822599413954E-6   -7.029253297802045
-2.7992848654054697E-6    -3.134164409970094E-6    -6.107226207244267
-2.877497200242118E-6     -3.2207094789346003E-6   -6.338062528077312
-2.747674555334577E-6     -3.2412366979278043E-6   -5.62435612269469
-2.8456066175540795E-6    -2.810499993018886E-6    -7.026149179330686
-2.793996307483187E-6     -2.917572280976596E-6    -6.505275540113009
-2.7423859974122943E-6    -3.0246445689343063E-6   -5.984401900895375
-2.690775687341402E-6     -3.1317168568920173E-6   -5.492342970215099
-2.7370974394900117E-6    -2.8080524399408086E-6   -6.384337358894323
-2.6854871294191193E-6    -2.915124727898519E-6    -5.863463719676696
-2.6338768193482264E-6    -3.0221970158562295E-6   -5.350351291248992
-2.6285882614259443E-6    -2.805604886862731E-6    -5.742525538458219
-2.576977951355052E-6     -2.9126771748204417E-6   -5.208359612283397
-2.5200790833618765E-6    -2.8031573337846547E-6   -5.066367933317369
-2.625689735987439E-6     -3.2497065083125173E-6   -4.951210811279308
-2.503704916640301E-6     -3.2581763186972295E-6   -4.2669789911481555
-2.381720097293163E-6     -3.2666461290819425E-6   -3.5827471710165675
-2.2597352779460254E-6    -3.2751159394666555E-6   -2.898515350884783
-2.1377504585988876E-6    -3.283585749851368E-6    -2.205836252120046
-2.5687908679942637E-6    -3.1401866672767295E-6   -4.816682010217115
-2.446806048647126E-6     -3.1486564776614425E-6   -4.112206341681214
-2.324821229299988E-6     -3.157126288046155E-6    -3.407730673145677
-2.2028364099528504E-6    -3.165596098430868E-6    -2.709158952696124
-2.5118920000010887E-6    -3.030666826240942E-6    -4.6536368335033655
-2.389907180653951E-6     -3.0391366366256547E-6   -3.949161164967871
-2.267922361306813E-6     -3.0476064470103673E-6   -3.247205044337571
-2.4549931320079137E-6    -2.9211469852051543E-6   -4.49059165679043
-2.333008312660776E-6     -2.9296167955898673E-6   -3.785251135979256
-2.3980942640147387E-6    -2.8116271441693673E-6   -4.323297227621098
-1.9130139905996945E-6    -2.83716417851575E-6     -1.1501573069123636
-2.0342840589534556E-6    -2.8307799199291542E-6   -1.9630752498611699
-2.1555541273072166E-6    -2.824395661342558E-6    -2.748399491628919
-2.2768241956609777E-6    -2.8180114027559625E-6   -3.5337237333965503
-1.9691981075994924E-6    -2.9487695713496547E-6   -1.419058846523606
-2.0904681759532534E-6    -2.942385312763059E-6    -2.2137378001682873
-2.211738244307015E-6     -2.9360010541764634E-6   -2.9990620419361353
-2.025382224599291E-6     -3.0603749641835586E-6   -1.6879603861346117
-2.146652292953052E-6     -3.053990705596963E-6    -2.464400350475083
-2.0815663415990893E-6    -3.1719803570174634E-6   -1.9568619257460906
-1.236916041443935E-6     -2.867695111679095E-6    3.27147939917561
-1.3726023099197548E-6    -2.8612489365188753E-6   2.3674723889336797
-1.5082885783955746E-6    -2.8548027613586553E-6   1.4798017217813761
-1.6439748468713943E-6    -2.8483565861984357E-6   0.5921310546290379
-1.7796611153472144E-6    -2.841910411038216E-6    -0.311501352173735
-1.295433551667073E-6     -2.977600561875246E-6    2.859033390019163
-1.4311198201428928E-6    -2.9711543867150258E-6   1.9664458084076863
-1.5668060886187127E-6    -2.964708211554806E-6    1.0787751412556812
-1.7024923570945322E-6    -2.958262036394587E-6    0.1858006836348019
-1.3539510618902108E-6    -3.0875060120713963E-6   2.446587380862676
-1.4896373303660307E-6    -3.0810598369111767E-6   1.5654192278822898
-1.6253235988418506E-6    -3.074613661750957E-6    0.6831027194437335
-1.4124685721133488E-6    -3.1974114622675476E-6   2.0341413717061108
-1.5481548405891687E-6    -3.190965287107328E-6    1.1804047552527832
-1.4709860823364867E-6    -3.307316912463698E-6    1.6472138116228923
-2.0043975833464073E-6    -3.2883319823738343E-6   -1.4452439631675813
-1.8710447080939274E-6    -3.2930782148963E-6      -0.6719208558714611
-1.737691832841447E-6     -3.2978244474187657E-6   0.10140225142489592
-1.6043389575889668E-6    -3.3025706799412323E-6   0.8747253587212135
-1.948213466346609E-6     -3.1767265895399295E-6   -1.1888846785712361
-1.8148605910941287E-6    -3.1814728220623957E-6   -0.393784164664807
-1.6815077158416486E-6    -3.1862190545848614E-6   0.4013163492415889
-1.8920293493468108E-6    -3.0651211967060247E-6   -0.901744149655545
-1.7586764740943307E-6    -3.069867429228491E-6    -0.1066436357492028
-1.8358452323470123E-6    -2.953515803872121E-6    -0.6146036207401858
-5.482889686416538E-7     -2.8839969203287717E-6   7.607183840186953
-6.077357925843253E-7     -2.9941083204269495E-6   7.084019785582765
-6.671826165269968E-7     -3.104219720525127E-6    6.560855730977865
-7.266294404696683E-7     -3.2143311206233054E-6   6.037691676373992
-7.860762644123397E-7     -3.324442520721483E-6    5.546453206319256
-4.6876185988352767E-7    -2.9964681298728593E-6   7.840080586009544
-5.282086838261991E-7     -3.106579529971037E-6    7.314017934117554
-5.876555077688706E-7     -3.216690930069215E-6    6.787955282225633
-6.471023317115421E-7     -3.3268023301673934E-6   6.293137124475514
-3.892347511254015E-7     -3.1089393394169465E-6   8.069165067377122
-4.48681575068073E-7      -3.219050739515125E-6    7.5431024154851105
-5.081283990107445E-7     -3.329162139613303E-6    7.02714582446297
-3.097076423672754E-7     -3.2214105489610346E-6   8.29824954874513
-3.6915446630994687E-7    -3.3315219490592128E-6   7.7611545244511735
-2.3018053360914924E-7    -3.3338817585051227E-6   8.495163224438668
-8.645407177740311E-7     -3.2111119488737757E-6   5.207048079012354
-8.050938938313598E-7     -3.101000548775597E-6    5.6994062088574555
-7.456470698886882E-7     -2.9908891486774193E-6   6.219671666174265
-6.862002459460168E-7     -2.8807777485792416E-6   6.7399371234905745
-9.430051711357227E-7     -3.0977813770260673E-6   4.8450543032469255
-8.835583471930512E-7     -2.9876699769278896E-6   5.356237213933868
-8.241115232503797E-7     -2.877558576829712E-6    5.876502671250605
-1.021469624497414E-6     -2.98445080517836E-6     4.483060527480905
-9.620228005547426E-7     -2.8743394050801817E-6   5.013068219009937
-1.0999340778591056E-6    -2.8711202333306515E-6   4.121066751714965
-1.3340041187516574E-6    -3.3107420341152555E-6   2.429257448641191
-1.197022155166828E-6     -3.314167155766812E-6    3.2118941608630953
-1.0600401915819987E-6    -3.317592277418369E-6    3.9945308730849605
-9.23058227997169E-7      -3.321017399069926E-6    4.777167585306747
-1.2754866085285194E-6    -3.200836583919104E-6    2.8209034232984225
-1.1385046449436899E-6    -3.204261705570661E-6    3.625587417693591
-1.0015226813588604E-6    -3.207686827222218E-6    4.430271412088439
-1.2169690983053813E-6    -3.0909311337229533E-6   3.2447688610860346
-1.0799871347205518E-6    -3.0943562553745103E-6   4.049452855481045
-1.1584515880822434E-6    -2.981025683526803E-6    3.668634298873645
-3.7885343033537136E-6    -4.076944433631463E-6    -8.716561608869057
-3.8030339828079683E-6    -3.9636709520025415E-6   -8.96591744857525
-3.8175336622622226E-6    -3.850397470373619E-6    -9.228570191412377
-3.832033341716477E-6     -3.7371239887446986E-6   -9.49122293424961
-3.846533021170731E-6     -3.623850507115777E-6    -9.753875677086633
-3.907768848264119E-6     -4.053882940458238E-6    -9.119021770610418
-3.922268527718373E-6     -3.940609458829316E-6    -9.370880863101073
-3.9367682071726276E-6    -3.827335977200395E-6    -9.636633329568232
-3.951267886626882E-6     -3.714062495571473E-6    -9.902385796035606
-4.027003393174524E-6     -4.030821447285012E-6    -9.51465265487101
-4.041503072628778E-6     -3.91754796565609E-6     -9.779019125532473
-4.0560027520830326E-6    -3.804274484027169E-6    -10.044771591999673
-4.146237938084929E-6     -4.0077599541117865E-6   -9.910283539131568
-4.160737617539183E-6     -3.894486472482865E-6    -10.187157387963692
-4.265472482995335E-6     -3.984698460938562E-6    -10.30591442339226
-4.450414265866207E-6     -4.553843659803436E-6    -9.986337422632193
-4.349865498413109E-6     -4.547314626549334E-6    -9.744481934694313
-4.24931673096001E-6      -4.540785593295231E-6    -9.502626446756041
-4.148767963506911E-6     -4.534256560041129E-6    -9.260770958818142
-4.417163064783494E-6     -4.4340965147449954E-6   -10.051987243146767
-4.316614297330395E-6     -4.427567481490893E-6    -9.808981758702826
-4.2160655298772965E-6    -4.421038448236791E-6    -9.565976274258947
-4.115516762424198E-6     -4.414509414982689E-6    -9.305711236607394
-4.383911863700781E-6     -4.314349369686555E-6    -10.12291463376914
-4.283363096247682E-6     -4.307820336432453E-6    -9.879909149325176
-4.182814328794583E-6     -4.3012913031783505E-6   -9.634797359833804
-4.350660662618068E-6     -4.194602224628115E-6    -10.193842024391621
-4.250111895164969E-6     -4.188073191374012E-6    -9.963883483060668
-4.317409461535354E-6     -4.0748550795696745E-6   -10.292969606287098
-3.8404712818937335E-6    -4.1671010522625754E-6   -8.770108086409302
-3.9597058268041385E-6    -4.14403955908935E-6     -9.171799279290157
-4.0789403717145435E-6    -4.120978065916124E-6    -9.55492278538001
-4.1981749166249485E-6    -4.097916572742899E-6    -9.938046291470096
-3.892408260433753E-6     -4.257257670893688E-6    -8.824912234510624
-4.011642805344158E-6     -4.2341961777204626E-6   -9.2106834139934
-4.130877350254563E-6     -4.211134684547238E-6    -9.59380692008329
-3.944345238973773E-6     -4.347414289524801E-6    -8.879716382612044
-4.063579783884178E-6     -4.324352796351575E-6    -9.249567548696385
-3.996282217513793E-6     -4.437570908155914E-6    -8.934520530713346
-4.421845558293958E-6     -4.641769121191928E-6    -9.87763711320357
-4.393276850721707E-6     -4.72969458258042E-6     -9.7636592336663
-4.364708143149458E-6     -4.817620043968912E-6    -9.64968135412934
-4.321296790840859E-6     -4.635240087937825E-6    -9.636931621771055
-4.292728083268609E-6     -4.723165549326317E-6    -9.52295374223401
-4.22074802338776E-6      -4.628711054683722E-6    -9.396226130338752
-1.522731152587812E-7     -3.4465296682700388E-6   8.704803017767617
-2.1333962960921077E-7    -3.556817768589045E-6    8.245980183623567
-2.744061439596403E-7     -3.667105868908051E-6    7.787157349480072
-3.354726583100699E-7     -3.7773939692270574E-6   7.328334515336142
-3.9653917266049945E-7    -3.887682069546064E-6    6.894438222695258
-7.434338173022076E-8     -3.5579368612286337E-6   8.86094391035005
-1.3540989608065036E-7    -3.6682249615476395E-6   8.40677361618334
-1.9647641043107987E-7    -3.7785130618666457E-6   7.952603322016811
-2.575429247815095E-7     -3.888801162185653E-6    7.517823749286698
3.5863517983396362E-9     -3.6693440541872287E-6   9.024669096524873
-5.748016255208992E-8     -3.779632154506235E-6    8.570498802358365
-1.1854667690251948E-7    -3.889920254825241E-6    8.122636707648148
8.151608532690006E-8      -3.7807512471458237E-6   9.188394282700418
2.044957097647049E-8      -3.89103934746483E-6     8.727449666009994
1.5944581885546046E-7     -3.8921584401044195E-6   9.332262624371365
-4.744465910108675E-7     -3.775034159781148E-6    6.6359381538905104
-4.133800766604379E-7     -3.6647460594621413E-6   7.072566296402584
-3.523135623100083E-7     -3.5544579591431347E-6   7.536041670523536
-2.912470479595788E-7     -3.4441698588241285E-6   7.999517044644055
-5.523540093612355E-7     -3.6623862500162314E-6   6.3682105403329
-4.912874950108059E-7     -3.5520981496972252E-6   6.823171403807463
-4.3022098066037643E-7    -3.441810049378219E-6    7.2866467779283255
-6.302614277116037E-7     -3.5497383402513153E-6   6.100482926775328
-5.691949133611741E-7     -3.4394502399323087E-6   6.573776511212064
-7.081688460619716E-7     -3.4370904304863992E-6   5.832755313217717
2.3590016686676641E-7     -4.00413792272544E-6     9.505196627359787
1.733582669990824E-7      -4.114998312706871E-6    9.133514180278379
1.1081636713139837E-7     -4.225858702688302E-6    8.761831733196889
4.827446726371434E-8      -4.336719092669733E-6    8.390149286115324
3.1171059296778587E-7     -4.115085016446126E-6    9.637352825691138
2.491686931001018E-7      -4.225945406427558E-6    9.27639455278751
1.866267932324178E-7      -4.336805796408989E-6    8.91543627988388
1.240848933647338E-7      -4.447666186390421E-6    8.563940236325159
3.8752101906880524E-7     -4.2260321101668135E-6   9.786041991650821
3.2497911920112127E-7     -4.3368925001482446E-6   9.42508371874739
2.6243721933343726E-7     -4.4477528901296765E-6   9.067259855991505
4.6333144516982466E-7     -4.3369792038875E-6      9.934731157611136
4.0078954530214064E-7     -4.447839593868931E-6    9.570579475657972
5.391418712708442E-7      -4.447926297608187E-6    10.073899095324027
-9.072178061527563E-8     -4.3356000000301455E-6   7.808809478155182
-2.817988074759161E-8     -4.224739610048714E-6    8.16518591608874
3.4362019120092414E-8     -4.113879220067282E-6    8.547592537348198
9.690391898777644E-8      -4.0030188300858506E-6   8.929999158607387
-1.671761286265816E-7     -4.223620517409125E-6    7.581807270382672
-1.0463422875889757E-7    -4.112760127427693E-6    7.955862100967272
-4.209232889121355E-8     -4.001899737446262E-6    8.338268722226516
-2.4363047663788754E-7    -4.111641034788104E-6    7.354805062609689
-1.810885767702035E-7     -4.000780644806673E-6    7.746538285845218
-3.200848246491935E-7     -3.999661552167084E-6    7.127802854836942
3.42014581771673E-7       -4.77911849679972E-6     9.200929889818521
4.077236782713967E-7      -4.668721097069209E-6    9.488745882237932
4.734327747711204E-7      -4.558323697338698E-6    9.776561874657505
2.693713523026932E-7      -4.6686343933299534E-6   8.991754081769297
3.3508044880241696E-7     -4.558236993599442E-6    9.2795700741887
1.9672812283371352E-7     -4.558150289860187E-6    8.78257827371968
-3.361242396576578E-6     -3.2769404310770153E-6   -8.61019541491515
-3.3256970132808743E-6    -3.415280259192248E-6    -8.17383972696415
-3.29015162998517E-6      -3.5536200873074804E-6   -7.737484039013385
-3.2546062466894663E-6    -3.691959915422713E-6    -7.30112835106258
-3.219060863393762E-6     -3.8302997435379456E-6   -6.918088839518619
-3.231419751669037E-6     -3.29746765007022E-6     -7.940879929332659
-3.1958743683733327E-6    -3.435807478185452E-6    -7.508482307606325
-3.160328985077629E-6     -3.5741473063006845E-6   -7.076084685880018
-3.124783601781925E-6     -3.7124871344159175E-6   -6.683456832860027
-3.1015971067614957E-6    -3.317994869063424E-6    -7.273890454161295
-3.0660517234657924E-6    -3.4563346971786564E-6   -6.84149283243481
-3.030506340170088E-6     -3.594674525293889E-6    -6.425387770159976
-2.9717744618539546E-6    -3.338522088056628E-6    -6.606900978990103
-2.9362290785582512E-6    -3.4768619161718605E-6   -6.16731870745955
-2.8419518169464142E-6    -3.359049307049833E-6    -5.909249644759422
-3.6746396153617235E-6    -4.02761549561276E-6     -8.374259845517948
-3.560744927369733E-6     -3.9782865575940555E-6   -8.020914674272184
-3.446850239377743E-6     -3.928957619575353E-6    -7.667569503026659
-3.3329555513857527E-6    -3.879628681556649E-6    -7.314224331780873
-3.6891392948159777E-6    -3.914342013983838E-6    -8.623470879814903
-3.575244606823987E-6     -3.865013075965134E-6    -8.27784946314869
-3.4613499188319967E-6    -3.815684137946431E-6    -7.93222804648263
-3.347455230840007E-6     -3.766355199927728E-6    -7.545073868912388
-3.703638974270232E-6     -3.8010685323549162E-6   -8.883023899021753
-3.5897442862782415E-6    -3.751739594336213E-6    -8.537402482355652
-3.4758495982862514E-6    -3.7024106563175095E-6   -8.173798436540498
-3.7181386537244863E-6    -3.6877950507259946E-6   -9.142576918228771
-3.604243965732496E-6     -3.638466112707292E-6    -8.802523004168812
-3.7326383331787406E-6    -3.574521569097074E-6    -9.431247571797051
-3.4540913807271187E-6    -3.35133571558203E-6     -8.824482370534202
-3.5469403648776593E-6    -3.425731000087044E-6    -9.036443315742117
-3.6397893490282E-6       -3.500126284592059E-6    -9.24840426095035
-3.418545997431415E-6     -3.489675543697262E-6    -8.384168616359085
-3.5113949815819555E-6    -3.5640708282022773E-6   -8.596129561566922
-3.3830006141357107E-6    -3.6280153718124945E-6   -7.943854862183434
-2.6908653928201877E-6    -3.363661431776604E-6    -5.159487472138859
-2.7851426544320247E-6    -3.4814740408986315E-6   -5.44619695890583
-2.8794199160438616E-6    -3.59928665002066E-6     -5.727743230861105
-2.9736971776556986E-6    -3.717099259142688E-6    -6.0092895028165385
-3.067974439267536E-6     -3.834911868264716E-6    -6.263818048571523
-2.634056230305798E-6     -3.4860861656254026E-6   -4.727112983726961
-2.728333491917635E-6     -3.6038987747474307E-6   -5.013806132111247
-2.822610753529472E-6     -3.7217113838694588E-6   -5.295352404066562
-2.916888015141309E-6     -3.839523992991487E-6    -5.566012313313705
-2.5772470677914085E-6    -3.6085108994742017E-6   -4.294738495314746
-2.6715243294032455E-6    -3.72632350859623E-6     -4.581415305316514
-2.7658015910150825E-6    -3.844136117718258E-6    -4.868206578055553
-2.5204379052770194E-6    -3.730935633323001E-6    -3.8623640069023937
-2.6147151668888568E-6    -3.848748242445029E-6    -4.170400842797813
-2.46362874276263E-6      -3.8533603671718E-6      -3.4563462660746214
-2.2029261154316362E-6    -3.3975406733154547E-6   -2.4753909796677416
-2.324910934778774E-6     -3.3890708629307417E-6   -3.16236034214424
-2.4468957541259117E-6    -3.380601052546029E-6    -3.8263483138721446
-2.5688805734730495E-6    -3.372131242161316E-6    -4.490336285599575
-2.268101772264385E-6     -3.5114955967795404E-6   -2.722953134493724
-2.3900865916115226E-6    -3.503025786394828E-6    -3.3939901638427714
-2.5120714109586603E-6    -3.494555976010115E-6    -4.057978135570361
-2.333277429097133E-6     -3.6254505202436274E-6   -2.9705152893195876
-2.4552622484442708E-6    -3.6169807098589143E-6   -3.6256199855406015
-2.3984530859298816E-6    -3.7394054437077135E-6   -3.218077444145294
-1.5319644359286024E-6    -3.4198082982868393E-6   1.2906794685333969
-1.6653173111810825E-6    -3.4150620657643728E-6   0.523846555872346
-1.7986701864335624E-6    -3.410315833241907E-6    -0.22769914481375125
-1.932023061686043E-6     -3.405569600719441E-6    -0.9792448454997499
-2.065375936938523E-6     -3.400823368196975E-6    -1.73782741433758
-1.5929427895207179E-6    -3.5322996841099798E-6   0.9640450296788127
-1.7262956647731978E-6    -3.5275534515875136E-6   0.20751872853463366
-1.859648540025678E-6     -3.522807219065048E-6    -0.5440269721512565
-1.9930014152781584E-6    -3.5180609865425817E-6   -1.298193068425039
-1.6539211431128334E-6    -3.644791069933121E-6    0.6374105908241496
-1.7872740183653135E-6    -3.640044837410655E-6    -0.10880909880264733
-1.9206268936177936E-6    -3.6352986048881888E-6   -0.8585587225127345
-1.714899496704949E-6     -3.7572824557562615E-6   0.3107761519692105
-1.8482523719574294E-6    -3.7525362232337958E-6   -0.41892437660031145
-1.7758778502970648E-6    -3.869773841579403E-6    -0.001454837114852621
-2.3260785642695172E-6    -3.856643062053321E-6    -2.7779207952030562
-2.1885283857764038E-6    -3.8599257569348405E-6   -2.084741331497474
-2.0509782072832908E-6    -3.863208451816362E-6    -1.3915618677915373
-1.9134280287901778E-6    -3.866491146697882E-6    -0.6983824040859554
-2.260902907436768E-6     -3.742688138589234E-6    -2.5353477463502925
-2.123352728943655E-6     -3.745970833470754E-6    -1.8278024399207438
-1.985802550450542E-6     -3.749253528352275E-6    -1.1202571334909694
-2.1957272506040196E-6    -3.628733215125147E-6    -2.271853258396442
-2.058177072110907E-6     -3.6320159100066683E-6   -1.5643079519669163
-2.1305515937712714E-6    -3.514778291661061E-6    -2.0083587704426376
-8.454948931294064E-7     -3.4356239628270193E-6   5.11320261027994
-9.049135218464731E-7     -3.5468054049325547E-6   4.715215880866451
-9.643321505635397E-7     -3.657986847038091E-6    4.317229151453119
-1.0237507792806065E-6    -3.769168289143626E-6    3.91924242203963
-1.0831694079976733E-6    -3.880349731249162E-6    3.5409016926797
-7.675874747790384E-7     -3.548271872591935E-6    5.403476718340464
-8.270061034961051E-7     -3.6594533146974708E-6   5.002349054740615
-8.864247322131718E-7     -3.7706347568030065E-6   4.601221391140837
-9.458433609302385E-7     -3.881816198908543E-6    4.220624775084087
-6.896800564286703E-7     -3.660919782356851E-6    5.689537052859601
-7.49098685145737E-7      -3.772101224462387E-6    5.288409389260045
-8.085173138628036E-7     -3.883282666567923E-6    4.893719166270092
-6.117726380783022E-7     -3.7735676921217668E-6   5.975597387379638
-6.711912667953689E-7     -3.884749134227303E-6    5.566813557456452
-5.338652197279342E-7     -3.886215601886684E-6    6.239907948642734
-9.82476856714236E-7      -3.432198841175462E-6    4.348399406690519
-1.1194588202990653E-6    -3.428773719523905E-6    3.587809976641524
-1.2564407838838945E-6    -3.4253485978723474E-6   2.8272205465927653
-1.3934227474687242E-6    -3.4219234762207912E-6   2.0490663426823743
-1.0418954854313026E-6    -3.5433802832809977E-6   3.9535536114630743
-1.178877449016132E-6     -3.5399551616294406E-6   3.192964181414118
-1.3158594126009613E-6    -3.5365300399778836E-6   2.4262350790636322
-1.1013141141483692E-6    -3.654561725386534E-6    3.5587078162358434
-1.2382960777331986E-6    -3.651136603734977E-6    2.8034038154444167
-1.160732742865436E-6     -3.7657431674920696E-6   3.180572551825911
-1.4544011010608397E-6    -3.5344148620439317E-6   1.6945605184494836
-1.5153794546529552E-6    -3.6469062478670726E-6   1.3576194680773177
-1.5763578082450707E-6    -3.7593976336902134E-6   1.0206784177051516
-1.6373361618371866E-6    -3.871889019513355E-6    0.7046499417775958
-1.3768377661930768E-6    -3.6490214258010245E-6   2.0831543563893837
-1.4378161197851925E-6    -3.7615128116241653E-6   1.7462133060174547
-1.498794473377308E-6     -3.874004197447307E-6    1.4156266264524366
-1.2992744313253141E-6    -3.7636279895581173E-6   2.4717481943302624
-1.3602527849174298E-6    -3.8761193753812585E-6   2.1266033111269618
-1.2217110964575516E-6    -3.8782345533152105E-6   2.83757999580125
-3.7176342770928394E-6    -4.153529728919451E-6    -8.381470922933348
-3.769571255632859E-6     -4.243686347550564E-6    -8.434080574861945
-3.821508234172878E-6     -4.333842966181676E-6    -8.504804736361386
-3.873445212712898E-6     -4.423999584812789E-6    -8.575528897861222
-3.925382191252918E-6     -4.514156203443902E-6    -8.641892525670713
-3.6467342508319648E-6    -4.230115024207439E-6    -8.049698348680785
-3.6986712293719842E-6    -4.320271642838553E-6    -8.11662075010579
-3.7506082079120037E-6    -4.410428261469665E-6    -8.187344911605312
-3.802545186452024E-6     -4.500584880100778E-6    -8.255149047492838
-3.57583422457109E-6      -4.306700319495428E-6    -7.717925774427986
-3.6277712031111096E-6    -4.3968569381265404E-6   -7.799160925349373
-3.6797081816511295E-6    -4.487013556757653E-6    -7.868405569315062
-3.5049341983102155E-6    -4.383285614783416E-6    -7.386153200175187
-3.556871176850236E-6     -4.47344223341453E-6     -7.4816620911369895
-3.603739589100849E-6     -4.104200790900748E-6    -8.038516506679011
-3.5328395628399742E-6    -4.180786086188736E-6    -7.69243118292984
-3.4619395365790996E-6    -4.257371381476724E-6    -7.346345859180654
-3.391039510318226E-6     -4.3339566767647135E-6   -7.01971337708083
-3.4898449011088583E-6    -4.054871852882044E-6    -7.677447580853494
-3.418944874847984E-6     -4.131457148170033E-6    -7.331362257104498
-3.3480448485871095E-6    -4.208042443458021E-6    -6.98883463141107
-3.375950213116868E-6     -4.0055429148633405E-6   -7.316378655028324
-3.305050186855994E-6     -4.082128210151329E-6    -6.957955885741566
-3.262055525124878E-6     -3.956213976844638E-6    -6.9270771400721625
-3.876373600859042E-6     -4.608610698086496E-6    -8.437827137456425
-3.827365010465166E-6     -4.70306519272909E-6     -8.238122282932133
-3.7783564200712893E-6    -4.797519687371685E-6    -8.038417428407826
-3.753536596058147E-6     -4.595039374743372E-6    -8.052524167356562
-3.7045280056642717E-6    -4.689493869385966E-6    -7.852819312832295
-3.630699591257253E-6     -4.581468051400247E-6    -7.667221197256749
-4.584109908115764E-7     -3.998867449086688E-6    6.506192845489376
-5.202828089626533E-7     -4.110052828627311E-6    6.145747581266465
-5.821546271137302E-7     -4.221238208167935E-6    5.7853023170431594
-6.440264452648071E-7     -4.332423587708559E-6    5.424857052820169
-3.819566428002704E-7     -4.110846931707708E-6    6.744519078932117
-4.438284609513473E-7     -4.222032311248332E-6    6.388240297654484
-5.057002791024241E-7     -4.333217690788955E-6    6.0319615163767315
-5.675720972535012E-7     -4.444403070329579E-6    5.685797613974948
-3.0550229478896443E-7    -4.222826414328728E-6    6.989199679355823
-3.673741129400414E-7     -4.334011793869352E-6    6.632920898078161
-4.2924593109111826E-7    -4.445197173409976E-6    6.279802374936216
-2.2904794677765848E-7    -4.334805896949748E-6    7.233880279779629
-2.909197649287354E-7     -4.445991276490372E-6    6.873807135898511
-1.5259359876635255E-7    -4.446785379570769E-6    7.467811896860056
-7.813524923322419E-7     -4.330957120049179E-6    4.776796657777631
-7.194806741811649E-7     -4.2197717405085546E-6   5.124322933880349
-6.57608856030088E-7      -4.10858636096793E-6     5.488934681048995
-5.95737037879011E-7      -3.997400981427307E-6    5.8535464282177365
-8.568067212485996E-7     -4.218305272849175E-6    4.4708206695675985
-7.949349030975228E-7     -4.1071198933085505E-6   4.829933896796184
-7.330630849464459E-7     -3.995934513767927E-6    5.194545643964532
-9.322609501649575E-7     -4.1056534256491706E-6   4.164844681357289
-8.703891320138806E-7     -3.994468046108546E-6    4.535544859711324
-1.0077151790813154E-6    -3.9930015784491665E-6   3.858868693147296
-3.534023680485246E-7     -4.778237689980069E-6    6.50044327691866
-2.864661116211339E-7     -4.667753586510301E-6    6.819316489117971
-2.1952985519374323E-7    -4.557269483040535E-6    7.138189701317389
-4.247922777835168E-7     -4.666959483429905E-6    6.232266348896112
-3.578560213561261E-7     -4.556475379960138E-6    6.551139561095351
-4.96182187518509E-7      -4.555681276879742E-6    5.964089420873356
-3.3072999491484703E-6    -4.453904665143463E-6    -6.583429162096632
-3.180565726247599E-6     -4.447938420215521E-6    -6.086572220080265
-3.0538315033467278E-6    -4.441972175287579E-6    -5.589715278063704
-2.9270972804458567E-6    -4.436005930359637E-6    -5.0928583360472786
-3.264305287417354E-6     -4.327990431836772E-6    -6.538502577439307
-3.137571064516483E-6     -4.322024186908829E-6    -6.0378389361488916
-3.010836841615612E-6     -4.316057941980887E-6    -5.537175294858396
-2.884102618714741E-6     -4.310091697052946E-6    -5.023943830556432
-3.2213106256862384E-6    -4.2020761985300785E-6   -6.491728688176435
-3.0945764027853674E-6    -4.1961099536021375E-6   -5.9910650468860975
-2.9678421798844964E-6    -4.1901437086741955E-6   -5.489276042394111
-3.1783159639551225E-6    -4.076161965223387E-6    -6.444954798913799
-3.0515817410542515E-6    -4.070195720295445E-6    -5.954608254232264
-3.135321302224007E-6     -3.950247731916696E-6    -6.419940466069825
-2.7330161945885147E-6    -4.3147038217797164E-6   -4.354262189590608
-2.6656693316320437E-6    -4.199367958127737E-6    -4.132683897399011
-2.5983224686755722E-6    -4.084032094475758E-6    -3.9111056052070383
-2.5309756057191012E-6    -3.968696230823778E-6    -3.6895273130157373
-2.8167557557582702E-6    -4.194755833400966E-6    -4.806476307427076
-2.749408892801799E-6     -4.079419969748987E-6    -4.601576607309194
-2.6820620298453274E-6    -3.964084106097008E-6    -4.396676907191311
-2.900495316928025E-6     -4.074807845022216E-6    -5.283250979074814
-2.833148453971554E-6     -3.959471981370237E-6    -5.078351278956952
-2.9842348780977805E-6    -3.954859856643466E-6    -5.7600256507230245
-2.037458435887692E-6     -4.323199668508914E-6    -1.178005712214294
-1.972063289490035E-6     -4.209843211776535E-6    -0.8881912186007318
-1.9066681430923783E-6    -4.096486755044158E-6    -0.5983767249868146
-1.8412729966947215E-6    -3.983130298311781E-6    -0.3085622313731735
-2.175008614380805E-6     -4.319916973627393E-6    -1.8458259462669449
-2.109613467983148E-6     -4.206560516895015E-6    -1.5621621480051677
-2.0442183215854913E-6    -4.093204060162637E-6    -1.2816275963891341
-1.9788231751878345E-6    -3.979847603430259E-6    -1.0010930447731798
-2.247163646476261E-6     -4.203277822013494E-6    -2.242070482628283
-2.1817685000786043E-6    -4.089921365281117E-6    -1.9604412173707495
-2.1163733536809476E-6    -3.976564908548739E-6    -1.6799066657547013
-2.3193186785717173E-6    -4.086638670399596E-6    -2.638315018989739
-2.25392353217406E-6      -3.973282213667218E-6    -2.3587202867364105
-2.3914737106671736E-6    -3.969999518785698E-6    -3.034559555351038
-2.458820573623645E-6     -4.0853353824376775E-6   -3.2698420872490455
-2.5261674365801156E-6    -4.200671246089656E-6    -3.508098971514199
-2.593514299536587E-6     -4.316007109741635E-6    -3.7463558557796675
-2.6608611624930585E-6    -4.431342973393615E-6    -3.9749028521201755
-2.3866655415281884E-6    -4.201974534051575E-6    -2.8756320838921092
-2.4540124044846594E-6    -4.3173103977035545E-6   -3.1138889681574207
-2.521359267441131E-6     -4.432646261355533E-6    -3.34935750246647
-2.3145105094327317E-6    -4.318613685665473E-6    -2.481422080534796
-2.381857372389203E-6     -4.433949549317453E-6    -2.723812152812725
-2.242355477337276E-6     -4.435252837279372E-6    -2.098266803159019
-1.1473877371158242E-6    -3.992408481282494E-6    3.1780566796021885
-1.2116060662339752E-6    -4.104467231315825E-6    2.8386799532703275
-1.275824395352126E-6     -4.216525981349157E-6    2.499303226938467
-1.340042724470277E-6     -4.328584731382489E-6    2.1599265006064483
-1.0719335081994664E-6    -4.105060328482498E-6    3.4993090459635674
-1.1361518373176174E-6    -4.217119078515829E-6    3.1574247810909752
-1.2003701664357681E-6    -4.329177828549161E-6    2.815540516218602
-1.2645884955539193E-6    -4.441236578582493E-6    2.4842609020281565
-9.964792792831085E-7     -4.217712175682502E-6    3.816871985299113
-1.0606976084012595E-6    -4.329770925715833E-6    3.474987720426655
-1.1249159375194105E-6    -4.441829675749165E-6    3.136379518862105
-9.210250503667506E-7     -4.330364022882506E-6    4.134434924635084
-9.852433794849016E-7     -4.442422772915838E-6    3.788498135696054
-8.455708214503929E-7     -4.44301587008251E-6     4.440616752529806
-1.4785844129301554E-6    -4.326469553448537E-6    1.4745124453419804
-1.4143660838120044E-6    -4.214410803415205E-6    1.8042103959578992
-1.3501477546938532E-6    -4.102352053381873E-6    2.1410795837492427
-1.2859294255757024E-6    -3.990293303348542E-6    2.4779487715406088
-1.5529077722718826E-6    -4.212295625481253E-6    1.110058512986726
-1.4886894431537316E-6    -4.100236875447921E-6    1.4446611027129692
-1.4244711140355806E-6    -3.98817812541459E-6     1.781530290504293
-1.62723113161361E-6      -4.0981216975139695E-6   0.7456045806315108
-1.563012802495459E-6     -3.986062947480638E-6    1.085111809468061
-1.7015544909553374E-6    -3.983947769546686E-6    0.3811506482766114
-1.7669496373529941E-6    -4.097304226279064E-6    0.07451353251026586
-1.832344783750651E-6     -4.210660683011441E-6    -0.2245809031009039
-1.8977399301483077E-6    -4.324017139743819E-6    -0.5236753387122315
-1.9631350765459645E-6    -4.437373596476197E-6    -0.8123303161918847
-1.6926262780112667E-6    -4.211478154246347E-6    0.4438721039753145
-1.7580214244089235E-6    -4.324834610978725E-6    0.1447776683643026
-1.8234165708065803E-6    -4.438191067711103E-6    -0.15116117938302692
-1.6183029186695393E-6    -4.3256520822136306E-6   0.8132306754405688
-1.6836980650671961E-6    -4.439008538946008E-6    0.510007957426265
-1.5439795593278122E-6    -4.439826010180915E-6    1.1711770942351623
-3.248489941871153E-6     -4.561930483129181E-6    -6.3105531332613
-3.1896799345938357E-6    -4.6699563011149E-6      -6.039524409031361
-3.130869927316519E-6     -4.777982119100619E-6    -5.768495684801423
-3.1217557189702817E-6    -4.55596423820124E-6     -5.817502890518842
-3.062945711692965E-6     -4.663990056186958E-6    -5.5464741662889665
-2.9950214960694107E-6    -4.549997993273297E-6    -5.324452647776197
-1.0501395499345273E-6    -4.776850489733E-6       3.4382935305785076
-9.819499737731492E-7     -4.665572283182836E-6    3.768607567415416
-9.13760397611771E-7      -4.554294076632673E-6    4.0989216042519745
-1.121622531807658E-6     -4.664979186016163E-6    3.123817537956184
-1.05343295564628E-6      -4.553700979466001E-6    3.4541315747929495
-1.1931055136807886E-6    -4.553107882299328E-6    2.8093415453335107
-2.446227929877955E-6     -4.773319162134596E-6    -2.936858092510884
-2.3782704456977286E-6    -4.660630387182854E-6    -2.6610125713873147
-2.310312961517502E-6     -4.547941612231113E-6    -2.3851670502636373
-2.5177723407496562E-6    -4.659327099220935E-6    -3.279636383072242
-2.4498148565694297E-6    -4.546638324269193E-6    -3.0037908619487164
-2.5893167516213573E-6    -4.545335036307275E-6    -3.6224146736339646
-1.7482690713975318E-6    -4.7754399213314215E-6   0.21867821080325012
-1.680172567374292E-6     -4.663568617614585E-6    0.5323737877237075
-1.612076063351052E-6     -4.55169731389775E-6     0.846069364643955
-1.819891073113676E-6     -4.662751146379679E-6    -0.12151147881747423
-1.7517945690904362E-6    -4.550879842662844E-6    0.19218409810256987
-1.8915130748298202E-6    -4.550062371427938E-6    -0.461701168438724
