4.529988385021929E-6      -4.6012412758989503E-7   -26275.397656857596
4.623990708017544E-6      -3.680993020719161E-7    -28983.185369127514
4.717993031013157E-6      -2.76074476553937E-7     -31891.548127819922
4.811995354008771E-6      -1.84049651035958E-7     -34811.3280696344
4.905997677004386E-6      -9.202482551797905E-8    -37742.52519457098
4.9999999999999996E-6     0                        -40685.13950262967
4.489716575171462E-6      -3.680993020719161E-7    -26529.087312572192
4.583718898167075E-6      -2.7607447655393704E-7   -29434.597779179803
4.6777212211626895E-6     -1.84049651035958E-7     -32477.065352285354
4.771723544158304E-6      -9.202482551797898E-8    -35531.26586584409
4.86572586715392E-6       -2.554202003179324E-23   -38597.19931985571
4.449444765320994E-6      -2.76074476553937E-7     -26944.84897626547
4.543447088316609E-6      -1.8404965103595805E-7   -29951.613989358146
4.637449411312223E-6      -9.202482551797896E-8    -33001.050365052964
4.731451734307836E-6      3.8313030047689856E-23   -36062.21968120097
4.409172955470526E-6      -1.84049651035958E-7     -27362.42179916217
4.5031752784661415E-6     -9.202482551797902E-8    -30470.834864261815
4.597177601461754E-6      3.8313030047689856E-23   -33527.24004254604
4.36890114562006E-6       -9.202482551797905E-8    -27781.805781262432
4.462903468615674E-6      5.108404006358647E-23    -30992.260403891316
4.328629335769592E-6      0                        -28292.926353178074
4.623990708017544E-6      -5.10956444929058E-7     -27108.73758130577
4.717993031013157E-6      -5.617887622682209E-7    -27813.29631286952
4.811995354008771E-6      -6.126210796073838E-7    -28516.353532901703
4.905997677004386E-6      -6.634533969465469E-7    -29217.90924140238
4.9999999999999996E-6     -7.142857142857099E-7    -29741.117075976857
4.717993031013157E-6      -4.18931619411079E-7     -29811.685273503066
4.811995354008771E-6      -4.697639367502419E-7    -30575.327246068977
4.905997677004385E-6      -5.205962540894049E-7    -31337.510422226078
5.0E-6                    -5.714285714285679E-7    -32098.23480197444
4.8119953540087724E-6     -3.269067938931E-7       -32591.166412827577
4.905997677004385E-6      -3.777391112322629E-7    -33353.06277784943
4.9999999999999996E-6     -4.2857142857142587E-7   -34113.50034646251
4.905997677004385E-6      -2.34881968375121E-7     -35381.74897794305
4.9999999999999996E-6     -2.8571428571428395E-7   -36141.89973542094
4.9999999999999996E-6     -1.4285714285714197E-7   -38183.432968849906
3.971681318199811E-6      -5.171792825941175E-7    -16329.452995735917
4.043070921713767E-6      -4.1374342607529407E-7   -18639.513334933985
4.114460525227722E-6      -3.1030756955647047E-7   -21015.97667113329
4.1858501287416785E-6     -2.0687171303764698E-7   -23403.337085235547
4.2572397322556365E-6     -1.0343585651882353E-7   -25801.594577240765
3.908298777723537E-6      -4.1374342607529407E-7   -15755.764140519026
3.979688381237493E-6      -3.103075695564705E-7    -18116.54608690694
4.0510779847514485E-6     -2.0687171303764695E-7   -20577.52180304181
4.122467588265405E-6      -1.0343585651882346E-7   -23049.40872997586
4.193857191779363E-6      -2.8709217369755486E-23  -25532.20686770912
3.844916237247262E-6      -3.1030756955647047E-7   -15227.67083701033
3.91630584076122E-6       -2.0687171303764698E-7   -17649.486819833346
3.987695444275175E-6      -1.0343585651882342E-7   -20115.106065025273
4.059085047789131E-6      4.306382605463323E-23    -22591.636521016393
3.7815336967709893E-6     -2.0687171303764698E-7   -14697.519337671572
3.8529233002849455E-6     -1.0343585651882349E-7   -17180.803400074637
3.924312903798901E-6      4.306382605463323E-23    -19651.066174323554
3.718151156294716E-6      -1.0343585651882353E-7   -14165.30964250279
3.789540759808672E-6      5.741843473951097E-23    -16710.495827630868
3.6547686158184417E-6     0                        -13668.661733707568
4.9999999999999996E-6     -1.428571428571425E-6    -21483.33635917302
5.0E-6                    -1.285714285714282E-6    -23321.220391773677
4.9999999999999996E-6     -1.1428571428571388E-6   -24823.541863738606
4.9999999999999996E-6     -9.999999999999957E-7    -26335.349680962565
5.0E-6                    -8.571428571428529E-7    -27856.6438434456
4.876476958670819E-6      -1.3606209234486117E-6   -20962.542098510563
4.876476958670818E-6      -1.2177637805914686E-6   -22543.48556622702
4.876476958670818E-6      -1.0749066377343254E-6   -24045.804041120267
4.876476958670818E-6      -9.320494948771823E-7    -25557.608861272518
4.87647695867082E-6       -7.891923520200395E-7    -27183.978673971193
4.752953917341637E-6      -1.2926704183257979E-6   -20253.03988998627
4.7529539173416385E-6     -1.149813275468655E-6    -21763.60163916072
4.752953917341637E-6      -1.006956132611512E-6    -23265.91711698233
4.752953917341637E-6      -8.640989897543688E-7    -24812.00375040455
4.629430876012456E-6      -1.2247199132029845E-6   -19541.341993285307
4.629430876012457E-6      -1.0818627703458417E-6   -20981.568610574734
4.629430876012456E-6      -9.390056274886984E-7    -22447.699292287005
4.505907834683276E-6      -1.1567694080801713E-6   -18827.44840840763
4.505907834683276E-6      -1.013912265223028E-6    -20091.06529961859
4.382384793354095E-6      -1.0888189029573577E-6   -17890.894731395438
4.9999999999999996E-6     -2.14285714285714E-6     -15181.289918986013
5.0E-6                    -1.9999999999999974E-6   -16534.136971878725
4.9999999999999996E-6     -1.8571428571428541E-6   -17668.048446262364
4.9999999999999996E-6     -1.7142857142857109E-6   -18808.714749044233
5.0E-6                    -1.5714285714285683E-6   -19956.135880224327
4.88152743958657E-6       -2.0895771806485825E-6   -14774.482550223633
4.88152743958657E-6       -1.9467200377914397E-6   -15958.55193055648
4.881527439586569E-6      -1.803862894934296E-6    -17091.739051901965
4.881527439586569E-6      -1.6610057520771534E-6   -18231.681001645633
4.881527439586571E-6      -1.5181486092200104E-6   -19492.927832007626
4.763054879173139E-6      -2.036297218440025E-6    -14240.853329320917
4.763054879173141E-6      -1.893440075582882E-6    -15381.486990565263
4.76305487917314E-6       -1.7505829327257386E-6   -16513.94975887262
4.763054879173139E-6      -1.6077257898685956E-6   -17682.084892764884
4.644582318759709E-6      -1.9830172562314672E-6   -13705.726824527743
4.64458231875971E-6       -1.8401601133743244E-6   -14802.94215190503
4.644582318759709E-6      -1.697302970517181E-6    -15878.283088497432
4.52610975834628E-6       -1.92973729402291E-6     -13169.10303584407
4.5261097583462796E-6     -1.7868801511657666E-6   -14081.522419205354
4.407637197932849E-6      -1.876457331814352E-6    -12490.60869615552
3.3132209053985428E-6     -5.178092562050125E-7    -4272.4642413513875
3.381530447482523E-6      -4.1424740496401005E-7   -6117.294808567413
3.4498399895665017E-6     -3.1068555372300747E-7   -7979.309809098209
3.518149531650482E-6      -2.0712370248200497E-7   -9850.103984529309
3.5864590737344622E-6     -1.0356185124100254E-7   -11729.677334860702
3.2489936513927193E-6     -4.1424740496401005E-7   -3017.145949949656
3.317303193476699E-6      -3.106855537230075E-7    -4878.799463958133
3.385612735560678E-6      -2.07123702482005E-7     -6784.637454250545
3.453922277644658E-6      -1.0356185124100247E-7   -8699.12497836601
3.5222318197286387E-6     -2.8744187930141575E-23  -10622.262036304608
3.1847663973868954E-6     -3.1068555372300747E-7   -1798.2451650932471
3.253075939470876E-6      -2.0712370248200503E-7   -3676.4211159063543
3.321385481554855E-6      -1.0356185124100245E-7   -5584.196978288878
3.389695023638835E-6      4.311628189521237E-23    -7500.622374494446
3.1205391433810715E-6     -2.0712370248200497E-7   -574.2443802815887
3.188848685465052E-6      -1.035618512410025E-7    -2469.268978211694
3.2571582275490316E-6     4.311628189521237E-23    -4378.982712684275
3.0563118893752484E-6     -1.0356185124100254E-7   654.8564044853101
3.1246214314592287E-6     5.748837586028316E-23    -1257.3430508740805
2.992084635369425E-6      0                        1889.4002967521428
2.6655053692501225E-6     -5.269946027003959E-7    8030.136622002804
2.7308212224739834E-6     -4.215956821603167E-7    6797.258545886727
2.7961370756978435E-6     -3.1619676162023743E-7   5582.664764176789
2.8614529289217035E-6     -2.1079784108015829E-7   4361.915769235717
2.926768782145565E-6      -1.0539892054007922E-7   3135.011561063502
2.6010910411403817E-6     -4.215956821603167E-7    9866.713616223951
2.666406894364242E-6      -3.1619676162023754E-7   8634.837611695397
2.731722747588102E-6      -2.107978410801583E-7    7423.871855850837
2.7970386008119623E-6     -1.0539892054007912E-7   6207.024744247359
2.8623544540358236E-6     -2.925407708855831E-23   4984.296276884913
2.53667671303064E-6       -3.1619676162023743E-7   11707.44441486209
2.6019925662545014E-6     -2.1079784108015837E-7   10504.496949271277
2.667308419478361E-6      -1.0539892054007912E-7   9294.442173479183
2.7326242727022215E-6     4.388111563283747E-23    8078.506041928177
2.4722623849208984E-6     -2.1079784108015829E-7   13556.088750812105
2.5375782381447597E-6     -1.0539892054007917E-7   12381.859602711023
2.60289409136862E-6       4.388111563283747E-23    11172.715806971417
2.4078480568111584E-6     -1.0539892054007922E-7   15412.646624074061
2.473163910035019E-6      5.850815417711662E-23    14266.92557201471
2.343433728701417E-6      0                        17313.978939513087
4.419159631619095E-6      -2.537336064825206E-6    -8930.656413356664
4.535327705295277E-6      -2.6012974232887362E-6   -9315.361175866981
4.651495778971457E-6      -2.665258781752265E-6    -9588.932102177629
4.767663852647638E-6      -2.729220140215795E-6    -9861.169817023198
4.883831926323819E-6      -2.7931814986793257E-6   -10132.07432040371
4.9999999999999996E-6     -2.857142857142855E-6    -10306.98729060068
4.535327705295277E-6      -2.4584402804315934E-6   -10053.706794290987
4.651495778971457E-6      -2.522401638895123E-6    -10439.473658374438
4.767663852647637E-6      -2.586362997358653E-6    -10750.197764691944
4.883831926323818E-6      -2.650324355822182E-6    -11059.623266295077
5.0E-6                    -2.7142857142857127E-6   -11367.750163183826
4.651495778971457E-6      -2.379544496037979E-6    -11300.792855498607
4.7676638526476395E-6     -2.44350585450151E-6     -11633.050398590138
4.883831926323819E-6      -2.5074672129650392E-6   -11942.868856688494
4.9999999999999996E-6     -2.5714285714285687E-6   -12251.388710072475
4.767663852647638E-6      -2.300648711644366E-6    -12552.277862774718
4.883831926323819E-6      -2.3646100701078964E-6   -12830.837185706574
4.9999999999999996E-6     -2.428571428571426E-6    -13139.749995585747
4.883831926323819E-6      -2.2217529272507536E-6   -13808.161816119346
4.9999999999999996E-6     -2.2857142857142834E-6   -14032.834019723734
4.439909792189304E-6      -3.230552756609773E-6    -5987.531476561339
4.551927833751444E-6      -3.2987279195735324E-6   -6136.283999238649
4.663945875313582E-6      -3.366903082537291E-6    -6221.8295058711665
4.775963916875722E-6      -3.4350782455010506E-6   -6306.1723916942665
4.887981958437861E-6      -3.5032534084648114E-6   -6389.312656707954
4.9999999999999996E-6     -3.57142857142857E-6     -6393.761800117332
4.551927833751444E-6      -3.1558707767163896E-6   -6734.765485680525
4.663945875313583E-6      -3.2240459396801495E-6   -6910.112899853817
4.775963916875722E-6      -3.292221102643908E-6    -7027.526878631719
4.88798195843786E-6       -3.360396265607667E-6    -7143.78582161255
5.0E-6                    -3.4285714285714277E-6   -7258.889728796235
4.663945875313582E-6      -3.0811887968230054E-6   -7600.549312285681
4.7759639168757224E-6     -3.149363959786766E-6    -7736.622902308933
4.887981958437861E-6      -3.2175391227505245E-6   -7853.350365009903
4.9999999999999996E-6     -3.2857142857142836E-6   -7968.922791913781
4.775963916875722E-6      -3.0065068169296217E-6   -8469.36029994751
4.887981958437861E-6      -3.0746819798933817E-6   -8566.023019390175
4.9999999999999996E-6     -3.1428571428571404E-6   -8682.063966014219
4.887981958437861E-6      -2.9318248370362393E-6   -9341.198448665977
4.9999999999999996E-6     -2.9999999999999984E-6   -9398.313251097572
2.013541778350818E-6      -5.389429798878675E-7    19991.745308338275
2.0795201684209386E-6     -4.3115438391029404E-7   19407.28788057546
2.1454985584910573E-6     -3.233657879327204E-7    18882.974000365015
2.211476948561177E-6      -2.1557719195514694E-7   18355.388183655738
2.2774553386312972E-6     -1.0778859597757355E-7   17824.530430447623
1.9477651946722748E-6     -4.3115438391029404E-7   22358.892482517083
2.0137435847423943E-6     -3.2336578793272053E-7   21801.34704864966
2.079721974812514E-6      -2.1557719195514697E-7   21326.46581701858
2.145700364882633E-6      -1.0778859597757346E-7   20848.7260537022
2.211678754952754E-6      -2.991734526158016E-23   20368.12775870044
1.88198861099373E-6       -3.233657879327204E-7    24774.028042811384
1.94796700106385E-6       -2.1557719195514702E-7   24293.471469376498
2.0139453911339696E-6     -1.0778859597757344E-7   23822.442384609603
2.079923781204089E-6      4.487601789237024E-23    23348.554768157446
1.8162120273151858E-6     -2.1557719195514694E-7   27199.801698508
1.882190417385306E-6      -1.0778859597757351E-7   26796.15871551702
1.9481688074554253E-6     4.487601789237024E-23    26328.981777614372
1.750435443636642E-6      -1.0778859597757355E-7   29636.213449607018
1.8164138337067615E-6     5.983469052316032E-23    29309.408787071425
1.6846588599580977E-6     0                        32161.4559944767
4.9999999999999996E-6     -4.2857142857142855E-6   -3135.6723244803143
5.0E-6                    -4.142857142857143E-6    -3844.0272680766566
4.9999999999999996E-6     -3.999999999999999E-6    -4440.075904956114
4.9999999999999996E-6     -3.857142857142856E-6    -5037.885038991068
5.0E-6                    -3.7142857142857133E-6   -5637.45467018156
4.877795166188411E-6      -4.217725071131967E-6    -3222.0500817546963
4.877795166188411E-6      -4.0748679282748235E-6   -3844.4117481015933
4.87779516618841E-6       -3.93201078541768E-6     -4439.48241547671
4.87779516618841E-6       -3.7891536425605357E-6   -5036.313580007349
4.877795166188412E-6      -3.6462964997033938E-6   -5678.0498826008825
4.755590332376822E-6      -4.1497358565496455E-6   -3248.3614522383
4.755590332376824E-6      -4.0068787136925035E-6   -3843.466588948217
4.755590332376823E-6      -3.86402157083536E-6     -4437.559286819032
4.755590332376822E-6      -3.7211644279782166E-6   -5043.938668549223
4.633385498565233E-6      -4.081746641967327E-6    -3273.303960309293
4.633385498565234E-6      -3.938889499110184E-6    -3841.1917906165872
4.633385498565233E-6      -3.7960323562530407E-6   -4412.326669690248
4.511180664753646E-6      -4.013757427385008E-6    -3296.877605967652
4.511180664753646E-6      -3.870900284527865E-6    -3783.2138860238774
4.388975830942057E-6      -3.945768212802689E-6    -3242.4346778010886
4.552008881942372E-6      -4.550949296191698E-6    -1547.7887175530914
4.641607105553898E-6      -4.640759436953359E-6    -1295.4219750771485
4.731205329165423E-6      -4.730569577715018E-6    -1016.233804495826
4.8208035527769484E-6     -4.820379718476677E-6    -735.7179482179581
4.910401776388474E-6      -4.910189859238339E-6    -453.87440624342025
4.9999999999999996E-6     -4.999999999999999E-6    -170.7031785723613
4.641607105553898E-6      -4.497902294096216E-6    -1813.4592227170783
4.731205329165423E-6      -4.587712434857876E-6    -1572.2006240436144
4.820803552776948E-6      -4.677522575619536E-6    -1311.7428996352724
4.910401776388473E-6      -4.767332716381195E-6    -1050.0273525541943
5.0E-6                    -4.857142857142857E-6    -787.0539828003821
4.731205329165423E-6      -4.444855292000733E-6    -2128.2146780985026
4.82080355277695E-6       -4.534665432762395E-6    -1866.9932545331803
4.910401776388474E-6      -4.624475573524054E-6    -1606.0779781477286
4.9999999999999996E-6     -4.714285714285713E-6    -1343.9048790895558
4.8208035527769484E-6     -4.39180828990525E-6     -2443.9964465301523
4.910401776388474E-6      -4.481618430666911E-6    -2162.7652217024315
4.9999999999999996E-6     -4.57142857142857E-6     -1901.3923933399037
4.910401776388474E-6      -4.338761287809768E-6    -2760.804528012017
4.9999999999999996E-6     -4.428571428571428E-6    -2459.516525551344
1.3500598932062516E-6     -5.463723630108688E-7    30988.178548996217
1.416979686556621E-6      -4.370978904086951E-7    31129.17308775336
1.48389947990699E-6       -3.278234178065212E-7    31371.02205744539
1.5508192732573593E-6     -2.1854894520434749E-7   31612.987214959005
1.6177390666077286E-6     -1.0927447260217381E-7   31855.06856029418
1.2822097840421654E-6     -4.370978904086951E-7    33762.08557716939
1.349129577392535E-6      -3.2782341780652125E-7   33959.40115123114
1.416049370742904E-6      -2.1854894520434749E-7   34299.180205269186
1.4829691640932727E-6     -1.0927447260217373E-7   34639.61517814546
1.5498889574436427E-6     -3.0329758871676026E-23  34980.70606986
1.2143596748780788E-6     -3.278234178065212E-7    36625.146509124126
1.2812794682284484E-6     -2.1854894520434754E-7   36949.79538561992
1.3481992615788175E-6     -1.092744726021737E-7    37296.355107644034
1.4151190549291863E-6     4.5494638307514053E-23   37643.570748506405
1.1465095657139927E-6     -2.1854894520434749E-7   39501.019755696005
1.213429359064362E-6      -1.0927447260217374E-7   39953.09503714258
1.2803491524147309E-6     4.5494638307514053E-23   40306.4354271528
1.0786594565499063E-6     -1.0927447260217381E-7   42389.70531688507
1.1455792499002756E-6     6.065951774335208E-23    42969.30010579928
1.01080934738582E-6       0                        45407.6981698871
4.40811949545806E-6       -4.999999999999998E-6    -65.1086442256417
4.526495596366448E-6      -4.999999999999999E-6    -65.91711593864403
4.6448716972748354E-6     -4.999999999999998E-6    -77.07950012208568
4.763247798183223E-6      -4.999999999999997E-6    -88.24188430554034
4.881623899091612E-6      -4.999999999999999E-6    -99.4042684889879
4.436897372754922E-6      -4.910189859238339E-6    -375.23860583820033
4.555273473663311E-6      -4.910189859238339E-6    -376.63311936699665
4.673649574571697E-6      -4.910189859238337E-6    -388.8005687663508
4.792025675480086E-6      -4.910189859238338E-6    -400.968018165755
4.4656752500517834E-6     -4.820379718476677E-6    -676.7842450834155
4.584051350960173E-6      -4.820379718476679E-6    -687.9617045067826
4.70242745186856E-6       -4.820379718476679E-6    -701.1342191220629
4.494453127348646E-6      -4.730569577715016E-6    -978.9750099945163
4.612829228257035E-6      -4.730569577715018E-6    -999.9028713579846
4.52323100464551E-6       -4.640759436953358E-6    -1281.8109005714023
-4.537150569057462E-6     -4.6028383295548394E-7   11490.000349078624
-4.4954463223999015E-6    -3.682270663643872E-7    13109.92972991468
-4.453742075742339E-6     -2.761702997732903E-7    14600.297011910341
-4.412037829084778E-6     -1.8411353318219353E-7   16097.07384710025
-4.370333582427218E-6     -9.205676659109682E-8    17600.26023548447
-4.328629335769656E-6     0                        19138.517642439652
-4.62972045524597E-6      -3.682270663643872E-7    9910.270662771265
-4.588016208588409E-6     -2.7617029977329035E-7   11439.282994518688
-4.5463119619308465E-6    -1.8411353318219353E-7   12934.440279670984
-4.504607715273285E-6     -9.205676659109675E-8    14435.869183881976
-4.462903468615725E-6     -2.5550885460494881E-23  15943.569707151732
-4.722290341434476E-6     -2.761702997732903E-7    8272.57416289904
-4.6805860947769175E-6    -1.841135331821936E-7    9722.97212874824
-4.638881848119355E-6     -9.205676659109673E-8    11218.009133555379
-4.597177601461793E-6     3.8326328190742327E-23   12719.317757421191
-4.8148602276229835E-6    -1.8411353318219353E-7   6628.271718141725
-4.773155980965423E-6     -9.20567665910968E-8     8000.149083228716
-4.731451734307861E-6     3.8326328190742327E-23   9495.065807690653
-4.907430113811492E-6     -9.205676659109682E-8    4977.363328499308
-4.865725867153932E-6     5.110177092098977E-23    6270.813857960111
-4.9999999999999996E-6    0                        3319.848993971832
-4.62972045524597E-6      -5.110842092215291E-7    9361.411052643121
-4.722290341434476E-6     -4.190274426304323E-7    7868.578152304042
-4.8148602276229835E-6    -3.2697067603933546E-7   6306.97167632787
-4.9074301138114915E-6    -2.3491390944823863E-7   4738.6654903305825
-5.0E-6                   -1.4285714285714192E-7   3163.659594312092
-4.722290341434476E-6     -5.61884585487574E-7     7440.574685235965
-4.814860227622986E-6     -4.698278188964774E-7    5871.705836975358
-4.907430113811492E-6     -3.777710523053805E-7    4307.695299342115
-4.9999999999999996E-6    -2.8571428571428374E-7   2736.985051687785
-4.8148602276229835E-6    -6.126849617536191E-7    5524.27055763853
-4.907430113811492E-6     -5.206281951625225E-7    3879.527051131259
-4.9999999999999996E-6    -4.285714285714256E-7    2313.112451840956
-4.907430113811492E-6     -6.634853380196643E-7    3612.498669850879
-4.9999999999999996E-6    -5.714285714285676E-7    1892.0417947718088
-4.9999999999999996E-6    -7.142857142857094E-7    1926.7950207279566
-3.973870768370423E-6     -5.139407403829259E-7    21624.719003274517
-3.910050337860039E-6     -4.1115259230634075E-7   24035.74962882677
-3.846229907349653E-6     -3.0836444422975543E-7   26479.07054285275
-3.7824094768392695E-6    -2.0557629615317032E-7   28933.639613450276
-3.7185890463288865E-6    -1.0278814807658521E-7   31399.456840619307
-3.654768615818502E-6     0                        33957.514066779615
-4.04482248185027E-6      -4.1115259230634075E-7   21090.346040479533
-3.981002051339885E-6     -3.0836444422975553E-7   23501.19262510438
-3.9171816208295E-6       -2.055762961531703E-7    26031.637733565254
-3.853361190319116E-6     -1.0278814807658513E-7   28573.364106418092
-3.789540759808733E-6     -2.8529442163301214E-23  31126.371743662847
-4.115774195330116E-6     -3.0836444422975543E-7   20601.831550189432
-4.051953764819733E-6     -2.0557629615317035E-7   23061.949949296275
-3.9881333343093474E-6    -1.0278814807658511E-7   25597.203817974907
-3.924312903798963E-6     4.279416324495182E-23    28143.73895104543
-4.186725908809962E-6     -2.0557629615317032E-7   20111.24665254919
-4.122905478299578E-6     -1.0278814807658516E-7   22621.0435295316
-4.059085047789193E-6     4.279416324495182E-23    25161.10615842797
-4.25767762228981E-6      -1.0278814807658521E-7   19618.591347558853
-4.193857191779426E-6     5.705888432660243E-23    22178.47336581055
-3.3244354811435024E-6    -5.394227747181393E-7    32059.054231052563
-3.257965311988708E-6     -4.315382197745115E-7    34823.50587865991
-3.1914951428339135E-6    -3.2365366483088354E-7   37690.363485629314
-3.1250249736791197E-6    -2.1576910988725566E-7   40570.68979641772
-3.058554804524326E-6     -1.0788455494362788E-7   43464.48481102531
-2.9920846353695316E-6    0                        46487.995638145156
-3.390502108078503E-6     -4.315382197745115E-7    32336.291086304984
-3.3240319389237088E-6    -3.2365366483088354E-7   35156.96749748557
-3.2575617697689137E-6    -2.1576910988725566E-7   38151.54948771706
-3.1910916006141195E-6    -1.0788455494362783E-7   41159.792301585505
-3.124621431459326E-6     -2.994397922496335E-23   44181.69593909106
-3.456568735013502E-6     -3.2365366483088354E-7   32719.741929062915
-3.3900985658587086E-6    -2.1576910988725577E-7   35647.15168989154
-3.323628396703914E-6     -1.0788455494362779E-7   38649.81862923884
-3.2571582275491193E-6    4.491596883744503E-23    41666.14639222302
-3.5226353619485014E-6    -2.1576910988725566E-7   33105.138500936344
-3.456165192793708E-6     -1.0788455494362786E-7   36139.844956892026
-3.3896950236389137E-6    4.491596883744503E-23    39150.5968453551
-3.5887019888835024E-6    -1.0788455494362788E-7   33492.48080192509
-3.522231819728708E-6     5.98879584499267E-23     36635.047298487065
6.870274295321569E-7      -5.511552395446473E-7    40049.384289518726
7.517838131028897E-7      -4.409241916357179E-7    40980.701178227064
8.16540196673622E-7       -3.3069314372678833E-7   42053.486101711984
8.812965802443545E-7      -2.204620958178589E-7    43130.20835693708
9.460529638150874E-7      -1.1023104790892948E-7   44210.86794390238
6.170092334514416E-7      -4.409241916357179E-7    43026.539402874856
6.817656170221742E-7      -3.306931437267884E-7    44041.431345848396
7.465220005929067E-7      -2.204620958178589E-7    45259.77674584456
8.112783841636393E-7      -1.1023104790892942E-7   46482.68420662565
8.760347677343721E-7      -3.059526185426305E-23   47710.15372819169
5.469910373707261E-7      -3.3069314372678833E-7   46134.93508023884
6.117474209414589E-7      -2.2046209581785894E-7   47319.46175428015
6.765038045121914E-7      -1.1023104790892938E-7   48547.25951279987
7.41260188082924E-7       4.589289278139458E-23    49779.61933210452
4.769728412900107E-7      -2.204620958178589E-7    49257.40350994619
5.417292248607435E-7      -1.1023104790892947E-7   50611.834818974065
6.064856084314761E-7      4.589289278139458E-23    51849.08493601737
4.0695464520929553E-7     -1.1023104790892948E-7   52393.94469199691
4.717110287800281E-7      6.11905237085261E-23     53918.55053993025
3.369364491285801E-7      0                        55688.88165901246
-2.6549734378687298E-6    -5.522832913229868E-7    40796.288217638205
-2.5926654960352865E-6    -4.4182663305838947E-7   43687.78472348829
-2.5303575542018424E-6    -3.31369974793792E-7     46711.613211100135
-2.4680496123683995E-6    -2.2091331652919466E-7   49749.589173150984
-2.4057416705349566E-6    -1.1045665826459741E-7   52801.71260964105
-2.3434337287015134E-6    0                        56015.94891951506
-2.7223956773688908E-6    -4.4182663305838947E-7   41801.948838064985
-2.6600877355354475E-6    -3.313699747937921E-7    44767.752093714815
-2.5977797937020038E-6    -2.2091331652919468E-7   47945.9261017293
-2.53547185186856E-6      -1.1045665826459731E-7   51138.569987092385
-2.4731639100351176E-6    -3.0657881307127146E-23  54345.683749804186
-2.78981791686905E-6      -3.31369974793792E-7     42939.03386400037
-2.7275099750356076E-6    -2.2091331652919474E-7   46047.9510651666
-2.665202033202164E-6     -1.104566582645973E-7    49236.433232027055
-2.60289409136872E-6      4.598682196069072E-23    52439.385276236026
-2.8572401563692106E-6    -2.2091331652919466E-7   44081.6325186744
-2.7949322145357677E-6    -1.1045665826459737E-7   47334.29647696166
-2.732624272702324E-6     4.598682196069072E-23    50533.08680266803
-2.9246623958693715E-6    -1.1045665826459741E-7   45229.74480208704
-2.8623544540359282E-6    6.131576261425429E-23    48626.788329099974
-1.988865909538926E-6     -5.528474478712314E-7    47050.748170350045
-1.9280244996227755E-6    -4.422779582969852E-7    49911.9382979241
-1.8671830897066248E-6    -3.3170846872273875E-7   52924.59864792775
-1.806341679790474E-6     -2.2113897914849253E-7   55950.99111511059
-1.745500269874324E-6     -1.1056948957424632E-7   58991.115699472386
-1.6846588599581733E-6    0                        62219.50330549428
-2.0597794733714436E-6    -4.422779582969852E-7    48683.71317125325
-1.9989380634552926E-6    -3.3170846872273885E-7   51637.90785446991
-1.938096653539142E-6     -2.211389791484925E-7    54829.32809212887
-1.8772552436229916E-6    -1.1056948957424624E-7   58034.930058554615
-1.8164138337068416E-6    -3.068919828659486E-23   61254.7137537472
-2.1306930372039603E-6    -3.3170846872273875E-7   50474.54595125084
-2.069851627287811E-6     -2.2113897914849256E-7   53598.67289278879
-2.00901021737166E-6      -1.1056948957424621E-7   56801.748204341915
-1.948168807455509E-6     4.6033797429892283E-23   60019.00524466169
-2.2016066010364783E-6    -2.2113897914849253E-7   52273.86006063889
-2.140765191120328E-6     -1.1056948957424627E-7   55568.56635012894
-2.0799237812041772E-6    4.6033797429892283E-23   58783.29673557615
-2.2725201648689962E-6    -1.1056948957424632E-7   54081.65549941755
-2.2116787549528453E-6    6.137839657318971E-23    57547.588226490596
1.990696498015161E-8      -5.540933495481297E-7    46584.30748331006
8.331286180983735E-8      -4.4327467963850376E-7   48232.187707187564
1.46718758639523E-7       -3.3245600972887776E-7   50047.78504073851
2.101246554692087E-7      -2.2163733981925183E-7   51870.83860349043
2.735305522988944E-7      -1.1081866990962598E-7   53701.34839544335
-5.1461717841610845E-8    -4.4327467963850376E-7   49528.846459967375
1.1944178988074866E-8     -3.3245600972887776E-7   51278.47768857185
7.535007581776058E-8      -2.216373398192518E-7    53274.15054885516
1.3875597264744626E-7     -1.108186699096259E-7    55277.94009853262
2.0216186947713197E-7     -3.0758359723000426E-23  57289.84633760432
-1.2283040066337325E-7    -3.3245600972887776E-7   52634.26279110479
-5.9424503833687574E-8    -2.2163733981925188E-7   54579.9500879634
3.9813929959981306E-9     -1.1081866990962587E-7   56586.99917476114
6.738728982568382E-8      4.613753958450065E-23    58602.16495095305
-1.9419908348513567E-7    -2.2163733981925183E-7   55753.88765440046
-1.3079318665545001E-7    -1.1081866990962593E-7   57896.0582509896
-6.738728982576429E-8     4.613753958450065E-23    59914.48356430179
-2.6556776630689815E-7    -1.1081866990962598E-7   58887.72104985437
-2.0216186947721247E-7    6.151671944600086E-23    61226.80217765057
-3.369364491286606E-7     0                        62193.27306835539
-1.3215435493147372E-6    -5.537708738280703E-7    50236.83619132673
-1.2593967089289701E-6    -4.430166990624563E-7    52885.9892046092
-1.1972498685432027E-6    -3.3226252429684215E-7   55704.805426404586
-1.1351030281574354E-6    -2.215083495312281E-7    58536.12922291081
-1.0729561877716688E-6    -1.107541747656141E-7    61379.96059412806
-1.0108093473859017E-6    0                        64417.276395649125
-1.3941666114434245E-6    -4.430166990624563E-7    52453.732887037775
-1.3320197710576573E-6    -3.3226252429684215E-7   55210.26127228722
-1.26987293067189E-6      -2.2150834953122806E-7   58225.80647843618
-1.207726090286123E-6     -1.1075417476561403E-7   61254.42682155812
-1.1455792499003563E-6    -3.074045872453581E-23   64296.12230165328
-1.4667896735721115E-6    -3.3226252429684215E-7   54844.57243693015
-1.4046428331863448E-6    -2.2150834953122812E-7   57795.208430746796
-1.3424959928005773E-6    -1.1075417476561399E-7   60823.183149313896
-1.2803491524148103E-6    4.6110688086803716E-23   63864.2330048539
-1.5394127357007984E-6    -2.215083495312281E-7    57246.57077685891
-1.4772658953150318E-6    -1.1075417476561406E-7   60391.939477069594
-1.4151190549292647E-6    4.6110688086803716E-23   63432.34370805478
-1.6120357978294864E-6    -1.107541747656141E-7    59659.72790682384
-1.5498889574437193E-6    6.148091744907162E-23    63000.45441125552
-6.508262049164372E-7     -5.547357581550739E-7    50081.182008360134
-5.88048253758882E-7      -4.437886065240592E-7    52314.86779837917
-5.252703026013264E-7     -3.328414548930443E-7    54725.67216873589
-4.624923514437711E-7     -2.2189430326202954E-7   57146.85386029717
-3.997144002862159E-7     -1.1094715163101481E-7   59578.41287306303
-7.228228334103302E-7     -4.437886065240592E-7    52761.281535862756
-6.600448822527749E-7     -3.3284145489304435E-7   55104.84770188831
-5.972669310952195E-7     -2.218943032620295E-7    57713.04085865242
-5.344889799376642E-7     -1.1094715163101476E-7   60332.251831847505
-4.7171102878010893E-7    -3.079402056433278E-23   62962.48062147365
-7.948194619042229E-7     -3.328414548930443E-7    55616.654148458954
-7.320415107466679E-7     -2.218943032620296E-7    58164.50794317181
-6.692635595891123E-7     -1.109471516310147E-7    60785.07905977743
-6.06485608431557E-7      4.6191030846499166E-23   63416.66799281403
-8.668160903981157E-7     -2.2189430326202954E-7   58485.21622905515
-8.040381392405607E-7     -1.1094715163101478E-7   61237.9062877073
-7.412601880830052E-7     4.6191030846499166E-23   63870.85536415445
-9.388127188920089E-7     -1.1094715163101481E-7   61366.96777765134
-8.760347677344536E-7     6.158804112866555E-23    64325.04273549482
3.8031762440844383E-6     -4.999999999999998E-6    9.301667331174988
3.924164894359163E-6      -4.9999999999999996E-6   3.79546428963117
4.045153544633886E-6      -4.999999999999998E-6    -8.815838822614772
4.166142194908611E-6      -4.999999999999997E-6    -21.427141934869784
4.287130845183336E-6      -4.999999999999998E-6    -34.03844504712482
3.853023440248767E-6      -4.898705991360372E-6    -222.4133260206604
3.974012090523492E-6      -4.8987059913603715E-6   -225.61517547986932
4.095000740798215E-6      -4.898705991360371E-6    -239.5642550939083
4.21598939107294E-6       -4.898705991360371E-6    -253.5133347079718
4.336978041347665E-6      -4.898705991360372E-6    -286.44407969053054
3.902870636413094E-6      -4.797411982720745E-6    -448.1471386573435
4.02385928668782E-6       -4.797411982720747E-6    -456.24648769915257
4.144847936962544E-6      -4.797411982720745E-6    -471.5333438149755
4.265836587237266E-6      -4.797411982720745E-6    -501.20177932299794
3.952717832577423E-6      -4.696117974081118E-6    -675.1324746655396
4.073706482852147E-6      -4.696117974081119E-6    -688.0984723682177
4.194695133126871E-6      -4.696117974081118E-6    -714.5586993581328
4.002565028741752E-6      -4.594823965441493E-6    -903.36933404515
4.1235536790164765E-6     -4.594823965441494E-6    -926.5148397960688
4.05241222490608E-6       -4.493529956801867E-6    -1129.2772013443964
-4.9999999999999996E-6    -1.4285714285714244E-6   1072.7673027666872
-4.8768768153705855E-6    -1.3585479536035135E-6   2796.183794832302
-4.75375363074117E-6      -1.2885244786356024E-6   4740.633042184678
-4.630630446111756E-6     -1.2185010036676915E-6   6691.526791415735
-4.507507261482342E-6     -1.1484775286997812E-6   8648.865042525464
-4.384384076852926E-6     -1.0784540537318701E-6   10845.717652559966
-5.0E-6                   -1.2857142857142814E-6   994.5157505849129
-4.876876815370585E-6     -1.2156908107463705E-6   3025.1643807245364
-4.753753630741171E-6     -1.1456673357784596E-6   5062.4912868718275
-4.630630446111756E-6     -1.0756438608105487E-6   7106.496469026732
-4.507507261482341E-6     -1.0056203858426382E-6   9314.981753079453
-4.9999999999999996E-6    -1.1428571428571381E-6   1335.143984152477
-4.876876815370586E-6     -1.0728336678892276E-6   3373.129304861606
-4.753753630741171E-6     -1.0028101929213165E-6   5417.792901578392
-4.630630446111756E-6     -9.327867179534057E-7    7533.514113348187
-4.9999999999999996E-6    -9.999999999999953E-7    1677.9119399838528
-4.876876815370585E-6     -9.299765250320847E-7    3723.2339512625003
-4.75375363074117E-6      -8.599530500641736E-7    5746.078939733152
-5.0E-6                   -8.571428571428526E-7    2022.8196180790183
-4.8768768153705855E-6    -7.871193821749416E-7    3952.6762322343793
3.4306588214382168E-6     -4.478002918008308E-6    -320.14588658171493
3.372523884283125E-6      -4.582402334406647E-6    -239.72522562814902
3.3143889471280322E-6     -4.686801750804983E-6    -156.6039274100185
3.2562540099729406E-6     -4.7912011672033214E-6   -74.97845674069231
3.1981190728178493E-6     -4.8956005836016605E-6   5.151186379817773
3.1399841356627573E-6     -4.999999999999998E-6    89.91066159517906
3.505162305967461E-6      -4.582402334406647E-6    -262.2289875334109
3.447027368812369E-6      -4.686801750804985E-6    -174.75041505273657
3.388892431657277E-6      -4.791201167203323E-6    -88.31655885426335
3.3307574945021848E-6     -4.89560058360166E-6     -3.3726938470672394
3.2726225573470936E-6     -4.9999999999999996E-6   80.08117996879781
3.5796657904967048E-6     -4.686801750804983E-6    -197.86680932435274
3.5215308533416144E-6     -4.791201167203324E-6    -105.68110679355595
3.4633959161865215E-6     -4.89560058360166E-6     -19.094230874795358
3.4052609790314286E-6     -4.999999999999998E-6    66.002653852744
3.654169275025949E-6      -4.7912011672033214E-6   -131.7497324497831
3.5960343378708578E-6     -4.89560058360166E-6     -34.815767902526204
3.5378994007157653E-6     -4.999999999999997E-6    51.92412773653803
3.728672759555194E-6      -4.8956005836016605E-6   -63.877756909727395
3.670537822400102E-6      -4.999999999999999E-6    37.84560162053278
-4.421904301180593E-6     -1.8250558640731588E-6   7140.470025653723
-4.5375234409444744E-6    -1.745758976972812E-6    6102.410646917034
-4.653142580708355E-6     -1.6664620898724648E-6   4904.044935727459
-4.768761720472236E-6     -1.587165202772118E-6    3701.044146596314
-4.884380860236119E-6     -1.5078683156717716E-6   2493.408279523672
-4.5375234409444744E-6    -1.8886161198299552E-6   5647.856511260341
-4.653142580708355E-6     -1.8093192327296084E-6   4620.330690030127
-4.768761720472236E-6     -1.7300223456292612E-6   3504.1789299614866
-4.884380860236118E-6     -1.650725458528914E-6    2383.448002652658
-5.0E-6                   -1.5714285714285676E-6   1258.137908103723
-4.653142580708355E-6     -1.952176375586751E-6    4340.256183702992
-4.768761720472238E-6     -1.8728794884864047E-6   3254.350990126384
-4.884380860236118E-6     -1.7935826013860575E-6   2137.347300284582
-4.9999999999999996E-6    -1.71428571428571E-6     1015.76444320261
-4.768761720472236E-6     -2.0157366313435473E-6   3036.8229172027486
-4.884380860236118E-6     -1.9364397442432005E-6   1892.6790344946203
-4.9999999999999996E-6    -1.8571428571428529E-6   774.8234148796801
-4.884380860236119E-6     -2.0792968871003437E-6   1737.5567117596775
-4.9999999999999996E-6    -1.999999999999997E-6    535.3148231348459
-4.9999999999999996E-6    -2.1428571428571393E-6   595.8250110940538
2.7709679607230265E-6     -4.462585339291855E-6    626.9590560777542
2.7053025692157186E-6     -4.570068271433485E-6    537.4472297032603
2.63963717770841E-6       -4.677551203575112E-6    446.9333801375519
2.573971786201101E-6      -4.7850341357167396E-6   354.79021207288906
2.508306394693793E-6      -4.89251706785837E-6     261.01772550914256
2.4426410031864844E-6     -4.999999999999998E-6    169.89762124082304
2.844771195710973E-6      -4.570068271433485E-6    513.8977974220725
2.7791058042036645E-6     -4.6775512035751125E-6   426.0018376337757
2.7134404126963557E-6     -4.78503413571674E-6     338.01733248124765
2.6477750211890474E-6     -4.892517067858368E-6    248.37282230159417
2.5821096296817395E-6     -4.9999999999999996E-6   157.06830709456568
2.9185744306989183E-6     -4.677551203575112E-6    404.44090867602836
2.852909039191611E-6      -4.785034135716742E-6    320.6680121500158
2.787243647684302E-6      -4.89251706785837E-6     232.83487135940322
2.7215782561769933E-6     -4.999999999999998E-6    143.3417255416058
2.9923776656868646E-6     -4.7850341357167396E-6   296.9366694153432
2.9267122741795567E-6     -4.89251706785837E-6     217.29692041720773
2.861046882672248E-6      -4.999999999999997E-6    129.61514398847274
3.0661809006748114E-6     -4.89251706785837E-6     191.38507964014752
3.000515509167503E-6      -4.999999999999999E-6    115.88856243554875
-4.434347383002255E-6     -2.512375962546618E-6    4827.057605344244
-4.547477906401805E-6     -2.4384721986087225E-6   4140.103241751011
-4.660608429801353E-6     -2.364568434670826E-6    3296.4688857695674
-4.773738953200901E-6     -2.2906646707329307E-6   2449.4265905934317
-4.886869476600451E-6     -2.2167609067950357E-6   1598.976356222579
-4.547477906401805E-6     -2.5813293414658658E-6   3798.972203744137
-4.660608429801352E-6     -2.50742557752797E-6     3093.243156154829
-4.773738953200902E-6     -2.433521813590074E-6    2308.180239898589
-4.88686947660045E-6      -2.359618049652178E-6    1519.7491331847523
-5.0E-6                   -2.2857142857142826E-6   727.9498360133057
-4.660608429801353E-6     -2.6502827203851123E-6   2885.318875321709
-4.7737389532009025E-6    -2.5763789564472176E-6   2128.502153953137
-4.886869476600451E-6     -2.5024751925093213E-6   1343.0804813700852
-4.9999999999999996E-6    -2.4285714285714254E-6   554.2906183294181
-4.773738953200901E-6     -2.7192360993043596E-6   1975.1636941320112
-4.886869476600451E-6     -2.6453323353664646E-6   1167.362674392998
-4.9999999999999996E-6    -2.5714285714285687E-6   381.5822454831323
-4.886869476600451E-6     -2.788189478223608E-6    1068.5066601750405
-4.9999999999999996E-6    -2.714285714285712E-6    209.8247174743865
-4.9999999999999996E-6    -2.8571428571428547E-6   287.21548890911527
2.07947015243562E-6       -4.454261680302233E-6    1620.745457124336
2.0125248366894227E-6     -4.563409344241787E-6    1345.3481372943352
1.945579520943225E-6      -4.672557008181339E-6    1069.023064713956
1.878634205197027E-6      -4.781704672120891E-6    791.2538645932036
1.81168888945083E-6       -4.890852336060446E-6    512.0405369320861
1.7447435737046323E-6     -4.999999999999998E-6    235.79659130850987
2.152104322585793E-6      -4.563409344241787E-6    1324.807754795295
2.0851590068395957E-6     -4.6725570081813394E-6   1046.96577561479
2.018213691093398E-6      -4.781704672120892E-6    775.0379749286967
1.9512683753472E-6        -4.890852336060445E-6    501.59557997120737
1.884323059601003E-6      -4.9999999999999996E-6   226.6385907421848
2.2247384927359653E-6     -4.672557008181339E-6    1032.9761051118476
2.1577931769897687E-6     -4.781704672120893E-6    759.5139537135328
2.0908478612435705E-6     -4.890852336060445E-6    487.81137337450855
2.023902545497373E-6      -4.999999999999998E-6    214.5941987640772
2.2973726628861383E-6     -4.781704672120891E-6    743.1390940077276
2.230427347139941E-6      -4.890852336060445E-6    474.0271667778261
2.163482031393743E-6      -4.999999999999997E-6    202.5498067858641
2.3700068330363118E-6     -4.890852336060446E-6    455.2967214829132
2.303061517290114E-6      -4.999999999999999E-6    190.50541480778068
-4.441277921791144E-6     -3.203356733041577E-6    3127.5743883480905
-4.5530223374329155E-6    -3.134113957861833E-6    2679.2444778893105
-4.664766753074686E-6     -3.0648711826820876E-6   2116.1975709087046
-4.776511168716457E-6     -2.995628407502343E-6    1550.5268916356117
-4.888255584358229E-6     -2.9263856323225993E-6   982.2324400700784
-4.5530223374329155E-6    -3.276971100718976E-6    2409.0778471094372
-4.664766753074688E-6     -3.207728325539231E-6    1961.6211311553652
-4.7765111687164575E-6    -3.1384855503594867E-6   1444.0414445913411
-4.888255584358228E-6     -3.0692427751797417E-6   923.8645412914539
-5.0E-6                   -2.999999999999998E-6    401.0904212557871
-4.664766753074686E-6     -3.3505854683963733E-6   1804.0193819806727
-4.776511168716458E-6     -3.2813426932166304E-6   1309.7067366515457
-4.888255584358229E-6     -3.2120999180368845E-6   792.0647079033806
-4.9999999999999996E-6    -3.14285714285714E-6     271.82546241935415
-4.776511168716457E-6     -3.4241998360737723E-6   1201.9513923912223
-4.888255584358229E-6     -3.3549570608940286E-6   660.8604142489221
-4.9999999999999996E-6    -3.285714285714283E-6    143.15604331665963
-4.888255584358229E-6     -3.4978142037511714E-6   602.873878341132
-4.9999999999999996E-6    -3.428571428571427E-6    15.082163947567096
-4.9999999999999996E-6    -3.5714285714285697E-6   118.30158412368412
-4.9999999999999996E-6    -4.285714285714285E-6    -37.729343007184674
-4.8769414055811485E-6    -4.220898822124495E-6    248.70373784812614
-4.753882811162294E-6     -4.156083358534705E-6    620.6221032081355
-4.630824216743442E-6     -4.091267894944915E-6    994.9607828683875
-4.507765622324592E-6     -4.0264524313551264E-6   1371.7197768288927
-4.38470702790574E-6      -3.961636967765336E-6    1828.4966469417948
-5.0E-6                   -4.142857142857142E-6    -87.99204169114819
-4.876941405581148E-6     -4.078041679267352E-6    315.26185522010746
-4.753882811162295E-6     -4.013226215677562E-6    720.9804684532319
-4.630824216743442E-6     -3.9484107520877715E-6   1129.1637980082942
-4.507765622324593E-6     -3.883595288497984E-6    1612.6975921865524
-4.9999999999999996E-6    -3.999999999999998E-6    18.84638528710275
-4.8769414055811485E-6    -3.9351845364102094E-6   424.89093432775735
-4.753882811162296E-6     -3.870369072820419E-6    833.4001996902753
-4.630824216743443E-6     -3.8055536092306286E-6   1272.1360576231386
-4.9999999999999996E-6    -3.857142857142855E-6    126.01304668007288
-4.876941405581147E-6     -3.7923273935530658E-6   534.8482478500864
-4.753882811162294E-6     -3.7275119299632754E-6   928.7743580757747
-5.0E-6                   -3.7142857142857133E-6   233.50794248786588
-4.8769414055811485E-6    -3.649470250695923E-6    582.6124935445978
-4.550963033319306E-6     -4.5603726930575385E-6   532.1574057207679
-4.640770426655445E-6     -4.5054410115888885E-6   477.9023954459726
-4.730577819991583E-6     -4.450509330120236E-6    370.62721283626934
-4.8203852133277205E-6    -4.395577648651586E-6    261.9946031614627
-4.910192606663861E-6     -4.340645967182936E-6    152.00456642154575
-4.640770426655445E-6     -4.6482981544460305E-6   351.95048397254413
-4.7305778199915835E-6    -4.593366472977381E-6    294.99181501349904
-4.820385213327721E-6     -4.538434791508729E-6    214.63461851337524
-4.91019260666386E-6      -4.483503110040077E-6    132.91629405030835
-5.0E-6                   -4.4285714285714274E-6   49.83684162429381
-4.730577819991583E-6     -4.736223615834522E-6    216.7409064659132
-4.820385213327723E-6     -4.6812919343658735E-6   132.6500141012766
-4.910192606663861E-6     -4.626360252897221E-6    52.68506945388981
-4.9999999999999996E-6    -4.571428571428569E-6    -28.641003156433726
-4.8203852133277205E-6    -4.824149077223014E-6    83.74049682991335
-4.910192606663861E-6     -4.769217395754364E-6    -27.460244145851902
-4.9999999999999996E-6    -4.714285714285711E-6    -107.03293694049353
-4.910192606663861E-6     -4.9120745386115075E-6   -47.050744935346756
-4.9999999999999996E-6    -4.857142857142856E-6    -185.33895972767095
-4.9999999999999996E-6    -4.999999999999999E-6    -175.63281883009319
1.3787828654700502E-6     -4.4504005763386295E-6   2529.922992164897
1.3123955212205963E-6     -4.560320461070903E-6    2080.6598077180543
1.2460081769711421E-6     -4.670240345803176E-6    1632.3817393745785
1.179620832721688E-6      -4.78016023053545E-6     1183.0233180250275
1.1132334884722345E-6     -4.890080115267724E-6    732.5845436693689
1.0468461442227802E-6     -4.999999999999998E-6    285.8815005273995
1.4519750071169667E-6     -4.560320461070903E-6    2063.932485772959
1.3855876628675128E-6     -4.670240345803177E-6    1610.6187048641796
1.3192003186180589E-6     -4.7801602305354505E-6   1168.798581660728
1.2528129743686045E-6     -4.890080115267724E-6    725.7923715234674
1.1864256301191508E-6     -4.9999999999999996E-6   281.60007445236147
1.5251671487638828E-6     -4.670240345803176E-6    1603.6591995873196
1.4587798045144293E-6     -4.780160230535451E-6    1156.5202666690257
1.392392460264975E-6      -4.890080115267724E-6    715.0311560290793
1.3260051160155208E-6     -4.999999999999998E-6    272.3559584553761
1.5983592904107993E-6     -4.78016023053545E-6     1145.3049224970423
1.5319719461613456E-6     -4.890080115267724E-6    704.2699405346966
1.4655846019118913E-6     -4.999999999999997E-6    263.11184245827536
1.6715514320577162E-6     -4.890080115267724E-6    688.8696545021385
1.6051640878082619E-6     -4.999999999999999E-6    253.8677264612477
-4.408119495458056E-6     -4.999999999999998E-6    -29.256432655788796
-4.436688203030307E-6     -4.912074538611507E-6    65.09180350112547
-4.465256910602556E-6     -4.824149077223014E-6    170.73532606649496
-4.493825618174806E-6     -4.736223615834522E-6    275.76294699854134
-4.5223943257470565E-6    -4.648298154446031E-6    380.17466629728506
-4.526495596366445E-6     -4.999999999999999E-6    -26.626848623976827
-4.555064303938695E-6     -4.912074538611506E-6    63.47188272713447
-4.583633011510945E-6     -4.824149077223014E-6    152.9281153472184
-4.612201719083194E-6     -4.736223615834522E-6    241.74184923627945
-4.644871697274834E-6     -4.999999999999998E-6    -41.89677800347234
-4.673440404847084E-6     -4.9120745386115075E-6   46.78730744403583
-4.702009112419334E-6     -4.824149077223015E-6    134.82889416058424
-4.763247798183221E-6     -4.999999999999997E-6    -57.16670738298426
-4.7918165057554726E-6    -4.912074538611506E-6    30.10273216094538
-4.881623899091611E-6     -4.999999999999999E-6    -72.43663676248474
6.774941972395476E-7      -4.448013001347442E-6    3270.2664688437494
6.117851007398238E-7      -4.5584104010779535E-6   2677.2282817934256
5.460760042401E-7         -4.668807800808465E-6    2087.198342862388
4.803669077403764E-7      -4.779205200538975E-6    1496.5431960576793
4.1465781124065284E-7     -4.889602600269488E-6    905.2628413793025
3.48948714740929E-7       -4.999999999999998E-6    317.8681636887204
7.513645866361942E-7      -4.5584104010779535E-6   2665.9809939672627
6.856554901364705E-7      -4.668807800808465E-6    2067.58728343419
6.199463936367467E-7      -4.779205200538976E-6    1485.1423803377156
5.542372971370229E-7      -4.889602600269487E-6    901.9396831900863
4.885282006372994E-7      -4.9999999999999996E-6   317.9791919912683
8.252349760328405E-7      -4.668807800808465E-6    2067.8010860831164
7.59525879533117E-7       -4.7792052005389765E-6   1477.1867363438996
6.938167830333931E-7      -4.889602600269487E-6    895.1536708151148
6.281076865336693E-7      -4.999999999999998E-6    312.36281123518677
8.991053654294871E-7      -4.779205200538975E-6    1471.3109770549208
8.333962689297636E-7      -4.889602600269487E-6    888.3676584401474
7.676871724300396E-7      -4.999999999999997E-6    306.74643047903885
9.729757548261339E-7      -4.889602600269488E-6    876.5106668827004
9.072666583264101E-7      -4.999999999999999E-6    301.13004972301025
-4.048219196053812E-6     -4.5277275267870266E-6   1235.324882627883
-4.120199255934662E-6     -4.622182021429622E-6    973.4149113500862
-4.19217931581551E-6      -4.716636516072214E-6    717.7139473784837
-4.264159375696358E-6     -4.811091010714808E-6    463.87677593600165
-4.336139435577208E-6     -4.905545505357404E-6    211.9033970227033
-3.999210605659936E-6     -4.622182021429622E-6    992.6358587356058
-4.071190665540785E-6     -4.716636516072214E-6    740.3945034203607
-4.143170725421634E-6     -4.81109101071481E-6     494.8577405005999
-4.215150785302482E-6     -4.905545505357404E-6    251.15180322019296
-4.287130845183333E-6     -4.9999999999999996E-6   9.27669157939199
-3.950202015266059E-6     -4.716636516072214E-6    759.1393874117512
-4.022182075146909E-6     -4.81109101071481E-6     512.4611925165336
-4.094162135027757E-6     -4.905545505357404E-6    267.30890330408874
-4.166142194908606E-6     -4.999999999999998E-6    23.987439730995845
-3.901193424872183E-6     -4.811091010714808E-6    524.6382304463282
-3.973173484753033E-6     -4.905545505357404E-6    283.46600338793996
-4.04515354463388E-6      -4.999999999999997E-6    38.698187882772615
-3.852184834478308E-6     -4.905545505357404E-6    289.13238783918905
-3.924164894359157E-6     -4.999999999999999E-6    53.40893603431397
-3.8031762440844315E-6    -4.999999999999998E-6    61.219207480192836
-1.4267432603969676E-8    -4.447579482651165E-6    3769.396769287426
-8.120368903136036E-8     -4.558063586120933E-6    3078.081852959187
-1.4813994545875105E-7    -4.668547689590699E-6    2389.936348753291
-2.150762018861417E-7     -4.7790317930604645E-6   1701.6516028919034
-2.820124583135324E-7     -4.889515896530233E-6    1013.2276153750166
-3.4894871474092307E-7    -4.999999999999998E-6    328.45047291415614
5.837579686501007E-8      -4.558063586120933E-6    3073.508772695747
-8.560459562380613E-9     -4.6685476895906995E-6   2375.4110469374627
-7.54967159897713E-8      -4.779031793060466E-6    1694.8277302572578
-1.4243297241716195E-7    -4.889515896530231E-6    1013.9536083291582
-2.0936922884455266E-7    -4.9999999999999996E-6   332.7886811531513
1.310190263339898E-7      -4.668547689590699E-6    2381.943019910043
6.408276990659912E-8      -4.779031793060466E-6    1691.905160686213
-2.853486520791559E-9     -4.889515896530232E-6    1011.7549800759396
-6.978974294818223E-8     -4.999999999999998E-6    331.31399421778576
2.0366225580296949E-7     -4.7790317930604645E-6   1691.6703833920888
1.3672599937557885E-7     -4.889515896530232E-6    1009.5563518227164
6.978974294818816E-8      -4.999999999999997E-6    329.83930728237834
2.763054852719493E-7      -4.889515896530233E-6    1002.6908631418703
2.0936922884455864E-7     -4.999999999999999E-6    328.36462034703976
-3.4340341720493413E-6    -4.459870910071405E-6    2244.1957872690314
-3.50786258645636E-6      -4.567896728057124E-6    1786.8172129593552
-3.581691000863377E-6     -4.675922546042842E-6    1351.4511928501151
-3.655519415270395E-6     -4.78394836402856E-6     918.1544788416886
-3.7293478296774135E-6    -4.891974182014281E-6    486.9270709340708
-3.3752241647720247E-6    -4.567896728057124E-6    1814.3951256944356
-3.4490525791790426E-6    -4.675922546042843E-6    1372.3140131687742
-3.5228809935860606E-6    -4.78394836402856E-6     943.4663938767899
-3.5967094079930785E-6    -4.891974182014279E-6    516.6150739770674
-3.6705378224000973E-6    -4.9999999999999996E-6   91.76005346970871
-3.3164141574947068E-6    -4.675922546042842E-6    1396.8843000281377
-3.3902425719017264E-6    -4.783948364028562E-6    959.9573441132725
-3.4640709863087435E-6    -4.89197418201428E-6     531.5336242003577
-3.5378994007157615E-6    -4.999999999999998E-6    105.10620367960944
-3.2576041502173897E-6    -4.78394836402856E-6     978.3315891058642
-3.331432564624409E-6     -4.891974182014279E-6    546.4521744235808
-3.4052609790314264E-6    -4.999999999999997E-6    118.45235388966164
-3.1987941429400735E-6    -4.891974182014281E-6    558.7369929275947
-3.272622557347092E-6     -4.999999999999999E-6    131.7985040995745
-3.1399841356627564E-6    -4.999999999999998E-6    145.77996787844066
-7.05898263415884E-7      -4.443608967249183E-6    4032.8585394007605
-7.740878395772622E-7     -4.554887173799347E-6    3285.0540484917856
-8.422774157386402E-7     -4.666165380349508E-6    2541.2420532538385
-9.104669919000185E-7     -4.777443586899671E-6    1797.823074340477
-9.78656568061397E-7      -4.888721793449835E-6    1054.7971117516968
-1.0468461442227751E-6    -4.999999999999998E-6    315.3477328928596
-6.345083536808918E-7     -4.554887173799347E-6    3287.053271222906
-7.0269792984227E-7       -4.666165380349508E-6    2532.024383967979
-7.708875060036483E-7     -4.7774435868996715E-6   1795.96193116274
-8.390770821650264E-7     -4.888721793449835E-6    1060.130230391808
-9.072666583264049E-7     -4.9999999999999996E-6   324.5292816551805
-5.631184439458994E-7     -4.666165380349508E-6    2545.4447384245136
-6.31308020107278E-7      -4.777443586899673E-6    1798.401001834336
-6.994975962686561E-7     -4.888721793449835E-6    1062.786436312854
-7.676871724300341E-7     -4.999999999999998E-6    327.4026228256796
-4.917285342109072E-7     -4.777443586899671E-6    1804.657019842392
-5.599181103722856E-7     -4.888721793449835E-6    1065.442642233899
-6.281076865336638E-7     -4.999999999999997E-6    330.2759639961755
-4.2033862447591526E-7    -4.888721793449835E-6    1064.6901154765455
-4.885282006372935E-7     -4.999999999999999E-6    333.1493051666884
-2.8003630575449857E-6    -4.430039685431695E-6    3128.249231814823
-2.8682872731685405E-6    -4.544031748345356E-6    2523.9104427948723
-2.9362114887920937E-6    -4.658023811259016E-6    1926.7423410595388
-3.0041357044156485E-6    -4.772015874172676E-6    1331.3841707924275
-3.072059920039203E-6     -4.886007937086338E-6    737.8359319935334
-2.728818646673285E-6     -4.544031748345356E-6    2548.5745367393424
-2.7967428622968394E-6    -4.658023811259017E-6    1941.023361964999
-2.864667077920393E-6     -4.772015874172678E-6    1349.9898718541153
-2.932591293543947E-6     -4.886007937086337E-6    760.6515772765015
-3.0005155091675018E-6    -4.9999999999999996E-6   173.00847823223177
-2.657274235801583E-6     -4.658023811259016E-6    1966.990116157429
-2.725198451425138E-6     -4.772015874172678E-6    1364.5733676281325
-2.793122667048692E-6     -4.886007937086337E-6    773.87812395535
-2.8610468826722454E-6    -4.999999999999998E-6    184.87807581576294
-2.585729824929882E-6     -4.772015874172676E-6    1384.5403321762628
-2.6536540405534368E-6    -4.886007937086337E-6    787.1046706341485
-2.7215782561769903E-6    -4.999999999999997E-6    196.74767339941266
-2.5141854140581817E-6    -4.886007937086338E-6    801.2251847958407
-2.582109629681736E-6     -4.999999999999999E-6    208.61727098295518
-2.4426410031864805E-6    -4.999999999999998E-6    221.8328323508475
-1.404261053588428E-6     -4.44064348141582E-6     4007.071088606854
-1.472357557611668E-6     -4.552514785132656E-6    3255.921005980474
-1.5404540616349078E-6    -4.664386088849491E-6    2509.893118571429
-1.6085505656581476E-6    -4.776257392566326E-6    1764.7902444794713
-1.6766470696813882E-6    -4.888128696283163E-6    1020.6123837046408
-1.7447435737046278E-6    -4.999999999999998E-6    279.59232434931755
-1.3327780717152975E-6    -4.552514785132656E-6    3264.685927039037
-1.4008745757385376E-6    -4.664386088849491E-6    2506.509168597792
-1.4689710797617774E-6    -4.776257392566326E-6    1768.0280780298244
-1.5370675837850171E-6    -4.888128696283161E-6    1030.3122992261785
-1.6051640878082574E-6    -4.9999999999999996E-6   293.361832186919
-1.261295089842167E-6     -4.664386088849491E-6    2526.136013374295
-1.3293915938654072E-6    -4.776257392566328E-6    1775.7636689706205
-1.397488097888647E-6     -4.888128696283163E-6    1037.724224136177
-1.4655846019118868E-6    -4.999999999999998E-6    300.4500910660592
-1.1898121079690362E-6    -4.776257392566326E-6    1787.8706591623757
-1.2579086119922765E-6    -4.888128696283162E-6    1045.1361490461732
-1.326005116015516E-6     -4.999999999999997E-6    307.5383499452497
-1.118329126095906E-6     -4.888128696283163E-6    1049.8898644032486
-1.186425630119146E-6     -4.999999999999999E-6    314.6266088244062
-2.1028535822853487E-6    -4.436556125241291E-6    3697.757849517507
-2.170811066465575E-6     -4.549244900193032E-6    2997.168246174493
-2.238768550645801E-6     -4.661933675144773E-6    2301.389834388652
-2.3067260348260275E-6    -4.774622450096514E-6    1607.019958471455
-2.3746835190062544E-6    -4.8873112250482565E-6   914.0586184228966
-2.0312315805692052E-6    -4.549244900193032E-6    3011.82855030294
-2.0991890647494313E-6    -4.661933675144774E-6    2304.3373093237215
-2.167146548929657E-6     -4.774622450096515E-6    1615.6086308933045
-2.2351040331098836E-6    -4.8873112250482565E-6   928.1424942277054
-2.3030615172901106E-6    -4.9999999999999996E-6   241.9388993269505
-1.95960957885306E-6      -4.661933675144773E-6    2328.3708123542024
-2.027567063033287E-6     -4.774622450096516E-6    1627.8573716740948
-2.095524547213513E-6     -4.8873112250482565E-6   939.5317397715171
-2.1634820313937393E-6    -4.999999999999998E-6    252.46864963373648
-1.887987577136916E-6     -4.774622450096514E-6    1644.622091299153
-1.9559450613171428E-6    -4.8873112250482565E-6   950.9209853153243
-2.0239025454973685E-6    -4.999999999999997E-6    262.9983999405862
-1.8163655754207723E-6    -4.8873112250482565E-6   960.5823871377752
-1.8843230596009985E-6    -4.999999999999999E-6    273.5281502473429
4.418326971657505E-6      -4.7153515859073953E-7   -24347.081686279722
4.378055161807038E-6      -3.795103330727605E-7    -24663.457750859394
4.33778335195657E-6       -2.874855075547815E-7    -24980.713433409757
4.297511542106103E-6      -1.9546068203680249E-7   -25299.386769641642
4.3066655582930814E-6     -4.82946189591584E-7     -22357.338144094003
4.266393748442614E-6      -3.9092136407360497E-7   -22673.6288399327
4.226121938592147E-6      -2.98896538555626E-7     -22986.664285236006
4.195004144928658E-6      -4.943572205924285E-7    -20368.57597554448
4.154732335078191E-6      -4.0233239507444947E-7   -20684.824745837053
4.0833427315642345E-6     -5.05768251593273E-7     -18380.79518063117
4.500467666688362E-6      -5.858630826633876E-7    -24683.227925129664
4.470946948354795E-6      -7.116020377368801E-7    -22940.676002027798
4.441426230021229E-6      -8.373409928103726E-7    -21207.47197303061
4.411905511687662E-6      -9.630799478838653E-7    -19483.61583813818
4.594469989683977E-6      -6.366954000025505E-7    -25362.40543737596
4.56494927135041E-6       -7.62434355076043E-7     -23560.246468308327
4.535428553016843E-6      -8.881733101495355E-7    -21767.69269543908
4.68847231267959E-6       -6.875277173417135E-7    -26006.166958657705
4.658951594346024E-6      -8.13266672415206E-7     -24204.039627854392
4.782474635675205E-6      -7.383600346808765E-7    -26648.38425328524
4.388806253323938E-6      -5.97274113664232E-7     -22660.11987410979
4.2771448399595145E-6     -6.086851446650765E-7    -20671.82151784164
4.1654834265950915E-6     -6.20096175665921E-7     -18684.461092014822
4.0538220132306676E-6     -6.315072066667656E-7    -16639.922440628805
4.359285534990371E-6      -7.230130687377246E-7    -20982.786689661672
4.247624121625948E-6      -7.344240997385691E-7    -19000.068387817166
4.1359627082615245E-6     -7.458351307394136E-7    -16991.07840600438
4.329764816656805E-6      -8.487520238112171E-7    -19314.54409722452
4.2181034032923814E-6     -8.601630548120616E-7    -17340.69247859802
4.300244098323238E-6      -9.744909788847096E-7    -17688.764658409724
4.758004398257389E-6      -1.450198104097197E-6    -18969.28361773725
4.6344813569282075E-6     -1.3822475989743835E-6   -18328.847076413218
4.510958315599027E-6      -1.3142970938515699E-6   -17686.168260255625
4.3874352742698465E-6     -1.2463465887287565E-6   -16725.256348970805
4.639531837843959E-6      -1.5397752847457822E-6   -17071.495109191226
4.516008796514778E-6      -1.4718247796229688E-6   -16429.74551359722
4.392485755185597E-6      -1.4038742745001555E-6   -15642.05823855004
4.521059277430528E-6      -1.6293524653943678E-6   -15181.065234790334
4.397536236101348E-6      -1.5614019602715542E-6   -14565.98576791483
4.402586717017099E-6      -1.7189296460429532E-6   -13497.038937065166
3.649841614210736E-6      -2.0699770775982602E-7   -12240.463570407024
3.5815320721267557E-6     -3.1055955900082854E-7   -10405.717406909967
3.513222530042776E-6      -4.14121410241831E-7     -8579.880059390365
3.444912987958797E-6      -5.176832614828335E-7    -6762.894603919477
3.7132241546870094E-6     -3.104335642786495E-7    -12833.133210560947
3.6449146126030295E-6     -4.1399541551965203E-7   -11001.5883983811
3.5766050705190497E-6     -5.175572667606546E-7    -9178.947792472885
3.776606695163283E-6      -4.13869420797473E-7     -13423.310611739897
3.7082971530793038E-6     -5.174312720384755E-7    -11595.014309353906
3.839989235639557E-6      -5.173052773162965E-7    -14011.094154562537
3.621524413376429E-6      -1.0365237278489304E-6   -7782.700868020763
3.6915557943411056E-6     -9.32654838797968E-7     -9466.46558215474
3.7615871753057817E-6     -8.287859497470052E-7    -11166.009552691638
3.831618556270458E-6      -7.249170606960426E-7    -12873.540609120806
3.901649937235134E-6      -6.210481716450801E-7    -14589.05875144227
3.559863711780852E-6      -9.32780833520147E-7     -7036.138522127925
3.629895092745528E-6      -8.289119444691843E-7    -8717.639974104202
3.6999264737102042E-6     -7.250430554182216E-7    -10474.218737858842
3.769957854674881E-6      -6.211741663672591E-7    -12238.736258217832
3.4982030101852744E-6     -8.290379391913633E-7    -6349.450963232806
3.5682343911499506E-6     -7.251690501404006E-7    -8068.6349002201005
3.638265772114627E-6      -6.21300161089438E-7     -9827.878805723145
3.4365423085896973E-6     -7.252950448625797E-7    -5659.86346363534
3.506573689554373E-6      -6.21426155811617E-7     -7417.034135515596
3.3748816069941203E-6     -6.215521505337961E-7    -4967.376023335517
3.983790632265991E-6      -7.353760957177282E-7    -14916.061185729985
3.913759251301314E-6      -8.392449847686907E-7    -13258.351502011872
3.843727870336638E-6      -9.431138738196532E-7    -11608.677233473894
3.7736964893719625E-6     -1.046982762870616E-6    -9974.11848712909
4.065931327296848E-6      -8.497040197903761E-7    -15301.659162406271
3.995899946332172E-6      -9.535729088413388E-7    -13647.484944397946
3.925868565367496E-6      -1.0574417978923013E-6   -12000.595821428124
4.148072022327705E-6      -9.640319438630242E-7    -15685.304939913647
4.078040641363029E-6      -1.0679008329139867E-6   -14026.122903274387
4.230212717358563E-6      -1.0783598679356723E-6   -16050.699732667854
4.2849153821583295E-6     -1.8262349987125841E-6   -11714.593900394248
4.279864901242579E-6      -1.6687073129411854E-6   -12678.330324524439
4.274814420326827E-6      -1.5111796271697862E-6   -13573.556757526156
4.269763939411077E-6      -1.3536519413983874E-6   -14475.292002247439
4.2647134584953266E-6     -1.196124255626989E-6    -15627.79366388981
4.1621935663838096E-6     -1.7760126656108163E-6   -10747.066075416866
4.1571430854680584E-6     -1.6184849798394174E-6   -11658.219958080861
4.152092604552308E-6      -1.4609572940680186E-6   -12550.787752776721
4.147042123636557E-6      -1.3034296082966198E-6   -13576.810654317997
4.03947175060929E-6       -1.7257903325090485E-6   -9777.218220958894
4.0344212696935385E-6     -1.5682626467376496E-6   -10635.752780264978
4.029370788777788E-6      -1.4107349609662508E-6   -11535.54423172442
3.91674993483477E-6       -1.6755679994072807E-6   -8805.05033702031
3.9116994539190195E-6     -1.518040313635882E-6    -9503.994396109078
3.79402811906025E-6       -1.625345666305513E-6    -7666.70111590184
3.6560251545131933E-6     -1.154288115540247E-6    -7717.700277983611
3.6905258956499573E-6     -1.2720525032315634E-6   -7682.953810942038
3.725026636786721E-6      -1.38981689092288E-6     -7648.47825934339
3.759527377923486E-6      -1.5075812786141963E-6   -7614.273623187644
3.8081972305087264E-6     -1.1647471505619324E-6   -9834.17777689212
3.842697971645491E-6      -1.2825115382532488E-6   -9687.814405642019
3.877198712782255E-6      -1.4002759259445654E-6   -9542.10848039177
3.9603693065042595E-6     -1.1752061855836176E-6   -11847.71506378909
3.994870047641024E-6      -1.2929705732749342E-6   -11696.242072291549
4.112541382499793E-6      -1.1856652206053033E-6   -13860.339561188823
2.990996036151388E-6      -2.089607717810817E-7    1900.2545522329601
2.9256801829275274E-6     -3.1435969232116086E-7   3130.026246657493
2.860364329703667E-6      -4.1975861286124006E-7   4353.368870378734
2.795048476479807E-6      -5.251575334013192E-7    5569.881079958279
3.0552232901572114E-6     -3.125226230220842E-7    655.519507621917
2.9899074369333514E-6     -4.179215435621634E-7    1884.8939275415032
2.9245915837094905E-6     -5.233204641022425E-7    3107.374568060942
3.119450544163035E-6      -4.160844742630867E-7    -583.7893267215841
3.0541346909391744E-6     -5.214833948031659E-7    644.6680343048022
3.1836777981688592E-6     -5.196463255040892E-7    -1818.2385213101315
4.409941684670099E-6      -2.008633078416523E-6    -11777.627509706872
4.412246171407348E-6      -2.1408088250186936E-6   -11058.685944319439
4.4145506581445966E-6     -2.2729845716208643E-6   -10343.396811524672
4.416855144881846E-6      -2.4051603182230353E-6   -9631.760111322561
4.528414245083528E-6      -2.0619130406250802E-6   -12418.75874609342
4.5307187318207774E-6     -2.1940887872272513E-6   -11601.898156191912
4.533023218558027E-6      -2.326264533829422E-6    -10788.966121240604
4.646886805496958E-6      -2.115193002833638E-6    -12911.61895947066
4.649191292234208E-6      -2.247368749435809E-6    -12093.671389870178
4.7653593659103885E-6     -2.1684729650421955E-6   -13402.964503735997
3.850697139115178E-6      -2.2205357290564955E-6   -6128.865036359767
3.964389637615962E-6      -2.2838957962102377E-6   -6794.2862423913575
4.078082136116744E-6      -2.3472558633639794E-6   -7361.689248809754
4.191774634617528E-6      -2.4106159305177216E-6   -7927.087564410593
4.305467133118312E-6      -2.4739759976714638E-6   -8490.481189193859
3.962085150878712E-6      -2.1517200496080666E-6   -7267.16887732173
4.075777649379496E-6      -2.2150801167618088E-6   -7945.8744834606905
4.1894701478802795E-6     -2.278440183915551E-6    -8557.474277187132
4.303162646381063E-6      -2.3418002510692927E-6   -9167.073290966173
4.0734731626422465E-6     -2.082904370159638E-6    -8545.676613602109
4.18716566114303E-6       -2.14626443731338E-6     -9170.27581620539
4.300858159643814E-6      -2.2096245044671225E-6   -9781.152510526355
4.184861174405781E-6      -2.0140886907112093E-6   -9828.255442674537
4.2985536729065644E-6     -2.0774487578649515E-6   -10398.608040321637
4.296249186169315E-6      -1.9452730112627804E-6   -11114.905364539043
3.839363335104192E-6      -2.101497716506299E-6    -6431.189056808252
3.950751346867727E-6      -2.03268203705787E-6     -7618.716877173862
4.062139358631261E-6      -1.9638663576094417E-6   -8954.791656418749
4.173527370394794E-6      -1.8950506781610128E-6   -10295.077729876186
3.828029531093207E-6      -1.982459703956102E-6    -6748.29448418934
3.939417542856741E-6      -1.9136440245076737E-6   -8037.2428453582515
4.050805554620275E-6      -1.844828345059245E-6    -9377.501363437432
3.816695727082221E-6      -1.863421691405906E-6    -7067.000100541383
3.928083738845755E-6      -1.7946060119574772E-6   -8457.641749409764
3.8053619230712355E-6     -1.7443836788557094E-6   -7387.305905864377
4.77181388476168E-6       -2.867863478572709E-6    -9168.628016617029
4.655645811085499E-6      -2.8039021201091788E-6   -8935.29510243966
4.539477737409318E-6      -2.739940761645649E-6    -8700.594370046545
4.423309663733137E-6      -2.6759794031821195E-6   -8334.218785983197
4.65979584319954E-6       -2.9425454584660923E-6   -8257.372014440147
4.54362776952336E-6       -2.8785841000025625E-6   -8023.4826477385
4.427459695847179E-6      -2.8146227415390326E-6   -7742.053305296835
4.547777801637401E-6      -3.017227438359476E-6    -7349.280219750421
4.431609727961221E-6      -2.953266079895946E-6    -7152.582995699462
4.435759760075262E-6      -3.0919094182528597E-6   -6565.807857191089
2.3418696667410385E-6     -2.131875165176527E-7    15939.318776508633
2.2758912766709185E-6     -3.209761124952262E-7    16518.93599549967
2.2099128866007985E-6     -4.287647084727997E-7    17094.86787317833
2.1439344965306794E-6     -5.365533044503732E-7    17665.30316148613
2.4062839948507793E-6     -3.185864370577319E-7    14112.710173676664
2.3403056047806597E-6     -4.263750330353054E-7    14694.6795471084
2.2743272147105397E-6     -5.341636290128789E-7    15271.99939661059
2.4706983229605205E-6     -4.2398535759781104E-7   12294.225329604575
2.404719932890401E-6      -5.317739535753846E-7    12878.440853746024
2.535112651070262E-6      -5.293842781378903E-7    10484.627532892424
2.9818612815160326E-6     -1.0297411604507925E-6   1833.6567760298033
3.0481332062925347E-6     -9.273547796016366E-7    628.2325246289856
3.114405131069037E-6      -8.249683987524805E-7    -579.9091173680663
3.1806770558455386E-6     -7.225820179033246E-7    -1793.9269597235143
3.246948980622041E-6      -6.201956370541686E-7    -3013.8210024373493
2.9185900990628508E-6     -9.291918489007132E-7    3088.1493570525718
2.984862023839353E-6      -8.268054680515572E-7    1860.6374942347495
3.051133948615855E-6      -7.244190872024012E-7    639.878369649583
3.1174058733923567E-6     -6.220327063532451E-7    -586.6024923695859
2.855318916609669E-6      -8.286425373506339E-7    4307.06216879272
2.9215908413861706E-6     -7.262561565014778E-7    3092.0431290868946
2.987862766162673E-6      -6.238697756523219E-7    1870.9565582187142
2.7920477341564862E-6     -7.280932258005545E-7    5531.033766129523
2.8583196589329883E-6     -6.257068449513985E-7    4328.323876515284
2.7287765517033048E-6     -6.275439142504752E-7    6760.064149063019
3.3086096822176177E-6     -7.239385313829521E-7    -3716.080338461623
3.2423377574411156E-6     -8.263249122321081E-7    -2509.6415411301896
3.176065832664614E-6      -9.287112930812641E-7    -1309.2334070815123
3.109793907888112E-6      -1.03109767393042E-6     -114.72815908855016
3.3702703838131952E-6     -8.276814257117357E-7    -4445.667756713992
3.303998459036693E-6      -9.300678065608918E-7    -3240.703094308603
3.237726534260191E-6      -1.0324541874100476E-6   -2041.341503640428
3.4319310854087723E-6     -9.314243200405192E-7    -5172.050984382069
3.36565916063227E-6       -1.0338107008896751E-6   -3967.8372996569833
3.4935917870043498E-6     -1.035167214369303E-6    -5894.215547138205
3.2887036657400743E-6     -1.4429728784955675E-6   -2200.2046198372664
3.3897685564041097E-6     -1.4794474360575566E-6   -3440.2193188955735
3.4908334470681446E-6     -1.5159219936195455E-6   -4535.125962254286
3.5918983377321796E-6     -1.5523965511815349E-6   -5628.180006903798
3.692963228396215E-6      -1.5888711087435238E-6   -6719.381452844089
3.3552678152673453E-6     -1.36168304836624E-6     -3317.492469577818
3.4563327059313803E-6     -1.3981576059282294E-6   -4461.555540757121
3.5573975965954152E-6     -1.4346321634902183E-6   -5586.472280657785
3.65846248725945E-6       -1.4711067210522072E-6   -6709.489920700675
3.4218319647946163E-6     -1.2803932182369128E-6   -4402.26746443705
3.5228968554586513E-6     -1.3168677757989017E-6   -5508.775314297014
3.6239617461226863E-6     -1.3533423333608908E-6   -6634.87664417455
3.488396114321887E-6      -1.1991033881075851E-6   -5491.191311687869
3.589461004985922E-6      -1.2355779456695743E-6   -6560.147752534387
3.554960263849158E-6      -1.117813557978258E-6    -6584.2640113303
3.227335188895266E-6      -1.3603265348866125E-6   -1368.337091516445
3.2938993384225367E-6     -1.279036704757285E-6    -2507.8670005945555
3.3604634879498073E-6     -1.1977468746279576E-6   -3632.166651247544
3.4270276374770783E-6     -1.1164570444986301E-6   -4760.611341986205
3.1659667120504575E-6     -1.2776801912776575E-6   -589.4733873110363
3.232530861577728E-6      -1.19639036114833E-6     -1712.8001120245199
3.299095011104999E-6      -1.1151005310190028E-6   -2837.8846071750477
3.1045982352056494E-6     -1.1950338476687025E-6   192.17540546290456
3.17116238473292E-6       -1.113744017539375E-6    -915.0445724468345
3.043229758360841E-6      -1.1123875040597475E-6   976.6092868054357
3.6976041191774587E-6     -1.6859312178840346E-6   -6420.16492577837
3.6011801192946666E-6     -1.7465167694625565E-6   -5254.456812767052
3.5047561194118753E-6     -1.8071023210410782E-6   -4092.076682595608
3.408332119529084E-6      -1.8676878726196001E-6   -2933.024535264056
3.3119081196462924E-6     -1.928273424198122E-6    -1906.1824269602882
3.708937923188444E-6      -1.8049692304342313E-6   -6120.8008159363035
3.6125139233056526E-6     -1.8655547820127528E-6   -5005.7375737597595
3.5160899234228605E-6     -1.926140333591275E-6    -3893.9231974059085
3.4196659235400697E-6     -1.986725885169797E-6    -2846.516461504456
3.7202717271994295E-6     -1.9240072429844275E-6   -5901.806786573134
3.6238477273166382E-6     -1.9845927945629495E-6   -4790.273024595059
3.5274237274338466E-6     -2.0451783461414714E-6   -3700.5306779954644
3.731605531210415E-6      -2.043045255534624E-6    -5684.140199284739
3.6351815313276234E-6     -2.103630807113146E-6    -4552.092941420223
3.742939335221401E-6      -2.162083268084821E-6    -5401.203251778737
3.293344556521318E-6      -1.5400329876360785E-6   -2145.7370253996064
3.2979854473025617E-6     -1.6370930967765894E-6   -2082.257848844176
3.302626338083805E-6      -1.7341532059171002E-6   -2019.2297217069872
3.3072672288650487E-6     -1.831213315057611E-6    -1956.6526439880472
3.394409447185353E-6      -1.5765075451980674E-6   -3313.2239440848443
3.3990503379665962E-6     -1.6735676543385783E-6   -3165.149881310047
3.40369122874784E-6       -1.770627763479089E-6    -3017.728017552026
3.495474337849388E-6      -1.6129821027600564E-6   -4377.02458167803
3.5001152286306316E-6     -1.7100422119005674E-6   -4226.670019702773
3.596539228513423E-6      -1.6494566603220457E-6   -5439.019121710575
2.3511259600669334E-6     -1.0746397008961857E-6   11140.839762790454
2.4140018419035714E-6     -9.651106812570277E-7    10495.588091720982
2.476877723740209E-6      -8.555816616178698E-7    9883.303162476075
2.5397536055768468E-6     -7.460526419787118E-7    9267.331160959922
2.602629487413485E-6      -6.365236223395538E-7    8647.672087172547
2.2836091237237107E-6     -9.675003566945222E-7    12860.110301259047
2.346485005560348E-6      -8.579713370553641E-7    12226.889081717793
2.409360887396986E-6      -7.48442317416206E-7     11649.776177097401
2.4722367692336232E-6     -6.389132977770481E-7    11069.276757022279
2.2160922873804875E-6     -8.603610124928584E-7    14616.387594276355
2.278968169217125E-6      -7.508319928537003E-7    14031.478133981362
2.341844051053763E-6      -6.413029732145424E-7    13456.59974972556
2.1485754510372644E-6     -7.532216682911948E-7    16380.37605392676
2.211451332873902E-6      -6.436926486520367E-7    15843.67907788463
2.0810586146940413E-6     -6.460823240895312E-7    18152.07568021024
2.6659006698666667E-6     -7.370729338896333E-7    7392.839126344887
2.6030247880300286E-6     -8.466019535287911E-7    8047.06178799611
2.540148906193391E-6      -9.561309731679491E-7    8697.296820559623
2.4772730243567533E-6     -1.0656599928071071E-6   9338.359573125344
2.7291718523198486E-6     -8.376222454397125E-7    6177.286636736506
2.666295970483211E-6      -9.471512650788705E-7    6832.534268358653
2.603420088646573E-6      -1.0566802847180284E-6   7481.573234194357
2.792443034773031E-6      -9.381715569897918E-7    4966.976605745196
2.7295671529363927E-6     -1.0477005766289498E-6   5624.02520988067
2.8557142172262127E-6     -1.0387208685398713E-6   3765.7155001843225
3.3504072813594628E-6     -2.4518422050464946E-6   -1640.9409984729243
3.450465252910606E-6      -2.405580909848495E-6    -2458.8565802383446
3.550523224461749E-6      -2.359319614650495E-6    -3352.549395325853
3.650581196012892E-6      -2.313058319452495E-6    -4248.309694569592
3.750639167564035E-6      -2.266797024254495E-6    -5146.13747796958
3.342707449016829E-6      -2.34712844887682E-6     -1707.834568376927
3.442765420567972E-6      -2.3008671536788203E-6   -2549.1212652018353
3.5428233921191144E-6     -2.25460585848082E-6     -3475.4814456011914
3.6428813636702573E-6     -2.20834456328282E-6     -4403.976173696021
3.335007616674195E-6      -2.2424146927071457E-6   -1757.5673859604235
3.4350655882253375E-6     -2.1961533975091452E-6   -2668.145163483764
3.535123559776481E-6      -2.1498921023111456E-6   -3597.030290561802
3.3273077843315606E-6     -2.137700936537471E-6    -1807.6323282367825
3.427365755882703E-6      -2.091439641339471E-6    -2787.663153794534
3.3196079519889263E-6     -2.0329871803677965E-6   -1858.0293952060288
4.298670437390725E-6      -2.609162966154289E-6    -7826.348990529024
4.178181243162354E-6      -2.6809898674833712E-6   -6828.508780654012
4.0576920489339835E-6     -2.7528167688124545E-6   -5834.215728640582
3.937202854705613E-6      -2.824643670141537E-6    -4843.469834488754
3.816713660477242E-6      -2.8964705714706198E-6   -3973.0738191881915
4.3028204695047666E-6     -2.747806304511202E-6    -7253.1715759480985
4.182331275276396E-6      -2.8196332058402848E-6   -6305.845858991154
4.0618420810480245E-6     -2.8914601071693676E-6   -5361.934601657884
3.941352886819655E-6      -2.9632870084984505E-6   -4489.687563302222
4.306970501618808E-6      -2.8864496428681155E-6   -6749.0790165082
4.186481307390438E-6      -2.9582765441971983E-6   -5805.691344867513
4.065992113162066E-6      -3.0301034455262807E-6   -4895.8576513804355
4.3111205337328495E-6     -3.0250929812250286E-6   -6247.467504926316
4.19063133950448E-6       -3.096919882554112E-6    -5300.04545454471
4.315270565846891E-6      -3.163736319581942E-6    -5702.250972795038
3.843900443387591E-6      -2.3557226975393205E-6   -5702.209265100547
3.837103747660003E-6      -2.490909666022145E-6    -5260.836211076087
3.830307051932417E-6      -2.62609663450497E-6     -4821.882104101545
3.823510356204829E-6      -2.7612836029877947E-6   -4385.346944176915
3.957592941888374E-6      -2.4190827646930627E-6   -6336.101445582314
3.950796246160787E-6      -2.554269733175887E-6    -5811.6747717088365
3.9439995504332E-6        -2.689456701658712E-6    -5289.888421074747
4.071285440389158E-6      -2.4824428318468044E-6   -6857.06049801327
4.0644887446615705E-6     -2.6176298003296295E-6   -6331.109756865879
4.184977938889941E-6      -2.545802899000546E-6    -7376.0109487565105
3.443668557183019E-6      -2.5407678783313195E-6   -2185.683691585268
3.5369298330065748E-6     -2.629693551616145E-6    -2659.2564656614586
3.6301911088301303E-6     -2.7186192249009694E-6   -3130.3996326190745
3.7234523846536863E-6     -2.807544898185795E-6    -3599.1131924580895
3.543726528734162E-6      -2.49450658313332E-6     -2998.5276336101474
3.6369878045577177E-6     -2.583432256418145E-6    -3507.5338185446776
3.7302490803812733E-6     -2.6723579297029698E-6   -4014.1402563315296
3.6437845002853047E-6     -2.44824528793532E-6     -3860.7795813689227
3.7370457761088607E-6     -2.5371709612201448E-6   -4368.487317607887
3.7438424718364476E-6     -2.4019839927373197E-6   -4725.0319497446835
3.954761544573773E-6      -3.505238414615567E-6    -3147.7997352675766
4.051791194096879E-6      -3.4503012830144084E-6   -3642.5331212005476
4.148820843619985E-6      -3.3953641514132494E-6   -4212.1575309868595
4.245850493143092E-6      -3.3404270198120904E-6   -4783.498592068134
4.342880142666198E-6      -3.2854898882109314E-6   -5356.556304444398
3.927151967754468E-6      -3.3834848459865777E-6   -3292.9858729796
4.024181617277574E-6      -3.3285477143854187E-6   -3855.5077733968033
4.121211266800679E-6      -3.2736105827842593E-6   -4453.946396705362
4.2182409163237854E-6     -3.2186734511831007E-6   -5054.165440368961
3.899542390935161E-6      -3.261731277357588E-6    -3470.214484918308
3.996572040458266E-6      -3.206794145756429E-6    -4089.32036742879
4.093601689981373E-6      -3.15185701415527E-6     -4689.806488780638
3.871932814115855E-6      -3.1399777087285987E-6   -3647.6290213898274
3.9689624636389605E-6     -3.0850405771274397E-6   -4323.463550515229
3.844323237296549E-6      -3.018224140099609E-6    -3825.229482394162
4.765777124626271E-6      -3.5781213367396342E-6   -5671.452007771893
4.653759083064132E-6      -3.5099461737758747E-6   -5620.459286213803
4.541741041501993E-6      -3.441771010812115E-6    -5568.216358833999
4.4297229999398544E-6     -3.373595847848356E-6    -5429.818791183812
4.643572290814683E-6      -3.652989265014458E-6    -5004.2197247254
4.531554249252544E-6      -3.584814102050699E-6    -4952.72438837596
4.419536207690405E-6      -3.5166389390869393E-6   -4873.791407910461
4.521367457003095E-6      -3.7278571932892816E-6   -4339.599075078355
4.409349415440956E-6      -3.6596820303255225E-6   -4320.0292536005545
4.399162623191506E-6      -3.8027251215641057E-6   -3768.532328254089
4.041604401847431E-6      -3.5933443742529916E-6   -3191.788273436727
4.1284472591210865E-6     -3.681450333890416E-6    -3221.725884803418
4.215290116394744E-6      -3.7695562935278405E-6   -3250.2849222748146
4.3021329736684E-6        -3.857662253165264E-6    -3277.465385850901
4.138634051370537E-6      -3.5384072426518326E-6   -3714.126086747921
4.225476908644192E-6      -3.6265132022892564E-6   -3763.893644952553
4.31231976591785E-6       -3.714619161926681E-6    -3812.343148595721
4.235663700893642E-6      -3.483470111050673E-6    -4256.069294508763
4.322506558167298E-6      -3.571576070688098E-6    -4304.9223661668875
4.3326933504167485E-6     -3.4285329794495146E-6   -4799.6653845045
4.519402271742309E-6      -4.429913079513897E-6    -1866.7961158593175
4.6090004953538345E-6     -4.376866077418414E-6    -2183.3611849474773
4.698598718965359E-6      -4.323819075322931E-6    -2518.8336957533656
4.788196942576885E-6      -4.270772073227448E-6    -2855.3794959800152
4.486795661542246E-6      -4.308876862836095E-6    -2217.842520694769
4.576393885153771E-6      -4.255829860740611E-6    -2571.146640191692
4.665992108765297E-6      -4.202782858645129E-6    -2907.8309335072904
4.4541890513421825E-6     -4.187840646158293E-6    -2568.75425157885
4.543787274953708E-6      -4.13479364406281E-6     -2958.874285387658
4.42158244114212E-6       -4.066804429480491E-6    -2919.5313085115504
1.6835156502862727E-6     -2.1706306857974728E-7   29358.344562146944
1.6165958569359031E-6     -3.2633754118192105E-7   29213.71372830927
1.549676063585534E-6      -4.3561201378409476E-7   29068.659351276463
1.482756270235165E-6      -5.448864863862686E-7    28921.242170092894
1.7492922339648167E-6     -3.248516645573208E-7    27000.14061774333
1.6823724406144474E-6     -4.3412613715949456E-7   26860.731417009873
1.6154526472640783E-6     -5.434006097616683E-7    26720.006885400962
1.8150688176433605E-6     -4.326402605348943E-7    24652.650038730615
1.7481490242929914E-6     -5.419147331370681E-7    24518.624700088356
1.880845401321905E-6      -5.404288565124679E-7    22317.09561415507
1.6877103107905577E-6     -1.0851775269472384E-6   20291.48132781079
1.75287660430261E-6       -9.759306175353643E-7    20176.456423837088
1.818042897814662E-6      -8.666837081234901E-7    20124.78241714975
1.883209191326714E-6      -7.574367987116159E-7    20071.896470783984
1.948375484838766E-6      -6.481898892997417E-7    20017.798584739798
1.6201802272736966E-6     -9.774164941599646E-7    22354.593555929532
1.6853465207857486E-6     -8.681695847480904E-7    22277.770572020057
1.7505128142978006E-6     -7.58922675336216E-7     22292.105793660514
1.8156791078098526E-6     -6.49675765924342E-7     22305.621737387584
1.5526501437568352E-6     -8.696554613726906E-7    24477.093403989573
1.6178164372688872E-6     -7.604085519608163E-7    24482.243616146192
1.6829827307809394E-6     -6.511616425489421E-7    24500.924911567465
1.485120060239974E-6      -7.618944285854166E-7    26608.94153199788
1.550286353752026E-6      -6.526475191735425E-7    26696.087728518574
1.4175899767231127E-6     -6.541333957981428E-7    28750.137939954442
2.015892321181989E-6      -7.553292335014053E-7    18194.9828029595
1.950726027669937E-6      -8.645761429132795E-7    18314.724385554582
1.8855597341578849E-6     -9.738230523251538E-7    18432.86136670618
1.8203934406458329E-6     -1.083069961737028E-6    18547.588780640363
2.0834091575252124E-6     -8.624685777030689E-7    16472.35708404478
2.0182428640131604E-6     -9.717154871149431E-7    16595.293885113664
1.953076570501108E-6      -1.0809623965268173E-6   16715.77375085761
2.150925993868435E-6      -9.696079219047327E-7    14757.541806756475
2.085759700356383E-6      -1.0788548313166066E-6   14883.781714254275
2.2184428302116582E-6     -1.0767472661063962E-6   13051.612670830371
2.9317645209133985E-6     -1.1533057315715382E-6   2346.419738376535
2.8056174566235785E-6     -1.1622854396606168E-6   4236.670466238058
2.6794703923337586E-6     -1.1712651477496953E-6   6086.821296625332
2.5533233280439387E-6     -1.1802448558387739E-6   7936.243866659732
2.427176263754119E-6      -1.1892245639278526E-6   9736.59235235117
2.8816677603107643E-6     -1.2768703026922837E-6   2874.634234415431
2.7555206960209444E-6     -1.2858500107813622E-6   4700.576178605203
2.6293736317311245E-6     -1.294829718870441E-6    6545.598593954331
2.503226567441305E-6      -1.3038094269595196E-6   8380.52226763278
2.83157099970813E-6       -1.4004348738130292E-6   3399.3157512984
2.7054239354183103E-6     -1.4094145819021077E-6   5161.239104099101
2.5792768711284907E-6     -1.4183942899911865E-6   7030.856464935689
2.7814742391054965E-6     -1.5239994449337749E-6   3920.46428902542
2.6553271748156765E-6     -1.5329791530228536E-6   5687.594944259914
2.7313774785028623E-6     -1.6475640160545204E-6   4421.435468600892
3.177238428292632E-6      -1.4838911060073582E-6   -742.6660728148656
3.1158699514478234E-6     -1.4012447623984032E-6   6.758473525842419
3.054501474603015E-6      -1.318598418789448E-6    770.6401566394998
2.9931329977582066E-6     -1.235952075180493E-6    1537.4033658825938
3.0657731908451897E-6     -1.5248093335191487E-6   578.6702641489514
3.0044047140003807E-6     -1.4421629899101935E-6   1359.786058030084
2.9430362371555725E-6     -1.3595166463012387E-6   2125.673748914156
2.9543079533977474E-6     -1.5657275610309392E-6   1897.3952741695318
2.8929394765529384E-6     -1.4830812174219842E-6   2710.120960507071
2.8428427159503046E-6     -1.6066457885427299E-6   3213.5089572468582
3.1818793190738753E-6     -1.580951215147869E-6    -752.729059444282
3.0704140816264325E-6     -1.6218694426596595E-6   535.868751120388
2.9589488441789902E-6     -1.66278767017145E-6     1821.9365898258247
2.8474836067315484E-6     -1.703705897683241E-6    3022.102301702804
3.1865202098551186E-6     -1.6780113242883798E-6   -774.6175565369012
3.0750549724076767E-6     -1.7189295518001703E-6   510.92696739862913
2.9635897349602344E-6     -1.759847779311961E-6    1753.5575636908106
3.1911611006363623E-6     -1.7750714334288907E-6   -796.755953449223
3.07969586318892E-6       -1.8159896609406812E-6   488.27754686295793
3.1958019914176064E-6     -1.8721315425694017E-6   -773.7377487807642
2.898102042019183E-6      -2.18766338170454E-6     2062.1121745713835
2.9885630898872394E-6     -2.240499146372931E-6    1237.483741822558
3.079024137755295E-6      -2.2933349110413215E-6   497.34942551135555
3.169485185623351E-6      -2.346170675709713E-6    -240.8365596639892
3.259946233491407E-6      -2.3990064403781035E-6   -977.0742137034531
2.980863257544605E-6      -2.1357853902032562E-6   1326.882136553771
3.0713243054126606E-6     -2.1886211548716473E-6   521.5648219286832
3.1617853532807165E-6     -2.241456919540038E-6    -251.1877156910832
3.2522464011487725E-6     -2.294292684208429E-6    -1021.9671577526115
3.0636244730700267E-6     -2.0839073987019726E-6   539.7567651435188
3.154085520938082E-6      -2.1367431633703637E-6   -230.32983201853676
3.2445465688061386E-6     -2.1895789280387543E-6   -1003.0215576982046
3.1463856885954487E-6     -2.032029407200689E-6    -249.42711029324164
3.2368467364635043E-6     -2.0848651718690796E-6   -984.2461150007057
3.2291469041208704E-6     -1.9801514156994054E-6   -1040.6694897565278
2.864757129315919E-6      -2.079643508574536E-6    2575.0943748114105
2.9475183448413407E-6     -2.0277655170732523E-6   1750.0890108802623
3.0302795603667623E-6     -1.9758875255719687E-6   926.0443038114945
3.113040775892184E-6      -1.924009534070685E-6    99.90421772465925
2.8314122166126547E-6     -1.971623635444532E-6    3020.4896587970834
2.9141734321380767E-6     -1.9197456439432484E-6   2144.503463295514
2.9969346476634988E-6     -1.8678676524419648E-6   1318.709326091168
2.7980673039093907E-6     -1.8636037623145282E-6   3467.865236176434
2.8808285194348123E-6     -1.8117257708132444E-6   2540.717175246623
2.7647223912061263E-6     -1.7555838891845243E-6   3917.221106949482
2.027438144697103E-6      -1.6194605156282735E-6   12420.679203946594
2.0921757077710695E-6     -1.510496352681856E-6    12119.416188898573
2.1569132708450353E-6     -1.4015321897354383E-6   11871.862216599695
2.221650833919001E-6      -1.292568026789021E-6    11622.206675487458
2.2863883969929675E-6     -1.183603863842603E-6    11370.449565561863
1.9594925779157944E-6     -1.5126039178920666E-6   13943.133305139849
2.0242301409897602E-6     -1.403639754945649E-6    13689.448442299694
2.088967704063726E-6      -1.2946755919992312E-6   13479.010286128916
2.153705267137692E-6      -1.1857114290528136E-6   13266.75692888438
1.891547011134485E-6      -1.4057473201558594E-6   15505.457733426412
1.956284574208451E-6      -1.2967831572094418E-6   15301.417311466701
2.021022137282417E-6      -1.1878189942630242E-6   15093.561057374918
1.8236014443531758E-6     -1.2988907224196525E-6   17074.61464541121
1.888339007427142E-6      -1.189926559473235E-6    16920.19576898893
1.7556558775718668E-6     -1.1920341246834454E-6   18650.604041094244
2.3624387006801533E-6     -1.2981887268742702E-6   9979.344078098911
2.297701137606187E-6      -1.4071528898206878E-6   10268.05369128381
2.232963574532221E-6      -1.5161170527671052E-6   10554.37536791576
2.1682260114582553E-6     -1.625081215713523E-6    10839.600154230076
2.4384890043673387E-6     -1.412773589905937E-6    8664.095189783831
2.373751441293373E-6      -1.5217377528523548E-6   8954.650656699729
2.309013878219407E-6      -1.6307019157987722E-6   9243.618653666817
2.5145393080545245E-6     -1.527358452937604E-6    7355.369082661167
2.4498017449805586E-6     -1.6363226158840217E-6   7648.061456718412
2.5905896117417107E-6     -1.6419433159692712E-6   6052.928563384889
2.875912605154281E-6      -2.2853535364853797E-6   2081.7466509305204
2.853723168289378E-6      -2.383043691266219E-6    2162.257089661077
2.8315337314244757E-6     -2.4807338460470586E-6   2242.02022242118
2.8093442945595727E-6     -2.578424000827898E-6    2321.036049210817
2.7871548576946706E-6     -2.6761141556087375E-6   2409.410402097777
2.9663736530223364E-6     -2.3381893011537703E-6   1338.2094371344292
2.944184216157434E-6      -2.4358794559346098E-6   1472.0071547326434
2.9219947792925317E-6     -2.533569610715449E-6    1604.9227895987892
2.899805342427629E-6      -2.631259765496289E-6    1702.2515152095698
3.056834700890392E-6      -2.391025065822161E-6    632.2938962961744
3.03464526402549E-6       -2.4887152206030008E-6   767.6313561186653
3.0124558271605876E-6     -2.5864053753838402E-6   891.0029182668532
3.1472957487584483E-6     -2.4438608304905524E-6   -71.6980778285988
3.1251063118935457E-6     -2.541550985271392E-6    77.76016516069626
3.2377567966265047E-6     -2.496696595158943E-6    -737.4767441089057
3.236662097828936E-6      -2.9470894358627878E-6   -517.4610286852737
3.352672410358597E-6      -2.936965662984354E-6    -1195.7605810321074
3.4686827228882586E-6     -2.9268418901059204E-6   -1887.196456175982
3.5846930354179197E-6     -2.9167181172274867E-6   -2579.035538048174
3.7007033479475812E-6     -2.9065943443490535E-6   -3271.2778266486885
3.2594111345350415E-6     -2.848039989699529E-6    -783.1674715331428
3.3754214470647026E-6     -2.8379162168210955E-6   -1452.6416146295305
3.4914317595943637E-6     -2.8277924439426618E-6   -2146.7574838899855
3.6074420721240252E-6     -2.817668671064228E-6    -2841.2888186803357
3.282160171241147E-6      -2.7489905435362705E-6   -996.5970443458027
3.398170483770808E-6      -2.738866770657837E-6    -1711.4661166962578
3.5141807963004692E-6     -2.728742997779403E-6    -2407.682144911818
3.304909207947252E-6      -2.649941097373012E-6    -1211.250358278603
3.4209195204769132E-6     -2.639817324494578E-6    -1971.6160040538052
3.3276582446533577E-6     -2.550891651209753E-6    -1427.12741333155
3.146760649802083E-6      -2.8928943798119776E-6   2.311031491117774
3.1695096865081885E-6     -2.7938449336487193E-6   -191.27237080614123
3.1922587232142936E-6     -2.6947954874854603E-6   -360.12181791394505
3.215007759920399E-6      -2.595746041322202E-6    -530.0933619712123
3.05685920177523E-6       -2.8386993237611677E-6   588.8047355602698
3.0796082384813347E-6     -2.739649877597909E-6    426.5914864565175
3.10235727518744E-6       -2.6406004314346505E-6   259.027394754592
2.9669577537483766E-6     -2.7845042677103575E-6   1177.0173873257722
2.989706790454482E-6      -2.685454821547099E-6    1046.197839620645
2.8770563057215236E-6     -2.7303092116595477E-6   1766.948986787646
3.8503319528503365E-6     -3.489884941521874E-6    -2796.0847336783627
3.82272237603103E-6       -3.3681313728928844E-6   -2922.3662675041305
3.7951127992117233E-6     -3.2463778042638947E-6   -3043.253899994652
3.7675032223924168E-6     -3.1246242356349055E-6   -3164.1827924963436
3.739893645573111E-6      -3.002870667005916E-6    -3332.763242033299
3.7459023611268982E-6     -3.474531468428181E-6    -2396.4045634790773
3.7182927843075917E-6     -3.352777899799191E-6    -2517.1545993210875
3.6906832074882855E-6     -3.231024331170202E-6    -2636.237736413408
3.6630736306689794E-6     -3.109270762541212E-6    -2778.590888517403
3.64147276940346E-6       -3.459177995334487E-6    -1996.2792076418261
3.613863192584154E-6      -3.337424426705498E-6    -2111.487170966775
3.5862536157648477E-6     -3.2156708580765086E-6   -2227.6263188715257
3.5370431776800226E-6     -3.4438245222407943E-6   -1595.7086661666033
3.5094336008607165E-6     -3.322070953611805E-6    -1679.8695330956516
3.432613585956585E-6      -3.428471049147101E-6    -1174.2487829055842
3.275852395454466E-6      -3.0433657585196505E-6   -601.9757307845252
3.3150426930799957E-6     -3.1396420811765132E-6   -743.6401556989813
3.354232990705525E-6      -3.2359184038333756E-6   -884.4109950358034
3.3934232883310554E-6     -3.3321947264902387E-6   -1024.2882487949769
3.391862707984127E-6      -3.033241985641217E-6    -1312.0827010610024
3.4310530056096568E-6     -3.1295183082980796E-6   -1426.9834499343965
3.4702433032351866E-6     -3.225794630954942E-6    -1541.08091083077
3.5078730205137885E-6     -3.023118212762783E-6    -2001.122032466391
3.5470633181393183E-6     -3.119394535419646E-6    -2114.2060727627777
3.6238833330434495E-6     -3.0129944398843495E-6   -2690.5523117985213
3.908556910255593E-6      -3.600783573343867E-6    -2841.9098150312993
3.8623522759374125E-6     -3.6963287320721665E-6   -2492.8122306491227
3.816147641619232E-6      -3.7918738908004665E-6   -2145.3455684940127
3.769943007301051E-6      -3.887419049528766E-6    -1799.5098285659956
3.7237383729828707E-6     -3.982964208257066E-6    -1469.2406266276028
3.9953997675292495E-6     -3.688889532981291E-6    -2859.3648934601188
3.949195133211069E-6      -3.7844346917095903E-6   -2510.61854440306
3.902990498892888E-6      -3.87997985043789E-6     -2163.5017384802914
3.856785864574708E-6      -3.97552500916619E-6     -1818.0184401387287
4.082242624802906E-6      -3.776995492618715E-6    -2868.52910313559
4.0360379904847256E-6     -3.872540651347015E-6    -2519.7537857717507
3.989833356166545E-6      -3.968085810075315E-6    -2172.5035461042116
4.169085482076563E-6      -3.86510145225614E-6     -2876.2542195819215
4.122880847758383E-6      -3.96064661098444E-6     -2527.2321008748963
4.25592833935022E-6       -3.953207411893564E-6    -2882.2041044507846
3.804127318532155E-6      -3.5854301002501737E-6   -2440.76063246948
3.6996977268087173E-6     -3.57007662715648E-6     -2046.0286143272192
3.5952681350852795E-6     -3.5547231540627867E-6   -1650.8619850802916
3.4908385433618426E-6     -3.5393696809690943E-6   -1223.3592999527004
3.7579226842139743E-6     -3.680975258978473E-6    -2092.5039939268695
3.653493092490537E-6      -3.66562178588478E-6     -1698.99312525607
3.549063500767099E-6      -3.6502683127910867E-6   -1287.0964719970025
3.7117180498957938E-6     -3.7765204177067728E-6   -1745.879656704105
3.6072884581723564E-6     -3.76116694461308E-6     -1349.5107617509138
3.6655134155776137E-6     -3.872065576435073E-6    -1410.6021692144304
4.452089550535114E-6      -4.5394654283137315E-6   -1479.809354803993
4.419482940335051E-6      -4.4184292116359296E-6   -1797.0670271813506
4.386876330134987E-6      -4.297392994958128E-6    -2111.296562649699
4.354269719934924E-6      -4.176356778280326E-6    -2425.3145602635504
4.321663109734862E-6      -4.0553205616025245E-6   -2772.8439903859603
4.3521702191278555E-6     -4.527981560435766E-6    -1394.3535475453464
4.319563608927792E-6      -4.406945343757963E-6    -1709.2609767554477
4.286956998727729E-6      -4.285909127080162E-6    -2022.2009107557533
4.254350388527666E-6      -4.16487291040236E-6     -2356.66190225688
4.2522508877205965E-6     -4.5164976925577995E-6   -1308.6566717551536
4.219644277520534E-6      -4.395461475879997E-6    -1621.2121168785834
4.187037667320471E-6      -4.274425259202196E-6    -1942.6526177292444
4.152331556313338E-6      -4.505013824679833E-6    -1222.7187274334124
4.119724946113276E-6      -4.383977608002031E-6    -1530.8161368030496
3.986677454521439E-6      -4.3914168070929065E-6   -1189.537005938295
4.053990175728634E-6      -4.281864458293071E-6    -1602.845379816285
4.1213028969358284E-6     -4.172312109493235E-6    -2026.9654903394114
4.188615618143025E-6      -4.0627597606934E-6      -2453.3063524347954
3.920942684136797E-6      -4.289303657383946E-6    -1259.3671916587168
3.988255405343991E-6      -4.179751308584111E-6    -1675.7749941583108
4.055568126551188E-6      -4.070198959784275E-6    -2100.284255212272
3.855207913752154E-6      -4.187190507674986E-6    -1327.9247298180835
3.92252063495935E-6       -4.0776381588751505E-6   -1747.5006690814232
3.7894731433675128E-6     -4.085077357966026E-6    -1395.2096204163972
4.423311673238251E-6      -4.6292755690753915E-6   -1183.0844986465274
4.323392341830993E-6      -4.617791701197425E-6    -1099.5818434115088
4.223473010423735E-6      -4.606307833319459E-6    -1015.8398605643647
4.394533795941388E-6      -4.7190857098370515E-6   -889.8539111638122
4.29461446453413E-6       -4.707601841959085E-6    -807.2437662532138
4.365755918644526E-6      -4.8088958505987115E-6   -597.3009933013419
-4.4244946089200545E-6    -4.7101521444097234E-7   13630.061459200815
-4.311838648782647E-6     -4.817465959264607E-7    15650.957045745938
-4.199182688645239E-6     -4.924779774119491E-7    17670.87010542122
-4.08652672850783E-6      -5.032093588974375E-7    19689.800638226665
-4.382790362262493E-6     -3.789584478498755E-7    15104.281975013626
-4.270134402125085E-6     -3.8968982933536385E-7   17136.764293694152
-4.157478441987677E-6     -4.0042121082085225E-7   19168.22473533081
-4.341086115604932E-6     -2.869016812587787E-7    16593.740314022383
-4.228430155467524E-6     -2.976330627442671E-7    18630.223973217733
-4.2993818689473705E-6    -1.9484491466768193E-7   18089.74614036089
-3.6525224193938863E-6    -2.1067270302021304E-7   30966.983788275462
-3.71634284990427E-6      -3.134608510967982E-7    28590.092305997132
-3.7801632804146544E-6    -4.1624899917338336E-7   26224.415872469905
-3.843983710925039E-6     -5.190371472499685E-7    23876.026741931804
-3.586455792458886E-6     -3.185572579638409E-7    30685.960673809917
-3.6502762229692708E-6    -4.213454060404261E-7    28315.613286564298
-3.7140966534796546E-6    -5.241335541170112E-7    25958.361692912127
-3.5203891655238863E-6    -4.2644181290746876E-7   30406.31994298064
-3.5842095960342705E-6    -5.29229960984054E-7     28040.225681006174
-3.454322538588887E-6     -5.343263678510966E-7    30121.618706213932
1.0139030729791738E-6     -2.1950552051110324E-7   41231.01825891634
9.49146689408441E-7       -3.297365684200327E-7    40295.773453399146
8.843903058377084E-7      -4.3996761632896216E-7   39363.84125057737
8.196339222669759E-7      -5.501986642378916E-7    38433.48502317729
1.08175318214326E-6       -3.28779993113277E-7     38471.12874257971
1.0169967985725273E-6     -4.390110410222065E-7    37543.941142433425
9.522404150017948E-7      -5.492420889311359E-7    36619.33555676153
1.1496032913073463E-6     -4.380544657154507E-7    35723.958438343405
1.0848469077366137E-6     -5.482855136243801E-7    34805.10701630117
1.2174534004714326E-6     -5.473289383176245E-7    32990.799401796205
-2.9911325650241653E-6    -2.1834121320822525E-7   42249.46209567417
-3.0576027341789596E-6    -3.2622576815185313E-7   39484.87089307168
-3.124072903333754E-6     -4.3411032309548096E-7   36733.55627447026
-3.190543072488548E-6     -5.419948780391089E-7    33999.36470416455
-2.923710325524005E-6     -3.287978714728226E-7    41244.60136036413
-2.9901804946787994E-6    -4.366824264164505E-7    38489.19029598441
-3.0566506638335932E-6    -5.445669813600784E-7    35748.224081676584
-2.8562880860238447E-6    -4.3925452973742E-7      40244.621442188
-2.922758255178639E-6     -5.471390846810479E-7    37496.889018915375
-2.7888658465236846E-6    -5.497111880020174E-7    39245.35951588092
-2.3348281067024395E-6    -2.2102614783884363E-7   50917.49288181554
-2.3971360485358824E-6    -3.31482806103441E-7     48020.88433224191
-2.4594439903693257E-6    -4.4193946436803837E-7   45138.10085419784
-2.5217519322027694E-6    -5.523961226326358E-7    42269.33544127499
-2.2639145428699215E-6    -3.315956374130899E-7    49280.10152626653
-2.326222484703365E-6     -4.4205229567768727E-7   46394.325696233485
-2.388530426536808E-6     -5.525089539422846E-7    43522.42955608158
-2.193000979037404E-6     -4.4216512698733617E-7   47650.54441047709
-2.2553089208708477E-6    -5.526217852519336E-7    44775.517809275436
-2.122087415204887E-6     -5.527346165615824E-7    46028.60020085654
3.4354874837960977E-7     -2.210497178185554E-7    50454.51199999679
2.8014285154992406E-7     -3.3186838772818135E-7   48804.34051015581
2.1673695472023834E-7     -4.426870576378073E-7    47160.96478932254
1.5333105789055269E-7     -5.535057275474333E-7    45523.126861224184
4.1356694446032513E-7     -3.312807657274849E-7    47489.011079835516
3.501610476306394E-7      -4.420994356371108E-7    45849.15767150208
2.8675515080095376E-7     -5.529181055467368E-7    44215.61915208471
4.835851405410405E-7      -4.4151181363641434E-7   44537.31300809869
4.201792437113548E-7      -5.523304835460402E-7    42908.07548260204
5.536033366217559E-7      -5.517428615453438E-7    41600.495852776156
-1.6728772077456367E-6    -2.2132366433986035E-7   56485.26736505948
-1.7337186176617872E-6    -3.318931539141066E-7    53625.057226887846
-1.7945600275779377E-6    -4.424626434883529E-7    50778.12959430751
-1.8554014374940884E-6    -5.530321330625992E-7    47944.85104521968
-1.6002541456169493E-6    -3.3207783910547444E-7   54266.94893615094
-1.6610955555330998E-6    -4.426473286797207E-7    51418.649207232884
-1.7219369654492503E-6    -5.532168182539669E-7    48583.73907684357
-1.5276310834882622E-6    -4.4283201387108847E-7   52059.16419945173
-1.5884724934044127E-6    -5.534015034453348E-7    49222.62270711867
-1.455008021359575E-6     -5.535861886367026E-7    49861.50193604497
-3.283457174644535E-7     -2.2176582154064074E-7   56327.082165187385
-3.9112366862200873E-7    -3.327129731716555E-7    54093.576383862295
-4.5390161977956413E-7    -4.436601248026703E-7    51869.8074285153
-5.166795709371194E-7     -5.546072764336851E-7    49655.4826320117
-2.56977034642691E-7      -3.325844914502667E-7    53390.54448884809
-3.1975498580024636E-7    -4.4353164308128147E-7   51168.80012194501
-3.825329369578017E-7     -5.544787947122963E-7    48956.68938923806
-1.8560835182092856E-7    -4.434031613598926E-7    50467.78811319054
-2.483863029784839E-7     -5.543503129909073E-7    48257.89163551942
-1.1423966899916615E-7    -5.542218312695185E-7    47559.08937085578
-1.000959559277776E-6     -2.2170132639662887E-7   58385.155083661746
-1.063106399663543E-6     -3.3245550116224295E-7   55739.04814010677
-1.12525324004931E-6      -4.43209675927857E-7     53104.881209000494
-1.1874000804350773E-6    -5.53963850693471E-7     50483.083197575455
-9.28962930783883E-7      -3.3264847802764365E-7   55708.70030561784
-9.911097711696502E-7     -4.4340265279325774E-7   53074.88319326527
-1.053256611555417E-6     -5.541568275588718E-7    50453.14542238301
-8.569663022899902E-7     -4.4359562965865843E-7   53044.886360321805
-9.191131426757572E-7     -5.543498044242725E-7    50423.20880035557
-7.849696737960971E-7     -5.545427812896732E-7    50393.27333149314
1.0395121526736836E-6     -1.0947686876364143E-6   27988.807689622463
1.1016217007801973E-6     -9.850894227113053E-7    28496.296571247134
1.1637312488867108E-6     -8.754101577861961E-7    29102.163380650047
1.2258407969932244E-6     -7.65730892861087E-7     29709.797577408615
1.2879503450997379E-6     -6.560516279359779E-7    30319.19916152286
9.690152080453784E-7      -9.86045998018061E-7     30292.317386455048
1.0311247561518918E-6     -8.763667330929517E-7    30857.710714175275
1.0932343042584053E-6     -7.666874681678426E-7    31566.942385649825
1.155343852364919E-6      -6.570082032427335E-7    32278.402633386348
8.985182634170729E-7      -8.773233083997075E-7    32689.137527192983
9.606278115235864E-7      -7.676440434745983E-7    33371.59367633113
1.0227373596301E-6        -6.579647785494893E-7    34087.37554455172
8.280213187887677E-7      -7.686006187813541E-7    35096.59451294093
8.901308668952811E-7      -6.58921353856245E-7     35896.27290357387
7.575243741604622E-7      -6.598779291630007E-7    37514.68834369891
1.355480428616599E-6      -7.638126607232518E-7    28101.58237551967
1.2933708805100854E-6     -8.734919256483609E-7    27595.305257820797
1.2312613324035721E-6     -9.8317119057347E-7      27090.334338571265
1.1691517842970584E-6     -1.0928504554985792E-6   26584.20216358403
1.4230105121334604E-6     -8.715736935105257E-7    26043.446089721583
1.360900964026947E-6      -9.812529584356348E-7    25542.556395299842
1.2987914159204333E-6     -1.0909322233607438E-6   25041.882537362806
1.4905405956503216E-6     -9.793347262977997E-7    23994.635295573684
1.428431047543808E-6      -1.0890139912229087E-6   23499.425563376888
1.5580706791671831E-6     -1.0870957590850736E-6   21956.831241626278
1.3879879204563308E-6     -1.6217472338412676E-6   18945.40406076656
1.4479323985231764E-6     -1.514433292462462E-6    19153.91624881562
1.5078768765900215E-6     -1.407119351083656E-6    19428.52175621623
1.567821354656867E-6      -1.2998054097048503E-6   19703.36674921585
1.6277658327237124E-6     -1.1924914683260441E-6   19978.451227814512
1.3182927668998014E-6     -1.516351524600297E-6    20677.14914682762
1.378237244966647E-6      -1.4090375832214911E-6   20926.977217547883
1.438181723033492E-6      -1.301723641842685E-6    21270.25762801629
1.4981262011003376E-6     -1.1944097004638793E-6   21614.102718892485
1.2485976133432719E-6     -1.4109558153593262E-6   22474.128645902456
1.3085420914101174E-6     -1.3036418739805203E-6   22804.114486938546
1.3684865694769628E-6     -1.1963279326017144E-6   23151.633954427718
1.1789024597867424E-6     -1.3055601061183557E-6   24278.802242016834
1.238846937853588E-6      -1.1982461647395495E-6   24689.03365088822
1.1092073062302131E-6     -1.2001643968773849E-6   26091.169935170776
1.6957113995050215E-6     -1.2993480660622515E-6   18348.034172716296
1.635766921438176E-6      -1.4066620074410572E-6   18141.435617760842
1.5758224433713308E-6     -1.513975948819863E-6    17934.75135359563
1.5158779653044854E-6     -1.621289890198669E-6    17727.585470239603
1.7636569662863303E-6     -1.4062046637984582E-6   16822.461213127357
1.7037124882194852E-6     -1.5135186051772641E-6   16619.2623461505
1.6437680101526398E-6     -1.62083254655607E-6     16415.76612789715
1.8316025330676395E-6     -1.5130612615346653E-6   15303.7436325796
1.7716580550007944E-6     -1.620375202913471E-6    15103.918144820354
1.8995480998489488E-6     -1.6199178592708725E-6   13792.041521009229
2.0838830103362078E-6     -1.7424730340255845E-6   11322.529452187518
2.1403278759753124E-6     -1.8654855524228955E-6   10233.33089619967
2.1967727416144165E-6     -1.9884980708202062E-6   9149.437095028396
2.253217607253521E-6      -2.1115105892175174E-6   8070.848048673716
2.3096624728926257E-6     -2.234523107614828E-6    7026.785096683976
2.2246708770973594E-6     -1.7480937341108338E-6   9757.019212060717
2.281115742736464E-6      -1.8711062525081446E-6   8678.30206417123
2.337560608375568E-6      -1.9941187709054556E-6   7604.739756796929
2.394005474014673E-6      -2.1171312893027668E-6   6553.573105351601
2.3654587438585115E-6     -1.753714434196083E-6    8165.101881788516
2.421903609497616E-6      -1.8767269525933941E-6   7090.939483821273
2.4783484751367203E-6     -1.999739470990705E-6    6049.1324968602075
2.506246610619663E-6      -1.7593351342813325E-6   6573.5900215685615
2.5626914762587678E-6     -1.8823476526786435E-6   5540.978511128154
2.6470344773808153E-6     -1.764955834366582E-6    5029.111148155442
2.780414128193872E-6      -2.1970353268865978E-6   3080.760471504865
2.7470692154906076E-6     -2.089015453756594E-6    3577.061914179638
2.713724302787343E-6      -1.98099558062659E-6     4074.459503838254
2.6803793900840792E-6     -1.8729757074965857E-6   4574.018420748376
2.66272621436856E-6       -2.2064072720686553E-6   4074.1640140177624
2.6293813016652957E-6     -2.0983873989386513E-6   4575.476333687802
2.5960363889620317E-6     -1.9903675258086474E-6   5075.644827584521
2.5450383005432486E-6     -2.2157792172507128E-6   5067.087816739543
2.5116933878399842E-6     -2.107759344120709E-6    5573.393669216381
2.427350386717937E-6      -2.2251511624327703E-6   6059.5318796702095
2.758224691328969E-6      -2.2947254816674372E-6   3106.6314090832157
2.6405367775036575E-6     -2.3040974268494947E-6   4095.355665388923
2.522848863678346E-6      -2.3134693720315522E-6   5083.617526091992
2.4051609498530346E-6     -2.32284131721361E-6     5971.946019239619
2.7360352544640664E-6     -2.3924156364482767E-6   3132.9549977203856
2.618347340638755E-6      -2.401787581630334E-6    4119.23994057607
2.5006594268134435E-6     -2.4111595268123917E-6   5053.4805067568295
2.713845817599164E-6      -2.490105791229116E-6    3158.6660571487
2.5961579037738528E-6     -2.4994777364111736E-6   4138.781637973521
2.6916563807342617E-6     -2.587795946009956E-6    3227.849412889688
1.697752590077655E-6      -2.052873727864993E-6    12995.115067805638
1.7636897010015447E-6     -1.966191085417649E-6    12830.180871022963
1.829626811925434E-6      -1.8795084429703051E-6   12733.97454653521
1.895563922849324E-6      -1.7928258005229613E-6   12636.607342015479
1.9615010337732136E-6     -1.7061431580756173E-6   12538.079257463774
1.6357996561533901E-6     -1.966648429060248E-6    14176.507772247165
1.7017367670772797E-6     -1.879965786612904E-6    14057.551310237362
1.7676738780011693E-6     -1.79328314416556E-6     13970.121340137757
1.833610988925059E-6      -1.706600501718216E-6    13881.671440373753
1.5738467222291253E-6     -1.880423130255503E-6    15348.170200984207
1.6397838331530149E-6     -1.7937404878081587E-6   15276.579690493629
1.7057209440769044E-6     -1.7070578453608149E-6   15190.74572810869
1.5118937883048605E-6     -1.7941978314507579E-6   16523.975114922163
1.57783089922875E-6       -1.7075151890034139E-6   16499.79244050067
1.4499408543805957E-6     -1.7079725326460126E-6   17703.922514061087
1.8201345666406491E-6     -2.0892036038149603E-6   11707.666900331144
1.9425165432036433E-6     -2.125533479764927E-6    10526.356243728515
2.0648985197666374E-6     -2.161863355714894E-6    9347.116177526168
2.1872804963296315E-6     -2.1981932316648612E-6   8169.946701724121
1.8860716775645387E-6     -2.002520961367616E-6    11616.682293358866
2.008453654127533E-6      -2.038850837317583E-6    10417.866712796775
2.130835630690527E-6      -2.07518071326755E-6     9221.207700627767
1.9520087884884282E-6     -1.9158383189202723E-6   11510.995656635416
2.0743907650514224E-6     -1.9521681948702393E-6   10309.880110511112
2.017945899412318E-6      -1.829155676472928E-6    11404.007189512413
2.3168834092203675E-6     -2.8529445599478576E-6   5049.650699635451
2.4109376989152282E-6     -2.817578479080034E-6    4611.665163213142
2.504991988610089E-6      -2.7822123982122094E-6   4078.044831074978
2.599046278304949E-6      -2.7468463173443857E-6   3543.281710212975
2.69310056799981E-6       -2.7114802364765616E-6   3007.375800627134
2.3154392219548193E-6     -2.729260269481252E-6    5469.442701102528
2.40949351164968E-6       -2.693894188613428E-6    4945.5238396682
2.5035478013445403E-6     -2.6585281077456038E-6   4388.831560131296
2.597602091039401E-6      -2.6231620268777796E-6   3830.9683597123058
2.3139950346892707E-6     -2.605575979014646E-6    5856.033494389105
2.408049324384131E-6      -2.570209898146822E-6    5253.3795295492855
2.5021036140789917E-6     -2.5348438172789977E-6   4694.801019912027
2.312550847423722E-6      -2.48189168854804E-6     6243.9586564920555
2.4066051371185828E-6     -2.4465256076802158E-6   5562.363265422158
2.311106660158174E-6      -2.3582073980814343E-6   6633.218187411389
3.1420055474528844E-6     -3.0181007809567697E-6   9.876557800672117
3.047348997076833E-6      -3.0891121260507516E-6   487.2507250808958
2.9526924467007813E-6     -3.160123471144733E-6    962.3883560455793
2.85803589632473E-6       -3.231134816238715E-6    1435.289450694704
2.7633793459486786E-6     -3.3021461613326965E-6   1827.4373041501563
3.1811958450784143E-6     -3.1143771036136324E-6   -135.1164429897799
3.0865392947023627E-6     -3.185388448707614E-6    308.069791800468
2.991882744326311E-6      -3.256399793801596E-6    749.0415603840547
2.89722619395026E-6       -3.3274111388955777E-6   1172.5091008122117
3.220386142703944E-6      -3.2106534262704947E-6   -302.8661630790866
3.1257295923278926E-6     -3.2816647713644767E-6   139.1817440003697
3.031073041951841E-6      -3.3526761164584586E-6   570.5671822890572
3.2595764403294736E-6     -3.3069297489273575E-6   -469.6319999901352
3.1649198899534224E-6     -3.377941094021339E-6    -30.35273600552
3.298766737955004E-6      -3.4032060715842206E-6   -630.2506540715164
3.0521040994260314E-6     -2.9639057249059595E-6   540.6005994191191
2.962202651399178E-6      -2.9097106688551492E-6   1096.7606430059077
2.872301203372325E-6      -2.8555156128043394E-6   1654.6160860839227
2.782399755345472E-6      -2.8013205567535296E-6   2280.5134564594437
2.9574475490499794E-6     -3.0349170699999414E-6   1050.775508783784
2.867546101023127E-6      -2.980722013949131E-6    1606.6866896758274
2.777644652996274E-6      -2.926526957898321E-6    2165.070582833645
2.8627909986739283E-6     -3.105928415093923E-6    1558.6918117240293
2.7728895506470753E-6     -3.051733359043113E-6    2049.712797921791
2.768134448297877E-6      -3.176939760187905E-6    1934.4401017238688
2.6883454656506113E-6     -2.8366866376213533E-6   2860.698743990153
2.5942911759557506E-6     -2.872052718489177E-6    3373.4228471490296
2.50023688626089E-6       -2.9074187993570015E-6   3885.032293742332
2.4061825965660297E-6     -2.9427848802248256E-6   4372.948294531229
2.683590363301413E-6      -2.9618930387661446E-6   2677.7468305205803
2.5895360736065525E-6     -2.997259119633969E-6    3188.531108867388
2.495481783911692E-6      -3.0326252005017932E-6   3712.4100423221444
2.6788352609522146E-6     -3.0870994399109367E-6   2495.03057602258
2.584780971257354E-6      -3.122465520778761E-6    3054.851761490979
2.6740801586030165E-6     -3.212305841055729E-6    2400.2734520377426
3.363715281285369E-6      -3.5278965985293476E-6   -877.8723889546018
3.294816976614153E-6      -3.6273221479115933E-6   -593.0720044460477
3.225918671942937E-6      -3.72674769729384E-6     -310.38033916115137
3.157020367271721E-6      -3.826173246676086E-6    -29.797393099933743
3.088122062600505E-6      -3.925598796058332E-6    236.26314047821612
3.4219402386906256E-6     -3.63879523035134E-6     -920.8820904775694
3.3530419340194104E-6     -3.738220779733586E-6    -652.4252555851981
3.2841436293481943E-6     -3.837646329115833E-6    -386.0873504995907
3.215245324676978E-6      -3.937071878498079E-6    -123.24074081028834
3.480165196095883E-6      -3.749693862173333E-6    -999.123155067602
3.4112668914246673E-6     -3.849119411555579E-6    -731.2199414285697
3.3423685867534516E-6     -3.9485449609378256E-6   -465.80286888966634
3.5383901535011403E-6     -3.860592493995326E-6    -1075.9630638045892
3.4694918488299242E-6     -3.960018043377572E-6    -807.9826223750963
3.5966151109063976E-6     -3.971491125817319E-6    -1149.780001266572
3.2298684332837873E-6     -3.5026316209664664E-6   -324.0954861553915
3.0960215852822063E-6     -3.477366643403585E-6    267.3118636279055
2.962174737280625E-6      -3.4521016658407047E-6   859.7171414751856
2.828327889279044E-6      -3.426836688277824E-6    1484.5590048590543
3.1609701286125716E-6     -3.6020571703487125E-6   -25.202126531231784
3.0271232806109902E-6     -3.5767921927858317E-6   564.5082700048288
2.8932764326094092E-6     -3.551527215222951E-6    1172.9936031812695
3.0920718239413555E-6     -3.7014827197309587E-6   271.59272445237275
2.9582249759397746E-6     -3.6762177421680783E-6   863.8004291498137
3.02317351927014E-6       -3.8009082691132052E-6   556.9794827646833
3.6651224626739403E-6     -4.081971950207314E-6    -1238.9117282384607
3.606506552365009E-6      -4.180979692157562E-6    -1005.8974297569971
3.5478906420560783E-6     -4.279987434107811E-6    -774.5315070724077
3.4892747317471476E-6     -4.378995176058059E-6    -544.8139601847065
3.730857233058582E-6      -4.184085099916274E-6    -1164.6581065950013
3.6722413227496508E-6     -4.283092841866522E-6    -935.4929819562913
3.61362541244072E-6       -4.382100583816771E-6    -707.9682728743865
3.5550095021317897E-6     -4.4811083257670195E-6   -482.03860219754984
3.7965920034432236E-6     -4.286198249625234E-6    -1100.4165626416398
3.737976093134293E-6      -4.385205991575483E-6    -871.4470902728217
3.679360182825362E-6      -4.484213733525731E-6    -644.0680893813199
3.862326773827865E-6      -4.388311399334195E-6    -1034.8336629850874
3.803710863518935E-6      -4.487319141284443E-6    -806.0063087293554
3.928061544212508E-6      -4.490424549043155E-6    -967.8532602416482
3.537999200597467E-6      -4.070498867767567E-6    -911.3573159250923
3.4108759385209934E-6     -4.05902578532782E-6     -572.0741895834999
3.283752676444521E-6      -4.047552702888074E-6    -232.4157826069595
3.1566294143680474E-6     -4.036079620448327E-6    116.93560572444085
3.4793832902885357E-6     -4.169506609717815E-6    -676.2127820425042
3.352260028212063E-6      -4.158033527278069E-6    -338.45294187263926
3.22513676613559E-6       -4.146560444838322E-6    5.938831040633886
3.420767379979605E-6      -4.268514351668064E-6    -442.7245841968554
3.293644117903132E-6      -4.2570412692283175E-6   -103.24560500338157
3.3621514696706745E-6     -4.3675220936183126E-6   -210.61770240760097
3.87821434804818E-6       -4.591718557682781E-6    -743.2288254260811
3.7538636673546063E-6     -4.588613149924069E-6    -582.8374121441387
3.629512986661034E-6      -4.585507742165358E-6    -422.3557078768931
3.8283671518838505E-6     -4.693012566322407E-6    -519.9429122873371
3.704016471190278E-6      -4.689907158563695E-6    -361.0044240088696
3.7785199557195223E-6     -4.794306574962033E-6    -297.9393734417263
-4.506597270616555E-6     -5.839178771107612E-7    11279.54240868846
-4.599167156805063E-6     -6.347182533768063E-7    9342.222521254283
-4.69173704299357E-6      -6.855186296428514E-7    7500.402112215161
-4.7843069291820775E-6    -7.363190059088964E-7    5662.952653310917
-4.476043972175648E-6     -7.075519212660384E-7    11172.225303341678
-4.5686138583641546E-6    -7.583522975320835E-7    9385.425364653755
-4.661183744552663E-6     -8.091526737981286E-7    7548.989027718204
-4.4454906737347405E-6    -8.311859654213157E-7    11065.754204835279
-4.538060559923248E-6     -8.819863416873607E-7    9428.945717225519
-4.414937375293833E-6     -9.54820009576593E-7     10960.129113169265
-4.393941310479147E-6     -5.946492585962496E-7    13379.550889174556
-4.363388012038239E-6     -7.182833027515268E-7    13121.724487790605
-4.332834713597332E-6     -8.41917346906804E-7     12865.272590915109
-4.302281415156425E-6     -9.655513910620812E-7    12790.050772245153
-4.281285350341739E-6     -6.053806400817379E-7    15387.487664704644
-4.2507320519008315E-6    -7.290146842370152E-7    15124.287843926211
-4.220178753459925E-6     -8.526487283922923E-7    14951.920301491129
-4.168629390204331E-6     -6.161120215672262E-7    17394.48126353891
-4.138076091763424E-6     -7.397460657225035E-7    17124.89269225541
-4.055973430066924E-6     -6.268434030527148E-7    19308.967944537984
-3.3878073523393633E-6    -6.504350585364957E-7    29763.914810107468
-3.517694409784747E-6     -6.45338651669453E-7     27827.961749079273
-3.6475814672301306E-6    -6.402422448024103E-7    25755.38820634054
-3.777468524675515E-6     -6.351458379353675E-7    23682.36349550727
-3.9073555821209E-6       -6.300494310683249E-7    21457.97644522758
-3.451179223535223E-6     -7.61447342354852E-7     27566.381389672853
-3.581066280980607E-6     -7.563509354878093E-7    25551.47393404645
-3.7109533384259916E-6    -7.512545286207666E-7    23483.5679539646
-3.840840395871375E-6     -7.46158121753724E-7     21353.627947009754
-3.5145510947310835E-6    -8.724596261732084E-7    25379.465572812223
-3.644438152176467E-6     -8.673632193061656E-7    23285.71237154176
-3.7743252096218517E-6    -8.622668124391229E-7    21249.685999635447
-3.577922965926944E-6     -9.834719099915648E-7    23203.16735952557
-3.707810023372328E-6     -9.78375503124522E-7     21146.15060310468
-3.641294837122804E-6     -1.094484193809921E-6    21111.69212440178
-3.989458243817399E-6     -7.429520937381137E-7    19208.119547496197
-4.0715609055139E-6       -8.558547564079026E-7    17120.201377551668
-4.153663567210401E-6     -9.687574190776913E-7    15043.310764042097
-4.235766228906902E-6     -1.0816600817474804E-6   12979.351721781724
-3.922943057567876E-6     -8.590607844235128E-7    19198.708034161024
-4.005045719264376E-6     -9.719634470933018E-7    17116.39853652574
-4.0871483809608775E-6    -1.0848661097630905E-6   15045.514876567744
-3.856427871318352E-6     -9.751694751089118E-7    19189.16966339305
-3.938530533014853E-6     -1.0880721377787007E-6   17111.37396836515
-3.7899126850688287E-6    -1.091278165794311E-6    19176.928997173916
-2.71735443201519E-6      -6.644560871951852E-7    38277.284949818
-2.851246840670145E-6     -6.618839838742157E-7    36713.22356580423
-2.985139249325099E-6     -6.593118805532462E-7    34971.33721812006
-3.1190316579800536E-6    -6.567397772322767E-7    33229.26486519988
-3.2529240666350084E-6    -6.541676739113073E-7    31333.80844582124
-2.7797354261616505E-6    -7.766288830673837E-7    35863.715752707845
-2.913627834816605E-6     -7.740567797464141E-7    34196.86368750138
-3.0475202434715596E-6    -7.714846764254446E-7    32458.900160949353
-3.181412652126514E-6     -7.689125731044751E-7    30666.155332881943
-2.842116420308111E-6     -8.88801678939582E-7     33461.54415586038
-2.9760088289630653E-6    -8.862295756186124E-7    31692.117055707462
-3.10990123761802E-6      -8.83657472297643E-7     30001.54561029489
-2.9044974144545713E-6    -1.0009744748117805E-6   31070.7701592757
-3.038389823109526E-6     -9.98402371490811E-7     29339.979278060106
-2.9668784086010317E-6    -1.1131472706839788E-6   28773.912158108902
-3.5064115514184496E-6    -1.0982168091847326E-6   22776.592939741495
-3.371528265714095E-6     -1.1019494245595442E-6   24310.864110347655
-3.2366449800097406E-6    -1.1056820399343557E-6   25844.875139637596
-3.101761694305386E-6     -1.1094146553091673E-6   27378.626027611303
-3.443039680222589E-6     -9.872045253663763E-7    24858.804981258385
-3.3081563945182346E-6    -9.909371407411877E-7    26399.80013722129
-3.17327310881388E-6      -9.946697561159992E-7    27940.523438701042
-3.3796678090267286E-6    -8.761922415480198E-7    26955.564494418722
-3.2447845233223745E-6    -8.799248569228315E-7    28500.42560960204
-3.316295937830868E-6     -7.651799577296635E-7    29062.832962198823
3.81491360367818E-7       -1.1055364649020414E-6   34011.76668418173
4.425985742006858E-7      -9.946602198305626E-7    35100.9696504079
5.037057880335536E-7      -8.837839747590838E-7    36310.922584949105
5.648130018664213E-7      -7.72907729687605E-7     37525.47545058714
6.259202156992892E-7      -6.620314846161261E-7    38744.628247321976
3.091744812902847E-7      -9.95247841831259E-7     36395.362458491
3.702816951231525E-7      -8.843715967597802E-7    37556.1945711859
4.3138890895602026E-7     -7.734953516883014E-7    38899.54179087353
4.924961227888881E-7      -6.626191066168226E-7    40248.00157406687
2.3685760221275144E-7     -8.849592187604767E-7    38896.79534725433
2.979648160456192E-7      -7.740829736889979E-7    40199.88213709838
3.59072029878487E-7       -6.632067286175191E-7    41551.571428761985
1.6454072313521816E-7     -7.746705956896944E-7    41409.478109067866
2.2564793696808594E-7     -6.637943506182155E-7    42855.106908353504
9.222384405768487E-8      -6.64381972618912E-7     43933.410743931636
6.964171603275946E-7      -7.707541742344796E-7    36234.46579468667
6.353099464947267E-7      -8.816304193059583E-7    35148.73691111629
5.74202732661859E-7       -9.92506664377437E-7     34067.095326233844
5.130955188289912E-7      -1.103382909448916E-6    32986.109312509216
7.669141049558998E-7      -8.794768638528329E-7    33934.54986393063
7.058068911230321E-7      -9.903531089243116E-7    32856.1674155365
6.446996772901643E-7      -1.1012293539957906E-6   31780.514964046015
8.374110495842052E-7      -9.881995534711863E-7    31645.111358107657
7.763038357513373E-7      -1.099075798542665E-6    30574.797661523953
9.079079942125106E-7      -1.0969222430895398E-6   29368.957404943045
-2.293335344492191E-6     -1.1045464027599393E-6   34868.83332455023
-2.2324414575015383E-6    -9.942066117821978E-7    37183.024046831284
-2.171547570510885E-6     -8.83866820804456E-7     39606.95863392079
-2.110653683520232E-6     -7.735270298267145E-7    42041.92018483826
-2.049759796529579E-6     -6.631872388489729E-7    44487.90869958371
-2.3656629631674987E-6    -9.94093780472549E-7     35937.6367862871
-2.3047690761768457E-6    -8.837539894948072E-7    38324.538909097
-2.2438751891861926E-6    -7.734141985170656E-7    40881.14305638544
-2.1829813021955395E-6    -6.63074407539324E-7     43449.08970910835
-2.4379905818428065E-6    -8.836411581851582E-7    37124.48101580623
-2.3770966948521534E-6    -7.733013672074166E-7    39633.658785332605
-2.3162028078615008E-6    -6.629615762296751E-7    42198.87529923218
-2.5103182005181143E-6    -7.731885358977678E-7    38316.67718960241
-2.449424313527461E-6     -6.628487449200263E-7    40948.65529392242
-2.582645819193422E-6     -6.627359136103773E-7    39514.22530767562
-2.645026813339883E-6     -7.749087094825757E-7    37019.93973016272
-2.7074078074863423E-6    -8.87081505354774E-7     34721.04049216985
-2.7697888016328027E-6    -9.992543012269725E-7    32433.323208193444
-2.832169795779264E-6     -1.111427097099171E-6    30154.793545032342
-2.5726991946645746E-6    -8.853613317699661E-7    35945.0607251417
-2.635080188811035E-6     -9.975341276421647E-7    33654.11794394128
-2.6974611829574954E-6    -1.109706923514363E-6    31373.840682098205
-2.5003715759892664E-6    -9.958139540573567E-7    34875.0089763205
-2.5627525701357272E-6    -1.107986749929555E-6    32592.980080168127
-2.428043957313959E-6     -1.1062665763447473E-6   33812.211739242106
-1.6245867384306413E-6    -1.1039920399125308E-6   38522.53313238424
-1.5639781006074606E-6    -9.939478066956386E-7    40728.7850908901
-1.5033694627842795E-6    -8.839035734787466E-7    43062.04913710617
-1.4427608249610988E-6    -7.738593402618545E-7    45405.578690840804
-1.382152187137918E-6     -6.638151070449624E-7    47759.37375209402
-1.6974425726522983E-6    -9.93763121504271E-7     40095.86679923894
-1.6368339348291174E-6    -8.837188882873788E-7    42382.83611068663
-1.5762252970059364E-6    -7.736746550704867E-7    44864.91254276337
-1.5156166591827555E-6    -6.636304218535946E-7    47357.664078243826
-1.7702984068739552E-6    -8.835342030960109E-7    41799.75877054159
-1.709689769050774E-6     -7.734899698791188E-7    44228.76627377863
-1.6490811312275934E-6    -6.634457366622268E-7    46720.28085241253
-1.8431542410956121E-6    -7.733052846877511E-7    43511.33791362362
-1.782545603272431E-6     -6.63261051470859E-7     46082.89344458999
-1.916010075317269E-6     -6.630763662794912E-7    45230.60422848505
-1.976903962307922E-6     -7.734161572572328E-7    42692.63754910983
-2.0377978492985752E-6    -8.837559482349743E-7    40380.2799182473
-2.098691736289228E-6     -9.940957392127159E-7    38078.63370960616
-2.1595856232798814E-6    -1.1044355301904576E-6   35787.537943808195
-1.9040481280862648E-6    -8.836450756654926E-7    41115.93355844269
-1.9649420150769183E-6    -9.939848666432344E-7    38812.51853466219
-2.025835902067571E-6     -1.1043246576209759E-6   36519.76856943587
-1.831192293864608E-6     -9.938739940737525E-7    39546.40690361486
-1.8920861808552611E-6    -1.1042137850514942E-6   37252.00258399738
-1.7583364596429513E-6    -1.1041029124820125E-6   37984.23998749272
-2.853156741026121E-7     -1.1086964074483801E-6   38001.97538568297
-2.242711462860594E-7     -9.9777579586833E-7      39582.26925072666
-1.632266184695066E-7     -8.868551842882799E-7    41297.32091733307
-1.0218209065295389E-7    -7.759345727082299E-7    43019.40746090104
-4.1137562836401116E-8    -6.650139611281797E-7    44748.52888143058
-3.5841778026537717E-7    -9.97904277589719E-7     40276.03392149554
-2.973732524488244E-7     -8.869836660096688E-7    41938.56670063081
-2.3632872463227158E-7    -7.760630544296186E-7    43804.61196628899
-1.7528419681571887E-7    -6.651424428495685E-7    45678.21163391096
-4.315198864281421E-7     -8.871121477310576E-7    42682.15227991369
-3.7047535861158936E-7    -7.761915361510074E-7    44499.50384268685
-3.0943083079503664E-7    -6.652709245709574E-7    46374.963775526245
-5.046219925909072E-7     -7.763200178723965E-7    45099.147122480106
-4.435774647743544E-7     -6.653994062923462E-7    47071.71159743553
-5.777240987536722E-7     -6.655278880137351E-7    47527.01844919477
3.117931624113214E-8      -7.753025841989622E-7    42123.94647902322
-2.9865211575420604E-8    -8.862231957790122E-7    40546.19483498398
-9.090973939197334E-8     -9.971438073590623E-7    38974.95854290403
-1.5195426720852612E-7    -1.1080644189391123E-6   37409.13290125539
1.0349619531866542E-7     -8.855912072697444E-7    39743.2529085328
4.245166750211267E-8      -9.965118188497945E-7    38174.253059108785
-1.8592860314440052E-8    -1.1074324304298445E-6   36611.36217502727
1.7581307439619867E-7     -9.958798303405267E-7    37373.52187880008
1.1476854657964594E-7     -1.106800441920577E-6    35813.566763300434
2.48129953473732E-7       -1.1061684534113092E-6   35015.746666074876
-9.554173833898235E-7     -1.1070152858638146E-6   39568.155715231514
-8.944991476951462E-7     -9.965593803220664E-7    41528.68980747786
-8.33580912000469E-7      -8.861034747803183E-7    43625.6363669243
-7.726626763057918E-7     -7.756475692385702E-7    45731.53296382242
-7.117444406111143E-7     -6.65191663696822E-7     47846.37959817223
-1.0286426165748063E-6    -9.963664034566658E-7    41560.11493717938
-9.67724380880129E-7      -8.859104979149176E-7    43605.67515600376
-9.068061451854516E-7     -7.754545923731693E-7    45858.62879842418
-8.458879094907744E-7     -6.649986868314213E-7    48121.01488482708
-1.1018678497597891E-6    -8.857175210495169E-7    43688.263436867535
-1.0409496140651117E-6    -7.752616155077687E-7    45888.19433573558
-9.800313783704344E-7     -6.648057099660206E-7    48150.91020664629
-1.1750930829447717E-6    -7.750686386423681E-7    45826.0356560392
-1.1141748472500943E-6    -6.646127331006198E-7    48180.80665200359
-1.2483183161297546E-6    -6.644197562352192E-7    47973.43159469436
-6.386423344483495E-7     -7.759837935554833E-7    45318.94917632432
-6.995605701430267E-7     -8.864396990972314E-7    43360.78418481884
-7.60478805837704E-7      -9.968956046389795E-7    41411.08682423416
-8.213970415323812E-7     -1.1073515101807279E-6   39470.45214231637
-5.655402282855843E-7     -8.867759234141445E-7    43046.74219845412
-6.264584639802617E-7     -9.972318289558928E-7    41098.04918224759
-6.87376699674939E-7      -1.1076877344976407E-6   39158.02679826153
-4.924381221228193E-7     -9.975680532728056E-7    40785.01757618772
-5.533563578174966E-7     -1.108023958814554E-6    38845.60727632037
-4.193360159600544E-7     -1.108360183131467E-6    38533.193576492864
-1.3089269539529353E-6    -7.744639894521113E-7    45522.20859867242
-1.369535591776116E-6     -8.845082226690034E-7    43318.114140488586
-1.4301442295992967E-6    -9.945524558858954E-7    41123.8755939381
-1.4907528674224778E-6    -1.1045966891027876E-6   38940.49961116235
-1.2357017207679524E-6    -8.851128718592601E-7    43529.86711767159
-1.2963103585911334E-6    -9.951571050761522E-7    41335.27983148324
-1.356918996414314E-6     -1.1052013382930442E-6   39150.86475481036
-1.1624764875829698E-6    -9.95761754266409E-7     41546.679939101465
-1.2230851254061505E-6    -1.105805987483301E-6    39361.226004749406
-1.089251254397987E-6     -1.106410636673558E-6    39571.58336097948
9.815195328981236E-7      -1.207102787477954E-6    27122.707396556474
8.499153744369504E-7      -1.2092563429310792E-6   28464.19100731699
7.183112159757772E-7      -1.2114098983842047E-6   29664.904526753297
5.867070575146041E-7      -1.21356345383733E-6     30865.500284803376
4.551028990534311E-7      -1.2157170092904555E-6   31901.254570090903
9.235269131225634E-7      -1.3194368873194933E-6   26314.182304401016
7.919227546613902E-7      -1.3215904427726186E-6   27559.686490995227
6.603185962002172E-7      -1.3237439982257443E-6   28757.358084377993
5.287144377390441E-7      -1.3258975536788696E-6   29889.569195188065
8.655342933470034E-7      -1.4317709871610327E-6   25508.32925963344
7.339301348858301E-7      -1.4339245426141582E-6   26658.25098370297
6.023259764246571E-7      -1.4360780980672837E-6   27886.72539752264
8.075416735714432E-7      -1.5441050870025723E-6   24705.148262253788
6.759375151102702E-7      -1.5462586424556978E-6   25892.723177094624
7.495490537958832E-7      -1.6564391868441117E-6   23985.430053531152
1.0512146864546529E-6     -1.3124984967189245E-6   25243.296182060476
9.932220666790929E-7      -1.424832596560464E-6    24532.82938779973
9.352294469035328E-7      -1.5371666964020035E-6   23824.637679285246
8.772368271279728E-7      -1.6495007962435431E-6   23110.333480951245
1.1209098400111824E-6     -1.417894205959895E-6    23512.14359702252
1.0629172202356223E-6     -1.5302283058014347E-6   22806.797602543706
1.0049246004600623E-6     -1.6425624056429743E-6   22100.43195428777
1.1906049935677119E-6     -1.5232899152008659E-6   21788.59731150459
1.1326123737921518E-6     -1.6356240150424055E-6   21090.18412472219
1.2603001471242413E-6     -1.6286856244418366E-6   20079.58999225452
1.3359832909754945E-6     -1.74162173264725E-6     18316.536592804514
1.208295517643405E-6      -1.748560123247819E-6    19411.49538862368
1.0806077443113153E-6     -1.7554985138483875E-6   20414.155099754676
9.529199709792258E-7      -1.7624369044489564E-6   21416.48241937902
8.252321976471365E-7      -1.7693752950495254E-6   22298.53064536724
1.2839786614946582E-6     -1.8614962314532324E-6   17725.77826013312
1.1562908881625687E-6     -1.868434622053801E-6    18738.458417577138
1.0286031148304792E-6     -1.87537301265437E-6     19738.30436620476
9.009153414983897E-7      -1.8823114032549388E-6   20694.915858892713
1.231974032013822E-6      -1.9813707302592146E-6   17136.697267645526
1.1042862586817324E-6     -1.9883091208597835E-6   18067.411745862668
9.76598485349643E-7       -1.9952475114603523E-6   19098.44662903697
1.1799694025329856E-6     -2.101245229065197E-6    16549.293615341718
1.0522816292008961E-6     -2.1081836196657657E-6   17509.122955800005
1.1279647730521493E-6     -2.221119727871179E-6    15990.280244545918
1.5837950266725538E-6     -2.08652292786623E-6     13729.194560131855
1.5218420927482888E-6     -2.000297629061485E-6    14832.312206712271
1.459889158824024E-6      -1.91407233025674E-6     15958.964170364776
1.3979362248997592E-6     -1.827847031451995E-6    17089.71673466834
1.4698374632674527E-6     -2.1201721278674675E-6   14325.816653404743
1.4078845293431879E-6     -2.0339468290627224E-6   15454.352957427267
1.345931595418923E-6      -1.9477215302579774E-6   16581.7643997998
1.3558798998623516E-6     -2.1538213278687047E-6   14921.249128057807
1.2939269659380868E-6     -2.0675960290639597E-6   16075.176445966732
1.2419223364572505E-6     -2.187470527869942E-6    15515.491984091055
1.69717272449241E-6       -2.181863862331322E-6    12283.137090806216
1.696592858907165E-6      -2.31085399679765E-6     11550.22546450312
1.6960129933219203E-6     -2.4398441312639787E-6   10820.195320355871
1.6954331277366752E-6     -2.568834265730307E-6    10093.046658364494
1.6948532621514304E-6     -2.697824400196636E-6    9403.985082335032
1.819554701055404E-6      -2.2181937382812888E-6   11051.209898735375
1.8189748354701591E-6     -2.3471838727476172E-6   10410.770062423006
1.8183949698849143E-6     -2.476174007213946E-6    9772.9471920424
1.8178151042996694E-6     -2.6051641416802745E-6   9067.058081992598
1.941936677618398E-6      -2.2545236142312553E-6   9888.995940804325
1.9413568120331535E-6     -2.383513748697584E-6    9252.447844766273
1.9407769464479086E-6     -2.512503883163913E-6    8597.94092640288
2.064318654181392E-6      -2.2908534901812227E-6   8728.766595280747
2.0637387885961476E-6     -2.419843624647551E-6    8125.608411099011
2.1867006307443867E-6     -2.3271833661311897E-6   7650.060536080993
2.1924773798065803E-6     -2.8219205279976134E-6   5867.402288028739
2.1910331925410317E-6     -2.6982362375310074E-6   6325.262560403777
2.189589005275483E-6      -2.5745519470644013E-6   6791.834085293991
2.188144818009935E-6      -2.4508676565977953E-6   7259.946301825168
2.0680713503927927E-6     -2.790896496047369E-6    6744.778902111464
2.066627163127244E-6      -2.667212205580763E-6    7214.159124662612
2.065182975861696E-6      -2.543527915114157E-6    7683.862507851332
1.943665320979005E-6      -2.7598724640971247E-6   7623.574411051881
1.942221133713457E-6      -2.6361881736305187E-6   8104.529896658557
1.8192592915652178E-6     -2.72884843214688E-6     8503.788814850002
1.5832151610873087E-6     -2.2155130623325586E-6   12922.173799519813
1.4692575976822076E-6     -2.249162262333796E-6    13492.319911436989
1.3553000342771065E-6     -2.282811462335033E-6    14061.304048290052
1.2413424708720056E-6     -2.316460662336271E-6    14556.527537669112
1.5826352955020639E-6     -2.344503196798887E-6    12098.865320866686
1.4686777320969627E-6     -2.3781523968001243E-6   12667.194630150227
1.3547201686918618E-6     -2.4118015968013616E-6   13228.030601320876
1.582055429916819E-6      -2.473493331265216E-6    11278.702840593483
1.468097866511718E-6      -2.507142531266453E-6    11904.989584802894
1.5814755643315741E-6     -2.6024834657315448E-6   10587.404488115193
2.2601771778600473E-6     -2.9527305561215357E-6   4989.668027028069
2.203470946499727E-6      -3.052516552295213E-6    4986.263475980312
2.1467647151394067E-6     -3.152302548468891E-6    4981.79977485223
2.090058483779086E-6      -3.2520885446425686E-6   4976.276923643809
2.0333522524187658E-6     -3.3518745408162463E-6   4975.15872347522
2.3494763652057094E-6     -3.0425708763985033E-6   4362.80787063262
2.2927701338453887E-6     -3.142356872572181E-6    4374.071173048183
2.2360639024850684E-6     -3.2421428687458586E-6   4384.159412539112
2.1793576711247486E-6     -3.3419288649195367E-6   4390.939478623552
2.4387755525513715E-6     -3.132411196675471E-6    3740.172195076864
2.3820693211910513E-6     -3.232197192849149E-6    3752.5499732334238
2.325363089830731E-6      -3.331983189022826E-6    3763.721351011088
2.5280747398970337E-6     -3.222251516952439E-6    3120.495810246828
2.4713685085367134E-6     -3.3220375131261166E-6   3136.0699169665977
2.6173739272426962E-6     -3.312091837229407E-6    2507.9851764900804
2.1357711484462596E-6     -2.921706524171291E-6    5856.511867144946
2.011365119032472E-6      -2.8906824922210465E-6   6723.4540991261165
1.8869590896186848E-6     -2.859658460270802E-6    7591.759913085565
1.7625530602048975E-6     -2.828634428320558E-6    8450.934806128487
2.0790649170859394E-6     -3.0214925203449687E-6   5837.5076481509195
1.954658887672152E-6      -2.9904684883947246E-6   6702.403589908146
1.8302528582583645E-6     -2.95944445644448E-6     7570.197025796672
2.022358685725619E-6      -3.1212785165186464E-6   5817.560191920872
1.8979526563118317E-6     -3.090254484568402E-6    6693.987015821034
1.965652454365299E-6      -3.2210645126923245E-6   5822.304776201558
2.407374288553651E-6      -3.899423100312964E-6    2219.818663835444
2.543523843363022E-6      -3.904658239462038E-6    1825.1291076029167
2.6796733981723926E-6     -3.909893378611111E-6    1426.149421231415
2.8158229529817633E-6     -3.915128517760185E-6    1027.3626526152607
2.9519725077911345E-6     -3.920363656909259E-6    628.7688017544447
2.4785753000326566E-6     -3.7799677125169107E-6   2140.9113484709214
2.6147248548420273E-6     -3.7852028516659844E-6   1750.6044930831504
2.750874409651398E-6      -3.7904379908150576E-6   1349.4290630606629
2.8870239644607687E-6     -3.7956731299641316E-6   948.4508649442687
2.549776311511662E-6      -3.6605123247208574E-6   2074.9520608092716
2.6859258663210327E-6     -3.66574746386993E-6     1674.5544345840917
2.8220754211304034E-6     -3.6709826030190046E-6   1271.1759466182193
2.6209773229906674E-6     -3.5410569369248036E-6   2006.9375282588808
2.757126877800038E-6      -3.5462920760738772E-6   1596.3521576669264
2.692178334469673E-6      -3.42160154912875E-6     1936.867750819736
2.332569881326674E-6      -3.7899133884136204E-6   2758.291405518312
2.4037708928056796E-6     -3.6704580006175674E-6   2690.310593974194
2.474971904284685E-6      -3.551002612821513E-6    2632.895879621393
2.5461729157636904E-6     -3.43154722502546E-6     2573.5228939092112
2.257765474099697E-6      -3.680403676514277E-6    3305.402922795197
2.3289664855787026E-6     -3.5609482887182233E-6   3253.6257490241433
2.400167497057708E-6      -3.44149290092217E-6     3196.867895086173
2.18296106687272E-6       -3.5708939646149333E-6   3855.361162596921
2.2541620783517256E-6     -3.4514385768188795E-6   3819.791007079979
2.1081566596457428E-6     -3.46138425271559E-6     4408.16612492348
3.0246912422250095E-6     -4.032996104705037E-6    317.20609461541926
2.9612604218495137E-6     -4.140393413351741E-6    396.13156345206517
2.897829601474018E-6      -4.247790721998446E-6    473.3313020556434
2.8343987810985223E-6     -4.3551880306451505E-6   548.8053104261608
3.093198593992552E-6      -4.143476929095032E-6    207.42686321856308
3.029767773617056E-6      -4.250874237741736E-6    286.8437340922592
2.9663369532415607E-6     -4.358271546388441E-6    364.50391906545156
2.9029061328660645E-6     -4.465668855035146E-6    440.55077289478066
3.161705945760094E-6      -4.253957753485027E-6    93.36911423079255
3.0982751253845986E-6     -4.3613550621317315E-6   172.78605941197748
3.0348443050091025E-6     -4.468752370778436E-6    250.5471229774269
3.230213297527636E-6      -4.364438577875022E-6    -18.829474418849713
3.1667824771521404E-6     -4.471835886521727E-6    60.64467692679689
3.298720649295179E-6      -4.474919402265017E-6    -129.15656525710443
2.6982492262891515E-6     -4.349952891496077E-6    937.0485263870919
2.7616800466646473E-6     -4.242555582849372E-6    858.9833136954996
2.8251108670401426E-6     -4.135158274202667E-6    784.1372139838854
2.8885416874156387E-6     -4.027760965555963E-6    707.5963397066635
2.6255304918552765E-6     -4.237320443700299E-6    1252.4969975991344
2.688961312230772E-6      -4.129923135053593E-6    1178.9604737788895
2.752392132606268E-6      -4.0225258264068895E-6   1104.3128663315147
2.552811757421401E-6      -4.1246879959045205E-6   1570.235194420627
2.616242577796897E-6      -4.017290687257816E-6    1501.2179965609625
2.480093022987526E-6      -4.012055548108742E-6    1890.2631168515666
3.1243158378299026E-6     -4.788117651460032E-6    105.7248312674004
3.1824507749849947E-6     -4.683718235061693E-6    28.936808823320916
3.2405857121400867E-6     -4.579318818663355E-6    -49.35287752709564
3.0505126028419563E-6     -4.680634719318402E-6    215.43869817559334
3.1086475399970484E-6     -4.576235302920064E-6    138.82108543284698
2.9767093678540104E-6     -4.573151787176774E-6    327.0951303036022
-3.90791950583451E-6      -1.5897441734228222E-6   13927.132313034224
-3.854594572092169E-6     -1.490692177500242E-6    15381.981236066622
-3.8012696383498277E-6    -1.3916401815776615E-6   16789.65243047327
-3.7479447046074866E-6    -1.2925881856550817E-6   18203.54478725917
-3.694619770865145E-6     -1.1935361897325014E-6   19623.65830642438
-4.003212420038193E-6     -1.487486149484632E-6    13320.62072808714
-3.949887486295852E-6     -1.3884341535620515E-6   14779.925528253947
-3.89656255255351E-6      -1.2893821576394714E-6   16238.485783808112
-3.843237618811169E-6     -1.190330161716891E-6    17703.29512744197
-4.098505334241876E-6     -1.3852281255464412E-6   12754.352691131558
-4.045180400499535E-6     -1.286176129623861E-6    14183.21450412023
-3.991855466757194E-6     -1.1871241337012808E-6   15643.622257351914
-4.19379824844556E-6      -1.282970101608251E-6    12185.040369732797
-4.140473314703218E-6     -1.1839181056856708E-6   13583.657906900879
-4.289091162649243E-6     -1.1807120776700605E-6   11612.683763890835
-4.761257675606703E-6     -1.4378448407038605E-6   4207.087551969027
-4.645638535842821E-6     -1.5171417278042073E-6   5496.455704481845
-4.53001939607894E-6      -1.596438614904554E-6    6781.132868351748
-4.4144002563150595E-6    -1.6757355020049013E-6   7890.209009271188
-4.638134490977288E-6     -1.3678213657359494E-6   6064.550414239311
-4.522515351213407E-6     -1.4471182528362964E-6   7352.4731498954025
-4.406896211449526E-6     -1.5264151399366432E-6   8603.339453394852
-4.515011306347873E-6     -1.2977978907680385E-6   7928.224004259275
-4.399392166583992E-6     -1.3770947778683857E-6   9321.36350039171
-4.39188812171846E-6      -1.227774415800128E-6    10044.281150261777
-4.0107164649037266E-6    -1.6368065115528897E-6   12417.87046275971
-4.10600937910741E-6      -1.5345484876146991E-6   11910.264387022871
-4.201302293311093E-6     -1.4322904636765085E-6   11373.570579980864
-4.2965952075147755E-6    -1.3300324397383182E-6   10833.633777138122
-4.113513423972943E-6     -1.6838688496829568E-6   11059.821470917832
-4.208806338176626E-6     -1.5816108257447664E-6   10510.088797493689
-4.30409925238031E-6      -1.479352801806576E-6    9970.67873550961
-4.216310383042159E-6     -1.7309311878130241E-6   9704.828836614959
-4.311603297245843E-6     -1.6286731638748335E-6   9113.10032680727
-4.319107342111376E-6     -1.7779935259430914E-6   8352.892559851129
-3.0315588832677115E-6    -1.236957046531141E-6    26701.91618448028
-3.1664421689720655E-6    -1.2332244311563294E-6   25296.684789040235
-3.30132545467642E-6      -1.2294918157815178E-6   23769.73018351
-3.4362087403807745E-6    -1.2257592004067063E-6   22242.527149830465
-3.5710920260851294E-6    -1.2220265850318947E-6   20611.942191472714
-3.0962393579343913E-6    -1.360766822378303E-6    24709.76287084058
-3.2311226436387454E-6    -1.3570342070034915E-6   23229.756276843436
-3.3660059293431003E-6    -1.35330159162868E-6     21706.7633539542
-3.5008892150474543E-6    -1.3495689762538683E-6   20170.34262203139
-3.1609198326010707E-6    -1.484576598225465E-6    22727.981528259512
-3.295803118305425E-6     -1.4808439828506533E-6   21173.340069136346
-3.4306864040097797E-6    -1.477111367475842E-6    19730.610952074465
-3.2256003072677505E-6    -1.6083863740726272E-6   20756.57215673712
-3.360483592972105E-6     -1.6046537586978156E-6   19292.74718160195
-3.2902807819344304E-6    -1.7321961499197893E-6   18893.115338737636
-3.784391761054494E-6     -1.6182345687222157E-6   15071.241244679419
-3.6608640162744784E-6    -1.6467249640216088E-6   16063.864573728562
-3.5373362714944622E-6    -1.6752153593210024E-6   17055.06130283984
-3.413808526714446E-6     -1.703705754620396E-6    18044.831432013238
-3.7310668273121526E-6    -1.5191825727996352E-6   16409.347697756217
-3.6075390825321365E-6    -1.5476729680990287E-6   17427.05421680684
-3.4840113377521203E-6    -1.576163363398422E-6    18443.29104998306
-3.6777418935698115E-6    -1.4201305768770549E-6   17769.641460139905
-3.554214148789796E-6     -1.4486209721764487E-6   18789.01211063757
-3.6244169598274705E-6    -1.321078580954475E-6    19136.128459202424
-2.596784564608796E-6     -1.6559167404302085E-6   25163.34249672829
-2.5360947205854747E-6    -1.5456426728961548E-6   27022.362960484832
-2.475404876562154E-6     -1.4353686053621006E-6   28952.417989548034
-2.4147150325388326E-6    -1.325094537828047E-6    30891.21663340352
-2.354025188515512E-6     -1.214820470293993E-6    32838.75889205131
-2.6708033334072433E-6    -1.5473628464809626E-6   25792.248387064094
-2.610113489383922E-6     -1.4370887789469086E-6   27719.41788410203
-2.549423645360601E-6     -1.3268147114128547E-6   29742.203575426414
-2.4887338013372797E-6    -1.2165406438788008E-6   31773.94394565408
-2.7448221022056904E-6    -1.4388089525317164E-6   26519.500689191096
-2.684132258182369E-6     -1.3285348849976625E-6   28527.297581566418
-2.6234424141590483E-6    -1.218260817463609E-6    30556.140205543426
-2.8188408710041375E-6    -1.3302550585824707E-6   27249.58104824012
-2.758151026980816E-6     -1.2199809910484168E-6   29338.42469080943
-2.8928596398025846E-6    -1.2217011646332248E-6   27982.489464211183
-2.7354838080739227E-6    -1.6711726223281247E-6   23990.331901338614
-2.80950257687237E-6      -1.5626187283788785E-6   24625.520831739817
-2.883521345670817E-6     -1.4540648344296326E-6   25274.75231994097
-2.957540114469264E-6     -1.3455109404803866E-6   25926.392510207497
-2.8741830515390496E-6    -1.6864285042260406E-6   22736.348892204456
-2.9482018203374967E-6    -1.5778746102767949E-6   23373.053994112342
-3.0222205891359442E-6    -1.4693207163275487E-6   24018.835131072385
-3.012882295004176E-6     -1.701684386123957E-6    21483.249943960618
-3.086901063802623E-6     -1.5931304921747108E-6   22121.509389564824
-3.1515815384693035E-6    -1.7169402680218731E-6   20231.0350566071
3.2298958362042567E-7     -1.2173162440610141E-6   32710.449641339765
1.8962817672633963E-7     -1.2179482325702817E-6   33679.05527191808
5.626676983225359E-8      -1.2185802210795493E-6   34474.0956021977
-7.70946370618324E-8      -1.2192122095888171E-6   35269.11225799331
-2.1045604395591844E-7    -1.219844198098085E-6    35881.33299702648
2.6448780687303335E-7     -1.3290960232199865E-6   31486.970994946478
1.311263999789473E-7      -1.3297280117292543E-6   32346.40165183331
-2.2350069151387258E-9    -1.330360000238522E-6    33139.362552107625
-1.355964138092247E-7     -1.3309919887477897E-6   33860.660853394074
2.05986030125641E-7       -1.440875802378959E-6    30268.103963673966
7.262462323155497E-8      -1.4415077908882267E-6   31018.77908207031
-6.073678366253104E-8     -1.4421397793974945E-6   31848.871566290924
1.4748425337824867E-7     -1.5526555815379319E-6   29053.848547522226
1.4122846484162654E-8     -1.5532875700471997E-6   29845.965135717084
8.898247663085635E-8      -1.6644353606969042E-6   27941.516680754605
2.2109579206386173E-7     -1.662836125926346E-6    27303.088808532346
3.532091074968671E-7      -1.6612368911557871E-6   26513.0012022167
4.853224229298724E-7      -1.6596376563852289E-6   25722.850508667914
6.174357383628779E-7      -1.6580384216146702E-6   24932.636727885983
2.7959756881125407E-7     -1.5510563467673732E-6   28406.740221752545
4.117108842442594E-7      -1.5494571119968145E-6   27613.07965021338
5.438241996772648E-7      -1.5478578772262563E-6   26819.35353254553
3.380993455586464E-7      -1.4392765676084006E-6   29512.478254153473
4.702126609916518E-7      -1.4376773328378422E-6   28716.556972147613
3.966011223060387E-7      -1.3274967884494278E-6   30622.40846647413
-1.924168110194567E-6     -1.648194800005258E-6    28961.732752357795
-1.864251835841782E-6     -1.5393542479867129E-6   30773.50047482137
-1.8043355614889967E-6    -1.430513695968167E-6    32677.26211507695
-1.7444192871362115E-6    -1.3216731439496218E-6   34589.233719963864
-1.6845030127834263E-6    -1.2128325919310762E-6   36509.41528948215
-1.998001557054092E-6     -1.5394651205561946E-6   30047.76861494415
-1.9380852827013067E-6    -1.430624568537649E-6    31920.388806468505
-1.8781690083485215E-6    -1.3217840165191033E-6   33933.23044809696
-1.8182527339957361E-6    -1.212943464500558E-6    35954.57497606046
-2.0718350039136168E-6    -1.4307354411071304E-6   31229.669072553585
-2.0119187295608313E-6    -1.321894889088585E-6    33204.06210077441
-1.9520024552080463E-6    -1.2130543370700396E-6   35223.81494775889
-2.1456684507731414E-6    -1.322005761658067E-6    32416.482437726176
-2.085752176420356E-6     -1.2131652096395213E-6   34493.0581534282
-2.2195018976326664E-6    -1.213276082209003E-6    33608.20871046194
-2.280191741655987E-6     -1.323550149743057E-6    31591.623911447274
-2.340881585679308E-6     -1.4338242172771106E-6   29737.667545720436
-2.401571429702629E-6     -1.5440982848111644E-6   27892.24373067485
-2.46226127372595E-6      -1.6543723523452185E-6   26053.850935066195
-2.206358294796462E-6     -1.4322798291921207E-6   30502.06900671184
-2.2670481388197835E-6    -1.5425538967261746E-6   28654.602676075374
-2.327737982843104E-6     -1.6528279642602283E-6   26815.292580816902
-2.1325248479369374E-6    -1.5410095086411844E-6   29417.0171587548
-2.193214691960259E-6     -1.6512835761752383E-6   27576.787516257416
-2.058691401077413E-6     -1.6497391880902483E-6   28338.335741387735
-1.2535855397200082E-6    -1.65490925977899E-6     30634.27986182191
-1.1939519084539713E-6    -1.5453304649959551E-6   32311.211124963203
-1.1343182771879342E-6    -1.4357516702129198E-6   34092.25003553343
-1.0746846459218973E-6    -1.3261728754298848E-6   35880.726764935476
-1.0150510146558604E-6    -1.2165940806468497E-6   37676.64131316937
-1.3277857794621348E-6    -1.5447258158056983E-6   32106.41538405813
-1.268152148196098E-6     -1.4351470210226632E-6   33847.88922527633
-1.2085185169300608E-6    -1.325568226239628E-6    35747.63409399875
-1.148884885664024E-6     -1.2159894314565929E-6   37655.17757190556
-1.4019860192042614E-6    -1.4345423718324062E-6   33680.972972588075
-1.3423523879382243E-6    -1.3249635770493711E-6   35538.58642369418
-1.2827187566721874E-6    -1.215384782266336E-6    37445.81999954999
-1.476186258946388E-6     -1.3243589278591143E-6   35262.31161559475
-1.416552627680351E-6     -1.2147801330760793E-6   37236.45876970327
-1.5503864986885147E-6    -1.2141754838858227E-6   36850.43131307817
-1.6103027730412997E-6    -1.3230160359043683E-6   34855.586692327415
-1.670219047394085E-6     -1.4318565879229135E-6   33045.321683791604
-1.7301353217468701E-6    -1.5406971399414587E-6   31242.973718183417
-1.7900515960996553E-6    -1.6495376919600048E-6   29450.18946966656
-1.536102533299173E-6     -1.43319947987766E-6     33384.06800538576
-1.5960188076519585E-6    -1.5420400318962056E-6   31580.964918408135
-1.6559350820047435E-6    -1.6508805839147508E-6   29786.273615050566
-1.4619022935570467E-6    -1.5433829238509516E-6   31918.936279806276
-1.5218185679098316E-6    -1.6522234758694973E-6   30122.338808653258
-1.38770205381492E-6      -1.6535663678242437E-6   30458.385050474637
-5.815520696681833E-7     -1.661840547620075E-6    30260.466896796133
-5.22304790555069E-7      -1.5512117195857363E-6   31698.588029351173
-4.630575114419548E-7     -1.440582891551397E-6    33244.17966788011
-4.0381023232884054E-7    -1.329954063517058E-6    34795.98807047098
-3.4456295321572635E-7    -1.219325235482719E-6    36354.0132371238
-6.563251324125113E-7     -1.5508754952688233E-6   32011.767356796383
-5.97077853299397E-7      -1.440246667234484E-6    33515.47783468449
-5.378305741862828E-7     -1.329617839200145E-6    35181.23399844029
-4.785832950731686E-7     -1.218989011165806E-6    36853.612001365604
-7.310981951568394E-7     -1.4399104429175708E-6   33867.073303479294
-6.71850916043725E-7      -1.3292816148832319E-6   35492.17473235489
-6.126036369306109E-7     -1.218652786848893E-6    37165.48545527298
-8.058712579011674E-7     -1.3289453905663188E-6   35730.520232359355
-7.466239787880531E-7     -1.2183165625319797E-6   37477.36451748084
-8.806443206454954E-7     -1.2179803382150668E-6   37602.108143436584
-2.697033230690326E-7     -1.3304730261324239E-6   34255.34315388762
-3.2895060218214687E-7    -1.441101854166763E-6    32817.93724198147
-3.8819788129526106E-7    -1.5517306822011017E-6   31386.34301902962
-4.4744516040837535E-7    -1.6623595102354411E-6   29961.268914714616
-1.9484369292233893E-7    -1.4416208167821288E-6   32353.003466496637
-2.540909720354532E-7     -1.552249644816468E-6    30922.79669305735
-3.133382511485674E-7     -1.6628784728508067E-6   29498.649565903266
-1.1998406277564526E-7    -1.5527686074318334E-6   30459.2632563158
-1.792313418887595E-7     -1.6633974354661726E-6   29036.042652313132
-4.5124432628951576E-8    -1.6639163980815386E-6   28573.44817394423
-9.402779519115324E-7     -1.3275591329981019E-6   35731.34351812276
-9.999115831775692E-7     -1.4371379277811368E-6   34054.79696584085
-1.059545214443606E-6     -1.5467167225641718E-6   32385.327442038142
-1.1191788457096432E-6    -1.6562955173472071E-6   30724.785125925304
-8.655048891672043E-7     -1.438524185349354E-6    33981.72497361558
-9.251385204332412E-7     -1.548102980132389E-6    32312.607585561655
-9.847721516992782E-7     -1.657681774915424E-6    30651.166525600467
-7.907318264228763E-7     -1.549489237700606E-6    32239.895506047098
-8.503654576889132E-7     -1.659068032483641E-6    30577.555536593794
-7.159587636785483E-7     -1.6604542900518583E-6   30503.952158905275
6.946205272146911E-7      -1.7711145403536878E-6   23045.960049842623
5.625072117816858E-7      -1.7727137751242463E-6   23967.395441857247
4.303938963486803E-7      -1.7743130098948045E-6   24754.141084983974
2.9828058091567494E-7     -1.775912244665363E-6    25540.826099773105
1.661672654826696E-7      -1.7775114794359219E-6   26191.64300611723
6.396920006334989E-7      -1.8857898938632637E-6   22165.999552208665
5.075786852004935E-7      -1.887389128633822E-6    23003.578865861757
3.754653697674882E-7      -1.8889883634043806E-6   23788.173543881192
2.4335205433448283E-7     -1.890587598174939E-6    24521.104531851695
5.847634740523068E-7      -2.0004652473728397E-6   21288.957429075002
4.526501586193014E-7      -2.002064482143398E-6    22043.025580117628
3.20536843186296E-7       -2.0036637169139567E-6   22857.86374217949
5.298349474711147E-7      -2.1151406008824154E-6   20414.833680441643
3.977216320381093E-7      -2.116739835652974E-6    21201.9206371006
4.749064208899225E-7      -2.2298159543919915E-6   19619.06620522608
6.055180913223679E-7      -2.228076709087829E-6    19008.1162008431
7.361297617548132E-7      -2.2263374637836666E-6   18285.385251841006
8.667414321872586E-7      -2.224598218479504E-6    17562.5877414612
9.97353102619704E-7       -2.222858973175342E-6    16839.723669703675
6.6044661790356E-7        -2.113401355578253E-6    19798.289786499707
7.910582883360053E-7      -2.1116621102740906E-6   19072.225562152464
9.216699587684507E-7      -2.109922864969928E-6    18346.092479359133
7.153751444847521E-7      -1.998726002068677E-6    20589.147713329858
8.459868149171976E-7      -1.996986756764515E-6    19860.832948931486
7.703036710659442E-7      -1.884050648559101E-6    21382.579098909206
1.087075366782158E-6      -2.3386376355964986E-6   15272.94685678916
1.0461859605121667E-6     -2.456155543321817E-6    14612.391804990893
1.0052965542421751E-6     -2.573673451047136E-6    13953.685517556652
9.644071479721838E-7      -2.691191358772455E-6    13296.827994486448
9.235177417021924E-7      -2.808709266497774E-6    12690.982933940353
1.200453064602014E-6      -2.4339785700615893E-6   13904.354706919083
1.1595636583320227E-6     -2.5514964777869083E-6   13326.337037472893
1.1186742520620314E-6     -2.6690143855122273E-6   12749.875856920657
1.07778484579204E-6       -2.7865322932375466E-6   12161.303659655567
1.3138307624218703E-6     -2.529319504526681E-6    12646.019301693048
1.272941356151879E-6      -2.6468374122519995E-6   12071.895854007962
1.2320519498818876E-6     -2.764355319977319E-6    11498.073528676243
1.4272084602417265E-6     -2.624660438991772E-6    11392.97810754445
1.3863190539717352E-6     -2.742178346717091E-6    10833.929550760204
1.5405861580615828E-6     -2.7200013734568633E-6   10168.871725907438
9.564636963497125E-7      -2.3403768809006608E-6   16097.595124346124
8.258520259172672E-7      -2.342116126204823E-6    16817.21659402714
6.952403554848218E-7      -2.343855371508985E-6    17536.773799398827
5.646286850523765E-7      -2.3455946168131482E-6   18157.674444709774
9.155742900797211E-7      -2.4578947886259793E-6   15356.241639311149
7.849626196472758E-7      -2.459634033930142E-6    16073.70783634643
6.543509492148305E-7      -2.4613732792343046E-6   16758.518650660837
8.746848838097298E-7      -2.5754126963512983E-6   14617.029194110262
7.440732133772845E-7      -2.577151941655461E-6    15365.583791990182
8.337954775397385E-7      -2.6929306040766177E-6   13978.869868697802
1.3322832820599634E-6     -3.3376594167277686E-6   7793.860614361995
1.472497076131724E-6      -3.340502441545464E-6    7265.019117408402
1.6127108702034845E-6     -3.3433454663631597E-6   6696.591024375821
1.752924664275245E-6      -3.346188491180855E-6    6128.272380179522
1.8931384583470054E-6     -3.3490315159985507E-6   5560.06318481949
1.404797278078257E-6      -3.2096924134215423E-6   8086.36167190462
1.5450110721500173E-6     -3.212535438239238E-6    7558.857858219878
1.6852248662217778E-6     -3.215378463056933E-6    6988.43891629429
1.8254386602935382E-6     -3.2182214878746285E-6   6418.132981537101
1.4773112740965502E-6     -3.081725410115315E-6    8421.938879389234
1.6175250681683106E-6     -3.0845684349330107E-6   7853.361337180064
1.757738862240071E-6      -3.0874114597507063E-6   7280.4062590997855
1.5498252701148436E-6     -2.953758406809089E-6    8757.130733941696
1.690039064186604E-6      -2.9566014316267845E-6   8147.222152184662
1.622339266133137E-6      -2.8257914035028622E-6   9091.937235562018
1.2505301739884093E-6     -3.23186938668177E-6     8735.85263958008
1.3230441700067026E-6     -3.103902383375543E-6    9063.200021061117
1.3955581660249958E-6     -2.9759353800693167E-6   9439.765498396639
1.4680721620432893E-6     -2.8479683767630904E-6   9816.202933823453
1.168777065916855E-6      -3.1260793566357707E-6   9714.043521783764
1.2412910619351483E-6     -2.998112353329544E-6    10087.205952175258
1.3138050579534417E-6     -2.8701453500233174E-6   10466.222106991956
1.0870239578453009E-6     -3.020289326589772E-6    10696.271277491804
1.1595379538635941E-6     -2.892322323283545E-6    11115.351329837793
1.0052708497737466E-6     -2.914499296543773E-6    11682.535906704208
1.9679612695146064E-6     -3.461243310729183E-6    4785.2705978636
1.902570286610447E-6      -3.570612080642119E-6    4616.916079108612
1.8371793037062874E-6     -3.6799808505550553E-6   4447.538007418447
1.7717883208021278E-6     -3.789349620467992E-6    4277.136382793107
1.7063973378979685E-6     -3.898718390380928E-6    4124.900717525322
2.0427656767415834E-6     -3.5707530226285262E-6   4223.3370838333485
1.9773746938374237E-6     -3.6801217925414624E-6   4071.4846404710333
1.9119837109332644E-6     -3.7894905624543986E-6   3918.4826898693736
1.846592728029105E-6      -3.898859332367336E-6    3764.3579289665786
2.1175700839685604E-6     -3.6802627345278695E-6   3686.9300068231096
2.0521791010644007E-6     -3.789631504440806E-6    3535.9219104567655
1.9867881181602413E-6     -3.899000274353742E-6    3383.775851166279
2.1923744911955374E-6     -3.7897724464272133E-6   3153.3662718566466
2.126983508291378E-6      -3.89914121634015E-6     3003.198809633514
2.267178898422515E-6      -3.899282158326557E-6    2622.6268043682844
1.6315745267303676E-6     -3.7865065956502964E-6   4837.544506401448
1.696965509634527E-6      -3.6771378257373593E-6   5001.612030354499
1.7623564925386863E-6     -3.567769055824423E-6    5188.5469689147885
1.827747475442846E-6      -3.458400285911487E-6    5374.5843088440815
1.5567517155627665E-6     -3.6742948009196642E-6   5567.345667510882
1.6221426984669258E-6     -3.564926031006728E-6    5753.258382645568
1.6875336813710854E-6     -3.455557261093792E-6    5941.32081535245
1.4819289043951654E-6     -3.5620830061890325E-6   6300.353123498797
1.5473198872993247E-6     -3.452714236276096E-6    6508.163212364963
1.4071060932275645E-6     -3.4498712114584003E-6   7036.566874365199
2.3417934613300448E-6     -4.010390816310818E-6    2101.8109675052415
2.276212634106439E-6      -4.1213585323086715E-6   1981.043479767637
2.2106318068828324E-6     -4.232326248306526E-6    1858.8252057975196
2.1450509796592264E-6     -4.343293964304379E-6    1735.1561455948872
2.41451219576392E-6       -4.123023264106596E-6    1771.5423463424886
2.3489313685403138E-6     -4.23399098010445E-6     1659.3412876557068
2.2833505413167074E-6     -4.344958696102303E-6    1545.6113272477833
2.2177697140931014E-6     -4.455926412100157E-6    1430.508335219772
2.4872309301977947E-6     -4.235655711902374E-6    1456.1825293339953
2.421650102974189E-6      -4.346623427900228E-6    1344.338105284066
2.356069275750583E-6      -4.457591143898082E-6    1231.050898694491
2.55994966463167E-6       -4.348288159698153E-6    1143.1218008457
2.4943688374080638E-6     -4.459255875696006E-6    1031.649737985451
2.6326683990655456E-6     -4.460920607493931E-6    832.3048530926546
2.00485558952809E-6       -4.343153022317972E-6    2107.4114409491476
2.0704364167516957E-6     -4.232185306320118E-6    2229.854166081797
2.136017243975302E-6      -4.121217590322264E-6    2362.144691399274
2.2015980711989084E-6     -4.010249874324411E-6    2493.0625459728767
1.9302410266205593E-6     -4.2320443643337105E-6   2605.312524927861
1.9958218538441653E-6     -4.121076648335857E-6    2738.850913533388
2.0614026810677717E-6     -4.010108932338004E-6    2871.709340529011
1.8556264637130292E-6     -4.12093570634945E-6     3105.6884934134855
1.921207290936635E-6      -4.0099679903515965E-6   3250.361066807719
1.7810119008054986E-6     -4.009827048365189E-6    3608.5393464060267
2.43567222454362E-6       -4.783369403918816E-6    548.2231963715889
2.501337616050928E-6      -4.675886471777188E-6    644.4972779877289
2.567003007558237E-6      -4.568403539635559E-6    739.1727276331003
2.363038054393447E-6      -4.674221739979263E-6    840.3459571616118
2.4287034459007554E-6     -4.566738807837635E-6    936.8050268353304
2.290403884243274E-6      -4.56507407603971E-6     1134.4929601446938
-3.887198615897794E-6     -1.7116663400851594E-6   13351.29340490136
-3.989995574967011E-6     -1.7587286782152265E-6   11938.862345245216
-4.092792534036227E-6     -1.8057910163452938E-6   10624.442064012172
-4.195589493105444E-6     -1.8528533544753609E-6   9312.947379014378
-4.2983864521746605E-6    -1.8999156926054286E-6   8088.678933316421
-3.866477725961079E-6     -1.8335885067474961E-6   12790.00928017588
-3.969274685030295E-6     -1.8806508448775634E-6   11487.920531628442
-4.0720716440995115E-6    -1.9277131830076308E-6   10177.718618259001
-4.174868603168728E-6     -1.974775521137698E-6    8894.254840074325
-3.845756836024363E-6     -1.955510673409833E-6    12231.266378522894
-3.948553795093579E-6     -2.0025730115399E-6      11039.200286404946
-4.051350754162796E-6     -2.0496353496699675E-6   9696.54172933934
-3.825035946087647E-6     -2.07743284007217E-6     11675.064699942413
-3.927832905156864E-6     -2.1244951782022374E-6   10495.539601111446
-3.8043150561509317E-6    -2.199355006734507E-6    11107.891484835402
-3.763670871117778E-6     -1.7401567353845525E-6   14414.340318254675
-3.7429499811810623E-6    -1.8620789020468893E-6   13744.306196953576
-3.7222290912443464E-6    -1.9840010687092267E-6   13077.132953404162
-3.7015082013076314E-6    -2.1059232353715634E-6   12507.76706437147
-3.640143126337762E-6     -1.768647130683946E-6    15380.918535418841
-3.6194222364010466E-6    -1.8905692973462828E-6   14708.258360787193
-3.598701346464331E-6     -2.01249146400862E-6     14061.862024908009
-3.516615381557746E-6     -1.7971375259833392E-6   16346.113238581662
-3.4958944916210305E-6    -1.919059692645676E-6    15622.51106826988
-3.3930876367777306E-6    -1.825627921282733E-6    17189.71419445707
-4.771250336836569E-6     -2.1532006510382392E-6   2737.719604121303
-4.658119813437021E-6     -2.2271044149761347E-6   3646.3213020742523
-4.5449892900374715E-6    -2.30100817891403E-6     4551.475312095377
-4.431858766637923E-6     -2.3749119428519265E-6   5298.097388589099
-4.655631197072688E-6     -2.0896403952814428E-6   3978.881503476725
-4.542500673673139E-6     -2.1635441592193387E-6   4886.624971485549
-4.429370150273591E-6     -2.237447923157234E-6    5749.927603136168
-4.540012057308806E-6     -2.0260801395246463E-6   5224.069780674454
-4.426881533909257E-6     -2.0999839034625426E-6   6204.397469248626
-4.424392917544925E-6     -1.9625198837678507E-6   6661.506986926512
-4.308340917631991E-6     -2.449771771384196E-6    5942.005098230833
-4.182334452261726E-6     -2.3871675802217735E-6   7206.366305733472
-4.056327986891461E-6     -2.3245633890593514E-6   8474.689882983464
-3.930321521521196E-6     -2.261959197896929E-6    9746.975829980845
-4.305852301267658E-6     -2.312307751689504E-6    6450.690537950373
-4.179845835897393E-6     -2.2497035605270815E-6   7762.47707787842
-4.0538393705271284E-6    -2.1870993693646595E-6   9078.37276277766
-4.303363684903325E-6     -2.174843731994812E-6    7021.802730761836
-4.177357219533061E-6     -2.11223954083239E-6     8338.780151785104
-4.300875068538993E-6     -2.03737971230012E-6     7595.899076905367
-3.275047550538253E-6     -2.287345654036934E-6    14463.660165180563
-3.2780941968174886E-6    -2.1763157532135053E-6   15342.434974156553
-3.2811408430967242E-6    -2.065285852390076E-6    16204.189279867442
-3.2841874893759595E-6    -1.9542559515666473E-6   17069.63030060912
-3.2872341356551947E-6    -1.843226050743218E-6    17938.758036381616
-3.380901051660789E-6     -2.2697475245764488E-6   13876.996063258615
-3.383947697940024E-6     -2.1587176237530193E-6   14674.847698338086
-3.3869943442192593E-6    -2.0476877229295903E-6   15469.546365178303
-3.3900409904984945E-6    -1.9366578221061613E-6   16267.76511945594
-3.4867545527833247E-6    -2.252149395115963E-6    13198.321895561174
-3.48980119906256E-6      -2.141119494292534E-6    13984.779826906717
-3.4928478453417952E-6    -2.030089593469105E-6    14777.72743269479
-3.59260805390586E-6      -2.2345512656554776E-6   12519.016793038762
-3.595654700185095E-6     -2.1235213648320486E-6   13294.068441172847
-3.6984615550283957E-6    -2.2169531361949924E-6   11839.080755691377
-2.8132529602308612E-6    -2.151497824543483E-6    18548.74422896041
-2.769959281106448E-6     -2.052381607720828E-6    19877.483966870663
-2.7266656019820353E-6    -1.953265390898173E-6    21182.69884829052
-2.6833719228576217E-6    -1.8541491740755181E-6   22493.1466091721
-2.640078243733209E-6     -1.7550329572528632E-6   23808.827249515452
-2.908658524571575E-6     -2.0676374896187443E-6   18624.749535435883
-2.865364845447162E-6     -1.9685212727960894E-6   19950.739144018044
-2.8220711663227486E-6    -1.8694050559734343E-6   21295.845394993295
-2.7787774871983355E-6    -1.7702888391507794E-6   22646.254266011667
-3.004064088912289E-6     -1.9837771546940053E-6   18721.939213061105
-2.9607704097878755E-6    -1.8846609378713504E-6   20043.20770747514
-2.917476730663463E-6     -1.7855447210486955E-6   21390.460656311625
-3.0994696532530025E-6    -1.8999168197692666E-6   18818.810553401716
-3.0561759741285893E-6    -1.8008006029466117E-6   20135.51293531223
-3.1948752175937166E-6    -1.8160564848445278E-6   18915.363556457734
-3.182688632476775E-6     -2.260176088138244E-6    15231.97282612519
-3.0903297144152963E-6    -2.2330065222395534E-6   16055.317555302292
-2.997970796353818E-6     -2.2058369563408633E-6   16879.714009956642
-2.9056118782923393E-6    -2.178667390442173E-6    17705.162190088264
-3.18573527875601E-6      -2.149146187314815E-6    16148.444878365583
-3.093376360694531E-6     -2.1219766214161244E-6   16977.38815102869
-3.001017442633053E-6     -2.0948070555174343E-6   17807.427710835444
-3.1887819250352453E-6    -2.0381162864913854E-6   17078.21524625353
-3.0964230069737672E-6    -2.0109467205926954E-6   17909.870003275166
-3.1918285713144805E-6    -1.9270863856679564E-6   18011.83895676563
-2.22268230341302E-6      -2.1740079453577276E-6   21338.54378949651
-2.1629794647693295E-6    -2.068845316287234E-6    22798.923487588443
-2.1032766261256387E-6    -1.9636826872167396E-6   24314.940794680748
-2.0435737874819483E-6    -1.858520058146246E-6    25837.18111905917
-1.9838709488382575E-6    -1.7533574290757521E-6   27365.644460723695
-2.297502755652175E-6     -2.070389704372224E-6    22041.29469186689
-2.2377999170084843E-6    -1.96522707530173E-6     23539.48090480962
-2.1780970783647935E-6    -1.860064446231236E-6    25133.29733066797
-2.118394239721103E-6     -1.754901817160742E-6    26733.538067464506
-2.3723232078913304E-6    -1.96677146338672E-6     22812.980047362595
-2.3126203692476396E-6    -1.861608834316226E-6    24374.198360315546
-2.252917530603949E-6     -1.7564462052457323E-6   25972.654109341747
-2.4471436601304857E-6    -1.863153222401216E-6    23587.288879318
-2.387440821486795E-6     -1.7579905933307221E-6   25211.82119331961
-2.5219641123696405E-6    -1.7595349814157123E-6   24364.22118773312
-2.6951388288672928E-6    -2.155999848706332E-6    19194.487203137
-2.5770246975037247E-6    -2.1605018728691807E-6   19749.446092641298
-2.4589105661401563E-6    -2.1650038970320294E-6   20304.27743182845
-2.3407964347765883E-6    -2.1695059211948785E-6   20858.981220698475
-2.65184514974288E-6      -2.056883631883677E-6    20455.469836860862
-2.533731018379311E-6     -2.0613856560465257E-6   21013.946203721684
-2.415616887015743E-6     -2.0658876802093745E-6   21572.289789382827
-2.6085514706184664E-6    -1.9577674150610217E-6   21724.284437716262
-2.4904373392548984E-6    -1.962269439223871E-6    22284.10519570679
-2.5652577914940537E-6    -1.858651198238367E-6    22998.262177451983
3.172394277436999E-8      -1.7759499161938194E-6   26730.190795446437
-1.0238296648543794E-7    -1.7754309535784535E-6   27335.61246534069
-2.3648987574524586E-7    -1.7749119909630877E-6   27797.37066830639
-3.7059678500505375E-7    -1.7743930283477214E-6   28259.140852483783
-5.047036942648618E-7     -1.773874065732356E-6    28576.43276078732
-2.5534591082116372E-8    -1.8874644716907343E-6   25585.014778114568
-1.596415003419243E-7     -1.8869455090753685E-6   26102.918845093063
-2.937484096017322E-7     -1.8864265464600028E-6   26563.37939228487
-4.278553188615401E-7     -1.8859075838446368E-6   26967.84384473853
-8.279312493860271E-8     -1.9989790271876492E-6   24443.967100980903
-2.1690003419841065E-7    -1.9984600645722834E-6   24874.6929638004
-3.5100694345821856E-7    -1.9979411019569176E-6   25366.064394823017
-1.400516587950891E-7     -2.1104935826845646E-6   23307.047764045437
-2.74158568054897E-7      -2.1099746200691987E-6   23771.094411040784
-1.9731019265157543E-7    -2.2220081381814795E-6   22254.9854238618
-6.286686994327585E-8     -2.223569701423582E-6    21850.8553685304
7.157645276502378E-8      -2.225131264665684E-6    21325.706264105156
2.060197754733233E-7      -2.226692827907787E-6    20800.600523747133
3.4046309818162296E-7     -2.228254391149889E-6    20275.53814745632
-5.608336086789465E-9     -2.1120551459266666E-6   22895.219595522445
1.2883498662151014E-7     -2.113616709168769E-6    22369.47009509575
2.6327830932980966E-7     -2.1151782724108716E-6   21843.765459780363
5.1650197769696896E-8     -2.0005405904297517E-6   23944.96929757684
1.8609352047799647E-7     -2.002102153671854E-6    23417.591311897355
1.0890873162618324E-7     -1.8890260349328366E-6   24998.507941072618
-1.5518807999264449E-6    -2.195249784803523E-6    23154.618034906325
-1.4922217478851576E-6    -2.0871816797986164E-6   24568.008578843335
-1.43256269584387E-6      -1.97911357479371E-6     26058.480873172448
-1.372903643802583E-6     -1.8710454697888033E-6   27554.935107790356
-1.3132445917612955E-6    -1.7629773647838965E-6   29057.371282697055
-1.6263382619800694E-6    -2.08583878784387E-6     24241.600838898154
-1.566679209938782E-6     -1.9777706828389634E-6   25701.27400046302
-1.5070201578974944E-6    -1.8697025778340568E-6   27280.122920933194
-1.4473611058562073E-6    -1.76163447282915E-6     28865.224449232264
-1.7007957240336937E-6    -1.9764277908842173E-6   25401.22547868798
-1.6411366719924062E-6    -1.8683596858793104E-6   26946.602885911194
-1.5814776199511192E-6    -1.7602915808744038E-6   28531.01639050099
-1.7752531860873183E-6    -1.867016793924564E-6    26565.385585746295
-1.7155941340460308E-6    -1.7589486889196574E-6   28196.79026703357
-1.8497106481409426E-6    -1.757605796964911E-6    27734.081160073114
-1.909413486784633E-6     -1.862768426035405E-6    26149.85048986926
-1.9691163254283235E-6    -1.967931055105899E-6    24700.106462056367
-2.0288191640720143E-6    -2.0730936841763926E-6   23256.38415787745
-2.088522002715705E-6     -2.1782563132468866E-6   21822.373116015675
-1.8349560247310086E-6    -1.972179422995058E-6    25067.097564841864
-1.8946588633746994E-6    -2.077342052065552E-6    23622.51046797821
-1.9543617020183896E-6    -2.1825046811360456E-6   22184.952251896786
-1.760498562677384E-6     -2.081590419954711E-6    23988.557078677222
-1.8202014013210749E-6    -2.186753049025205E-6    22547.4546730499
-1.68604110062376E-6      -2.191001416914364E-6    22909.880379475006
-6.403657440166231E-7     -1.7716800893989347E-6   28821.842623187644
-7.74772438026988E-7      -1.7702938318307174E-6   29042.82056812111
-9.09179132037353E-7      -1.7689075742625004E-6   29117.34523293521
-1.043585826047718E-6     -1.7675213166942835E-6   29191.877343423657
-1.1779925200580831E-6    -1.7661350591260666E-6   29123.876465246314
-6.991794183650628E-7     -1.881519631177794E-6    27456.00967725165
-8.335861123754277E-7     -1.8801333736095768E-6   27589.129845592743
-9.679928063857928E-7     -1.87874711604136E-6     27663.324586647723
-1.1023995003961578E-6    -1.877360858473143E-6    27682.83381897946
-7.579930927135026E-7     -1.9913591729566536E-6   26095.398761522687
-8.923997867238676E-7     -1.9899729153884363E-6   26140.977034808093
-1.0268064807342326E-6    -1.9885866578202194E-6   26247.68927292569
-8.168067670619423E-7     -2.101198714735513E-6    24740.00987600074
-9.512134610723073E-7     -2.099812457167296E-6    24818.44282708504
-8.756204414103821E-7     -2.2110382565143726E-6   23468.24308700376
-7.399583916586208E-7     -2.213232232847794E-6    23353.633032598475
-6.042963419068595E-7     -2.2154262091812156E-6   23111.923744178148
-4.686342921550981E-7     -2.2176201855146365E-6   22870.243692565004
-3.329722424033368E-7     -2.219814161848058E-6    22628.592877759063
-6.811447173101811E-7     -2.1033926910689344E-6   24614.15706821133
-5.454826675584196E-7     -2.1055866674023557E-6   24373.159225669926
-4.098206178066583E-7     -2.107780643735777E-6    24132.191536472415
-6.223310429617412E-7     -1.993553149290075E-6    25881.84606470453
-4.866689932099799E-7     -1.9957471256234963E-6   25640.04442289417
-5.635173686133014E-7     -1.8837136075112153E-6   27154.441209867997
-1.2376515720993702E-6    -1.8742031641309731E-6   27562.19717066751
-1.2973106241406577E-6    -1.9822712691358797E-6   26148.76958317751
-1.3569696761819448E-6    -2.0903393741407862E-6   24741.05326843616
-1.4166287282232323E-6    -2.1984074791456928E-6   23342.169204568967
-1.162058552437445E-6     -1.9854289634780495E-6   26214.65721465824
-1.2217176044787324E-6    -2.093497068482956E-6    24806.88483748326
-1.2813766565200197E-6    -2.201565173487863E-6    23405.77731148821
-1.0864655327755199E-6    -2.096654762825126E-6    24872.70825413882
-1.1461245848168072E-6    -2.204722867830033E-6    23469.377732925437
-1.0108725131135948E-6    -2.2078805621722027E-6   23532.970468880645
4.2025314790693364E-7     -2.341882237942657E-6    18737.50735826722
2.85809825198634E-7       -2.3403206747005544E-6   19370.937653205936
1.5136650249033438E-7     -2.338759111458452E-6    19895.50991436489
1.6923179782034828E-8     -2.3371975482163494E-6   20420.12403854696
-1.1752014292626477E-7    -2.3356359849742474E-6   20836.046666526992
3.6559987492394466E-7     -2.4539485214933226E-6   17904.319762677682
2.3115655221564506E-7     -2.4523869582512197E-6   18470.563257199654
9.671322950734548E-8      -2.4508253950091177E-6   18993.614311887224
-3.773009320095407E-8     -2.449263831767015E-6    19473.981894307366
3.109466019409558E-7      -2.566014805043988E-6    17073.58002382717
1.7650327923265616E-7     -2.564453241801885E-6    17572.922722172134
4.2059956524356586E-8     -2.562891678559783E-6    18117.533887858077
2.5629332895796687E-7     -2.6780810885946534E-6   16245.288141715675
1.2185000624966727E-7     -2.676519525352551E-6    16766.70264717912
2.0164005597497795E-7     -2.7901473721453187E-6   15480.51524825594
3.4601559312042085E-7     -2.7938597510158097E-6   15012.056643664771
4.903911302658637E-7      -2.7975721298863007E-6   14448.43722330073
6.347666674113066E-7      -2.8012845087567916E-6   13884.936668671897
7.791422045567495E-7      -2.804996887627283E-6    13321.554979778273
4.0066886610340977E-7     -2.6817934674651443E-6   15768.65696633303
5.450444032488527E-7      -2.6855058463356353E-6   15204.909439537905
6.894199403942956E-7      -2.6892182252061263E-6   14641.28443364427
4.553221390863987E-7      -2.569727183914479E-6    16529.970174708884
5.996976762318416E-7      -2.57343956278497E-6     15964.33755964398
5.099754120693876E-7      -2.4576609003638136E-6   17293.445235583993
8.610097478457624E-7      -2.9156925257550043E-6   12120.907156861142
7.985017539893323E-7      -3.022675785012234E-6    11591.581028148687
7.359937601329023E-7      -3.129659044269464E-6    11062.973591201866
6.73485766276472E-7       -3.2366423035266943E-6   10535.084846020673
6.10977772420042E-7       -3.343625562783924E-6    10045.551456168147
9.427628559173166E-7      -3.0214825558010028E-6   11113.820408279826
8.802548620608863E-7      -3.1284658150582326E-6   10626.668708041447
8.177468682044564E-7      -3.2354490743154625E-6   10140.026110332294
7.552388743480263E-7      -3.342432333572693E-6    9653.350976704172
1.0245159639888708E-6     -3.1272725858470017E-6   10173.366346886154
9.620079701324406E-7      -3.234255845104232E-6    9688.455696949131
8.994999762760107E-7      -3.341239104361462E-6    9203.868742097497
1.1062690720604247E-6     -3.2330626158930006E-6   9236.846585952786
1.0437610782039949E-6     -3.340045875150231E-6    8754.348803025925
1.1880221801319793E-6     -3.338852645939E-6       8304.79115948945
5.291102291310292E-7      -3.2329299246562033E-6   11090.092238758813
5.916182229874594E-7      -3.1259466653989726E-6   11606.017059741978
6.541262168438893E-7      -3.0189634061417428E-6   12176.024459483171
7.166342107003195E-7      -2.911980146884513E-6    12746.960140226398
4.472426858420164E-7      -3.122234286528482E-6    12173.861074444463
5.097506796984464E-7      -3.015251027271252E-6    12737.818092831956
5.722586735548766E-7      -2.908267768014022E-6    13310.42994743324
3.653751425530036E-7      -3.0115386484007612E-6   13261.882441145972
4.2788313640943364E-7     -2.9045553891435305E-6   13874.014965208993
2.8350759926399074E-7     -2.9008430102730396E-6   14354.156338863337
1.2660120339184482E-6     -3.4492049165680508E-6   7380.526599048642
1.1997407857769325E-6     -3.5607504164083325E-6   6974.493386369511
1.133469537635417E-6      -3.6722959162486143E-6   6568.226914890607
1.0671982894939015E-6     -3.7838414160888965E-6   6161.72718461193
1.000927041352386E-6      -3.895386915929178E-6    5780.699124157282
1.340834845086049E-6      -3.5614167112986825E-6   6619.269045448905
1.2745635969445333E-6     -3.6729622111389643E-6   6240.113595322264
1.2082923488030179E-6     -3.784507710979246E-6    5860.555898468846
1.1420211006615026E-6     -3.896053210819529E-6    5480.783962695521
1.41565765625365E-6       -3.6736285060293143E-6   5905.242723851674
1.3493864081121344E-6     -3.7851740058695965E-6   5527.452640859457
1.283115159970619E-6      -3.896719505709878E-6    5149.338388090471
1.490480467421251E-6      -3.785840300759946E-6    5194.370514583068
1.4242092192797355E-6     -3.897385800600228E-6    4817.913513345854
1.5653032785888521E-6     -3.898052095490579E-6    4486.509338461666
9.229371875659173E-7      -3.785034645300128E-6    6604.957879311879
9.892084357074326E-7      -3.6734891454598453E-6   7005.535564816889
1.055479683848948E-6      -3.5619436456195635E-6   7438.861711917083
1.1217509319904636E-6     -3.4503981457792817E-6   7872.1235881445045
8.449473337794484E-7      -3.6746823746710766E-6   7454.14132531951
9.112185819209639E-7      -3.563136874830795E-6    7884.6286018921965
9.774898300624794E-7      -3.451591374990513E-6    8319.606746249852
7.669574799929797E-7      -3.564330104042026E-6    8306.548926656573
8.332287281344951E-7      -3.4527846042017436E-6   8767.053193038551
6.889676262065108E-7      -3.453977833412975E-6    9162.180683323066
1.6408744434123847E-6     -4.009054827572469E-6    3799.9684441892814
1.5753515489268012E-6     -4.119391264764009E-6    3480.2024035986587
1.5098286544412175E-6     -4.22972770195555E-6     3159.5093475992103
1.444305759955634E-6      -4.34006413914709E-6     2837.8892761909296
1.7154890063199153E-6     -4.12016348555673E-6     3283.1632144151845
1.6499661118343313E-6     -4.23049992274827E-6     2977.2227274821826
1.5844432173487478E-6     -4.3408363599398105E-6   2670.2395072040476
1.5189203228631643E-6     -4.45117279713135E-6     2362.3144922321694
1.7901035692274454E-6     -4.2312721435409905E-6   2791.6018653064057
1.724580674741862E-6      -4.3416085807325305E-6   2486.3460778307735
1.6590577802562782E-6     -4.451945017924071E-6    2180.0914294925933
1.8647181321349756E-6     -4.342380801525251E-6    2302.4768793887106
1.799195237649392E-6      -4.452717238716791E-6    1997.8923313999107
1.939332695042506E-6      -4.453489459509512E-6    1815.7171979541206
1.3032117006465175E-6     -4.33939784425674E-6     3162.3988113964965
1.368734595132101E-6      -4.2290614070652E-6      3482.6183473133756
1.4342574896176846E-6     -4.118724969873659E-6    3818.012282108182
1.4997803841032682E-6     -4.008388532682118E-6    4152.594919430467
1.2276405358229845E-6     -4.22839511217485E-6     3809.924395434051
1.293163430308568E-6      -4.118058674983309E-6    4146.175765731558
1.3586863247941518E-6     -4.007722237791768E-6    4482.434145585256
1.1520693709994517E-6     -4.117392380092959E-6    4459.926685933275
1.2175922654850352E-6     -4.007055942901418E-6    4812.293640127893
1.0764982061759188E-6     -4.006389648011069E-6    5112.40568289417
1.7384967478039136E-6     -4.780932451328171E-6    969.1449639983626
1.805442063550111E-6      -4.671784787388618E-6    1252.6856832235376
1.8723873792963083E-6     -4.562637123449065E-6    1534.8527416394663
1.6653046061569969E-6     -4.671012566595897E-6    1431.578546830236
1.7322499219031947E-6     -4.561864902656345E-6    1715.4155395344312
1.5921124645100806E-6     -4.561092681863624E-6    1896.002035791969
-3.3156960322538086E-6    -2.357764216002959E-6    13730.340556914407
-3.421549533376344E-6     -2.3401660865424734E-6   13115.600266385089
-3.5274030344988796E-6    -2.322567957081988E-6    12447.531885770493
-3.633256535621415E-6     -2.3049698276215027E-6   11778.84514980845
-3.7391100367439515E-6    -2.2873716981610175E-6   11091.115451262958
-3.3563445139693644E-6    -2.4281827779689837E-6   12999.0444510364
-3.4621980150918994E-6    -2.410584648508498E-6    12363.070527122974
-3.5680515162144354E-6    -2.392986519048013E-6    11695.965290909437
-3.6739050173369713E-6    -2.3753883895875278E-6   11012.049959265029
-3.3969929956849193E-6    -2.4986013399350087E-6   12269.911065386059
-3.502846496807455E-6     -2.481003210474523E-6    11612.733789795584
-3.608699997929991E-6     -2.463405081014038E-6    10932.524933968381
-3.437641477400475E-6     -2.5690199019010334E-6   11542.94039996338
-3.543494978523011E-6     -2.5514217724405482E-6   10852.540375373052
-3.4782899591160307E-6    -2.6394384638670585E-6   10797.803920673698
-3.93582830743327E-6      -2.852623671983034E-6    7014.742395069598
-3.909525657176803E-6     -2.7219699389333286E-6   7821.823464242504
-3.8832230069203345E-6    -2.591316205883623E-6    8617.662392372506
-3.856920356663866E-6     -2.4606624728339177E-6   9417.788485568042
-3.830617706407399E-6     -2.330008739784212E-6    10222.201743829104
-4.035532122547067E-6     -2.7845741300957507E-6   6650.911185617585
-4.009229472290599E-6     -2.653920397046045E-6    7431.157871556126
-3.982926822034132E-6     -2.52326666399634E-6     8176.382195999763
-3.9566241717776636E-6    -2.3926129309466346E-6   8925.754488840577
-4.1352359376608645E-6    -2.7165245882084675E-6   6220.225336259549
-4.108933287404396E-6     -2.585870855158762E-6    6956.574867815493
-4.082630637147929E-6     -2.455217122109057E-6    7700.971852138702
-4.234939752774661E-6     -2.6484750463211843E-6   5787.535240708281
-4.2086371025181935E-6    -2.5178213132714787E-6   6480.004809960345
-4.334643567888458E-6     -2.580425504433901E-6    5352.840898963761
-3.5697976287794787E-6    -2.6820755054902535E-6   9980.475237268854
-3.6350026481864584E-6    -2.5940588140637432E-6   10062.762268498618
-3.7002076675934386E-6    -2.5060421226372326E-6   10139.09252591239
-3.765412687000419E-6     -2.4180254312107223E-6   10214.855358943587
-3.661305298442926E-6     -2.7247125471134484E-6   9223.979419083236
-3.7265103178499064E-6    -2.636695855686938E-6    9286.753194377045
-3.7917153372568866E-6    -2.548679164260428E-6    9361.446235594067
-3.752812968106374E-6     -2.767349588736644E-6    8469.14208151785
-3.818017987513354E-6     -2.679332897310133E-6    8512.46347397842
-3.844320637769822E-6     -2.809986630359839E-6    7715.963224572712
-4.77512506095868E-6      -2.8574322534033515E-6   1760.5601768878087
-4.663380645316908E-6     -2.926675028583096E-6    2374.0524178299665
-4.551636229675137E-6     -2.9959178037628403E-6   2984.8943309230535
-4.439891814033366E-6     -3.0651605789425853E-6   3462.7653081350772
-4.66199453755913E-6      -2.7884788744841046E-6   2616.31015987259
-4.55025012191736E-6      -2.857721649663849E-6    3229.417516477388
-4.438505706275588E-6     -2.926964424843593E-6    3799.278285028843
-4.548864014159582E-6     -2.7195254955648573E-6   3475.454914681275
-4.437119598517811E-6     -2.788768270744602E-6    4137.527875474153
-4.435733490760033E-6     -2.65057211664561E-6     4477.514079471013
-4.036918230304845E-6     -2.9227702841947426E-6   6122.921196404746
-4.136622045418642E-6     -2.8547207423074594E-6   5787.299661695286
-4.236325860532439E-6     -2.786671200420176E-6    5399.2324519448775
-4.336029675646236E-6     -2.7186216585328927E-6   5009.1438039224995
-4.1380081531764194E-6    -2.9929168964064514E-6   5343.9444337936375
-4.237711968290217E-6     -2.9248673545191678E-6   4965.936571081484
-4.337415783404014E-6     -2.856817812631885E-6    4577.418186676525
-4.239098076047995E-6     -3.0630635086181593E-6   4567.950038912077
-4.338801891161791E-6     -2.995013966730876E-6    4147.651583884082
-4.340187998919569E-6     -3.1332101208298685E-6   3794.9380117600635
-3.3837771884306328E-6    -2.6527258227214975E-6   11286.673408701856
-3.2892644177452344E-6    -2.6660131815759365E-6   11708.24019504529
-3.194751647059836E-6     -2.6793005404303747E-6   12129.462240335846
-3.1002388763744385E-6    -2.692587899284814E-6    12550.339544573522
-3.00572610568904E-6      -2.7058752581392527E-6   12917.158079670517
-3.343128706715077E-6     -2.5823072607554724E-6   11984.628564288772
-3.248615936029679E-6     -2.5955946196099114E-6   12412.176154359051
-3.1541031653442807E-6    -2.6088819784643496E-6   12839.372923670659
-3.059590394658883E-6     -2.6221693373187894E-6   13213.299863512457
-3.3024802249995213E-6    -2.5118886987894473E-6   12690.19144560814
-3.2079674543141234E-6    -2.5251760576438863E-6   13118.467465946105
-3.1134546836287254E-6    -2.5384634164983253E-6   13510.680228702515
-3.261831743283966E-6     -2.4414701368234222E-6   13397.886765448067
-3.167318972598568E-6     -2.4547574956778613E-6   13808.492863322097
-3.2211832615684107E-6    -2.371051574857398E-6    14106.737767371229
-3.128824343506932E-6     -2.3438820089587075E-6   14923.572444288468
-3.074960054537089E-6     -2.427587929779171E-6    14606.266871060923
-3.0210957655672465E-6    -2.511293850599635E-6    14289.501079465912
-2.9672314765974047E-6    -2.594999771420099E-6    14011.755348969518
-3.0364654254454537E-6    -2.316712443060017E-6    15742.391041453937
-2.982601136475611E-6     -2.400418363880481E-6    15423.446395342227
-2.9287368475057684E-6    -2.4841242847009444E-6   15121.54942855173
-2.944106507383975E-6     -2.289542877161327E-6    16562.21680243026
-2.890242218414133E-6     -2.373248797981791E-6    16236.119964090802
-2.851747589322497E-6     -2.262373311262637E-6    17355.466955586773
-2.2707818858041563E-6    -2.2779338548359555E-6   20087.005805478333
-2.3888960171677243E-6    -2.2734318306731063E-6   19612.467130225996
-2.5070101485312924E-6    -2.2689298065102576E-6   19061.234640712715
-2.625124279894861E-6     -2.2644277823474085E-6   18509.879831764836
-2.7432384112584293E-6    -2.25992575818456E-6     17892.497965221693
-2.3188814681952924E-6    -2.3818597643141833E-6   18894.959470124744
-2.4369955995588604E-6    -2.377357740151334E-6    18374.550157910264
-2.555109730922429E-6     -2.3728557159884855E-6   17824.62634329198
-2.6732238622859973E-6    -2.3683536918256368E-6   17249.723573665615
-2.366981050586429E-6     -2.485785673792411E-6    17707.542284191375
-2.485095181949997E-6     -2.481283649629562E-6    17141.39556596964
-2.6032093133135654E-6    -2.476781625466713E-6    16608.745451603376
-2.415080632977565E-6     -2.589711583270639E-6    16524.754247678233
-2.5331947643411334E-6    -2.5852095591077903E-6   15969.563599034955
-2.4631802153687015E-6    -2.693637492748867E-6    15376.277500037373
-2.8972169276249727E-6    -2.703427705061176E-6    13458.50737270281
-2.7887077495609045E-6    -2.7009801519830984E-6   13951.665309925496
-2.680198571496837E-6     -2.698532598905021E-6    14444.889798795555
-2.571689393432769E-6     -2.696085045826944E-6    14938.180839312994
-2.8587222985333365E-6    -2.5925522183420214E-6   14544.10428755819
-2.7502131204692686E-6    -2.5901046652639442E-6   15038.041876470747
-2.6417039424052012E-6    -2.587657112185867E-6    15532.04839517326
-2.8202276694417006E-6    -2.4816767316228672E-6   15633.539446690434
-2.7117184913776328E-6    -2.4792291785447905E-6   16129.090496930423
-2.7817330403500647E-6    -2.3708012449037135E-6   16727.702426524687
-2.3419101470149404E-6    -2.700021751335463E-6    15771.636000304843
-2.2206400786611794E-6    -2.706406009922058E-6    16078.59504531547
-2.099370010307418E-6     -2.7127902685086542E-6   16385.43726132471
-1.9780999419536573E-6    -2.7191745270952495E-6   16692.162648332574
-1.856829873599896E-6     -2.7255587856818455E-6   16924.562255175795
-2.293810564623804E-6     -2.5960958418572347E-6   16900.132833296673
-2.172540496270043E-6     -2.6024801004438303E-6   17210.823679817608
-2.051270427916282E-6     -2.6088643590304264E-6   17521.393535121424
-1.930000359562521E-6     -2.615248617617022E-6    17752.91532994646
-2.245710982232668E-6     -2.4921699323790064E-6   18036.85470123338
-2.124440913878907E-6     -2.4985541909656025E-6   18348.392229125213
-2.0031708455251458E-6    -2.5049384495521985E-6   18638.51275302145
-2.1976113998415314E-6    -2.388244022900779E-6    19178.072487635385
-2.0763413314877703E-6    -2.3946282814873746E-6   19527.050124298017
-2.1495118174503953E-6    -2.284318113422551E-6    20418.5274437762
-1.7958400588652061E-6    -2.619496985506181E-6    18110.9134167996
-1.7348502441305155E-6    -2.5134351853305165E-6   19350.822240468424
-1.6738604293958254E-6    -2.407373385154852E-6    20595.437783253852
-1.6128706146611352E-6    -2.3013115849791874E-6   21844.76004515588
-1.8690105448278304E-6    -2.5091868174413575E-6   18974.50035532309
-1.8080207300931403E-6    -2.403125017265693E-6    20279.928298017494
-1.7470309153584501E-6    -2.2970632170900285E-6   21590.272088768
-1.942181030790455E-6     -2.3988766493765336E-6   19921.822789884875
-1.881191216055765E-6     -2.292814849200869E-6    21231.344687582892
-2.01535151675308E-6      -2.28856648131171E-6     20872.343556343425
-4.888421446989824E-7     -2.7738855202305935E-6   17099.363838219342
-3.507457045641903E-7     -2.7771378906135386E-6   16869.114718013934
-2.1264926442939824E-7    -2.7803902609964838E-6   16544.60016195391
-7.455282429460617E-8     -2.7836426313794285E-6   16220.146000402929
6.354361584018591E-8      -2.7868950017623736E-6   15895.752233360998
-4.30535754289501E-7      -2.663510043820771E-6    18064.03146755896
-2.924393141547089E-7     -2.6667624142037155E-6   17827.095469424807
-1.543428740199168E-7     -2.6700147845866602E-6   17503.131193624344
-1.6246433885124768E-8    -2.6732671549696058E-6   17179.22911922769
-3.722293638800196E-7     -2.553134567410948E-6    19094.38253884237
-2.3413292374522748E-7    -2.556386937793893E-6    18790.685283871513
-9.603648361043545E-8     -2.559639308176838E-6    18465.619143897777
-3.139229734705382E-7     -2.4427590910011254E-6   20128.156741538813
-1.758265333357461E-7     -2.44601146138407E-6     19757.424563163848
-2.5561658306105684E-7    -2.3323836145913022E-6   21165.354075648273
-3.9127863281281817E-7    -2.330189638257881E-6    21518.453231691354
-5.269406825645795E-7     -2.327995661924459E-6    21760.872009382576
-6.626027323163408E-7     -2.3258016855910383E-6   22003.31910734428
-7.982647820681022E-7     -2.3236077092576166E-6   22133.36541856552
-4.4958502322229955E-7    -2.4405651146677036E-6   20414.300056447697
-5.852470729740609E-7     -2.4383711383342823E-6   20655.969718802917
-7.209091227258222E-7     -2.436177162000861E-6    20853.380565458177
-5.078914136317809E-7     -2.5509405910775264E-6   19313.84367918442
-6.435534633835423E-7     -2.548746614744105E-6    19578.376161649678
-5.661978040412623E-7     -2.6613160674873495E-6   18308.352207140037
-1.178398531220797E-6     -2.757789661482944E-6    17542.339816307885
-1.1178429132587142E-6    -2.6484393804892298E-6   18660.340641197472
-1.0572872952966311E-6    -2.5390890994955155E-6   19842.399952634594
-9.96731677334548E-7      -2.429738818501801E-6    21028.740153202027
-9.361760593724651E-7     -2.320388537508087E-6    22219.36124289978
-1.2530949849619265E-6    -2.64528168614706E-6     18603.67240551328
-1.1925393669998435E-6    -2.5359314051533456E-6   19759.626542060032
-1.1319837490377605E-6    -2.4265811241596313E-6   21011.747559016414
-1.0714281310756776E-6    -2.317230843165917E-6    22268.402261213727
-1.3277914387030563E-6    -2.5327737108111758E-6   19723.570694598668
-1.2672358207409732E-6    -2.423423429817461E-6    20950.440347902928
-1.2066802027788902E-6    -2.314073148823747E-6    22207.03552061701
-1.4024878924441856E-6    -2.4202657354752916E-6   20847.6091414989
-1.3419322744821026E-6    -2.310915454481577E-6    22145.661561447716
-1.4771843461853153E-6    -2.307757760139407E-6    21975.787746213984
-8.588204000301852E-7     -2.4329579902513313E-6   20896.754643504704
-9.19376017992268E-7      -2.542308271245045E-6    19776.601068474505
-9.79931635954351E-7      -2.65165855223876E-6     18660.475586463977
-1.040487253916434E-6     -2.7610088332324738E-6   17550.8515703707
-7.814647406879052E-7     -2.545527442994575E-6    19689.286134122594
-8.420203586499882E-7     -2.6548777239882896E-6   18573.506931777116
-9.025759766120711E-7     -2.764228004982004E-6    17462.55100112946
-7.041090813456252E-7     -2.6580968957378193E-6   18486.555174415284
-7.646646993077082E-7     -2.7674471767315336E-6   17374.266959728586
-6.267534220033452E-7     -2.770666348481064E-6    17285.99944616809
-1.5381741609200055E-6    -2.4138195603150716E-6   20679.529654168346
-1.5991639756546956E-6    -2.519881360490736E-6    19496.261789791697
-1.6601537903893858E-6    -2.6259431606664006E-6   18317.491515592108
-1.7211436051240764E-6    -2.732004960842065E-6    17148.022374842243
-1.4634777071788757E-6    -2.5263275356509557E-6   19622.53788585156
-1.5244675219135663E-6    -2.6323893358266202E-6   18443.480997099272
-1.5854573366482565E-6    -2.738451136002285E-6    17270.44893011231
-1.3887812534377464E-6    -2.6388355109868403E-6   18569.419025462543
-1.4497710681724366E-6    -2.744897311162505E-6    17392.825855274765
-1.314084799696617E-6     -2.7513434863227244E-6   17515.153150329625
-4.765196989939377E-6     -3.5758558830185247E-6   1069.399626090873
-4.642138395520524E-6     -3.6538975622858776E-6   1460.4911793820534
-4.519079801101672E-6     -3.731939241553231E-6    1848.7707562275768
-4.396021206682821E-6     -3.8099809208205845E-6   2092.65710745892
-4.653452574297605E-6     -3.5022415153411256E-6   1621.620939857351
-4.530393979878754E-6     -3.5802831946084793E-6   2012.4946869320593
-4.407335385459902E-6     -3.6583248738758326E-6   2347.933916440812
-4.541708158655834E-6     -3.428627147663727E-6    2176.755132601307
-4.418649564236982E-6     -3.5066688269310807E-6   2603.941201546492
-4.4299637430140635E-6    -3.355012779986329E-6    2860.67896277595
-4.517711832236593E-6     -4.440625547999098E-6    813.2789700162396
-4.48446063115388E-6      -4.320878402940658E-6    1051.0688675188421
-4.451209430071166E-6     -4.2011312578822175E-6   1290.3159833565874
-4.417958228988453E-6     -4.081384112823776E-6    1531.0203175294828
-4.607519225572732E-6     -4.385693866530447E-6    700.3471130029889
-4.574268024490018E-6     -4.265946721472006E-6    905.893086329027
-4.541016823407305E-6     -4.146199576413566E-6    1112.8775522792075
-4.6973266189088694E-6    -4.330762185061797E-6    565.4006232255952
-4.664075417826157E-6     -4.2110150400033554E-6   769.8010236408027
-4.787134012245009E-6     -4.275830503593145E-6    429.1004072809519
1.4307072459831205E-7     -2.8993662113064617E-6   14664.904680024058
8.450139322164612E-8      -3.008585050467604E-6    13887.413566488787
2.593206184498021E-8      -3.1178038896287467E-6   13111.789302127534
-3.263726953168571E-8     -3.2270227287898896E-6   12338.031886940298
-9.120660090835162E-8     -3.336241567951032E-6    11609.879978613075
2.2493826788732484E-7     -3.0100618494341825E-6   13540.847999106873
1.6636893651065894E-7     -3.1192806885953254E-6   12812.741484834425
1.0779960513399301E-7     -3.228499527756468E-6    12086.27794135563
4.923027375732711E-8      -3.337718366917611E-6    11362.203353281595
3.068058111763376E-7      -3.1207574875619038E-6   12497.148254205982
2.482364797996717E-7      -3.2299763267230463E-6   11771.901533663327
1.8966714842300583E-7     -3.339195165884189E-6    11048.530549745105
3.886733544653505E-7      -3.2314531256896246E-6   11457.55773204971
3.3010402308868457E-7     -3.340671964850767E-6    10734.88955311607
4.705408977543633E-7      -3.3421487638173463E-6   10421.280363394493
-1.7073370966647777E-7    -3.223770358406945E-6    12659.732598684655
-1.1216437828981185E-7    -3.114551519245802E-6    13418.157659603816
-5.359504691314593E-8     -3.005332680084659E-6    14241.097704704309
4.9742844635199735E-9     -2.896113840923516E-6    15066.128477359169
-2.5026081842460393E-7    -3.111299148862857E-6    13754.625360435737
-1.91691487047938E-7      -3.002080309701714E-6    14565.11752279546
-1.3312215567127207E-7    -2.8928614705405714E-6   15391.163149036896
-3.2978792718273004E-7    -2.9988279393187688E-6   14853.50743565891
-2.7121859580606414E-7    -2.889609100157626E-6    15716.256408328882
-4.093150359408562E-7     -2.886356729774681E-6    15956.378824354177
5.484706312829237E-7      -3.4535559567759412E-6   9416.638709280858
4.859634901458054E-7      -3.563486350767958E-6    8810.646145557414
4.2345634900868706E-7     -3.6734167447599745E-6   8205.3052363992
3.6094920787156873E-7     -3.783347138751991E-6    7600.61598180621
2.9844206673445046E-7     -3.893277532744008E-6    7025.464690530799
6.264604850693925E-7      -3.5639082274049916E-6   8535.781688401186
5.639533439322742E-7      -3.6738386213970087E-6   7962.132401399934
5.014462027951559E-7      -3.783769015389025E-6    7388.950577131749
4.389390616580376E-7      -3.893699409381042E-6    6816.371916943799
7.044503388558613E-7      -3.6742604980340424E-6   7710.409371993688
6.41943197718743E-7       -3.7841908920260595E-6   7138.547133957956
5.794360565816247E-7      -3.894121286018076E-6    6567.199489506338
7.824401926423301E-7      -3.7846127686630933E-6   6888.1538121739795
7.199330515052118E-7      -3.89454316265511E-6     6318.036992640162
8.60430046428799E-7       -3.894965039292145E-6    6068.88442634527
2.2051233320589005E-7     -3.7818703397854132E-6   7909.961349152891
2.830194743430084E-7      -3.671939945793396E-6    8507.358832214375
3.4552661548012665E-7     -3.5620095518013795E-6   9144.23147312917
4.08033756617245E-7       -3.4520791578093625E-6   9781.939960441341
1.4258259967732963E-7     -3.6704631468268174E-6   8824.340693429729
2.0508974081444788E-7     -3.5605327528348012E-6   9456.036088309422
2.6759688195156624E-7     -3.450602358842784E-6    10094.904271453668
6.465286614876921E-8      -3.5590559538682225E-6   9741.757467528983
1.271600072858875E-7      -3.449125559876206E-6    10407.899590202189
-1.3276867379791218E-8    -3.4476487609096275E-6   10662.211671450663
9.362404725298184E-7      -4.005912133012832E-6    5267.966433622672
8.715539037072506E-7      -4.116437350096484E-6    4764.773031060073
8.06867334884683E-7       -4.2269625671801374E-6   4261.268338989394
7.421807660621152E-7      -4.33748778426379E-6     3757.4523574106315
1.0118116373533512E-6     -4.1169148650947215E-6   4598.034494861903
9.471250685307834E-7      -4.227440082178374E-6    4112.974671656485
8.824384997082158E-7      -4.337965299262027E-6    3627.4584931137
8.177519308856482E-7      -4.44849051634568E-6     3141.562704260314
1.087382802176884E-6      -4.2279175971766114E-6   3961.852554188775
1.0226962333543164E-6     -4.338442814260265E-6    3477.7548989164097
9.580096645317485E-7      -4.448968031343917E-6    2993.229321699336
1.1629539670004169E-6     -4.338920329258501E-6    3328.063570460822
1.0982673981778492E-6     -4.449445546342155E-6    2844.9080778134444
1.2385251318239497E-6     -4.449923061340392E-6    2696.598972602642
6.016837711385282E-7      -4.337065907626756E-6    4001.0771651313007
6.663703399610958E-7      -4.226540690543103E-6    4503.832854455022
7.310569087836635E-7      -4.11601547345945E-6     5025.639407898287
7.957434776062311E-7      -4.005490256375797E-6    5547.279737662764
5.258733450375087E-7      -4.226118813906069E-6    4750.1679153152745
5.905599138600764E-7      -4.115593596822416E-6    5272.329894770899
6.552464826826441E-7      -4.005068379738763E-6    5795.245740313121
4.5006291893648936E-7     -4.1151717201853815E-6   5501.530418736002
5.14749487759057E-7       -4.004646503101729E-6    6043.221482716206
3.7425249283546983E-7     -4.004224626464695E-6    6255.164675393487
1.0393630990755878E-6     -4.779682715537213E-6    1329.1742947744542
1.1057504433250415E-6     -4.6697628308049394E-6   1785.9342827703895
1.1721377875744956E-6     -4.559842946072666E-6    2241.7196516879835
9.65492709678941E-7       -4.669285315806702E-6    1931.5312177533258
1.0318800539283953E-6     -4.559365431074428E-6    2388.6969546685236
8.916223202822945E-7      -4.558887916076191E-6    2535.686269257535
-3.461989523267281E-6     -2.7392708916860032E-6   10311.821466163641
-3.5534971929307286E-6    -2.7819079333091982E-6   9541.788240759004
-3.6450048625941766E-6    -2.8245449749323932E-6   8805.304180174175
-3.7365125322576245E-6    -2.8671820165555882E-6   8070.417727106869
-3.8280202019210725E-6    -2.9098190581787836E-6   7387.0721264708245
-3.445689087418531E-6     -2.839103319504948E-6    9829.5956927958
-3.537196757081979E-6     -2.8817403611281434E-6   9109.733247927776
-3.628704426745427E-6     -2.924377402751338E-6    8375.384905204535
-3.720212096408875E-6     -2.9670144443745334E-6   7663.627640993992
-3.4293886515697814E-6    -2.938935747323893E-6    9348.722127637335
-3.5208963212332294E-6    -2.9815727889470882E-6   8678.920909341745
-3.6124039908966773E-6    -3.0242098305702832E-6   7938.741700854883
-3.413088215721032E-6     -3.038768175142838E-6    8869.200770688276
-3.5045958853844798E-6    -3.081405216766033E-6    8212.41430605351
-3.3967877798722822E-6    -3.138600602961783E-6    8398.41095693053
-3.3674767525818827E-6    -2.7525582505404423E-6   10759.251136793968
-3.351176316733133E-6     -2.852390678359387E-6    10227.815339847772
-3.3348758808843835E-6    -2.952223106178332E-6    9697.84130507515
-3.318575445035634E-6     -3.052055533997277E-6    9242.17066444097
-3.2729639818964848E-6    -2.7658456093948813E-6   11174.390588774924
-3.256663546047735E-6     -2.865678037213826E-6    10641.779830925416
-3.2403631101989856E-6    -2.965510465032771E-6    10143.985789046956
-3.1784512112110864E-6    -2.7791329682493194E-6   11589.1913794088
-3.162150775362337E-6     -2.8789653960682646E-6   11049.180133864153
-3.083938440525689E-6     -2.792420327103759E-6    11957.753698892531
-4.325228877557913E-6     -3.2648007915306328E-6   3577.8927851465105
-4.209179833324681E-6     -3.3262448500196883E-6   3916.236283983466
-4.093130789091449E-6     -3.3876889085087443E-6   4252.637928984708
-3.977081744858217E-6     -3.4491329669978E-6      4587.097720150227
-3.861032700624985E-6     -3.5105770254868558E-6   4829.8643926224695
-4.224138954686337E-6     -3.1946541793189236E-6   4246.73621460084
-4.108089910453106E-6     -3.2560982378079795E-6   4621.493225289489
-3.992040866219874E-6     -3.3175422962970355E-6   4994.303060040891
-3.875991821986642E-6     -3.3789863547860915E-6   5257.434636567661
-4.1230490318147625E-6    -3.1245075671072152E-6   4977.851785842162
-4.0069999875815305E-6    -3.185951625596271E-6    5352.456022594539
-3.890950943348299E-6     -3.247395684085327E-6    5691.000797109302
-4.021959108943188E-6     -3.0543609548955065E-6   5711.853989126161
-3.905910064709956E-6     -3.1158050133845624E-6   6125.982335891677
-3.920869186071613E-6     -2.9842143426837986E-6   6562.379252914787
-3.489636764022823E-6     -3.2129958874667977E-6   7604.074834112793
-3.5974448695350204E-6    -3.1558005012710475E-6   7414.856706407169
-3.705252975047218E-6     -3.0986051150752973E-6   7170.028100094452
-3.8130610805594155E-6    -3.041409728879548E-6    6923.747758417638
-3.5824857481733635E-6    -3.2873911719718122E-6   6887.608547006556
-3.690293853685561E-6     -3.230195785776062E-6    6657.0208407032205
-3.7981019591977586E-6    -3.1730003995803122E-6   6412.065897954204
-3.675334732323904E-6     -3.3617864564768268E-6   6173.823040563102
-3.7831428378361017E-6    -3.3045910702810765E-6   5901.969789994252
-3.7681837164744447E-6    -3.4361817409818413E-6   5462.718314782446
-3.965767566081136E-6     -3.600789013942552E-6    4127.009453914712
-4.081816610314368E-6     -3.539344955453496E-6    3885.2795565969445
-4.197865654547599E-6     -3.4779008969644402E-6   3587.641476541862
-4.313914698780831E-6     -3.4164568384753843E-6   3288.0668647525963
-4.070502431537288E-6     -3.6910010023982477E-6   3522.794171636493
-4.186551475770518E-6     -3.6295569439091918E-6   3237.1518824267005
-4.30260052000375E-6      -3.5681128854201366E-6   2939.779871897161
-4.1752372969934376E-6    -3.781212990853944E-6    2921.883524418068
-4.29128634122667E-6      -3.719768932364888E-6    2592.4173163245105
-4.279972162449589E-6     -3.87142497930964E-6     2324.277512259449
-2.9541157956181477E-6    -2.8129475460969633E-6   12336.762467708486
-3.0323281304547956E-6    -2.899492615061469E-6    11418.402551334006
-3.110540465291444E-6     -2.986037684025975E-6    10551.926413987458
-3.1887528001280923E-6    -3.072582752990481E-6    9688.735694430161
-3.266965134964741E-6     -3.1591278219549873E-6   8844.390958243031
-2.9025054855472545E-6    -2.920019834054673E-6    11800.806139718634
-2.9807178203839032E-6    -3.0065649030191794E-6   10925.918220771577
-3.058930155220551E-6     -3.0931099719836856E-6   10061.865228095621
-3.1371424900572E-6       -3.1796550409481913E-6   9207.215864647664
-2.850895175476362E-6     -3.027092122012384E-6    11265.995421939482
-2.9291075103130104E-6    -3.1136371909768896E-6   10434.400897402167
-3.0073198451496587E-6    -3.2001822599413954E-6   9569.454066175073
-2.7992848654054697E-6    -3.134164409970094E-6    10732.330314371036
-2.877497200242118E-6     -3.2207094789346003E-6   9931.105562825265
-2.747674555334577E-6     -3.2412366979278043E-6   10213.170965090581
-2.8456066175540795E-6    -2.810499993018886E-6    12877.869578831554
-2.793996307483187E-6     -2.917572280976596E-6    12299.445574613828
-2.7423859974122943E-6    -3.0246445689343063E-6   11722.345783624465
-2.690775687341402E-6     -3.1317168568920173E-6   11201.046202341779
-2.7370974394900117E-6    -2.8080524399408086E-6   13370.442502220754
-2.6854871294191193E-6    -2.915124727898519E-6    12790.599674531975
-2.6338768193482264E-6    -3.0221970158562295E-6   12227.65487719957
-2.6285882614259443E-6    -2.805604886862731E-6    13863.079599114744
-2.576977951355052E-6     -2.9126771748204417E-6   13258.365794738358
-2.5200790833618765E-6    -2.8031573337846547E-6   14293.178954958159
-2.625689735987439E-6     -3.2497065083125173E-6   10542.331142458715
-2.503704916640301E-6     -3.2581763186972295E-6   10805.364526416102
-2.381720097293163E-6     -3.2666461290819425E-6   11068.22878165877
-2.2597352779460254E-6    -3.2751159394666555E-6   11330.923908186714
-2.1377504585988876E-6    -3.283585749851368E-6    11531.839229611995
-2.5687908679942637E-6    -3.1401866672767295E-6   11522.721824909357
-2.446806048647126E-6     -3.1486564776614425E-6   11789.74837284688
-2.324821229299988E-6     -3.157126288046155E-6    12056.601842632645
-2.2028364099528504E-6    -3.165596098430868E-6    12257.591489052396
-2.5118920000010887E-6    -3.030666826240942E-6    12511.393485245819
-2.389907180653951E-6     -3.0391366366256547E-6   12779.3851980123
-2.267922361306813E-6     -3.0476064470103673E-6   13027.709733088515
-2.4549931320079137E-6    -2.9211469852051543E-6   13504.043597269003
-2.333008312660776E-6     -2.9296167955898673E-6   13799.933684266663
-2.3980942640147387E-6    -2.8116271441693673E-6   14574.263342586837
-1.9130139905996945E-6    -2.83716417851575E-6     15791.952005307814
-2.0342840589534556E-6    -2.8307799199291542E-6   15557.142575815946
-2.1555541273072166E-6    -2.824395661342558E-6    15254.159225394524
-2.2768241956609777E-6    -2.8180114027559625E-6   14951.063208187457
-1.9691981075994924E-6    -2.9487695713496547E-6   14710.02837851632
-2.0904681759532534E-6    -2.942385312763059E-6    14431.215779540395
-2.211738244307015E-6     -2.9360010541764634E-6   14129.097669997467
-2.025382224599291E-6     -3.0603749641835586E-6   13632.11184061528
-2.146652292953052E-6     -3.053990705596963E-6    13309.46850221445
-2.0815663415990893E-6    -3.1719803570174634E-6   12558.20239160469
-1.236916041443935E-6     -2.867695111679095E-6    16454.706427589976
-1.3726023099197548E-6    -2.8612489365188753E-6   16416.660141763678
-1.5082885783955746E-6    -2.8548027613586553E-6   16297.905737389414
-1.6439748468713943E-6    -2.8483565861984357E-6   16179.10352594381
-1.7796611153472144E-6    -2.841910411038216E-6    15975.676060598773
-1.295433551667073E-6     -2.977600561875246E-6    15412.931064316726
-1.4311198201428928E-6    -2.9711543867150258E-6   15326.846722840124
-1.5668060886187127E-6    -2.964708211554806E-6    15208.392543534592
-1.7024923570945322E-6    -2.958262036394587E-6    15054.913073820047
-1.3539510618902108E-6    -3.0875060120713963E-6   14374.610417408881
-1.4896373303660307E-6    -3.0810598369111767E-6   14240.692970887243
-1.6253235988418506E-6    -3.074613661750957E-6    14136.915286604839
-1.4124685721133488E-6    -3.1974114622675476E-6   13339.744486866452
-1.5481548405891687E-6    -3.190965287107328E-6    13221.682698953144
-1.4709860823364867E-6    -3.307316912463698E-6    12351.923851959386
-2.0043975833464073E-6    -3.2883319823738343E-6   11765.5912184533
-1.8710447080939274E-6    -3.2930782148963E-6      11928.555428841082
-1.737691832841447E-6     -3.2978244474187657E-6   12091.461132908733
-1.6043389575889668E-6    -3.3025706799412323E-6   12254.308330656262
-1.948213466346609E-6     -3.1767265895399295E-6   12789.553918592332
-1.8148605910941287E-6    -3.1814728220623957E-6   12954.818437604497
-1.6815077158416486E-6    -3.1862190545848614E-6   13120.022635407458
-1.8920293493468108E-6    -3.0651211967060247E-6   13819.56749148717
-1.7586764740943307E-6    -3.069867429228491E-6    13985.459684627802
-1.8358452323470123E-6    -2.953515803872121E-6    14853.415723213273
-5.482889686416538E-7     -2.8839969203287717E-6   16112.551228597844
-6.077357925843253E-7     -2.9941083204269495E-6   15166.777979900819
-6.671826165269968E-7     -3.104219720525127E-6    14223.773398054722
-7.266294404696683E-7     -3.2143311206233054E-6   13283.537483059556
-7.860762644123397E-7     -3.324442520721483E-6    12390.431411303214
-4.6876185988352767E-7    -2.9964681298728593E-6   14975.357212093999
-5.282086838261991E-7     -3.106579529971037E-6    14081.90980511546
-5.876555077688706E-7     -3.216690930069215E-6    13191.007172537556
-6.471023317115421E-7     -3.3268023301673934E-6   12303.908325844766
-3.892347511254015E-7     -3.1089393394169465E-6   13924.98635899486
-4.48681575068073E-7      -3.219050739515125E-6    13034.698549573422
-5.081283990107445E-7     -3.329162139613303E-6    12147.343134298457
-3.097076423672754E-7     -3.2214105489610346E-6   12878.415110498101
-3.6915446630994687E-7    -3.3315219490592128E-6   11990.802567761799
-2.3018053360914924E-7    -3.3338817585051227E-6   11834.286626234789
-8.645407177740311E-7     -3.2111119488737757E-6   13372.940804411217
-8.050938938313598E-7     -3.101000548775597E-6    14297.65837347141
-7.456470698886882E-7     -2.9908891486774193E-6   15289.925398997522
-6.862002459460168E-7     -2.8807777485792416E-6   16285.184983824836
-9.430051711357227E-7     -3.0977813770260673E-6   14401.323939709826
-8.835583471930512E-7     -2.9876699769278896E-6   15379.23166180897
-8.241115232503797E-7     -2.877558576829712E-6    16374.811338605208
-1.021469624497414E-6     -2.98445080517836E-6     15433.132586533506
-9.620228005547426E-7     -2.8743394050801817E-6   16464.453851741244
-1.0999340778591056E-6    -2.8711202333306515E-6   16468.36674488229
-1.3340041187516574E-6    -3.3107420341152555E-6   12430.057824796555
-1.197022155166828E-6     -3.314167155766812E-6    12437.282301362258
-1.0600401915819987E-6    -3.317592277418369E-6    12444.502597941831
-9.23058227997169E-7      -3.321017399069926E-6    12451.71871453527
-1.2754866085285194E-6    -3.200836583919104E-6    13411.994300809612
-1.1385046449436899E-6    -3.204261705570661E-6    13420.499935143253
-1.0015226813588604E-6    -3.207686827222218E-6    13429.001068732025
-1.2169690983053813E-6    -3.0909311337229533E-6   14398.953423623485
-1.0799871347205518E-6    -3.0943562553745103E-6   14407.480629737038
-1.1584515880822434E-6    -2.981025683526803E-6    15389.162312197468
-3.7885343033537136E-6    -4.076944433631463E-6    3051.5493387247116
-3.8030339828079683E-6    -3.9636709520025415E-6   3393.436310569358
-3.8175336622622226E-6    -3.850397470373619E-6    3748.1813568318576
-3.832033341716477E-6     -3.7371239887446986E-6   4103.470845611597
-3.846533021170731E-6     -3.623850507115777E-6    4459.304776908582
-3.907768848264119E-6     -4.053882940458238E-6    2868.6154576082317
-3.922268527718373E-6     -3.940609458829316E-6    3173.219244882509
-3.9367682071726276E-6    -3.827335977200395E-6    3472.7110368745434
-3.951267886626882E-6     -3.714062495571473E-6    3772.65055621757
-4.027003393174524E-6     -4.030821447285012E-6    2620.6026494472017
-4.041503072628778E-6     -3.91754796565609E-6     2917.069121019056
-4.0560027520830326E-6    -3.804274484027169E-6    3214.8111878594987
-4.146237938084929E-6     -4.0077599541117865E-6   2371.8649776623424
-4.160737617539183E-6     -3.894486472482865E-6    2660.187981552963
-4.265472482995335E-6     -3.984698460938562E-6    2122.402442253646
-4.450414265866207E-6     -4.553843659803436E-6    670.1233089767106
-4.349865498413109E-6     -4.547314626549334E-6    813.7423062171929
-4.24931673096001E-6      -4.540785593295231E-6    957.5378651733945
-4.148767963506911E-6     -4.534256560041129E-6    1101.5099858453186
-4.417163064783494E-6     -4.4340965147449954E-6   937.7704858240559
-4.316614297330395E-6     -4.427567481490893E-6    1083.101161183009
-4.2160655298772965E-6    -4.421038448236791E-6    1228.6100894962055
-4.115516762424198E-6     -4.414509414982689E-6    1371.9287129457516
-4.383911863700781E-6     -4.314349369686555E-6    1208.3336148190174
-4.283363096247682E-6     -4.307820336432453E-6    1355.339170404597
-4.182814328794583E-6     -4.3012913031783505E-6   1502.5371732884305
-4.350660662618068E-6     -4.194602224628115E-6    1480.3726878601228
-4.250111895164969E-6     -4.188073191374012E-6    1631.5243176978374
-4.317409461535354E-6     -4.0748550795696745E-6   1758.8901461739679
-3.8404712818937335E-6    -4.1671010522625754E-6   2712.2734414109177
-3.9597058268041385E-6    -4.14403955908935E-6     2487.3151593561565
-4.0789403717145435E-6    -4.120978065916124E-6    2246.893013682641
-4.1981749166249485E-6    -4.097916572742899E-6    2005.7521563641085
-3.892408260433753E-6     -4.257257670893688E-6    2340.6808783937004
-4.011642805344158E-6     -4.2341961777204626E-6   2113.152370842015
-4.130877350254563E-6     -4.211134684547238E-6    1873.9332971051872
-3.944345238973773E-6     -4.347414289524801E-6    1970.6358396916166
-4.063579783884178E-6     -4.324352796351575E-6    1740.567369432575
-3.996282217513793E-6     -4.437570908155914E-6    1602.1383253046938
-4.421845558293958E-6     -4.641769121191928E-6    551.7594673392432
-4.393276850721707E-6     -4.72969458258042E-6     431.36631306473373
-4.364708143149458E-6     -4.817620043968912E-6    310.38385425465174
-4.321296790840859E-6     -4.635240087937825E-6    694.1860699492534
-4.292728083268609E-6     -4.723165549326317E-6    572.6373189361138
-4.22074802338776E-6      -4.628711054683722E-6    836.7875430364593
-1.522731152587812E-7     -3.4465296682700388E-6   10818.158869287738
-2.1333962960921077E-7    -3.556817768589045E-6    10052.86359311043
-2.744061439596403E-7     -3.667105868908051E-6    9289.016993176137
-3.354726583100699E-7     -3.7773939692270574E-6   8526.61906948485
-3.9653917266049945E-7    -3.887682069546064E-6    7796.216455358073
-7.434338173022076E-8     -3.5579368612286337E-6   9872.204921848468
-1.3540989608065036E-7    -3.6682249615476395E-6   9142.168559395655
-1.9647641043107987E-7    -3.7785130618666457E-6   8413.388338855955
-2.575429247815095E-7     -3.888801162185653E-6    7686.247946062376
3.5863517983396362E-9     -3.6693440541872287E-6   8986.414962219405
-5.748016255208992E-8     -3.779632154506235E-6    8258.44284251982
-1.1854667690251948E-7    -3.889920254825241E-6    7531.848219788602
8.151608532690006E-8      -3.7807512471458237E-6   8103.513616437436
2.044957097647049E-8      -3.89103934746483E-6     7377.464487441324
1.5944581885546046E-7     -3.8921584401044195E-6   7223.096749020539
-4.744465910108675E-7     -3.775034159781148E-6    8681.193745186407
-4.133800766604379E-7     -3.6647460594621413E-6   9435.720136790787
-3.523135623100083E-7     -3.5544579591431347E-6   10233.148809242906
-2.912470479595788E-7     -3.4441698588241285E-6   11032.218692267918
-5.523540093612355E-7     -3.6623862500162314E-6   9598.504413919283
-4.912874950108059E-7     -3.5520981496972252E-6   10389.377388513994
-4.3022098066037643E-7    -3.441810049378219E-6    11189.027207415467
-6.302614277116037E-7     -3.5497383402513153E-6   10518.457903941136
-5.691949133611741E-7     -3.4394502399323087E-6   11345.859788693468
-7.081688460619716E-7     -3.4370904304863992E-6   11441.054215251968
2.3590016686676641E-7     -4.00413792272544E-6     6359.124095004826
1.733582669990824E-7      -4.114998312706871E-6    5706.373252597281
1.1081636713139837E-7     -4.225858702688302E-6    5053.967834718775
4.827446726371434E-8      -4.336719092669733E-6    4401.907841369306
3.1171059296778587E-7     -4.115085016446126E-6    5587.025864945101
2.491686931001018E-7      -4.225945406427558E-6    4955.112482668149
1.866267932324178E-7      -4.336805796408989E-6    4323.382239084081
1.240848933647338E-7      -4.447666186390421E-6    3691.8500867607745
3.8752101906880524E-7     -4.2260321101668135E-6   4853.099475798685
3.2497911920112127E-7     -4.3368925001482446E-6   4222.351374214482
2.6243721933343726E-7     -4.4477528901296765E-6   3591.7911865010474
4.6333144516982466E-7     -4.3369792038875E-6      4121.322045496331
4.0078954530214064E-7     -4.447839593868931E-6    3491.7338085376937
5.391418712708442E-7      -4.447926297608187E-6    3391.6779528707148
-9.072178061527563E-8     -4.3356000000301455E-6   4552.724574592705
-2.817988074759161E-8     -4.224739610048714E-6    5203.08031748211
3.4362019120092414E-8     -4.113879220067282E-6    5875.776705802378
9.690391898777644E-8      -4.0030188300858506E-6   6548.980804487837
-1.671761286265816E-7     -4.223620517409125E-6    5357.188499486205
-1.0463422875889757E-7    -4.112760127427693E-6    6028.845173975304
-4.209232889121355E-8     -4.001899737446262E-6    6702.830349500837
-2.4363047663788754E-7    -4.111641034788104E-6    6163.583457716337
-1.810885767702035E-7     -4.000780644806673E-6    6856.695612113055
-3.200848246491935E-7     -3.999661552167084E-6    6971.909449283098
3.42014581771673E-7       -4.77911849679972E-6     1597.1725175057652
4.077236782713967E-7      -4.668721097069209E-6    2195.828410601138
4.734327747711204E-7      -4.558323697338698E-6    2793.9916820003423
2.693713523026932E-7      -4.6686343933299534E-6   2293.9742029656763
3.3508044880241696E-7     -4.558236993599442E-6    2893.0976085661773
1.9672812283371352E-7     -4.558150289860187E-6    2992.205043573301
-3.361242396576578E-6     -3.2769404310770153E-6   7779.009372333603
-3.3256970132808743E-6    -3.415280259192248E-6    7192.492444555147
-3.29015162998517E-6      -3.5536200873074804E-6   6607.301870820193
-3.2546062466894663E-6    -3.691959915422713E-6    6023.437651128745
-3.219060863393762E-6     -3.8302997435379456E-6   5456.251361872878
-3.231419751669037E-6     -3.29746765007022E-6     8202.764883714332
-3.1958743683733327E-6    -3.435807478185452E-6    7547.11692706463
-3.160328985077629E-6     -3.5741473063006845E-6   6893.0076538748135
-3.124783601781925E-6     -3.7124871344159175E-6   6319.065199832461
-3.1015971067614957E-6    -3.317994869063424E-6    8554.308717274007
-3.0660517234657924E-6    -3.4563346971786564E-6   7896.822041921497
-3.030506340170088E-6     -3.594674525293889E-6    7272.7597915716315
-2.9717744618539546E-6    -3.338522088056628E-6    8905.273005438134
-2.9362290785582512E-6    -3.4768619161718605E-6   8230.909363591258
-2.8419518169464142E-6    -3.359049307049833E-6    9193.513915891326
-3.6746396153617235E-6    -4.02761549561276E-6     3464.977323088713
-3.560744927369733E-6     -3.9782865575940555E-6   3951.9896356393165
-3.446850239377743E-6     -3.928957619575353E-6    4440.574474044963
-3.3329555513857527E-6    -3.879628681556649E-6    4930.73183830567
-3.6891392948159777E-6    -3.914342013983838E-6    3861.6807017232895
-3.575244606823987E-6     -3.865013075965134E-6    4366.751424519691
-3.4613499188319967E-6    -3.815684137946431E-6    4873.446436384596
-3.347455230840007E-6     -3.766355199927728E-6    5433.896316768173
-3.703638974270232E-6     -3.8010685323549162E-6   4271.933802778012
-3.5897442862782415E-6    -3.751739594336213E-6    4779.009051247773
-3.4758495982862514E-6    -3.7024106563175095E-6   5310.449810841241
-3.7181386537244863E-6    -3.6877950507259946E-6   4682.82806151623
-3.604243965732496E-6     -3.638466112707292E-6    5185.281581462226
-3.7326383331787406E-6    -3.574521569097074E-6    5058.391628631123
-3.4540913807271187E-6    -3.35133571558203E-6     7032.272755266253
-3.5469403648776593E-6    -3.425731000087044E-6    6359.745016955011
-3.6397893490282E-6       -3.500126284592059E-6    5689.794024974357
-3.418545997431415E-6     -3.489675543697262E-6    6515.743444289828
-3.5113949815819555E-6    -3.5640708282022773E-6   5845.911012612175
-3.3830006141357107E-6    -3.6280153718124945E-6   6000.328157940513
-2.6908653928201877E-6    -3.363661431776604E-6    9511.522129912815
-2.7851426544320247E-6    -3.4814740408986315E-6   8518.645921469768
-2.8794199160438616E-6    -3.59928665002066E-6     7605.78144719117
-2.9736971776556986E-6    -3.717099259142688E-6    6697.190358003505
-3.067974439267536E-6     -3.834911868264716E-6    5794.803689651168
-2.634056230305798E-6     -3.4860861656254026E-6   8855.324921577576
-2.728333491917635E-6     -3.6038987747474307E-6   7906.782493468513
-2.822610753529472E-6     -3.7217113838694588E-6   6996.552512687555
-2.916888015141309E-6     -3.839523992991487E-6    6091.422919044286
-2.5772470677914085E-6    -3.6085108994742017E-6   8200.211145502788
-2.6715243294032455E-6    -3.72632350859623E-6     7295.779799572156
-2.7658015910150825E-6    -3.844136117718258E-6    6387.909515724154
-2.5204379052770194E-6    -3.730935633323001E-6    7546.18080168847
-2.6147151668888568E-6    -3.848748242445029E-6    6684.263479690772
-2.46362874276263E-6      -3.8533603671718E-6      6925.281289458483
-2.2029261154316362E-6    -3.3975406733154547E-6   10572.852322105886
-2.324910934778774E-6     -3.3890708629307417E-6   10363.830864844782
-2.4468957541259117E-6    -3.380601052546029E-6    10105.139248836314
-2.5688805734730495E-6    -3.372131242161316E-6    9846.282453550166
-2.268101772264385E-6     -3.5114955967795404E-6   9645.613778990775
-2.3900865916115226E-6    -3.503025786394828E-6    9404.945574624622
-2.5120714109586603E-6    -3.494555976010115E-6    9147.237368858527
-2.333277429097133E-6     -3.6254505202436274E-6   8721.654605586995
-2.4552622484442708E-6    -3.6169807098589143E-6   8449.498414582893
-2.3984530859298816E-6    -3.7394054437077135E-6   7800.974801894537
-1.5319644359286024E-6    -3.4198082982868393E-6   11395.355332586365
-1.6653173111810825E-6    -3.4150620657643728E-6   11290.672514032587
-1.7986701864335624E-6    -3.410315833241907E-6    11130.10419447323
-1.932023061686043E-6     -3.405569600719441E-6    10969.479183482825
-2.065375936938523E-6     -3.400823368196975E-6    10750.229403707359
-1.5929427895207179E-6    -3.5322996841099798E-6   10469.743378506557
-1.7262956647731978E-6    -3.5275534515875136E-6   10332.769704386064
-1.859648540025678E-6     -3.522807219065048E-6    10172.811258297112
-1.9930014152781584E-6    -3.5180609865425817E-6   9988.135752107886
-1.6539211431128334E-6    -3.644791069933121E-6    9546.89121452907
-1.7872740183653135E-6    -3.640044837410655E-6    9377.803656820694
-1.9206268936177936E-6    -3.6352986048881888E-6   9227.486796553116
-1.714899496704949E-6     -3.7572824557562615E-6   8626.79884065393
-1.8482523719574294E-6    -3.7525362232337958E-6   8468.282537043036
-1.7758778502970648E-6    -3.869773841579403E-6    7740.773887004593
-2.3260785642695172E-6    -3.856643062053321E-6    7129.349779603239
-2.1885283857764038E-6    -3.8599257569348405E-6   7293.186148380436
-2.0509782072832908E-6    -3.863208451816362E-6    7456.9681196465635
-1.9134280287901778E-6    -3.866491146697882E-6    7620.695693401627
-2.260902907436768E-6     -3.742688138589234E-6    8014.44390685795
-2.123352728943655E-6     -3.745970833470754E-6    8179.948319735969
-1.985802550450542E-6     -3.749253528352275E-6    8345.397251699842
-2.1957272506040196E-6    -3.628733215125147E-6    8903.729104112208
-2.058177072110907E-6     -3.6320159100066683E-6   9070.151546965215
-2.1305515937712714E-6    -3.514778291661061E-6    9796.134910610666
-8.454948931294064E-7     -3.4356239628270193E-6   11487.452196797574
-9.049135218464731E-7     -3.5468054049325547E-6   10614.249379050494
-9.643321505635397E-7     -3.657986847038091E-6    9743.204457630007
-1.0237507792806065E-6    -3.769168289143626E-6    8874.317432536136
-1.0831694079976733E-6    -3.880349731249162E-6    8038.84145694691
-7.675874747790384E-7     -3.548271872591935E-6    10540.243883813051
-8.270061034961051E-7     -3.6594533146974708E-6   9703.065203840291
-8.864247322131718E-7     -3.7706347568030065E-6   8867.855954483712
-9.458433609302385E-7     -3.881816198908543E-6    8035.1083146827605
-6.896800564286703E-7     -3.660919782356851E-6    9654.349598460052
-7.49098685145737E-7      -3.772101224462387E-6    8819.382853569554
-8.085173138628036E-7     -3.883282666567923E-6    7986.525486310283
-6.117726380783022E-7     -3.7735676921217668E-6   8770.915807228726
-6.711912667953689E-7     -3.884749134227303E-6    7937.94866938086
-5.338652197279342E-7     -3.886215601886684E-6    7889.377863894493
-9.82476856714236E-7      -3.432198841175462E-6    11540.37891208325
-1.1194588202990653E-6    -3.428773719523905E-6    11534.448234631673
-1.2564407838838945E-6    -3.4253485978723474E-6   11528.51369795269
-1.3934227474687242E-6    -3.4219234762207912E-6   11461.836471406747
-1.0418954854313026E-6    -3.5433802832809977E-6   10633.390386315414
-1.178877449016132E-6     -3.5399551616294406E-6   10627.486203535136
-1.3158594126009613E-6    -3.5365300399778836E-6   10595.414370482951
-1.1013141141483692E-6    -3.654561725386534E-6    9728.748222584583
-1.2382960777331986E-6    -3.651136603734977E-6    9731.074958333698
-1.160732742865436E-6     -3.7657431674920696E-6   8868.818234958999
-1.4544011010608397E-6    -3.5344148620439317E-6   10508.039910628859
-1.5153794546529552E-6    -3.6469062478670726E-6   9617.56499861403
-1.5763578082450707E-6    -3.7593976336902134E-6   8729.672904722698
-1.6373361618371866E-6    -3.871889019513355E-6    7845.038609612644
-1.3768377661930768E-6    -3.6490214258010245E-6   9678.429162327977
-1.4378161197851925E-6    -3.7615128116241653E-6   8790.190563341008
-1.498794473377308E-6     -3.874004197447307E-6    7904.712893100515
-1.2992744313253141E-6    -3.7636279895581173E-6   8850.694278109173
-1.3602527849174298E-6    -3.8761193753812585E-6   7964.373586133923
-1.2217110964575516E-6    -3.8782345533152105E-6   8024.0206887128625
-3.7176342770928394E-6    -4.153529728919451E-6    2884.3829772642093
-3.769571255632859E-6     -4.243686347550564E-6    2533.6199641274816
-3.821508234172878E-6     -4.333842966181676E-6    2165.8292920954173
-3.873445212712898E-6     -4.423999584812789E-6    1799.5558815889344
-3.925382191252918E-6     -4.514156203443902E-6    1434.4610139910217
-3.6467342508319648E-6    -4.230115024207439E-6    2730.1239090010945
-3.6986712293719842E-6    -4.320271642838553E-6    2368.6653640495642
-3.7506082079120037E-6    -4.410428261469665E-6    2000.9032855690539
-3.802545186452024E-6     -4.500584880100778E-6    1634.0355226309175
-3.57583422457109E-6      -4.306700319495428E-6    2574.879314728242
-3.6277712031111096E-6    -4.3968569381265404E-6   2202.664489203432
-3.6797081816511295E-6    -4.487013556757653E-6    1834.0195692826778
-3.5049341983102155E-6    -4.383285614783416E-6    2418.649194445642
-3.556871176850236E-6     -4.47344223341453E-6     2034.4131539462937
-3.603739589100849E-6     -4.104200790900748E-6    3334.393024138608
-3.5328395628399742E-6    -4.180786086188736E-6    3189.975383200583
-3.4619395365790996E-6    -4.257371381476724E-6    3044.6329650113007
-3.391039510318226E-6     -4.3339566767647135E-6   2892.7493688426557
-3.4898449011088583E-6    -4.054871852882044E-6    3804.4687540755044
-3.418944874847984E-6     -4.131457148170033E-6    3659.168415096221
-3.3480448485871095E-6    -4.208042443458021E-6    3521.3086931058406
-3.375950213116868E-6     -4.0055429148633405E-6   4276.065246653992
-3.305050186855994E-6     -4.082128210151329E-6    4152.184991870092
-3.262055525124878E-6     -3.956213976844638E-6    4785.3782651354295
-3.876373600859042E-6     -4.608610698086496E-6    1195.0523656467067
-3.827365010465166E-6     -4.70306519272909E-6     955.0349428609904
-3.7783564200712893E-6    -4.797519687371685E-6    714.0700270168529
-3.753536596058147E-6     -4.595039374743372E-6    1393.0003821712558
-3.7045280056642717E-6    -4.689493869385966E-6    1151.64069463637
-3.630699591257253E-6     -4.581468051400247E-6    1591.353675065256
-4.584109908115764E-7     -3.998867449086688E-6    7025.944730085457
-5.202828089626533E-7     -4.110052828627311E-6    6271.385197342652
-5.821546271137302E-7     -4.221238208167935E-6    5517.781203840684
-6.440264452648071E-7     -4.332423587708559E-6    4765.132749579544
-3.819566428002704E-7     -4.110846931707708E-6    6199.433572128981
-4.438284609513473E-7     -4.222032311248332E-6    5466.410708209869
-5.057002791024241E-7     -4.333217690788955E-6    4734.17371448435
-5.675720972535012E-7     -4.444403070329579E-6    4002.856614369817
-3.0550229478896443E-7    -4.222826414328728E-6    5412.706506610165
-3.673741129400414E-7     -4.334011793869352E-6    4680.961327728703
-4.2924593109111826E-7    -4.445197173409976E-6    3950.039409792743
-2.2904794677765848E-7    -4.334805896949748E-6    4627.755926120039
-2.909197649287354E-7     -4.445991276490372E-6    3897.229138132785
-1.5259359876635255E-7    -4.446785379570769E-6    3844.4257993899455
-7.813524923322419E-7     -4.330957120049179E-6    4813.118180959114
-7.194806741811649E-7     -4.2197717405085546E-6   5563.656644072257
-6.57608856030088E-7      -4.10858636096793E-6     6337.583626983407
-5.95737037879011E-7      -3.997400981427307E-6    7112.635818182619
-8.568067212485996E-7     -4.218305272849175E-6    5614.023974291745
-7.949349030975228E-7     -4.1071198933085505E-6   6386.039401313993
-7.330630849464459E-7     -3.995934513767927E-6    7161.325267183582
-9.322609501649575E-7     -4.1056534256491706E-6   6416.35318628186
-8.703891320138806E-7     -3.994468046108546E-6    7210.0206844973
-1.0077151790813154E-6    -3.9930015784491665E-6   7220.105816929465
-3.534023680485246E-7     -4.778237689980069E-6    1757.0099962235615
-2.864661116211339E-7     -4.667753586510301E-6    2452.750931585896
-2.1952985519374323E-7    -4.557269483040535E-6    3148.5041888851356
-4.247922777835168E-7     -4.666959483429905E-6    2504.6936041787812
-3.578560213561261E-7     -4.556475379960138E-6    3200.9255631156116
-4.96182187518509E-7      -4.555681276879742E-6    3253.3538180333276
-3.3072999491484703E-6    -4.453904665143463E-6    2424.264709024341
-3.180565726247599E-6     -4.447938420215521E-6    2601.783095994714
-3.0538315033467278E-6    -4.441972175287579E-6    2779.4564353955016
-2.9270972804458567E-6    -4.436005930359637E-6    2957.2847272267045
-3.264305287417354E-6     -4.327990431836772E-6    3066.0171410162784
-3.137571064516483E-6     -4.322024186908829E-6    3245.0588285958283
-3.010836841615612E-6     -4.316057941980887E-6    3424.2580308532133
-2.884102618714741E-6     -4.310091697052946E-6    3589.3003247069432
-3.2213106256862384E-6    -4.2020761985300785E-6   3710.2742304462517
-3.0945764027853674E-6    -4.1961099536021375E-6   3891.0318882243428
-2.9678421798844964E-6    -4.1901437086741955E-6   4064.7031679455768
-3.1783159639551225E-6    -4.076161965223387E-6    4356.8038874055255
-3.0515817410542515E-6    -4.070195720295445E-6    4539.28922676472
-3.135321302224007E-6     -3.950247731916696E-6    5013.058501164384
-2.7330161945885147E-6    -4.3147038217797164E-6   3874.553219217237
-2.6656693316320437E-6    -4.199367958127737E-6    4631.433247297965
-2.5983224686755722E-6    -4.084032094475758E-6    5390.826214276315
-2.5309756057191012E-6    -3.968696230823778E-6    6152.732120152294
-2.8167557557582702E-6    -4.194755833400966E-6    4347.981537473193
-2.749408892801799E-6     -4.079419969748987E-6    5123.630619085008
-2.6820620298453274E-6    -3.964084106097008E-6    5901.933146460886
-2.900495316928025E-6     -4.074807845022216E-6    4831.530977429681
-2.833148453971554E-6     -3.959471981370237E-6    5608.256125412541
-2.9842348780977805E-6    -3.954859856643466E-6    5314.448706737128
-2.037458435887692E-6     -4.323199668508914E-6    4485.151747218042
-1.972063289490035E-6     -4.209843211776535E-6    5292.395963860252
-1.9066681430923783E-6    -4.096486755044158E-6    6101.693403498955
-1.8412729966947215E-6    -3.983130298311781E-6    6913.0440661341545
-2.175008614380805E-6     -4.319916973627393E-6    4325.888149567307
-2.109613467983148E-6     -4.206560516895015E-6    5130.753616510582
-2.0442183215854913E-6    -4.093204060162637E-6    5958.129883768435
-1.9788231751878345E-6    -3.979847603430259E-6    6787.7184655944675
-2.247163646476261E-6     -4.203277822013494E-6    4972.0701779504025
-2.1817685000786043E-6    -4.089921365281117E-6    5796.927108206915
-2.1163733536809476E-6    -3.976564908548739E-6    6625.627214596024
-2.3193186785717173E-6    -4.086638670399596E-6    5618.446944069865
-2.25392353217406E-6      -3.973282213667218E-6    6463.482649489576
-2.3914737106671736E-6    -3.969999518785698E-6    6265.018447925702
-2.458820573623645E-6     -4.0853353824376775E-6   5483.651080199547
-2.5261674365801156E-6    -4.200671246089656E-6    4740.922466854
-2.593514299536587E-6     -4.316007109741635E-6    4000.566285539622
-2.6608611624930585E-6    -4.431342973393615E-6    3262.7391606408933
-2.3866655415281884E-6    -4.201974534051575E-6    4857.325115863108
-2.4540124044846594E-6    -4.3173103977035545E-6   4115.799794155058
-2.521359267441131E-6     -4.432646261355533E-6    3376.6733765064882
-2.3145105094327317E-6    -4.318613685665473E-6    4231.006577413078
-2.381857372389203E-6     -4.433949549317453E-6    3490.5811699940123
-2.242355477337276E-6     -4.435252837279372E-6    3604.4625411034613
-1.1473877371158242E-6    -3.992408481282494E-6    7214.0431418076105
-1.2116060662339752E-6    -4.104467231315825E-6    6405.43064442162
-1.275824395352126E-6     -4.216525981349157E-6    5598.345523825647
-1.340042724470277E-6     -4.328584731382489E-6    4792.787780019693
-1.0719335081994664E-6    -4.105060328482498E-6    6392.802437057129
-1.1361518373176174E-6    -4.217119078515829E-6    5605.472048565611
-1.2003701664357681E-6    -4.329177828549161E-6    4819.49839826058
-1.2645884955539193E-6    -4.441236578582493E-6    4034.9797765407357
-9.964792792831085E-7     -4.217712175682502E-6    5610.820931037903
-1.0606976084012595E-6    -4.329770925715833E-6    4824.793371655912
-1.1249159375194105E-6    -4.441829675749165E-6    4040.149006106404
-9.210250503667506E-7     -4.330364022882506E-6    4830.087736392067
-9.852433794849016E-7     -4.442422772915838E-6    4045.3176474390857
-8.455708214503929E-7     -4.44301587008251E-6     4050.48570053878
-1.4785844129301554E-6    -4.326469553448537E-6    4734.863702416328
-1.4143660838120044E-6    -4.214410803415205E-6    5538.434628674019
-1.3501477546938532E-6    -4.102352053381873E-6    6364.993776873558
-1.2859294255757024E-6    -3.990293303348542E-6    7193.250940466635
-1.5529077722718826E-6    -4.212295625481253E-6    5482.026566850085
-1.4886894431537316E-6    -4.100236875447921E-6    6306.512064693778
-1.4244711140355806E-6    -3.98817812541459E-6     7134.43461470901
-1.62723113161361E-6      -4.0981216975139695E-6   6230.017993673123
-1.563012802495459E-6     -3.986062947480638E-6    7075.605051892569
-1.7015544909553374E-6    -3.983947769546686E-6    6978.837982885447
-1.7669496373529941E-6    -4.097304226279064E-6    6148.067699813573
-1.832344783750651E-6     -4.210660683011441E-6    5357.1158172983805
-1.8977399301483077E-6    -4.324017139743819E-6    4568.058066207979
-1.9631350765459645E-6    -4.437373596476197E-6    3781.0189899477978
-1.6926262780112667E-6    -4.211478154246347E-6    5420.4452434433015
-1.7580214244089235E-6    -4.324834610978725E-6    4630.7657464203385
-1.8234165708065803E-6    -4.438191067711103E-6    3843.0115327059357
-1.6183029186695393E-6    -4.3256520822136306E-6   4693.464360672551
-1.6836980650671961E-6    -4.439008538946008E-6    3904.9951240773876
-1.5439795593278122E-6    -4.439826010180915E-6    3966.96976406215
-3.248489941871153E-6     -4.561930483129181E-6    2001.8372123637123
-3.1896799345938357E-6    -4.6699563011149E-6      1578.2423559166396
-3.130869927316519E-6     -4.777982119100619E-6    1153.7122295918539
-3.1217557189702817E-6    -4.55596423820124E-6     2178.1944953745033
-3.062945711692965E-6     -4.663990056186958E-6    1753.2458653784813
-2.9950214960694107E-6    -4.549997993273297E-6    2354.7041685682834
-1.0501395499345273E-6    -4.776850489733E-6       1797.1829572049623
-9.819499737731492E-7     -4.665572283182836E-6    2547.689540174427
-9.13760397611771E-7      -4.554294076632673E-6    3298.7514037587484
-1.121622531807658E-6     -4.664979186016163E-6    2542.696854580207
-1.05343295564628E-6      -4.553700979466001E-6    3293.7069313619595
-1.1931055136807886E-6    -4.553107882299328E-6    3288.6618911583605
-2.446227929877955E-6     -4.773319162134596E-6    1500.314973589746
-2.3782704456977286E-6    -4.660630387182854E-6    2200.0653248732015
-2.310312961517502E-6     -4.547941612231113E-6    2901.3702061291056
-2.5177723407496562E-6    -4.659327099220935E-6    2088.55393487629
-2.4498148565694297E-6    -4.546638324269193E-6    2788.738598774672
-2.5893167516213573E-6    -4.545335036307275E-6    2676.0808720214945
-1.7482690713975318E-6    -4.7754399213314215E-6   1709.217454413288
-1.680172567374292E-6     -4.663568617614585E-6    2460.665080279988
-1.612076063351052E-6     -4.55169731389775E-6     3213.1974210165454
-1.819891073113676E-6     -4.662751146379679E-6    2399.984998230061
-1.7517945690904362E-6    -4.550879842662844E-6    3151.91664118658
-1.8915130748298202E-6    -4.550062371427938E-6    3090.6270245433698
