4.5376314780210755E-6     -4.63587657183551E-7     10110.11904874002
4.630105182416861E-6      -3.7087012574684077E-7   12705.302898331662
4.722578886812645E-6      -2.7815259431013055E-7   15292.228579635921
4.815052591208429E-6      -1.8543506287342033E-7   17874.10593153001
4.907526295604215E-6      -9.271753143671022E-8    20450.93495401361
4.9999999999999996E-6     0                        23022.715647087116
4.4957994136613105E-6     -3.7087012574684077E-7   9612.328639212159
4.588273118057095E-6      -2.7815259431013055E-7   12069.38131334987
4.6807468224528794E-6     -1.8543506287342033E-7   14578.169322138114
4.773220526848664E-6      -9.271753143671017E-8    17081.49503017957
4.86569423124445E-6       -2.5734284546860608E-23  19579.35843747345
4.453967349301543E-6      -2.7815259431013055E-7   8890.057401687782
4.546441053697329E-6      -1.8543506287342039E-7   11404.978384520677
4.638914758093113E-6      -9.271753143671014E-8    13910.555865397473
4.731388462488897E-6      3.8601426820290915E-23   16410.67104552756
4.412135284941776E-6      -1.8543506287342033E-7   8171.690688256182
4.5046089893375625E-6     -9.271753143671019E-8    10744.597913784644
4.597082693733346E-6      3.8601426820290915E-23   13246.964866750073
4.370303220582012E-6      -9.271753143671022E-8    7457.228498917233
4.462776924977797E-6      5.1468569093721216E-23   10088.239901141555
4.3284711562222455E-6     0                        6471.767132134609
4.630105182416861E-6      -5.137272686039827E-7    11599.429619621955
4.722578886812645E-6      -5.638668800244145E-7    13212.43868375619
4.815052591208429E-6      -6.140064914448461E-7    14831.304899638024
4.907526295604215E-6      -6.641461028652781E-7    16456.02826726719
4.9999999999999996E-6     -7.142857142857099E-7    18068.571228082335
4.7225788868126444E-6     -4.210097371672726E-7    14258.062125665136
4.81505259120843E-6       -4.711493485877043E-7    15849.56302464461
4.907526295604214E-6      -5.21288960008136E-7     17447.301793329454
5.0E-6                    -5.714285714285679E-7    19051.278431719842
4.815052591208431E-6      -3.282922057305624E-7    16920.716707390086
4.907526295604215E-6      -3.784318171509941E-7    18513.019362185492
4.9999999999999996E-6     -4.2857142857142587E-7   20111.559886686253
4.907526295604215E-6      -2.355746742938522E-7    19578.736931041407
4.9999999999999996E-6     -2.8571428571428395E-7   21171.8413416528
4.9999999999999996E-6     -1.4285714285714197E-7   22232.122796619333
3.969573528344942E-6      -5.177522481917699E-7    -1864.4070824695366
4.041353053920403E-6      -4.142017985534159E-7    -456.6114005270001
4.113132579495863E-6      -3.1065134891506183E-7   1227.260676430069
4.184912105071323E-6      -2.071008992767079E-7    2904.7203728120967
4.256691630646785E-6      -1.03550449638354E-7     4575.767688619086
3.9065858311363655E-6     -4.142017985534159E-7    -3368.816996028838
3.978365356711825E-6      -3.1065134891506193E-7   -1944.4822336653197
4.050144882287286E-6      -2.071008992767079E-7    -379.3765168795653
4.121924407862747E-6      -1.0355044963835394E-7   1179.013543831461
4.193703933438208E-6      -2.8741023349697075E-23  2730.6879484672245
3.843598133927787E-6      -3.1065134891506183E-7   -5113.342349202953
3.915377659503249E-6      -2.0710089927670796E-7   -3582.11165223235
3.9871571850787086E-6     -1.0355044963835391E-7   -2017.6162404826828
4.058936710654169E-6      4.311153502454561E-23    -459.83648480781994
3.780610436719209E-6      -2.071008992767079E-7    -6851.903960026946
3.8523899622946704E-6     -1.0355044963835398E-7   -5213.498677477168
3.924169487870131E-6      4.311153502454561E-23    -3649.613570763642
3.7176227395106323E-6     -1.03550449638354E-7     -8584.501828500677
3.789402265086093E-6      5.748204669939415E-23    -6838.643309399951
3.654635042302055E-6      0                        -10611.475891416647
4.9999999999999996E-6     -1.428571428571425E-6    14139.17450828709
5.0E-6                    -1.285714285714282E-6    14876.992327425762
4.9999999999999996E-6     -1.1428571428571388E-6   15665.868273309152
4.9999999999999996E-6     -9.999999999999957E-7    16454.744219192584
5.0E-6                    -8.571428571428529E-7    17243.620165076012
4.878055684231463E-6      -1.3606166434275654E-6   12488.963651856673
4.878055684231463E-6      -1.2177595005704221E-6   13241.088913978248
4.8780556842314625E-6     -1.0749023577132789E-6   14035.275311537172
4.8780556842314625E-6     -9.320452148561359E-7    14829.461709096073
4.878055684231464E-6      -7.891880719989932E-7    15653.463575799778
4.756111368462925E-6      -1.2926618582837053E-6   10833.588752942622
4.756111368462927E-6      -1.1498047154265624E-6   11613.406453663734
4.756111368462926E-6      -1.006947572569419E-6    12412.903302898234
4.756111368462925E-6      -8.640904297122761E-7    13196.81314536651
4.634167052694388E-6      -1.2247070731398454E-6   9185.913625990936
4.634167052694389E-6      -1.0818499302827026E-6   9993.944946482388
4.634167052694388E-6      -9.389927874255593E-7    10737.40706244716
4.512222736925853E-6      -1.1567522879959857E-6   7545.93827100166
4.512222736925852E-6      -1.0138951451388427E-6   8275.245327041768
4.390278421157315E-6      -1.0887975028521258E-6   5848.424305977141
4.9999999999999996E-6     -2.14285714285714E-6     11270.794487166087
5.0E-6                    -1.9999999999999974E-6   11814.023308258158
4.9999999999999996E-6     -1.8571428571428541E-6   12388.879201042371
4.9999999999999996E-6     -1.7142857142857109E-6   12963.735093826617
5.0E-6                    -1.5714285714285683E-6   13538.590986610856
4.883354267083362E-6      -2.087260026649548E-6    10031.461304889386
4.883354267083362E-6      -1.9444028837924048E-6   10570.205931456296
4.883354267083362E-6      -1.8015457409352615E-6   11148.703303614291
4.883354267083362E-6      -1.6586885980781187E-6   11727.200675772274
4.883354267083363E-6      -1.5158314552209759E-6   12353.30531227513
4.766708534166724E-6      -2.0316629104419554E-6   8783.65938343084
4.766708534166726E-6      -1.8888057675848126E-6   9331.51657639139
4.766708534166724E-6      -1.745948624727669E-6    9913.655427923197
4.766708534166724E-6      -1.6030914818705257E-6   10539.395239062218
4.650062801250087E-6      -1.976065794234363E-6    7540.653881110855
4.650062801250087E-6      -1.8332086513772198E-6   8097.955243063565
4.650062801250087E-6      -1.6903515085200763E-6   8722.973352020768
4.53341706833345E-6       -1.9204686780267706E-6   6302.444797929417
4.53341706833345E-6       -1.7776115351696272E-6   6904.039651150795
4.416771335416812E-6      -1.8648715618191776E-6   5082.706335331238
3.3101943870191554E-6     -5.21216742858704E-7     -15318.05931565536
3.379082518075735E-6      -4.1697339428696326E-7   -14626.855940933403
3.4479706491323146E-6     -3.1273004571522236E-7   -13685.307861355268
3.5168587801888944E-6     -2.0848669714348155E-7   -12750.941009134782
3.585746911245475E-6      -1.0424334857174084E-7   -11823.75538427194
3.2465507086711024E-6     -4.1697339428696326E-7   -17342.46411001497
3.315438839727682E-6      -3.1273004571522236E-7   -16644.05207004994
3.3843269707842616E-6     -2.0848669714348155E-7   -15817.501045167086
3.453215101840841E-6      -1.0424334857174076E-7   -14998.404377754898
3.5221032328974217E-6     -2.893334143709315E-23   -14186.7620678137
3.1829070303230477E-6     -3.1273004571522236E-7   -19611.84026068785
3.251795161379629E-6      -2.0848669714348163E-7   -18811.74301980311
3.3206832924362078E-6     -1.0424334857174074E-7   -17984.570359838002
3.3895714234927876E-6     4.340001215563972E-23    -17164.85205734353
3.1192633519749943E-6     -2.0848669714348155E-7   -21876.310795004865
3.188151483031575E-6      -1.042433485717408E-7    -20974.220028639153
3.2570396140881543E-6     4.340001215563972E-23    -20146.425733591925
3.0556196736269413E-6     -1.0424334857174084E-7   -24135.87571296601
3.124507804683522E-6      5.786668287418629E-23    -23131.48309655788
2.991975995278888E-6      0                        -26657.879092531806
2.665126609189211E-6      -5.301513392921824E-7    -27319.26758603838
2.7304964864071473E-6     -4.2412107143374597E-7   -27408.506597736377
2.7958663636250814E-6     -3.180908035753094E-7    -27277.093627765436
2.8612362408430167E-6     -2.120605357168729E-7    -27153.00596576515
2.926606118060953E-6      -1.0603026785843652E-7   -27036.243611735543
2.60077107522354E-6       -4.2412107143374597E-7   -29774.560969662067
2.666140952441476E-6      -3.180908035753094E-7    -29856.34895034977
2.7315108296594107E-6     -2.120605357168729E-7    -29822.111946267836
2.7968807068773457E-6     -1.0603026785843644E-7   -29795.39512307584
2.862250584095282E-6      -2.9429311170902213E-23  -29776.198480773866
2.536415541257869E-6      -3.180908035753094E-7    -32441.311092541575
2.6017854184758047E-6     -2.1206053571687298E-7   -32431.277668003622
2.66715529569374E-6       -1.0603026785843641E-7   -32395.321344825832
2.732525172911675E-6      4.4143966756353325E-23   -32366.88520253803
2.4720600072921983E-6     -2.120605357168729E-7    -35104.48103603639
2.537429884510134E-6      -1.0603026785843648E-7   -35002.303056018456
2.602799761728069E-6      4.4143966756353325E-23   -34964.62741374483
2.407704473326528E-6      -1.0603026785843652E-7   -37764.0708001466
2.4730743505444635E-6     5.885862234180444E-23    -37569.42511439447
2.343348939360857E-6      0                        -40657.76464549175
4.420768223108762E-6      -2.534154995207637E-6    4387.278786074207
4.53661457848701E-6       -2.5987525675946807E-6   5363.790184902895
4.652460933865257E-6      -2.6633501399817237E-6   6333.778675136491
4.7683072892435036E-6     -2.7279477123687673E-6   7307.649216945397
4.884153644621752E-6      -2.7925452847558116E-6   8285.40181032949
4.9999999999999996E-6     -2.857142857142855E-6    9251.474998835352
4.53661457848701E-6       -2.455895424737538E-6    5780.016878817184
4.652460933865257E-6      -2.5204929971245813E-6   6738.393822063314
4.768307289243504E-6      -2.585090569511625E-6    7694.865817804879
4.8841536446217516E-6     -2.6496881418986684E-6   8655.485795721475
5.0E-6                    -2.7142857142857127E-6   9620.253755813123
4.652460933865257E-6      -2.3776358542674377E-6   7158.442180246175
4.768307289243506E-6      -2.442233426654482E-6    8105.9568220076535
4.884153644621752E-6      -2.506830999041525E-6    9064.03259966188
4.9999999999999996E-6     -2.5714285714285687E-6   10026.256359491124
4.7683072892435036E-6     -2.2993762837973384E-6   8535.682471421624
4.884153644621752E-6      -2.3639738561843827E-6   9472.579403602285
4.9999999999999996E-6     -2.428571428571426E-6    10432.258963169206
4.884153644621752E-6      -2.22111671332724E-6     9911.737752343659
4.9999999999999996E-6     -2.2857142857142834E-6   10838.261566847252
4.439481508978397E-6      -3.229361317303413E-6    3985.8443906154844
4.551585207182718E-6      -3.297774768128445E-6    4773.349750660153
4.663688905387037E-6      -3.3661882189534752E-6   5556.1421836034115
4.775792603591357E-6      -3.434601669778507E-6    6341.7427726079895
4.887896301795679E-6      -3.503015120603539E-6    7130.151517673787
4.9999999999999996E-6     -3.57142857142857E-6     7904.563962212956
4.551585207182718E-6      -3.154917625271302E-6    5059.684849480552
4.663688905387038E-6      -3.223331076096333E-6    5829.021913086138
4.775792603591358E-6      -3.291744526921364E-6    6595.975042146759
4.8878963017956785E-6     -3.3601579777463952E-6   7365.9505325835125
5.0E-6                    -3.4285714285714277E-6   8138.948384396417
4.663688905387037E-6      -3.080473933239189E-6    6112.922007612418
4.77579260359136E-6       -3.148887384064222E-6    6869.583848022401
4.887896301795679E-6      -3.217300834889253E-6    7637.9303982128295
4.9999999999999996E-6     -3.2857142857142836E-6   8409.299309779391
4.775792603591357E-6      -3.0060302412070775E-6   7165.734739107165
4.887896301795679E-6      -3.0744436920321096E-6   7909.910263842132
4.9999999999999996E-6     -3.1428571428571404E-6   8679.650235162393
4.887896301795679E-6      -2.931586549174967E-6    8218.123043964892
4.9999999999999996E-6     -2.9999999999999984E-6   8950.001160545424
2.0132776436385813E-6     -5.403912267881266E-7    -37545.683344527795
2.0792919027830364E-6     -4.3231298143050126E-7   -38364.719961861425
2.1453061619274907E-6     -3.2423473607287587E-7   -38986.30553895576
2.211320421071946E-6      -2.1615649071525058E-7   -39615.382040342665
2.277334680216402E-6      -1.0807824535762533E-7   -40251.949466022124
1.947541606610781E-6      -4.3231298143050126E-7   -40308.990401470495
2.0135558657552357E-6     -3.242347360728759E-7    -41112.04264558183
2.0795701248996905E-6     -2.1615649071525058E-7   -41817.114302817085
2.1455843840441456E-6     -1.0807824535762526E-7   -42529.806287816486
2.2115986431886016E-6     -2.999773911428064E-23   -43250.11860058012
1.8818055695829794E-6     -3.2423473607287587E-7   -43239.509019121106
1.9478198287274354E-6     -2.1615649071525063E-7   -43965.27083503004
2.01383408787189E-6       -1.0807824535762522E-7   -44667.694381161615
2.079848347016345E-6      4.499660867142096E-23    -45377.73825505726
1.816069532555179E-6      -2.1615649071525058E-7   -46168.07254808331
1.8820837916996345E-6     -1.0807824535762532E-7   -46816.21669513487
1.9480980508440895E-6     4.499660867142096E-23    -47515.99213016273
1.7503334955273789E-6     -1.0807824535762533E-7   -49094.6809883572
1.8163477546718342E-6     5.999547822856128E-23    -49664.88022589633
1.6845974584995782E-6     0                        -52210.36931221854
4.9999999999999996E-6     -4.2857142857142855E-6   7121.799879451944
5.0E-6                    -4.142857142857143E-6    7248.541924937213
4.9999999999999996E-6     -3.999999999999999E-6    7404.145205962212
4.9999999999999996E-6     -3.857142857142856E-6    7559.748486987203
5.0E-6                    -3.7142857142857133E-6   7715.351768012193
4.877630795215882E-6      -4.217918434058047E-6    6357.5944820965615
4.877630795215882E-6      -4.075061291200904E-6    6480.37982131398
4.877630795215882E-6      -3.93220414834376E-6     6637.00338244147
4.877630795215882E-6      -3.7893470054866175E-6   6793.626943568948
4.877630795215884E-6      -3.6464898626294755E-6   6984.733364773755
4.755261590431764E-6      -4.1501225824018064E-6   5579.996790693705
4.7552615904317655E-6     -4.007265439544665E-6    5714.690514045315
4.755261590431765E-6      -3.864408296687521E-6    5872.334355275303
4.755261590431764E-6      -3.7215511538303775E-6   6047.166725730637
4.632892385647646E-6      -4.082326730745568E-6    4804.702252116272
4.632892385647647E-6      -3.939469587888425E-6    4951.474003131231
4.632892385647646E-6      -3.7966124450312817E-6   5109.847296683387
4.51052318086353E-6       -4.01453087908933E-6     4031.7108663642766
4.51052318086353E-6       -3.871673736232187E-6    4172.775077632035
4.388153976079412E-6      -3.9467350274330904E-6   3237.292827769489
4.5520091441072106E-6     -4.550952160714303E-6    4160.594906741379
4.641607315285768E-6      -4.640761728571443E-6    4706.176409424302
4.731205486464326E-6      -4.730571296428582E-6    5243.746861663563
4.820803657642883E-6      -4.82038086428572E-6     5782.348082301169
4.910401828821442E-6      -4.910190432142861E-6    6321.980071337137
4.9999999999999996E-6     -4.999999999999999E-6    6862.64282877141
4.641607315285768E-6      -4.497904585714301E-6    4764.877534402907
4.731205486464327E-6      -4.58771415357144E-6     5292.2624574189085
4.820803657642883E-6      -4.677523721428578E-6    5820.75656852484
4.9104018288214414E-6     -4.767333289285717E-6    6350.385247866249
5.0E-6                    -4.857142857142857E-6    6881.148495443153
4.731205486464326E-6      -4.444857010714296E-6    5356.968287948279
4.820803657642885E-6      -4.534666578571437E-6    5873.613014299231
4.9104018288214414E-6     -4.624476146428574E-6    6402.971032036329
4.9999999999999996E-6     -4.714285714285713E-6    6933.463618008913
4.820803657642883E-6      -4.391809435714292E-6    5949.557366266557
4.9104018288214414E-6     -4.481619003571432E-6    6455.556816206395
4.9999999999999996E-6     -4.57142857142857E-6     6985.778740574648
4.910401828821442E-6      -4.338761860714289E-6    6542.644769357727
4.9999999999999996E-6     -4.428571428571428E-6    7038.093863140386
1.3498246169606325E-6     -5.473570500138455E-7    -45394.332641796944
1.4167791852684217E-6     -4.378856400110764E-7    -46909.13633813454
1.4837337535762105E-6     -3.2841423000830723E-7   -48271.93421466647
1.5506883218839997E-6     -2.1894282000553815E-7   -49641.902900021174
1.6176428901917891E-6     -1.0947141000276913E-7   -51019.04239419858
1.2820141934922361E-6     -4.378856400110764E-7    -48286.338409508055
1.3489687618000254E-6     -3.284142300083073E-7    -49779.75444436675
1.4159233301078146E-6     -2.1894282000553815E-7   -51205.242668507235
1.4828778984156034E-6     -1.0947141000276908E-7   -52637.94958734905
1.549832466723393E-6      -3.038441998081373E-23   -54077.87520089222
1.2142037700238396E-6     -3.2841423000830723E-7   -51284.84006945431
1.2811583383316293E-6     -2.1894282000553823E-7   -52726.098821596155
1.348112906639418E-6      -1.0947141000276902E-7   -54148.07392357708
1.415067474947207E-6      4.5576629971220596E-23   -55577.26772025936
1.1463933465554433E-6     -2.1894282000553815E-7   -54283.358553737344
1.2133479148632327E-6     -1.0947141000276909E-7   -55672.15483505014
1.2803024831710215E-6     4.5576629971220596E-23   -57090.61681487149
1.0785829230870472E-6     -1.0947141000276913E-7   -57281.89386235716
1.1455374913948364E-6     6.076883996162746E-23    -58617.92248472869
1.0107724996186508E-6     0                        -60388.28173230554
4.40811949545806E-6       -4.999999999999998E-6    3191.6773491068475
4.526495596366448E-6      -4.999999999999999E-6    3922.5106955929105
4.6448716972748354E-6     -4.999999999999998E-6    4664.109837201515
4.763247798183223E-6      -4.999999999999997E-6    5406.966482583062
4.881623899091612E-6      -4.999999999999999E-6    6151.080631737734
4.436897425187891E-6      -4.910190432142861E-6    3378.0521726346724
4.555273526096278E-6      -4.910190432142859E-6    4117.082978006669
4.673649627004666E-6      -4.910190432142859E-6    4858.851374557429
4.792025727913054E-6      -4.910190432142859E-6    5601.877274881217
4.465675354917719E-6      -4.82038086428572E-6     3570.2892925263914
4.584051455826108E-6      -4.820380864285722E-6    4311.663235092959
4.702427556734495E-6      -4.820380864285721E-6    5053.60088658591
4.49445328464755E-6       -4.73057129642858E-6     3762.5125506088643
4.6128293855559385E-6     -4.730571296428582E-6    4506.251466851771
4.523231214377381E-6      -4.640761728571442E-6    3954.721946882089
-4.5370872731745574E-6    -4.6005284375068246E-7   12322.187172394015
-4.495364049784092E-6     -3.6804227500054597E-7   12076.187510242762
-4.453640826393627E-6     -2.760317062504094E-7    11619.684289300627
-4.4119176030031625E-6    -1.8402113750027293E-7   11166.5902515331
-4.370194379612698E-6     -9.201056875013652E-8    10716.905396940005
-4.328471156222232E-6     0                        10016.321861394197
-4.629669818539647E-6     -3.6804227500054597E-7   14929.567561946527
-4.5879465951491814E-6    -2.760317062504094E-7    14545.810613728685
-4.546223371758716E-6     -1.8402113750027293E-7   14143.003298908894
-4.50450014836825E-6      -9.201056875013645E-8    13743.720949219205
-4.462776924977786E-6     -2.5538062983814358E-23  13347.963564659469
-4.722252363904734E-6     -2.760317062504094E-7    17496.42867629777
-4.680529140514271E-6     -1.8402113750027298E-7   17056.33340817975
-4.638805917123805E-6     -9.201056875013643E-8    16650.89836108149
-4.5970826937333385E-6    3.830709447572154E-23    16248.988279113357
-4.814834909269823E-6     -1.8402113750027293E-7   20057.985803392796
-4.7731116858793574E-6    -9.201056875013649E-8    19561.161608176888
-4.731388462488892E-6     3.830709447572154E-23    19153.09882880021
-4.907417454634912E-6     -9.201056875013652E-8    22614.238943231918
-4.865694231244447E-6     5.107612596762872E-23    22060.295213719386
-4.9999999999999996E-6    0                        25165.18809581489
-4.629669818539647E-6     -5.108994178576879E-7    13581.423203130806
-4.722252363904734E-6     -4.188888491075514E-7    16216.855805654803
-4.814834909269823E-6     -3.268782803574149E-7    18837.55181568789
-4.907417454634911E-6     -2.348677116072784E-7    21453.334445662775
-5.0E-6                   -1.4285714285714192E-7   24064.20369557975
-4.722252363904734E-6     -5.617459919646933E-7    14937.05489013164
-4.814834909269824E-6     -4.697354232145568E-7    17531.88137727334
-4.907417454634912E-6     -3.777248544644203E-7    20152.701695366424
-4.9999999999999996E-6    -2.8571428571428374E-7   22768.608633401574
-4.814834909269823E-6     -6.125925660716987E-7    16297.498546417017
-4.907417454634912E-6     -5.205819973215623E-7    18852.06894507006
-4.9999999999999996E-6    -4.285714285714256E-7    21473.013571223313
-4.907417454634912E-6     -6.63439140178704E-7     17662.754171986584
-4.9999999999999996E-6    -5.714285714285676E-7    20177.418509044946
-4.9999999999999996E-6    -7.142857142857094E-7    18997.971242889173
-3.973816171459858E-6     -5.144446768425953E-7    1106.379886410847
-3.9099799456282946E-6    -4.1155574147407626E-7   -120.39054030023544
-3.846143719796728E-6     -3.086668061055571E-7    -1585.426346387324
-3.782307493965163E-6     -2.057778707370381E-7    -3045.387145690378
-3.7184712681335996E-6    -1.028889353685191E-7    -4500.272938209503
-3.654635042302034E-6     0                        -6239.980519234418
-4.0447471684123335E-6    -4.1155574147407626E-7   2649.723346465512
-3.980910942580768E-6     -3.086668061055572E-7    1436.372342864779
-3.9170747167492035E-6    -2.0577787073703808E-7   77.67240897537704
-3.853238490917638E-6     -1.0288893536851904E-7   -1275.6753401032765
-3.789402265086075E-6     -2.855741625632487E-23   -2623.670904371109
-4.115678165364807E-6     -3.086668061055571E-7    4446.413181843801
-4.051841939533244E-6     -2.0577787073703813E-7   3122.7750826822958
-3.9880057137016775E-6    -1.02888935368519E-7     1763.9990771418961
-3.9241694878701125E-6    4.2836124384487304E-23   410.5752564123395
-4.1866091623172815E-6    -2.057778707370381E-7    6236.934310787684
-4.122772936485717E-6     -1.0288893536851905E-7   4802.738893450056
-4.058936710654152E-6     4.2836124384487304E-23   3443.886816258535
-4.257540159269757E-6     -1.028889353685191E-7    8021.2867332970545
-4.193703933438193E-6     5.711483251264974E-23    6476.263775167732
-3.3231183365715584E-6    -5.395892127862042E-7    -11631.977782947002
-3.256889868313007E-6     -4.316713702289633E-7    -13457.16154452267
-3.190661400054453E-6     -3.2375352767172244E-7   -15542.469411215994
-3.1244329317959008E-6    -2.158356851144816E-7    -17623.55314041482
-3.0582044635373496E-6    -1.0791784255724087E-7   -19700.4127321191
-2.991975995278797E-6     0                        -22060.05044105348
-3.389421677717654E-6     -4.316713702289633E-7    -10796.47606779229
-3.3231932094591016E-6    -3.237535276717225E-7    -12626.24508084966
-3.2569647412005484E-6    -2.158356851144816E-7    -14602.998129293188
-3.190736272941996E-6     -1.079178425572408E-7    -16575.201089559578
-3.1245078046834445E-6    -2.995321839373033E-23   -18542.85396164871
-3.455725018863749E-6     -3.2375352767172244E-7   -9719.85741871547
-3.3894965506051973E-6    -2.1583568511448166E-7   -11658.258385205732
-3.323268082346644E-6     -1.0791784255724076E-7   -13633.798920706566
-3.257039614088091E-6     4.4929827590595504E-23   -15604.789368030215
-3.5220283600098432E-6    -2.158356851144816E-7    -8649.996015358834
-3.4557998917512917E-6    -1.0791784255724084E-7   -10697.259838960028
-3.3895714234927385E-6    4.4929827590595504E-23   -12671.587861518168
-3.5883317011559393E-6    -1.0791784255724087E-7   -7586.89185772226
-3.522103232897387E-6     5.990643678746068E-23    -9743.24944211273
6.86422113701916E-7       -5.529976196561775E-7    -50102.3741302815
7.512921908852632E-7      -4.42398095724942E-7     -52235.71218548124
8.161622680686099E-7      -3.3179857179370645E-7   -54293.65945747018
8.810323452519569E-7      -2.2119904786247095E-7   -56357.49488947676
9.459024224353039E-7      -1.1059952393123553E-7   -58427.21848150098
6.165225242694437E-7      -4.42398095724942E-7     -52904.93613981698
6.813926014527907E-7      -3.3179857179370645E-7   -55016.69531209868
7.462626786361376E-7      -2.2119904786247095E-7   -57103.12477896512
8.111327558194844E-7      -1.1059952393123546E-7   -59195.39293604024
8.760028330028317E-7      -3.069753449525966E-23   -61293.49978332404
5.466229348369711E-7      -3.3179857179370645E-7   -55734.13749125926
6.114930120203183E-7      -2.2119904786247098E-7   -57828.2631402348
6.763630892036652E-7      -1.1059952393123542E-7   -59910.65448947132
7.412331663870119E-7      4.6046301742889497E-23   -61998.884528916475
4.767233454044987E-7      -2.2119904786247095E-7   -58565.51249548945
5.415934225878458E-7      -1.1059952393123547E-7   -60641.75421145991
6.064634997711926E-7      4.6046301742889497E-23   -62720.1074430665
4.068237559720264E-7      -1.1059952393123553E-7   -61399.061152507544
4.716938331553734E-7      6.139506899051933E-23    -63457.168525774054
3.3692416653955395E-7     0                        -64248.82620461128
-2.3433489393608206E-6    0                        -36382.461148068935
-2.473074350544416E-6     0                        -33197.42920858709
-2.602799761728011E-6     0                        -30544.34560223147
-2.732525172911606E-6     0                        -27899.422023765404
-2.862250584095202E-6     0                        -25262.658473189196
-2.40553636684318E-6      -1.1077545934702965E-7   -33628.97549763539
-2.535261778026775E-6     -1.1077545934702962E-7   -30815.672676400733
-2.6649871892103703E-6    -1.1077545934702962E-7   -28161.381905049555
-2.794712600393965E-6     -1.1077545934702959E-7   -25515.251161587945
-2.924438011577561E-6     -1.1077545934702965E-7   -22700.16932317311
-2.4677237943255383E-6    -2.2155091869405918E-7   -31149.60347093396
-2.597449205509134E-6     -2.215509186940593E-7    -28430.883572832267
-2.7271746166927287E-6    -2.2155091869405924E-7   -25775.38563648554
-2.8569000278763237E-6    -2.2155091869405918E-7   -23060.512756885422
-2.5299112218078975E-6    -3.323263780410887E-7    -28667.51087282131
-2.6596366329914934E-6    -3.323263780410888E-7    -26043.061897881547
-2.789362044175088E-6     -3.323263780410887E-7    -23428.2151415306
-2.5920986492902577E-6    -4.4310183738811837E-7   -26182.69770329738
-2.7218240604738526E-6    -4.431018373881185E-7    -23803.276477108502
-2.654286076772616E-6     -5.53877296735148E-7     -23938.126153332396
-1.988559972518687E-6     -5.542919796608779E-7    -34792.182170546126
-1.9277674697148632E-6    -4.4343358372870236E-7   -37366.4269222649
-1.8669749669110391E-6    -3.325751877965267E-7    -40152.47284414814
-1.8061824641072154E-6    -2.217167918643511E-7    -42937.43211564202
-1.7453899613033921E-6    -1.1085839593217562E-7   -45721.30473674655
-1.684597458499568E-6     0                        -48745.201584495924
-2.059517765887114E-6     -4.4343358372870236E-7   -35331.87291242348
-1.9987252630832903E-6    -3.325751877965268E-7    -37897.87207197691
-1.937932760279466E-6     -2.217167918643511E-7    -40599.83928355977
-1.877140257475642E-6     -1.1085839593217554E-7   -43300.42469528948
-1.8163477546718192E-6    -3.076938590922828E-23   -45999.62830716606
-2.1304755592555402E-6    -3.325751877965267E-7    -35648.44834906585
-2.0696830564517174E-6    -2.2171679186435118E-7   -38318.99798484732
-2.008890553647893E-6     -1.1085839593217551E-7   -41018.42125847645
-1.9480980508440687E-6    4.615407886384242E-23    -43716.46273225246
-2.201433352623967E-6     -2.217167918643511E-7    -35972.72055932396
-2.1406408498201436E-6    -1.1085839593217559E-7   -38747.9450768041
-2.0798483470163195E-6    4.615407886384242E-23    -41444.82441247946
-2.2723911459923944E-6    -1.1085839593217562E-7   -36304.68954319776
-2.2115986431885703E-6    6.153877181845656E-23    -39184.713347847275
1.9327295309199223E-8     -5.562322990551491E-7    -51371.56776081163
8.284666955527019E-8      -4.449858392441193E-7    -53939.17450184412
1.463660438013411E-7      -3.3373937943308937E-7   -56514.94612579357
2.0988541804741202E-7     -2.224929196220596E-7    -59095.04181986894
2.73404792293483E-7       -1.1124645981102985E-7   -61679.46158407019
-5.1922997060549254E-8    -4.449858392441193E-7    -53846.18011629974
1.1596377185521727E-8     -3.337393794330894E-7    -56393.009290805654
7.511575143159267E-8      -2.2249291962205957E-7   -58962.66716631626
1.386351256776636E-7      -1.1124645981102977E-7   -61536.510224617385
2.0215449992373457E-7     -3.0877095272560604E-23  -64114.53846570905
-1.2317328943029764E-7    -3.3373937943308937E-7   -56266.39688196324
-5.965391518422672E-8     -2.2249291962205962E-7   -58833.587794611674
3.8654590618442405E-9     -1.1124645981102975E-7   -61399.08060682993
6.738483330791518E-8      4.6315642908840915E-23   -63968.758601838694
-1.9442358180004605E-7    -2.224929196220596E-7    -58690.8604390178
-1.3090420755397514E-7    -1.1124645981102982E-7   -61278.24434866985
-6.738483330790417E-8     4.6315642908840915E-23   -63839.57209759578
-2.656738741697945E-7     -1.1124645981102985E-7   -61119.570787463446
-2.021544999237236E-7     6.175419054512122E-23    -63726.978952980346
-3.3692416653954294E-7    0                        -63473.29155721187
-1.3220085713729756E-6    -5.556928306252786E-7    -43386.17896492223
-1.2597613570221085E-6    -4.4455426450022293E-7   -46173.20909915108
-1.1975141426712408E-6    -3.3341569837516713E-7   -49122.50780979595
-1.1352669283203737E-6    -2.2227713225011141E-7   -52072.5463859203
-1.0730197139695067E-6    -1.1113856612505577E-7   -55023.32482752412
-1.0107724996186394E-6    0                        -58143.46552400029
-1.3945263487982943E-6    -4.4455426450022293E-7   -44643.79545384993
-1.332279134447427E-6     -3.3341569837516713E-7   -47418.94091874147
-1.2700319200965595E-6    -2.222771322501114E-7    -50302.63346526002
-1.2077847057456922E-6    -1.111385661250557E-7    -53186.795317603755
-1.1455374913948254E-6    -3.084714875896558E-23   -56071.42647577275
-1.4670441262236123E-6    -3.3341569837516713E-7   -45714.59737398356
-1.4047969118727455E-6    -2.2227713225011147E-7   -48577.49596746102
-1.342549697521878E-6     -1.1113856612505567E-7   -51457.77876355243
-1.2803024831710105E-6    4.627072313844838E-23    -54338.530865469045
-1.539561903648931E-6     -2.2227713225011141E-7   -46792.67240640873
-1.4773146892980642E-6    -1.1113856612505572E-7   -49743.358760168776
-1.4150674749471965E-6    4.627072313844838E-23    -52620.23180583304
-1.6120796810742497E-6    -1.1113856612505577E-7   -47878.020551125475
-1.5498324667233824E-6    6.169429751793117E-23    -50916.52929686483
-6.513642499543909E-7     -5.568860128586984E-7    -49076.30055459719
-5.884762332714214E-7     -4.455088102869587E-7    -51864.77732201445
-5.255882165884517E-7     -3.3413160771521894E-7   -54743.31108806143
-4.627001999054821E-7     -2.2275440514347928E-7   -57624.43408171162
-3.9981218322251265E-7    -1.1137720257173972E-7   -60508.14630296504
-7.232458998872408E-7     -4.455088102869587E-7    -51016.690532973065
-6.603578832042712E-7     -3.34131607715219E-7     -53787.87775255586
-5.974698665213015E-7     -2.2275440514347933E-7   -56628.09976016624
-5.345818498383319E-7     -1.1137720257173963E-7   -59470.6962037151
-4.716938331553624E-7     -3.091338367837139E-23   -62315.66708320254
-7.951275498200903E-7     -3.3413160771521894E-7   -52829.98573183303
-7.32239533137121E-7      -2.2275440514347936E-7   -55657.74461727693
-6.693515164541512E-7     -1.1137720257173961E-7   -58494.0252730998
-6.064634997711814E-7     4.637007551755709E-23    -61332.68036486118
-8.6700919975294E-7       -2.2275440514347928E-7   -54649.25887056224
-8.041211830699705E-7     -1.1137720257173967E-7   -57533.519357975936
-7.412331663870007E-7     4.637007551755709E-23    -60365.85866201132
-9.388908496857899E-7     -1.1137720257173972E-7   -56474.50994916068
-8.760028330028203E-7     6.182676735674279E-23    -59415.20197465293
3.8031762440844383E-6     -4.999999999999998E-6    -653.485311213563
3.924164894359163E-6      -4.9999999999999996E-6   112.38510063261651
4.045153544633886E-6      -4.999999999999998E-6    884.3617906224815
4.166142194908611E-6      -4.999999999999997E-6    1656.8614480891777
4.287130845183336E-6      -4.999999999999998E-6    2429.884073032746
3.852564259195364E-6      -4.898985194450868E-6    -347.5290458790049
3.973552909470088E-6      -4.898985194450868E-6    423.92721905849925
4.094541559744811E-6      -4.8989851944508675E-6   1195.9367555106328
4.215530210019537E-6      -4.8989851944508675E-6   1968.4692594396115
4.336518860294262E-6      -4.898985194450869E-6    2738.2848641388255
3.9019522743062875E-6     -4.797970388901737E-6    -38.48677123289708
4.022940924581014E-6      -4.797970388901738E-6    735.4090113710176
4.143929574855737E-6      -4.797970388901737E-6    1507.4513942854255
4.26491822513046E-6       -4.797970388901737E-6    2280.606777053379
3.951340289417213E-6      -4.696955583352607E-6    270.44390277377056
4.072328939691938E-6      -4.6969555833526075E-6   1046.8304775701693
4.1933175899666614E-6     -4.696955583352607E-6    1823.3972335252279
4.00072830452814E-6       -4.595940777803478E-6    579.2629761409862
4.121716954802864E-6      -4.595940777803478E-6    1366.656233554368
4.050116319639065E-6      -4.494925972254347E-6    898.7094982459097
-4.9999999999999996E-6    -1.4285714285714244E-6   14268.346022540065
-4.8768658908978824E-6    -1.3582690057021995E-6   12888.187153701178
-4.7537317817957645E-6    -1.287966582832974E-6    11483.401158690049
-4.630597672693647E-6     -1.217664159963749E-6    10084.936064755413
-4.50746356359153E-6      -1.1473617370945245E-6   8692.791871897396
-4.384329454489412E-6     -1.0770593142252992E-6   7210.6661305705475
-5.0E-6                   -1.2857142857142814E-6   15130.163196926791
-4.8768658908978824E-6    -1.2154118628450565E-6   13765.772816050467
-4.753731781795765E-6     -1.1451094399758312E-6   12408.178212980292
-4.6305976726936465E-6    -1.074807017106606E-6    11057.37938771652
-4.50746356359153E-6      -1.0045045942373814E-6   9570.06008225514
-4.9999999999999996E-6    -1.1428571428571381E-6   16079.68994644169
-4.876865890897884E-6     -1.0725547199879137E-6   14720.232809701714
-4.753731781795765E-6     -1.0022522971186884E-6   13367.571450768048
-4.630597672693647E-6     -9.319498742494631E-7    11946.681939624019
-4.9999999999999996E-6    -9.999999999999953E-7    17029.216695956628
-4.876865890897883E-6     -9.296975771307705E-7    15674.692803353011
-4.753731781795764E-6     -8.593951542615451E-7    14319.88673518787
-5.0E-6                   -8.571428571428526E-7    17978.743445471562
-4.876865890897883E-6     -7.868404342736274E-7    16689.674468946665
3.427804953628732E-6      -4.481139206029812E-6    -3105.2707651174837
3.370240790035537E-6      -4.5849113648238506E-6   -3440.1013375550956
3.3126766264423415E-6     -4.688683523617886E-6    -3760.8047687458975
3.255112462849147E-6      -4.7924556824119225E-6   -4081.8324109819396
3.1975482992559525E-6     -4.8962278412059615E-6   -4403.184264263231
3.1399841356627573E-6     -4.999999999999998E-6    -4723.232621757747
3.5028792117198734E-6     -4.5849113648238506E-6   -2606.783141186351
3.4453150481266787E-6     -4.688683523617887E-6    -2939.396471145228
3.387750884533484E-6      -4.792455682411925E-6    -3262.3431280867085
3.3301867209402883E-6     -4.89622784120596E-6     -3585.5494086359877
3.2726225573470936E-6     -4.9999999999999996E-6   -3909.0153127930876
3.5779534698110145E-6     -4.688683523617886E-6    -2118.0507694223124
3.5203893062178206E-6     -4.792455682411925E-6    -2447.0127542641667
3.462825142624624E-6      -4.8962278412059615E-6   -2769.8288743033527
3.4052609790314286E-6     -4.999999999999998E-6    -3092.904617950344
3.6530277279021556E-6     -4.7924556824119225E-6   -1629.1250646165981
3.595463564308961E-6      -4.8962278412059615E-6   -1954.5279329522823
3.5378994007157653E-6     -4.999999999999997E-6    -2277.2135160891767
3.7281019859932976E-6     -4.8962278412059615E-6   -1140.0060267692143
3.670537822400102E-6      -4.999999999999999E-6    -1461.9420072095895
-4.4228331919418355E-6    -1.8248618792583336E-6   5739.764469387669
-4.538266553553468E-6     -1.745603789120952E-6    7482.4549107583225
-4.6536999151651E-6       -1.6663456989835696E-6   9193.94164721172
-4.769133276776733E-6     -1.5870876088461878E-6   10902.728209253764
-4.884566638388367E-6     -1.5078295187088064E-6   12608.814596884598
-4.538266553553468E-6     -1.8884609319780948E-6   6771.593739435938
-4.6536999151651E-6       -1.8092028418407132E-6   8475.298618944485
-4.769133276776733E-6     -1.7299447517033312E-6   10159.128656910236
-4.884566638388366E-6     -1.6506866615659488E-6   11840.577997020708
-5.0E-6                   -1.5714285714285676E-6   13519.646639275801
-4.6536999151651E-6       -1.9520599846978552E-6   7788.918797253548
-4.769133276776734E-6     -1.8728018945604743E-6   9465.719993192244
-4.884566638388367E-6     -1.7935438044230923E-6   11150.472000778384
-4.9999999999999996E-6    -1.71428571428571E-6     12832.843310509192
-4.769133276776733E-6     -2.0156590374176165E-6   8810.164540084315
-4.884566638388367E-6     -1.9364009472802353E-6   10460.366004536078
-4.9999999999999996E-6    -1.8571428571428529E-6   12146.039981742553
-4.884566638388367E-6     -2.0792580901373785E-6   9835.330967928143
-4.9999999999999996E-6    -1.999999999999997E-6    11459.236652975951
-4.9999999999999996E-6    -2.1428571428571393E-6   10843.642662937431
2.7667544945422576E-6     -4.463883589650026E-6    -7077.353753897325
2.7019317962711035E-6     -4.571106871720021E-6    -7383.356921547782
2.637109097999948E-6      -4.678330153790014E-6    -7676.508071505239
2.572286399728793E-6      -4.785553435860008E-6    -7970.284609646627
2.5074637014576393E-6     -4.892776717930004E-6    -8264.68653597199
2.4426410031864844E-6     -4.999999999999998E-6    -8557.89580970723
2.8414004227663578E-6     -4.571106871720021E-6    -6596.675472861476
2.7765777244952033E-6     -4.678330153790015E-6    -6901.765178773385
2.711755026224048E-6      -4.785553435860009E-6    -7197.1474531132335
2.646932327952893E-6      -4.8927767179300025E-6   -7493.0845725037325
2.5821096296817395E-6     -4.9999999999999996E-6   -7789.576536944965
2.9160463509904567E-6     -4.678330153790014E-6    -6127.804759814033
2.851223652719303E-6      -4.7855534358600105E-6   -6429.239884699546
2.7864009544481478E-6     -4.892776717930004E-6    -6724.198153749687
2.7215782561769933E-6     -4.999999999999998E-6    -7019.7112678504855
2.990692279214557E-6      -4.785553435860008E-6    -5659.081298709278
2.9258695809434033E-6     -4.892776717930004E-6    -5956.955359583382
2.861046882672248E-6      -4.999999999999997E-6    -6251.48962334381
3.0653382074386575E-6     -4.892776717930004E-6    -5190.505089547247
3.000515509167503E-6      -4.999999999999999E-6    -5484.911603424904
-4.435499033408164E-6     -2.51247794466801E-6     4533.6044723111445
-4.548399226726532E-6     -2.4385537843058364E-6   5828.898589076665
-4.6612994200448984E-6    -2.3646296239436614E-6   7093.904522419961
-4.7741996133632655E-6    -2.2907054635814877E-6   8357.297957405202
-4.887099806681633E-6     -2.216781303219314E-6    9619.078894032376
-4.548399226726532E-6     -2.581410927162979E-6    5335.905717163661
-4.6612994200448984E-6    -2.507486766800805E-6    6600.835838997335
-4.7741996133632655E-6    -2.433562606438631E-6    7842.482153068153
-4.887099806681632E-6     -2.3596384460764567E-6   9082.735300991291
-5.0E-6                   -2.2857142857142826E-6   10321.59528276675
-4.6612994200448984E-6    -2.6503439096579474E-6   6117.900246497807
-4.774199613363266E-6     -2.576419749295774E-6    7357.475059298414
-4.8870998066816325E-6    -2.5024955889336E-6      8599.983481868767
-4.9999999999999996E-6    -2.4285714285714254E-6   9841.098738291408
-4.7741996133632655E-6    -2.7192768921529165E-6   6902.782037164285
-4.8870998066816325E-6    -2.645352731790743E-6    8117.231662746224
-4.9999999999999996E-6    -2.5714285714285687E-6   9360.602193816072
-4.887099806681633E-6     -2.788209874647886E-6    7690.551089163114
-4.9999999999999996E-6    -2.714285714285712E-6    8880.105649340705
-4.9999999999999996E-6    -2.8571428571428547E-6   8459.035367614766
2.080779750030553E-6      -4.4536801237554655E-6   -10612.16427886069
2.013572514765369E-6      -4.562944099004372E-6    -10830.423393554604
1.9463652795001844E-6     -4.672208074253278E-6    -11039.596859073366
1.879158044235E-6         -4.781472049502184E-6    -11249.639599929556
1.8119508089698168E-6     -4.890736024751093E-6    -11460.551616123175
1.7447435737046323E-6     -4.999999999999998E-6    -11671.73414087895
2.1531520006617398E-6     -4.562944099004372E-6    -10190.806944402084
2.0859447653965557E-6     -4.672208074253279E-6    -10409.668727386528
2.018737530131371E-6      -4.781472049502184E-6    -10620.496617814053
1.9515302948661868E-6     -4.890736024751091E-6    -10832.133838213933
1.884323059601003E-6      -4.9999999999999996E-6   -11044.580388586157
2.2255242512929253E-6     -4.672208074253278E-6    -9781.499702623438
2.158317016027742E-6      -4.781472049502186E-6    -9996.831883883675
2.091109780762557E-6      -4.890736024751092E-6    -10206.974995567258
2.023902545497373E-6      -4.999999999999998E-6    -10417.927437223207
2.2978965019241116E-6     -4.781472049502184E-6    -9372.646297838091
2.230689266658928E-6      -4.890736024751091E-6    -9584.53134375806
2.163482031393743E-6      -4.999999999999997E-6    -9793.989676697704
2.3702687525552984E-6     -4.890736024751093E-6    -8964.246730046036
2.303061517290114E-6      -4.999999999999999E-6    -9172.767107009695
-4.4508174905885265E-6    -3.197416434563954E-6    3693.2610387648333
-4.560653992470821E-6     -3.1293617190797344E-6   4678.610853060249
-4.670490494353115E-6     -3.061307003595514E-6    5632.39972137106
-4.780326996235409E-6     -2.993252288111294E-6    6585.352285129552
-4.890163498117706E-6     -2.925197572627075E-6    7537.468544335696
-4.560653992470821E-6     -3.272218861936877E-6    4347.012414905774
-4.670490494353115E-6     -3.2041641464526573E-6   5310.931266012832
-4.78032699623541E-6      -3.1361094309684374E-6   6240.338693920339
-4.890163498117704E-6     -3.068054715484217E-6    7169.072320821991
-5.0E-6                   -2.999999999999998E-6    8097.1321467178
-4.670490494353115E-6     -3.3470212893097997E-6   4981.697738935726
-4.7803269962354115E-6    -3.278966573825581E-6    5919.8868058001735
-4.890163498117704E-6     -3.21091185834136E-6     6850.066801192936
-4.9999999999999996E-6    -3.14285714285714E-6     7779.572995579906
-4.780326996235409E-6     -3.421823716682723E-6    5618.405515950331
-4.890163498117704E-6     -3.3537690011985035E-6   6531.061281563885
-4.9999999999999996E-6    -3.285714285714283E-6    7462.013844441989
-4.890163498117706E-6     -3.4966261440556468E-6   6257.135745949552
-4.9999999999999996E-6    -3.428571428571427E-6    7144.45469330407
-4.9999999999999996E-6    -3.5714285714285697E-6   6878.93405358562
-4.9999999999999996E-6    -4.285714285714285E-6    5964.67634501217
-4.8766972399286514E-6    -4.220929660622711E-6    5309.55913241873
-4.7533944798573025E-6    -4.156145035531137E-6    4637.240717251076
-4.630091719785954E-6     -4.091360410439564E-6    3966.3014704135794
-4.506788959714607E-6     -4.026575785347992E-6    3296.7413919062483
-4.383486199643259E-6     -3.961791160256419E-6    2600.92030658461
-5.0E-6                   -4.142857142857142E-6    6112.780977553992
-4.8766972399286514E-6    -4.078072517765568E-6    5454.613927700042
-4.753394479857303E-6     -4.013287892673995E-6    4797.976198329214
-4.630091719785954E-6     -3.948503267582421E-6    4142.867789441541
-4.506788959714607E-6     -3.88371864249085E-6     3463.299566195049
-4.9999999999999996E-6    -3.999999999999998E-6    6294.842058887965
-4.876697239928652E-6     -3.935215374908426E-6    5637.5945132205225
-4.753394479857303E-6     -3.870430749816851E-6    4981.87628803623
-4.630091719785954E-6     -3.8056461247252784E-6   4324.445582345821
-4.9999999999999996E-6    -3.857142857142855E-6    6476.903140221933
-4.876697239928652E-6     -3.7923582320512823E-6   5820.575098741008
-4.753394479857302E-6     -3.7275736069597085E-6   5185.103211579473
-5.0E-6                   -3.7142857142857133E-6   6658.964221555918
-4.876697239928652E-6     -3.6495010891941395E-6   6045.272453895983
-4.55143527508709E-6      -4.559700947780778E-6    3330.6232106419893
-4.641148220069672E-6     -4.50490361536748E-6     3872.664784457305
-4.730861165052253E-6     -4.45010628295418E-6     4399.767882779324
-4.820574110034835E-6     -4.395308950540882E-6    4926.967213045147
-4.910287055017418E-6     -4.340511618127584E-6    5454.2627752547805
-4.641148220069672E-6     -4.647760758224622E-6    3804.0999716672304
-4.730861165052255E-6     -4.592963425811324E-6    4323.894541338981
-4.8205741100348355E-6    -4.538166093398025E-6    4837.1414639863
-4.910287055017417E-6     -4.483368760984725E-6    5350.572718370389
-5.0E-6                   -4.4285714285714274E-6   5864.188304491239
-4.730861165052253E-6     -4.735820568668465E-6    4264.810731532134
-4.820574110034836E-6     -4.681023236255169E-6    4773.33705517543
-4.910287055017418E-6     -4.626225903841869E-6    5287.006864608851
-4.9999999999999996E-6    -4.571428571428569E-6    5800.861005779056
-4.820574110034835E-6     -4.8238803791123095E-6   4726.090060406349
-4.910287055017418E-6     -4.769083046699012E-6    5223.44101084734
-4.9999999999999996E-6    -4.714285714285711E-6    5737.533707066878
-4.910287055017418E-6     -4.911940189556155E-6    5187.937958289878
-4.9999999999999996E-6    -4.857142857142856E-6    5674.2064083547075
-4.9999999999999996E-6    -4.999999999999999E-6    5650.3544251827125
1.3805594137282664E-6     -4.449095216572257E-6    -13350.847660839943
1.3138167598271691E-6     -4.559276173257806E-6    -13450.999761402509
1.2470741059260718E-6     -4.669457129943352E-6    -13548.161338081965
1.1803314520249745E-6     -4.7796380866289E-6      -13646.312216415403
1.1135887981238776E-6     -4.88981904331445E-6     -13745.452396402838
1.0468461442227802E-6     -4.999999999999998E-6    -13847.784187636682
1.4533962457235397E-6     -4.559276173257806E-6    -13007.381121666796
1.3866535918224424E-6     -4.669457129943354E-6    -13108.760491488116
1.319910937921345E-6      -4.779638086628902E-6    -13205.828434448546
1.2531682840202478E-6     -4.889819043314448E-6    -13303.845721563983
1.1864256301191508E-6     -4.9999999999999996E-6   -13402.812352834399
1.5262330777188124E-6     -4.669457129943352E-6    -12672.057411114936
1.4594904238177155E-6     -4.779638086628903E-6    -12771.101697289741
1.3927477699166182E-6     -4.88981904331445E-6     -12867.273880351326
1.3260051160155208E-6     -4.999999999999998E-6    -12964.395407567863
1.5990699097140857E-6     -4.7796380866289E-6      -12337.490478307365
1.5323272558129888E-6     -4.88981904331445E-6     -12434.267378398677
1.4655846019118913E-6     -4.999999999999997E-6    -12529.543801561373
1.6719067417093594E-6     -4.88981904331445E-6     -12003.680323244098
1.6051640878082619E-6     -4.999999999999999E-6    -12098.257534814937
-4.408119495458056E-6     -4.999999999999998E-6    2440.202303059637
-4.436782651383863E-6     -4.9119401895561546E-6   2609.9761899982063
-4.46544580730967E-6      -4.8238803791123095E-6   2786.853727744447
-4.494108963235476E-6     -4.735820568668465E-6    2963.688125695382
-4.522772119161283E-6     -4.647760758224623E-6    3140.4793838510013
-4.526495596366445E-6     -4.999999999999999E-6    3080.4285259381218
-4.555158752292252E-6     -4.911940189556154E-6    3259.700591557177
-4.583821908218058E-6     -4.8238803791123095E-6   3438.9478579248407
-4.612485064143864E-6     -4.735820568668465E-6    3618.170325041103
-4.644871697274834E-6     -4.999999999999998E-6    3731.99093681317
-4.673534853200641E-6     -4.911940189556155E-6    3911.2753856553277
-4.702198009126447E-6     -4.82388037911231E-6     4090.535035246104
-4.763247798183221E-6     -4.999999999999997E-6    4384.078609568958
-4.79191095410903E-6      -4.911940189556154E-6    4563.375441634231
-4.881623899091611E-6     -4.999999999999999E-6    5036.691544205576
6.772727703889023E-7      -4.445983277759178E-6    -15030.306665345675
6.116079592593078E-7      -4.556786622207344E-6    -15006.704322882822
5.459431481297129E-7      -4.6675899666555055E-6   -14987.042342558625
4.802783370001183E-7      -4.778393311103669E-6    -14968.39014041403
4.1461352587052377E-7     -4.889196655551835E-6    -14950.747716449043
3.48948714740929E-7       -4.999999999999998E-6    -14938.538913729173
7.51187445155678E-7       -4.556786622207344E-6    -14790.762372320516
6.855226340260834E-7      -4.667589966655508E-6    -14768.881345676644
6.198578228964885E-7      -4.778393311103671E-6    -14747.336411380773
5.541930117668939E-7      -4.8891966555518335E-6   -14726.78418246983
4.885282006372994E-7      -4.9999999999999996E-6   -14707.224658943886
8.251021199224534E-7      -4.6675899666555055E-6   -14553.854128656967
7.59437308792859E-7       -4.778393311103672E-6    -14531.431180176634
6.937724976632641E-7      -4.889196655551835E-6    -14508.851419140596
6.281076865336693E-7      -4.999999999999998E-6    -14487.264363489518
8.99016794689229E-7       -4.778393311103669E-6    -14317.970812511452
8.333519835596345E-7      -4.889196655551834E-6    -14295.052877427193
7.676871724300396E-7      -4.999999999999997E-6    -14271.438289651012
9.729314694560048E-7      -4.889196655551835E-6    -14083.112423883998
9.072666583264101E-7      -4.999999999999999E-6    -14059.746437428395
-4.045779380471439E-6     -4.529614446408418E-6    396.9296571713485
-4.118247403468762E-6     -4.623691557126734E-6    817.4853441310032
-4.190715426466086E-6     -4.717768667845049E-6    1224.2625394181778
-4.263183449463409E-6     -4.811845778563364E-6    1631.208674844995
-4.335651472460733E-6     -4.905922889281682E-6    2038.323750411443
-3.997258753194038E-6     -4.623691557126734E-6    106.19923123697674
-4.069726776191361E-6     -4.71776866784505E-6     524.1453802794634
-4.142194799188684E-6     -4.811845778563366E-6    935.21600704273
-4.214662822186006E-6     -4.905922889281682E-6    1346.393037142735
-4.287130845183333E-6     -4.9999999999999996E-6   1757.6764705794844
-3.948738125916635E-6     -4.717768667845049E-6    -177.15225302038274
-4.02120614891396E-6      -4.811845778563368E-6    238.3055875911559
-4.093674171911283E-6     -4.905922889281682E-6    649.4441128304916
-4.166142194908606E-6     -4.999999999999998E-6    1060.6890414065667
-3.900217498639234E-6     -4.811845778563364E-6    -460.68576788204075
-3.972685521636558E-6     -4.905922889281682E-6    -47.67282696856199
-4.04515354463388E-6      -4.999999999999997E-6    363.5335967468433
-3.851696871361834E-6     -4.905922889281682E-6    -744.4013133480069
-3.924164894359157E-6     -4.999999999999999E-6    -333.78986339968947
-3.8031762440844315E-6    -4.999999999999998E-6    -1024.0168801796915
-1.8392521632935266E-8    -4.443284280320964E-6    -15529.435814847884
-8.450376025453285E-8     -4.554627424256771E-6    -15391.097681167073
-1.506149988761304E-7     -4.665970568192576E-6    -15260.931706929998
-2.1672623749772796E-7    -4.777313712128383E-6    -15131.761659175067
-2.828374761193255E-7     -4.888656856064191E-6    -15003.587537902295
-3.4894871474092307E-7    -4.999999999999998E-6    -14882.207186003072
5.50757256418376E-8       -4.554627424256771E-6    -15411.441437949508
-1.1035512979759983E-8    -4.665970568192578E-6    -15274.95373802029
-7.714675160135755E-8     -4.7773137121283845E-6   -15141.817774473679
-1.4325799022295507E-7    -4.8886568560641895E-6   -15009.683523480016
-2.0936922884455266E-7    -4.9999999999999996E-6   -14878.550985039277
1.2854397291661045E-7     -4.665970568192576E-6    -15292.359115054216
6.243273429501288E-8      -4.777313712128385E-6    -15156.642632906605
-3.6785043265846934E-9    -4.888656856064191E-6    -15022.412838277982
-6.978974294818223E-8     -4.999999999999998E-6    -14889.184756202241
2.0201222019138328E-7     -4.777313712128383E-6    -15174.44956486198
1.3590098156978573E-7     -4.888656856064191E-6    -15039.525574770767
6.978974294818816E-8      -4.999999999999997E-6    -14904.201949060072
2.7548046746615614E-7     -4.888656856064191E-6    -15057.712787372813
2.0936922884455864E-7     -4.999999999999999E-6    -14923.602563612789
-3.4176498722947333E-6    -4.462670064608568E-6    -3301.567280820913
-3.4947551466526737E-6    -4.570136051686856E-6    -2839.478268009496
-3.571860421010612E-6     -4.67760203876514E-6     -2384.578528424474
-3.648965695368552E-6     -4.785068025843425E-6    -1929.7630123533845
-3.7260709697264924E-6    -4.892534012921712E-6    -1475.0317197962388
-3.362116724968338E-6     -4.570136051686856E-6    -3615.0417993865967
-3.4392219993262783E-6    -4.67760203876514E-6     -3147.1525044354194
-3.5163272736842174E-6    -4.785068025843426E-6    -2687.85086870914
-3.5934325480421565E-6    -4.892534012921712E-6    -2228.7168474146015
-3.6705378224000973E-6    -4.9999999999999996E-6   -1769.7504405517932
-3.3065835776419416E-6    -4.67760203876514E-6     -3909.6761103751146
-3.3836888519998824E-6    -4.785068025843428E-6    -3444.2433795610573
-3.4607941263578215E-6    -4.892534012921712E-6    -2984.633123345843
-3.5378994007157615E-6    -4.999999999999998E-6    -2525.190481562364
-3.2510504303155465E-6    -4.785068025843425E-6    -4204.723324806873
-3.3281557046734873E-6    -4.892534012921712E-6    -3741.6918614383903
-3.4052609790314264E-6    -4.999999999999997E-6    -3281.7729847342343
-3.1955172829891523E-6    -4.892534012921712E-6    -4500.183442681884
-3.272622557347092E-6     -4.999999999999999E-6    -4039.49795006742
-3.1399841356627564E-6    -4.999999999999998E-6    -4792.492171392237
-7.16569247030967E-7      -4.439735561345E-6       -14847.710795809566
-7.826246264693288E-7     -4.551788449075999E-6    -14605.106153591347
-8.486800059076902E-7     -4.663841336806998E-6    -14375.177804562667
-9.147353853460517E-7     -4.775894224537997E-6    -14146.141818323278
-9.807907647844137E-7     -4.887947112268999E-6    -13917.998194873195
-1.0468461442227751E-6    -4.999999999999998E-6    -13696.96491159358
-6.430451405729584E-7     -4.551788449075999E-6    -14858.817440701529
-7.0910052001132E-7       -4.663841336807E-6       -14617.843276748537
-7.751558994496815E-7     -4.775894224537999E-6    -14383.984191181946
-8.41211278888043E-7      -4.887947112268997E-6    -14151.045590698512
-9.072666583264049E-7     -4.9999999999999996E-6   -13919.027475298244
-5.695210341149494E-7     -4.663841336806998E-6    -14864.033847425317
-6.355764135533112E-7     -4.7758942245379994E-6   -14625.207060533816
-7.016317929916727E-7     -4.887947112268998E-6    -14390.278231774397
-7.676871724300341E-7     -4.999999999999998E-6    -14156.269888098088
-4.959969276569406E-7     -4.775894224537997E-6    -14870.496486419495
-5.620523070953022E-7     -4.887947112268998E-6    -14633.811830398285
-6.281076865336637E-7     -4.999999999999997E-6    -14397.813258445989
-4.224728211989319E-7     -4.887947112268999E-6    -14878.205357684077
-4.885282006372935E-7     -4.999999999999999E-6    -14643.657586341975
-2.787033880230544E-6     -4.4272763001129365E-6   -6900.334687894006
-2.857623931316987E-6     -4.541821040090349E-6    -6461.120685056441
-2.9282139824034285E-6    -4.65636578006776E-6     -6042.769111454383
-2.998804033489871E-6     -4.770910520045172E-6    -5624.724400795527
-3.0693940845763144E-6    -4.885455260022586E-6    -5206.986553079874
-2.718155304821732E-6     -4.541821040090349E-6    -7216.909006266584
-2.7887453559081743E-6    -4.656365780067762E-6    -6782.1273617789575
-2.8593354069946164E-6    -4.770910520045173E-6    -6359.039876412116
-2.9299254580810584E-6    -4.885455260022585E-6    -5936.3372346624465
-3.0005155091675018E-6    -4.9999999999999996E-6   -5514.019436529952
-2.649276729412918E-6     -4.65636578006776E-6     -7522.9929575746155
-2.7198667804993617E-6    -4.770910520045174E-6    -7091.910368064945
-2.7904568315858033E-6    -4.885455260022585E-6    -6668.247143208534
-2.8610468826722454E-6    -4.999999999999998E-6    -6244.968761969283
-2.5803981540041053E-6    -4.770910520045172E-6    -7829.901450187724
-2.6509882050905482E-6    -4.885455260022585E-6    -7402.450526840452
-2.7215782561769903E-6    -4.999999999999997E-6    -6978.211562494475
-2.5115195785952936E-6    -4.885455260022586E-6    -8137.634484105908
-2.582109629681736E-6     -4.999999999999999E-6    -7713.7478381055125
-2.4426410031864805E-6    -4.999999999999998E-6    -8440.879449787972
-2.1014345821835654E-6    -4.4310711526967864E-6   -10334.822643331678
-2.1696758663841486E-6    -4.544856922157428E-6    -9941.107888241868
-2.237917150584731E-6     -4.6586426916180695E-6   -9563.897422554772
-2.306158434785314E-6     -4.7724284610787114E-6   -9187.231015998896
-2.3743997189858978E-6    -4.886214230539356E-6    -8811.10866857423
-2.030096380487778E-6     -4.544856922157428E-6    -10574.982617337411
-2.098337664688361E-6     -4.658642691618071E-6    -10182.199872432084
-2.1665789488889437E-6    -4.772428461078712E-6    -9800.263110760035
-2.2348202330895265E-6    -4.886214230539355E-6    -9418.937914001483
-2.3030615172901106E-6    -4.9999999999999996E-6   -9038.224282156443
-1.9587581787919897E-6    -4.6586426916180695E-6   -10803.580629279044
-2.0269994629925737E-6    -4.772428461078714E-6    -10414.265562610872
-2.095240747193156E-6     -4.886214230539355E-6    -10031.529880109827
-2.1634820313937393E-6    -4.999999999999998E-6    -9649.405762522256
-1.8874199770962025E-6    -4.7724284610787114E-6   -11033.232928708672
-1.9556612612967857E-6    -4.886214230539355E-6    -10647.333275133129
-2.0239025454973685E-6    -4.999999999999997E-6    -10263.798671803048
-1.8160817754004157E-6    -4.886214230539356E-6    -11263.939515626289
-1.8843230596009985E-6    -4.999999999999999E-6    -10881.403009998812
-1.7447435737046278E-6    -4.999999999999998E-6    -11490.377684715257
-1.4070538943205116E-6    -4.437403522826933E-6    -13072.108655081116
-1.474591830197335E-6     -4.549922818261546E-6    -12742.886827285138
-1.542129766074158E-6     -4.662442113696158E-6    -12427.13796488
-1.6096677019509811E-6    -4.774961409130771E-6    -12112.150062617118
-1.6772056378278051E-6    -4.887480704565386E-6    -11797.923120496504
-1.3350123443009644E-6    -4.549922818261546E-6    -13203.977820548389
-1.4025502801777877E-6    -4.662442113696158E-6    -12875.257344213169
-1.470088216054611E-6     -4.774961409130772E-6    -12555.316956874824
-1.5376261519314339E-6    -4.887480704565384E-6    -12236.187237338007
-1.6051640878082574E-6    -4.9999999999999996E-6   -11917.868185602729
-1.262970794281417E-6     -4.662442113696158E-6    -13326.817870850356
-1.3305087301582407E-6    -4.774961409130773E-6    -13000.913716537816
-1.3980466660350639E-6    -4.887480704565385E-6    -12680.003024663394
-1.4655846019118868E-6    -4.999999999999998E-6    -12359.90300059046
-1.1909292442618697E-6    -4.774961409130771E-6    -13450.835643754142
-1.258467180138693E-6     -4.887480704565385E-6    -13127.717715455798
-1.326005116015516E-6     -4.999999999999997E-6    -12805.836719045257
-1.1188876942423226E-6    -4.887480704565386E-6    -13576.031139259754
-1.186425630119146E-6     -4.999999999999999E-6    -13255.669340967184
4.424019888085849E-6      -4.744205753851948E-7    7761.843571810968
4.382187823726083E-6      -3.817030439484846E-7    7098.069730620366
4.3403557593663165E-6     -2.889855125117743E-7    6319.974797579147
4.298523695006551E-6      -1.9626798107506414E-7   5545.666454630066
4.3104082981506225E-6     -4.852534935868386E-7    5351.467704181619
4.268576233790856E-6      -3.925359621501283E-7    4527.227773642673
4.22674416943109E-6       -2.998184307134181E-7    3754.387981690854
4.196796708215395E-6      -4.960864117884824E-7    2941.719380314167
4.154964643855628E-6      -4.033688803517721E-7    1957.000403676604
4.083185118280169E-6      -5.069193299901261E-7    532.5986002086029
4.508160866648324E-6      -5.88629626317266E-7     9100.256559390575
4.478690255275572E-6      -7.136715954509809E-7    8264.308764926413
4.449219643902819E-6      -8.387135645846959E-7    7425.793881424315
4.419749032530067E-6      -9.63755533718411E-7     6584.711908884252
4.600634571044108E-6      -6.387692377376978E-7    10751.756941494632
4.5711639596713555E-6     -7.638112068714127E-7    9892.930605579135
4.541693348298604E-6      -8.888531760051277E-7    9031.607045630726
4.693108275439893E-6      -6.889088491581295E-7    12390.12120885506
4.663637664067141E-6      -8.139508182918445E-7    11534.340155194946
4.785581979835677E-6      -7.390484605785613E-7    14033.961910004975
4.394549276713096E-6      -5.994625445189098E-7    6831.34910987321
4.280937686777869E-6      -6.102954627205535E-7    4581.694709401127
4.167326096842643E-6      -6.211283809221973E-7    2332.6808094411826
4.053714506907417E-6      -6.31961299123841E-7     -41.6483868782675
4.3650786653403446E-6     -7.245045136526247E-7    6016.325375835277
4.251467075405118E-6      -7.353374318542684E-7    3761.6712120827015
4.1378554854698915E-6     -7.461703500559123E-7    1495.4796985623352
4.335608053967592E-6      -8.495464827863396E-7    5198.664687754381
4.221996464032365E-6      -8.603794009879834E-7    3040.2585528848413
4.306137442594841E-6      -9.745884519200547E-7    4592.688176089265
4.761409951314825E-6      -1.4478766700771156E-6   10717.91093763896
4.639465635546288E-6      -1.3799218849332557E-6   9042.087889449678
4.517521319777751E-6      -1.3119670997893958E-6   7373.44343205203
4.395577004009215E-6      -1.2440123146455364E-6   5709.748084872037
4.644764218398187E-6      -1.5351366967266662E-6   8901.928397337251
4.522819902629651E-6      -1.4671819115828063E-6   7228.039186796745
4.400875586861114E-6      -1.3992271264389465E-6   5560.030228150075
4.52811848548155E-6       -1.6223967233762167E-6   7083.077166389005
4.406174169713013E-6      -1.554441938232357E-6    5410.753752141829
4.411472752564913E-6      -1.7096567500257673E-6   5261.918656847309
3.648734608454052E-6      -2.077937982100948E-7    -9796.762990331079
3.5798464773974723E-6     -3.120371467818356E-7    -10840.064188057762
3.5109583463408925E-6     -4.162804953535764E-7    -11890.273483028823
3.4420702152843126E-6     -5.205238439253172E-7    -12664.370026400993
3.711722305662629E-6      -3.1134424784844874E-7   -7956.0522031300825
3.64283417460605E-6       -4.155875964201896E-7    -8999.304023716795
3.5739460435494703E-6     -5.198309449919303E-7    -9965.15150508242
3.774710002871207E-6      -4.148946974868027E-7    -6109.656324550946
3.705821871814627E-6      -5.191380460585435E-7    -7267.216941228153
3.837697700079785E-6      -5.184451471251567E-7    -4570.566334838187
3.59874265860018E-6       -1.038588537463092E-6    -7517.073981580793
3.6729088325491326E-6     -9.344212796088277E-7    -6626.67620685104
3.7470750064980844E-6     -8.302540217545632E-7    -5486.059627001561
3.8212411804470375E-6     -7.260867639002988E-7    -4351.241184371396
3.89540735439599E-6       -6.219195060460343E-7    -3222.2208789605306
3.5410330042839753E-6     -9.351141785422145E-7    -8889.04266602993
3.615199178232927E-6      -8.3094692068795E-7      -7954.473843691612
3.68936535218188E-6       -7.267796628336855E-7    -6924.737339675776
3.763531526130832E-6      -6.226124049794211E-7    -5901.098496806142
3.48332334996777E-6       -8.316398196213369E-7    -10445.153995991801
3.557489523916722E-6      -7.274725617670723E-7    -9434.298298767066
3.631655697865675E-6      -6.233053039128079E-7    -8404.887876039735
3.4256136956515654E-6     -7.281654607004593E-7    -11997.276248872025
3.4997798696005176E-6     -6.239982028461947E-7    -10909.923410055751
3.36790404133536E-6       -6.246911017795816E-7    -13545.409424670575
3.9795483329584645E-6     -7.361285569781054E-7    -1402.3764706800976
3.9053821590095114E-6     -8.402958148323698E-7    -2642.6473709026304
3.831215985060559E-6      -9.444630726866344E-7    -3888.4168844175256
3.7570498111116073E-6     -1.0486303305408988E-6   -4901.295929976836
4.063689311520938E-6      -8.503376079101767E-7    248.43200893952599
3.989523137571987E-6      -9.545048657644412E-7    -991.9364436957221
3.915356963623034E-6      -1.0586721236187056E-6   -2207.146241318962
4.147830290083413E-6      -9.64546658842248E-7     1906.5389532927838
4.073664116134461E-6      -1.0687139166965123E-6   488.8507445093255
4.231971268645888E-6      -1.078755709774319E-6    3186.6950275080435
3.825144580012599E-6      -1.614855482375187E-6    -2717.4486521687118
3.938171348241543E-6      -1.5096438864705747E-6   -1129.354839814645
4.051198116470485E-6      -1.4044322905659625E-6   555.776593370616
4.164224884699429E-6      -1.2992206946613503E-6   2234.855239276212
4.277251652928372E-6      -1.194009098756738E-6    3907.881097902099
3.7798641957301156E-6     -1.499602093392768E-6    -3510.5027116696624
3.892890963959058E-6      -1.3943904974881556E-6   -1962.2830215177528
4.005917732188002E-6      -1.2891789015835433E-6   -367.8377791689418
4.118944500416944E-6      -1.183967305678931E-6    1220.0717922157564
3.7345838114476315E-6     -1.384348704410349E-6    -4458.616175104402
3.847610579676575E-6      -1.2791371085057368E-6   -2865.595406534092
3.960637347905518E-6      -1.1739255126011246E-6   -1273.715597398077
3.6893034271651475E-6     -1.26909531542793E-6     -5403.732568438517
3.8023301953940905E-6     -1.1638837195233176E-6   -3765.8033489377995
3.644023042882664E-6      -1.153841926445511E-6    -6345.851891672002
3.943469931093442E-6      -1.6648586982639853E-6   -1246.1468845587933
4.061795282174284E-6      -1.7148619141527831E-6   330.0273423556482
4.180120633255127E-6      -1.7648651300415814E-6   1909.8913560479868
4.298445984335969E-6      -1.8148683459303795E-6   3493.44515651827
4.056496699322385E-6      -1.5596471023593728E-6   407.47715569888476
4.174822050403227E-6      -1.6096503182481707E-6   2021.80462861883
4.29314740148407E-6       -1.659653534136969E-6    3640.1389330193115
4.169523467551328E-6      -1.4544355064547604E-6   2179.7275421605027
4.287848818632171E-6      -1.5044387223435587E-6   3793.0532107331655
4.282550235780271E-6      -1.3492239105501482E-6   3946.4080250268926
2.990249796409006E-6      -2.102736164301773E-7    -24512.204911227287
2.92487991919107E-6       -3.163038842886138E-7    -24727.142215732198
2.859510041973135E-6      -4.223341521470503E-7    -24949.209955288392
2.7941401647552E-6        -5.283644200054868E-7    -24929.399923736513
3.0538934747570593E-6     -3.1451696500191815E-7   -22149.84969795766
2.988523597539124E-6      -4.205472328603546E-7    -22363.6769221143
2.923153720321189E-6      -5.265775007187911E-7    -22512.470946142337
3.1175371531051128E-6     -4.1876031357365894E-7   -19782.897192893593
3.0521672758871774E-6     -5.247905814320954E-7    -20100.10116227312
3.1811808314531666E-6     -5.230036621453997E-7    -17692.290572128863
4.417570712955202E-6      -1.9987282484968695E-6   4944.1005069610255
4.418370090493592E-6      -2.1325849351745614E-6   4803.4055231566845
4.419169468031982E-6      -2.2664416218522533E-6   4662.751174362015
4.419968845570372E-6      -2.4002983085299452E-6   4522.1374605770425
4.53421644587184E-6       -2.054325364704462E-6    6187.022399873385
4.535015823410229E-6      -2.188182051382154E-6    6049.295787354644
4.535815200948619E-6      -2.322038738059846E-6    5911.609637109375
4.650862178788476E-6      -2.1099224809120543E-6   7434.333215757048
4.651661556326867E-6      -2.2437791675897466E-6   7299.574043723722
4.767507911705114E-6      -2.165519597119647E-6    8686.108848180778
3.830930260324806E-6      -1.7356293750648148E-6   -2441.3777706994033
3.836715940637013E-6      -1.8564032677544427E-6   -2221.966899135154
3.8425016209492194E-6     -1.9771771604440706E-6   -2002.2463258232983
3.848287301261426E-6      -2.0979510531336985E-6   -1782.2160507638293
3.854072981573633E-6      -2.2187249458233264E-6   -1595.3980492445241
3.949255611405649E-6      -1.7856325909536127E-6   -901.0485216805537
3.955041291717855E-6      -1.9064064836432406E-6   -679.8346570688154
3.9608269720300615E-6     -2.0271803763328685E-6   -458.30904092441415
3.966612652342269E-6      -2.147954269022497E-6    -255.94827927558435
4.067580962486491E-6      -1.835635806842411E-6    639.2409923441737
4.073366642798698E-6      -1.956409699532039E-6    863.7251944189811
4.079152323110904E-6      -2.077183592221667E-6    1078.3071484755746
4.185906313567334E-6      -1.8856390227312091E-6   2182.903248444163
4.1916919938795405E-6     -2.0064129154208372E-6   2409.977325912001
4.304231664648177E-6      -1.9356422386200076E-6   3739.062253033694
3.967412029880659E-6      -2.2818109557001887E-6   -415.5414354240038
4.0807510781876845E-6     -2.3448969655770506E-6   779.7524779141577
4.194090126494711E-6      -2.407982975453913E-6    1978.2387026841789
4.307429174801737E-6      -2.471068985330775E-6    3179.9172388860807
4.079951700649294E-6      -2.2110402788993587E-6   918.7634602769374
4.1932907489563206E-6     -2.2741262887762206E-6   2116.40693849056
4.306629797263346E-6      -2.337212298653083E-6    3317.5055493370087
4.1924913714179305E-6     -2.1402696020985287E-6   2262.831497293304
4.305830419724957E-6      -2.2033556119753914E-6   3461.024978294768
4.305031042186566E-6      -2.069498925297699E-6    3604.585214998411
4.772049946417431E-6      -2.866988976787923E-6    7259.831570866152
4.656203591039184E-6      -2.802391404400879E-6    6268.923304249445
4.540357235660936E-6      -2.7377938320138354E-6   5281.631158608168
4.424510880282689E-6      -2.6731962596267923E-6   4298.239368681776
4.659946248213111E-6      -2.9414326688200344E-6   6195.185178696731
4.544099892834864E-6      -2.876835096432991E-6    5205.709654052567
4.428253537456616E-6      -2.8122375240459474E-6   4219.975106201844
4.54784255000879E-6       -3.0158763608521456E-6   5129.925452369656
4.431996194630543E-6      -2.951278788465102E-6    4141.848917128269
4.43573885180447E-6       -3.0903200528842577E-6   4063.8608014610454
2.3416902141820725E-6     -2.141085132160618E-7    -37352.34760908882
2.2756759550376174E-6     -3.2218675857368715E-7   -36800.2553953595
2.2096616958931622E-6     -4.3026500393131244E-7   -36255.52470245114
2.1436474367487075E-6     -5.383432492889377E-7    -35497.342059758535
2.4060457481477436E-6     -3.201387810744983E-7    -34600.091672102615
2.340031489003288E-6      -4.282170264321236E-7    -34046.08167213566
2.2740172298588333E-6     -5.362952717897489E-7    -33433.1997084107
2.470401282113414E-6      -4.261690489329348E-7    -31844.578705986067
2.404387022968959E-6      -5.342472942905601E-7    -31376.659552785415
2.534756816079085E-6      -5.321993167913713E-7    -29327.721592882695
2.981697979358626E-6      -1.0406650360167643E-6   -17466.160727486025
3.047397260890732E-6      -9.367753773851522E-7    -17204.3953514265
3.1130965424228374E-6     -8.328857187535402E-7    -16775.06983260297
3.178795823954944E-6      -7.289960601219281E-7    -16351.41595089002
3.2444951054870494E-6     -6.25106401490316E-7     -15933.433706287662
2.918383705324743E-6      -9.385622966718479E-7    -19264.20820940603
2.984082986856849E-6      -8.346726380402358E-7    -19000.643726540875
3.0497822683889546E-6     -7.307829794086238E-7    -18652.323004565496
3.1154815499210606E-6     -6.268933207770117E-7    -18309.853011792737
2.85506943129086E-6       -8.364595573269315E-7    -21234.070466096993
2.9207687128229654E-6     -7.325698986953194E-7    -20897.389199396574
2.986467994355072E-6      -6.286802400637074E-7    -20548.063229019113
2.791755157256977E-6      -7.343568179820151E-7    -23200.68519238208
2.8574544387890826E-6     -6.30467159350403E-7     -22790.63852974199
2.728440883223094E-6      -6.322540786370987E-7    -25164.05238826129
3.3022047598032544E-6     -7.285807604111936E-7    -14169.210362938966
3.2365054782711484E-6     -8.324704190428057E-7    -14669.29952040944
3.1708061967390424E-6     -9.363600776744178E-7    -15174.881222898417
3.105106915206937E-6      -1.0402497363060298E-6   -15497.710888358855
3.3599144141194594E-6     -8.320551193320713E-7    -12543.782380989
3.2942151325873534E-6     -9.359447779636834E-7    -13043.610221893228
3.2285158510552474E-6     -1.0398344365952953E-6   -13493.335284311765
3.417624068435664E-6      -9.355294782529489E-7    -10914.57558866249
3.351924786903558E-6      -1.0394191368845609E-6   -11491.117747572545
3.4753337227518694E-6     -1.0390038371738266E-6   -9491.058278141201
3.289922746925308E-6      -1.437780604151871E-6    -10651.354387390267
3.3516867292602827E-6     -1.3579421908141152E-6   -10129.845065812638
3.4134507115952567E-6     -1.2781037774763596E-6   -9499.653071459066
3.475214693930231E-6      -1.1982653641386036E-6   -8872.728456421037
3.5369786762652055E-6     -1.118426950800848E-6    -8249.071220698595
3.2282777934119717E-6     -1.3583574905248497E-6   -11964.320332299492
3.2900417757469457E-6     -1.2785190771870939E-6   -11403.564140369754
3.35180575808192E-6       -1.198680663849338E-6    -10832.478258827672
3.413569740416894E-6      -1.1188422505115822E-6   -10264.799068812066
3.1666328398986347E-6     -1.2789343768978284E-6   -13314.485202883396
3.228396822233609E-6      -1.1990959635600725E-6   -12707.89277487252
3.2901608045685835E-6     -1.1192575502223167E-6   -12136.289732745328
3.1049878863852986E-6     -1.199511263270807E-6    -14662.450886952547
3.166751868720273E-6      -1.1196728499330512E-6   -14009.860163519872
3.0433429328719624E-6     -1.1200881496437857E-6   -16008.2173845069
3.3969671135427663E-6     -1.4731955797965342E-6   -9112.78353690229
3.5040114801602243E-6     -1.5086105554411976E-6   -7504.354481307582
3.6110558467776827E-6     -1.5440255310858605E-6   -5894.635532577389
3.7181002133951407E-6     -1.5794405067305238E-6   -4283.626690711696
3.4587310958777403E-6     -1.3933571664587784E-6   -8488.662319249812
3.5657754624951987E-6     -1.4287721421034415E-6   -6813.0987379443395
3.672819829112657E-6      -1.4641871177481046E-6   -5136.125127697287
3.520495078212715E-6      -1.3135187531210227E-6   -7801.150919375479
3.6275394448301735E-6     -1.3489337287656859E-6   -6127.891205945825
3.582259060547689E-6      -1.2336803397832667E-6   -7116.767586605733
3.2953481380625216E-6     -1.5361329756690604E-6   -10131.634732660033
3.300773529199734E-6      -1.63448534718625E-6     -9674.465375355423
3.3061989203369473E-6     -1.732837718703439E-6    -9217.042018126804
3.31162431147416E-6       -1.8311900902206286E-6   -8759.364660974166
3.3170497026113734E-6     -1.929542461737818E-6    -8360.343137325086
3.402392504679979E-6      -1.5715479513137235E-6   -8588.971787888593
3.407817895817192E-6      -1.6699003228309128E-6   -8131.420590085021
3.413243286954405E-6      -1.7682526943481022E-6   -7673.611694165109
3.4186686780916185E-6     -1.8666050658652917E-6   -7252.476712286541
3.509436871297437E-6      -1.6069629269583869E-6   -7047.4092569847635
3.514862262434651E-6      -1.7053152984755762E-6   -6587.286190285453
3.5202876535718637E-6     -1.8036676699927655E-6   -6127.71053185469
3.6164812379148956E-6     -1.6423779026030498E-6   -5504.676968751526
3.621906629052109E-6      -1.7407302741202393E-6   -5006.429428609071
3.7235256045323544E-6     -1.6777928782477131E-6   -3888.6334025496844
3.7293112848445603E-6     -1.7985667709373408E-6   -3598.5304687925536
3.6276923093643156E-6     -1.861504166809867E-6    -4755.52456184307
3.52607333388407E-6       -1.9244415626823934E-6   -5915.772526920336
3.4244543584038253E-6     -1.9873789585549196E-6   -7025.231760143129
3.7350969651567675E-6     -1.919340663626969E-6    -3380.261403712078
3.6334779896765224E-6     -1.982278059499495E-6    -4539.86464766195
3.5318590141962772E-6     -2.0452154553720213E-6   -5672.006154437508
3.740882645468974E-6      -2.0401145563165964E-6   -3161.6846866690485
3.639263669988729E-6      -2.103051952189123E-6    -4316.6980398832075
3.7466683257811815E-6     -2.1608884490062247E-6   -2959.307416480221
2.350662460487318E-6      -1.0785371267912424E-6   -26080.478216505264
2.4135552902276967E-6     -9.688599692914305E-7    -26489.852766341774
2.476448119968075E-6      -8.591828117916183E-7    -26734.457726883942
2.539340949708454E-6      -7.495056542918064E-7    -26984.797918617973
2.6022337794488322E-6     -6.398284967919944E-7    -27240.87334154387
2.2831854971175705E-6     -9.709079467906194E-7    -28230.200606521423
2.3460783268579493E-6     -8.612307892908072E-7    -28626.875551516747
2.408971156598328E-6      -7.515536317909951E-7    -28935.27599980437
2.471863986338707E-6      -6.418764742911832E-7    -29249.52897430751
2.2157085337478235E-6     -8.63278766789996E-7     -30517.20208059075
2.278601363488202E-6      -7.53601609290184E-7     -30845.945789552195
2.3414941932285803E-6     -6.439244517903721E-7    -31152.38072456302
2.1482315703780757E-6     -7.55649586789373E-7     -32801.95997188706
2.2111244001184545E-6     -6.459724292895608E-7    -33062.49680209772
2.0807546070083287E-6     -6.480204067887497E-7    -35084.47428041038
2.6655480534827155E-6     -7.419312361369109E-7    -25093.489781753196
2.6026552237423367E-6     -8.516083936367228E-7    -24902.07163711338
2.539762394001958E-6      -9.612855511365347E-7    -24716.271428641732
2.4768695642615795E-6     -1.0709627086363469E-6   -24343.229094605158
2.7288623275165983E-6     -8.440339754818272E-7    -23056.175513448456
2.6659694977762195E-6     -9.537111329816392E-7    -22863.419056025115
2.603076668035841E-6      -1.0633882904814511E-6   -22601.685603561265
2.792176601550481E-6      -9.461367148267436E-7    -21015.86232684225
2.7292837718101027E-6     -1.0558138723265556E-6   -20865.183754037622
2.8554908755843643E-6     -1.0482394541716599E-6   -19133.723546034184
3.3337744468394202E-6     -2.4694872988195735E-6   -6561.852321377518
3.4378341537862626E-6     -2.4193348282203243E-6   -5551.357465108922
3.5418938607331054E-6     -2.3691823576210746E-6   -4564.378273884482
3.6459535676799478E-6     -2.3190298870218253E-6   -3579.604805365928
3.7500132746267906E-6     -2.2688774164225757E-6   -2597.0370595532804
3.330429497993811E-6      -2.3614983314032226E-6   -6886.053794282089
3.434489204940654E-6      -2.3113458608039733E-6   -5905.252246516804
3.538548911887496E-6      -2.2611933902047236E-6   -4926.379674625852
3.6426086188343387E-6     -2.211040919605474E-6    -3949.9004308859003
3.3270845491482016E-6     -2.253509363986871E-6    -7240.175967782135
3.431144256095044E-6      -2.2033568933876215E-6   -6260.700434647868
3.5352039630418868E-6     -2.1532044227883722E-6   -5283.903052372505
3.323739600302592E-6      -2.14552039657052E-6     -7594.163427716192
3.4277993072494344E-6     -2.0953679259712705E-6   -6616.012737896228
3.320394651456983E-6      -2.037531429154169E-6    -7948.016174084281
3.4297756172616376E-6     -2.5524181987952742E-6   -5520.974016891718
3.5257767876838545E-6     -2.635349098770975E-6    -4478.4434649936375
3.621777958106072E-6      -2.7182799987466756E-6   -3433.805827401246
3.7177791285282893E-6     -2.8012108987223763E-6   -2387.061104114545
3.813780298950506E-6      -2.884141798698077E-6    -1393.9110927417958
3.53383532420848E-6       -2.502265728196025E-6    -4527.039532622817
3.6298364946306973E-6     -2.5851966281717256E-6   -3498.750835131985
3.7258376650529147E-6     -2.6681275281474263E-6   -2468.18066424229
3.821838835475132E-6      -2.751058428123127E-6    -1436.8810703549818
3.6378950311553223E-6     -2.4521132575967753E-6   -3533.7233348346126
3.7338962015775397E-6     -2.535044157572476E-6    -2505.129060497918
3.8298973719997575E-6     -2.6179750575481767E-6   -1475.5345450627522
3.7419547381021647E-6     -2.401960786997526E-6    -2542.4252543071902
3.837955908524382E-6      -2.4848916869732267E-6   -1514.5340092667702
3.8460144450490075E-6     -2.3518083163982768E-6   -1553.8794629670456
3.959353493356034E-6      -2.4148943262751382E-6   -361.7325541069349
3.951294956831408E-6      -2.5479776968500886E-6   -320.34531485538173
3.943236420306783E-6      -2.6810610674250385E-6   -279.3022570426856
3.935177883782157E-6      -2.814144437999989E-6    -246.50372650339523
4.072692541663059E-6      -2.4779803361520006E-6   834.0780169105456
4.0646340051384344E-6     -2.611063706726951E-6    877.7814759290304
4.056575468613809E-6      -2.7441470773019013E-6   913.4613849093039
4.186031589970085E-6      -2.541066346028863E-6    2032.818078158918
4.17797305344546E-6       -2.6741497166038132E-6   2071.631748160159
4.299370638277111E-6      -2.604152355905725E-6    3228.0073632491853
4.303113295451038E-6      -2.74319362032488E-6     3140.7366018357557
4.181715710619387E-6      -2.813190981022968E-6    1981.407234668467
4.060318125787735E-6      -2.883188341721056E-6    820.5355019193393
3.938920540956084E-6      -2.953185702419144E-6    -303.6472622826441
4.306855952624964E-6      -2.8822348847440355E-6   3060.084950751319
4.1854583677933135E-6     -2.9522322454421235E-6   1898.527573900944
4.064060782961663E-6      -3.0222296061402116E-6   766.2977890685097
4.310598609798892E-6      -3.02127614916319E-6     2979.572143606885
4.1892010249672404E-6     -3.0912735098612782E-6   1839.0687742617583
4.314341266972819E-6      -3.1603174135823457E-6   2914.6656932970986
3.9524363261978604E-6     -3.506565518153518E-6    91.93912785653666
4.0498453627539675E-6     -3.451124677983497E-6    890.3447073266514
4.1472543993100746E-6     -3.395683837813476E-6    1663.1786993838687
4.2446634358661825E-6     -3.3402429976434547E-6   2435.425401993189
4.3420724724222895E-6     -3.2848021574734338E-6   3207.0848151546093
3.92470512074839E-6       -3.38208077426243E-6     -165.04986864138812
4.022114157304497E-6      -3.3266399340924086E-6   608.1737449282236
4.119523193860604E-6      -3.2711990939223872E-6   1382.8839666825552
4.216932230416711E-6      -3.2157582537523663E-6   2156.870453770398
3.896973915298918E-6      -3.2575960303713415E-6   -463.04230905255395
3.9943829518550255E-6     -3.20215519020132E-6     316.1951254605083
4.091791988411133E-6      -3.146714350031299E-6    1089.634825788542
3.869242709849448E-6      -3.1331112864802535E-6   -760.2719702031068
3.966651746405555E-6      -3.077670446310232E-6    24.99856776654451
3.841511504399977E-6      -3.008626542589165E-6    -1056.7388520930429
4.765527097011561E-6      -3.5780764118044426E-6   6212.853439673383
4.653423398807241E-6      -3.5096629609794114E-6   5409.0846052420975
4.5413197006029205E-6     -3.44124951015438E-6     4607.909721557199
4.4292160023986E-6        -3.3728360593293486E-6   3808.128289325142
4.6431578922274444E-6     -3.6531377030053464E-6   5259.436694795556
4.531054194023124E-6      -3.5847242521803156E-6   4457.112085381534
4.418950495818803E-6      -3.516310801355284E-6    3657.598507013191
4.520788687443327E-6      -3.728198994206251E-6    4306.082133759906
4.408684989239006E-6      -3.6597855433812197E-6   3506.832014024436
4.39841948265921E-6       -3.803260285407155E-6    3355.828810358875
4.039579856174171E-6      -3.594599420009433E-6    720.469918503358
4.126723386150481E-6      -3.682633321865347E-6    1354.8269285339848
4.213866916126792E-6      -3.7706672237212616E-6   1990.6938713026689
4.301010446103102E-6      -3.8587011255771765E-6   2628.0707468094242
4.136988892730278E-6      -3.5391585798394115E-6   1497.0680954772374
4.224132422706588E-6      -3.627192481695326E-6    2116.024610419725
4.311275952682899E-6      -3.7152263835512403E-6   2736.6245333110824
4.234397929286385E-6      -3.48371773966939E-6     2267.472171224649
4.321541459262696E-6      -3.571751641525305E-6    2887.1455209807564
4.331806965842492E-6      -3.428276899499369E-6    3037.425402742767
4.519238110501651E-6      -4.430108734058061E-6    3977.509048396678
4.6088362816802086E-6     -4.3770611590580576E-6   4581.097352944316
4.698434452858766E-6      -4.324013584058053E-6    5184.139065446147
4.788032624037324E-6      -4.27096600905805E-6     5787.584182466926
4.486467076896091E-6      -4.309265307401818E-6    3793.3601088364003
4.5760652480746484E-6     -4.256217732401814E-6    4397.76636772906
4.6656634192532066E-6     -4.203170157401811E-6    5000.154935891111
4.453696043290532E-6      -4.1884218807455755E-6   3609.618212163461
4.543294214469089E-6      -4.135374305745572E-6    4214.859198611557
4.420925009684972E-6      -4.067578454089333E-6    3426.283358377864
1.6833789272195896E-6     -2.1754965536039442E-7   -47893.357937789544
1.6164243589118004E-6     -3.2702106536316355E-7   -46579.85005154517
1.5494697906040112E-6     -4.364924753659326E-7    -45273.465088244884
1.4825152222962224E-6     -5.459638853687017E-7    -43819.9030688294
1.7491149642473901E-6     -3.2562790071801976E-7   -44888.785065514654
1.6821603959396011E-6     -4.3509931072078884E-7   -43572.60954567801
1.615205827631812E-6      -5.445707207235579E-7    -42229.78889866406
1.8148510012751906E-6     -4.3370614607564505E-7   -41882.58434520641
1.7478964329674018E-6     -5.431775560784141E-7    -40650.0469501979
1.8805870383029918E-6     -5.417843914332703E-7    -39080.677223430874
1.6880662596743628E-6     -1.0859918554108636E-6   -33555.954680862895
1.7531085364672067E-6     -9.768717296863162E-7    -34486.20804939263
1.8181508132600503E-6     -8.677516039617687E-7    -35278.93590725721
1.883193090052894E-6      -7.586314782372214E-7    -36077.38497358379
1.948235366845738E-6      -6.495113525126739E-7    -36881.55524837235
1.620417931131617E-6      -9.7826489433146E-7      -35820.02754322743
1.6854602079244606E-6     -8.691447686069125E-7    -36729.78196387201
1.750502484717304E-6      -7.600246428823651E-7    -37576.26401064631
1.8155447615101477E-6     -6.509045171578177E-7    -38428.53624602127
1.5527696025888707E-6     -8.705379332520563E-7    -38182.16927253299
1.6178118793817145E-6     -7.614178075275088E-7    -39042.69011607712
1.682854156174558E-6      -6.522976818029614E-7    -39886.626318047405
1.4851212740461246E-6     -7.628109721726528E-7    -40543.5951236113
1.550163550838968E-6      -6.536908464481052E-7    -41354.63049137646
1.4174729455033785E-6     -6.55084011093249E-7     -42904.305096462354
2.015712330215485E-6      -7.571405325132972E-7    -34433.70340914803
1.950670053422641E-6      -8.662606582378445E-7    -33683.987692710245
1.8856277766297975E-6     -9.75380783962392E-7     -32939.924204595736
1.820585499836954E-6      -1.0845009096869392E-6   -32059.134612997987
2.0831892935852323E-6     -8.647697125139203E-7    -32082.688656793453
2.018147016792389E-6      -9.738898382384676E-7    -31330.98950471531
1.953104739999545E-6      -1.0830099639630151E-6   -30549.798264350018
2.1506662569549797E-6     -9.723988925145433E-7    -29729.70596438279
2.085623980162136E-6      -1.0815190182390908E-6   -29047.79202143687
2.218143220324727E-6      -1.0800280725151667E-6   -27553.11588425856
2.9318840298419146E-6     -1.16277812629499E-6     -17399.779257906917
2.805676926067653E-6      -1.1703525444498857E-6   -19067.304771098672
2.6794698222933905E-6     -1.1779269626047813E-6   -20686.815527874038
2.553262718519129E-6      -1.1855013807596768E-6   -22311.113924256082
2.4270556147448682E-6     -1.1930757989145725E-6   -24026.114308018623
2.882070080325203E-6      -1.2848912165732157E-6   -17200.199746324142
2.755862976550941E-6      -1.2924656347281112E-6   -18843.55139420031
2.6296558727766797E-6     -1.3000400528830071E-6   -20468.86982644499
2.503448769002418E-6      -1.3076144710379027E-6   -22124.834537685572
2.832256130808491E-6      -1.4070043068514413E-6   -17004.400665686724
2.706049027034229E-6      -1.4145787250063369E-6   -18623.63673943871
2.579841923259968E-6      -1.4221531431612326E-6   -20220.842448710144
2.7824421812917794E-6     -1.5291173971296672E-6   -16812.3820159947
2.656235077517518E-6      -1.536691815284563E-6    -18314.13804109231
2.7326282317750677E-6     -1.6512304874078929E-6   -16587.85308296601
3.17846384389526E-6       -1.4804705808030754E-6   -11791.025424739284
3.116818890381923E-6      -1.401047467176054E-6    -13168.307780773928
3.055173936868587E-6      -1.3216243535490327E-6   -14563.234601651366
2.9935289833552507E-6     -1.2422012399220113E-6   -15956.124295354675
3.0670049408652117E-6     -1.52316055745428E-6     -13013.415566976924
3.005359987351875E-6      -1.4437374438272584E-6   -14390.676626910272
2.943715033838539E-6      -1.3643143302002372E-6   -15785.046322585193
2.955546037835164E-6      -1.565850534105484E-6    -14240.20885957954
2.8939010843218273E-6     -1.4864274204784627E-6   -15617.690489569664
2.8440871348051155E-6     -1.6085405107566885E-6   -15471.405302547199
3.183889235032473E-6      -1.5788229523202647E-6   -11354.067746841512
3.072430332002425E-6      -1.621512928971469E-6    -12578.391874032935
2.960971428972377E-6      -1.6642029056226733E-6   -13806.877285431288
2.8495125259423292E-6     -1.7068928822738779E-6   -14922.665469207855
3.1893146261696857E-6     -1.677175323837454E-6    -10897.17817519515
3.077855723139638E-6      -1.7198653004886586E-6   -12123.972116441575
2.96639682010959E-6       -1.7625552771398627E-6   -13292.952851921318
3.194740017306899E-6      -1.7755276953546433E-6   -10440.038301817094
3.083281114276851E-6      -1.8182176720058479E-6   -11662.36560715521
3.2001654084441123E-6     -1.8738800668718329E-6   -10030.903734909523
2.8956551576627164E-6     -2.1988123703409856E-6   -11812.435153055641
2.979934066652448E-6      -2.144958388620352E-6    -11142.033655790194
3.0642129756421793E-6     -2.0911044068997187E-6   -10453.353285193287
3.1484918846319105E-6     -2.037250425179085E-6    -9767.324427542222
3.232770793621642E-6      -1.9833964434584513E-6   -9083.947082837036
2.8630497724851865E-6     -2.0892959937543674E-6   -12664.615813828528
2.9473286814749177E-6     -2.0354420120337335E-6   -12020.931658396948
3.031607590464649E-6      -1.9815880303131E-6      -11370.866167085236
3.115886499454381E-6      -1.927734048592466E-6    -10723.608728656804
2.830444387307657E-6      -1.9797796171677487E-6   -13617.862637435916
2.9147232962973882E-6     -1.925925635447115E-6    -12950.510806715973
2.99900220528712E-6       -1.8720716537264813E-6   -12301.565955512295
2.797839002130127E-6      -1.87026324058113E-6     -14569.882625390923
2.8821179111198583E-6     -1.8164092588604961E-6   -13878.802573043362
2.7652336169525976E-6     -1.7607468639945113E-6   -15520.675777693556
2.983279015498057E-6      -2.252947356036703E-6    -10823.230319238965
3.070902873333398E-6      -2.3070823417324206E-6   -9759.894247598193
3.1585267311687387E-6     -2.3612173274281385E-6   -8695.764175172015
3.2461505890040795E-6     -2.415352313123856E-6    -7630.840101960405
3.067557924487789E-6      -2.1990933743160696E-6   -10118.255387854195
3.1551817823231296E-6     -2.253228360011787E-6    -9041.604332392788
3.2428056401584704E-6     -2.307363345707505E-6    -7964.049017109872
3.15183683347752E-6       -2.1452393925954358E-6   -9392.942905798212
3.239460691312861E-6      -2.1993743782911537E-6   -8317.153978054883
3.2361157424672513E-6     -2.0913854108748023E-6   -8670.125396750625
2.0257938629203306E-6     -1.6228601710393447E-6   -24252.91098690145
2.090767582433728E-6      -1.5139955621897244E-6   -24759.605813911934
2.1557413019471253E-6     -1.4051309533401037E-6   -25115.4087753785
2.2207150214605233E-6     -1.2962663444904834E-6   -25475.852938993266
2.2856887409739204E-6     -1.187401735640863E-6    -25840.93830475625
1.9582483422711373E-6     -1.5154865079136485E-6   -26022.496072961156
2.0232220617845345E-6     -1.4066218990640278E-6   -26495.677999114676
2.088195781297932E-6      -1.2977572902144073E-6   -26902.877563514754
2.1531695008113295E-6     -1.188892681364787E-6    -27314.81037601021
1.8907028216219436E-6     -1.408112844787952E-6    -27877.87189398245
1.955676541135341E-6      -1.2992482359383316E-6   -28304.052155187484
2.0206502606487387E-6     -1.1903836270887113E-6   -28709.439786650786
1.82315730097275E-6       -1.300739181662256E-6    -29732.110076198795
1.8881310204861474E-6     -1.1918745728126354E-6   -30111.078249213067
1.7556117803235566E-6     -1.1933655185365597E-6   -31585.21061961018
2.3620818952314703E-6     -1.3019404077641928E-6   -23794.148196505965
2.297108175718073E-6      -1.4108050166138133E-6   -23480.816893420517
2.232134456204675E-6      -1.5196696254634336E-6   -23172.034746536054
2.167160736691278E-6      -1.6285342343130543E-6   -22719.939269577302
2.43847504948902E-6       -1.416479079887523E-6    -21831.174152701213
2.373501329975623E-6      -1.5253436887371435E-6   -21516.204284528616
2.3085276104622255E-6     -1.6342082975867637E-6   -21182.580053993745
2.51486820374657E-6       -1.5310177520108529E-6   -19865.764460806822
2.449894484233173E-6      -1.6398823608604734E-6   -19650.39608912258
2.5912613580041207E-6     -1.6455564241341832E-6   -18123.387374963822
2.871426638237617E-6      -2.29078524884673E-6     -11692.192758124542
2.847198118812517E-6      -2.3827581273524743E-6   -11525.563952714368
2.822969599387417E-6      -2.4747310058582184E-6   -11359.723428701545
2.7987410799623175E-6     -2.566703884363963E-6    -11194.671186086081
2.7745125605372176E-6     -2.658676762869707E-6    -11013.926684601125
2.9590504960729572E-6     -2.3449202345424476E-6   -10633.773493866991
2.9348219766478573E-6     -2.4368931130481917E-6   -10467.93206754766
2.910593457222758E-6      -2.528865991553936E-6    -10302.873516601343
2.8863649377976583E-6     -2.6208388700596804E-6   -10146.694222448383
3.046674353908298E-6      -2.3990552202381647E-6   -9583.293405809436
3.0224458344831985E-6     -2.4910280987439092E-6   -9416.130851534603
2.9982173150580986E-6     -2.5830009772496538E-6   -9254.20867715328
3.1342982117436388E-6     -2.4531902059338826E-6   -8532.129576002579
3.1100696923185393E-6     -2.545163084439627E-6    -8364.324887283683
3.22192206957898E-6       -2.5073251916296E-6      -7477.042852839594
3.2283597256608583E-6     -2.9424793581752944E-6   -6390.959552247239
3.2494426698965707E-6     -2.8478809463041505E-6   -6444.357037146514
3.270525614132283E-6      -2.7532825344330057E-6   -6477.343074614028
3.2916085583679955E-6     -2.6586841225618618E-6   -6510.927673767095
3.312691502603708E-6      -2.5640857106907174E-6   -6545.110834605727
3.1375902926361304E-6     -2.885718839114177E-6    -7355.089617291575
3.1586732368718424E-6     -2.7911204272430327E-6   -7370.715050111052
3.179756181107555E-6      -2.696522015371888E-6    -7404.471344834255
3.200839125343267E-6      -2.601923603500744E-6    -7438.834228541498
3.046820859611402E-6      -2.8289583200530594E-6   -8268.69430634161
3.067903803847114E-6      -2.734359908181915E-6    -8299.353773478353
3.088986748082827E-6      -2.639761496310771E-6    -8331.87553264472
2.956051426586674E-6      -2.772197800991942E-6    -9181.79470512928
2.977134370822386E-6      -2.6775993891207977E-6   -9227.378958064244
2.865281993561946E-6      -2.7154372819308243E-6   -10094.390813654576
3.345443840318788E-6      -2.930811846279851E-6    -5366.924797284048
3.4625279549767178E-6     -2.919144334384407E-6    -4378.799281660248
3.579612069634647E-6      -2.907476822488964E-6    -3391.537647146077
3.696696184292577E-6      -2.89580931059352E-6     -2405.1398937415433
3.3665267845545004E-6     -2.836213434408707E-6    -5419.690412555189
3.4836108992124298E-6     -2.8245459225132627E-6   -4393.051930689708
3.6006950138703595E-6     -2.8128784106178195E-6   -3367.3358407342416
3.3876097287902124E-6     -2.7416150225375625E-6   -5452.394469353601
3.504693843448142E-6      -2.729947510642119E-6    -4427.478799631545
3.408692673025925E-6      -2.647016610666418E-6    -5485.689060539081
3.26817166103702E-6       -3.03918908937508E-6     -5851.89467725207
3.3079835964131815E-6     -3.135898820574865E-6    -5375.042336165005
3.3477955317893427E-6     -3.23260855177465E-6     -4897.430931346332
3.3876074671655044E-6     -3.3293182829744357E-6   -4419.060462796038
3.4274194025416656E-6     -3.426028014174221E-6    -3990.2277305222055
3.3852557756949497E-6     -3.0275215774796363E-6   -4886.2836517684145
3.425067711071111E-6      -3.1242313086794214E-6   -4425.486593337637
3.4648796464472725E-6     -3.2209410398792065E-6   -3963.881529131906
3.504691581823434E-6      -3.3176507710789924E-6   -3531.0707647433965
3.502339890352879E-6      -3.0158540655841926E-6   -3937.34269474977
3.54215182572904E-6       -3.112563796783978E-6    -3475.4944165390298
3.5819637611052022E-6     -3.2092735279837633E-6   -3012.7081334578847
3.6194240050108083E-6     -3.0041865536887494E-6   -2989.207108040364
3.6592359403869704E-6     -3.100896284888535E-6    -2496.32810005164
3.7365081196687385E-6     -2.9925190417933057E-6   -1981.9306645246631
3.847432941466622E-6      -3.4904580173576588E-6   -735.8811556445498
3.81970173601715E-6       -3.3659732734665703E-6   -1012.7184977567076
3.7919705305676797E-6     -3.241488529575482E-6    -1316.5506410549924
3.764239325118209E-6      -3.1170037856843938E-6   -1619.6392876058003
3.742429556735382E-6      -3.4743505165617995E-6   -1551.6217155951185
3.7146983512859116E-6     -3.349865772670711E-6    -1862.3170791697858
3.686967145836441E-6      -3.2253810287796225E-6   -2164.704582985437
3.6374261720041434E-6     -3.4582430157659398E-6   -2367.1116755824364
3.609694966554673E-6      -3.3337582718748513E-6   -2711.6352700294055
3.5324227872729047E-6     -3.4421355149700805E-6   -3182.351035606501
3.9062358818535975E-6     -3.60339830239259E-6     -251.76781057180602
3.8012324971223583E-6     -3.5872908015967304E-6   -1045.850057368862
3.696229112391119E-6      -3.5711833008008707E-6   -1827.0271659789496
3.5912257276598805E-6     -3.5550758000050114E-6   -2607.983465215993
3.4862223429286417E-6     -3.5389682992091526E-6   -3416.5495367438652
3.8600354375093345E-6     -3.700231086631662E-6    -545.5117493895283
3.755032052778095E-6      -3.6841235858358025E-6   -1328.7738976601881
3.650028668046856E-6      -3.6680160850399428E-6   -2110.6902158749363
3.5450252833156175E-6     -3.651908584244084E-6    -2903.8998895327777
3.8138349931650715E-6     -3.797063870870734E-6    -839.8977995024761
3.708831608433832E-6      -3.780956370074874E-6    -1612.390974452127
3.603828223702593E-6      -3.7648488692790153E-6   -2390.315713760487
3.7676345488208085E-6     -3.8938966551098055E-6   -1134.925960910667
3.6626311640895698E-6     -3.877789154313947E-6    -1875.7970094269906
3.7214341044765455E-6     -3.990729439348878E-6    -1401.3202199455743
3.993379411829907E-6      -3.6914322042485045E-6   410.2068864782191
3.947178967485644E-6      -3.788264988487576E-6    105.09612536040777
3.900978523141381E-6      -3.885097772726648E-6    -200.60562184724768
3.854778078797119E-6      -3.98193055696572E-6     -476.71342778415305
4.080522941806218E-6      -3.7794661061044185E-6   1060.8737122415678
4.034322497461955E-6      -3.876298890343491E-6    755.9554369547259
3.988122053117692E-6      -3.973131674582563E-6    453.4974150190567
4.167666471782528E-6      -3.867500007960333E-6    1712.9169955321668
4.121466027438266E-6      -3.964332792199406E-6    1384.13711879789
4.2548100017588395E-6     -3.955533909816248E-6    2315.205683552347
4.117723850927135E-6      -4.385287783290096E-6    1342.1271113135558
4.185331382215204E-6      -4.2756495943258446E-6   1807.881915438475
4.2529389135032735E-6     -4.1660114053615935E-6   2273.190995684424
4.320546444791343E-6      -4.0563732163973415E-6   2738.0543520513966
3.984379876606562E-6      -4.394086665673253E-6    457.05597396852426
4.051987407894631E-6      -4.284448476709002E-6    899.7878516958599
4.1195949391827E-6        -4.17481028774475E-6     1355.0824658936149
4.187202470470769E-6      -4.065172098780499E-6    1809.844725579887
3.9186434335740575E-6     -4.293247359092159E-6    -3.0603161767792244
3.986250964862126E-6      -4.183609170127908E-6    450.27270990720217
4.053858496150196E-6      -4.073970981163657E-6    905.4440479690847
3.852906990541553E-6      -4.192408052511065E-6    -462.5160600879658
3.920514521829623E-6      -4.082769863546814E-6    1.5005925340637987
3.7871705475090494E-6     -4.091568745929971E-6    -921.311257765034
4.451630579213582E-6      -4.539746923022312E-6    3497.626231637675
4.418859545608022E-6      -4.41890349636607E-6     3314.9779620106015
4.3860885120024615E-6     -4.298060069709827E-6    3130.0637312422527
4.353317478396902E-6      -4.177216643053584E-6    2945.5397701508296
4.351252014319952E-6      -4.52854168533032E-6     2844.829756826959
4.318480980714392E-6      -4.407698258674078E-6    2654.0591242193545
4.285709947108833E-6      -4.286854832017835E-6    2469.8507009277364
4.2508734494263235E-6     -4.51733644763833E-6     2192.6807658706084
4.218102415820763E-6      -4.396493020982087E-6    1993.8025384581772
4.150494884532694E-6      -4.506131209946337E-6    1541.1792587686307
4.422852649483752E-6      -4.629556490879451E-6    3305.0422974092107
4.322474084590122E-6      -4.618351253187459E-6    2661.102432411741
4.222095519696493E-6      -4.607146015495468E-6    2017.7952830929341
4.394074719753921E-6      -4.71936605873659E-6     3115.078895707914
4.293696154860292E-6      -4.708160821044598E-6    2471.16747006643
4.36529679002409E-6       -4.8091756265937285E-6   2925.079795715579
-4.424433052831618E-6     -4.70931210369065E-7     10107.296296314293
-4.311778832488678E-6     -4.818095769874476E-7    7855.936182885716
-4.199124612145738E-6     -4.926879436058301E-7    5604.135219037769
-4.086470391802798E-6     -5.035663102242127E-7    3351.893404770455
-4.382709829441153E-6     -3.7892064161892857E-7   9717.555608964569
-4.270055609098213E-6     -3.8979900823731106E-7   7311.853619349491
-4.157401388755273E-6     -4.0067737485569366E-7   4905.675826816625
-4.340986606050688E-6     -2.86910072868792E-7     9209.086790681893
-4.2283323857077476E-6    -2.977884394871746E-7    6807.742842126946
-4.299263382660222E-6     -1.9489950411865553E-7   8703.911373618212
-3.652167926987504E-6     -2.108067779257599E-7    -5850.495484058669
-3.7160041528190685E-6    -3.1369571329427896E-7   -4287.99326823607
-3.779840378650633E-6     -4.16584648662798E-7     -2720.693223656428
-3.8436766044821985E-6    -5.194735840313171E-7    -1437.2380640371402
-3.5858645858414082E-6    -3.187246204830007E-7    -7023.255792025914
-3.6497008116729732E-6    -4.216135558515198E-7    -5460.103452802126
-3.7135370375045382E-6    -5.245024912200389E-7    -3987.7952768689065
-3.5195612446953134E-6    -4.2664246304024153E-7   -8202.542442035108
-3.5833974705268784E-6    -5.295313984087607E-7    -6541.2671289567115
-3.4532579035492186E-6    -5.345603055974824E-7    -9097.653620300604
1.0137128459037001E-6     -2.200709339340046E-7    -55307.09814771
9.488427687203533E-7      -3.306704578652401E-7    -53266.53852230053
8.839726915370063E-7      -4.4126998179647553E-7   -51231.91652671763
8.191026143536594E-7      -5.518695057277111E-7    -49140.23388270142
1.0815232693720967E-6     -3.295423439367737E-7    -52256.05089603373
1.0166531921887496E-6     -4.401418678680092E-7    -50212.2338643495
9.517831150054027E-7      -5.507413917992446E-7    -48178.13473856378
1.1493336928404928E-6     -4.390137539395428E-7    -49205.325656806424
1.0844636156571457E-6     -5.496132778707782E-7    -47228.26095404755
1.2171441163088893E-6     -5.484851639423119E-7    -46290.61252915276
-2.990666479836113E-6     -2.1869330190427042E-7   -20340.571733312456
-3.056894948094665E-6     -3.2661114446151125E-7   -18154.18707948314
-3.1231234163532174E-6    -4.345289870187521E-7    -15963.904238841997
-3.1893518846117702E-6    -5.424468295759929E-7    -14076.231325654753
-2.9231284961348765E-6    -3.294687612513E-7       -20808.96046327255
-2.989356964393429E-6     -4.3738660380854085E-7   -18621.04495399068
-3.0555854326519813E-6    -5.453044463657817E-7    -16539.97971548452
-2.8555905124336408E-6    -4.402442205983296E-7    -21284.52530859949
-2.921818980692193E-6     -5.481620631555704E-7    -19009.81682572829
-2.7880525287324046E-6    -5.510196799453592E-7    -21485.742656386075
-2.334578573474753E-6     -2.2163385527920518E-7   -33545.68530763389
-2.396766000957112E-6     -3.3240931462623475E-7   -30968.57910770449
-2.4589534284394713E-6    -4.4318477397326434E-7   -28389.064336334817
-2.52114085592183E-6      -5.539602333202939E-7    -26091.288128106662
-2.263620780106326E-6     -3.3249225121138077E-7   -33319.11546378365
-2.325808207588685E-6     -4.4326771055841036E-7   -30740.065178754758
-2.3879956350710442E-6    -5.5404316990544E-7      -28262.380662407908
-2.1926629867378995E-6    -4.4335064714355634E-7   -33100.11798807844
-2.2548504142202583E-6    -5.54126106490586E-7     -30442.168696058914
-2.121705193369473E-6     -5.54209043075732E-7     -32630.652229059684
3.4330438172595543E-7     -2.2184598374226533E-7   -58814.76400067384
2.797850074798845E-7      -3.3309244355329515E-7   -56224.56075579996
2.1626563323381352E-7     -4.443389033643249E-7    -53638.82046838735
1.5274625898774258E-7     -5.555853631753549E-7    -51087.65629432745
4.132039711584278E-7      -3.3244550767350083E-7   -55963.562097726375
3.496845969123569E-7      -4.4369196748453065E-7   -53369.80183199714
2.8616522266628597E-7     -5.549384272955604E-7    -50817.43777036651
4.831035605909002E-7      -4.430450316047363E-7    -53114.78425726568
4.1958418634482933E-7     -5.542914914157661E-7    -50560.616203589394
5.530031500233726E-7      -5.536445555359718E-7    -50317.19159399609
-1.6728721838780734E-6    -2.219969620572313E-7    -44844.737632098644
-1.733664686681897E-6     -3.3285535798940693E-7   -41976.177968473785
-1.7944571894857208E-6    -4.437137539215825E-7    -39106.82680392335
-1.8552496922895448E-6    -5.545721498537581E-7    -36485.339675186566
-1.6003544064527547E-6    -3.3313552818228706E-7   -43848.05965854226
-1.6611469092565784E-6    -4.439939241144626E-7    -40976.93802367126
-1.7219394120604026E-6    -5.548523200466382E-7    -38202.04963496275
-1.527836629027436E-6     -4.442740943073428E-7    -42858.62016558068
-1.5886291318312602E-6    -5.551324902395184E-7    -39929.862118375844
-1.455318851602118E-6     -5.554126604323985E-7    -41668.77712542587
-1.0011380640366569E-6    -2.225157686967954E-7    -53342.11294329156
-1.0633852783875242E-6    -3.3365433482185116E-7   -50325.394871739074
-1.1256324927383912E-6    -4.4479290094690685E-7   -47309.68722532029
-1.1878797070892587E-6    -5.559314670719626E-7    -44491.16057627007
-9.292564141038073E-7     -3.338929712685351E-7    -51574.03265761821
-9.915036284546746E-7     -4.450315373935908E-7    -48554.112489124745
-1.0537508428055416E-6    -5.561701035186466E-7    -45622.82191737565
-8.573747641709575E-7     -4.4527017384027474E-7   -49812.000375705335
-9.196219785218248E-7     -5.564087399653304E-7    -46767.38332720879
-7.854931142381079E-7     -5.566473764120144E-7    -47924.84480576946
-3.285618908527641E-7     -2.226236623827695E-7    -58140.28680594564
-3.914499075357337E-7     -3.340008649545092E-7    -55218.23750636961
-4.5433792421870324E-7    -4.453780675262488E-7    -52298.992226061506
-5.17225940901673E-7      -5.567552700979885E-7    -49502.14683428423
-2.5731159848301566E-7    -3.338701221937993E-7    -55732.22868831306
-3.2019961516598527E-7    -4.45247324765539E-7     -52806.64230039293
-3.830876318489548E-7     -5.566245273372786E-7    -49949.7884825856
-1.8606130611326724E-7    -4.451165820048291E-7    -53328.58610321038
-2.4894932279623685E-7    -5.564937845765688E-7    -50411.113738385655
-1.1481101374351883E-7    -5.56363041815859E-7     -50886.12260168443
1.0389121316700371E-6     -1.0969811106454477E-6   -38538.79853457381
1.1010946287281562E-6     -9.870562985191273E-7    -39980.38663045806
1.1632771257862754E-6     -8.771314863928068E-7    -41346.758041372465
1.2254596228443942E-6     -7.672066742664864E-7    -42717.943221734015
1.2876421199025136E-6     -6.572818621401658E-7    -44093.94217154267
9.684141280764129E-7      -9.881844124475937E-7    -40805.41535300667
1.030596625134532E-6      -8.782596003212731E-7    -42229.248496016706
1.092779122192651E-6      -7.683347881949528E-7    -43623.4577590938
1.15496161925077E-6       -6.584099760686322E-7    -45022.475803180685
8.979161244827887E-7      -8.793877142497396E-7    -43111.6798543475
9.600986215409077E-7      -7.694629021234191E-7    -44511.15868609003
1.0222811185990268E-6     -6.595380899970987E-7    -45902.31029716395
8.274181208891646E-7      -7.705910160518855E-7    -45418.91635858467
8.896006179472836E-7      -6.606662039255651E-7    -46793.82105556494
7.569201172955402E-7      -6.617943178540315E-7    -47727.124865718186
1.3552904484452594E-6     -7.650088232195696E-7    -41623.72132907777
1.2931079513871403E-6     -8.749336353458899E-7    -40276.19998912376
1.2309254543290214E-6     -9.848584474722105E-7    -38933.497407054136
1.1687429572709023E-6     -1.0947832595985309E-6   -37528.34827151287
1.4229387769880055E-6     -8.727357842989731E-7    -39213.41190913669
1.3607562799298864E-6     -9.826605964252937E-7    -37863.48265174606
1.2985737828717675E-6     -1.092585408551614E-6    -36515.95245106111
1.4905871055307516E-6     -9.804627453783769E-7    -36802.63850964683
1.4284046084726327E-6     -1.0903875575046972E-6   -35512.34398538871
1.5582354340734979E-6     -1.0881897064577804E-6   -34517.5228744957
1.387148922529001E-6      -1.6243767262797427E-6   -29371.535753476375
1.4473323899580734E-6     -1.516699752105967E-6    -30276.89897417835
1.5075158573871457E-6     -1.409022777932191E-6    -31110.579830504197
1.5676993248162182E-6     -1.3013458037584153E-6   -31948.13912683531
1.6278827922452905E-6     -1.1936688295846393E-6   -32789.576863171686
1.3175015643572082E-6     -1.5188976031528838E-6   -31160.86642219386
1.3776850317862805E-6     -1.4112206289791078E-6   -32048.529180166577
1.437868499215353E-6      -1.3035436548053319E-6   -32909.6648632883
1.4980519666444253E-6     -1.1958666806315561E-6   -33774.70334269383
1.2478542061854154E-6     -1.4134184800260247E-6   -32989.14756659427
1.3080376736144879E-6     -1.3057415058522487E-6   -33852.72193476492
1.3682211410435602E-6     -1.198064531678473E-6    -34711.60288721949
1.1782068480136227E-6     -1.3079393568991658E-6   -34817.60300227748
1.238390315442695E-6      -1.2002623827253898E-6   -35656.90652809499
1.1085594898418298E-6     -1.2024602337723066E-6   -36646.23272924348
1.695428312894484E-6      -1.3010424927103357E-6   -30833.41223201796
1.6352448454654115E-6     -1.4087194668841112E-6   -30019.983072239338
1.5750613780363392E-6     -1.5163964410578872E-6   -29210.40799618741
1.514877910607267E-6      -1.6240734152316632E-6   -28351.653600826612
1.7629738335436776E-6     -1.4084161558360319E-6   -28932.951416647935
1.7027903661146053E-6     -1.5160931300098078E-6   -28117.772563406917
1.642606898685533E-6      -1.6237701041835834E-6   -27319.572975218754
1.8305193541928709E-6     -1.5157898189617278E-6   -27031.56338571521
1.7703358867637986E-6     -1.6234667931355038E-6   -26293.685685852404
1.8980648748420648E-6     -1.6231634820874242E-6   -25273.991732727565
2.080982056738357E-6      -1.746248291539498E-6    -22654.144157426555
2.1361702505563828E-6     -1.8696364120396511E-6   -21216.964469075934
2.1913584443744092E-6     -1.9930245325398042E-6   -19778.2587252147
2.2465466381924353E-6     -2.1164126530399577E-6   -18338.02692584283
2.3017348320104613E-6     -2.239800773540111E-6    -17076.957550200917
2.222348930509304E-6      -1.7519223548132074E-6   -21180.836604700296
2.27753712432733E-6       -1.8753104753133607E-6   -19787.918291286187
2.3327253181453562E-6     -1.998698595813514E-6    -18393.32184305965
2.3879135119633827E-6     -2.1220867163136674E-6   -17083.33314534013
2.3637158042802515E-6     -1.7575964180869168E-6   -19766.955190600445
2.418903998098278E-6      -1.8809845385870704E-6   -18372.855710957978
2.474092191916304E-6      -2.0043726590872235E-6   -16993.232495664757
2.505082678051199E-6      -1.7632704813606267E-6   -18358.033639639703
2.560270871869225E-6      -1.88665860186078E-6     -16908.610439537293
2.6464495518221467E-6     -1.7689445446343365E-6   -16829.466976957738
2.7768710925322656E-6     -2.207010050980811E-6    -12848.261133766533
2.744265707354736E-6      -2.097493674394192E-6    -13779.362914400135
2.7116603221772057E-6     -1.9879772978075735E-6   -14755.695566279008
2.6790549369996762E-6     -1.8784609212209548E-6   -15730.861928844757
2.6580870274018143E-6     -2.215207731620636E-6    -13926.189037076916
2.6254816422242844E-6     -2.105691355034017E-6    -14906.37384511089
2.592876257046755E-6      -1.9961749784473987E-6   -15881.004009864853
2.539302962271363E-6      -2.223405412260461E-6    -15007.06954628123
2.5066975770938335E-6     -2.113889035673842E-6    -16036.459217197369
2.420518897140912E-6      -2.231603092900286E-6    -16090.902661379518
2.7526425731071656E-6     -2.298982929486555E-6    -12727.361579852142
2.6338585079767144E-6     -2.3071806101263797E-6   -13756.738254042615
2.515074442846263E-6      -2.315378290766205E-6    -14788.945698645248
2.3962903777158127E-6     -2.32357597140603E-6     -15811.227956766525
2.7284140536820657E-6     -2.390955807992299E-6    -12560.858552801024
2.609629988551615E-6      -2.3991534886321243E-6   -13592.469512396881
2.490845923421164E-6      -2.4073511692719495E-6   -14619.854958313881
2.7041855342569658E-6     -2.482928686498043E-6    -12395.149213171577
2.585401469126515E-6      -2.4911263671378684E-6   -13427.776484720902
2.6799570148318667E-6     -2.574901565003788E-6    -12234.992535987582
1.6959532201398151E-6     -2.0569074968068614E-6   -23036.445603294953
1.7619213486959184E-6     -1.970098031653358E-6    -23394.174163059713
1.8278894772520215E-6     -1.8832885664998545E-6   -23623.318315696313
1.8938576058081245E-6     -1.7964791013463513E-6   -23855.71677468124
1.959825734364228E-6      -1.709669636192848E-6    -24091.369540014544
1.6341923606176524E-6     -1.970401342701438E-6    -24317.37491438572
1.7001604891737554E-6     -1.8835918775479343E-6   -24591.189960103693
1.7661286177298583E-6     -1.7967824123944307E-6   -24863.710941631703
1.8320967462859613E-6     -1.7099729472409275E-6   -25139.559397008903
1.5724315010954896E-6     -1.8838951885960139E-6   -25568.6673522641
1.6383996296515925E-6     -1.7970857234425104E-6   -25827.233252376755
1.7043677582076957E-6     -1.7102762582890072E-6   -26098.321155610283
1.5106706415733266E-6     -1.7973890344905902E-6   -26819.841534185656
1.5766387701294297E-6     -1.7105795693370866E-6   -27063.043331605862
1.4489097820511637E-6     -1.7108828803851664E-6   -28070.897460150423
1.8171095425139445E-6     -2.0934861521535113E-6   -21874.541493674948
1.938265864888074E-6      -2.130064807500161E-6    -20674.986267602246
2.0594221872622027E-6     -2.166643462846811E-6    -19478.238924342586
2.180578509636332E-6      -2.203222118193461E-6    -18284.299463896008
1.8830776710700475E-6     -2.006676687000008E-6    -22134.99243944719
2.0042339934441766E-6     -2.0432553423466575E-6   -20839.376119553377
2.1253903158183055E-6     -2.0798339976933074E-6   -19546.585911651302
1.9490457996261506E-6     -1.9198672218465044E-6   -22323.01729842192
2.07020212200028E-6       -1.9564458771931543E-6   -21031.091592052137
2.0150139281822534E-6     -1.833057756693001E-6    -22514.223296244123
2.3130176045681766E-6     -2.844312710357198E-6    -13756.783197696568
2.4053165957619847E-6     -2.8071855208597E-6      -13175.301073634531
2.497615586955793E-6      -2.770058331362202E-6    -12629.326715309477
2.589914578149601E-6      -2.7329311418647037E-6   -12085.600116431699
2.6822135693434095E-6     -2.6958039523672053E-6   -11544.121277001177
2.310761050056634E-6      -2.7234103229937806E-6   -14328.041096473273
2.403060041250442E-6      -2.6862831334962822E-6   -13803.076011707026
2.49535903244425E-6       -2.649155943998784E-6    -13279.582347343094
2.587658023638058E-6      -2.6120287545012856E-6   -12758.474180444522
2.3085044955450906E-6     -2.6025079356303634E-6   -14992.926391798832
2.4008034867388987E-6     -2.565380746132865E-6    -14468.279856638881
2.493102477932707E-6      -2.5282535566353667E-6   -13946.226435221257
2.3062479410335474E-6     -2.4816055482669457E-6   -15657.742126646506
2.3985469322273555E-6     -2.4444783587694474E-6   -15133.411852694198
2.3039913865220046E-6     -2.3607031609035285E-6   -16322.4883010163
2.7722383624191377E-6     -2.7859325468918312E-6   -10567.60032420484
2.6799393712253287E-6     -2.823059736389329E-6    -11129.123896160174
2.5876403800315206E-6     -2.8601869258868275E-6   -11693.304030223784
2.4953413888377125E-6     -2.8973141153843258E-6   -12259.59418571653
2.4030423976439044E-6     -2.934441304881824E-6    -12836.072682811797
2.769964164301057E-6      -2.9131883309139555E-6   -10176.772874756436
2.6776651731072483E-6     -2.9503155204114534E-6   -10740.227315123564
2.58536618191344E-6       -2.9874427099089517E-6   -11305.792816769224
2.493067190719632E-6      -3.02456989940645E-6     -11881.146387097608
2.7676899661829765E-6     -3.0404441149360793E-6   -9786.013070175268
2.675390974989168E-6      -3.0775713044335776E-6   -10351.397722528469
2.58309198379536E-6       -3.114698493931076E-6    -10925.762525622878
2.765415768064896E-6      -3.1676998989582035E-6   -9395.320910461349
2.673116776871088E-6      -3.204827088455702E-6    -9969.921098387582
2.7631415699468157E-6     -3.2949556829803277E-6   -9056.312910862225
3.13531609451805E-6       -3.0129746231363013E-6   -6953.344187891951
3.044546661493322E-6      -2.9562141040751836E-6   -7874.434468689998
2.9537772284685934E-6     -2.899453585014066E-6    -8772.73364249797
2.8630077954438655E-6     -2.8426930659529485E-6   -9670.637774562625
3.0422724633752413E-6     -3.0834698880973074E-6   -7490.988951564003
2.951503030350513E-6      -3.02670936903619E-6     -8378.644499469097
2.860733597325785E-6      -2.9699488499750728E-6   -9277.906727909114
2.9492288322324327E-6     -3.1539651530583147E-6   -8030.879704283618
2.8584593992077044E-6     -3.0972046339971966E-6   -8885.243982548558
2.8561852010896244E-6     -3.224460418019321E-6    -8573.01644605082
3.1751280298942117E-6     -3.109684354336086E-6    -6438.079386803303
3.0820843987514026E-6     -3.1801796192970925E-6   -7010.50192399352
2.9890407676085943E-6     -3.2506748842580994E-6   -7585.026986978495
2.895997136465786E-6      -3.3211701492191063E-6   -8056.48297175395
3.2149399652703724E-6     -3.2063940855358715E-6   -5944.500529273153
3.121896334127564E-6      -3.2768893504968785E-6   -6517.30305245653
3.028852702984756E-6      -3.347384615457885E-6    -7039.112450549865
3.254751900646534E-6      -3.3031038167356566E-6   -5450.211550054732
3.161708269503726E-6      -3.3735990816966636E-6   -6022.408871900304
3.2945638360226957E-6     -3.3998135479354426E-6   -5006.372235805244
3.3590084000368145E-6     -3.528281668877224E-6    -4371.774518390283
3.2261528335178446E-6     -3.502067202638445E-6    -5374.50668133139
3.0932972669988743E-6     -3.4758527363996663E-6   -6339.952085831476
2.960441700479904E-6      -3.4496382701608877E-6   -7306.098943320403
2.8275861339609346E-6     -3.423423803922109E-6    -8316.642691998206
3.290597397531963E-6      -3.630535323580226E-6    -4711.448428635693
3.1577418310129927E-6     -3.6043208573414476E-6   -5692.895479400147
3.0248862644940233E-6     -3.578106391102669E-6    -6659.894626293432
2.892030697975053E-6      -3.5518919248638903E-6   -7649.104863535744
3.222186395027112E-6      -3.732788978283229E-6    -5052.434196121378
3.0893308285081417E-6     -3.7065745120444503E-6   -6012.698416668723
2.956475261989172E-6      -3.6803600458056717E-6   -6980.679787536032
3.1537753925222605E-6     -3.835042632986231E-6    -5394.73182084736
3.0209198260032906E-6     -3.808828166747453E-6    -6311.367463999068
3.0853643900174094E-6     -3.937296287689234E-6    -5698.634232335823
3.4178113404237902E-6     -3.641221953912155E-6    -3805.665502850492
3.3494003379189388E-6     -3.7434756086151575E-6   -4168.1604625739865
3.2809893354140877E-6     -3.84572926331816E-6     -4531.864997578217
3.2125783329092366E-6     -3.947982918021163E-6    -4849.794017058497
3.4766142808107664E-6     -3.754162238947086E-6    -3276.6816336999054
3.4082032783059153E-6     -3.856415893650089E-6    -3639.1587883316347
3.339792275801064E-6      -3.958669548353092E-6    -3985.2495598651312
3.535417221197742E-6      -3.8671025239820175E-6   -2746.8346995086576
3.467006218692891E-6      -3.96935617868502E-6     -3121.088824126704
3.5942201615847183E-6     -3.980042809016949E-6    -2257.3118098432087
3.6627082743069828E-6     -4.0888113926850645E-6   -1773.4908273907367
3.535494331415155E-6      -4.0781247623531355E-6   -2626.141251410025
3.408280388523328E-6      -4.067438132021207E-6    -3461.300400932989
3.2810664456315007E-6     -4.056751501689278E-6    -4296.8448729422125
3.153852502739674E-6      -4.04606487135735E-6     -5155.8777323099
3.60398244413742E-6       -4.186893346021251E-6    -2110.425133304906
3.4767685012455924E-6     -4.176206715689323E-6    -2954.4165077811604
3.3495545583537656E-6     -4.165520085357394E-6    -3790.350127031973
3.2223406154619384E-6     -4.1548334550254656E-6   -4638.365073358238
3.545256613967857E-6      -4.2849752993574385E-6   -2447.924391435202
3.4180426710760297E-6     -4.2742886690255094E-6   -3283.324688523075
3.2908287281842025E-6     -4.263602038693581E-6    -4120.408739815259
3.4865307837982946E-6     -4.383057252693625E-6    -2785.988601781634
3.3593168409064674E-6     -4.372370622361697E-6    -3602.008731680959
3.7284447173394866E-6     -4.189650699266159E-6    -1286.487774816133
3.6697188871699235E-6     -4.287732652602345E-6    -1632.8356548888487
3.610993057000361E-6      -4.385814605938532E-6    -1979.6805150230389
3.552267226830799E-6      -4.4838965592747185E-6   -2308.4806338857225
3.7941811603719905E-6     -4.290490005847251E-6    -816.7832511714018
3.7354553302024278E-6     -4.388571959183439E-6    -1163.1111861317825
3.676729500032865E-6      -4.486653912519626E-6    -1503.984060007304
3.859917603404494E-6      -4.391329312428346E-6    -346.50065947395956
3.801191773234932E-6      -4.489411265764533E-6    -699.4354073523364
3.925654046436999E-6      -4.49216861900944E-6     105.16532407918532
3.876266031326073E-6      -4.59318342455857E-6     -220.3690685790001
3.751803758124006E-6      -4.590426071313663E-6    -1012.5946203595995
3.6273414849219396E-6     -4.587668718068756E-6    -1804.757212353659
3.826878016215148E-6      -4.6941982301077E-6      -526.8716602056921
3.702415743013081E-6      -4.691440876862793E-6    -1319.2899505020487
3.777490001104222E-6      -4.79521303565683E-6     -833.5371269979023
-4.506535709437529E-6     -5.834541378456058E-7    11123.136708374306
-4.599118254802617E-6     -6.343007119526112E-7    12538.995207175249
-4.691700800167705E-6     -6.851472860596165E-7    13938.266909356022
-4.784283345532794E-6     -7.35993860166622E-7     15342.000553927248
-4.475984145700499E-6     -7.068554319405291E-7    10115.190222361323
-4.568566691065588E-6     -7.577020060475345E-7    11503.984251593396
-4.661149236430676E-6     -8.085485801545399E-7    12906.165545511461
-4.4454325819634705E-6    -8.302567260354524E-7    9104.774984495049
-4.538015127328558E-6     -8.811033001424578E-7    10466.5671239521
-4.414881018226442E-6     -9.536580201303758E-7    8091.890994775444
-4.393881489094589E-6     -5.943325044639884E-7    9005.11168259389
-4.363329925357559E-6     -7.177337985589116E-7    8022.417269378286
-4.33277836162053E-6      -8.411350926538349E-7    7037.191524515532
-4.302226797883502E-6     -9.645363867487584E-7    6231.637543613686
-4.2812272687516486E-6    -6.052108710823709E-7    6907.729497903161
-4.25067570501462E-6      -7.286121651772942E-7    5920.313096178772
-4.22012414127759E-6      -8.520134592722176E-7    5004.932697058122
-4.1685730484087085E-6    -6.160892377007535E-7    4809.9414152914815
-4.13802148467168E-6      -7.394905317956768E-7    3784.4032151108895
-4.055918828065769E-6     -6.269676043191361E-7    2570.0490977719533
-3.90755712305952E-6      -6.30729087597962E-7     -231.92043446743673
-3.989659779665431E-6     -7.432520150745027E-7    1231.6312876940765
-4.071762436271341E-6     -8.557749425510433E-7    2555.161604085817
-4.153865092877253E-6     -9.68297870027584E-7     3884.5359022447064
-4.235967749483164E-6     -1.080820797504125E-6    4895.9787521746175
-3.841298074659182E-6     -7.470134983533284E-7    -1339.49848924634
-3.923400731265093E-6     -8.595364258298692E-7    29.689064293694173
-4.005503387871004E-6     -9.720593533064102E-7    1354.0970526987749
-4.087606044476915E-6     -1.0845822807829507E-6   2540.0939201655447
-3.775039026258844E-6     -8.632979091086951E-7    -2452.5255177585523
-3.857141682864755E-6     -9.758208365852356E-7    -1177.4759094160854
-3.939244339470666E-6     -1.0883437640617766E-6   183.08355645033225
-3.7087799778585065E-6    -9.795823198640615E-7    -3571.001520004058
-3.7908826344644175E-6    -1.0921052473406025E-6   -2175.0523389710115
-3.6425209294581684E-6    -1.0958667306194282E-6   -4500.686977140981
-3.3869988551488806E-6    -6.508447163528489E-7    -9977.182468736952
-3.5171384221265404E-6    -6.458158091641271E-7    -7469.314076561965
-3.6472779891041998E-6    -6.407869019754053E-7    -5102.670806617927
-3.7774175560818596E-6    -6.357579947866835E-7    -2738.8280550987183
-3.4508793737262027E-6    -7.621002199194938E-7    -8553.015077084681
-3.581018940703862E-6     -7.57071312730772E-7     -6127.579541476542
-3.7111585076815224E-6    -7.520424055420502E-7    -3757.450529600079
-3.5147598923035245E-6    -8.733557234861385E-7    -7125.007555056057
-3.644899459281184E-6     -8.683268162974168E-7    -4781.748201258639
-3.5786404108808463E-6    -9.846112270527833E-7    -5693.159902651052
-3.5076527926319185E-6    -1.0998662007995729E-6   -6523.308001890613
-3.372784655805668E-6     -1.1038656709797176E-6   -8580.021414756291
-3.2379165189794186E-6    -1.1078651411598623E-6   -10640.559502971988
-3.1030483821531687E-6    -1.111864611340007E-6    -12704.922266537718
-2.9681802453269188E-6    -1.1158640815201517E-6   -14742.836142697854
-3.4437722740545963E-6    -9.88610697232928E-7     -7792.3751615284855
-3.3089041372283464E-6    -9.926101674130727E-7    -10014.135884063959
-3.1740360004020964E-6    -9.966096375932174E-7    -12239.880902834106
-3.039167863575847E-6     -1.0006091077733622E-6   -14339.974044681034
-3.3798917554772746E-6    -8.773551936662832E-7    -9306.788850874796
-3.2450236186510246E-6    -8.81354663846428E-7     -11525.710361364554
-3.1101554818247747E-6    -8.853541340265727E-7    -13713.411259072887
-3.3160112368999524E-6    -7.660996900996385E-7    -10817.619084600869
-3.181143100073703E-6     -7.700991602797832E-7    -13093.119499357588
-3.2521307183226306E-6    -6.548441865329936E-7    -12479.09876553516
-2.7170649104834764E-6    -6.662746536921487E-7    -21874.83984950513
-2.850831362443265E-6     -6.634170369023599E-7    -19460.21225983736
-2.984597814403053E-6     -6.605594201125711E-7    -17178.74759464489
-3.118364266362842E-6     -6.577018033227824E-7    -14903.120730820307
-2.7798437441943372E-6    -7.786720106491495E-7    -20047.17381133444
-2.9136101961541258E-6    -7.758143938593607E-7    -17713.229803297596
-3.047376648113914E-6     -7.72956777069572E-7     -15429.964808799983
-2.8426225779051976E-6    -8.910693676061502E-7    -18216.792488710853
-2.9763890298649857E-6    -8.882117508163614E-7    -15963.271673859515
-2.9054014116160584E-6    -1.003466724563151E-6    -16383.695881634372
3.8085895519601015E-7     -1.1084545280280682E-6   -40944.80140489002
4.4197158689719134E-7     -9.973631463536902E-7    -42786.32127628414
5.030842185983725E-7      -8.862717646793119E-7    -44612.683111080565
5.641968502995537E-7      -7.751803830049338E-7    -46442.85943716894
6.253094820007349E-7      -6.640890013305556E-7    -48276.85025454924
3.08552623218648E-7       -9.980100822334844E-7    -43040.385044823284
3.696652549198291E-7      -8.869187005591061E-7    -44865.415367820606
4.307778866210103E-7      -7.758273188847281E-7    -46695.18680172038
4.918905183221914E-7      -6.647359372103498E-7    -48528.69924868031
2.3624629124128579E-7     -8.875656364389005E-7    -45119.31831317561
2.9735892294246695E-7     -7.764742547645224E-7    -46947.02655201869
3.5847155464364814E-7     -6.653828730901442E-7    -48773.52548772811
1.639399592639236E-7      -7.771211906443167E-7    -47200.92543881123
2.2505259096510475E-7     -6.660298089699385E-7    -49031.14457948477
9.163362728656139E-8      -6.666767448497329E-7    -49285.20642173018
6.958074855943591E-7      -7.728856995284096E-7    -45923.13889527089
6.346948538931779E-7      -8.839770812027877E-7    -44092.92410701285
5.735822221919967E-7      -9.950684628771659E-7    -42266.59728827849
5.124695904908155E-7      -1.1061598445515441E-6   -40441.938173136456
7.663054891879833E-7      -8.816823977262637E-7    -43590.43497017572
7.051928574868022E-7      -9.927737794006418E-7    -41757.46107020977
6.44080225785621E-7       -1.1038651610750199E-6   -39946.86464817304
8.368034927816075E-7      -9.904790959241178E-7    -41258.92287147157
7.756908610804263E-7      -1.1015704775984958E-6   -39461.93875553558
9.073014963752318E-7      -1.0992757941219718E-6   -38987.160495224045
-2.293822009155991E-6     -1.1066264633713753E-6   -24246.38935034601
-2.23276960182853E-6      -9.96159566629276E-7     -26168.436966525656
-2.1717171945010693E-6    -8.856926698871764E-7    -28271.84608309403
-2.1106647871736085E-6    -7.752257731450768E-7    -30373.879631394928
-2.0496123798461477E-6    -6.647588764029774E-7    -32474.537611428343
-2.365914822679316E-6     -9.960766300441298E-7    -24370.22236780705
-2.3048624153518552E-6    -8.856097333020303E-7    -26285.01407287991
-2.243810008024394E-6     -7.751428365599308E-7    -28315.831500127344
-2.1827576006969336E-6    -6.646759398178314E-7    -30345.030668367745
-2.438007636202641E-6     -8.855267967168844E-7    -24306.098057201154
-2.37695522887518E-6      -7.750598999747848E-7    -26308.728320467595
-2.3159028215477196E-6    -6.645930032326853E-7    -28337.78017682122
-2.510100449725966E-6     -7.749769633896389E-7    -24248.26244072754
-2.449048042398505E-6     -6.645100666475394E-7    -26338.868717070432
-2.582193263249291E-6     -6.644271300623934E-7    -24196.715518386212
-2.6449720969601517E-6    -7.768244870193942E-7    -22136.170981805037
-2.707750930671012E-6     -8.892218439763948E-7    -20224.752319945615
-2.7705297643818725E-6    -1.0016192009333956E-6   -18310.87876207873
-2.8333085980927333E-6    -1.1140165578903965E-6   -16633.175117147417
-2.572879283436826E-6     -8.873743203466396E-7    -22276.3282302469
-2.635658117147687E-6     -9.997716773036404E-7    -20363.64085563482
-2.6984369508585474E-6    -1.1121690342606412E-6   -18534.753527725225
-2.5007864699135015E-6    -9.97924153673885E-7     -22422.636717938134
-2.563565303624362E-6     -1.1103215106308859E-6   -20442.335443873017
-2.4286936563901764E-6    -1.1084739870011306E-6   -22355.920865590797
-1.6245509571687596E-6    -1.1061679085776302E-6   -32053.95443053983
-1.564042480009603E-6     -9.9607289298716E-7      -34166.005234793156
-1.503534002850446E-6     -8.859778773966896E-7    -36426.026616020295
-1.4430255256912891E-6    -7.758828618062193E-7    -38686.01136144163
-1.3825170485321325E-6    -6.657878462157489E-7    -40945.959471057155
-1.6973527602387451E-6    -9.957927227942799E-7    -32757.1097643324
-1.6368442830795882E-6    -8.856977072038095E-7    -34859.124621320094
-1.5763358059204313E-6    -7.75602691613339E-7     -37060.05120511523
-1.5158273287612744E-6    -6.655076760228687E-7    -39260.72136388779
-1.7701545633087304E-6    -8.854175370109293E-7    -33301.110891993725
-1.7096460861495735E-6    -7.75322521420459E-7     -35477.96558252668
-1.6491376089904168E-6    -6.652275058299887E-7    -37676.504842418704
-1.842956366378716E-6     -7.750423512275789E-7    -33851.16312386474
-1.782447889219559E-6     -6.649473356371085E-7    -36102.9224460619
-1.9157581694487014E-6    -6.646671654442283E-7    -34407.26645994544
-1.9768105767761622E-6    -7.751340621863279E-7    -32101.887499603577
-2.037862984103623E-6     -8.856009589284273E-7    -29928.083376605828
-2.098915391431084E-6     -9.960678556705268E-7    -27753.146376080203
-2.1599677987585446E-6    -1.1065347524126264E-6   -25790.44575045075
-1.9040087737061767E-6    -8.855092479696783E-7    -31621.306274151142
-1.9650611810336375E-6    -9.959761447117778E-7    -29445.66750809536
-2.0261135883610983E-6    -1.1064430414538774E-6   -27351.038937913825
-1.8312069706361912E-6    -9.958844337530288E-7    -31146.711354789426
-1.892259377963652E-6     -1.1063513304951284E-6   -28919.828512439904
-1.758405167566206E-6     -1.1062596195363792E-6   -30496.814474029008
-2.8569284224434963E-7    -1.1117552703765473E-6   -40674.62423567067
-2.2468881473363987E-7    -1.0006506761122677E-6   -42763.46811732507
-1.6368478722293007E-7    -8.89546081847988E-7     -44896.91997079701
-1.0268075971222033E-7    -7.784414875837084E-7    -47033.029463222716
-4.167673220151053E-8     -6.673368933194287E-7    -49171.79659460217
-3.5882712378635795E-7    -1.0007814188729775E-6   -42420.58242077447
-2.978230962756481E-7     -8.896768246086978E-7    -44494.307629474744
-2.3681906876493834E-7    -7.785722303444182E-7    -46607.977674990856
-1.7581504125422858E-7    -6.674676360801385E-7    -48724.170516076345
-4.3196140532836616E-7    -8.898075673694077E-7    -44095.35414198469
-3.7095737781765636E-7    -7.78702973105128E-7     -46199.34922409812
-3.099533503069466E-7     -6.675983788408484E-7    -48309.79563917696
-5.050956868703744E-7     -7.78833715865838E-7     -45774.3247334529
-4.4409165935966457E-7    -6.677291216015582E-7    -47908.494248788906
-5.782299684123828E-7     -6.678598643622681E-7    -47457.49419517908
3.062959977585164E-8      -7.777813391140125E-7    -47107.61551135917
-3.037442773485814E-8     -8.888859333782921E-7    -44949.16718554638
-9.137845524556788E-8     -9.999905276425717E-7    -42793.51134207171
-1.523824827562777E-7     -1.1110951219068515E-6   -40703.909174995395
1.0293593175321382E-7     -8.882257849085963E-7    -45026.0975842997
4.1931904242504054E-8     -9.993303791728761E-7    -42864.79592834088
-1.90721232682057E-8      -1.1104349734371555E-6   -40747.33271240414
1.75242263730576E-7       -9.986702307031801E-7    -42947.42052853883
1.1423823621986622E-7     -1.10977482496746E-6     -40801.620818983196
2.4754859570793823E-7     -1.109114676497764E-6    -40866.77349473254
-9.555198687495796E-7     -1.1097418863326858E-6   -37650.53092091487
-8.94688744990542E-7      -9.991707116378883E-7    -39828.24168548366
-8.338576212315041E-7     -8.885995369430908E-7    -42107.007238275895
-7.730264974724664E-7     -7.780283622482933E-7    -44387.11207434733
-7.121953737134287E-7     -6.674571875534958E-7    -46668.556193697936
-1.028817609274259E-6     -9.989320751912044E-7    -38913.18615242456
-9.67986485515221E-7      -8.883609004964069E-7    -41078.03321359141
-9.071553617561833E-7     -7.777897258016093E-7    -43315.425950807374
-8.463242379971456E-7     -6.672185511068119E-7    -45553.97271760554
-1.102115349798938E-6     -8.881222640497229E-7    -40055.613075227375
-1.0412842260399002E-6    -7.775510893549254E-7    -42275.78094655021
-9.804531022808627E-7     -6.669799146601279E-7    -44510.25773055734
-1.175413090323617E-6     -7.773124529082415E-7    -41203.40635486893
-1.1145819665645793E-6    -6.66741278213444E-7     -43478.88025818802
-1.2487108308482964E-6    -6.665026417667601E-7    -42356.56599134921
-1.3092193080074533E-6    -7.765976573572304E-7    -39933.68132732503
-1.3697277851666098E-6    -8.866926729477007E-7    -37614.25412586024
-1.4302362623257667E-6    -9.96787688538171E-7     -35295.01007780642
-1.4907447394849236E-6    -1.1068827041286413E-6   -33150.677539597025
-1.235921567482774E-6     -8.874074684987118E-7    -38836.39685800333
-1.2964300446419308E-6    -9.975024840891823E-7    -36514.6376166517
-1.3569385218010875E-6    -1.1075974996796526E-6   -34266.28749114633
-1.1626238269580946E-6    -9.982172796401931E-7    -37744.49352368002
-1.2231323041172515E-6    -1.1083122952306634E-6   -35391.719508731636
-1.0893260864334156E-6    -1.1090270907816747E-6   -36526.97359235294
-6.390610921714204E-7     -7.784310390570656E-7    -45070.2236354482
-6.998922159304581E-7     -8.890022137518631E-7    -42747.249762426574
-7.607233396894958E-7     -9.995733884466605E-7    -40425.80042638109
-8.215544634485337E-7     -1.110144563141458E-6    -38230.30190016785
-5.659268106294121E-7     -8.894048905606354E-7    -43417.6544132817
-6.267579343884499E-7     -9.99976065255433E-7     -41091.97815635045
-6.875890581474876E-7     -1.1105472399502305E-6   -38827.952402275936
-4.927925290874038E-7     -1.000378742064205E-6    -41769.379501563715
-5.536236528464416E-7     -1.1109499167590026E-6   -39436.36705264091
-4.1965824754539565E-7    -1.111352593567775E-6    -40055.54585126277
9.809352553161994E-7      -1.2094567181987992E-6   -37283.1504593833
8.49324620021394E-7       -1.2117514016753233E-6   -37758.15110539779
7.177139847265885E-7      -1.2140460851518473E-6   -38218.856551655124
5.86103349431783E-7       -1.2163407686283714E-6   -38689.25924323381
4.5449271413697776E-7     -1.2186354521048956E-6   -39170.21717105839
9.229583789623616E-7      -1.3219323257521507E-6   -36002.76402249025
7.913477436675561E-7      -1.3242270092286748E-6   -36473.755796928206
6.597371083727508E-7      -1.3265216927051988E-6   -36940.19742945909
5.281264730779453E-7      -1.328816376181723E-6    -37414.149130805
8.649815026085237E-7      -1.4344079333055022E-6   -34725.5819917361
7.333708673137183E-7      -1.4367026167820262E-6   -35192.532465880795
6.017602320189128E-7      -1.4389973002585505E-6   -35659.63542147812
8.070046262546859E-7      -1.546883540858854E-6    -33451.60436712089
6.753939909598805E-7      -1.549178224335378E-6    -33906.676043077736
7.49027749900848E-7       -1.6593591484122054E-6   -32156.117141247425
1.050582613487992E-6      -1.3149358413256581E-6   -35405.88029879476
9.926057371341541E-7      -1.4274114488790098E-6   -34133.14623927859
9.346288607803164E-7      -1.5398870564323611E-6   -32863.64901461806
8.766519844264787E-7      -1.6523626639857128E-6   -31581.85157487972
1.1202299716597847E-6     -1.4204149644525172E-6   -33552.95932711856
1.062253095305947E-6      -1.5328905720058687E-6   -32278.132587129217
1.0042762189521093E-6     -1.6453661795592202E-6   -31011.63568801028
1.1898773298315776E-6     -1.5258940875793762E-6   -31700.395099276204
1.1319004534777397E-6     -1.6383696951327277E-6   -30448.867725309356
1.2595246880033705E-6     -1.6313732107062353E-6   -29893.547686776932
1.3352073104027502E-6     -1.744136192081333E-6    -28456.28077337767
1.2075830758771196E-6     -1.7511326765078253E-6   -29005.689441056154
1.079958841351489E-6      -1.7581291609343176E-6   -29545.5277361143
9.523346068258583E-7      -1.7651256453608102E-6   -30092.482939873582
8.247103723002279E-7      -1.772122129787303E-6    -30654.25915676355
1.2832656982764994E-6     -1.8638956578829229E-6   -27523.132511621734
1.1556414637508688E-6     -1.870892142309415E-6    -28074.944012033055
1.0280172292252382E-6     -1.877888626735908E-6    -28619.268588630468
9.003929946996077E-7      -1.8848851111624002E-6   -29172.91440702315
1.2313240861502487E-6     -1.983655123684513E-6    -26592.475343409093
1.103699851624618E-6      -1.9906516081110054E-6   -27146.671471216836
9.760756170989875E-7      -1.997648092537498E-6    -27692.3346432329
1.179382474023998E-6      -2.103414589486103E-6    -25664.309268739766
1.0517582394983676E-6     -2.1104110739125954E-6   -26212.51986539282
1.1274408618977472E-6     -2.223174055287693E-6    -24773.818106873205
1.5822507484914016E-6     -2.090160808503028E-6    -23333.154772073984
1.5204898889692387E-6     -2.003654654397604E-6    -24639.816431321087
1.4587290294470757E-6     -1.91714850029218E-6     -25906.41208376913
1.396968169924913E-6      -1.8306423461867563E-6   -27173.004437347496
1.4685482768429882E-6     -2.123414120199194E-6    -23699.492124138887
1.406787417320825E-6      -2.03690796609377E-6     -24972.366378562627
1.3450265577986622E-6     -1.9504018119883463E-6   -26240.449178269497
1.3548458051945744E-6     -2.1566674318953606E-6   -24071.07802746468
1.2930849456724115E-6     -2.0701612777899363E-6   -25310.403218071162
1.2411433335461607E-6     -2.1899207435915267E-6   -24447.912482051437
1.6939341261077001E-6     -2.185116241474413E-6    -21992.00168654443
1.691915032075585E-6      -2.3133249861419637E-6   -21085.056796143464
1.6898959380434697E-6     -2.4415337308095157E-6   -20178.174234119157
1.6878768440113545E-6     -2.5697424754770665E-6   -19271.35400047151
1.6858577499792393E-6     -2.697951220144618E-6    -18484.421138377435
1.8150904484818293E-6     -2.2216948968210625E-6   -20888.566019942104
1.8130713544497138E-6     -2.3499036414886136E-6   -19978.263122591405
1.8110522604175986E-6     -2.4781123861561656E-6   -19068.02557597783
1.8090331663854838E-6     -2.606321130823717E-6    -18296.509057247953
1.9362467708559584E-6     -2.2582735521677123E-6   -19786.778561192878
1.9342276768238434E-6     -2.3864822968352635E-6   -18874.491723820516
1.932208582791728E-6      -2.5146910415028155E-6   -18013.442950793757
2.0574030932300873E-6     -2.2948522075143622E-6   -18687.78075607801
2.0553839991979727E-6     -2.4230609521819134E-6   -17736.936860477945
2.178559415604217E-6      -2.3314308628610126E-6   -17466.99078630052
1.5802316544592864E-6     -2.218369553170579E-6    -22389.176287454073
1.4665291828108727E-6     -2.251622864866745E-6    -22792.50254439977
1.3528267111624592E-6     -2.2848761765629113E-6   -23200.83901160026
1.2391242395140457E-6     -2.318129488259078E-6    -23577.606056510223
1.5782125604271712E-6     -2.34657829783813E-6     -21485.319816779767
1.4645100887787577E-6     -2.379831609534297E-6    -21890.36042652407
1.3508076171303442E-6     -2.413084921230463E-6    -22303.55179651201
1.5761934663950558E-6     -2.474787042505682E-6    -20581.52265212166
1.4624909947466423E-6     -2.508040354201848E-6    -21031.285897543472
1.574174372362941E-6      -2.602995787173233E-6    -19760.808359604598
2.187585633650389E-6      -2.8150404123146823E-6   -14718.296328366781
2.185329079138846E-6      -2.694138024951265E-6    -15350.126722077921
2.1830725246273026E-6     -2.573235637587847E-6    -16014.28807613235
2.18081597011576E-6       -2.4523332502244298E-6   -16678.382158107554
2.0621536627326015E-6     -2.785768114272166E-6    -15670.385910636549
2.0598971082210583E-6     -2.6648657269087487E-6   -16375.79957546453
2.0576405537095155E-6     -2.5439633395453315E-6   -17038.11529490784
1.936721691814814E-6      -2.75649581622965E-6     -16625.125466948193
1.9344651373032707E-6     -2.6355934288662327E-6   -17404.145579570064
1.8112897208970268E-6     -2.727223518187134E-6    -17582.514997301725
2.2583823457279715E-6     -2.941485990736004E-6    -13767.192466665496
2.132950374810184E-6      -2.9122136926934883E-6   -14665.018377444967
2.0075184038923964E-6     -2.882941394650972E-6    -15544.086486573924
1.8820864329746087E-6     -2.853669096608456E-6    -16425.781393067704
1.7566544620568215E-6     -2.82439679856594E-6     -17366.066734103566
2.203747086887766E-6      -3.0386592711148098E-6   -13698.02860704335
2.0783151159699785E-6     -3.009386973072294E-6    -14580.941062938387
1.952883145052191E-6      -2.980114675029778E-6    -15462.416604654507
1.8274511741344034E-6     -2.950842376987262E-6    -16376.9418185682
2.1491118280475605E-6     -3.1358325514936158E-6   -13630.41684463543
2.023679857129773E-6      -3.1065602534511E-6      -14498.462617269557
1.8982478862119856E-6     -3.077287955408584E-6    -15387.358168198618
2.0944765692073554E-6     -3.2330058318724218E-6   -13564.357179441755
1.969044598289568E-6      -3.203733533829906E-6    -14397.315782994829
2.03984131036715E-6       -3.3301791122512274E-6   -13462.523374676462
2.3484071388036993E-6     -3.03161458526063E-6     -12789.66004069955
2.2937718799634933E-6     -3.1287878656394357E-6   -12736.674404004649
2.2391366211232882E-6     -3.2259611460182417E-6   -12685.19409290045
2.184501362283083E-6      -3.3231344263970477E-6   -12587.412121032808
2.438431931879427E-6      -3.1217431797852556E-6   -11833.190807521256
2.3837966730392215E-6     -3.2189164601640616E-6   -11779.062506282018
2.329161414199016E-6      -3.3160897405428676E-6   -11708.855083947901
2.5284567249551547E-6     -3.211871774309882E-6    -10876.400168115286
2.4738214661149492E-6     -3.309045054688688E-6    -10833.640514477254
2.618481518030883E-6      -3.302000368834508E-6    -9961.768412620866
2.414835093060464E-6      -3.9024577881513615E-6   -9804.855649683748
2.4844963884377345E-6     -3.7809573671171547E-6   -9696.49140915995
2.554157683815005E-6      -3.659456946082948E-6    -9546.49419047793
2.6238189791922753E-6     -3.5379565250487412E-6   -9398.31658461542
2.6934802745695453E-6     -3.4164561040145345E-6   -9251.958591572438
2.3398363365218016E-6     -3.788002052971335E-6    -10503.888707487979
2.4094976318990716E-6     -3.666501631937128E-6    -10394.99380211724
2.479158927276342E-6      -3.545001210902921E-6    -10262.837545201473
2.548820222653612E-6      -3.4235007898687146E-6   -10132.589178749084
2.2648375799831384E-6     -3.673546317791308E-6    -11236.470998740955
2.3344988753604084E-6     -3.5520458967571006E-6   -11110.25115237274
2.404160170737679E-6      -3.4305454757228947E-6   -10977.247544266083
2.1898388234444756E-6     -3.559090582611281E-6    -11968.792633836994
2.2595001188217456E-6     -3.4375901615770743E-6   -11825.121596559871
2.1148400669058127E-6     -3.444634847431254E-6    -12700.853612776102
2.5489409524518533E-6     -3.909425488058936E-6    -8982.380724859386
2.683046811843242E-6      -3.916393187966511E-6    -8155.431521577408
2.8171526712346314E-6     -3.923360887874085E-6    -7330.154112594117
2.95125853062602E-6       -3.93032858778166E-6     -6506.548497909525
2.6186022478291233E-6     -3.7879250670247293E-6   -8854.873123464764
2.752708107220512E-6      -3.7948927669323034E-6   -7997.817434166595
2.8868139666119018E-6     -3.8018604668398784E-6   -7142.466204632003
2.6882635432063937E-6     -3.666424645990522E-6    -8688.29679053361
2.822369402597783E-6      -3.673392345898097E-6    -7833.350299943444
2.757924838583664E-6      -3.544924224956316E-6    -8523.451792778094
2.830476473637288E-6      -4.358566129257868E-6    -6824.567288846871
2.8941984527323185E-6     -4.253248668865709E-6    -6552.080351311798
2.957920431827349E-6      -4.147931208473551E-6    -6280.492258721603
3.021642410922379E-6      -4.042613748081393E-6    -6009.803011076283
2.6963706142458992E-6     -4.351598429350293E-6    -7599.200668615806
2.7600925933409292E-6     -4.246280968958135E-6    -7346.732840926987
2.8238145724359593E-6     -4.140963508565976E-6    -7084.281504747887
2.8875365515309897E-6     -4.035646048173818E-6    -6822.80305409731
2.62598673394954E-6       -4.23931326905056E-6     -8142.221553346161
2.6897087130445705E-6     -4.133995808658402E-6    -7878.563099716643
2.753430692139601E-6      -4.0286783482662435E-6   -7615.6714820267825
2.5556028536531816E-6     -4.127028108750827E-6    -8685.122251852266
2.6193248327482112E-6     -4.021710648358669E-6    -8410.179038790047
2.485218973356823E-6      -4.014742948451094E-6    -9227.902764134116
3.0901305236446435E-6     -4.151382331749508E-6    -5459.19187469331
3.026408544549613E-6      -4.256699792141666E-6    -5740.227756565739
2.9626865654545826E-6     -4.362017252533825E-6    -6022.088442799388
2.8989645863595525E-6     -4.467334712925983E-6    -6285.2999227213
3.158618636366908E-6      -4.260150915417623E-6    -4929.9948256517155
3.094896657271878E-6      -4.365468375809782E-6    -5210.753377717219
3.0311746781768475E-6     -4.470785836201941E-6    -5486.434816637995
3.227106749089172E-6      -4.368919499085739E-6    -4400.441120026135
3.163384769994142E-6      -4.474236959477898E-6    -4688.575186006601
3.2955948618114374E-6     -4.477688082753855E-6    -3891.7210308271215
3.1229023710318523E-6     -4.789004559135966E-6    -4869.8851200526415
3.180466534625047E-6      -4.685232400341929E-6    -4550.505049498307
3.2380306982182418E-6     -4.581460241547892E-6    -4231.51377742665
3.048256442807752E-6      -4.6817812770659715E-6   -5335.144982456795
3.1058206064009473E-6     -4.578009118271934E-6    -5015.492106851305
2.9736105145836523E-6     -4.574557994995977E-6    -5800.458579788691
-3.910368319032857E-6     -1.5877478679739574E-6   -320.85956196510887
-3.856798841117919E-6     -1.4893716405030515E-6   -1019.8814028502343
-3.8032293632029815E-6    -1.3909954130321458E-6   -1852.8021384161302
-3.7496598852880436E-6    -1.29261918556124E-6     -2683.2480116405877
-3.696090407373106E-6     -1.194242958090334E-6    -3511.2190225235713
-4.005160546124168E-6     -1.4856101572242258E-6   1100.0231786120128
-3.9515910682092305E-6    -1.38723392975332E-6     357.097603629667
-3.898021590294293E-6     -1.288857702282414E-6    -417.98086441447595
-3.844452112379355E-6     -1.1904814748115082E-6   -1190.4270804599437
-4.0999527732154795E-6    -1.383472446474494E-6    2576.8073065640488
-4.046383295300541E-6     -1.2850962190035882E-6   1767.504313469206
-3.992813817385604E-6     -1.1867199915326823E-6   991.6147116844368
-4.194745000306791E-6     -1.2813347357247623E-6   4048.533487650672
-4.141175522391853E-6     -1.1829585082538564E-6   3172.539552985487
-4.289537227398101E-6     -1.1791970249750307E-6   5515.20172187186
-4.761432529286249E-6     -1.4375270958395813E-6   11235.184693352916
-4.645999167674616E-6     -1.5167851859769631E-6   9502.288250735342
-4.530565806062983E-6     -1.596043276114345E-6    7766.372157150595
-4.415132444451351E-6     -1.675301366251727E-6    6026.031102947782
-4.638298420184131E-6     -1.367224672970356E-6    9789.270210546432
-4.522865058572499E-6     -1.446482763107738E-6    8057.503427938198
-4.407431696960866E-6     -1.5257408532451198E-6   6320.943340199408
-4.515164311082014E-6     -1.296922250101131E-6    8349.201752086756
-4.399730949470382E-6     -1.376180340238513E-6    6616.42008564388
-4.392030201979897E-6     -1.226619827231906E-6    6912.461339281198
-4.012861293614653E-6     -1.6351706702308327E-6   805.344147494791
-4.107653520705964E-6     -1.5330329594811012E-6   2301.5605943174587
-4.202445747797275E-6     -1.4308952487313694E-6   3842.4326064820366
-4.297237974888586E-6     -1.3287575379816376E-6   5378.56019523905
-4.115354268196448E-6     -1.6825934724877078E-6   2035.2497702063185
-4.2101464952877595E-6    -1.580455761737976E-6    3540.2327411970005
-4.304938722379071E-6     -1.4783180509882447E-6   5079.626353202236
-4.217847242778244E-6     -1.7300162747445832E-6   3267.275481193027
-4.312639469869555E-6     -1.6278785639948516E-6   4781.254474190146
-4.3203402173600394E-6    -1.7774390770014585E-6   4501.421280454959
-3.787357265199966E-6     -1.6182973404528383E-6   -1771.4033522889195
-3.664346211367075E-6     -1.6488468129317193E-6   -3307.1654623043223
-3.5413351575341837E-6    -1.6793962854106002E-6   -4846.103352901966
-3.418324103701293E-6     -1.7099457578894812E-6   -6388.217024081855
-3.2953130498684017E-6    -1.740495230368362E-6    -7853.064961831685
-3.7337877872850283E-6    -1.5199211129819325E-6   -2593.587312837659
-3.610776733452137E-6     -1.5504705854608134E-6   -4209.453338202951
-3.487765679619246E-6     -1.5810200579396943E-6   -5828.68030526322
-3.3647546257863553E-6    -1.6115695304185753E-6   -7345.879117953514
-3.68021830937009E-6      -1.4215448855110264E-6   -3483.2324750191647
-3.5572072555371995E-6    -1.4520943579899077E-6   -5097.169525737692
-3.434196201704308E-6     -1.4826438304687887E-6   -6679.390575372843
-3.6266488314551522E-6    -1.3231686580401209E-6   -4370.560164516448
-3.5036377776222617E-6    -1.3537181305190018E-6   -6017.960382429484
-3.5730793535402153E-6    -1.224792430569215E-6    -5361.588539123446
-3.0336068062352155E-6    -1.2407903112897938E-6   -13151.448202264755
-3.1684749430614655E-6    -1.2367908411096491E-6   -11152.111525038375
-3.303343079887715E-6     -1.2327913709295044E-6   -9253.611527866044
-3.438211216713965E-6     -1.2287919007493597E-6   -7358.776585159045
-3.099033367143512E-6     -1.365716541059436E-6    -11781.892822050988
-3.233901503969762E-6     -1.361717070879291E-6    -9851.373458333004
-3.3687696407960117E-6    -1.3577176006991465E-6   -7950.530464069214
-3.164459928051808E-6     -1.490642770829078E-6    -10409.43421913059
-3.299328064878058E-6     -1.4866433006489332E-6   -8547.499623949741
-3.2298864889601054E-6    -1.61556900059872E-6     -9034.072393503546
-2.599919335441208E-6     -1.658684210976967E-6    -16386.224548704708
-2.67357151741835E-6      -1.550120185085604E-6    -16198.297413655659
-2.747223699395492E-6     -1.441556159194241E-6    -15868.109896386888
-2.8208758813726344E-6    -1.3329921333028777E-6   -15542.916943777193
-2.8945280633497766E-6    -1.2244281074115147E-6   -15222.718555826616
-2.7389980783266468E-6    -1.675046414855246E-6    -14697.772449275855
-2.812650260303789E-6     -1.5664823889638829E-6   -14444.844512451598
-2.8863024422809307E-6    -1.4579183630725196E-6   -14041.2651645603
-2.959954624258073E-6     -1.3493543371811568E-6   -13642.523603027588
-2.8780768212120853E-6    -1.691408618733525E-6    -12974.01970188836
-2.9517290031892275E-6    -1.5828445928421618E-6   -12599.25842417055
-3.0253811851663697E-6    -1.4742805669507988E-6   -12201.162387425913
-3.017155564097524E-6     -1.707770822611804E-6    -11253.662345917975
-3.090807746074666E-6     -1.5992067967204409E-6   -10757.13049408883
-3.156234306982963E-6     -1.724133026490083E-6    -9536.700381364728
-2.5386998701841645E-6    -1.5482726614558487E-6   -17788.949501265153
-2.477480404927121E-6     -1.4378611119347304E-6   -19359.028776245927
-2.4162609396700775E-6    -1.327449562413612E-6    -20927.644239102356
-2.3550414744130342E-6    -1.2170380128924936E-6   -22494.795889834437
-2.6123520521613063E-6    -1.4397086355644855E-6   -17613.707752589034
-2.551132586904263E-6     -1.329297086043367E-6    -19123.048183646184
-2.4899131216472197E-6    -1.218885536522249E-6    -20630.72736155078
-2.6860042341384485E-6    -1.3311446096731225E-6   -17361.253800796585
-2.624784768881405E-6     -1.2207330601520042E-6   -18869.452655560883
-2.7596564161155907E-6    -1.2225805837817592E-6   -17113.951191963715
3.225058336802109E-7      -1.2202829542723675E-6   -39368.97645586726
1.891954741921389E-7      -1.2209431027420632E-6   -39318.48200625931
5.588511470406693E-8      -1.221603251211759E-6    -39281.49241716219
-7.742524478400499E-8     -1.2222633996814548E-6   -39254.89195247682
-2.1073560427207697E-7    -1.2229235481511508E-6   -39205.06334144306
2.6415271216441157E-7     -1.3321113805166665E-6   -37817.29581732876
1.3084235267633962E-7     -1.3327715289863623E-6   -37777.38536614836
-2.4680068117323343E-9    -1.333431677456058E-6    -37745.39273781018
-1.3577836629980426E-7    -1.334091825925754E-6    -37707.30290060273
2.0579959064861233E-7     -1.4439398067609655E-6   -36268.0773348745
7.248923116054035E-8      -1.4445999552306615E-6   -36238.67272505555
-6.08211283275316E-8      -1.4452601037003573E-6   -36212.42868354265
1.4744646913281304E-7     -1.5557682330052648E-6   -34721.321008504456
1.4136109644741084E-8     -1.5564283814749606E-6   -34720.44069026282
8.909334761701377E-8      -1.6675966592495638E-6   -33191.7254283927
2.2108022807378064E-7     -1.6659491570820922E-6   -32964.23146886387
3.530671085305475E-7      -1.6643016549146204E-6   -32748.286856955765
4.850539889873143E-7      -1.6626541527471486E-6   -32540.791971949682
6.170408694440813E-7      -1.661006650579677E-6    -32341.746813845646
2.794333495895799E-7      -1.554120730837793E-6    -34492.42897597971
4.114202300463468E-7      -1.5524732286703212E-6   -34285.762078891654
5.434071105031136E-7      -1.5508257265028493E-6   -34087.90941153169
3.377864711053792E-7      -1.4422923045934937E-6   -36049.437391497195
4.6977335156214605E-7     -1.4406448024260223E-6   -35847.59186002007
3.9613959262117844E-7     -1.3304638783491947E-6   -37608.986120164904
-1.9243508755730304E-6    -1.649694011957173E-6    -23443.751705278326
-1.8643908918921764E-6    -1.5409887912812645E-6   -25030.915235484892
-1.804430908211322E-6     -1.4322835706053558E-6   -26748.264689677595
-1.744470924530468E-6     -1.3235783499294474E-6   -28465.197617936865
-1.6845109408496139E-6    -1.2148731292535388E-6   -30181.71402026267
-1.9982451022896227E-6    -1.5410805022400135E-6   -23737.1139500544
-1.9382851186087682E-6    -1.4323752815641047E-6   -25317.361107137593
-1.8783251349279142E-6    -1.3236700608881962E-6   -26984.012863391225
-1.8183651512470597E-6    -1.2149648402122876E-6   -28650.06789652521
-2.0721393290062145E-6    -1.432466992522854E-6    -23895.344140368383
-2.0121793453253605E-6    -1.3237617718469451E-6   -25541.09900846258
-1.9522193616445065E-6    -1.2150565511710368E-6   -27206.05740539323
-2.146033555722807E-6     -1.3238534828056945E-6   -24058.569541542252
-2.0860735720419524E-6    -1.2151482621297857E-6   -25769.91697370831
-2.2199277824393987E-6    -1.2152399730885347E-6   -24226.790153576017
-2.2811472476964424E-6    -1.3256515226096532E-6   -22484.78650289889
-2.3423667129534857E-6    -1.4360630721307715E-6   -20856.372929020097
-2.403586178210529E-6     -1.5464746216518898E-6   -19226.692984045163
-2.4648056434675723E-6    -1.6568861711730083E-6   -17781.317492137656
-2.20725302097985E-6      -1.4342650323268126E-6   -22382.66689386133
-2.2684724862368934E-6    -1.544676581847931E-6    -20752.98354652301
-2.329691951493937E-6     -1.6550881313690494E-6   -19194.320526050054
-2.133358794263258E-6     -1.542878542043972E-6    -22285.457642622776
-2.194578259520301E-6     -1.6532900915650905E-6   -20613.29440376169
-2.059464567546666E-6     -1.6514920517611318E-6   -22038.239125272572
-1.2526253847084338E-6    -1.657018818173037E-6    -28757.502141342276
-1.193204281516663E-6     -1.5475634318049668E-6   -30434.000855231337
-1.133783178324892E-6     -1.4381080454368963E-6   -32207.611511754087
-1.0743620751331214E-6    -1.3286526590688263E-6   -33981.82352638438
-1.0149409719413504E-6    -1.219197272700756E-6    -35756.636899122204
-1.327010499200499E-6     -1.5468486362539557E-6   -29521.937916897376
-1.267589396008728E-6     -1.4373932498858853E-6   -31188.8879991864
-1.2081682928169572E-6    -1.327937863517815E-6    -32924.138560099935
-1.1487471896251862E-6    -1.2184824771497448E-6   -34659.83451382138
-1.4013956136925641E-6    -1.4366784543348742E-6   -30177.948272494665
-1.341974510500793E-6     -1.327223067966804E-6    -31896.38380687149
-1.2825534073090225E-6    -1.2177676815987337E-6   -33629.48759454265
-1.4757807281846294E-6    -1.326508272415793E-6    -30838.615280073907
-1.4163596249928583E-6    -1.2170528860477226E-6   -32608.55643915284
-1.5501658426766944E-6    -1.2163380904967116E-6   -31503.938939635093
-1.6101258263575486E-6    -1.3250433111726201E-6   -29643.469942195312
-1.6700858100384029E-6    -1.4337485318485287E-6   -27875.866724025174
-1.730045793719257E-6     -1.542453752524437E-6    -26108.027177107797
-1.7900057774001114E-6    -1.6511589732003458E-6   -24488.30446567833
-1.5357407118654834E-6    -1.4352134930917014E-6   -29030.096770337143
-1.5957006955463378E-6    -1.5439187137676102E-6   -27260.771469311174
-1.6556606792271919E-6    -1.6526239344435186E-6   -25549.75620045494
-1.4613555973734181E-6    -1.5453836750107828E-6   -28421.360077846555
-1.5213155810542726E-6    -1.6540888956866913E-6   -26618.76079392474
-1.3869704828813533E-6    -1.6555538569298643E-6   -27695.318246087736
-5.806193840087282E-7     -1.664512560956814E-6    -32074.072416932748
-5.216340756558525E-7     -1.5539611028407607E-6   -33730.86666173962
-4.6264876730297675E-7    -1.4434096447247073E-6   -35446.39938973887
-4.0366345895010103E-7    -1.3328581866086539E-6   -37163.51801052083
-3.4467815059722535E-7    -1.2223067284926007E-6   -38882.222524085504
-6.555994809568985E-7     -1.5535584260319884E-6   -33260.11700386463
-5.966141726040228E-7     -1.4430069679159348E-6   -34905.99920343571
-5.37628864251147E-7      -1.3324555097998814E-6   -36597.765720184034
-4.786435558982713E-7     -1.2219040516838282E-6   -38290.996919782556
-7.305795779050688E-7     -1.4426042911071628E-6   -34371.34409845866
-6.71594269552193E-7      -1.3320528329911094E-6   -36051.669877214044
-6.126089611993173E-7     -1.221501374875056E-6    -37740.96921946144
-8.05559674853239E-7      -1.331650156182337E-6    -35486.52156347321
-7.465743665003633E-7     -1.2210986980662835E-6   -37201.24620041012
-8.805397718014094E-7     -1.2206960212575114E-6   -36605.64939890827
-9.399608749931802E-7     -1.3301514076255817E-6   -34725.314136134
-9.99381978184951E-7      -1.4396067939936517E-6   -32911.914660487266
-1.0588030813767217E-6    -1.549062180361722E-6    -31099.27250824768
-1.1182241845684927E-6    -1.6585175667297924E-6   -29401.09775033136
-8.649807780450098E-7     -1.4411055425504071E-6   -33640.94676243587
-9.244018812367808E-7     -1.5505609289184776E-6   -31825.48643684632
-9.838229844285514E-7     -1.6600163152865476E-6   -30060.43005611871
-7.900006810968396E-7     -1.5520596774752328E-6   -32560.574480160987
-8.494217842886105E-7     -1.6615150638433033E-6   -30728.29428713062
-7.150205841486694E-7     -1.6630138124000587E-6   -31404.69044336708
-4.4667683768357977E-7    -1.6651293806153642E-6   -32277.40678999244
-3.127342913584314E-7     -1.6657462002739138E-6   -32494.575155172824
-1.78791745033283E-7      -1.6663630199324639E-6   -32720.60085363307
-4.484919870813459E-8     -1.666979839591014E-6    -32955.483885373156
-3.876915293307041E-7     -1.5545779224993107E-6   -33943.920972209206
-2.537489830055556E-7     -1.5551947421578604E-6   -34199.567940334324
-1.1980643668040727E-7    -1.5558115618164105E-6   -34464.44004877947
-3.287062209778283E-7     -1.4440264643832571E-6   -35684.72223565184
-1.9476367465267996E-7    -1.4446432840418072E-6   -35944.3387024704
-2.6972091262495264E-7    -1.333475006267204E-6    -37427.230601809715
6.941517279548589E-7      -1.7742199851882182E-6   -31048.397664403077
5.62164847498092E-7       -1.7758674873556898E-6   -31252.78542672082
4.301779670413251E-7      -1.7775149895231614E-6   -31461.205279811562
2.9819108658455826E-7     -1.7791624916906332E-6   -31677.710356978227
1.6620420612779144E-7     -1.780809993858105E-6    -31888.166760116175
6.392757060088696E-7      -1.889080821964231E-6    -29945.35486601004
5.072888255521028E-7      -1.8907283241317024E-6   -30154.10195251244
3.7530194509533593E-7     -1.8923758262991742E-6   -30366.711145728572
2.433150646385691E-7      -1.894023328466646E-6    -30579.312970818733
5.843996840628805E-7      -2.003941658740244E-6    -28844.4366470417
4.524128036061136E-7      -2.005589160907715E-6    -29057.50443036621
3.204259231493468E-7      -2.007236663075187E-6    -29272.363828674163
5.295236621168912E-7      -2.1188024955162566E-6   -27745.643007498074
3.9753678166012445E-7     -2.1204499976837284E-6   -27967.319333682455
4.746476401709021E-7      -2.2336633322922694E-6   -26653.475898709778
6.052062845162711E-7      -2.231565476891354E-6    -26260.66679059959
7.357649288616402E-7      -2.2294676214904386E-6   -25868.178190869483
8.663235732070092E-7      -2.2273697660895236E-6   -25482.13275177082
9.968822175523783E-7      -2.225271910688608E-6    -25102.530473303614
6.600823064622603E-7      -2.116704640115341E-6    -27346.857099405548
7.906409508076293E-7      -2.114606784714426E-6    -26959.239549184607
9.211995951529984E-7      -2.112508929313511E-6    -26578.343153442103
7.149583284082495E-7      -2.0018438033393284E-6   -28449.729279880838
8.455169727536186E-7      -1.999745947938413E-6    -28066.097541257343
7.698343503542386E-7      -1.8869829665633156E-6   -29554.764667143336
1.0861571050374499E-6     -2.340221200046263E-6    -24002.0714666884
9.55598460692081E-7       -2.342319055447178E-6    -24368.251186942332
8.250398163467118E-7      -2.3444169108480935E-6   -24752.25553498712
6.944811720013428E-7      -2.3465147662490085E-6   -25142.425049816316
5.639225276559739E-7      -2.3486126216499243E-6   -25530.448916211684
1.0448733481771525E-6     -2.457268344804833E-6    -23247.43522025548
9.143147038317835E-7      -2.4593662002057484E-6   -23624.19897753688
7.837560594864146E-7      -2.4614640556066634E-6   -24011.164169553485
6.531974151410456E-7      -2.463561911007579E-6    -24401.181212842886
1.0035895913168554E-6     -2.574315489563403E-6    -22494.080019918903
8.730309469714863E-7      -2.5764133449643184E-6   -22881.40281469315
7.424723026261173E-7      -2.5785112003652338E-6   -23273.537290964192
9.62305834456558E-7       -2.6913626343219733E-6   -21742.005865678686
8.317471901111891E-7      -2.6934604897228887E-6   -22147.517150575575
9.210220775962608E-7      -2.808409779080543E-6    -21029.580696879708
1.1978404826537484E-6     -2.435176633017648E-6    -22775.336536263898
1.156556725793451E-6      -2.552223777776218E-6    -22010.952694193893
1.1152729689331537E-6     -2.669270922534788E-6    -21247.874897754835
1.0739892120728565E-6     -2.7863180672933583E-6   -20513.099692280863
1.3095238602700469E-6     -2.530132065989033E-6    -21538.878056218466
1.2682401034097495E-6     -2.6471792107476027E-6   -20772.369811567012
1.2269563465494522E-6     -2.764226355506173E-6    -20016.568948911812
1.421207237886345E-6      -2.6250874989604183E-6   -20304.355487558543
1.3799234810260478E-6     -2.742134643718988E-6    -19527.232002107216
1.5328906155026439E-6     -2.720042931931803E-6    -19045.088851867076
1.3314240866819123E-6     -3.3300010763890833E-6   -16766.09712413177
1.4023108193413779E-6     -3.2035911051401907E-6   -17131.99555334141
1.4731975520008432E-6     -3.077181133891297E-6    -17465.301519457425
1.5440842846603085E-6     -2.950771162642404E-6    -17801.18268197459
1.614971017319774E-6      -2.824361191393511E-6    -18139.63904089291
1.2493436848647822E-6     -3.2256828169273755E-6   -17615.69399763456
1.3202304175242475E-6     -3.099272845678482E-6    -17976.40662242792
1.3911171501837128E-6     -2.9728628744295886E-6   -18321.13570591294
1.4620038828431781E-6     -2.846452903180696E-6    -18668.469789586965
1.1672632830476517E-6     -3.121364557465667E-6    -18473.176393278325
1.238150015707117E-6      -2.994954586216774E-6    -18830.2854212257
1.3090367483665825E-6     -2.868544614967881E-6    -19173.21079246274
1.0851828812305216E-6     -3.017046298003959E-6    -19331.464039825973
1.1560696138899869E-6     -2.890636326755066E-6    -19684.848626288047
1.003102479413391E-6      -2.9127280385422514E-6   -20190.556937277506
1.8981578656301026E-6     -3.330143505078799E-6    -14108.193671801326
1.82736115355252E-6       -3.203697926657477E-6    -15061.335222395763
1.756564441474938E-6      -3.0772523482361546E-6   -16077.435907002236
1.685767729397356E-6      -2.950806769814833E-6    -17093.20832091201
1.7564744208930548E-6     -3.33010789790637E-6     -14765.609283359352
1.6856777088154725E-6     -3.2036623194850476E-6   -15750.05251321679
1.6148809967378907E-6     -3.077216741063726E-6    -16766.931663156487
1.6147909761560074E-6     -3.330072290733941E-6    -15427.313411682891
1.5439942640784252E-6     -3.2036267123126187E-6   -16443.200398014225
1.4731075314189599E-6     -3.330036683561512E-6    -16093.306056771973
1.7091395373813775E-6     -3.893624102084418E-6    -13278.82594907259
1.775279891978532E-6      -3.78093510411778E-6     -13346.131396287194
1.8414202465756866E-6     -3.6682461061511412E-6   -13384.939349554357
1.9075606011728408E-6     -3.5555571081845034E-6   -13425.427407152316
1.9737009557699953E-6     -3.4428681102178656E-6   -13467.595569081068
1.6335964472414847E-6     -3.780899496945351E-6    -13952.94761762569
1.6997368018386388E-6     -3.6682104989787127E-6   -14015.854496516662
1.7658771564357934E-6     -3.5555215010120745E-6   -14065.998551364268
1.8320175110329476E-6     -3.4428325030454367E-6   -14117.874078028732
1.5580533571015915E-6     -3.668174891806284E-6    -14647.093032577674
1.6241937116987459E-6     -3.5554858938396456E-6   -14698.53567629972
1.6903340662959004E-6     -3.442796895873008E-6    -14747.588839310585
1.4825102669616983E-6     -3.5554502866672167E-6   -15341.576046520255
1.5486506215588529E-6     -3.442761288700579E-6    -15381.45004014705
1.4069671768218053E-6     -3.4427256815281504E-6   -16036.39665945344
2.048699712308658E-6      -3.5573238453978923E-6   -12693.364545485467
1.9825593577115036E-6     -3.67001284336453E-6     -12662.861937893913
1.9164190031143494E-6     -3.782701841331168E-6    -12633.988067147078
1.8502786485171949E-6     -3.895390839297806E-6    -12579.091188475322
2.123698468847321E-6      -3.671779580577919E-6    -11943.709302864796
2.057558114250167E-6      -3.784468578544557E-6    -11912.342521221126
1.9914177596530123E-6     -3.8971575765111945E-6   -11878.520994694189
2.198697225385984E-6      -3.786235315757946E-6    -11193.919653998615
2.1325568707888292E-6     -3.898924313724584E-6    -11181.098335054265
2.273695981924647E-6      -3.900691050937973E-6    -10486.823209555554
2.1475908186365354E-6     -4.343435656634645E-6    -10467.918339975633
2.2144018872425175E-6     -4.233191189513824E-6    -10307.301377147112
2.2812129558484995E-6     -4.122946722393003E-6    -10147.862577297186
2.348024024454482E-6      -4.012702255272182E-6    -9989.601940425862
2.006451707500718E-6      -4.3416689194212565E-6   -11127.988043554615
2.0732627761067E-6        -4.231424452300435E-6    -10983.179280379642
2.140073844712682E-6      -4.121179985179614E-6    -10830.759447741342
2.206884913318664E-6      -4.010935518058794E-6    -10679.583294356187
1.9321236649708827E-6     -4.2296577150870466E-6   -11659.161269693655
1.998934733576865E-6      -4.119413247966225E-6    -11505.698263400376
2.065745802182847E-6      -4.0091687808454044E-6   -11352.481277976472
1.8577956224410478E-6     -4.117646510752837E-6    -12190.661620812634
1.92460669104703E-6       -4.007402043632016E-6    -12028.45165117572
1.7834675799112126E-6     -4.005635306418628E-6    -12722.489096911555
2.418407904750841E-6      -4.124987415571915E-6    -9415.17940120681
2.3515968361448583E-6     -4.235231882692736E-6    -9581.991645236549
2.284785767538876E-6      -4.345476349813556E-6    -9749.916535970333
2.2179746989328942E-6     -4.455720816934378E-6    -9903.057376939254
2.488791785047199E-6      -4.237272575871648E-6    -8860.886569144515
2.421980716441217E-6      -4.347517042992469E-6    -9027.125104807741
2.355169647835235E-6      -4.45776151011329E-6     -9191.088526172243
2.5591756653435575E-6     -4.349557736171381E-6    -8306.56768434996
2.492364596737576E-6      -4.4598022032922015E-6   -8481.325138512288
2.6295595456399168E-6     -4.461842896471114E-6    -7773.767213959383
2.4350914508264525E-6     -4.7835127426810965E-6   -8670.551956277377
2.499914149097607E-6      -4.676289460611102E-6    -8378.109266566229
2.564736847368762E-6      -4.569066178541108E-6    -8086.362508172311
2.362719200195266E-6      -4.6742487674321906E-6   -9075.716827065704
2.4275418984664214E-6     -4.567025485362196E-6    -8782.719330563188
2.2903469495640798E-6     -4.564984792183284E-6    -9481.253068463357
-3.889643302168864E-6     -1.710280462606153E-6    -591.4429750816687
-3.992136276750659E-6     -1.7577032648630284E-6   635.9743716731946
-4.094629251332455E-6     -1.8051260671199035E-6   1858.0037852555652
-4.197122225914251E-6     -1.8525488693767789E-6   3081.9237892747133
-4.299615200496047E-6     -1.8999716716336542E-6   4300.729811145773
-3.868918285304871E-6     -1.8328130572383488E-6   -807.1945470462025
-3.9714112598866665E-6    -1.880235859495224E-6    416.16935186700175
-4.073904234468462E-6     -1.9276586617520992E-6   1640.5674806475718
-4.176397209050258E-6     -1.9750814640089748E-6   2868.445368739093
-3.848193268440878E-6     -1.9553456518705443E-6   -1023.9894147735017
-3.950686243022673E-6     -2.0027684541274194E-6   195.32907682567975
-4.053179217604469E-6     -2.050191256384295E-6    1432.5673404225915
-3.827468251576885E-6     -2.07787824650274E-6     -1241.8275782635778
-3.929961226158681E-6     -2.1253010487596155E-6   -6.904273803732167
-3.8067432347128916E-6    -2.2004108411349357E-6   -1410.4044868212425
-3.7666322483359732E-6    -1.740829935085034E-6    -2052.83207576692
-3.7459072314719795E-6    -1.8633625297172297E-6   -2265.533461218346
-3.7251822146079867E-6    -1.9858951243494252E-6   -2479.2861829601775
-3.704457197743994E-6     -2.1084277189816214E-6   -2620.994342748322
-3.6436211945030814E-6    -1.7713794075639148E-6   -3509.9332723124094
-3.6228961776390886E-6    -1.8939120021961107E-6   -3726.0066342905866
-3.6021711607750957E-6    -2.016444596828306E-6    -3904.899850639838
-3.5206101406701904E-6    -1.801928880042796E-6    -4970.025088327407
-3.4998851238061976E-6    -1.924461474674992E-6    -5186.32954848181
-3.3975990868373003E-6    -1.8324783525216769E-6   -6465.283436274238
-4.77166644507E-6         -2.1531822504995523E-6   8617.50197438749
-4.658766251751632E-6     -2.2271064108617264E-6   7332.770190644003
-4.545866058433265E-6     -2.3010305712239006E-6   6046.206576332079
-4.432965865114899E-6     -2.374954731586075E-6    4757.483667724542
-4.656233083458366E-6     -2.089583197779791E-6    7565.950013754245
-4.54333289014E-6         -2.1635073581419656E-6   6282.050446245675
-4.430432696821633E-6     -2.2374315185041393E-6   4996.266277938574
-4.540799721846734E-6     -2.0259841450600302E-6   6518.014786051162
-4.427899528528367E-6     -2.0999083054222044E-6   5235.169576768696
-4.425366360235102E-6     -1.962385092340269E-6    5474.193564214924
-4.30974787366911E-6      -2.4500645239613957E-6   3343.8506364510977
-4.183996713930055E-6     -2.38765110325478E-6     2160.9148158020644
-4.058245554191E-6        -2.3252376825481653E-6   980.3601935272043
-3.932494394451946E-6     -2.2628242618415505E-6   -197.81323037346226
-4.307214705375844E-6     -2.31254131087946E-6     3567.1080691425695
-4.181463545636789E-6     -2.2501278901728447E-6   2379.6889744986174
-4.055712385897735E-6     -2.18771446946623E-6     1194.8989200655292
-4.304681537082578E-6     -2.1750180977975245E-6   3809.1928849417027
-4.178930377343524E-6     -2.1126046770909097E-6   2624.8013023857925
-4.302148368789312E-6     -2.037494884715589E-6    4051.3986080811405
-3.2789440995667786E-6    -2.286168874505951E-6    -6698.823406368378
-3.2822178896271035E-6    -2.1770341456784337E-6   -6909.649513866521
-3.285491679687428E-6     -2.0678994168509155E-6   -7134.0832847235015
-3.2887654697477524E-6    -1.958764688023398E-6    -7358.64399540838
-3.2920392598080773E-6    -1.8496299591958797E-6   -7583.331645921156
-3.3845039265960016E-6    -2.269017267831748E-6    -5596.8713046051635
-3.387777716656326E-6     -2.1598825390042302E-6   -5816.592938674026
-3.3910515067166505E-6    -2.0507478101767124E-6   -6043.420280721381
-3.394325296776975E-6     -1.9416130813491945E-6   -6270.37575074222
-3.4900637536252238E-6    -2.251865661157545E-6    -4548.212886235084
-3.4933375436855482E-6    -2.142730932330027E-6    -4725.218383812442
-3.496611333745873E-6     -2.0335962035025093E-6   -4954.139462985123
-3.5956235806544464E-6    -2.234714054483342E-6    -3501.274519500873
-3.598897370714771E-6     -2.1255793256558236E-6   -3635.6535524225
-3.701183407683669E-6     -2.217562447809139E-6    -2456.056204402549
-3.1857634487689615E-6    -2.2592696967248576E-6   -7742.11185893308
-3.0925827979711445E-6    -2.2323705189437633E-6   -8737.926908262869
-2.9994021471733274E-6    -2.2054713411626697E-6   -9734.406749345984
-2.9062214963755103E-6    -2.1785721633815758E-6   -10731.551382182442
-2.8130408455776932E-6    -2.151672985600482E-6    -11705.285570963126
-3.1890372388292864E-6    -2.1501349678973394E-6   -7951.946943924827
-3.095856588031469E-6     -2.1232357901162454E-6   -8995.004265366711
-3.002675937233652E-6     -2.0963366123351514E-6   -10038.693775051435
-2.909495286435835E-6     -2.069437434554058E-6    -11022.88816204286
-3.1923110288896104E-6    -2.0410002390698215E-6   -8174.2801637957355
-3.0991303780917938E-6    -2.0141010612887275E-6   -9215.536768316593
-3.0059497272939767E-6    -1.987201883507634E-6    -10258.265668523247
-3.195584818949935E-6     -1.9318655102423036E-6   -8396.739135348953
-3.1024041681521182E-6    -1.90496633246121E-6     -9498.189034197707
-3.19885860901026E-6      -1.822730781414786E-6    -8742.658259066273
-2.7704165435503962E-6    -2.053075230675779E-6    -12537.530664721926
-2.7277922415230993E-6    -1.9544774757510758E-6   -13467.345916617778
-2.6851679394958023E-6    -1.855879720826373E-6    -14396.180697880427
-2.642543637468505E-6     -1.75728196590167E-6     -15324.035008509869
-2.8668709844085378E-6    -1.970839679629355E-6    -11859.246311356983
-2.8242466823812404E-6    -1.8722419247046517E-6   -12754.661864897651
-2.7816223803539434E-6    -1.7736441697799489E-6   -13649.007511728743
-2.9633254252666793E-6    -1.8886041285829308E-6   -11155.756142854707
-2.9207011232393823E-6    -1.790006373658228E-6    -12051.336603033626
-3.059779866124821E-6     -1.8063685775365069E-6   -10456.998318973394
-2.695018254905486E-6     -2.1557825786487886E-6   -12775.303691181372
-2.576995664233278E-6     -2.1598921716970953E-6   -13837.73411745574
-2.4589730735610705E-6    -2.1640017647454017E-6   -14903.701621788929
-2.3409504828888627E-6    -2.1681113577937085E-6   -15973.206204180933
-2.2229278922166552E-6    -2.1722209508420152E-6   -17022.22392627558
-2.6523939528781884E-6    -2.0571848237240853E-6   -13639.75154794075
-2.5343713622059805E-6    -2.061294416772392E-6    -14775.551614026455
-2.416348771533773E-6     -2.065404009820699E-6    -15914.992703220767
-2.2983261808615657E-6    -2.0695136028690057E-6   -16994.364864031333
-2.609769650850891E-6     -1.9585870687993825E-6   -14603.555294944665
-2.4917470601786835E-6    -1.9626966618476893E-6   -15738.779251145015
-2.373724469506476E-6     -1.966806254895996E-6    -16868.876142957663
-2.567145348823594E-6     -1.8599893138746795E-6   -15566.468007391746
-2.4491227581513865E-6    -1.8640989069229863E-6   -16747.376865906823
-2.5245210467962974E-6    -1.7613915589499767E-6   -16629.867032878814
-2.1632124888879305E-6    -2.067715563065047E-6    -18196.634064873833
-2.1034970855592054E-6    -1.9632101752880783E-6   -19476.527847038444
-2.0437816822304803E-6    -1.8587047875111098E-6   -20755.881856220978
-1.9840662789017556E-6    -1.7541993997341414E-6   -22034.696092421418
-2.238610777532841E-6     -1.965008215092037E-6    -18169.846805766636
-2.178895374204116E-6     -1.8605028273150683E-6   -19408.354868313007
-2.1191799708753907E-6    -1.7559974395381E-6      -20646.17910017809
-2.3140090661777514E-6    -1.8623008671190272E-6   -18098.11729622168
-2.2542936628490267E-6    -1.757795479342059E-6    -19335.442706300713
-2.389407354822662E-6     -1.7595935191460176E-6   -18030.46446639987
3.218982425768745E-8      -1.7789636882728084E-6   -31899.27520791749
-1.0175272206746093E-7    -1.7783468686142583E-6   -31681.460056116186
-2.3569526839260931E-7    -1.7777300489557082E-6   -31485.433907527095
-3.696378147177577E-7     -1.7771132292971581E-6   -31297.89728517762
-5.035803610429061E-7     -1.7764964096386085E-6   -31079.93608651321
-2.471369910163887E-8     -1.8903307172960527E-6   -30644.94896140176
-1.5865624542678724E-7    -1.8897138976375026E-6   -30441.023900056454
-2.9259879175193563E-7    -1.889097077978953E-6    -30248.60991628664
-4.26541338077084E-7      -1.8884802583204029E-6   -30047.05872810797
-8.161722246096518E-8     -2.001697746319297E-6    -29392.23281719372
-2.1555976878611355E-7    -2.001080926660747E-6    -29202.12466183003
-3.4950231511126194E-7    -2.0004641070021973E-6   -29017.046824231355
-1.385207458202915E-7     -2.1130647753425418E-6   -28141.12677529337
-2.7246329214543987E-7    -2.1124479556839917E-6   -27989.90037488336
-1.9542426917961782E-7    -2.224431804365786E-6    -26919.905488980137
-6.140988730951384E-8     -2.2262781099510828E-6   -26848.02438386972
7.260449456059016E-8      -2.2281244155363794E-6   -26787.77294011583
2.0661887643069416E-7     -2.229970721121676E-6    -26734.703952832868
3.4063325830079814E-7     -2.2318170267069728E-6   -26688.817422020824
-4.506363950187512E-9     -2.114911080927838E-6    -28074.566345471605
1.2950801791991649E-7     -2.1167573865131347E-6   -28032.790080753148
2.6352239979002047E-7     -2.1186036920984313E-6   -27998.483234623505
5.239715940913883E-8      -2.0035440519045937E-6   -29339.37189753619
1.864115412792428E-7      -2.0053903574898904E-6   -29301.163586293973
1.0930068276846513E-7     -1.8921770228813494E-6   -30605.86073638281
-1.8497717167399578E-6    -1.7591878609186473E-6   -23226.78466743896
-1.9094871200686825E-6    -1.8636932486956155E-6   -21828.787183076773
-1.969202523397407E-6     -1.968198636472584E-6    -20508.188280671762
-2.0289179267261323E-6    -2.0727040242495527E-6   -19187.193662983882
-2.0886333300548574E-6    -2.1772094120265214E-6   -17984.965794936594
-1.7751925579068845E-6    -1.8686817098801215E-6   -22908.505065867976
-1.8349079612356094E-6    -1.9731870976570897E-6   -21554.703945630397
-1.8946233645643343E-6    -2.0776924854340584E-6   -20232.811559570127
-1.9543387678930596E-6    -2.1821978732110267E-6   -18955.733816651584
-1.7006133990738116E-6    -1.9781755588415954E-6   -22594.112365180627
-1.7603288024025363E-6    -2.082680946618564E-6    -21284.468824471685
-1.8200442057312614E-6    -2.187186334395533E-6    -19932.33559917155
-1.6260342402407385E-6    -2.08766940780307E-6     -22283.606565376907
-1.6857496435694636E-6    -2.1921747955800385E-6   -20914.771142496495
-1.5514550814076656E-6    -2.1971632567645442E-6   -21882.83726005566
-1.4916891420678194E-6    -2.089134369046243E-6    -23167.483481414514
-1.431923202727973E-6     -1.9811054813279414E-6   -24538.19314139893
-1.3721572633881264E-6    -1.8730765936096397E-6   -25909.119921320696
-1.3123913240482802E-6    -1.7650477058913385E-6   -27280.263821179822
-1.5662683009008923E-6    -1.9796405200847686E-6   -23562.003280274374
-1.506502361561046E-6     -1.871611632366467E-6    -24899.04330840853
-1.4467364222211993E-6    -1.7635827446481655E-6   -26236.167757467694
-1.6408474597339652E-6    -1.8701466711232942E-6   -23916.295711341183
-1.5810815203941188E-6    -1.7621177834049928E-6   -25251.710092150443
-1.715426618567038E-6     -1.7606528221618198E-6   -24274.513827887535
-1.17674362004886E-6      -1.768123465533457E-6    -28131.93757811535
-1.2365095593887062E-6    -1.8761523532517583E-6   -26665.654571516407
-1.2962754987285526E-6    -1.9841812409700595E-6   -25260.586833355035
-1.3560414380683987E-6    -2.092210128688361E-6    -23855.868914143357
-1.4158073774082454E-6    -2.200239016406663E-6    -22548.701880050812
-1.1008618553892859E-6    -1.8792281128938769E-6   -27435.313655915146
-1.160627794729132E-6     -1.987257000612178E-6    -26002.20399760775
-1.2203937340689785E-6    -2.0952858883304798E-6   -24595.521803694173
-1.2801596734088249E-6    -2.2033147760487814E-6   -23228.494818843545
-1.0249800907297118E-6    -1.9903327602542967E-6   -26742.21454366623
-1.0847460300695582E-6    -2.0983616479725984E-6   -25342.28909679434
-1.1445119694094044E-6    -2.2063905356908996E-6   -23915.148586867577
-9.490983260701377E-7     -2.101437407614717E-6    -26052.640241368586
-1.0088642654099843E-6    -2.2094662953330186E-6   -24608.66318412291
-8.732165614105638E-7     -2.212542054975137E-6    -25293.08865144871
-6.391388194890953E-7     -1.7741184597604787E-6   -30645.283730536252
-7.735400196290364E-7     -1.772619711203723E-6    -29994.88119188266
-9.079412197689775E-7     -1.7711209626469677E-6   -29385.998734723133
-1.0423424199089186E-6    -1.7696222140902123E-6   -28785.30601329664
-6.976582549694624E-7     -1.8837243585641431E-6   -29291.248686779716
-8.320594551094036E-7     -1.8822256100073877E-6   -28665.434738680065
-9.664606552493448E-7     -1.8807268614506323E-6   -28059.31815215316
-7.561776904498295E-7     -1.9933302573678075E-6   -27938.176081745667
-8.905788905897706E-7     -1.9918315088110523E-6   -27336.844237816927
-8.146971259301967E-7     -2.102936156171472E-6    -26586.065915434097
-7.376581029643746E-7     -2.214920004853267E-6    -25601.615997057306
-6.020996445181853E-7     -2.2172979547313964E-6   -25922.978704303274
-4.665411860719962E-7     -2.2196759046095265E-6   -26251.690538250386
-3.30982727625807E-7      -2.2220538544876563E-6   -26587.75149889866
-6.791386674840074E-7     -2.105314106049602E-6    -26908.000780325332
-5.435802090378182E-7     -2.1076920559277317E-6   -27269.383661531974
-4.0802175059162903E-7    -2.1100700058058615E-6   -27638.396204200104
-6.206192320036403E-7     -1.9957082072459373E-6   -28284.605589764287
-4.850607735574512E-7     -1.9980861571240675E-6   -28648.873366943004
-5.620997965232732E-7     -1.8861023084422727E-6   -29662.279324308707
4.206648553783454E-7      -2.345523628233191E-6    -25777.50776154785
2.8665047350824143E-7     -2.3436773226478944E-6   -25828.37723179929
1.526360916381374E-7      -2.3418310170625978E-6   -25892.899788873903
1.8621709768033443E-8     -2.339984711477301E-6    -25964.317840301494
-1.1539267210207052E-7    -2.3381384058920044E-6   -26022.811031587553
3.6668207058578876E-7     -2.457383924174113E-6    -24919.827597400246
2.3266768871568472E-7     -2.455537618588816E-6    -24978.362100435872
9.865330684558074E-8      -2.4536913130035195E-6   -25046.03953397802
-3.536107502452322E-8     -2.451845007418223E-6    -25110.781777876313
3.1269928579323205E-7     -2.569244220115034E-6    -24063.60916688182
1.7868490392312804E-7     -2.5673979145297374E-6   -24129.76976857987
4.467052205302407E-8      -2.5655516089444407E-6   -24200.836283857956
2.5871650100067534E-7     -2.6811045160559558E-6   -23208.852469992577
1.2470211913057138E-7     -2.6792582104706595E-6   -23292.974549532468
2.0473371620811866E-7     -2.7929648119968774E-6   -22366.878103134146
3.479913884857471E-7      -2.7960538054136107E-6   -22088.16933917016
4.912490607633755E-7      -2.7991427988303435E-6   -21818.0714839872
6.345067330410039E-7      -2.802231792247077E-6    -21554.52301697643
7.777644053186323E-7      -2.80532078566381E-6     -21297.52393813784
4.019741732783038E-7      -2.684193509472689E-6    -22930.25900353014
5.452318455559322E-7      -2.687282502889422E-6    -22665.10907389116
6.884895178335606E-7      -2.6903714963061554E-6   -22406.746606961093
4.5595695807086044E-7     -2.572333213531767E-6    -23792.718034933652
5.992146303484889E-7      -2.5754222069485005E-6   -23530.83815173577
5.099397428634171E-7      -2.4604729175908456E-6   -24656.67773408807
6.156111133749229E-7      -3.342905758311006E-6    -18646.718571244448
6.766933062191905E-7      -3.2360065624649134E-6   -19127.991555321365
7.37775499063458E-7       -3.129107366618821E-6    -19605.73463989458
7.988576919077256E-7      -3.022208170772728E-6    -20085.116586656717
8.599398847519932E-7      -2.915308974926636E-6    -20566.13739560778
5.334356339415621E-7      -3.2329175690481806E-6   -19395.303395928495
5.945178267858296E-7      -3.1260183732020875E-6   -19871.11067438659
6.556000196300971E-7      -3.0191191773559953E-6   -20349.324495162364
7.166822124743647E-7      -2.912219981509902E-6    -20829.169195870687
4.512601545082012E-7      -3.1229293797853547E-6   -20137.37648781476
5.123423473524688E-7      -3.016030183939262E-6    -20614.993565061774
5.734245401967363E-7      -2.9091309880931694E-6   -21091.580284327883
3.690846750748404E-7      -3.012941190522529E-6    -20880.95812850955
4.301668679191079E-7      -2.906041994676436E-6    -21360.30268642049
2.869091956414795E-7      -2.9029530012597033E-6   -21626.048318012872
9.420202865691236E-7      -3.019627234388344E-6    -19695.69372480624
8.809380937248559E-7      -3.1265264302344363E-6   -19215.303710565633
8.198559008805884E-7      -3.233425626080529E-6    -18736.5605407703
7.587737080363208E-7      -3.3403248219266216E-6   -18256.44536211138
1.0241006883862538E-6     -3.123945493850052E-6    -18833.108174989036
9.630184955419863E-7      -3.2308446896961445E-6   -18351.26708225939
9.019363026977187E-7      -3.337743885542237E-6    -17875.730677796484
1.106181090203384E-6      -3.2282637533117596E-6   -17971.448720715016
1.0450988973591166E-6     -3.3351629491578522E-6   -17500.330175571544
1.1882614920205145E-6     -3.332582012773468E-6    -17130.24385543658
1.0029027612026189E-6     -3.892258261560602E-6    -15656.33752945443
1.0686070262984776E-6     -3.7798068245262984E-6   -15888.179205829896
1.1343112913943363E-6     -3.6673553874919947E-6   -16107.647719863806
1.200015556490195E-6      -3.5549039504576906E-6   -16328.721907049141
1.2657198215860536E-6     -3.4424525134233874E-6   -16551.401767385905
9.254444316370797E-7      -3.782387760910683E-6    -16247.587823343576
9.911486967329384E-7      -3.669936323876379E-6    -16474.630240435632
1.0568529618287971E-6     -3.557484886842075E-6    -16698.051261292567
1.1225572269246556E-6     -3.4450334498077714E-6   -16923.098630777007
8.479861020715405E-7      -3.6725172602607637E-6   -16843.583932851718
9.136903671673992E-7      -3.5600658232264596E-6   -17066.691438977366
9.793946322632577E-7      -3.4476143861921563E-6   -17288.784445998317
7.705277725060013E-7      -3.5626467596108445E-6   -17440.52960542521
8.362320376018599E-7      -3.450195322576541E-6    -17659.623528432992
6.93069442940462E-7       -3.4527762589609253E-6   -18038.424841064065
1.3412629117259466E-6     -3.5551771185624537E-6   -15833.289258376833
1.275558646630088E-6      -3.6676285555967573E-6   -15614.82787606028
1.2098543815342292E-6     -3.780079992631061E-6    -15397.951491419057
1.1441501164383708E-6     -3.8925314296653655E-6   -15171.925979485204
1.4168060018658396E-6     -3.667901723701521E-6    -15126.783078667857
1.351101736769981E-6      -3.780353160735824E-6    -14907.218302760328
1.2853974716741224E-6     -3.892804597770128E-6    -14690.94496494869
1.4923490920057326E-6     -3.7806263288405875E-6   -14420.71891287579
1.4266448269098741E-6     -3.893077765874891E-6    -14214.102063835078
1.5678921821456258E-6     -3.893350933979655E-6    -13741.397276144366
1.4462754384588889E-6     -4.338000993674689E-6    -13345.033889945757
1.5119914631895109E-6     -4.226906770777121E-6    -13330.54550174117
1.577707487920133E-6      -4.1158125478795534E-6   -13317.298578874646
1.6434235126507553E-6     -4.0047183249819856E-6   -13305.293121346187
1.305028083223137E-6      -4.3377278255699266E-6   -13803.193657265056
1.370744107953759E-6      -4.226633602672358E-6    -13795.586479125268
1.4364601326843814E-6     -4.11553937977479E-6     -13785.006600346209
1.5021761574150034E-6     -4.004445156877222E-6    -13775.710371067144
1.2294967527180073E-6     -4.226360434567595E-6    -14262.250494880884
1.2952127774486295E-6     -4.1152662116700265E-6   -14250.10197695049
1.360928802179252E-6      -4.0041719887724595E-6   -14238.485855871677
1.153965422212878E-6      -4.114993043565264E-6    -14722.067637309454
1.2196814469435E-6        -4.003898820667696E-6    -14705.303768747806
1.0784340917077484E-6     -4.0036256525629326E-6   -15182.645084550762
1.7177515551805904E-6     -4.116729529316195E-6    -12752.4552534744
1.652035530449968E-6      -4.2278237522137625E-6   -12768.626008255767
1.586319505719346E-6      -4.33891797511133E-6     -12785.996044213254
1.520603480988724E-6      -4.450012198008899E-6    -12796.88901656248
1.7920795977104253E-6     -4.2287407336504045E-6   -12211.721423795898
1.7263635729798033E-6     -4.339834956547972E-6    -12227.028355781025
1.660647548249181E-6      -4.45092917944554E-6     -12244.263636597712
1.8664076402402605E-6     -4.3407519379846144E-6   -11671.40743932265
1.8006916155096383E-6     -4.451846160882182E-6    -11694.942231786597
1.9407356827700956E-6     -4.452763142318824E-6    -11148.924802129131
1.7391139769745433E-6     -4.780555068065544E-6    -11792.091068083806
1.8063212122397273E-6     -4.671291092816636E-6    -11582.57692608792
1.8735284475049116E-6     -4.56202711756773E-6     -11373.992004794514
1.6662771449792702E-6     -4.670374111379994E-6    -12123.775855800632
1.7334843802444542E-6     -4.561110136131088E-6    -11913.440275079904
1.5934403129839969E-6     -4.560193154694446E-6    -12456.14972369872
-3.3192236181535157E-6    -2.356238672107624E-6    -6165.075382328312
-3.424783445182738E-6     -2.3390870654334206E-6   -5129.168181672352
-3.5303432722119604E-6    -2.3219354587592175E-6   -4124.746853471297
-3.635903099241183E-6     -2.3047838520850144E-6   -3121.9559050703283
-3.741462926270406E-6     -2.2876322454108117E-6   -2041.3003278269189
-3.3595031367402523E-6    -2.426308469709296E-6    -5672.009493076064
-3.465062963769475E-6     -2.409156863035093E-6    -4653.812964650013
-3.5706227907986975E-6    -2.39200525636089E-6     -3648.818853001145
-3.67618261782792E-6      -2.374853649686687E-6    -2595.9542366749142
-3.3997826553269894E-6    -2.496378267310969E-6    -5178.313376778195
-3.505342482356212E-6     -2.4792266606367655E-6   -4177.783233543139
-3.6109023093854345E-6    -2.462075053962563E-6    -3152.6234882608014
-3.440062173913726E-6     -2.5664480649126416E-6   -4683.98703343471
-3.545622000942949E-6     -2.549296458238439E-6    -3711.3080825845545
-3.480341692500463E-6     -2.636517862514314E-6    -4235.046913020763
-3.9354553489934325E-6    -2.852621254518508E-6    -141.27634140302322
-3.909712926137325E-6     -2.722179171841794E-6    -348.21744170915656
-3.883970503281216E-6     -2.5917370891650794E-6   -600.7449891998524
-3.858228080425108E-6     -2.461295006488365E-6    -852.337050233277
-3.8324856575689996E-6    -2.3308529238116503E-6   -1102.9936248094386
-4.035464085876379E-6     -2.7845925925484087E-6   812.424300934065
-4.009721663020271E-6     -2.654150509871694E-6    580.8218149539109
-3.983979240164162E-6     -2.5237084271949796E-6   333.8214255825492
-3.958236817308054E-6     -2.393266344518265E-6    87.77484664214535
-4.1354728227593256E-6    -2.716563930578309E-6    1743.3547539757
-4.109730399903217E-6     -2.5861218479015944E-6   1510.075807460376
-4.083987977047109E-6     -2.45567976522488E-6     1261.4811983266018
-4.235481559642271E-6     -2.6485352686082092E-6   2672.4597251080622
-4.209739136786163E-6     -2.5180931859314947E-6   2437.320906548561
-4.335490296525218E-6     -2.58050660663811E-6     3599.7392143311413
-3.571364423799057E-6     -2.679738540915153E-6    -3447.6325034820566
-3.636644732241543E-6     -2.592517136639277E-6    -2878.4807910447275
-3.701925040684028E-6     -2.5052957323634014E-6   -2291.1209748699475
-3.767205349126514E-6     -2.4180743280875254E-6   -1705.6904115597263
-3.662387155097651E-6     -2.7229592193159916E-6   -2618.4779323250787
-3.7276674635401365E-6    -2.635737815040116E-6    -2034.8714350588562
-3.7929477719826225E-6    -2.54851641076424E-6     -1448.658341451539
-3.7534098863962446E-6    -2.7661798977168305E-6   -1788.855962311105
-3.8186901948387305E-6    -2.6789584934409545E-6   -1190.7091088597767
-3.844432617694839E-6     -2.809400576117669E-6    -958.7665934401253
-4.777263304799338E-6     -2.856264590132106E-6    6771.455066089524
-4.667426802917043E-6     -2.9243193056163255E-6   5795.288989377608
-4.557590301034748E-6     -2.9923740211005454E-6   4818.124104566823
-4.447753799152454E-6     -3.0604287365847653E-6   3839.216447617613
-4.66436311148097E-6      -2.787331607637137E-6    5958.70802347668
-4.5545266095986766E-6    -2.8553863231213564E-6   4983.321130054559
-4.444690107716381E-6     -2.9234410386055767E-6   4006.603094000452
-4.551462918162603E-6     -2.7183986251421674E-6   5148.618120381803
-4.4416264162803095E-6    -2.7864533406263877E-6   4174.0901688724425
-4.438562724844237E-6     -2.649465642647199E-6    4341.677672233576
-4.038527777312452E-6     -2.9215802905275973E-6   615.2836733098897
-4.138536514195397E-6     -2.8535516285574976E-6   1554.1196183837574
-4.238545251078344E-6     -2.7855229665873982E-6   2485.1118118768522
-4.33855398796129E-6      -2.7174943046172985E-6   3414.461934969684
-4.14160020563147E-6      -2.990539326536686E-6    1386.289692470234
-4.2416089425144165E-6    -2.922510664566587E-6    2313.8686115520736
-4.341617679397363E-6     -2.8544820025964875E-6   3244.840304723869
-4.244672633950489E-6     -3.0594983625457754E-6   2158.8293776037194
-4.344681370833436E-6     -2.991469700575676E-6    3075.319566616836
-4.347745062269507E-6     -3.1284573985548646E-6   2932.9027287103695
-3.3854141120964882E-6    -2.6493821397728694E-6   -4995.846075450426
-3.290486531692513E-6     -2.6622464170314247E-6   -5797.803810240217
-3.1955589512885378E-6    -2.67511069428998E-6     -6601.149275705138
-3.100631370884563E-6     -2.687974971548535E-6    -7405.882471845207
-3.0057037904805877E-6    -2.7008392488070904E-6   -8196.931693712011
-3.345134593509751E-6     -2.5793123421711965E-6   -5489.776211186473
-3.2502070131057755E-6    -2.592176619429752E-6    -6321.868883693389
-3.1552794327018007E-6    -2.605040896688307E-6    -7155.403037693833
-3.060351852297826E-6     -2.6179051739468625E-6   -7938.439583414014
-3.304855074923014E-6     -2.509242544569524E-6    -6001.912811178008
-3.2099274945190393E-6    -2.5221068218280793E-6   -6833.620858733083
-3.114999914115064E-6     -2.5349710990866347E-6   -7640.577716161029
-3.264575556336277E-6     -2.4391727469678515E-6   -6513.463471162843
-3.1696479759323022E-6    -2.452037024226407E-6    -7344.392484591328
-3.224296037749541E-6     -2.3691029493661794E-6   -7049.883888704899
-3.131115386951723E-6     -2.342203771585085E-6    -8023.092372927917
-3.076467325134485E-6     -2.425137846445313E-6    -8293.428983701948
-3.0218192633172466E-6    -2.5080719213055407E-6   -8565.494074452019
-2.967171201500009E-6     -2.591005996165769E-6    -8816.672389678375
-3.0379347361539063E-6    -2.315304593803991E-6    -8971.542554850852
-2.983286674336668E-6     -2.398238668664219E-6    -9243.557287251166
-2.92863861251943E-6      -2.4811727435244468E-6   -9515.663993336237
-2.9447540853560888E-6    -2.288405416022897E-6    -9920.690132037615
-2.890106023538851E-6     -2.3713394908831254E-6   -10213.780772136965
-2.8515734345582726E-6    -2.2615062382418036E-6   -10911.022726080555
-2.898651213757357E-6     -2.6990739977792844E-6   -9050.543337232586
-2.791598637034126E-6     -2.697308746751478E-6    -9915.933579344497
-2.684546060310895E-6     -2.695543495723672E-6    -10783.351950158161
-2.5774934835876635E-6    -2.6937782446958657E-6   -11652.798449673606
-2.4704409068644327E-6    -2.69201299366806E-6     -12512.692492354103
-2.860118624776778E-6     -2.5892407451379626E-6   -9709.306753642883
-2.7530660480535465E-6    -2.5874754941101563E-6   -10626.641974111157
-2.6460134713303158E-6    -2.5857102430823503E-6   -11546.062795583413
-2.538960894607085E-6     -2.5839449920545444E-6   -12423.259350551936
-2.8215860357961988E-6    -2.4794074924966404E-6   -10428.514374509017
-2.714533459072968E-6     -2.4776422414688345E-6   -11345.086862977063
-2.6074808823497373E-6    -2.4758769904410285E-6   -12258.085118422277
-2.78305344681562E-6      -2.369574239855319E-6    -11146.902713673551
-2.6760008700923887E-6    -2.3678089888275127E-6   -12095.777309941108
-2.7445208578350414E-6    -2.2597409872139972E-6   -11936.335925108433
-2.272430495146211E-6     -2.2761793594072243E-6   -16028.631062644698
-2.3904530858184183E-6    -2.272069766358917E-6    -14984.242628205393
-2.5084756764906257E-6    -2.2679601733106108E-6   -13988.7953121547
-2.6264982671628335E-6    -2.2638505802623036E-6   -12996.78112911302
-2.3219330980757664E-6    -2.380137767972433E-6    -15133.871197738596
-2.439955688747974E-6     -2.376028174924126E-6    -14116.496395743161
-2.5579782794201813E-6    -2.37191858187582E-6     -13120.952706237495
-2.3714357010053216E-6    -2.484096176537642E-6    -14238.517620954026
-2.489458291677529E-6     -2.4799865834893353E-6   -13248.065347356092
-2.420938303934877E-6     -2.5880545851028507E-6   -13342.57033229099
-2.34580054942154E-6      -2.6993769039421574E-6   -13333.588087007422
-2.2211601919786476E-6    -2.706740814216255E-6    -14159.238199443798
-2.0965198345357546E-6    -2.7141047244903526E-6   -14988.79627847475
-1.9718794770928616E-6    -2.7214686347644503E-6   -15822.262324100273
-1.8472391196499692E-6    -2.728832545038548E-6    -16644.474910351288
-2.2962979464919846E-6    -2.5954184953769487E-6   -14182.906572148924
-2.1716575890490916E-6    -2.602782405651046E-6    -15062.824077021582
-2.047017231606199E-6     -2.610146315925144E-6    -15946.774126731105
-1.9223768741633064E-6    -2.617510226199241E-6    -16790.919199382504
-2.246795343562429E-6     -2.4914600868117397E-6   -15105.949701740545
-2.1221549861195364E-6    -2.4988239970858373E-6   -15986.035249735669
-1.997514628676644E-6     -2.506187907359935E-6    -16864.37668091439
-2.1972927406328734E-6    -2.3875016782465306E-6   -16028.490223500054
-2.072652383189981E-6     -2.394865588520628E-6    -16941.07987560591
-2.147790137703318E-6     -2.283543269681322E-6    -17021.02878345707
-1.7880823120015086E-6    -2.6224986873837473E-6   -17620.839166913633
-1.7289255043530478E-6    -2.5161648297289463E-6   -18664.578595883373
-1.669768696704587E-6     -2.4098309720741454E-6   -19708.310934924488
-1.6106118890561262E-6    -2.303497114419345E-6    -20752.03618403697
-1.8632200665148456E-6    -2.511176368544441E-6    -17763.351896886117
-1.8040632588663848E-6    -2.40484251088964E-6     -18779.50510133648
-1.744906451217924E-6     -2.298508653234839E-6    -19795.54129083854
-1.9383578210281826E-6    -2.399854049705134E-6    -17873.646442318015
-1.8792010133797222E-6    -2.2935201920503334E-6   -18888.575850426623
-2.01349557554152E-6      -2.2885317308658277E-6   -17987.238563309325
-2.532359515522187E-7     -2.3343967638178805E-6   -25893.380024388884
-3.8879440999840793E-7    -2.3320188139397507E-6   -25573.843418825694
-5.243528684445971E-7     -2.329640864061621E-6    -25278.237891733457
-6.599113268907863E-7     -2.3272629141834907E-6   -24989.700956581968
-7.954697853369756E-7     -2.3248849643053614E-6   -24670.90959265789
-3.1104763392481965E-7    -2.444361723269975E-6    -24909.256184498434
-4.4660609237100886E-7    -2.441983773391845E-6    -24604.099398636397
-5.821645508171981E-7     -2.4396058235137153E-6   -24311.252957590837
-7.177230092633872E-7     -2.4372278736355855E-6   -24009.158771489198
-3.688593162974205E-7     -2.554326682722069E-6    -23926.26728311057
-5.044177747436097E-7     -2.551948732843939E-6    -23635.423101149274
-6.39976233189799E-7      -2.549570782965809E-6    -23350.056692385522
-4.2667099867002145E-7    -2.6642916421741635E-6   -22944.4133202253
-5.622294571162107E-7     -2.6619136922960338E-6   -22693.603355346866
-4.844826810426223E-7     -2.774256601626258E-6    -21994.7287488018
-3.4663940159247417E-7    -2.777998243700382E-6    -22055.439364946757
-2.0879612214232592E-7    -2.7817398857745055E-6   -22125.141253873895
-7.095284269217774E-8     -2.78548152784863E-6     -22201.206947082675
6.68904367579705E-8       -2.7892231699227534E-6   -22283.63644457313
-2.8882771921987325E-7    -2.6680332842482875E-6   -23010.921311299033
-1.50984439769725E-7      -2.6717749263224115E-6   -23101.81226560768
-1.3141160319576812E-8    -2.675516568396535E-6    -23199.288116119194
-2.3101603684727227E-7    -2.5580683247961928E-6   -24007.075612260727
-9.317275739712411E-8     -2.5618099668703167E-6   -24100.78060259211
-1.732043544746714E-7     -2.4481033653440984E-6   -25004.432067525377
-1.712568890675344E-6     -2.734583401016221E-6    -17300.77163742437
-1.5778986617007185E-6    -2.7403342569938936E-6   -17964.736018984397
-1.443228432726093E-6     -2.7460851129715663E-6   -18634.082722228493
-1.3085582037514675E-6    -2.75183596894924E-6     -19308.811747156673
-1.1738879747768422E-6    -2.7575868249269125E-6   -19978.24933280693
-1.6534120830268832E-6    -2.6282495433614204E-6   -18293.430235737564
-1.5187418540522577E-6    -2.634000399339093E-6    -19007.096535602446
-1.3840716250776322E-6    -2.6397512553167658E-6   -19726.322306408245
-1.249401396103007E-6     -2.6455021112944393E-6   -20414.89608739449
-1.5942552753784221E-6    -2.521915685706619E-6    -19364.87020357757
-1.4595850464037968E-6    -2.527666541684292E-6    -20079.874614135086
-1.3249148174291716E-6    -2.5334173976619652E-6   -20793.79521341242
-1.5350984677299615E-6    -2.4155818280518185E-6   -20436.41300650861
-1.4004282387553362E-6    -2.4213326840294916E-6   -21175.692306214834
-1.4759416600815011E-6    -2.309247970397018E-6    -21560.587365801737
-1.1137536921035866E-6    -2.6485778709365575E-6   -20984.029039750938
-1.0536194094303308E-6    -2.5395689169462024E-6   -22043.34884546321
-9.93485126757075E-7      -2.4305599629558473E-6   -23103.296072210716
-9.333508440838194E-7     -2.321551008965492E-6    -24163.87071999346
-1.1892671134297513E-6    -2.536493157304084E-6    -21416.069269793763
-1.1291328307564955E-6    -2.4274842033137288E-6   -22453.98612960295
-1.0689985480832397E-6    -2.3184752493233733E-6   -23492.435206061564
-1.2647805347559158E-6    -2.4244084436716097E-6   -21823.003979680332
-1.2046462520826602E-6    -2.3153994896812547E-6   -22859.38824481875
-1.3402939560820805E-6    -2.3123237300391365E-6   -22232.948538489145
-8.556040680102312E-7     -2.4338939182957164E-6   -23550.72521629728
-9.157383506834868E-7     -2.5429028722860715E-6   -22468.586486071123
-9.758726333567425E-7     -2.6519118262764265E-6   -21387.17038126601
-1.0360069160299983E-6    -2.760920780266782E-6    -20370.41707476042
-7.778572919366429E-7     -2.5462368276259406E-6   -22908.477756405668
-8.379915746098987E-7     -2.6552457816162956E-6   -21824.835703740024
-8.981258572831542E-7     -2.7642547356066507E-6   -20769.626190900824
-7.001105158630546E-7     -2.6585797369561643E-6   -22268.909638094465
-7.602447985363104E-7     -2.7675886909465198E-6   -21175.0351741533
-6.223637397894663E-7     -2.7709226462863893E-6   -21586.644024517853
-4.766860738046357E-6     -3.5746986618212166E-6   5421.051441509811
-4.643557977975008E-6     -3.652771179586786E-6    4539.220067110967
-4.520255217903661E-6     -3.730843697352356E-6    3656.721606767771
-4.396952457832313E-6     -3.808916215117926E-6    2777.865180511519
-4.657024236164062E-6     -3.499896234448293E-6    4756.939629482069
-4.533721476092714E-6     -3.577968752213863E-6    3875.836058799143
-4.4104187160213654E-6    -3.656041269979433E-6    2995.673792560461
-4.547187734281767E-6     -3.42509380707537E-6     4094.653787447228
-4.423884974210419E-6     -3.5031663248409402E-6   3213.180414876072
-4.437351232399473E-6     -3.350291379702447E-6    3430.3850474583496
-4.517845459998324E-6     -4.440118990275906E-6    3182.2363381765063
-4.4842556449095576E-6    -4.320537032771035E-6    3036.693019672831
-4.450665829820791E-6     -4.200955075266163E-6    2891.4636862758216
-4.417076014732025E-6     -4.0813731177612906E-6   2746.5483379854822
-4.607558404980906E-6     -4.385321657862608E-6    3724.6477290333632
-4.573968589892139E-6     -4.265739700357735E-6    3579.411119065441
-4.540378774803373E-6     -4.1461577428528635E-6   3434.5062696728346
-4.697271349963487E-6     -4.330524325449309E-6    4265.5853280907
-4.663681534874722E-6     -4.2109423679444365E-6   4119.9041563972705
-4.786984294946069E-6     -4.2757269930360095E-6   4806.531059298885
-8.386830901552393E-8     -3.3343065402990073E-6   -19123.88799949216
-2.614790397079541E-8     -3.226038194638582E-6    -19755.229339976904
3.157250107393311E-8      -3.1177698489781553E-6   -20401.79923941542
8.929290611866162E-8      -3.0095015033177295E-6   -21049.55450789499
1.4701331116339015E-7     -2.9012331576573037E-6   -21698.495145415625
-1.6399118342094362E-7    -3.222296552564458E-6    -19719.99494085428
-1.062707783762151E-7     -3.1140282069040313E-6   -20344.630013582253
-4.8550373331486567E-8    -3.0057598612436055E-6   -20984.37571302137
9.170031713241938E-9      -2.8974915155831797E-6   -21625.271802173796
-2.441140578263633E-7     -3.1102865648299073E-6   -20290.98214841434
-1.8639365278163478E-7    -3.0020182191694815E-6   -20926.08289330003
-1.2867324773690625E-7    -2.8937498735090557E-6   -21564.319250168523
-3.24236932231783E-7      -2.998276577095358E-6    -20863.98526222004
-2.6651652718705445E-7    -2.8900082314349313E-6   -21509.509410523664
-4.0435980663720265E-7    -2.8862665893608077E-6   -21439.00428227138
2.29188790596751E-7       -3.011221346920129E-6    -20959.78702229728
1.7146838555202247E-7     -3.119489692580555E-6    -20304.03415908615
1.1374798050729395E-7     -3.2277580382409807E-6   -19649.5016442438
5.6027575462565444E-8     -3.3360263839014074E-6   -19012.568169171293
3.1136427003011184E-7     -3.1212095361829546E-6   -20216.541687236335
2.536438649853833E-7      -3.229477881843381E-6    -19559.361414418952
1.959234599406548E-7      -3.3377462275038066E-6   -18913.9177545177
3.9353974946347266E-7     -3.2311977254457805E-6   -19474.88721910888
3.3581934441874413E-7     -3.3394660711062067E-6   -18820.772711609294
4.757152288968336E-7      -3.3411859147086064E-6   -18733.13304044607
3.0183213851884963E-7     -3.890816038737852E-6    -16781.54796204922
3.645879334900643E-7      -3.781233982652483E-6    -17150.278489029442
4.2734372846127893E-7     -3.6716519265671138E-6   -17521.482484363063
4.900995234324936E-7      -3.5620698704817444E-6   -17893.99450669709
5.528553184037082E-7      -3.452487814396375E-6    -18267.814556031528
2.246920490119749E-7      -3.7795141390500835E-6   -17255.806006736362
2.8744784398318964E-7     -3.669932082964714E-6    -17619.89252937263
3.5020363895440423E-7     -3.5603500268793443E-6   -17989.108937092788
4.1295943392561883E-7     -3.4507679707939754E-6   -18359.625581627643
1.475519595051002E-7      -3.6682122393623144E-6   -17721.7119585998
2.1030775447631483E-7     -3.558630183276945E-6    -18088.228441546627
2.730635494475295E-7      -3.4490481271915757E-6   -18456.097045632636
7.041186999822548E-8      -3.556910339674545E-6    -18189.014185066175
1.3316766496944013E-7     -3.4473282835891756E-6   -18557.913218613194
-6.728219508649233E-9     -3.4456084399867763E-6   -18657.712686135485
6.303136479692475E-7      -3.5623583150462947E-6   -17664.21399681331
5.675578529980327E-7      -3.6719403711316636E-6   -17288.510006765646
5.048020580268182E-7      -3.781522427217033E-6    -16914.12183390409
4.420462630556035E-7      -3.891104483302402E-6    -16544.957096253667
7.077719775347867E-7      -3.6722288156962134E-6   -17062.325943378608
6.45016182563572E-7       -3.781810871781583E-6    -16685.393376968444
5.822603875923574E-7      -3.891392927866953E-6    -16315.348939013824
7.852303071003258E-7      -3.7820993163461326E-6   -16461.46612516073
7.224745121291112E-7      -3.8916813724315024E-6   -16090.438935026781
8.626886366658651E-7      -3.891969816996052E-6    -15870.227084292535
7.423987685516457E-7      -4.3352382745194634E-6   -15155.826516955298
8.07524766714389E-7       -4.224493271279748E-6    -15279.909651416312
8.726507648771323E-7      -4.113748268040033E-6    -15405.203977413752
9.377767630398756E-7      -4.003003264800317E-6    -15531.709494947605
6.021846440148918E-7      -4.334949829954914E-6    -15379.548744900632
6.67310642177635E-7       -4.224204826715198E-6    -15502.518699745484
7.324366403403783E-7      -4.113459823475482E-6    -15626.723751586585
7.975626385031216E-7      -4.002714820235767E-6    -15752.157393813222
5.270965176408812E-7      -4.223916382150648E-6    -15727.998493987272
5.922225158036245E-7      -4.113171378910932E-6    -15850.256438487393
6.573485139663679E-7      -4.002426375671217E-6    -15973.30036788368
4.520083912668708E-7      -4.1128829343463824E-6   -16077.539959414404
5.17134389429614E-7       -4.0021379311066675E-6   -16199.038443331785
3.7692026489286015E-7     -4.001849486542118E-6    -16428.173141182026
1.013308093545005E-6      -4.114370655802648E-6    -15061.692633433937
9.481820953822618E-7      -4.225115659042363E-6    -14935.453000149191
8.830560972195185E-7      -4.335860662282079E-6    -14810.407159551734
8.179300990567752E-7      -4.446605665521795E-6    -14686.583863737706
1.0888394240501345E-6     -4.225738046804979E-6    -14596.410113746466
1.0237134258873915E-6     -4.336483050044695E-6    -14469.11852718768
9.58587427724648E-7       -4.4472280532844095E-6   -14345.895637015828
1.164370754555264E-6      -4.33710543780731E-6     -14131.961909712358
1.0992447563925207E-6     -4.447850441047025E-6    -14009.288522330342
1.2399020850603937E-6     -4.4484728288096415E-6   -13676.762519681242
1.039674123357102E-6      -4.7790156988662855E-6   -13980.377583607005
1.106416777258199E-6      -4.6688347421807375E-6   -13880.948135928646
1.1731594311592961E-6     -4.5586537854951895E-6   -13782.547947403262
9.657594485903263E-7      -4.668212354418121E-6    -14214.81126873049
1.0325021024914236E-6     -4.558031397732574E-6    -14114.370342179329
8.918447738235506E-7      -4.5574090099699575E-6   -14450.222946139422
-3.463059295500124E-6     -2.7363611787362903E-6   -4264.313432538464
-3.5540820267987184E-6    -2.779581857137129E-6    -3449.811557662012
-3.645104758097312E-6     -2.8228025355379674E-6   -2635.181901565682
-3.7361274893959055E-6    -2.866023213938807E-6    -1820.1704179685682
-3.8271502206945E-6       -2.9092438923396454E-6   -1004.4030977805102
-3.4457768984997854E-6    -2.8362044949582666E-6   -4286.452031576022
-3.536799629798379E-6     -2.879425173359105E-6    -3472.5505564876016
-3.6278223610969733E-6    -2.922645851759944E-6    -2656.844308055564
-3.718845092395567E-6     -2.965866530160783E-6    -1835.9795591989619
-3.4284945014994463E-6    -2.936047811180243E-6    -4309.016132406864
-3.5195172327980403E-6    -2.9792684895810815E-6   -3495.7121433568122
-3.6105399640966343E-6    -3.02248916798192E-6     -2669.6153208259166
-3.4112121044991077E-6    -3.035891127402219E-6    -4332.005735031
-3.5022348357977017E-6    -3.0791118058030578E-6   -3505.310382661376
-3.3939297074987687E-6    -3.135734443624195E-6    -4347.5295019857
-3.368131715096149E-6     -2.7492254559948457E-6   -5035.9696883862125
-3.35084931809581E-6      -2.849068772216822E-6    -5057.729312602776
-3.333566921095471E-6     -2.9489120884387974E-6   -5079.917352362287
-3.316284524095133E-6     -3.0487554046607746E-6   -5082.587719518195
-3.273204134692174E-6     -2.7620897332534006E-6   -5808.705877809788
-3.2559217376918353E-6    -2.861933049475377E-6    -5831.763519329093
-3.2386393406914963E-6    -2.961776365697353E-6    -5854.439639486165
-3.1782765542881987E-6    -2.774954010511956E-6    -6582.776047090091
-3.16099415728786E-6      -2.8747973267339323E-6   -6625.564954716343
-3.083348973884224E-6     -2.7878182877705117E-6   -7395.963665208734
-3.858313704746073E-6     -3.5088039908493666E-6   -746.4831303230508
-3.976814461914564E-6     -3.4465264795922844E-6   153.37680996468157
-4.095315219083055E-6     -3.3842489683352013E-6   1040.4509762318971
-4.213815976251545E-6     -3.321971457078119E-6    1926.1634537785424
-4.332316733420036E-6     -3.2596939458210365E-6   2810.514242604621
-3.96334820372551E-6      -3.5994014247307776E-6   -53.98860836196832
-4.081848960894001E-6     -3.5371239134736945E-6   825.9834492548663
-4.200349718062491E-6     -3.474846402216612E-6    1694.0438100217175
-4.318850475230982E-6     -3.4125688909595297E-6   2560.908053440565
-4.0683827027049474E-6    -3.6899988586121873E-6   615.2950342039339
-4.186883459873437E-6     -3.6277213473551046E-6   1476.710713985681
-4.305384217041929E-6     -3.565443836098023E-6    2344.9948203028034
-4.173417201684385E-6     -3.7805962924935982E-6   1285.7474890736544
-4.2919179588528754E-6    -3.718318781236515E-6    2128.7743310816586
-4.278451700663822E-6     -3.871193726375008E-6    1957.368756247195
-3.920027020143961E-6     -2.98385780178468E-6     -294.02518869608423
-4.023099448462979E-6     -3.0528168377937688E-6   489.95659145321065
-4.126171876781998E-6     -3.121775873802858E-6    1273.4438424903988
-4.2292443051010165E-6    -3.1907349098119473E-6   2058.296463577426
-3.904598691294489E-6     -3.1150943490508514E-6   -413.1690354949432
-4.007671119613507E-6     -3.1840533850599406E-6   370.42797304628175
-4.110743547932526E-6     -3.25301242106903E-6     1155.1599302895784
-3.8891703624450165E-6    -3.2463308963170233E-6   -532.7191048766554
-3.992242790764036E-6     -3.315289932326112E-6    250.4961369085936
-3.873742033595545E-6     -3.377567443583195E-6    -652.6753968412141
-3.4868065069482296E-6    -3.2103483530692296E-6   -3631.3411658730192
-3.595111635247162E-6     -3.153725715248092E-6    -2782.126833984394
-3.7034167635460948E-6    -3.097103077426954E-6    -1951.4549300728495
-3.8117218918450274E-6    -3.0404804396058173E-6   -1122.70768136406
-3.5796833063976905E-6    -3.2849622625142638E-6   -2911.502146790559
-3.687988434696623E-6     -3.228339624693126E-6    -2072.116201305461
-3.796293562995556E-6     -3.171716986871989E-6    -1241.7955014727113
-3.6725601058471513E-6    -3.359576171959298E-6    -2190.9932719585872
-3.780865234146084E-6     -3.30295353413816E-6     -1361.2925490162988
-3.7654369052966122E-6    -3.4341900814043324E-6   -1469.814541377093
-2.9546685777958308E-6    -2.808586738284493E-6    -8381.963714904228
-3.0323137611994665E-6    -2.895565777247914E-6    -7570.5992546140715
-3.1099589446031027E-6    -2.9825448162113345E-6   -6779.947497057409
-3.187604128006739E-6     -3.0695238551747554E-6   -5988.676169230964
-3.2652493114103755E-6    -3.156502894138177E-6    -5230.557760318151
-2.9036333651110734E-6    -2.9163342277618952E-6   -8503.434972930465
-2.981278548514709E-6     -3.003313266725316E-6    -7708.905879831062
-3.0589237319183458E-6    -3.090292305688737E-6    -6917.351295387515
-3.136568915321982E-6     -3.177271344652158E-6    -6126.9723769041975
-2.8525981524263164E-6    -3.024081717239298E-6    -8626.399495390971
-2.930243335829952E-6     -3.111060756202719E-6    -7848.667009841295
-3.007888519233589E-6     -3.1980397951661398E-6   -7025.901187060848
-2.801562939741559E-6     -3.1318292067167E-6      -8750.857282285768
-2.8792081231451952E-6    -3.2188082456801214E-6   -7927.344190788116
-2.750527727056802E-6     -3.2395766961941027E-6   -8825.920426279883
-2.8476160010725996E-6    -2.8068214872566866E-6   -9216.084402703418
-2.7965807883878422E-6    -2.914568976734089E-6    -9321.894006092136
-2.7455455757030853E-6    -3.0223164662114915E-6   -9429.235633556149
-2.6945103630183283E-6    -3.130063955688894E-6    -9511.616626817236
-2.740563424349368E-6     -2.8050562362288803E-6   -10030.843473898864
-2.689528211664611E-6     -2.912803725706283E-6    -10138.729616727698
-2.638492998979854E-6     -3.0205512151836855E-6   -10243.292687823672
-2.6335108476261373E-6    -2.8032909852010743E-6   -10847.57320149383
-2.5824756349413803E-6    -2.911038474678477E-6    -10974.403858617381
-2.5264582709029065E-6    -2.8015257341732684E-6   -11704.95013919836
-2.6260549053712994E-6    -3.247329769330145E-6    -9581.344445202685
-2.5015820836857962E-6    -3.2550828424661872E-6   -10349.283132029592
-2.3771092620002935E-6    -3.2628359156022297E-6   -11120.184203141487
-2.2526364403147904E-6    -3.270588988738272E-6    -11894.047658538377
-2.1281636186292876E-6    -3.278342061874314E-6    -12659.669790248436
-2.5700375413328256E-6    -3.1378170288249366E-6   -10287.611048968725
-2.4455647196473224E-6    -3.1455701019609786E-6   -11093.153645415885
-2.3210918979618193E-6    -3.153323175097021E-6    -11901.751757880456
-2.1966190762763166E-6    -3.1610762482330636E-6   -12681.75023100819
-2.5140201772943514E-6    -3.0283042883197276E-6   -11041.079616934792
-2.3895473556088487E-6    -3.03605736145577E-6     -11846.777157871491
-2.2650745339233455E-6    -3.0438104345918125E-6   -12649.78000369179
-2.4580028132558776E-6    -2.9187915478145194E-6   -11794.068802880794
-2.333529991570375E-6     -2.926544620950562E-6    -12620.127400655292
-2.401985449217404E-6     -2.809278807309311E-6    -12592.792421898701
-1.9034240194458329E-6    -2.8387344484057013E-6   -15778.595121374623
-2.0280643768887257E-6    -2.8313705381316037E-6   -14963.245466166416
-2.1527047343316182E-6    -2.824006627857506E-6    -14184.715668088913
-2.2773450917745112E-6    -2.8166427175834085E-6   -13409.96925836365
-1.9596089192416967E-6    -2.9486363517728543E-6   -14986.511459217181
-2.084249276684589E-6     -2.9412724414987567E-6   -14192.434237307143
-2.208889634127482E-6     -2.933908531224659E-6    -13414.492180979229
-2.01579381903756E-6      -3.0585382551400078E-6   -14194.276736022883
-2.1404341764804525E-6    -3.05117434486591E-6     -13421.38410713631
-2.071978718833424E-6     -3.168440158507161E-6    -13401.890951791727
-1.995570979094793E-6     -3.2834142762572243E-6   -13301.149503927212
-1.8629783395602984E-6    -3.288486490640134E-6    -13953.233966177108
-1.7303857000258038E-6    -3.2935587050230432E-6   -14609.453147203181
-1.5977930604913094E-6    -3.298630919405953E-6    -15269.80704700544
-1.4652004209568148E-6    -3.3037031337888626E-6   -15921.256030984398
-1.9393860792989294E-6    -3.173512372890071E-6    -14059.601498355085
-1.8067934397644346E-6    -3.17858458727298E-6     -14750.316670959446
-1.6742008002299402E-6    -3.18365680165589E-6     -15445.282384561595
-1.5416081606954458E-6    -3.1887290160388E-6      -16114.037790996146
-1.8832011795030655E-6    -3.063610469522917E-6    -14873.322258820677
-1.7506085399685711E-6    -3.068682683905827E-6    -15564.863396660285
-1.6180159004340765E-6    -3.0737548982887368E-6   -16255.850677302042
-1.827016279707202E-6     -2.953708566155764E-6    -15686.979798524106
-1.6944236401727075E-6    -2.9587807805386737E-6   -16400.231298691026
-1.7708313799113385E-6    -2.843806662788611E-6    -16547.179655163094
-1.232150464012837E-6     -2.866810086699303E-6    -19109.321481362524
-1.366820692987462E-6     -2.86105923072163E-6     -18451.890840059703
-1.5014909219620875E-6    -2.8553083747439563E-6   -17827.317118566192
-1.636161150936713E-6     -2.8495575187662837E-6   -17207.948569499888
-1.2904129532488312E-6    -2.9760333484716926E-6   -18300.64672988592
-1.4250831822234565E-6    -2.9702824924940195E-6   -17662.18357172546
-1.559753411198082E-6     -2.9645316365163464E-6   -17039.047047540676
-1.3486754424848257E-6    -3.0852566102440826E-6   -17492.32099009789
-1.483345671459451E-6     -3.0795057542664095E-6   -16872.74560598247
-1.4069379317208203E-6    -3.1944798720164726E-6   -16684.344261998413
-1.3281266650292359E-6    -3.3072761668084496E-6   -16358.974559930473
-1.191052909101657E-6     -3.3108491998280357E-6   -16807.73613338778
-1.053979153174078E-6     -3.314422232847622E-6    -17261.543938850347
-9.169053972464991E-7     -3.3179952658672083E-6   -17720.397976318185
-7.798316413189203E-7     -3.321568298886795E-6    -18172.44892410349
-1.2698641757932413E-6    -3.1980529050360595E-6   -17135.65433989856
-1.1327904198656622E-6    -3.2016259380556457E-6   -17616.85117341574
-9.957166639380835E-7     -3.2051989710752318E-6   -18103.234779723058
-8.586429080105047E-7     -3.2087720040948187E-6   -18571.17834607354
-1.2116016865572468E-6    -3.0888296432636687E-6   -17962.60856529328
-1.074527930629668E-6     -3.0924026762832556E-6   -18445.412028466682
-9.374541747020891E-7     -3.0959757093028418E-6   -18929.90654068969
-1.1533391973212523E-6    -2.9796063814912787E-6   -18789.991511473865
-1.0162654413936734E-6    -2.9831794145108656E-6   -19291.034256145816
-1.0950767080852578E-6    -2.8703831197188895E-6   -19654.561492441913
-7.207618492636608E-7     -3.212105959434688E-6    -18901.925668341057
-6.616920572084012E-7     -3.10264361998258E-6     -19663.268727942857
-6.026222651531416E-7     -2.9931812805304724E-6   -20425.443170708437
-5.435524730978819E-7     -2.8837189410783654E-6   -21188.448996637788
-7.995731159552451E-7     -3.0993096646427113E-6   -19294.82509574432
-7.405033238999855E-7     -2.9898473251906038E-6   -20042.868892274488
-6.814335318447259E-7     -2.8803849857384963E-6   -20791.682922917043
-8.783843826468295E-7     -2.9865133698507343E-6   -19672.272338959476
-8.193145905915698E-7     -2.8770510303986272E-6   -20418.90409508218
-9.571956493384137E-7     -2.873717075058758E-6    -20052.116389590992
-4.6342959869246223E-7    -2.995728928812915E-6    -20639.89439793073
-5.224993907477218E-7     -3.1051912682650227E-6   -19863.515046773104
-5.815691828029815E-7     -3.2146536077171297E-6   -19088.02822783064
-6.406389748582411E-7     -3.3241159471692376E-6   -18348.70697910152
-3.833067242870425E-7     -3.107738916547465E-6    -20075.40185066687
-4.4237651634230214E-7    -3.2172012559995724E-6   -19297.658495047915
-5.014463083975617E-7     -3.32666359545168E-6     -18536.750963080878
-3.0318384988162284E-7    -3.2197489042820148E-6   -19512.96747838839
-3.622536419368825E-7     -3.3292112437341222E-6   -18730.316415738627
-2.2306097547620322E-7    -3.331758892016565E-6    -18929.40333707478
-3.778057546609685E-6     -4.07985944504956E-6     -1221.41556730979
-3.7941087782369626E-6    -3.965648354209522E-6    -1135.9262458117
-3.81016000986424E-6      -3.851437263369482E-6    -1040.701959869888
-3.826211241491518E-6     -3.737226172529444E-6    -945.7102220706588
-3.842262473118796E-6     -3.6230150816894055E-6   -850.9510324140147
-3.8991432772164E-6       -4.056245788090931E-6    -439.9718630596867
-3.915194508843677E-6     -3.9420346972508925E-6   -350.640265779517
-3.931245740470955E-6     -3.8278236064108545E-6   -255.1000491899813
-3.947296972098232E-6     -3.7136125155708156E-6   -159.788023218126
-4.020229007823114E-6     -4.032632131132303E-6    324.8422384554151
-4.036280239450393E-6     -3.918421040292265E-6    434.30391539744596
-4.05233147107767E-6      -3.804209949452226E-6    528.9458420512201
-4.141314738429829E-6     -4.009018474173676E-6    1089.1471418188253
-4.157365970057106E-6     -3.894807383333637E-6    1218.680979563037
-4.262400469036544E-6     -3.985404817215047E-6    1852.9428470305422
-4.45030409616396E-6      -4.553683647506306E-6    2732.530921295396
-4.349172917240829E-6     -4.547666347231834E-6    2146.994619823935
-4.2480417383176994E-6    -4.541649046957362E-6    1561.5703059066561
-4.146910559394568E-6     -4.53563174668289E-6     976.2579795435649
-4.416714281075194E-6     -4.4341016900014345E-6   2587.377397662415
-4.3155831021520625E-6    -4.428084389726962E-6    1994.118242439386
-4.214451923228933E-6     -4.42206708945249E-6     1400.9769485570496
-4.1133207443058025E-6    -4.416049789178018E-6    814.6372940425509
-4.383124465986427E-6     -4.314519732496562E-6    2441.5482916112987
-4.281993287063297E-6     -4.30850243222209E-6     1848.7546191020892
-4.1808621081401664E-6    -4.302485131947618E-6    1253.8888864851974
-4.349534650897661E-6     -4.19493777499169E-6     2296.0153951981997
-4.24840347197453E-6      -4.1889204747172186E-6   1692.5543279406345
-4.315944835808895E-6     -4.075355817486819E-6    2130.6336184088555
-3.831601913382036E-6     -4.169810445321331E-6    -875.1634689311334
-3.9526876439887505E-6    -4.146196788362703E-6    -120.30106215292017
-4.073773374595465E-6     -4.1225831314040746E-6   623.7467473215929
-4.19485910520218E-6      -4.098969474445447E-6    1367.3432775040947
-3.885146280154386E-6     -4.259761445593103E-6    -554.1871800710812
-4.006232010761101E-6     -4.236147788634474E-6    193.25295570737535
-4.127317741367816E-6     -4.212534131675847E-6    937.562842738922
-3.938690646926737E-6     -4.349712445864875E-6    -232.94073131431696
-4.059776377533452E-6     -4.326098788906247E-6    507.1270004482453
-3.992235013699088E-6     -4.4396634461366465E-6   88.57587733916654
-4.4216409402381535E-6    -4.64174345795015E-6     2557.129956151949
-4.392977784312346E-6     -4.7298032683939936E-6   2382.63930272543
-4.364314628386539E-6     -4.817863078837838E-6    2208.087168959685
-4.320509761315022E-6     -4.635726157675678E-6    1979.6885693888348
-4.2918466053892156E-6    -4.723785968119522E-6    1805.1044942052758
-4.219378582391893E-6     -4.629708857401206E-6    1402.3532963933947
-3.973419726144504E-7     -3.884011960334437E-6    -16628.5980716334
-3.346472398946651E-7     -3.7740708763273514E-6   -17111.08624532723
-2.719525071748798E-7     -3.664129792320265E-6    -17607.720038114872
-2.0925777445509453E-7    -3.5541887083131793E-6   -18105.402995383978
-1.465630417353092E-7     -3.4442476243060935E-6   -18604.13511713455
-4.738399063553444E-7     -3.771523228044909E-6    -16954.849286765835
-4.111451736355591E-7     -3.661582144037823E-6    -17433.32482135491
-3.4845044091577373E-7    -3.5516410600307366E-6   -17923.272419520195
-2.857557081959885E-7     -3.4416999760236504E-6   -18414.23594341997
-5.503378400962384E-7     -3.65903449575538E-6     -17261.46106266873
-4.87643107376453E-7      -3.5490934117482943E-6   -17748.50139866918
-4.249483746566678E-7     -3.4391523277412085E-6   -18237.129093051924
-6.268357738371323E-7     -3.546545763465852E-6    -17569.79586261142
-5.64141041117347E-7      -3.4366046794587657E-6   -18065.38646391744
-7.033337075780263E-7     -3.4340570311763234E-6   -17879.85368659391
-6.942295222843451E-8     -3.555549523993862E-6    -18143.85141066503
-1.3211768494821978E-7    -3.6654906080009484E-6   -17638.433952856853
-1.9481241766800508E-7    -3.7754316920080338E-6   -17134.0988982771
-2.575071503877904E-7     -3.88537277601512E-6     -16647.70122373663
7.7171372784402E-9        -3.666851423681631E-6    -17677.58328639585
-5.4977595441345105E-8    -3.7767925076887174E-6   -17170.913260863817
-1.1767232816113038E-7    -3.886733591695803E-6    -16674.47641165155
8.485722678531493E-8      -3.7781533233694003E-6   -17212.758846439956
2.216249406552962E-8      -3.8880944073764865E-6   -16706.17849136064
1.6199731629218963E-7     -3.889455223057169E-6    -16742.807462863893
4.5652410397421714E-8     -4.332790632004341E-6    -15771.46119646398
1.0969734242777869E-7     -4.222296983687719E-6    -16020.504722791611
1.7374227445813567E-7     -4.111803335371097E-6    -16270.62305714441
2.3778720648849265E-7     -4.001309687054475E-6    -16521.816199522378
-9.418241182923829E-8     -4.331429816323658E-6    -15756.41601145197
-3.013747979888132E-8     -4.220936168007036E-6    -15996.066717056936
3.3907452231475654E-8     -4.110442519690413E-6    -16241.722405829647
9.795238426183266E-8      -3.999948871373792E-6    -16488.44577845414
-1.6997230202554132E-7    -4.219575352326353E-6    -15974.518036934409
-1.0592736999518434E-7    -4.109081704009731E-6    -16217.54621952467
-4.188243796482737E-8     -3.998588055693108E-6    -16461.999632605046
-2.4576219222184434E-7    -4.107720888329048E-6    -16193.989924629239
-1.8171726019148736E-7    -3.997227240012425E-6    -16440.37604735484
-3.215520824181474E-7     -3.9958664243317425E-6   -16414.831674536457
3.1287533286250325E-7     -4.11234313485874E-6     -16171.379718356558
2.488304008321462E-7      -4.222836783175362E-6    -15916.86670670518
1.8478546880178924E-7     -4.3333304314919835E-6   -15663.43562725234
1.2074053677143226E-7     -4.443824079808607E-6    -15418.127549763652
3.879634592365137E-7      -4.223376582663005E-6    -15819.980689148972
3.2391852720615676E-7     -4.333870230979627E-6    -15564.347618433536
2.598735951757998E-7      -4.444363879296249E-6    -15314.299903810585
4.6305158561052424E-7     -4.33441003046727E-6     -15469.72082651986
3.990066535801673E-7      -4.444903678783892E-6    -15214.881076616324
5.381397119845349E-7      -4.445443478271536E-6    -15119.871068180875
3.411452785957508E-7      -4.777853511616028E-6    -15069.048106352238
4.068100897253455E-7      -4.667050167167863E-6    -15084.719221891448
4.724749008549401E-7      -4.556246822719699E-6    -15101.41718840487
2.67677031320978E-7       -4.66651036768022E-6     -15186.603445649656
3.3334184245057267E-7     -4.5557070232320566E-6   -15201.185525583864
1.9420878404620512E-7     -4.5551672237444135E-6   -15305.310283375324
-3.6644888568468843E-6    -4.029103472695109E-6    -1974.589037734775
-3.5509201670840826E-6    -3.9783475003406585E-6   -2708.1566438811633
-3.437351477321282E-6     -3.927591527986209E-6    -3441.963008263756
-3.3237827875584808E-6    -3.876835555631758E-6    -4176.008130882554
-3.21021409779568E-6      -3.826079583277307E-6    -4920.877374554051
-3.6805400884741617E-6    -3.91489238185507E-6     -1882.083319454719
-3.56697139871136E-6      -3.8641364095006204E-6   -2628.6047563110833
-3.453402708948559E-6     -3.81338043714617E-6     -3375.265238224645
-3.339834019185759E-6     -3.7626244647917196E-6   -4108.791715340914
-3.696591320101439E-6     -3.8006812910150318E-6   -1787.2253283847017
-3.5830226303386382E-6    -3.7499253186605815E-6   -2532.8988395293786
-3.4694539405758373E-6    -3.6991693463061313E-6   -3264.3158259794263
-3.7126425517287165E-6    -3.6864702001749933E-6   -1692.6042429821732
-3.5990738619659156E-6    -3.6357142278205427E-6   -2422.0765837948584
-3.728693783355995E-6     -3.5722591093349552E-6   -1582.0739887872037
-3.3571865855581513E-6    -3.273803471554818E-6    -4496.454389617149
-3.450063385007612E-6     -3.348417380999852E-6    -3758.515202470898
-3.5429401844570726E-6    -3.423031290444886E-6    -3028.17946497849
-3.6358169839065335E-6    -3.4976451998899203E-6   -2297.317035597283
-3.320443463617533E-6     -3.4118724994854403E-6   -4604.302744504471
-3.413320263066994E-6     -3.4864864089304744E-6   -3869.9605782185995
-3.5061970625164548E-6    -3.5611003183755085E-6   -3138.605304640974
-3.2837003416769156E-6    -3.5499415274160627E-6   -4713.059631101288
-3.3765771411263764E-6    -3.6245554368610968E-6   -3982.2950658904397
-3.2469572197362977E-6    -3.688010555346685E-6    -4822.725049407611
-3.2285061894697577E-6    -3.294571922068799E-6    -5368.599918025589
-3.19176306752914E-6      -3.4326409499994215E-6   -5473.797538044464
-3.155019945588522E-6     -3.570709977930044E-6    -5579.92310955819
-3.1182768236479046E-6    -3.7087790058606667E-6   -5655.69079722638
-3.099825793381364E-6     -3.3153403725827804E-6   -6235.0031037353765
-3.0630826714407467E-6    -3.453409400513403E-6    -6342.166545831398
-3.026339549500129E-6     -3.5914784284440256E-6   -6438.590302568025
-2.971145397292971E-6     -3.336108823096762E-6    -7103.7940882891435
-2.934402275352353E-6     -3.4741778510273845E-6   -7221.039138571521
-2.842465001204578E-6     -3.356877273610744E-6    -8003.037305236878
-2.6926517086591494E-6    -3.3605501433676552E-6   -8973.226003480357
-2.784588982806925E-6     -3.4778507207842968E-6   -8150.271172658329
-2.8765262569547004E-6    -3.5951512982009374E-6   -7347.33862297613
-2.968463531102476E-6     -3.712451875617578E-6    -6544.120628433088
-3.060400805250252E-6     -3.82975245303422E-6     -5808.584171487706
-2.6347756902614963E-6    -3.481523590541208E-6    -9080.770259635237
-2.7267129644092716E-6    -3.598824167957849E-6    -8270.794799064968
-2.8186502385570477E-6    -3.71612474537449E-6     -7466.876513806682
-2.910587512704823E-6     -3.833425322791131E-6    -6695.416658990129
-2.576899671863844E-6     -3.6024970377147607E-6   -9189.716983620236
-2.6688369460116193E-6    -3.7197976151314018E-6   -8392.672618006758
-2.760774220159395E-6     -3.8370981925480425E-6   -7585.211967227575
-2.519023653466191E-6     -3.7234704848883136E-6   -9300.066175435355
-2.6109609276139666E-6    -3.840771062304955E-6    -8477.970096200046
-2.4611476350685382E-6    -3.844443932061866E-6    -9372.19578164115
-2.1947604219171377E-6    -3.391562435911825E-6    -11955.575461118247
-2.3192332436026404E-6    -3.3838093627757826E-6   -11191.684192652927
-2.4437060652881435E-6    -3.3760562896397393E-6   -10456.098119043083
-2.5681788869736463E-6    -3.3683032165036977E-6   -9723.38129798578
-2.2613572252049877E-6    -3.504782809949335E-6    -11301.337920097612
-2.385830046890491E-6     -3.4970297368132927E-6   -10554.131468092291
-2.5103028685759936E-6    -3.48927666367725E-6     -9819.18754767391
-2.327954028492838E-6     -3.618003183986845E-6    -10647.058904625414
-2.452426850178341E-6     -3.6102501108508027E-6   -9916.444540487106
-2.3945508317806878E-6    -3.7312235580243557E-6   -9992.738414701646
-2.057502478135163E-6     -3.394979255417371E-6    -12715.433897139726
-2.1240992814230124E-6    -3.5081996294548812E-6   -12013.864945808937
-2.1906960847108625E-6    -3.6214200034923917E-6   -11342.717855466775
-2.257292887998713E-6     -3.7346403775299017E-6   -10671.622019266022
-2.323889691286563E-6     -3.847860751567413E-6    -10042.960539931759
-1.9868413376410376E-6    -3.5116164489604277E-6   -12733.909618221533
-2.0534381409288876E-6    -3.6248368229979373E-6   -12048.500369685014
-2.1200349442167377E-6    -3.738057197035448E-6    -11376.486393289859
-2.186631747504588E-6     -3.851277571072958E-6    -10719.642929897684
-1.916180197146913E-6     -3.628253642503484E-6    -12754.208929246763
-1.982777000434763E-6     -3.7414740165409943E-6   -12084.917675049404
-2.049373803722613E-6     -3.854694390578505E-6    -11399.81677725467
-1.8455190566527878E-6    -3.7448908360465404E-6   -12776.331830215422
-1.912115859940638E-6     -3.858111210084051E-6    -12083.482082002705
-1.7748579161586628E-6    -3.861528029589597E-6    -12762.709014970147
-1.5271319199971844E-6    -3.41526811294901E-6     -15244.464923035699
-1.659724559531679E-6     -3.4101958985661E-6      -14597.106505292584
-1.7923171990661732E-6    -3.40512368418319E-6     -13975.986941636154
-1.924909838600668E-6     -3.4000514698002804E-6   -13358.886274534261
-1.589063419037554E-6     -3.5268330921091563E-6   -14615.529128651735
-1.7216560585720484E-6    -3.5217608777262462E-6   -13983.077973813088
-1.8542486981065432E-6    -3.516688663343337E-6    -13363.156356740012
-1.6509949180779236E-6    -3.638398071269303E-6    -13986.908851549533
-1.783587557612418E-6     -3.6333258568863935E-6   -13369.291737344278
-1.7129264171182932E-6    -3.74996305042945E-6     -13358.604091729096
-1.389604787806893E-6     -3.417834715514493E-6    -15814.002116855117
-1.4515362868472624E-6    -3.5293996946746397E-6   -15142.104864493978
-1.513467785887632E-6     -3.640964673834786E-6    -14498.445143662417
-1.5753992849280016E-6    -3.752529652994933E-6    -13855.174162383682
-1.6373307839683714E-6    -3.86409463215508E-6     -13248.288647308416
-1.314009154656971E-6     -3.5319662972401222E-6   -15677.16363059398
-1.3759406536973404E-6    -3.643531276400269E-6    -15019.422581132305
-1.4378721527377102E-6    -3.755096255560416E-6    -14374.748250174249
-1.4998036517780798E-6    -3.866661234720563E-6    -13743.475450328584
-1.2384135215070493E-6    -3.646097878965752E-6    -15542.240422998435
-1.3003450205474187E-6    -3.757662858125899E-6    -14898.638030482796
-1.3622765195877885E-6    -3.869227837286046E-6    -14242.891078256464
-1.1628178883571273E-6    -3.760229460691382E-6    -15409.232494068485
-1.224749387397497E-6     -3.871794439851529E-6    -14746.535531092068
-1.0872222552072055E-6    -3.874361042417012E-6    -15245.471041681982
-1.0257441324295484E-6    -3.763802493710969E-6    -15802.389845921301
-9.642660096518915E-7     -3.653243945004925E-6    -16384.8456139056
-9.027878868742344E-7     -3.5426853962988814E-6   -16967.984668282243
-8.413097640965774E-7     -3.432126847592838E-6    -17551.807009051234
-1.1013397655794704E-6    -3.649670911985339E-6    -15962.107630977043
-1.0398616428018132E-6    -3.5391123632792953E-6   -16533.222130121136
-9.783835200241563E-7     -3.4285538145732516E-6   -17104.96498225989
-1.1769353987293921E-6    -3.5355393302597084E-6   -16109.07902422277
-1.1154572759517352E-6    -3.4249807815536655E-6   -16679.02126656351
-1.2525310318793139E-6    -3.421407748534079E-6    -16257.983242087492
-7.648118303556834E-7     -3.5446155798823667E-6   -17264.70238865516
-8.262899531333405E-7     -3.65517412858841E-6     -16669.44367992907
-8.877680759109975E-7     -3.7657326772944533E-6   -16074.923190992988
-9.492461986886545E-7     -3.876291226000497E-6    -15508.90651250003
-6.883138966147894E-7     -3.657104312171895E-6    -16963.3427085301
-7.497920193924464E-7     -3.7676628608779385E-6   -16366.926510679106
-8.112701421701035E-7     -3.878221409583982E-6    -15782.951825687156
-6.118159628738954E-7     -3.7695930444614234E-6   -16663.72058855062
-6.732940856515525E-7     -3.880151593167467E-6    -16061.690729870043
-5.353180291330014E-7     -3.882081776750952E-6    -16345.123225048694
-3.7059760117466948E-6    -4.156421568961361E-6    -1648.52606658294
-3.759520378519045E-6     -4.246372569233133E-6    -1311.4417251866912
-3.8130647452913957E-6    -4.336323569504904E-6    -982.6977123547306
-3.866609112063747E-6     -4.4262745697766765E-6   -653.7334066099161
-3.920153478836098E-6     -4.516225570048448E-6    -337.7089593303389
-3.6338944768837043E-6    -4.232983692873163E-6    -2064.482493322512
-3.687438843656055E-6     -4.322934693144934E-6    -1737.9803717447726
-3.7409832104284057E-6    -4.4128856934167066E-6   -1409.1529834976916
-3.7945275772007564E-6    -4.502836693688478E-6    -1081.1078571147646
-3.561812942020714E-6     -4.309545816784965E-6    -2481.1390864260256
-3.615357308793064E-6     -4.3994968170567366E-6   -2165.1427266170645
-3.6689016755654152E-6    -4.489447817328508E-6    -1825.0843614353694
-3.4897314071577234E-6    -4.386107940696767E-6    -2898.4958458934916
-3.5432757739300745E-6    -4.476058940968538E-6    -2569.6384722921603
-3.5924073219838934E-6    -4.105665596606911E-6    -2377.2332881874154
-3.5203257871209034E-6    -4.182227720518712E-6    -2783.2433415111796
-3.4482442522579125E-6    -4.2587898444305144E-6   -3190.03001924862
-3.376162717394923E-6     -4.335351968342316E-6    -3592.123085007982
-3.4788386322210925E-6    -4.05490962425246E-6     -3097.7183597299636
-3.4067570973581025E-6    -4.131471748164262E-6    -3504.4476348715516
-3.3346755624951116E-6    -4.208033872076064E-6    -3914.8491047893663
-3.3652699424582916E-6    -4.00415365189801E-6     -3818.5419026877216
-3.2931884075953016E-6    -4.080715775809812E-6    -4237.289320280439
-3.2517012526954907E-6    -3.9533976795435595E-6   -4559.443731481199
-3.871632851558696E-6     -4.610302680766764E-6    -631.8437755124806
-3.823112224281295E-6     -4.70437979148508E-6     -913.0438796537263
-3.7745915970038927E-6    -4.798456902203396E-6    -1194.4694231321687
-3.7460069499233548E-6    -4.596913804406794E-6    -1363.4899034867303
-3.697486322645953E-6     -4.69099091512511E-6     -1645.0948344188876
-3.6203810482880136E-6    -4.583524928046824E-6    -2095.721078301745
-6.527237921476637E-7     -4.328590841142887E-6    -15188.888356033793
-5.888783372643603E-7     -4.217446120940775E-6    -15542.827242037658
-5.25032882381057E-7      -4.106301400738662E-6    -15897.655603430248
-4.6118742749775367E-7    -3.9951566805365495E-6   -16253.373440211573
-7.906998486662147E-7     -4.326660657559402E-6    -14939.956939622598
-7.268543937829114E-7     -4.21551593735729E-6     -15278.92439634952
-6.63008938899608E-7      -4.1043712171551766E-6   -15626.56040175325
-5.991634840163048E-7     -3.993226496953064E-6    -15975.055743430295
-8.648304503014624E-7     -4.2135857537738045E-6   -15018.120624417028
-8.00984995418159E-7      -4.102441033571692E-6    -15363.36854169982
-7.371395405348557E-7     -3.99129631336958E-6     -15709.871881795943
-9.389610519367101E-7     -4.100510849988207E-6    -15097.746854724941
-8.751155970534067E-7     -3.9893661297860946E-6   -15449.28444396769
-1.0130916535719577E-6    -3.987435946202609E-6    -15178.835630546344
-3.853975373014507E-7     -4.107011144533855E-6    -16043.089336572528
-4.49242992184754E-7      -4.218155864735967E-6    -15681.00996127981
-5.130884470680572E-7     -4.32930058493808E-6     -15319.850200491226
-5.769339019513606E-7     -4.440445305140193E-6    -14972.74427786054
-3.096076471051476E-7     -4.21886560853116E-6     -15825.657220654997
-3.7345310198845095E-7    -4.3300103287332724E-6   -15462.446800374224
-4.3729855687175427E-7    -4.441155048935386E-6    -15106.05842706758
-2.3381775690884462E-7    -4.330720072528465E-6    -15609.614503799781
-2.9766321179214795E-7    -4.441864792730578E-6    -15243.892169298895
-1.5802786671254162E-7    -4.442574536525771E-6    -15386.245504554485
-3.563615825773343E-7     -4.7766039683331916E-6   -14998.97049175694
-2.902503439557367E-7     -4.665260824397384E-6    -15124.16679512729
-2.2413910533413915E-7    -4.553917680461577E-6    -15250.353238909001
-4.2988568903534306E-7    -4.664551080602191E-6    -14993.35501654781
-3.637744504137455E-7     -4.553207936666385E-6    -15117.438088101646
-5.034097954933519E-7     -4.5524981928711914E-6   -14988.991019800253
-3.2915266738818954E-6    -4.455591311709442E-6    -4015.336062563031
-3.1654034754690574E-6    -4.448512558810316E-6    -4738.455418045811
-3.0392802770562195E-6    -4.441433805911189E-6    -5463.044906077721
-2.913157078643382E-6     -4.434355053012063E-6    -6189.1045266587735
-3.2500395189820845E-6    -4.32827321544319E-6     -4326.460102729205
-3.1239163205692466E-6    -4.3211944625440635E-6   -5067.735333067516
-2.997793122156409E-6     -4.314115709644937E-6    -5810.478539631152
-2.8716699237435715E-6    -4.307036956745811E-6    -6538.93232769713
-3.2085523640822737E-6    -4.200955119176937E-6    -4657.41600531959
-3.0824291656694365E-6    -4.193876366277811E-6    -5398.555311712589
-2.9563059672565986E-6    -4.186797613378685E-6    -6143.971302459746
-3.1670652091824632E-6    -4.073637022910685E-6    -4988.123647136102
-3.0409420107696257E-6    -4.066558270011559E-6    -5750.608721627683
-3.1255780542826528E-6    -3.946318926644434E-6    -5358.844585200941
-2.721856631198143E-6     -4.3107098265027225E-6   -7365.11785705677
-2.6566793821657418E-6    -4.194143352892508E-6    -7857.544663256082
-2.5915021331333404E-6    -4.077576879282294E-6    -8350.000606227388
-2.526324884100939E-6     -3.96101040567208E-6     -8842.485685970683
-2.80649267471117E-6      -4.190470483135597E-6    -7002.476985034504
-2.741315425678769E-6     -4.073904009525382E-6    -7481.721107378329
-2.6761381766463675E-6    -3.957337535915168E-6    -7960.90730000562
-2.8911287182241973E-6    -4.070231139768471E-6    -6625.463049203178
-2.825951469191796E-6     -3.9536646661582566E-6   -7104.08815810124
-2.9757647617372244E-6    -3.949991796401345E-6    -6250.154438840409
-2.6499140206211486E-6    -4.428035270629706E-6    -7571.786945543958
-2.5127941610117524E-6    -4.428794241146476E-6    -8260.604348620898
-2.3756743014023566E-6    -4.429553211663246E-6    -8952.18535397133
-2.238554441792961E-6     -4.430312182180017E-6    -9646.529961595252
-2.5847367715887473E-6    -4.311468797019492E-6    -8051.892055308214
-2.447616911979351E-6     -4.312227767536262E-6    -8757.538682494553
-2.3104970523699552E-6    -4.312986738053032E-6    -9465.97934933816
-2.17337719276056E-6      -4.3137457085698025E-6   -10165.130282746333
-2.5195595225563455E-6    -4.194902323409278E-6    -8557.668812203343
-2.38243966294695E-6      -4.195661293926048E-6    -9264.101719675773
-2.2453198033375543E-6    -4.196420264442818E-6    -9972.88229862416
-2.4543822735239446E-6    -4.078335849799064E-6    -9063.561772358984
-2.3172624139145493E-6    -4.079094820315834E-6    -9782.031231573977
-2.3892050244915437E-6    -3.96176937618885E-6     -9592.577081595791
-1.8401732493636433E-6    -3.975436654211035E-6    -12246.344571086753
-1.9774311931456184E-6    -3.9720198347054895E-6   -11570.691819926089
-2.1146891369275932E-6    -3.968603015199943E-6    -10915.572948709812
-2.2519470807095685E-6    -3.9651861956943965E-6   -10263.870084539922
-1.905488582568624E-6     -4.089345278832473E-6    -11762.545110439802
-2.0427465263505987E-6    -4.085928459326927E-6    -11097.83986045874
-2.180004470132574E-6     -4.08251163982138E-6     -10443.852678221405
-1.9708039157736042E-6    -4.203253903453911E-6    -11279.119672646135
-2.108061859555579E-6     -4.199837083948364E-6    -10625.29142370125
-2.036119248978585E-6     -4.317162528075349E-6    -10796.068257705747
-1.7012971117910326E-6    -3.976703128237064E-6    -12844.950992888364
-1.766612444996013E-6     -4.090611752858502E-6    -12330.720300786916
-1.8319277782009932E-6    -4.20452037747994E-6     -11836.207480416186
-1.897243111405974E-6     -4.318429002101377E-6    -11342.139183042156
-1.962558444610955E-6     -4.432337626722816E-6    -10870.264285432779
-1.6277363074234023E-6    -4.091878226884531E-6    -12904.522673405601
-1.6930516406283827E-6    -4.2057868515059695E-6   -12399.436025885343
-1.7583669738333632E-6    -4.319695476127407E-6    -11904.02565799149
-1.8236823070383438E-6    -4.433604100748845E-6    -11417.35532310241
-1.554175503055772E-6     -4.2070533255319984E-6   -12965.588393129947
-1.6194908362607524E-6    -4.320961950153437E-6    -12469.609619280021
-1.6848061694657332E-6    -4.434870574774874E-6    -11968.103446003284
-1.4806146986881419E-6    -4.322228424179466E-6    -13028.148152061407
-1.5459300318931224E-6    -4.436137048800904E-6    -12522.5086541354
-1.3430875664978505E-6    -4.3247950267449486E-6   -13485.201596951514
-1.2791212386751892E-6    -4.212186530662964E-6    -13917.610529582753
-1.215154910852528E-6     -4.09957803458098E-6     -14350.666322790108
-1.1511885830298667E-6    -3.986969538498996E-6    -14784.368976573583
-1.4166483708654805E-6    -4.209619928097481E-6    -13440.490081805292
-1.3526820430428192E-6    -4.097011432015497E-6    -13864.170798739307
-1.2887157152201582E-6    -3.984402935933513E-6    -14288.447388017092
-1.4902091752331107E-6    -4.094444829450014E-6    -13386.89163573859
-1.4262428474104496E-6    -3.98183633336803E-6     -13809.564415254747
-1.563769979600741E-6     -3.979269730802547E-6    -13334.823399789839
-1.077057981394619E-6     -4.1000444422845935E-6   -14721.123673676973
-1.1410243092172802E-6    -4.212652938366578E-6    -14278.567365015277
-1.2049906370399415E-6    -4.325261434448562E-6    -13836.708905162039
-1.268956964862603E-6     -4.437869930530546E-6    -13413.935067054847
-1.0029273797593712E-6    -4.213119346070191E-6    -14646.435046393066
-1.0668937075820326E-6    -4.325727842152175E-6    -14202.8473375972
-1.1308600354046937E-6    -4.4383363382341595E-6   -13767.31079903193
-9.287967781241235E-7     -4.326194249855789E-6    -14573.199753218545
-9.92763105946785E-7      -4.438802745937773E-6    -14124.854561142136
-8.546661764888759E-7     -4.439269153641386E-6    -14486.566353385468
-3.2359935265555E-6       -4.563057298787727E-6    -4327.672915358024
-3.1804603792291045E-6    -4.670523285866013E-6    -4620.397845089728
-3.124927231902709E-6     -4.777989272944299E-6    -4913.590974956225
-3.109870328142662E-6     -4.555978545888601E-6    -5033.356275409205
-3.054337180816267E-6     -4.663444532966887E-6    -5326.937008510156
-2.983747129729824E-6     -4.548899792989475E-6    -5740.511924333323
-1.052832314803961E-6     -4.775427816834385E-6    -13796.180594014417
-9.867769353655992E-7     -4.6633749291033856E-6   -14020.494459720008
-9.207215559272375E-7     -4.551322041372386E-6    -14245.672565921039
-1.124873864823508E-6     -4.662908521399772E-6    -13673.686524063478
-1.0588184853851465E-6    -4.5508556336687725E-6   -13896.9753807819
-1.1969154148430554E-6    -4.550389225965159E-6    -13552.40027272281
-2.44327829439471E-6      -4.771669490561943E-6    -8507.49267242789
-2.3750370101941267E-6    -4.6578837211013005E-6   -8879.140315551118
-2.306795725993544E-6     -4.5440979516406586E-6   -9251.264512023263
-2.512156869803523E-6     -4.657124750584531E-6    -8203.217314636087
-2.4439155856029398E-6    -4.543338981123889E-6    -8574.182617049228
-2.581035445212335E-6     -4.542580010607119E-6    -7899.833886964887
-1.7485438395235921E-6    -4.773694935104743E-6    -11571.025377236369
-1.6810059036467687E-6    -4.661175639670129E-6    -11881.231074774536
-1.6134679677699454E-6    -4.548656344235517E-6    -12192.14802479569
-1.8198820412193795E-6    -4.6599091656441E-6      -11343.581419591977
-1.7523441053425564E-6    -4.547389870209487E-6    -11652.887677626257
-1.891220242915167E-6     -4.546123396183457E-6    -11117.244014580096
