4.536052183316671E-6      -4.6366096101849386E-7   -3.8617736886851217
4.628841746653337E-6      -3.7092876881479506E-7   -2.6579259463261353
4.721631309990002E-6      -2.7819657661109627E-7   -1.402144318291108
4.8144208733266665E-6     -1.8546438440739748E-7   -0.14636269025372156
4.907210436663335E-6      -9.273219220369879E-8    1.109418937781463
4.9999999999999996E-6     0                        2.365200565820265
4.494529438754981E-6      -3.7092876881479506E-7   -4.498225087966376
4.587319002091646E-6      -2.7819657661109627E-7   -3.2914364767857203
4.680108565428311E-6      -1.8546438440739748E-7   -2.030102051755878
4.772898128764977E-6      -9.273219220369874E-8    -0.7687676267256425
4.865687692101644E-6      -2.5738353727127953E-23  0.4925667983042784
4.453006694193288E-6      -2.7819657661109627E-7   -5.161600289091329
4.545796257529955E-6      -1.8546438440739753E-7   -3.918740571314473
4.6385858208666195E-6     -9.273219220369871E-8    -2.6574061462848544
4.731375384203284E-6      3.860753059069193E-23    -1.3960717212555755
4.411483949631597E-6      -1.8546438440739748E-7   -5.824975490217541
4.5042735129682635E-6     -9.273219220369877E-8    -4.546044665844092
4.5970630763049275E-6     3.860753059069193E-23    -3.2847102408151145
4.369961205069907E-6      -9.273219220369879E-8    -6.488350691342651
4.462750768406572E-6      5.1476707454255905E-23   -5.173348760371508
4.328438460508215E-6      0                        -7.2417371876981145
4.628841746653337E-6      -5.13785911671937E-7     -2.7715198928955904
4.721631309990002E-6      -5.639108623253802E-7    -1.7086677909104284
4.8144208733266665E-6     -6.140358129788233E-7    -0.6458156889235362
4.907210436663335E-6      -6.641607636322667E-7    0.4170364130624123
4.9999999999999996E-6     -7.142857142857099E-7    1.4057515274633374
4.721631309990002E-6      -4.210537194682383E-7    -1.5599293739237687
4.814420873326667E-6      -4.711786701216814E-7    -0.4681392374505032
4.907210436663333E-6      -5.213036207751246E-7    0.6236508990226529
5.0E-6                    -5.714285714285679E-7    1.715441035495084
4.814420873326668E-6      -3.2832152726453956E-7   -0.3097005428801473
4.907210436663334E-6      -3.784464779179827E-7    0.7820895935924617
4.9999999999999996E-6     -4.2857142857142587E-7   1.8738797300647831
4.907210436663335E-6      -2.3558933506084077E-7   0.9405282881627901
4.9999999999999996E-6     -2.8571428571428395E-7   2.032318424635741
4.9999999999999996E-6     -1.4285714285714197E-7   2.1907571192060695
3.9685773672732835E-6     -5.164460854815112E-7    -10.493474270144107
4.04054958592027E-6       -4.1315686838520893E-7   -9.923327648602191
4.1125218045672545E-6     -3.098676512889066E-7    -9.275398771846818
4.184494023214241E-6      -2.065784341926044E-7    -8.62746989509192
4.256466241861228E-6      -1.0328921709630226E-7   -7.9795410183363895
3.905783380350276E-6      -4.1315686838520893E-7   -11.66447671790614
3.977755598997261E-6      -3.098676512889067E-7    -11.085286273112425
4.049727817644248E-6      -2.065784341926044E-7    -10.477408124951832
4.121700036291233E-6      -1.0328921709630219E-7   -9.869529976789982
4.193672254938222E-6      -2.8668516753955273E-23  -9.261651828633163
3.842989393427267E-6      -3.098676512889066E-7    -12.914398234426995
3.914961612074255E-6      -2.0657843419260446E-7   -12.31730017542114
3.98693383072124E-6       -1.0328921709630217E-7   -11.70942202726039
4.058906049368227E-6      4.300277513093291E-23    -11.101543879100271
3.7801954065042606E-6     -2.065784341926044E-7    -14.164319750949424
3.852167625151247E-6      -1.0328921709630223E-7   -13.549314077731118
3.924139843798233E-6      4.300277513093291E-23    -12.941435929571469
3.7174014195812534E-6     -1.0328921709630226E-7   -15.414241267470125
3.7893736382282398E-6     5.733703350791055E-23    -14.781327980041723
3.654607432658246E-6      0                        -16.77760524471336
4.9999999999999996E-6     -1.428571428571425E-6    0.6668080909329541
5.0E-6                    -1.285714285714282E-6    0.9006066335114359
4.9999999999999996E-6     -1.1428571428571388E-6   0.989824363204619
4.9999999999999996E-6     -9.999999999999957E-7    1.0790420929000042
5.0E-6                    -8.571428571428529E-7    1.1682598225938163
4.876483857194782E-6      -1.3606912061072128E-6   -0.3750944265920474
4.876483857194783E-6      -1.2178340632500696E-6   -0.241273231303701
4.876483857194782E-6      -1.0749769203929263E-6   -0.1520555016086305
4.876483857194782E-6      -9.321197775357834E-7    -0.06283777191418911
4.876483857194783E-6      -7.892626346786407E-7    0.06404301658279672
4.752967714389563E-6      -1.2928109836430001E-6   -1.483508838480365
4.7529677143895645E-6     -1.1499538407858573E-6   -1.3831530961169505
4.752967714389563E-6      -1.0070966979287139E-6   -1.2939353664221944
4.752967714389563E-6      -8.642395550715709E-7    -1.2020400875667203
4.629451571584344E-6      -1.2249307611787877E-6   -2.5919232503687617
4.629451571584345E-6      -1.0820736183216449E-6   -2.5250329609310156
4.629451571584344E-6      -9.392164754645016E-7    -2.468123191716395
4.505935428779128E-6      -1.1570505387145755E-6   -3.700337662258102
4.505935428779128E-6      -1.0141933958574324E-6   -3.7342062958658335
4.382419285973909E-6      -1.089170316250363E-6    -4.899828090010848
4.9999999999999996E-6     -2.14285714285714E-6     0.148517149112568
5.0E-6                    -1.9999999999999974E-6   0.2993177509331277
4.9999999999999996E-6     -1.8571428571428541E-6   0.3579343887507183
4.9999999999999996E-6     -1.7142857142857109E-6   0.41655102656846626
5.0E-6                    -1.5714285714285683E-6   0.47516766438621416
4.883287868832244E-6      -2.0892837512672347E-6   -0.6115650132524162
4.883287868832243E-6      -1.946426608410092E-6    -0.5249933659648751
4.883287868832242E-6      -1.8035694655529483E-6   -0.46637672814696984
4.883287868832243E-6      -1.6607123226958054E-6   -0.4077600903290647
4.883287868832244E-6      -1.5178551798386626E-6   -0.3086750578626652
4.766575737664486E-6      -2.0357103596773285E-6   -1.413006848207682
4.766575737664488E-6      -1.8928532168201863E-6   -1.3493044828620915
4.766575737664486E-6      -1.749996073963043E-6    -1.2906878450443435
4.766575737664486E-6      -1.6071389311058998E-6   -1.2118678002162644
4.649863606496729E-6      -1.982136968087423E-6    -2.2144486831636554
4.64986360649673E-6       -1.8392798252302806E-6   -2.173615599760114
4.649863606496729E-6      -1.6964226823731372E-6   -2.115060542569392
4.533151475328974E-6      -1.928563576497518E-6    -3.015890518119275
4.533151475328974E-6      -1.7857064336403747E-6   -3.0182532849222827
4.416439344161217E-6      -1.8749901849076121E-6   -3.849502044299564
3.3103985479413264E-6     -5.206729146443935E-7    -17.771135672518863
3.379240324884711E-6      -4.165383317155148E-7    -17.628687153331427
3.448082101828094E-6      -3.12403748786636E-7     -17.435464827953304
3.5169238787714778E-6     -2.0826916585775732E-7   -17.24224250257172
3.5857656557148624E-6     -1.0413458292887874E-7   -17.049020177192336
3.2467095462529646E-6     -4.165383317155148E-7    -19.185863562886524
3.3155513231963492E-6     -3.1240374878663607E-7   -19.052011645170563
3.384393100139733E-6      -2.0826916585775738E-7   -18.917659857970637
3.453234877083116E-6      -1.0413458292887865E-7   -18.78330807076933
3.5220766540265006E-6     -2.890315290684472E-23   -18.648956283568335
3.1830205445646023E-6     -3.12403748786636E-7     -20.69383711500586
3.251862321507987E-6      -2.0826916585775743E-7   -20.562125975380848
3.3207040984513704E-6     -1.0413458292887864E-7   -20.42777418818039
3.3895458753947538E-6     4.3354729360267085E-23   -20.293422400980436
3.1193315428762406E-6     -2.0826916585775732E-7   -22.201810667125194
3.1881733198196248E-6     -1.0413458292887869E-7   -22.072240305592896
3.257015096763008E-6      4.3354729360267085E-23   -21.937888518391592
3.0556425411878796E-6     -1.0413458292887874E-7   -23.70978421924547
3.1244843181312634E-6     5.780630581368945E-23    -23.58235463580306
2.991953539499517E-6      0                        -25.331657557566334
2.665169827576412E-6      -5.295868417685844E-7    -23.918902594723345
2.7305265699610335E-6     -4.236694734148675E-7    -24.23251671786916
2.7958833123456536E-6     -3.1775210506115055E-7   -24.52040652833778
2.8612400547302746E-6     -2.1183473670743372E-7   -24.808296338806404
2.926596797114896E-6      -1.0591736835371692E-7   -25.096186149274402
2.6008021447723715E-6     -4.236694734148675E-7    -25.505436871921134
2.6661588871569925E-6     -3.1775210506115065E-7   -25.83274398681991
2.7315156295416135E-6     -2.118347367074337E-7    -26.190084318123656
2.7968723719262344E-6     -1.0591736835371685E-7   -26.547424649428198
2.862229114310856E-6      -2.9397975263500095E-23  -26.904764980733994
2.5364344619683305E-6     -3.1775210506115055E-7   -27.186296397574544
2.6017912043529524E-6     -2.1183473670743375E-7   -27.535392168883536
2.6671479467375725E-6     -1.0591736835371681E-7   -27.89273250018799
2.7325046891221935E-6     4.409696289525014E-23    -28.250072831492616
2.47206677916429E-6       -2.1183473670743372E-7   -28.86715592322733
2.5374235215489114E-6     -1.0591736835371686E-7   -29.23804035094858
2.602780263933532E-6      4.409696289525014E-23    -29.595380682253122
2.40769909636025E-6       -1.0591736835371692E-7   -30.548015448881053
2.473055838744871E-6      5.879595052700019E-23    -30.940688533012374
2.343331413556209E-6      0                        -32.34158133610745
4.421044639082185E-6      -2.5362278089140612E-6   -3.355751194806589
4.536835711265748E-6      -2.6004108185598204E-6   -2.6887328140825666
4.652626783449311E-6      -2.6645938282055786E-6   -2.0536432270113094
4.7684178556328726E-6     -2.7287768378513373E-6   -1.418553639939895
4.884208927816438E-6      -2.792959847497097E-6    -0.7834640528685985
4.9999999999999996E-6     -2.857142857142855E-6    -0.17788408706807513
4.536835711265748E-6      -2.457553675702677E-6    -2.69861928827568
4.652626783449311E-6      -2.5217366853484362E-6   -2.029215279419068
4.768417855632873E-6      -2.5859196949941945E-6   -1.3792650403009272
4.884208927816436E-6      -2.6501027046399536E-6   -0.7293148011825855
5.0E-6                    -2.7142857142857127E-6   -0.0793645620642439
4.652626783449311E-6      -2.378879542491292E-6    -1.9983581744289305
4.768417855632875E-6      -2.443062552137052E-6    -1.3429744488018454
4.884208927816437E-6      -2.5072455617828104E-6   -0.693024209683569
4.9999999999999996E-6     -2.5714285714285687E-6   -0.04307397056547668
4.7684178556328726E-6     -2.300205409279908E-6    -1.2980970605817872
4.884208927816438E-6      -2.3643884189256676E-6   -0.6567336181850512
4.9999999999999996E-6     -2.428571428571426E-6    -0.006783379066473535
4.884208927816438E-6      -2.221531276068525E-6    -0.5978359467348799
4.9999999999999996E-6     -2.2857142857142834E-6   0.029507212431664518
4.439532795973043E-6      -3.2304122596402177E-6   -2.9105729986983673
4.551626236778434E-6      -3.2986155219978886E-6   -2.3894790940667243
4.663719677583825E-6      -3.3668187843555582E-6   -1.8832091152601422
4.7758131183892155E-6     -3.4350220467132287E-6   -1.3769391364539139
4.887906559194608E-6      -3.5032253090709E-6      -0.870669157647489
4.9999999999999996E-6     -3.57142857142857E-6     -0.3835024869758675
4.551626236778434E-6      -3.1557583791407458E-6   -2.394995577642981
4.663719677583826E-6      -3.2239616414984163E-6   -1.867580560753539
4.775813118389217E-6      -3.2921649038560863E-6   -1.3524361013195205
4.8879065591946075E-6     -3.3603681662137564E-6   -0.8372916418856159
5.0E-6                    -3.4285714285714277E-6   -0.32214718245195584
4.663719677583825E-6      -3.0811044986412726E-6   -1.8484963216876533
4.775813118389218E-6      -3.149307760998944E-6    -1.3311251381094984
4.887906559194608E-6      -3.2175110233566135E-6   -0.8159806786756265
4.9999999999999996E-6     -3.2857142857142836E-6   -0.30083621924176546
4.7758131183892155E-6     -3.0064506181418E-6      -1.301997065731696
4.887906559194608E-6      -3.0746538804994707E-6   -0.7946697154654362
4.9999999999999996E-6     -3.1428571428571404E-6   -0.2795252560315751
4.887906559194608E-6      -2.931796737642328E-6    -0.7554978097760533
4.9999999999999996E-6     -2.9999999999999984E-6   -0.25821429282201386
2.0131086100110812E-6     -5.398145384713228E-7    -28.751337578811548
2.079153170720107E-6      -4.3185163077705826E-7   -29.476740368483814
2.145197731429132E-6      -3.238887230827936E-7    -30.199898729431307
2.211242292138157E-6      -2.1592581538852908E-7   -30.923057090379114
2.2772868528471832E-6     -1.0796290769426459E-7   -31.64621545132661
1.9474038413788783E-6     -4.3185163077705826E-7   -30.425027164820484
2.013448402087904E-6      -3.2388872308279366E-7   -31.167894038360867
2.0794929627969287E-6     -2.1592581538852905E-7   -31.9688825823932
2.1455375235059543E-6     -1.0796290769426453E-7   -32.76987112642616
2.2115820842149807E-6     -2.996572648191324E-23   -33.57085967046038
1.881699072746674E-6      -3.238887230827936E-7    -32.18848038287173
1.9477436334557E-6        -2.1592581538852913E-7   -32.97274819359828
2.0137881941647253E-6     -1.079629076942645E-7    -33.7737367376315
2.079832754873751E-6      4.494858972286987E-23    -34.57472528166451
1.815994304114471E-6      -2.1592581538852908E-7   -33.95193360092518
1.8820388648234968E-6     -1.0796290769426455E-7   -34.77760234883631
1.948083425532522E-6      4.494858972286987E-23    -35.57859089286959
1.750289535482268E-6      -1.0796290769426459E-7   -35.715386818978786
1.8163340961912934E-6     5.993145296382649E-23    -36.58245650407466
1.6845847668500644E-6     0                        -37.58274185363383
4.9999999999999996E-6     -4.2857142857142855E-6   -0.4858217117088399
5.0E-6                    -4.142857142857143E-6    -0.4585436858250226
4.9999999999999996E-6     -3.999999999999999E-6    -0.4493350401810203
4.9999999999999996E-6     -3.857142857142856E-6    -0.44012639453524843
5.0E-6                    -3.7142857142857133E-6   -0.43091774889030243
4.877764369304294E-6      -4.217907572924683E-6    -0.9563971847177022
4.877764369304295E-6      -4.075050430067539E-6    -0.9434861313394831
4.877764369304293E-6      -3.9321932872103955E-6   -0.9342774856944192
4.877764369304293E-6      -3.7893361443532527E-6   -0.9250688400490404
4.877764369304295E-6      -3.64647900149611E-6     -0.9044983466641963
4.755528738608585E-6      -4.150100860135078E-6    -1.435860277128869
4.7555287386085876E-6     -4.007243717277936E-6    -1.4284285768530391
4.755528738608586E-6      -3.864386574420792E-6    -1.4192199312078966
4.755528738608585E-6      -3.7215294315636483E-6   -1.4054720356955857
4.633293107912879E-6      -4.082294147345474E-6    -1.9153233695402323
4.6332931079128794E-6     -3.939437004488332E-6    -1.9133710223669087
4.633293107912879E-6      -3.7965798616311877E-6   -1.9064457247268967
4.511057477217174E-6      -4.0144874345558715E-6   -2.394786461951478
4.511057477217174E-6      -3.871630291698728E-6    -2.407419413758345
4.3888218465214674E-6     -3.946680721766267E-6    -2.8854158860957453
4.552008902223481E-6      -4.550949257727901E-6    -2.16131961428471
4.6416071217787854E-6     -4.6407594061823205E-6   -1.8309791987876247
4.731205341334089E-6      -4.73056955463674E-6     -1.5022638226144163
4.820803560889391E-6      -4.820379703091159E-6    -1.173548446441326
4.910401780444696E-6      -4.91018985154558E-6     -0.844833070268432
4.9999999999999996E-6     -4.999999999999999E-6    -0.5161176940954204
4.6416071217787854E-6     -4.4979022633251785E-6   -1.8302093232355077
4.731205341334089E-6      -4.587712411779598E-6    -1.5007910320512214
4.820803560889392E-6      -4.677522560234017E-6    -1.1718117395516632
4.910401780444695E-6      -4.767332708688436E-6    -0.8428324470519878
5.0E-6                    -4.857142857142857E-6    -0.5138531545528608
4.731205341334089E-6      -4.444855268922454E-6    -1.4963710928834095
4.820803560889394E-6      -4.534665417376876E-6    -1.169247688541869
4.910401780444696E-6      -4.624475565831294E-6    -0.8402683960424582
4.9999999999999996E-6     -4.714285714285713E-6    -0.5112891035427425
4.820803560889391E-6      -4.391808274519731E-6    -1.162532862531469
4.910401780444696E-6      -4.481618422974152E-6    -0.8377043450324971
4.9999999999999996E-6     -4.57142857142857E-6     -0.5087250525334106
4.910401780444696E-6      -4.338761280117009E-6    -0.8286946321798034
4.9999999999999996E-6     -4.428571428571428E-6    -0.5061610015234494
1.3495265311145976E-6     -5.469313444355167E-7    -31.9529532233811
1.4165381782616912E-6     -4.3754507554841336E-7   -33.060269437373194
1.483549825408784E-6      -3.281588066613099E-7    -34.190440008731784
1.5505614725558775E-6     -2.187725377742066E-7    -35.3206105800907
1.6175731197029713E-6     -1.0938626888710338E-7   -36.45078115145024
1.281774201531898E-6      -4.3754507554841336E-7   -33.5985231533651
1.3487858486789916E-6     -3.2815880666131E-7      -34.72727463948396
1.4157974958260847E-6     -2.1877253777420663E-7   -35.93915683780879
1.482809142973178E-6      -1.0938626888710329E-7   -37.15103903613424
1.549820790120272E-6      -3.0360788574075126E-23  -38.36292123445907
1.2140218719491982E-6     -3.281588066613099E-7    -35.3224806526095
1.281033519096292E-6      -2.1877253777420668E-7   -36.51153258543179
1.3480451662433852E-6     -1.0938626888710327E-7   -37.72341478375694
1.4150568133904783E-6     4.5541182861112694E-23   -38.93529698208207
1.1462695423664986E-6     -2.187725377742066E-7    -37.046438151852804
1.2132811895135924E-6     -1.0938626888710334E-7   -38.29579053137961
1.2802928366606854E-6     4.5541182861112694E-23   -39.50767272970601
1.0785172127837995E-6     -1.0938626888710338E-7   -38.770395651097445
1.1455288599308927E-6     6.072157714815026E-23    -40.080048477327125
1.0107648832010995E-6     0                        -40.575051993419486
4.40811949545806E-6       -4.999999999999998E-6    -2.6567668368127015
4.526495596366448E-6      -4.999999999999999E-6    -2.2319549015331432
4.6448716972748354E-6     -4.999999999999998E-6    -1.8029207218072945
4.763247798183223E-6      -4.999999999999997E-6    -1.3738865420811315
4.881623899091612E-6      -4.999999999999999E-6    -0.9448523623549683
4.436897376811145E-6      -4.910189851545579E-6    -2.5563705867544537
4.555273477719533E-6      -4.910189851545578E-6    -2.131372181653599
4.67364957862792E-6       -4.910189851545579E-6    -1.702338001927439
4.792025679536308E-6      -4.910189851545579E-6    -1.273303822201276
4.465675258164228E-6      -4.820379703091158E-6    -2.4581246978365905
4.584051359072618E-6      -4.82037970309116E-6     -2.0307894617735895
4.702427459981005E-6      -4.820379703091159E-6    -1.60175528204743
4.494453139517312E-6      -4.730569554636739E-6    -2.3598788089192784
4.612829240425701E-6      -4.7305695546367405E-6   -1.9302067418938915
4.523231020870398E-6      -4.640759406182321E-6    -2.2616329200011798
-4.537069649103217E-6     -4.600575353073949E-7    13.529889747101048
-4.4953434113842175E-6    -3.680460282459159E-7    13.434217387422828
-4.453617173665216E-6     -2.760345211844369E-7    13.320139647498554
-4.411890935946215E-6     -1.840230141229579E-7    13.206061907573261
-4.370164698227216E-6     -9.201150706147902E-8    13.09198416764718
-4.328438460508215E-6     0                        12.910881462804888
-4.629655719282574E-6     -3.680460282459159E-7    15.264837472083315
-4.587929481563573E-6     -2.7603452118443693E-7   15.175902997311882
-4.546203243844573E-6     -1.8402301412295793E-7   15.117058518924347
-4.504477006125571E-6     -9.201150706147895E-8    15.058214040538022
-4.4627507684065716E-6    -2.5538323417528535E-23  14.999369562151696
-4.72224178946193E-6      -2.760345211844369E-7    17.04746381001558
-4.680515551742931E-6     -1.8402301412295798E-7   16.991920919063773
-4.63878931402393E-6      -9.201150706147892E-8    16.933076440677183
-4.597063076304928E-6     3.83074851262928E-23     16.874231962290178
-4.814827859641286E-6     -1.840230141229579E-7    18.830090147949093
-4.773101621922286E-6     -9.201150706147898E-8    18.807938840815613
-4.731375384203284E-6     3.83074851262928E-23     18.749094362430544
-4.9074139298206435E-6    -9.201150706147902E-8    20.61271648588041
-4.865687692101644E-6     5.107664683505707E-23    20.623956762567925
-4.9999999999999996E-6    0                        22.395342823814715
-4.629655719282574E-6     -5.109031711030579E-7    14.33077358346927
-4.7222417894619296E-6    -4.188916640415789E-7    16.066376073395816
-4.8148278596412865E-6    -3.268801569800999E-7    17.815610827509907
-4.907413929820643E-6     -2.3486864991862084E-7   19.56484558162463
-5.0E-6                   -1.4285714285714192E-7   21.314080335738723
-4.72224178946193E-6      -5.617488068987207E-7    15.097262323148193
-4.814827859641287E-6     -4.697372998372418E-7    16.837824678325457
-4.9074139298206435E-6    -3.777257927757627E-7    18.587059432439236
-4.9999999999999996E-6    -2.8571428571428374E-7   20.3362941865527
-4.814827859641286E-6     -6.125944426943836E-7    15.863751062827749
-4.9074139298206435E-6    -5.205829356329047E-7    17.60927328325374
-4.9999999999999996E-6    -4.285714285714256E-7    19.358508037367304
-4.9074139298206435E-6    -6.634400784900466E-7    16.630239802508562
-4.9999999999999996E-6    -5.714285714285676E-7    18.380721888181597
-4.9999999999999996E-6    -7.142857142857094E-7    17.309168521305228
-3.973785907453061E-6     -5.14460222015325E-7     6.258093678528375
-3.909950212494098E-6     -4.1156817761226E-7      5.577321700219783
-3.846114517535134E-6     -3.0867613320919494E-7   4.82764394870345
-3.7822788225761703E-6    -2.0578408880612992E-7   4.077966197187274
-3.718443127617208E-6     -1.0289204440306502E-7   3.32828844567094
-3.654607432658244E-6     0                        2.4750875100685388
-4.044716418064093E-6     -4.1156817761226E-7      7.488217487332323
-3.9808807231051286E-6    -3.0867613320919494E-7   6.824914711424579
-3.917045028146165E-6     -2.0578408880612992E-7   6.12010626310417
-3.8532093331872016E-6    -1.0289204440306496E-7   5.4152978147843305
-3.7893736382282385E-6    -2.8558279186759176E-23  4.71048936646575
-4.115646928675122E-6     -3.0867613320919494E-7   8.817180268798616
-4.051811233716159E-6     -2.0578408880613003E-7   8.136691804729512
-3.987975538757195E-6     -1.0289204440306492E-7   7.431883356409497
-3.924139843798232E-6     4.283741878013877E-23    6.727074908090149
-4.186577439286152E-6     -2.0578408880612992E-7   10.146143050266485
-4.12274174432719E-6      -1.0289204440306502E-7   9.448468898035644
-4.058906049368226E-6     4.283741878013877E-23    8.743660449717064
-4.257507949897184E-6     -1.0289204440306502E-7   11.475105831734666
-4.193672254938221E-6     5.711655837351836E-23    10.760245991342092
-3.3230867040423826E-6    -5.395708393164844E-7    -2.131490631682779
-3.2568600711338E-6       -4.3165667145318754E-7   -3.192811276628693
-3.1906334382252167E-6    -3.2374250358989057E-7   -4.3506161594962505
-3.1244068053166333E-6    -2.1582833572659372E-7   -5.508421042363178
-3.0581801724080516E-6    -1.0791416786329691E-7   -6.666225925229634
-2.991953539499468E-6     0                        -7.94348034440507
-3.3893908497655554E-6    -4.3165667145318754E-7   -1.2943370827880878
-3.3231642168569725E-6    -3.237425035898906E-7    -2.3592718559402535
-3.2569375839483895E-6    -2.158283357265937E-7    -3.4889107072759704
-3.1907109510398057E-6    -1.0791416786329685E-7   -4.61854955861103
-3.1244843181312236E-6    -2.9952198461274083E-23  -5.748188409946405
-3.455694995488727E-6     -3.2374250358989057E-7   -0.3793329739210046
-3.389468362580145E-6     -2.1582833572659377E-7   -1.4848533193151117
-3.323241729671561E-6     -1.0791416786329682E-7   -2.6144921706509527
-3.2570150967629777E-6    4.4928297691911125E-23   -3.7441310219871182
-3.521999141211899E-6     -2.1582833572659372E-7   0.5356711349482806
-3.4557725083033164E-6    -1.0791416786329687E-7   -0.610434782688683
-3.389545875394733E-6     4.4928297691911125E-23   -1.7400736340234282
-3.588303286935072E-6     -1.0791416786329691E-7   1.450675243817251
-3.522076654026489E-6     5.990439692254817E-23    0.2639837539361728
6.856249774132633E-7      -5.527014306024523E-7    -33.17272639653812
7.506529585708306E-7      -4.421611444819619E-7    -34.6035340405803
8.156809397283977E-7      -3.316208583614713E-7    -36.086741999848584
8.80708920885965E-7       -2.2108057224098088E-7   -37.569949959116954
9.457369020435323E-7      -1.1054028612049049E-7   -39.05315791838564
6.158843074773503E-7      -4.421611444819619E-7    -34.664857911522624
6.809122886349175E-7      -3.316208583614714E-7    -36.11999144811236
7.459402697924848E-7      -2.2108057224098088E-7   -37.6806196526519
8.10968250950052E-7       -1.1054028612049042E-7   -39.24124785719092
8.759962321076194E-7      -3.068109269990528E-23   -40.80187606172852
5.461436375414372E-7      -3.316208583614713E-7    -36.215860316099764
6.111716186990045E-7      -2.2108057224098095E-7   -37.74604603480614
6.761995998565717E-7      -1.1054028612049038E-7   -39.30667423934496
7.412275810141389E-7      4.6021639049857924E-23   -40.867302443883716
4.7640296760552413E-7     -2.2108057224098088E-7   -37.76686272067864
5.414309487630915E-7      -1.1054028612049046E-7   -39.37210062149815
6.064589299206587E-7      4.6021639049857924E-23   -40.932728826037795
4.066622976696112E-7      -1.1054028612049049E-7   -39.317865125258294
4.7169027882717846E-7     6.136218539981057E-23    -40.99815520819094
3.3692162773369814E-7     0                        -40.919731562878255
-2.658613715153158E-6     -5.560788377533355E-7    -10.403828015291218
-2.5955572548337666E-6    -4.448630702026684E-7    -11.74349019852436
-2.5325007945143743E-6    -3.336473026520012E-7    -13.189569756588963
-2.4694443341949833E-6    -2.2243153510133415E-7   -14.635649314655767
-2.4063878738755923E-6    -1.1121576755066714E-7   -16.081728872722415
-2.3433314135562E-6       0                        -17.655926073313022
-2.72528168002242E-6      -4.448630702026684E-7    -9.984002864028824
-2.662225219703029E-6     -3.3364730265200126E-7   -11.331787659186526
-2.599168759383637E-6     -2.2243153510133412E-7   -12.766580727375427
-2.536112299064245E-6     -1.1121576755066705E-7   -14.201373795563157
-2.473055838744854E-6     -3.086857645902749E-23   -15.636166863751829
-2.7919496448916817E-6    -3.336473026520012E-7    -9.497776552435072
-2.728893184572291E-6     -2.224315351013342E-7    -10.903133865694327
-2.665836724252899E-6     -1.1121576755066702E-7   -12.33792693388268
-2.6027802639335065E-6    4.6302864688541236E-23   -13.772720002071045
-2.8586176097609438E-6    -2.2243153510133415E-7   -9.011550240840531
-2.7955611494415523E-6    -1.112157675506671E-7    -10.474480072200329
-2.73250468912216E-6      4.6302864688541236E-23   -11.909273140387114
-2.9252855746302062E-6    -1.1121576755066714E-7   -8.525323929246623
-2.8622291143108143E-6    6.173715291805498E-23    -10.045826278705071
-1.9909852192423746E-6    -5.551410411453968E-7    -18.054544746968165
-1.9297051287639143E-6    -4.4411283291631746E-7   -19.613699251067494
-1.8684250382854537E-6    -3.33084624687238E-7     -21.279212191790826
-1.807144947806993E-6     -2.2205641645815865E-7   -22.944725132515096
-1.7458648573285331E-6    -1.1102820822907939E-7   -24.61023807323874
-1.6845847668500725E-6    0                        -26.40529944896824
-2.06145445810514E-6      -4.4411283291631746E-7   -18.028569065754766
-2.0001743676266792E-6    -3.330846246872381E-7    -19.59984632471796
-1.938894277148219E-6     -2.2205641645815865E-7   -21.273769720030007
-1.8776141866697579E-6    -1.1102820822907931E-7   -22.947693115341746
-1.816334096191298E-6     -3.081651828970005E-23   -24.621616510652537
-2.1319236969679044E-6    -3.33084624687238E-7     -17.95494736112883
-2.0706436064894446E-6    -2.2205641645815873E-7   -19.596405931957975
-2.0093635160109835E-6    -1.1102820822907929E-7   -21.27032932726985
-1.948083425532523E-6     4.622477743455007E-23    -22.944252722581762
-2.2023929358306697E-6    -2.2205641645815865E-7   -17.881325656502895
-2.1411128453522095E-6    -1.1102820822907937E-7   -19.59296553919705
-2.0798327548737488E-6    4.622477743455007E-23    -21.266888934508785
-2.2728621746934355E-6    -1.1102820822907939E-7   -17.8077039518779
-2.2115820842149744E-6    6.163303657940009E-23    -19.58952514643738
1.852878580585232E-8      -5.559318732350714E-7    -32.31329825297339
8.220735419142151E-8      -4.447454985880571E-7    -33.958478801994126
1.4588592257699063E-7     -3.335591239410428E-7    -35.680810738781105
2.0956449096255978E-7     -2.223727492940285E-7    -37.403142675569896
2.7324305934812896E-7     -1.1118637464701432E-7   -39.125474612357735
-5.256129690205864E-8     -4.447454985880571E-7    -33.530434268640455
1.1117271483510543E-8     -3.3355912394104283E-7   -35.19994365119522
7.479583986907971E-8      -2.223727492940285E-7    -36.98899849358301
1.3847440825464886E-7     -1.1118637464701425E-7   -38.77805333597085
2.0215297664021804E-7     -3.08604182894285E-23    -40.5671081783609
-1.2365137960996955E-7    -3.335591239410428E-7    -34.78133332422166
-5.997281122440042E-8     -2.2237274929402855E-7   -36.53464704297805
3.7057571611687628E-9     -1.1118637464701421E-7   -38.32370188536702
6.738432554673792E-8      4.629062743414275E-23    -40.11275672775507
-1.947414623178805E-7     -2.223727492940285E-7    -36.03223237980149
-1.3106289393231135E-7    -1.1118637464701429E-7   -37.869350434762346
-6.738432554674216E-8     4.629062743414275E-23    -39.65840527715035
-2.6583154502579145E-7    -1.1118637464701432E-7   -37.283131435382934
-2.021529766402223E-7     6.172083657885701E-23    -39.204053826546726
-3.369216277337024E-7     0                        -38.550599006007296
-1.3230580490852707E-6    -5.55793808031599E-7     -24.512638212332558
-1.2605994159084375E-6    -4.446350464252792E-7    -26.223099611632165
-1.1981407827316037E-6    -3.334762848189593E-7    -28.03827177188507
-1.1356821495547703E-6    -2.2231752321263956E-7   -29.853443932137978
-1.0732235163779371E-6    -1.1115876160631984E-7   -31.668616092392305
-1.0107648832011037E-6    0                        -33.60286927612675
-1.395363392638231E-6     -4.446350464252792E-7    -24.919651248271315
-1.3329047594613977E-6    -3.334762848189594E-7    -26.648156693483205
-1.2704461262845643E-6    -2.2231752321263953E-7   -28.493772806739283
-1.2079874931077307E-6    -1.1115876160631975E-7   -30.339388919994736
-1.1455288599308975E-6    -3.0852754131038774E-23  -32.18500503325271
-1.467668736191191E-6     -3.334762848189593E-7    -25.304353192225335
-1.405210103014358E-6     -2.223175232126396E-7    -27.113620628172992
-1.3427514698375247E-6    -1.1115876160631973E-7   -28.959236741427947
-1.2802928366606913E-6    4.627913119655816E-23    -30.804852854683265
-1.5399740797441517E-6    -2.2231752321263956E-7   -25.689055136180933
-1.4775154465673185E-6    -1.111587616063198E-7    -27.579084562860256
-1.4150568133904849E-6    4.627913119655816E-23    -29.42470067611602
-1.6122794232971123E-6    -1.1115876160631984E-7   -26.073757080136527
-1.5498207901202789E-6    6.170550826207755E-23    -28.044548497548153
-6.521430430682479E-7     -5.567036327350972E-7    -29.373050423911398
-5.890987600013389E-7     -4.4536290618807776E-7   -31.11257990726822
-5.260544769344297E-7     -3.3402217964105824E-7   -32.94719676071155
-4.6301019386752053E-7    -2.2268145309403882E-7   -34.781813614154224
-3.9996591080061156E-7    -1.1134072654701945E-7   -36.61643046759686
-7.238674110948192E-7     -4.4536290618807776E-7   -30.217697411055937
-6.608231280279101E-7     -3.340221796410583E-7    -31.979544589805784
-5.97778844961001E-7      -2.2268145309403882E-7   -33.86476142436828
-5.347345618940918E-7     -1.1134072654701939E-7   -35.74997825892995
-4.7169027882718285E-7    -3.090325954774859E-23   -37.63519509349287
-7.955917791213903E-7     -3.3402217964105824E-7   -31.068704385362512
-7.325474960544814E-7     -2.2268145309403888E-7   -32.91622048176842
-6.69503212987572E-7      -1.1134072654701935E-7   -34.80143731633048
-6.064589299206628E-7     4.635488932162289E-23    -36.6866541508929
-8.673161471479614E-7     -2.2268145309403882E-7   -31.919711359669392
-8.042718640810523E-7     -1.1134072654701944E-7   -33.85289637372967
-7.41227581014143E-7      4.635488932162289E-23    -35.73811320829147
-9.390405151745328E-7     -1.1134072654701945E-7   -32.77071833397541
-8.759962321076236E-7     6.180651909549719E-23    -34.789572265691284
3.8031762440844383E-6     -4.999999999999998E-6    -4.779024345774681
3.924164894359163E-6      -4.9999999999999996E-6   -4.3623678211269885
4.045153544633886E-6      -4.999999999999998E-6    -3.9370427556190424
4.166142194908611E-6      -4.999999999999997E-6    -3.5117176901107023
4.287130845183336E-6      -4.999999999999998E-6    -3.0863926246022046
3.852831987885834E-6      -4.898958487389465E-6    -4.617565218770699
3.973820638160559E-6      -4.898958487389465E-6    -4.201443540248459
4.094809288435283E-6      -4.898958487389464E-6    -3.776118474740511
4.215797938710006E-6      -4.898958487389464E-6    -3.3507934092324074
4.3367865889847315E-6     -4.898958487389466E-6    -2.921357509345233
3.902487731687229E-6      -4.79791697477893E-6     -4.462771636230643
4.0234763819619544E-6     -4.797916974778931E-6    -4.040519259370242
4.144465032236678E-6      -4.79791697477893E-6     -3.6151941938620498
4.265453682511402E-6      -4.79791697477893E-6     -3.188059304100989
3.9521434754886254E-6     -4.696875462168396E-6    -4.307978053691256
4.07313212576335E-6       -4.696875462168397E-6    -3.8795949784917116
4.1941207760380735E-6     -4.696875462168396E-6    -3.4547610988573725
4.001799219290022E-6      -4.595833949557863E-6    -4.153184471150926
4.122787869564745E-6      -4.595833949557863E-6    -3.7214628936133245
4.051454963091417E-6      -4.494792436947328E-6    -3.9969326998900683
-4.9999999999999996E-6    -1.4285714285714244E-6   13.474831876611502
-4.876860835581981E-6     -1.3582696855407607E-6   12.739551102290083
-4.7537216711639604E-6    -1.2879679425100968E-6   11.923201962529864
-4.630582506745941E-6     -1.2176661994794326E-6   11.10685282276894
-4.507443342327924E-6     -1.1473644564487691E-6   10.290503683008406
-4.384304177909904E-6     -1.077062713418105E-6    9.360194427514434
-5.0E-6                   -1.2857142857142814E-6   14.280574697529621
-4.8768608355819804E-6    -1.2154125426836176E-6   13.457697118793746
-4.753721671163961E-6     -1.1451107996529535E-6   12.634819540057945
-4.630582506745942E-6     -1.0748090566222896E-6   11.811941961321711
-4.507443342327924E-6     -1.004507313591626E-6    10.890490282189543
-4.9999999999999996E-6    -1.1428571428571381E-6   14.993943143032322
-4.876860835581982E-6     -1.0725553998264748E-6   14.171065564296716
-4.753721671163961E-6     -1.0022536567958107E-6   13.348187985560738
-4.630582506745942E-6     -9.319519137651465E-7    12.483438939757526
-4.9999999999999996E-6    -9.999999999999953E-7    15.707311588535646
-4.876860835581981E-6     -9.296982569693317E-7    14.884434009800831
-4.753721671163961E-6     -8.593965139386674E-7    14.076387597325667
-5.0E-6                   -8.571428571428526E-7    16.42068003403992
-4.876860835581981E-6     -7.868411141121885E-7    15.669336254892627
3.4293818867599727E-6     -4.478921771718623E-6    -6.138972829484277
3.37150233654053E-6       -4.583137417374898E-6    -6.286499646040834
3.313622786321086E-6      -4.687353063031172E-6    -6.435185800417914
3.255743236101643E-6      -4.791568708687447E-6    -6.583871954795228
3.1978636858822007E-6     -4.895784354343724E-6    -6.732558109172425
3.1399841356627573E-6     -4.999999999999998E-6    -6.892124644299455
3.5041407582248664E-6     -4.583137417374898E-6    -5.857029210709529
3.4462612080054234E-6     -4.687353063031172E-6    -6.006796057882482
3.3883816577859787E-6     -4.791568708687448E-6    -6.166229446207241
3.3305021075665357E-6     -4.895784354343722E-6    -6.3256628345321095
3.2726225573470936E-6     -4.9999999999999996E-6   -6.485096222856445
3.5788996296897584E-6     -4.687353063031172E-6    -5.586444426868452
3.521020079470317E-6      -4.791568708687449E-6    -5.743044249168815
3.4631405292508724E-6     -4.895784354343724E-6    -5.902477637493601
3.4052609790314286E-6     -4.999999999999998E-6    -6.06191102581836
3.6536585011546517E-6     -4.791568708687447E-6    -5.315859643026903
3.595778950935209E-6      -4.895784354343723E-6    -5.479292440455044
3.5378994007157653E-6     -4.999999999999997E-6    -5.638725828779568
3.7284173726195454E-6     -4.895784354343724E-6    -5.045274859185433
3.670537822400102E-6      -4.999999999999999E-6    -5.215540631741089
-4.422831142508035E-6     -1.8248917322312037E-6   7.588470600403386
-4.538264914006428E-6     -1.745627671499248E-6    8.720975216139948
-4.65369868550482E-6      -1.6663636107672917E-6   9.897892584331036
-4.769132457003214E-6     -1.5870995500353358E-6   11.07480995252212
-4.8845662285016075E-6    -1.5078354893033804E-6   12.251727320712735
-4.538264914006428E-6     -1.8884848143563908E-6   8.26815614947607
-4.653698685504821E-6     -1.809220753624435E-6    9.390460677913866
-4.769132457003213E-6     -1.7299566928924792E-6   10.524142796540586
-4.884566228501606E-6     -1.650692632160523E-6    11.657824915167582
-5.0E-6                   -1.5714285714285676E-6   12.79150703379428
-4.65369868550482E-6      -1.9520778964815774E-6   8.877378357537209
-4.769132457003215E-6     -1.8728138357496222E-6   10.002954684601509
-4.884566228501607E-6     -1.793549775017666E-6    11.136636803228368
-4.9999999999999996E-6    -1.71428571428571E-6     12.27031892185491
-4.769132457003214E-6     -2.0156709786067644E-6   9.486600565597168
-4.8845662285016075E-6    -1.936406917874809E-6    10.615448691288897
-4.9999999999999996E-6    -1.8571428571428529E-6   11.749130809915226
-4.8845662285016075E-6    -2.0792640607319523E-6   10.095822773659172
-4.9999999999999996E-6    -1.999999999999997E-6    11.227942697975854
-4.9999999999999996E-6    -2.1428571428571393E-6   10.650187028801446
2.771530808515627E-6      -4.4629404269378975E-6   -8.113440683515838
2.7057528474497992E-6     -4.570352341550318E-6    -8.228587577141198
2.6399748863839692E-6     -4.677764256162737E-6    -8.348323890592452
2.5741969253181405E-6     -4.785176170775156E-6    -8.468060204043745
2.508418964252313E-6      -4.892588085387579E-6    -8.587796517494997
2.4426410031864844E-6     -4.999999999999998E-6    -8.72122145351731
2.8452214739450535E-6     -4.570352341550318E-6    -7.855220872236404
2.7794435128792247E-6     -4.677764256162739E-6    -7.974026155524628
2.7136655518133956E-6     -4.785176170775158E-6    -8.10940901053501
2.647887590747567E-6      -4.892588085387577E-6    -8.244791865545468
2.5821096296817395E-6     -4.9999999999999996E-6   -8.380174720555933
2.918912139374479E-6      -4.677764256162737E-6    -7.612427218302679
2.8531341783086507E-6     -4.785176170775159E-6    -7.742836681845917
2.787356217242822E-6      -4.892588085387578E-6    -7.878219536856417
2.7215782561769933E-6     -4.999999999999998E-6    -8.013602391866838
2.992602804803905E-6      -4.785176170775156E-6    -7.369633564369033
2.926824843738077E-6      -4.892588085387578E-6    -7.511647208167203
2.861046882672248E-6      -4.999999999999997E-6    -7.647030063177586
3.0662934702333313E-6     -4.892588085387579E-6    -7.126839910435013
3.000515509167503E-6      -4.999999999999999E-6    -7.280457734488649
-4.43551366631532E-6      -2.512487937941383E-6    6.261170902606957
-4.548410933052257E-6     -2.4385617789245346E-6   7.105149104857059
-4.661308199789192E-6     -2.3646356199076855E-6   7.984337641188718
-4.774205466526128E-6     -2.2907094608908368E-6   8.863526177520061
-4.8871027332630645E-6    -2.216783301873989E-6    9.742714713852425
-4.548410933052257E-6     -2.5814189217816775E-6   6.781409657658269
-4.661308199789193E-6     -2.5074927627648287E-6   7.626038134495914
-4.774205466526128E-6     -2.43356660374798E-6     8.474177459669752
-4.887102733263064E-6     -2.3596404447311313E-6   9.322316784843471
-5.0E-6                   -2.2857142857142826E-6   10.170456110016149
-4.661308199789192E-6     -2.6503499056219716E-6   7.260505373444955
-4.7742054665261295E-6    -2.5764237466051233E-6   8.104162446721498
-4.8871027332630645E-6    -2.502497587588274E-6    8.952301771894962
-4.9999999999999996E-6    -2.4285714285714254E-6   9.80044109706827
-4.774205466526128E-6     -2.7192808894622657E-6   7.739601089231407
-4.8871027332630645E-6    -2.645354730445418E-6    8.582286758946422
-4.9999999999999996E-6    -2.5714285714285687E-6   9.430426084119759
-4.8871027332630645E-6    -2.788211873302561E-6    8.218696805018487
-4.9999999999999996E-6    -2.714285714285712E-6    9.06041107117109
-4.9999999999999996E-6    -2.8571428571428547E-6   8.659270830416055
2.0807667565534655E-6     -4.45284685767273E-6     -9.715390626142593
2.0135621199836987E-6     -4.562277486138184E-6    -9.762600054629582
1.946357483413932E-6      -4.6717081146036364E-6   -9.820305692080908
1.8791528468441653E-6     -4.781138743069089E-6    -9.878011329532352
1.811948210274399E-6      -4.890569371534545E-6    -9.935716966983856
1.7447435737046323E-6     -4.999999999999998E-6    -10.00999918030911
2.1531416058800696E-6     -4.562277486138184E-6    -9.499349468702313
2.085936969310303E-6      -4.671708114603637E-6    -9.55205390756869
2.018732332740536E-6      -4.78113874306909E-6     -9.628802732047447
1.9515276961707694E-6     -4.890569371534543E-6    -9.705551556526325
1.884323059601003E-6      -4.9999999999999996E-6   -9.782300381005314
2.225516455206673E-6      -4.6717081146036364E-6   -9.301626765439991
2.1583118186369066E-6     -4.781138743069092E-6    -9.37037731146129
2.0911071820671394E-6     -4.890569371534545E-6    -9.447126135940097
2.023902545497373E-6      -4.999999999999998E-6    -9.523874960419011
2.2978913045332765E-6     -4.781138743069089E-6    -9.103904062177882
2.2306866679635103E-6     -4.890569371534545E-6    -9.188700715353912
2.163482031393743E-6      -4.999999999999997E-6    -9.26544953983267
2.370266153859881E-6      -4.890569371534545E-6    -8.906181358915855
2.303061517290114E-6      -4.999999999999999E-6    -9.007024119246328
-4.450828824497405E-6     -3.197426943398481E-6    5.32508968748365
-4.560663059597924E-6     -3.129370126147356E-6    5.9787214202650505
-4.670497294698442E-6     -3.06131330889623E-6     6.644968119327141
-4.780331529798961E-6     -2.993256491645105E-6    7.311214818388867
-4.890165764899481E-6     -2.9251996743939803E-6   7.977461517451047
-4.560663059597924E-6     -3.272227269004499E-6    5.754238523568921
-4.670497294698443E-6     -3.2041704517533734E-6   6.405362399376509
-4.780331529798961E-6     -3.136113634502248E-6    7.04833906494026
-4.89016576489948E-6      -3.0680568172511222E-6   7.691315730503773
-5.0E-6                   -2.999999999999998E-6    8.33429239606717
-4.670497294698442E-6     -3.347027594610516E-6    6.154484226757153
-4.780331529798963E-6     -3.2789707773593915E-6   6.800404011369608
-4.8901657648994805E-6    -3.2109139601082655E-6   7.44338067693353
-4.9999999999999996E-6    -3.14285714285714E-6     8.086357342497168
-4.780331529798961E-6     -3.4218279202165343E-6   6.554729929945079
-4.890165764899481E-6     -3.3537711029654087E-6   7.195445623362786
-4.9999999999999996E-6    -3.285714285714283E-6    7.838422288926732
-4.890165764899481E-6     -3.4966282458225524E-6   6.954975633133065
-4.9999999999999996E-6    -3.428571428571427E-6    7.590487235355923
-4.9999999999999996E-6    -3.5714285714285697E-6   7.3272388373735815
-4.9999999999999996E-6    -4.285714285714285E-6    6.563421504472788
-4.87669816303855E-6      -4.220929975723919E-6    6.134901981355958
-4.753396326077098E-6     -4.1561456657335516E-6   5.689207790357914
-4.630094489115648E-6     -4.091361355743186E-6    5.243513599359888
-4.506792652154198E-6     -4.02657704575282E-6     4.797819408361882
-4.3834908151927464E-6    -3.961792735762453E-6    4.322184149128313
-5.0E-6                   -4.142857142857142E-6    6.7064989483193
-4.876698163038549E-6     -4.078072832866775E-6    6.2646586537649895
-4.753396326077099E-6     -4.013288522876409E-6    5.822818359210304
-4.630094489115648E-6     -3.948504212886042E-6    5.380978064655731
-4.506792652154198E-6     -3.883719902895677E-6    4.909037048981151
-4.9999999999999996E-6    -3.999999999999998E-6    6.847692671108947
-4.87669816303855E-6      -3.935215690009633E-6    6.405852376554501
-4.753396326077099E-6     -3.870431380019266E-6    5.964012081999795
-4.630094489115648E-6     -3.8056470700288985E-6   5.511673328027942
-4.9999999999999996E-6    -3.857142857142855E-6    6.988886393899068
-4.87669816303855E-6      -3.7923585471524896E-6   6.547046099344286
-4.753396326077098E-6     -3.7275742371621222E-6   6.114309607074468
-5.0E-6                   -3.7142857142857133E-6   7.130080116688481
-4.87669816303855E-6      -3.649501404295347E-6    6.716945886121328
-4.551436072774464E-6     -4.559700947629422E-6    4.717935354510146
-4.641148858219572E-6     -4.504903615246394E-6    5.086296427567538
-4.730861643664678E-6     -4.450106282863366E-6    5.455342231661938
-4.820574429109784E-6     -4.3953089504803386E-6   5.824388035755829
-4.910287214554893E-6     -4.340511618097312E-6    6.193433839850152
-4.641148858219572E-6     -4.647760758103537E-6    5.035429538464666
-4.7308616436646775E-6    -4.59296342572051E-6     5.400155883471666
-4.820574429109785E-6     -4.538166093337481E-6    5.758656429976685
-4.910287214554892E-6     -4.483368760954454E-6    6.117156976481624
-5.0E-6                   -4.4285714285714274E-6   6.475657522987075
-4.730861643664678E-6     -4.7358205685776524E-6   5.348856032581775
-4.820574429109786E-6     -4.681023236194627E-6    5.705241784252892
-4.910287214554893E-6     -4.626225903811598E-6    6.063742330758107
-4.9999999999999996E-6    -4.571428571428569E-6    6.422242877263165
-4.820574429109784E-6     -4.823880379051767E-6    5.662282526698689
-4.910287214554893E-6     -4.7690830466687405E-6   6.0103276850342064
-4.9999999999999996E-6    -4.714285714285711E-6    6.3688282315394105
-4.910287214554893E-6     -4.911940189525884E-6    5.975709020815602
-4.9999999999999996E-6    -4.857142857142856E-6    6.315413585815657
-4.9999999999999996E-6    -4.999999999999999E-6    6.2891355149327115
1.3793568822674896E-6     -4.4481808078482565E-6   -10.72001535927783
1.3128547346585479E-6     -4.558544646278606E-6    -10.690523259585278
1.2463525870496057E-6     -4.668908484708953E-6    -10.676771753769103
1.1798504394406636E-6     -4.779272323139301E-6    -10.663020247952812
1.1133482918317223E-6     -4.889636161569651E-6    -10.649268742136623
1.0468461442227802E-6     -4.999999999999998E-6    -10.653993681711192
1.4524342205549185E-6     -4.558544646278606E-6    -10.559846588441724
1.3859320729459764E-6     -4.668908484708955E-6    -10.537202814558087
1.3194299253370345E-6     -4.779272323139302E-6    -10.544243968371699
1.2529277777280925E-6     -4.889636161569649E-6    -10.551285122185236
1.1864256301191508E-6     -4.9999999999999996E-6   -10.558326275998903
1.5255115588423464E-6     -4.668908484708953E-6    -10.4185439087484
1.459009411233405E-6      -4.779272323139303E-6    -10.415450482386229
1.392507263624463E-6      -4.889636161569651E-6    -10.422491636199807
1.3260051160155208E-6     -4.999999999999998E-6    -10.42953279001336
1.5985888971297749E-6     -4.779272323139301E-6    -10.277241229054908
1.5320867495208334E-6     -4.88963616156965E-6     -10.293698150214302
1.4655846019118913E-6     -4.999999999999997E-6    -10.300739304027855
1.671666235417204E-6      -4.889636161569651E-6    -10.135938549361477
1.6051640878082619E-6     -4.999999999999999E-6    -10.171945818042312
-4.408119495458056E-6     -4.999999999999998E-6    4.085634404481947
-4.436782810921339E-6     -4.911940189525883E-6    4.207117400230675
-4.465446126384619E-6     -4.823880379051766E-6    4.3336879650990205
-4.4941094418479E-6       -4.735820568577651E-6    4.460258529967327
-4.522772757311182E-6     -4.647760758103538E-6    4.586829094835556
-4.526495596366445E-6     -4.999999999999999E-6    4.53465620362441
-4.555158911829727E-6     -4.9119401895258824E-6   4.658293087709431
-4.583822227293008E-6     -4.823880379051766E-6    4.781929971794157
-4.612485542756288E-6     -4.735820568577651E-6    4.905566855878558
-4.644871697274834E-6     -4.999999999999998E-6    4.980060175161884
-4.673535012738116E-6     -4.911940189525884E-6    5.103697059246679
-4.702198328201396E-6     -4.823880379051767E-6    5.227333943331242
-4.763247798183221E-6     -4.999999999999997E-6    5.425464146699201
-4.7919111136465045E-6    -4.9119401895258824E-6   5.549101030783917
-4.881623899091611E-6     -4.999999999999999E-6    5.8708681182368325
6.772666763637469E-7      -4.445787924433257E-6    -11.01365499587356
6.116030840391834E-7      -4.556630339546606E-6    -10.910472833292232
5.459394917146196E-7      -4.667472754659953E-6    -10.826577599115993
4.80275899390056E-7       -4.7783151697733E-6      -10.742682364939686
4.146123070654927E-7      -4.8891575848866495E-6   -10.658787130763418
3.48948714740929E-7       -4.999999999999998E-6    -10.593766786408962
7.511825699355537E-7      -4.556630339546606E-6    -10.924514562586918
6.855189776109901E-7      -4.667472754659953E-6    -10.828760788252266
6.198553852864264E-7      -4.778315169773301E-6    -10.765792276109172
5.541917929618628E-7      -4.8891575848866495E-6   -10.702823763966082
4.885282006372994E-7      -4.9999999999999996E-6   -10.639855251823086
8.250984635073601E-7      -4.667472754659953E-6    -10.852743582333861
7.594348711827968E-7      -4.778315169773303E-6    -10.778565106276616
6.93771278858233E-7       -4.8891575848866495E-6   -10.715596594133558
6.281076865336693E-7      -4.999999999999998E-6    -10.65262808199051
8.990143570791669E-7      -4.7783151697733E-6      -10.780972602080785
8.333507647546034E-7      -4.8891575848866495E-6   -10.72836942430106
7.676871724300396E-7      -4.999999999999997E-6    -10.665400912158006
9.729302506509737E-7      -4.8891575848866495E-6   -10.709201621827734
9.072666583264101E-7      -4.999999999999999E-6    -10.678173742325503
-4.045780720052319E-6     -4.529613894680075E-6    2.686007395533428
-4.118248475133468E-6     -4.62369111574406E-6     2.9684235072470533
-4.190716230214614E-6     -4.7177683368080435E-6   3.2472740031048586
-4.263183985295761E-6     -4.811845557872027E-6    3.526124498963096
-4.335651740376909E-6     -4.905922778936013E-6    3.804974994821059
-3.997259824858742E-6     -4.62369111574406E-6     2.4743516473991924
-4.069727579939889E-6     -4.7177683368080435E-6   2.7557770873591005
-4.1421953350210365E-6    -4.811845557872028E-6    3.039313590741201
-4.214663090102184E-6     -4.905922778936013E-6    3.3228500941231442
-4.287130845183333E-6     -4.9999999999999996E-6   3.6063865975060314
-3.948738929665164E-6     -4.7177683368080435E-6   2.267288679801254
-4.021206684746313E-6     -4.81184555787203E-6     2.5498906455258097
-4.093674439827459E-6     -4.905922778936013E-6    2.833427148908304
-4.166142194908606E-6     -4.999999999999998E-6    3.1169636522904045
-3.900218034471587E-6     -4.811845557872027E-6    2.0602257122030796
-3.972685789552734E-6     -4.905922778936013E-6    2.344004203692185
-4.04515354463388E-6      -4.999999999999997E-6    2.6275407070749344
-3.8516971392780096E-6    -4.905922778936013E-6    1.8531627446052585
-3.924164894359157E-6     -4.999999999999999E-6    2.1381177618591503
-3.8031762440844315E-6    -4.999999999999998E-6    1.6479341288461393
-1.893908373612541E-8     -4.443873375940557E-6    -10.567930010543286
-8.494100993708496E-8     -4.555098700752445E-6    -10.397990330165422
-1.5094293613804446E-7    -4.666324025564332E-6    -10.248982369500759
-2.1694486233900396E-7    -4.77754935037622E-6     -10.099974408835958
-2.8294678853996357E-7    -4.88877467518811E-6     -9.950966448171542
-3.4894871474092307E-7    -4.999999999999998E-6    -9.819569060740799
5.46384759592855E-8       -4.555098700752445E-6    -10.5577456583668
-1.1363450241674056E-8    -4.666324025564334E-6    -10.395399321525765
-7.736537644263358E-8     -4.777549350376221E-6    -10.266058715786421
-1.433673026435931E-7     -4.888774675188109E-6    -10.13671811004699
-2.0936922884455266E-7    -4.9999999999999996E-6   -10.007377504307811
1.2821603565469636E-7     -4.666324025564332E-6    -10.562586485971583
6.221410945373684E-8      -4.7775493503762225E-6   -10.422093481222644
-3.787816747222709E-9     -4.888774675188109E-6    -10.292752875483218
-6.978974294818223E-8     -4.999999999999998E-6    -10.163412269743775
2.0179359535010723E-7     -4.77754935037622E-6     -10.567427313576264
1.3579166914914772E-7     -4.888774675188109E-6    -10.448787640919594
6.978974294818816E-8      -4.999999999999997E-6    -10.319447035180172
2.7537115504551814E-7     -4.88877467518811E-6     -10.572268141181024
2.0936922884455864E-7     -4.999999999999999E-6    -10.47548180061645
-3.4176511698009295E-6    -4.46266970486176E-6     0.051251448632745326
-3.4947561846576303E-6    -4.570135763889409E-6    0.3758545797971484
-3.57186119951433E-6      -4.677601822917055E-6    0.6937793810850574
-3.6489662143710303E-6    -4.785067881944703E-6    1.011704182372298
-3.7260712292277315E-6    -4.8925339409723515E-6   1.329628983659735
-3.3621177629732957E-6    -4.570135763889409E-6    -0.18100373551005486
-3.439222777829996E-6     -4.677601822917055E-6    0.1433077166850761
-3.5163277926866957E-6    -4.7850678819447035E-6   0.4630779976683001
-3.593432807543396E-6     -4.89253394097235E-6     0.7828482786516813
-3.6705378224000973E-6    -4.9999999999999996E-6   1.102618559634512
-3.3065843561456603E-6    -4.677601822917055E-6    -0.4068908177470402
-3.3836893710023615E-6    -4.785067881944704E-6    -0.08590627521939286
-3.460794385859061E-6     -4.8925339409723515E-6   0.23386400576414568
-3.5378994007157615E-6    -4.999999999999998E-6    0.5536342867472123
-3.2510509493180257E-6    -4.785067881944703E-6    -0.6327778999844189
-3.328155964174727E-6     -4.892533940972351E-6    -0.31512026712420177
-3.4052609790314264E-6    -4.999999999999997E-6    0.004650013859283496
-3.1955175424903915E-6    -4.8925339409723515E-6   -0.8586649822215222
-3.272622557347092E-6     -4.999999999999999E-6    -0.5443342590288026
-3.1399841356627564E-6    -4.999999999999998E-6    -1.087050096767257
-7.070659392236186E-7     -4.442315384202465E-6    -9.423494002920231
-7.750219802234499E-7     -4.553852307361972E-6    -9.194417819788026
-8.429780212232811E-7     -4.665389230521478E-6    -8.985308556579183
-9.109340622231124E-7     -4.776926153680983E-6    -8.776199293370224
-9.78890103222944E-7      -4.888463076840492E-6    -8.567090030161442
-1.0468461442227751E-6    -4.999999999999998E-6    -8.373300433898654
-6.354424943270795E-7     -4.553852307361972E-6    -9.48951799562144
-7.033985353269109E-7     -4.665389230521478E-6    -9.267147744009462
-7.713545763267421E-7     -4.776926153680985E-6    -9.075373195485717
-8.393106173265733E-7     -4.888463076840491E-6    -8.883598646962179
-9.072666583264049E-7     -4.9999999999999996E-6   -8.691824098438936
-5.638190494305402E-7     -4.665389230521478E-6    -9.568059052135022
-6.317750904303718E-7     -4.776926153680986E-6    -9.366114722678205
-6.99731131430203E-7      -4.8884630768404915E-6   -9.174340174154727
-7.676871724300341E-7     -4.999999999999998E-6    -8.98256562563114
-4.921956045340012E-7     -4.776926153680983E-6    -9.646600108648602
-5.601516455338325E-7     -4.8884630768404915E-6   -9.465081701347405
-6.281076865336638E-7     -4.999999999999997E-6    -9.273307152823897
-4.2057215963746224E-7    -4.888463076840492E-6    -9.725141165162027
-4.885282006372935E-7     -4.999999999999999E-6    -9.564048680016574
-2.7870448544165048E-6    -4.427467408817404E-6    -2.5993438394130286
-2.8576327106657554E-6    -4.541973927053923E-6    -2.284815700112189
-2.9282205669150053E-6    -4.656480445290441E-6    -1.984590744882837
-2.9988084231642555E-6    -4.7709869635269595E-6   -1.6843657896525412
-3.069396279413506E-6     -4.8854934817634795E-6   -1.384140834422717
-2.7181640841705008E-6    -4.541973927053923E-6    -2.8510682552515605
-2.788751940419751E-6     -4.656480445290442E-6    -2.54017533384387
-2.859339796669001E-6     -4.770986963526961E-6    -2.242937513214554
-2.9299276529182507E-6    -4.885493481763479E-6    -1.9456996925857106
-3.0005155091675018E-6    -4.9999999999999996E-6   -1.6484618719563162
-2.6492833139244947E-6    -4.656480445290441E-6    -3.1011592771339815
-2.7198711701737458E-6    -4.770986963526961E-6    -2.79935322378639
-2.790459026422995E-6     -4.885493481763479E-6    -2.5021154031573887
-2.8610468826722454E-6    -4.999999999999998E-6    -2.2048775825284666
-2.58040254367849E-6      -4.7709869635269595E-6   -3.351250299016245
-2.6509903999277405E-6    -4.885493481763479E-6    -3.0585311137295714
-2.7215782561769903E-6    -4.999999999999997E-6    -2.7612932931004592
-2.511521773432486E-6     -4.8854934817634795E-6   -3.601341320898155
-2.582109629681736E-6     -4.999999999999999E-6    -3.3177090036720585
-2.4426410031864805E-6    -4.999999999999998E-6    -3.858278856030074
-2.102570775574339E-6     -4.4335108491426055E-6   -5.273622978351863
-2.170584821096768E-6     -4.546808679314085E-6    -4.9756146023627394
-2.2385988666191954E-6    -4.660106509485562E-6    -4.694299933502737
-2.306612912141624E-6     -4.77340433965704E-6     -4.412985264642579
-2.3746269576640526E-6    -4.886702169828519E-6    -4.13167059578289
-2.031005335200397E-6     -4.546808679314085E-6    -5.483107405413072
-2.099019380722825E-6     -4.660106509485562E-6    -5.189077454430429
-2.167033426245253E-6     -4.7734043396570406E-6   -4.916326213578891
-2.2350474717676818E-6    -4.886702169828519E-6    -4.643574972727511
-2.3030615172901106E-6    -4.9999999999999996E-6   -4.370823731875975
-1.9594398948264546E-6    -4.660106509485562E-6    -5.695196087766704
-2.0274539403488834E-6    -4.773404339657041E-6    -5.41517806292556
-2.0954679858713105E-6    -4.886702169828519E-6    -5.142426822074023
-2.1634820313937393E-6    -4.999999999999998E-6    -4.869675581222642
-1.887874454452512E-6     -4.77340433965704E-6     -5.907284770120416
-1.9558884999749405E-6    -4.886702169828519E-6    -5.641278671421205
-2.0239025454973685E-6    -4.999999999999997E-6    -5.368527430569625
-1.81630901407857E-6      -4.886702169828519E-6    -6.119373452474127
-1.8843230596009985E-6    -4.999999999999999E-6    -5.867379279916214
-1.7447435737046278E-6    -4.999999999999998E-6    -6.342210097487604
-1.4084851837415603E-6    -4.440956660095057E-6    -7.605021880614814
-1.4757368617341737E-6    -4.552765328076046E-6    -7.334694899151451
-1.542988539726787E-6     -4.664573996057034E-6    -7.083571069763515
-1.6102402177194003E-6    -4.776382664038021E-6    -6.832447240375266
-1.6774918957120146E-6    -4.88819133201901E-6     -6.581323410987606
-1.3361573758378033E-6    -4.552765328076046E-6    -7.750128049080642
-1.403409053830417E-6     -4.6645739960570344E-6   -7.48503249184442
-1.47066073182303E-6      -4.776382664038023E-6    -7.247272585164042
-1.5379124098156435E-6    -4.8881913320190095E-6   -7.009512678484001
-1.6051640878082574E-6    -4.9999999999999996E-6   -6.771752771803286
-1.2638295679340462E-6    -4.664573996057034E-6    -7.902448378116724
-1.33108124592666E-6      -4.776382664038024E-6    -7.655319334160894
-1.3983329239192733E-6    -4.8881913320190095E-6   -7.417559427480563
-1.4655846019118868E-6    -4.999999999999998E-6    -7.179799520800342
-1.191501760030289E-6     -4.776382664038021E-6    -8.054768707152844
-1.258753438022903E-6     -4.8881913320190095E-6   -7.825606176477617
-1.326005116015516E-6     -4.999999999999997E-6    -7.587846269797475
-1.1191739521265325E-6    -4.88819133201901E-6     -8.207089036189025
-1.186425630119146E-6     -4.999999999999999E-6    -7.9958930187941375
4.422557220107994E-6      -4.7421798591109735E-7   -5.188473332665538
4.381034475546302E-6      -3.8148579370739856E-7   -5.8311051871887285
4.339511730984611E-6      -2.887536015036997E-7    -6.530551494909646
4.29798898642292E-6       -1.9602140930000097E-7   -7.229997802630562
4.309062256899316E-6      -4.847750108037008E-7    -6.519617842141682
4.267539512337624E-6      -3.9204281860000194E-7   -7.218531100260112
4.226016767775933E-6      -2.993106263963032E-7    -7.917977407980398
4.1955672936906384E-6     -4.953320356963043E-7    -7.850762351617826
4.154044549128947E-6      -4.0259984349260544E-7   -8.605957013330197
4.0820723304819605E-6     -5.058890605889077E-7    -9.181906861094756
4.505325603848119E-6      -5.887628320648677E-7    -4.081969329464174
4.474599024379567E-6      -7.138647031112415E-7    -4.295328494773426
4.443872444911014E-6      -8.389665741576154E-7    -4.5086876600836225
4.413145865442461E-6      -9.640684452039893E-7    -4.722046825393189
4.598115167184784E-6      -6.388877827183109E-7    -3.0000361271165303
4.5673885877162315E-6     -7.639896537646847E-7    -3.2671906734060965
4.53666200824768E-6       -8.890915248110586E-7    -3.5343452196972795
4.69090473052145E-6       -6.890127333717541E-7    -1.9661220596167086
4.660178151052898E-6      -8.14114604418128E-7     -2.2332766059062066
4.7836942938581155E-6     -7.391376840251973E-7    -0.9322079921154924
4.3918306406394415E-6     -5.993198569574712E-7    -5.404851570192518
4.278335677430764E-6      -6.098768818500746E-7    -6.67971467607476
4.164840714222086E-6      -6.20433906742678E-7     -7.9545777819574734
4.051345751013409E-6      -6.309909316352815E-7    -9.256135535020979
4.361104061170889E-6      -7.244217280038449E-7    -5.56441535452303
4.247609097962211E-6      -7.349787528964484E-7    -6.839278460405193
4.134114134753534E-6      -7.455357777890519E-7    -8.127655901723536
4.330377481702336E-6      -8.495235990502187E-7    -5.723979138851468
4.216882518493659E-6      -8.600806239428223E-7    -6.999176268425147
4.299650902233784E-6      -9.746254700965927E-7    -5.8706966351266825
4.759771726027025E-6      -1.44997495737445E-6     -1.3431556221775571
4.636255583221807E-6      -1.3820947349102375E-6   -2.4181045811406285
4.5127394404165885E-6     -1.314214512446025E-6    -3.493053540104329
4.389223297611371E-6      -1.2463342899818128E-6   -4.660510070981971
4.643059594859268E-6      -1.5392587086416875E-6   -2.2666133521690046
4.51954345205405E-6       -1.471378486177475E-6    -3.341562311132391
4.396027309248833E-6      -1.4034982637132627E-6   -4.454027577273361
4.526347463691512E-6      -1.6285424599089247E-6   -3.190071082160172
4.4028313208862935E-6     -1.5606622374447125E-6   -4.247545083565145
4.409635332523756E-6      -1.7178262111761623E-6   -4.041062589856928
3.648559642637869E-6      -2.0742380002518092E-7   -15.691369270296333
3.579717865694485E-6      -3.115583829540596E-7    -15.943462133854105
3.510876088751101E-6      -4.156929658829383E-7    -16.19555499741181
3.442034311807718E-6      -5.19827548811817E-7     -16.359027744002937
3.7113536295608764E-6     -3.1071301712148315E-7   -14.423540139563746
3.6425118526174926E-6     -4.1484760005036184E-7   -14.67563300312111
3.573670075674109E-6      -5.189821829792406E-7    -14.900408587192013
3.774147616483884E-6      -4.140022342177854E-7    -13.155711008828456
3.7053058395405006E-6     -5.181368171466641E-7    -13.44178943037873
3.8369416034068925E-6     -5.172914513140877E-7    -11.98317027356702
3.6005908963564373E-6     -1.0381584741952451E-6   -12.321642276237904
3.6741881905398065E-6     -9.338159964524984E-7    -12.017481803884627
3.7477854847231758E-6     -8.294735187097515E-7    -11.651315412533094
3.821382778906545E-6      -7.251310409670048E-7    -11.285149021180459
3.894980073089914E-6      -6.207885632242579E-7    -10.918982629827983
3.542552426673415E-6      -9.346613622850749E-7    -13.342005679253788
3.616149720856784E-6      -8.30318884542328E-7     -13.037011402191547
3.689747015040153E-6      -7.259764067995811E-7    -12.717493824473653
3.7633443092235224E-6     -6.216339290568344E-7    -12.397976246756116
3.484513956990393E-6      -8.311642503749044E-7    -14.426104008799602
3.558111251173762E-6      -7.268217726321575E-7    -14.114810143806306
3.6317085453571314E-6     -6.224792948894108E-7    -13.795292566088412
3.4264754873073703E-6     -7.276671384647342E-7    -15.5102023383462
3.5000727814907396E-6     -6.233246607219873E-7    -15.192608885422052
3.3684370176243486E-6     -6.241700265545638E-7    -16.594300667892796
3.977748456830039E-6      -7.353334093780284E-7    -9.695645387190053
3.90415116264667E-6       -8.396758871207751E-7    -10.108460592176685
3.830553868463301E-6      -9.440183648635218E-7    -10.521275797163302
3.7569565742799317E-6     -1.0483608426062687E-6   -10.857113694847989
4.0605168405701646E-6     -8.498782555317987E-7    -8.553985442146978
3.986919546386795E-6      -9.542207332745457E-7    -8.96680064713345
3.913322252203426E-6      -1.0585632110172921E-6   -9.367333908516013
4.14328522431029E-6       -9.64423101685569E-7     -7.412325497102953
4.0696879301269205E-6     -1.0687655794283158E-6   -7.8775541221834064
4.226053608050415E-6      -1.0789679478393394E-6   -6.387774335852531
3.809125066315387E-6      -1.614481086039581E-6    -8.72576617672665
3.923783910247092E-6      -1.5094189320817374E-6   -8.045390830579155
4.038442754178796E-6      -1.4043567781238936E-6   -7.2958293852286
4.1531015981105E-6        -1.2992946241660502E-6   -6.5462679398771
4.267760442042205E-6      -1.1942324702082066E-6   -5.796706494526859
3.7674182323235973E-6     -1.4992165636707137E-6   -9.399089754526901
3.882077076255302E-6      -1.39415440971287E-6     -8.721076575053836
3.996735920187006E-6      -1.2890922557550266E-6   -7.982345423250387
4.11139476411871E-6       -1.1840301017971828E-6   -7.2436142714473934
3.725711398331807E-6      -1.3839520413018465E-6   -10.110167898481171
3.840370242263511E-6      -1.278889887344003E-6    -9.407429845883689
3.955029086195216E-6      -1.1738277333861594E-6   -8.668698694080556
3.684004564340017E-6      -1.2686875189329793E-6   -10.82124604243536
3.7986634082717214E-6     -1.1636253649751357E-6   -10.093783116714937
3.642297730348227E-6      -1.1534229965641123E-6   -11.53232418638908
3.930587921884553E-6      -1.6665829058131872E-6   -7.730368601952888
4.0520507774537185E-6     -1.7186847255867932E-6   -6.745931566913212
4.173513633022885E-6      -1.7707865453603997E-6   -5.761494531873224
4.294976488592051E-6      -1.8228883651340059E-6   -4.77705749683339
4.045246765816258E-6      -1.5615207518553434E-6   -7.034192859591301
4.166709621385423E-6      -1.6136225716289496E-6   -6.012327362247967
4.28817247695459E-6       -1.6657243914025559E-6   -4.990461864904883
4.1599056097479615E-6     -1.4564585978975E-6      -6.273801120692461
4.281368465317128E-6      -1.508560417671106E-6    -5.251935623349596
4.274564453679666E-6      -1.3513964439396562E-6   -5.513409381794186
2.9902857988032578E-6     -2.100519512825956E-7    -23.484422725852923
2.924929056418637E-6      -3.1596931963631244E-7   -23.265983436220527
2.859572314034016E-6      -4.218866879900293E-7    -23.047544146587438
2.794215571649395E-6      -5.278040563437462E-7    -22.753957432425622
3.0539748004916196E-6     -3.141865342114743E-7    -21.978589951824983
2.9886180581069986E-6     -4.201039025651912E-7    -21.760150662192967
2.9232613157223776E-6     -5.26021270918908E-7     -21.518742709671365
3.1176638021799814E-6     -4.1832111714035297E-7   -20.472757177797803
3.0523070597953604E-6     -5.242384854940698E-7    -20.2835279869149
3.1813528038683436E-6     -5.224557000692317E-7    -19.048313264161273
4.417360403145411E-6      -2.007237709708902E-6    -3.7375574056559
4.418281462129604E-6      -2.1394852345101917E-6   -3.640675167483449
4.419202521113797E-6      -2.2717327593114817E-6   -3.543792929312061
4.420123580097991E-6      -2.4039802841127712E-6   -3.446910691140161
4.534072534313167E-6      -2.0608111012988076E-6   -2.9109465258259384
4.53499359329736E-6       -2.193058626100097E-6    -2.846655369888778
4.535914652281554E-6      -2.325306150901387E-6    -2.7823642139519222
4.650784665480923E-6      -2.114384492888713E-6    -2.1323739728123114
4.651705724465117E-6      -2.246632017690003E-6    -2.068082816875227
4.76749679664868E-6       -2.167957884478619E-6    -1.3538014197985215
3.854264819253874E-6      -2.216118899360068E-6    -7.073563076041822
3.966699724235343E-6      -2.1478931564695772E-6   -6.4762190332613665
4.079134629216811E-6      -2.0796674135790855E-6   -5.831312695864856
4.19156953419828E-6       -2.0114416706885943E-6   -5.18640635846803
4.304004439179748E-6      -1.9432159277981034E-6   -4.54150002107089
3.8452368686661765E-6     -2.095791336695971E-6    -7.384673850430418
3.957671773647645E-6      -2.0275655938054795E-6   -6.780052112168635
4.0701066786291135E-6     -1.9593398509149882E-6   -6.1284103705146205
4.182541583610582E-6      -1.8911141080244967E-6   -5.476768628860349
3.836208918078479E-6      -1.975463774031873E-6    -7.710417073129465
3.948643823059947E-6      -1.9072380311413818E-6   -7.075418943249944
4.061078728041416E-6      -1.839012288250891E-6    -6.423777201596421
3.8271809674907815E-6     -1.8551362113677758E-6   -8.036160295828985
3.93961587247225E-6       -1.7869104684772845E-6   -7.370785774333197
3.8181530169030845E-6     -1.7348086487036783E-6   -8.361903518528344
3.967620783219536E-6      -2.280140681270867E-6    -6.304641096546872
4.080976747185198E-6      -2.344162463181665E-6    -5.559162534716913
4.19433271115086E-6       -2.4081842450924642E-6   -4.81368397288711
4.307688675116523E-6      -2.4722060270032625E-6   -4.068205411056875
4.080055688201005E-6      -2.2119149383803755E-6   -5.700108531890918
4.193411652166666E-6      -2.2759367202911742E-6   -4.932464278344664
4.306767616132329E-6      -2.339958502201973E-6    -4.16482002479841
4.192490593182473E-6      -2.1436891954898842E-6   -5.061937598750517
4.305846557148136E-6      -2.207710977400683E-6    -4.294293345204281
4.3049254981639416E-6     -2.075463452599393E-6    -4.423766665610745
4.772115487011045E-6      -2.8676137279965688E-6   -1.3578658023220558
4.656324414827482E-6      -2.8034307183508097E-6   -1.9780947373471331
4.5405333426439195E-6     -2.7392477087050514E-6   -2.5983236723721315
4.424742270460356E-6      -2.6750646990592927E-6   -3.257448165188454
4.660022046205654E-6      -2.942267608496041E-6    -1.914408891589526
4.544230974022091E-6      -2.878084598850283E-6    -2.534637826614328
4.428439901838528E-6      -2.8139015892045237E-6   -3.169249997307195
4.5479286054002625E-6     -3.0169214889955135E-6   -2.470951980856643
4.4321375332167E-6        -2.952738479349755E-6    -3.0810518294261704
4.435835164594871E-6      -3.0915753694949867E-6   -2.992853661545108
2.3416545356512242E-6     -2.1388027604798145E-7   -29.86735451819036
2.275609974942198E-6      -3.21843183742246E-7     -29.222026340328014
2.209565414233173E-6      -4.2980609143651056E-7   -28.576698162465068
2.1435208535241474E-6     -5.377689991307752E-7    -27.868429677331594
2.4060222184552644E-6     -3.197976444016983E-7    -28.208283648948804
2.3399776577462388E-6     -4.277605520959629E-7    -27.56295547108687
2.2739330970372136E-6     -5.357234597902274E-7    -26.897577745233747
2.4703899012593054E-6     -4.2571501275541515E-7   -26.54921277970807
2.4043453405502798E-6     -5.336779204496798E-7    -25.9267258131348
2.534757584063346E-6      -5.316323811091321E-7    -24.955873881037583
2.9820623221157137E-6     -1.0397668499153602E-6   -17.55480509653309
3.047729567280836E-6      -9.359480628611669E-7    -17.626778077869865
3.113396812445959E-6      -8.321292758069735E-7    -17.674551084895022
3.179064057611081E-6      -7.283104887527802E-7    -17.722324091919553
3.244731302776204E-6      -6.244917016985868E-7    -17.770097098945968
2.9186838232078534E-6     -9.37730848286005E-7     -18.753326345637554
2.984351068372976E-6      -8.339120612318117E-7    -18.83541056462547
3.0500183135380983E-6     -7.300932741776182E-7    -18.933507751267747
3.1156855587032207E-6     -6.262744871234249E-7    -19.031604937909393
2.855305324299993E-6      -8.356948466566498E-7    -20.02175949118525
2.9209725694651155E-6     -7.318760596024564E-7    -20.116543712382356
2.986639814630238E-6      -6.280572725482632E-7    -20.214640899024307
2.7919268253921327E-6     -7.336588450272947E-7    -21.290192636733735
2.857594070557255E-6      -6.298400579731013E-7    -21.397676860140503
2.7285483264842724E-6     -6.316228433979394E-7    -22.55862578228222
3.3027697724592257E-6     -7.279888136087572E-7    -16.601227303620334
3.2371025272941032E-6     -8.318076006629505E-7    -16.60377847621072
3.171435282128981E-6      -9.356263877171438E-7    -16.6063296488015
3.1057680369638583E-6     -1.0394451747713373E-6   -16.55680996820092
3.3608082421422474E-6     -8.314859255189275E-7    -15.510829386142943
3.2951409969771254E-6     -9.353047125731208E-7    -15.513380558733584
3.2294737518120034E-6     -1.0391234996273142E-6   -15.502076551934145
3.41884671182527E-6       -9.349830374290977E-7    -14.420431468664802
3.3531794666601476E-6     -1.0388018244832911E-6   -14.447343135666898
3.4768851815082927E-6     -1.0384801493392682E-6   -13.39260971940012
3.2895029322586085E-6     -1.4346322401858897E-6   -13.18694448139478
3.351720525078174E-6      -1.355337486987761E-6    -13.027634144276472
3.4139381178977403E-6     -1.276042733789632E-6    -12.86075710766325
3.4761557107173055E-6     -1.196747980591503E-6    -12.69388007105144
3.5383733035368716E-6     -1.1174532273933741E-6   -12.527003034439316
3.2280148102300296E-6     -1.3556591621317838E-6   -14.037704162869687
3.2902324030495952E-6     -1.276364408933655E-6    -13.87987223524287
3.352449995869161E-6      -1.1970696557355258E-6   -13.738310119366123
3.4146675886887266E-6     -1.117774902537397E-6    -13.596748003489195
3.1665266882014506E-6     -1.276686084077678E-6    -14.901216808823143
3.2287442810210163E-6     -1.197391330879549E-6    -14.75482786183121
3.290961873840582E-6      -1.1180965776814201E-6   -14.613265745954779
3.1050385661728716E-6     -1.197713006023572E-6    -15.764729454776285
3.1672561589924373E-6     -1.118418252825443E-6    -15.62978348841999
3.0435504441442927E-6     -1.1187399279694661E-6   -16.628242100728954
3.3934273590699643E-6     -1.470602009356628E-6    -12.28041980349047
3.49735178588132E-6       -1.5065717785273661E-6   -11.383989730873349
3.6012762126926754E-6     -1.5425415476981043E-6   -10.487559658256304
3.7052006395040316E-6     -1.5785113168688427E-6   -9.59112958563973
3.45564495188953E-6       -1.3913072561584991E-6   -12.122356705474317
3.5595693787008857E-6     -1.4272770253292373E-6   -11.194361731048836
3.663493805512241E-6      -1.4632467944999755E-6   -10.266366756623132
3.5178625447090956E-6     -1.3120125029603701E-6   -11.930164748125337
3.621786971520452E-6      -1.3479822721311083E-6   -11.002169773700329
3.5800801375286613E-6     -1.2327177497622411E-6   -11.737972790778022
3.294775397690298E-6      -1.5325358587660358E-6   -12.758906314401841
3.3000478631219874E-6     -1.630439477346182E-6    -12.345914760857136
3.305320328553677E-6      -1.728343095926328E-6    -11.932923207312427
3.3105927939853667E-6     -1.826246714506474E-6    -11.519931653768115
3.315865259417056E-6      -1.92415033308662E-6     -11.124857120908507
3.398699824501654E-6      -1.568505627936774E-6    -11.858136823307065
3.403972289933343E-6      -1.66640924651692E-6     -11.46998270245567
3.409244755365033E-6      -1.7643128650970661E-6   -11.081828581605244
3.4145172207967225E-6     -1.8622164836772123E-6   -10.691820636539047
3.5026242513130093E-6     -1.6044753971075123E-6   -10.993271652498457
3.507896716744699E-6      -1.7023790156876584E-6   -10.605117531647283
3.5131691821763886E-6     -1.8002826342678046E-6   -10.212485798057383
3.6065486781243646E-6     -1.6404451662782505E-6   -10.128406481689662
3.6118211435560543E-6     -1.7383487848583966E-6   -9.73315095957619
3.7104731049357213E-6     -1.676414935448989E-6    -9.253816121094683
3.719501055523418E-6      -1.7967424981130862E-6   -8.887971316992305
3.6208490941437514E-6     -1.858676347522494E-6    -9.369929943998013
3.5221971327640857E-6     -1.920610196931902E-6    -9.851888571002931
3.42354517138442E-6       -1.9825440463413098E-6   -10.295570400224308
3.7285290061111154E-6     -1.9170700607771833E-6   -8.531851702676954
3.6298770447314493E-6     -1.9790039101865912E-6   -9.01381032968223
3.531225083351783E-6      -2.040937759595999E-6    -9.482430944699999
3.7375569566988125E-6     -2.037397623441281E-6    -8.175732088361054
3.6389049953191464E-6     -2.099331472850689E-6    -8.669291489175453
3.7465849072865104E-6     -2.1577251861053787E-6   -7.856152033651696
2.3507828597096203E-6     -1.0772273407453014E-6   -21.71475775782376
2.4136602532829785E-6     -9.67699240949958E-7     -22.167228065084004
2.476537646856337E-6      -8.581711411546146E-7    -22.611160619493255
2.5394150404296953E-6     -7.486430413592712E-7    -23.055093173901092
2.6022924340030535E-6     -6.391149415639277E-7    -23.4990257283105
2.2832480097699127E-6     -9.697447802905056E-7    -23.046126280964756
2.346125403343271E-6      -8.602166804951623E-7    -23.509608263097395
2.409002796916629E-6      -7.506885806998189E-7    -24.013607459267586
2.4718801904899873E-6     -6.411604809044754E-7    -24.517606655439018
2.2157131598302047E-6     -8.6226221983571E-7      -24.44969784305841
2.278590553403563E-6      -7.527341200403664E-7    -24.941568632084476
2.341467946976921E-6      -6.432060202450231E-7    -25.44556782825529
2.1481783098904968E-6     -7.547796593809143E-7    -25.85326940515285
2.2110557034638554E-6     -6.452515595855707E-7    -26.373529001072168
2.080643459950789E-6      -6.472970989261185E-7    -27.256840967246895
2.6656709329109142E-6     -7.41150943193283E-7     -22.15267283066068
2.6027935393375556E-6     -8.506790429886263E-7    -21.76880691801392
2.539916145764197E-6      -9.602071427839697E-7    -21.3849410053669
2.477038752190839E-6      -1.0697352425793132E-6   -20.94217040801893
2.729049431818774E-6      -8.431869448226381E-7    -20.89693968732206
2.666172038245416E-6      -9.527150446179815E-7    -20.513073774674467
2.6032946446720577E-6     -1.062243144413325E-6    -20.105041674032943
2.792427930726635E-6      -9.452229464519933E-7    -19.641206543981777
2.7295505371532762E-6     -1.0547510462473367E-6   -19.26791294004554
2.855806429634495E-6      -1.0472589480813485E-6   -18.43078420606026
3.347083687730055E-6      -2.4510184166092566E-6   -9.380854907788025
3.448519914034819E-6      -2.404038513159419E-6    -8.941105291710969
3.5499561403395823E-6     -2.3570586097095815E-6   -8.483738704287749
3.6513923666443464E-6     -2.3100787062597433E-6   -8.026372116864056
3.75282859294911E-6       -2.263098802809906E-6    -7.569005529439814
3.3408400020674555E-6     -2.3456447999047295E-6   -9.709532904696456
3.4422762283722187E-6     -2.2986648964548917E-6   -9.276914363321923
3.5437124546769823E-6     -2.251684993005054E-6    -8.815506773300601
3.6451486809817464E-6     -2.204705089555216E-6    -8.354099183279914
3.3345963164048555E-6     -2.240271183200202E-6    -10.055700891715176
3.436032542709619E-6      -2.193291279750364E-6    -9.603707443027412
3.5374687690143827E-6     -2.1463113763005267E-6   -9.14229985300643
3.3283526307422555E-6     -2.1348975664956747E-6   -10.4018688787339
3.429788857047019E-6      -2.087917663045837E-6    -9.930500522734164
3.322108945079656E-6      -2.0295239497911476E-6   -10.748036865753015
3.4408731339475133E-6     -2.5399838466080607E-6   -8.704805977503606
3.534662580164971E-6      -2.6289492766068648E-6   -8.058607906131876
3.628452026382429E-6      -2.717914706605669E-6    -7.412409834759519
3.7222414725998876E-6     -2.806880136604473E-6    -6.766211763386926
3.816030918817345E-6      -2.895845566603277E-6    -6.167830735768164
3.542309360252277E-6      -2.4930039431582233E-6   -8.271819439311512
3.6360988064697347E-6     -2.581969373157027E-6    -7.611549578816572
3.7298882526871926E-6     -2.6709348031558315E-6   -6.951279718321174
3.823677698904651E-6      -2.759900233154635E-6    -6.3374032761491375
3.64374558655704E-6       -2.446024039708385E-6    -7.818493854485404
3.737535032774499E-6      -2.5349894697071896E-6   -7.158223993990034
3.831324478991957E-6      -2.6239548997059933E-6   -6.517190276946078
3.745181812861804E-6      -2.3990441362585473E-6   -7.365168269659066
3.838971259079263E-6      -2.4880095662573514E-6   -6.696977277743726
3.846618039166569E-6      -2.35206423280871E-6     -6.876764278541216
3.95997400313223E-6       -2.4160860147195082E-6   -6.11837300213624
3.9523272230449245E-6     -2.55203134816815E-6     -5.965743276209977
3.944680442957619E-6      -2.687976681616792E-6    -5.813113550284224
3.937033662870314E-6      -2.823922015065434E-6    -5.651497534448295
4.073329967097892E-6      -2.480107796630307E-6    -5.395060132023066
4.065683187010587E-6      -2.616053130078949E-6    -5.242430406097099
4.058036406923281E-6      -2.7519984635275907E-6   -5.086973833410347
4.1866859310635546E-6     -2.5441295785411057E-6   -4.6717472619096965
4.179039150976249E-6      -2.6800749119897475E-6   -4.5224501323724775
4.300041895029217E-6      -2.6081513604519044E-6   -3.957926431334214
4.3037395264073885E-6     -2.746988250597136E-6    -3.854707980868233
4.18273678235442E-6       -2.8189118021349786E-6   -4.413072238756806
4.061734038301453E-6      -2.890835353672822E-6    -4.971436496645134
3.940731294248485E-6      -2.9627589052106653E-6   -5.496844126020809
4.30743715778556E-6       -2.885825140742367E-6    -3.7419974908641294
4.186434413732592E-6      -2.95774869228021E-6     -4.300361748752484
4.065431669679624E-6      -3.0296722438180536E-6   -4.843299579748413
4.3111347891637315E-6     -3.024662030887598E-6    -3.629287000859431
4.190132045110764E-6      -3.0965855824254415E-6   -4.189755033475388
4.314832420541903E-6      -3.16349892103283E-6     -3.5362104872025593
3.9548340801607946E-6     -3.5074605927138473E-6   -4.878137988640917
4.051773823323244E-6      -3.4520509260991215E-6   -4.496097523589371
4.148713566485694E-6      -3.3966412594843953E-6   -4.10490175008186
4.2456533096481435E-6     -3.3412315928696696E-6   -3.7137059765739933
4.342593052810593E-6      -3.285821926254944E-6    -3.3225102030657343
3.927073447892104E-6      -3.385137587491733E-6    -5.122558029796885
4.024013191054554E-6      -3.329727920877007E-6    -4.738612196813333
4.120952934217004E-6      -3.2743182542622813E-6   -4.344356285725526
4.217892677379453E-6      -3.218908587647555E-6    -3.9501003746378855
3.899312815623415E-6      -3.262814582269619E-6    -5.374924003385421
3.996252558785865E-6      -3.207404915654893E-6    -4.980370630377973
4.093192301948314E-6      -3.1519952490401677E-6   -4.5861147192903635
3.871552183354725E-6      -3.140491577047505E-6    -5.627289976974153
3.9684919265171745E-6     -3.085081910432779E-6    -5.2221290639434095
3.8437915510860356E-6     -3.018168571825391E-6    -5.879655950562885
4.765670928498901E-6      -3.578275739138439E-6    -1.3905319971028542
4.65357748769351E-6       -3.5100724767807685E-6   -1.8879274952820004
4.541484046888119E-6      -3.4418692144230976E-6   -2.3853229934608318
4.4293906060827275E-6     -3.373665952065428E-6    -2.9032509971091134
4.6434352978031955E-6     -3.6533261692059783E-6   -1.8983282840071312
4.531341856997804E-6      -3.5851229068483082E-6   -2.395723782185884
4.419248416192413E-6      -3.5169196444906373E-6   -2.898943772651676
4.521199667107488E-6      -3.728376599273518E-6    -2.4061245709110146
4.409106226302097E-6      -3.6601733369158476E-6   -2.8946365481943968
4.398964036411783E-6      -3.8034270293410574E-6   -2.8903293237368413
4.041631633432929E-6      -3.5953046185243313E-6   -4.46960343800549
4.128429186705064E-6      -3.683148644334815E-6    -4.067811040226799
4.215226739977198E-6      -3.770992670145299E-6    -3.666018642447951
4.302024293249333E-6      -3.858836695955783E-6    -3.2642262446690635
4.138571376595379E-6      -3.539894951909605E-6    -4.088190410363151
4.225368929867513E-6      -3.6277389777200892E-6   -3.6810395367949758
4.312166483139647E-6      -3.7155830035305733E-6   -3.2738886632270403
4.235511119757828E-6      -3.4844852852948794E-6   -3.700054774435079
4.322308673029963E-6      -3.5723293111053635E-6   -3.292903900866964
4.332450862920278E-6      -3.4290756186801533E-6   -3.311919138506497
4.519371491083079E-6      -4.430095550535574E-6    -2.3012481603453296
4.608969710638382E-6      -4.377048556132851E-6    -1.9684989440344385
4.698567930193686E-6      -4.324001561730128E-6    -1.6323658268398171
4.788166149748989E-6      -4.270954567327405E-6    -1.2962327096453765
4.486734079942676E-6      -4.309241843343248E-6    -2.443241150092312
4.576332299497978E-6      -4.256194848940524E-6    -2.1063495661485945
4.665930519053283E-6      -4.203147854537801E-6    -1.7702164489540126
4.454096668802273E-6      -4.188388136150921E-6    -2.5852341398390974
4.543694888357576E-6      -4.135341141748197E-6    -2.244200188263089
4.4214592576618705E-6     -4.0675344289585935E-6   -2.7272271295860793
1.6832778883351744E-6     -2.173491765813679E-7    -34.60084673352288
1.616266241188081E-6      -3.2673544546847123E-7   -33.55238778912832
1.5492545940409877E-6     -4.3612171435557457E-7   -32.5039288447339
1.4822429468938943E-6     -5.45507983242678E-7     -31.414831365363465
1.7489826569673776E-6     -3.2531208427563244E-7   -32.87879445265374
1.6819710098202844E-6     -4.346983531627358E-7    -31.830335508260085
1.614959362673191E-6      -5.440846220498391E-7    -30.771128073911633
1.8146874255995811E-6     -4.33274991969897E-7     -31.156742171785787
1.7476757784524878E-6     -5.426612608570004E-7    -30.127424782459563
1.8803921942317845E-6     -5.412378996641617E-7    -29.483721491008517
1.687590082481599E-6      -1.08495896683898E-6     -25.01441274086861
1.7526937879874956E-6     -9.759300811654486E-7    -25.755176905851606
1.817797493493392E-6      -8.66901195491917E-7     -26.504671974448172
1.8829011989992885E-6     -7.578723098183857E-7    -27.254167043044106
1.9480049045051847E-6     -6.488434241448542E-7    -28.00366211164051
1.6199773722081988E-6     -9.773534423582874E-7    -26.333418990467273
1.6850810777140952E-6     -8.683245566847559E-7    -27.089927484756128
1.7501847832199913E-6     -7.592956710112244E-7    -27.904202686870157
1.815288488725888E-6      -6.502667853376929E-7    -28.718477888984186
1.5523646619347985E-6     -8.697479178775946E-7    -27.719149709074436
1.6174683674406946E-6     -7.607190322040631E-7    -28.518015933299527
1.6825720729465912E-6     -6.516901465305318E-7    -29.33229113541345
1.484751951661398E-6      -7.621423933969021E-7    -29.104880427682303
1.5498556571672945E-6     -6.531135077233705E-7    -29.946104381842613
1.4171392413879977E-6     -6.545368689162093E-7    -30.490611146289538
2.0155397544448926E-6     -7.5632598459965E-7      -26.527476825525643
1.950436048938996E-6      -8.653548702731813E-7    -25.842761890447022
1.8853323434330997E-6     -9.743837559467126E-7    -25.158046955368114
1.8202286379272033E-6     -1.0834126416202442E-6   -24.433674317765686
2.0830746043846E-6        -8.638085450544457E-7    -25.152294070325116
2.017970898878704E-6      -9.728374307279772E-7    -24.467579135246616
1.9528671933728074E-6     -1.0818663164015084E-6   -23.771884390580286
2.1506094543243077E-6     -9.712911055092414E-7    -23.77711131512515
2.0855057488184116E-6     -1.0803199911827728E-6   -23.110094463393786
2.218144304264016E-6      -1.0787736659640372E-6   -22.448304536208624
2.9321642257588994E-6     -1.1613602369496569E-6   -17.20798859152933
2.805908333277681E-6      -1.1688523351156451E-6   -18.069539252608998
2.679652440796462E-6      -1.1763444332816332E-6   -18.87192948989064
2.553396548315243E-6      -1.1838365314476216E-6   -19.6743197271726
2.427140655834025E-6      -1.1913286296136098E-6   -20.447373534936304
2.882266129402085E-6      -1.2829536239839535E-6   -16.8479984780149
2.756010236920866E-6      -1.2904457221499418E-6   -17.662983493744207
2.6297543444396476E-6     -1.29793782031593E-6     -18.46537373102585
2.503498451958429E-6      -1.3054299184819183E-6   -19.26028391609882
2.8323680330452707E-6     -1.4045470110182502E-6   -16.48800836450063
2.7061121405640517E-6     -1.4120391091842384E-6   -17.25642773487846
2.5798562480828332E-6     -1.4195312073502267E-6   -18.073194297261416
2.7824699366884563E-6     -1.5261403980525468E-6   -16.128018250986514
2.656214044207238E-6      -1.533632496218535E-6    -16.88610467842409
2.732571840331642E-6      -1.6477337850868435E-6   -15.787701092981504
3.1781167138732152E-6     -1.4772525491660805E-6   -13.749165046037241
3.1166285918446363E-6     -1.3982794711119746E-6   -14.592619171774395
3.0551404698160573E-6     -1.3193063930578687E-6   -15.444688837092448
2.9936523477874783E-6     -1.2403333150037628E-6   -16.29675850241003
3.066730495487822E-6      -1.5198728581462712E-6   -14.281058126960883
3.0052423734592425E-6     -1.4408997800921653E-6   -15.131264368930347
2.943754251430664E-6      -1.3619267020380594E-6   -15.983334034248793
2.9553442771024286E-6     -1.562493167126462E-6    -14.812951207885156
2.8938561550738497E-6     -1.483520089072356E-6    -15.669909566085758
2.8439580587170353E-6     -1.6051134761066527E-6   -15.344844288808407
3.183389179304905E-6      -1.5751561677462266E-6   -13.319951599379095
3.0720029609195116E-6     -1.6177764767264174E-6   -13.84509256407169
2.9606167425341183E-6     -1.6603967857066081E-6   -14.370233528763677
2.849230524148725E-6      -1.7030170946867989E-6   -14.840117153264579
3.188661644736594E-6      -1.6730597863263725E-6   -12.882122613141386
3.0772754263512008E-6     -1.7156800953065635E-6   -13.407263577833513
2.9658892079658075E-6     -1.758300404286754E-6    -13.907390623682193
3.1939341101682837E-6     -1.7709634049065187E-6   -12.444293626902741
3.0825478917828904E-6     -1.8135837138867094E-6   -12.974664094098156
3.1992065755999734E-6     -1.8688670234866648E-6   -12.041937564515848
2.8985352608066586E-6     -2.1872090191781037E-6   -12.4884594913325
2.982001260528738E-6      -2.134597281959807E-6    -12.231783826988828
3.0654672602508174E-6     -2.0819855447415102E-6   -11.963568221930839
3.148933259972897E-6      -2.0293738075232135E-6   -11.69535261687175
3.2323992596949767E-6     -1.9767620703049167E-6   -11.427137011812663
2.8653425767116553E-6     -2.079313972359852E-6    -13.119485777520158
2.948808576433735E-6      -2.026702235141555E-6    -12.8576989469492
3.032274576155814E-6      -1.9740904979232583E-6   -12.597602794088568
3.1157405758778937E-6     -1.921478760704961E-6    -12.337506641228243
2.832149892616652E-6      -1.9714189255416E-6      -13.767865261999304
2.915615892338731E-6      -1.9188071883233027E-6   -13.500085902323988
2.999081892060811E-6      -1.8661954511050062E-6   -13.239989749463353
2.7989572085216486E-6     -1.8635238787233475E-6   -14.416244746478377
2.882423208243728E-6      -1.8109121415050508E-6   -14.142472857698765
2.7657645244266453E-6     -1.7556288319050954E-6   -15.06462423095808
2.9882449461913378E-6     -2.2399708986643345E-6   -11.859349193466407
3.0779546315760174E-6     -2.292732778150565E-6    -11.23714620064292
3.167664316960696E-6      -2.3454946576367954E-6   -10.614943207819982
3.257374002345376E-6      -2.398256537123026E-6    -9.99274021499728
3.0717109459134174E-6     -2.187359161446038E-6    -11.60637771081605
3.1614206312980966E-6     -2.2401210409322682E-6   -10.96449975922708
3.251130316682776E-6      -2.2928829204184986E-6   -10.322621807638692
3.155176945635497E-6      -2.1347474242277406E-6   -11.330042653558715
3.244886631020176E-6      -2.1875093037139715E-6   -10.688164701970061
3.2386429453575763E-6     -2.082135687009444E-6    -11.053707596302278
2.026471108935109E-6      -1.621255175791986E-6    -19.444833555408028
2.0913334590900114E-6     -1.5124496087826492E-6   -19.903249116866
2.1561958092449134E-6     -1.403644041773312E-6    -20.358041690798828
2.221058159399816E-6      -1.2948384747639753E-6   -20.812834264730242
2.285920509554718E-6      -1.1860329077546384E-6   -21.26762683866228
1.958694903644407E-6      -1.513995934001385E-6    -20.49893811466658
2.0235572537993092E-6     -1.4051903669920478E-6   -20.968737690106465
2.0884196039542113E-6     -1.296384799982711E-6    -21.477385297568482
2.1532819541091133E-6     -1.1875792329733742E-6   -21.98603290503002
1.8909186983537051E-6     -1.4067366922107834E-6   -21.611504279027717
1.955781048508607E-6      -1.2979311252014465E-6   -22.110497331817815
2.0206433986635096E-6     -1.1891255581921098E-6   -22.61914493927984
1.823142493063003E-6      -1.2994774504201823E-6   -22.724070443388932
1.8880048432179052E-6     -1.1906718834108453E-6   -23.25225697352963
1.7553662877723009E-6     -1.1922182086295811E-6   -23.836636607750858
2.362278305679122E-6      -1.3001341966229468E-6   -20.017099565016135
2.29741595552422E-6       -1.4089397636322837E-6   -19.616162024613903
2.232553605369318E-6      -1.5177453306416205E-6   -19.215224484211937
2.1676912552144155E-6     -1.6265508976509576E-6   -18.76781582401467
2.4386361018035266E-6     -1.4142354854912552E-6   -18.85186632348864
2.373773751648624E-6      -1.5230410525005921E-6   -18.45092878308631
2.308911401493722E-6      -1.6318466195099289E-6   -18.037549305593537
2.514993897927931E-6      -1.5283367743595636E-6   -17.686633081960327
2.4501315477730288E-6     -1.6371423413689006E-6   -17.307282787172255
2.5913516940523354E-6     -1.642438063227872E-6    -16.577016268751755
2.876238133530822E-6      -2.284987994308416E-6    -12.24886226879345
2.853941006254985E-6      -2.3827669694387277E-6   -12.009977462125146
2.8316438789791483E-6     -2.48054594456904E-6     -11.771092655457396
2.8093467517033116E-6     -2.578324919699352E-6    -11.532207848789014
2.787049624427475E-6      -2.676103894829664E-6    -11.304428608587068
2.965947818915501E-6      -2.3377498737946465E-6   -11.619211333875162
2.9436506916396643E-6     -2.435528848924958E-6    -11.40243704889004
2.9213535643638275E-6     -2.5333078240552706E-6   -11.185662763904489
2.899056437087991E-6      -2.6310867991855826E-6   -10.969037681875855
3.0556575043001802E-6     -2.390511753280877E-6    -11.01668329981709
3.033360377024344E-6      -2.488290728411189E-6    -10.799909014832078
3.0110632497485068E-6     -2.586069703541501E-6    -10.583827200609406
3.1453671896848595E-6     -2.4432736327671074E-6   -10.414155265759241
3.1230700624090227E-6     -2.5410526078974194E-6   -10.198616719342796
3.235076875069539E-6      -2.496035512253338E-6    -9.81340623807674
3.2325618606864883E-6     -2.9414917365591563E-6   -8.761491713496781
3.255466226095202E-6      -2.8433970725691766E-6   -8.880294200288933
3.2783705915039147E-6     -2.745302408579196E-6    -9.00360955573068
3.3012749569126283E-6     -2.6472077445892164E-6   -9.126924911171958
3.324179322321342E-6      -2.5491130805992367E-6   -9.250240266613707
3.143459413434686E-6      -2.8884141682132582E-6   -9.26591004403455
3.1663637788433987E-6     -2.7903195042232777E-6   -9.387587543127758
3.1892681442521123E-6     -2.692224840233298E-6    -9.530120110235808
3.212172509660825E-6      -2.594130176243318E-6    -9.672652677344395
3.0543569661828828E-6     -2.8353365998673593E-6   -9.774475125444148
3.077261331591596E-6      -2.737241935877379E-6    -9.914787323696187
3.1001656970003095E-6     -2.6391472718873995E-6   -10.057319890804033
2.9652545189310804E-6     -2.782259031521461E-6    -10.283040206853356
2.9881588843397936E-6     -2.684164367531481E-6    -10.441987104264209
2.876152071679277E-6      -2.7291814631755622E-6   -10.791605288262208
3.34925567231266E-6       -2.9323625025679807E-6   -8.255756242657501
3.465949483938831E-6      -2.9232332685768042E-6   -7.741150088110882
3.5826432955650026E-6     -2.914104034585629E-6    -7.226543933564734
3.699337107191174E-6      -2.904974800594453E-6    -6.711937779018428
3.372160037721373E-6      -2.834267838578E-6       -8.372172499544591
3.4888538493475443E-6     -2.8251386045868246E-6   -7.844144361070514
3.6055476609737153E-6     -2.8160093705956485E-6   -7.316116222596121
3.395064403130086E-6      -2.73617317458802E-6     -8.476270643319186
3.5117582147562575E-6     -2.727043940596845E-6    -7.948242504845108
3.4179687685387997E-6     -2.6380785105980404E-6   -8.580368787094407
3.2721500327786535E-6     -3.0390922289756054E-6   -8.414479073650554
3.3117382048708177E-6     -3.1366927213920536E-6   -8.080625073304537
3.3513263769629824E-6     -3.2342932138085026E-6   -7.74677107295903
3.390914549055147E-6      -3.331893706224951E-6    -7.41291707261305
3.4305027211473118E-6     -3.4294941986414E-6      -7.097333905771922
3.3888438444048244E-6     -3.029962994984429E-6    -7.91107015123044
3.428432016496989E-6      -3.1275634874008775E-6   -7.578702172916189
3.468020188589154E-6      -3.225163979817326E-6    -7.2463341946016655
3.507608360681319E-6      -3.3227644722337752E-6   -6.930428418449132
3.505537656030996E-6      -3.0208337609932533E-6   -7.409885980612014
3.5451258281231605E-6     -3.1184342534097015E-6   -7.077518002297499
3.5847140002153252E-6     -3.2160347458261506E-6   -6.748176745488776
3.622231467657167E-6      -3.0117045270020773E-6   -6.90870180999369
3.661819639749332E-6      -3.1093050194185263E-6   -6.565925072527948
3.738925279283339E-6      -3.0025752930109016E-6   -6.383673399567591
3.849967808358098E-6      -3.491867313899358E-6    -5.3240018295982
3.822207176089408E-6      -3.3695443086772434E-6   -5.5709086189229176
3.794446543820718E-6      -3.2472213034551293E-6   -5.833882132535026
3.7666859115520284E-6     -3.1248982982330153E-6   -6.096855646147133
3.7451015365554016E-6     -3.476274035084868E-6    -5.769609360545738
3.7173409042867115E-6     -3.353951029862754E-6    -6.029569286152557
3.689580272018022E-6      -3.23162802464064E-6     -6.292542799764507
3.6402352647527047E-6     -3.4606807562703787E-6   -6.215216891493393
3.612474632484015E-6      -3.3383577510482646E-6   -6.488229953381758
3.5353689929500087E-6     -3.4450874774558893E-6   -6.66082442244093
3.908403346672039E-6      -3.6037390526186E-6      -4.99091005824012
3.8035370748693426E-6     -3.5881457738041103E-6   -5.436559481407703
3.6986708030666457E-6     -3.572552494989621E-6    -5.869113876073197
3.593804531263949E-6      -3.5569592161751315E-6   -6.301668270738572
3.488938259461253E-6      -3.541365937360642E-6    -6.734430177434724
3.861972613183284E-6      -3.700017512523352E-6    -5.098405661015729
3.7571063413805867E-6     -3.684424233708863E-6    -5.533050408929816
3.6522400695778907E-6     -3.6688309548943734E-6   -5.965604803595329
3.547373797775194E-6      -3.6532376760798844E-6   -6.400066701087836
3.815541879694528E-6      -3.7962959724281055E-6   -5.205901263790945
3.7106756078918317E-6     -3.7807026936136156E-6   -5.629541336451582
3.6058093360891352E-6     -3.7651094147991263E-6   -6.065703224740554
3.7691111462057727E-6     -3.892574432332858E-6    -5.313396866566318
3.6642448744030762E-6     -3.876981153518369E-6    -5.731339748393626
3.7226804127170172E-6     -3.98885289223761E-6     -5.418441499778061
3.9952008999441735E-6     -3.6915830784290838E-6   -4.581381107748922
3.948770166455418E-6      -3.7878615383338362E-6   -4.699881385777556
3.902339432966663E-6      -3.884139998238589E-6    -4.818381663806226
3.855908699477907E-6      -3.980418458143342E-6    -4.926514653653184
4.081998453216308E-6      -3.7794271042395674E-6   -4.184947185759313
4.035567719727553E-6      -3.87570556414432E-6     -4.303447463787877
3.989136986238798E-6      -3.971984024049073E-6    -4.419256266040536
4.168796006488442E-6      -3.8672711300500515E-6   -3.788513263769722
4.122365272999687E-6      -3.963549589954805E-6    -3.9119978784272966
4.2555935597605776E-6     -3.955115155860536E-6    -3.404739490814529
4.118928339777427E-6      -4.385170093911117E-6    -3.778509905433662
4.186401716463437E-6      -4.275547750874904E-6    -3.5589102732777738
4.253875093149447E-6      -4.165925407838692E-6    -3.3393106411217675
4.321348469835457E-6      -4.0563030648024796E-6   -3.119711008966312
3.985700053016537E-6      -4.393604528005385E-6    -4.272670980265454
4.053173429702547E-6      -4.283982184969172E-6    -4.0563668864196165
4.1206468063885575E-6     -4.17435984193296E-6     -3.8433778042293585
4.188120183074567E-6      -4.0647374988967475E-6   -3.6303887220393043
3.9199451429416575E-6     -4.292416619063441E-6    -4.556291996512522
3.987418519627667E-6      -4.182794276027229E-6    -4.3429603794365015
4.054891896313678E-6      -4.073171932991016E-6    -4.129971297246679
3.854190232866778E-6      -4.1912287101214975E-6   -4.8399130127599825
3.921663609552787E-6      -4.081606367085285E-6    -4.629553872454063
3.788435322791897E-6      -4.090040801179554E-6    -5.1235340290071285
4.451898114397069E-6      -4.5397178935717865E-6   -2.528842442363812
4.419260703256666E-6      -4.418864186379459E-6    -2.6702097989623677
4.386623292116263E-6      -4.298010479187133E-6    -2.8163451563419164
4.35398588097586E-6       -4.177156771994806E-6    -2.962480513721622
4.351787326570656E-6      -4.528486529415672E-6    -2.897471143532919
4.319149915430253E-6      -4.4076328222233454E-6   -3.042555338463089
4.2865125042898504E-6     -4.286779115031018E-6    -3.1886906958425585
4.251676538744243E-6      -4.517255165259558E-6    -3.2660998447021434
4.2190391276038395E-6     -4.396401458067231E-6    -3.414900877963807
4.15156575091783E-6       -4.506023801103443E-6    -3.6347285458716048
4.423120233043985E-6      -4.629528042026206E-6    -2.6295195011001247
4.323009445217571E-6      -4.618296677870091E-6    -2.994431363937765
4.2228986573911585E-6     -4.607065313713977E-6    -3.359343226775268
4.394342351690899E-6      -4.719338190480625E-6    -2.7254285590556018
4.294231563864487E-6      -4.708106826324511E-6    -3.090340421893016
4.365564470337815E-6      -4.809148338935045E-6    -2.821337617010698
-4.424412900773186E-6     -4.709380726489809E-7    12.095625160907144
-4.311756152443155E-6     -4.81818609990567E-7     10.640175574823253
-4.199099404113123E-6     -4.926991473321529E-7    9.184725988739364
-4.086442655783092E-6     -5.035796846737389E-7    7.729276402655318
-4.3826866630541855E-6    -3.7892656558750195E-7   11.993090228195474
-4.2700299147241535E-6    -3.898071029290879E-7    10.477630757103494
-4.157373166394122E-6     -4.006876402706739E-7    8.9621712860101
-4.340960425335184E-6     -2.869150585260229E-7    11.823779226731093
-4.228303677005154E-6     -2.9779559586760895E-7   10.308319755639232
-4.299234187616184E-6     -1.9490355146454394E-7   11.654468225267577
-3.6521389818940352E-6    -2.108062122663619E-7    2.3022749370732667
-3.7159746768529983E-6    -3.136982566694269E-7    3.0968219917854656
-3.7798103718119614E-6    -4.1659030107249187E-7   3.8913690464982933
-3.843646066770925E-6     -5.194823454755569E-7    4.581455452250479
-3.585834836170863E-6     -3.1872038012965876E-7   1.3466852559633269
-3.6496705311298263E-6    -4.216124245327238E-7    2.14123231067584
-3.7135062260887894E-6    -5.245044689357888E-7    2.9012033740366885
-3.51953069044769E-6      -4.2663454799295563E-7   0.39109557485192503
-3.5833663854066535E-6    -5.295265923960206E-7    1.2209512958197526
-3.4532265447245185E-6    -5.345487158562525E-7    -0.4593007823941948
1.013489231626232E-6      -2.199265550075938E-7    -37.266837309194095
9.484612504686645E-7      -3.3046684112808424E-7   -35.861049595195745
8.834332693110974E-7      -4.410071272485747E-7    -34.45526188119776
8.184052881535301E-7      -5.515474133690652E-7    -33.03755138916513
1.0812415612089315E-6     -3.2931282389469713E-7   -35.60318025665373
1.0162135800513643E-6     -4.398531100151876E-7    -34.19739254265556
9.51185598893797E-7       -5.50393396135678E-7     -32.7912682766829
1.148993890791631E-6      -4.3869909278180047E-7   -33.93952320411371
1.083965909634064E-6      -5.492393789022909E-7    -32.54498516419967
1.2167462203743306E-6     -5.480853616689039E-7    -32.298702051717456
-2.9915122075387888E-6    -2.1912993541396399E-7   -7.25364373357994
-3.0577388404473717E-6    -3.270441032772609E-7    -6.067672819181459
-3.1239654733559542E-6    -4.349582711405577E-7    -4.881701904782977
-3.190192106264538E-6     -5.428724390038546E-7    -3.80403197181424
-2.9248442426695267E-6    -3.303457029646311E-7    -7.797442563272502
-2.9910708755781097E-6    -4.3825987082792797E-7   -6.611471648874964
-3.0572975084866926E-6    -5.461740386912248E-7    -5.463063108583861
-2.858176277800265E-6     -4.4156147051529813E-7   -8.341241392967103
-2.924402910708848E-6     -5.494756383785951E-7    -7.122094245352853
-2.791508312931003E-6     -5.527772380659653E-7    -8.781125382121846
-2.3359186350128265E-6    -2.2224397577974648E-7   -16.24244010468743
-2.398975095332218E-6     -3.3345974333041357E-7   -14.785074056744222
-2.4620315556516094E-6    -4.4467551088108065E-7   -13.32770800880133
-2.5250880159710013E-6    -5.558912784317478E-7    -11.971899275438526
-2.2654493961500616E-6    -3.332721840088258E-7    -16.386243121177113
-2.328505856469453E-6     -4.4448795155949296E-7   -14.928877073234064
-2.3915623167888445E-6    -5.5570371911016E-7      -13.506978763515358
-2.1949801572872963E-6    -4.4430039223790516E-7   -16.530046137667863
-2.2580366176066877E-6    -5.555161597885723E-7    -15.042058251592033
-2.1245109184245314E-6    -5.553286004669846E-7    -16.57713773966855
3.42983729284042E-7       -2.2172666076750473E-7   -37.54259421567525
2.7930516089847283E-7     -3.32913035414519E-7     -35.88698518448788
2.1562659251290365E-7     -4.440994100615333E-7    -34.23137615329985
1.519480241273345E-7      -5.552857847085476E-7    -32.593138765432116
4.12724399219955E-7       -3.322669468879952E-7    -36.06664399321118
3.490458308343858E-7      -4.4345332153500946E-7   -34.41103496202372
2.853672624488167E-7      -5.546396961820237E-7    -32.765073008984025
4.824650691558681E-7      -4.4280723300848563E-7   -34.59069377074661
4.187865007702989E-7      -5.539936076554999E-7    -32.93700725253598
5.52205739091781E-7       -5.533475191289762E-7    -33.108941496087496
-1.6735595137755727E-6    -2.2218696983539918E-7   -24.291479289841977
-1.734839604254033E-6     -3.332151780644785E-7    -22.6343768037058
-1.7961196947324933E-6    -4.4424338629355786E-7   -20.97727431757025
-1.857399785210954E-6     -5.552715945226373E-7    -19.408731608005546
-1.601254170222612E-6     -3.33345731441719E-7     -23.987539336620568
-1.6625342607010726E-6    -4.4437393967079837E-7   -22.330436850484077
-1.7238143511795329E-6    -5.554021478998777E-7    -20.704989557410048
-1.5289488266696517E-6    -4.4450449304803877E-7   -23.683599383398953
-1.5902289171481124E-6    -5.555327012771181E-7    -22.001247506816753
-1.4566434831166915E-6    -5.556632546543586E-7    -23.297505456220946
-1.001499148351366E-6     -2.2249948815333926E-7   -30.852353029571496
-1.0639577815281993E-6    -3.3365824975965905E-7   -29.067624822319758
-1.1264164147050327E-6    -4.4481701136597884E-7   -27.28289661506825
-1.188875047881866E-6     -5.559757729722987E-7    -25.568367337787684
-9.297747803247948E-7     -3.3384021470035867E-7   -30.087014972919107
-9.922334135016281E-7     -4.449989763066785E-7    -28.30228676566811
-1.0546920466784615E-6    -5.561577379129983E-7    -26.544270999662906
-8.580504122982236E-7     -4.451809412473781E-7    -29.32167691626866
-9.20509045475057E-7      -5.563397028536979E-7    -27.520174661540487
-7.863260442716524E-7     -5.565216677943976E-7    -28.496078323416334
-3.288758280927006E-7     -2.2252710119403372E-7   -35.367247014286164
-3.919201111596096E-7     -3.3386782774105315E-7   -33.583230141961316
-4.549643942265188E-7     -4.4520855428807257E-7   -31.799213269637875
-5.180086772934279E-7     -5.56549280835092E-7     -30.06086273338024
-2.5778574538478955E-7    -3.3371347584104797E-7   -34.20015229490595
-3.208300284516987E-7     -4.4505420238806743E-7   -32.41613542258214
-3.838743115186078E-7     -5.563949289350868E-7    -30.65114444941844
-1.8669566267687862E-7    -4.4489985048806224E-7   -33.03305757552882
-2.4973994574378775E-7    -5.562405770350818E-7    -31.241426165456453
-1.1560557996896773E-7    -5.560862251350765E-7    -31.831707881494538
1.038254995943192E-6      -1.0962692539454092E-6   -26.713914081266655
1.100509302977473E-6      -9.86401672043431E-7     -27.729453723662054
1.1627636100117543E-6     -8.765340901414522E-7    -28.778530132548934
1.2250179170460354E-6     -7.666665082394737E-7    -29.827606541435898
1.2872722240803165E-6     -6.567989263374951E-7    -30.876682950321914
9.677289922372063E-7      -9.87555689276818E-7     -27.953269923332087
1.0299832992714874E-6     -8.776881073748393E-7    -28.987144853618968
1.0922376063057682E-6     -7.678205254728607E-7    -30.09860921969972
1.1544919133400495E-6     -6.579529435708823E-7    -31.210073585781185
8.972029885312204E-7      -8.788421246082264E-7    -29.24419678466505
9.594572955655015E-7      -7.689745427062479E-7    -30.33330610612262
1.0217116025997826E-6     -6.591069608042693E-7    -31.444770472203686
8.266769848252348E-7      -7.70128559939635E-7     -30.53512364599825
8.889312918595159E-7      -6.602609780376565E-7    -31.679467358627296
7.561509811192489E-7      -6.614149952710437E-7    -31.82605050733121
1.3548849343537169E-6     -7.644044508181879E-7    -29.43461621261542
1.2926306273194356E-6     -8.742720327201664E-7    -28.447927760923267
1.2303763202851545E-6     -9.841396146221448E-7    -27.46123930923026
1.1681220132508734E-6     -1.0940071965241235E-6   -26.457818868896556
1.422497644627117E-6      -8.720099752988805E-7    -28.09124322394346
1.360243337592836E-6      -9.818775572008591E-7    -27.104554772251255
1.2979890305585548E-6     -1.0917451391028374E-6   -26.115452554982035
1.4901103549005172E-6     -9.79615499779573E-7     -26.747870235271698
1.4278560478662363E-6     -1.0894830816815518E-6   -25.77308624106768
1.5577230651739177E-6     -1.0872210242602659E-6   -25.430719927152765
1.3867072242049216E-6     -1.6234429278951918E-6   -21.48894520420114
1.446883795860257E-6      -1.5157461356839496E-6   -22.174678322690745
1.5070603675155926E-6     -1.408049343472707E-6    -22.881030168467014
1.5672369391709281E-6     -1.3003525512614647E-6   -23.587382014243047
1.6274135108262637E-6     -1.1926557590502222E-6   -24.293733860019238
1.3170167785525756E-6     -1.5180081931052355E-6   -22.487862623261798
1.3771933502079112E-6     -1.410311400893993E-6    -23.188653596770255
1.4373699218632465E-6     -1.3026146086827506E-6   -23.944749933749076
1.497546493518582E-6      -1.1949178164715081E-6   -24.70084627072762
1.2473263329002297E-6     -1.4125734583152787E-6   -23.53179836745594
1.3075029045555652E-6     -1.3048766661040362E-6   -24.272798024598714
1.3676794762109008E-6     -1.197179873892794E-6    -25.02889436157738
1.1776358872478838E-6     -1.3071387235253223E-6   -24.57573411165024
1.237812458903219E-6      -1.1994419313140799E-6   -25.356942452426583
1.1079454415955379E-6     -1.2017039887353658E-6   -25.619669855844304
1.6951897161169656E-6     -1.2999150008408236E-6   -23.13129685314845
1.6350131444616298E-6     -1.4076117930520658E-6   -22.474689498575398
1.5748365728062945E-6     -1.515308585263308E-6    -21.81808214400202
1.514660001150959E-6      -1.6230053774745507E-6   -21.149007005173033
1.7629659214076673E-6     -1.4071742426314247E-6   -22.047924166137516
1.702789349752332E-6      -1.5148710348426672E-6   -21.39131681156415
1.6426127780969964E-6     -1.6225678270539094E-6   -20.73809037658677
1.8307421266983694E-6     -1.5144334844220259E-6   -20.964551479126573
1.770565555043034E-6      -1.6221302766332683E-6   -20.32717374800027
1.8985183319890715E-6     -1.6216927262126272E-6   -19.91625711941401
2.0831980655735005E-6     -1.7444118738892154E-6   -18.464594230302623
2.1399250222118916E-6     -1.8675685719864446E-6   -17.548484828143835
2.1966519788502827E-6     -1.990725270083674E-6    -16.63237542598457
2.2533789354886743E-6     -2.113881968180903E-6    -15.716266023825465
2.3101058921270654E-6     -2.2370386662781324E-6   -14.877580605343763
2.2244182118528067E-6     -1.7497075957481866E-6   -17.794505555175782
2.2811451684911982E-6     -1.872864293845416E-6    -16.86766640613166
2.3378721251295894E-6     -1.996020991942645E-6    -15.940827257087685
2.394599081767981E-6      -2.1191776900398746E-6   -15.076589122886272
2.3656383581321133E-6     -1.755003317607158E-6    -17.098268219458845
2.422365314770505E-6      -1.8781600157043875E-6   -16.17142907041492
2.479092271408896E-6      -2.0013167138016165E-6   -15.26682432602986
2.50685850441142E-6       -1.7602990394661298E-6   -16.402030883742295
2.5635854610498115E-6     -1.8834557375633592E-6   -15.457059529172822
2.648078650690727E-6      -1.7655947613251012E-6   -15.647294732315782
2.78084938707074E-6       -2.1971749485981095E-6   -12.990111983387022
2.747656702975737E-6      -2.0892799017798576E-6   -13.625679875854967
2.7144640188807336E-6     -1.9813848549616053E-6   -14.280051889438885
2.6812713347857303E-6     -1.8734898081433531E-6   -14.93442390302296
2.6631635133348214E-6     -2.2071408780181153E-6   -13.478331496948265
2.629970829239818E-6      -2.099245831199863E-6    -14.130183296479633
2.5967781451448148E-6     -1.991350784381611E-6    -14.784555310063942
2.5454776395989026E-6     -2.2171068074381207E-6   -13.966551010510603
2.5122849555038993E-6     -2.1092117606198684E-6   -14.634686717104447
2.4277917658629842E-6     -2.2270727368581266E-6   -14.454770524072156
2.758552259794903E-6      -2.2949539237284215E-6   -12.747920776152064
2.6408663860589842E-6     -2.304919853148427E-6    -13.219856382650665
2.523180512323066E-6      -2.3148857825684327E-6   -13.69179198915013
2.4054946385871475E-6     -2.3248517119884386E-6   -14.122313391336135
2.7362551325190663E-6     -2.3927328988587335E-6   -12.486925447801466
2.618569258783148E-6      -2.4026988282787394E-6   -12.958861054300126
2.500883385047229E-6      -2.412664757698745E-6    -13.411570330528992
2.7139580052432295E-6     -2.4905118739890455E-6   -12.225930119450673
2.596272131507311E-6      -2.5004778034090514E-6   -12.700827269720946
2.6916608779673932E-6     -2.588290849119358E-6    -11.99008420891353
1.6946842801673339E-6     -2.056135926880388E-6    -17.84928811222535
1.761041645920889E-6      -1.969159776662708E-6    -18.17704477359617
1.8273990116744438E-6     -1.8821836264450271E-6   -18.495295173567186
1.893756377427999E-6      -1.7952074762273468E-6   -18.813545573538754
1.960113743181554E-6      -1.7082313260096665E-6   -19.131795973510954
1.6330888689748516E-6     -1.9695973270833488E-6   -18.562755000982865
1.6994462347284064E-6     -1.8826211768656682E-6   -18.888399423134782
1.7658036004819614E-6     -1.795645026647988E-6    -19.242711430993932
1.8321609662355165E-6     -1.7086688764303074E-6   -19.59702343885339
1.5714934577823688E-6     -1.8830587272863095E-6   -19.285393050209677
1.6378508235359237E-6     -1.796082577068629E-6    -19.63777935572872
1.704208189289479E-6      -1.7091064268509489E-6   -19.99209136358818
1.5098980465898865E-6     -1.7965201274892703E-6   -20.00803109943744
1.5762554123434415E-6     -1.7095439772715898E-6   -20.387159288322977
1.4483026353974038E-6     -1.709981527692231E-6    -20.730669148665278
1.8177686025592804E-6     -2.092316474759937E-6    -17.272280851691804
1.9408529249512267E-6     -2.1284970226394858E-6   -16.682777239006153
2.063937247343173E-6      -2.1646775705190346E-6   -16.093273626320503
2.1870215697351193E-6     -2.2008581183985835E-6   -15.503770013636032
1.8841259683128352E-6     -2.0053403245422564E-6   -17.591879193460976
2.0072102907047813E-6     -2.0415208724218052E-6   -16.96868833027082
2.1302946130967278E-6     -2.077701420301354E-6    -16.345497467080712
1.95048333406639E-6       -1.9183641743245762E-6   -17.874067985544283
2.0735676564583366E-6     -1.9545447222041247E-6   -17.250877122354364
2.016840699819945E-6      -1.8313880241068955E-6   -18.156256777628585
2.3169362962049766E-6     -2.8521838081360904E-6   -12.423149657226897
2.4109589618494766E-6     -2.816967825474805E-6    -12.212653689443172
2.504981627493976E-6      -2.78175184281352E-6     -11.989438370574533
2.5990042931384757E-6     -2.7465358601522346E-6   -11.766223051705222
2.6930269587829753E-6     -2.7113198774909494E-6   -11.543007732836188
2.3155702153893946E-6     -2.729154779764499E-6    -12.88909990038023
2.4095928810338945E-6     -2.6939387971032137E-6   -12.674193088467424
2.5036155466783933E-6     -2.6587228144419284E-6   -12.454539934553825
2.5976382123228937E-6     -2.623506831780643E-6    -12.234886780640492
2.314204134573812E-6      -2.606125751392907E-6    -13.372470558475516
2.4082268002183116E-6     -2.570909768731622E-6    -13.143095121319364
2.502249465862811E-6      -2.5356937860703366E-6   -12.923441967405978
2.31283805375823E-6       -2.4830967230213157E-6   -13.85584121657033
2.4068607194027296E-6     -2.4478807403600304E-6   -13.611997154171727
2.311471972942648E-6      -2.360067694649724E-6    -14.33921187466522
2.78194267339505E-6       -2.801288019084566E-6    -10.967517683660002
2.6879200077505504E-6     -2.8365040017458513E-6   -11.212431117308837
2.59389734210605E-6       -2.8717199844071366E-6   -11.439208601133966
2.4998746764615504E-6     -2.906935967068422E-6    -11.665986084958782
2.4058520108170513E-6     -2.942151949729707E-6    -11.875559478710084
2.7768357223626246E-6     -2.926472143339468E-6    -10.655338852808628
2.6828130567181246E-6     -2.9616881260007533E-6   -10.88517836282033
2.588790391073625E-6      -2.9969041086620385E-6   -11.111955846645303
2.4947677254291255E-6     -3.0321200913233238E-6   -11.340569297138561
2.7717287713301992E-6     -3.0516562675943696E-6   -10.343160021956153
2.6777061056856997E-6     -3.086872250255655E-6    -10.557925608331505
2.5836834400412E-6        -3.12208823291694E-6     -10.80557911556716
2.7666218202977743E-6     -3.176840391849272E-6    -10.030981191104349
2.6725991546532747E-6     -3.2120563745105572E-6   -10.27058893399548
2.761514869265349E-6      -3.3020245161041735E-6   -9.760168349131082
3.138352462402261E-6      -3.01359829246816E-6     -8.97864363200996
3.049250015150458E-6      -2.9605207241222612E-6   -9.479590587084655
2.9601475678986546E-6     -2.9074431557763627E-6   -9.969520969335104
2.8710451206468523E-6     -2.854365587430464E-6    -10.459451351586063
3.0441430641180325E-6     -3.085704848377163E-6    -9.182847975206608
2.9550406168662297E-6     -3.0326272800312647E-6   -9.672416062120256
2.8659381696144274E-6     -2.979549711685366E-6    -10.162346444370879
2.9499336658338048E-6     -3.1578114042861666E-6   -9.387052318403097
2.8608312185820016E-6     -3.1047338359402677E-6   -9.86524153715552
2.8557242675495767E-6     -3.22991796019517E-6     -9.591256661599548
3.1779406344944253E-6     -3.1111987848846084E-6   -8.63228703680889
3.083731236210197E-6      -3.183305340793612E-6    -8.84787024816627
2.989521837925969E-6      -3.255411896702615E-6    -9.063453459523327
2.8953124396417418E-6     -3.327518452611619E-6    -9.246874433010289
3.2175288065865896E-6     -3.208799277301057E-6    -8.296947014432208
3.1233194083023623E-6     -3.2809058332100605E-6   -8.512530225789348
3.029110010018134E-6      -3.353012389119064E-6    -8.712787817788971
3.2571169786787543E-6     -3.306399769717506E-6    -7.96160699205489
3.1629075803945266E-6     -3.3785063256265095E-6   -8.178701202567103
3.29670515077092E-6       -3.4040002621339547E-6   -7.644614587345432
3.3618864195282478E-6     -3.528979923846958E-6    -7.220207751124928
3.2280888491518545E-6     -3.5034859873395133E-6   -7.760057114102898
3.094291278775462E-6      -3.4779920508320677E-6   -8.277307110811744
2.9604937083990697E-6     -3.452498114324622E-6    -8.79455710752051
2.8266961380226773E-6     -3.4270041778171773E-6   -9.301564733832851
3.293270117909183E-6      -3.6284656490525168E-6   -7.333908810590023
3.15947254753279E-6       -3.602971712545071E-6    -7.8571520231925085
3.0256749771563977E-6     -3.5774777760376264E-6   -8.374402019901236
2.8918774067800053E-6     -3.5519838395301808E-6   -8.88864409211036
3.2246538162901185E-6     -3.727951374258075E-6    -7.447609870054959
3.0908562459137257E-6     -3.70245743775063E-6     -7.954246932281539
2.9570586755373333E-6     -3.6769635012431846E-6   -8.475723450387434
3.1560375146710545E-6     -3.827437099463634E-6    -7.56131092952017
3.022239944294662E-6      -3.8019431629561884E-6   -8.062802808664983
3.0874212130519897E-6     -3.926922824669192E-6    -7.674556150870676
3.4203219578421884E-6     -3.6408516625662004E-6   -6.864944899305311
3.351705656223124E-6      -3.7403373877717586E-6   -6.995252109146122
3.283089354604059E-6      -3.839823112977317E-6    -7.1255593189866655
3.2144730529849955E-6     -3.939308838182876E-6    -7.24149457627453
3.4787574961561294E-6     -3.7527234012854426E-6   -6.532281413755237
3.4101411945370654E-6     -3.852209126491001E-6    -6.662588623595905
3.3415248929180005E-6     -3.951694851696559E-6    -6.787940178390343
3.537193034470071E-6      -3.864595140004685E-6    -6.199617928204716
3.4685767328510064E-6     -3.964080865210243E-6    -6.334385780506236
3.595628572784012E-6      -3.976466878723927E-6    -5.880831382622365
3.6640207075256083E-6     -4.086866668133813E-6    -5.566722740749457
3.536968867592603E-6      -4.07448065462013E-6     -6.026119292250413
3.409917027659597E-6      -4.062094641106446E-6    -6.4702573926277935
3.282865187726591E-6      -4.049708627592762E-6    -6.914395493005095
3.1558133477935866E-6     -4.0373226140790785E-6   -7.348623274555102
3.6053610023341994E-6     -4.184880444030016E-6    -5.70887029547703
3.4783091624011936E-6     -4.1724944305163316E-6   -6.157530261911461
3.3512573224681885E-6     -4.1601084170026475E-6   -6.6016683622886445
3.2242054825351827E-6     -4.147722403488964E-6    -7.042854410159448
3.5467012971427905E-6     -4.282894219926217E-6    -5.851017850204917
3.419649457209785E-6      -4.270508206412533E-6    -6.288941231571958
3.2925976172767796E-6     -4.25812219289885E-6     -6.737085545763124
3.4880415919513816E-6     -4.38090799582242E-6     -5.99316540493245
3.360989752018376E-6      -4.368521982308737E-6    -6.431316681366998
3.729775617600488E-6      -4.1880545770757566E-6   -5.2708157501476975
3.6711159124090792E-6     -4.286068352971958E-6    -5.423699889942659
3.6124562072176703E-6     -4.384082128868161E-6    -5.576584029737212
3.5537965020262614E-6     -4.482095904764364E-6    -5.723750518596327
3.795530527675368E-6      -4.2892424860177E-6      -4.990167210670638
3.7368708224839595E-6     -4.387256261913903E-6    -5.1430513504655355
3.6782111172925506E-6     -4.4852700378101045E-6   -5.293943857375119
3.861285437750248E-6      -4.390430394959644E-6    -4.709518671193136
3.8026257325588393E-6     -4.488444170855846E-6    -4.864137196153793
3.9270403478251284E-6     -4.491618303901587E-6    -4.434330534932625
3.877384604023732E-6      -4.592659816512121E-6    -4.588453822350818
3.7529699887574434E-6     -4.589485683466379E-6    -5.014534465521069
3.6285553734911547E-6     -4.5863115504206385E-6   -5.440615108691477
3.827728860222337E-6      -4.693701329122654E-6    -4.737116706552241
3.703314244956048E-6      -4.690527196076913E-6    -5.163197349722493
3.778073116420941E-6      -4.794742841733189E-6    -4.8857795907535655
-4.506516554864555E-6     -5.834585709295369E-7    12.657552449248815
-4.599102625043911E-6     -6.343042067251998E-7    13.456283431189561
-4.691688695223267E-6     -6.851498425208627E-7    14.217812305620598
-4.7842747654026235E-6    -7.359954783165256E-7    14.979341180051005
-4.475963460625892E-6     -7.068596065516789E-7    11.811522015270508
-4.568549530805247E-6     -7.577052423473419E-7    12.568161014725135
-4.661135600984605E-6     -8.085508781430047E-7    13.329689889155544
-4.445410366387229E-6     -8.302606421738209E-7    10.965491581292515
-4.537996436566585E-6     -8.811062779694838E-7    11.68003859825919
-4.414857272148567E-6     -9.53661677795963E-7     10.119461147313892
-4.393859806534524E-6     -5.943391082711229E-7    11.224910640663621
-4.36330671229586E-6      -7.177401438932649E-7    10.420972189172062
-4.332753618057198E-6     -8.411411795154069E-7    9.617033737680492
-4.302200523818536E-6     -9.64542215137549E-7     8.863480291155982
-4.281203058204491E-6     -6.05219645612709E-7     9.829470939588177
-4.250649963965829E-6     -7.28620681234851E-7     9.025532488097205
-4.220096869727167E-6     -8.52021716856993E-7     8.23593991817991
-4.16854630987446E-6      -6.16100182954295E-7     8.434031238512649
-4.137993215635798E-6     -7.39501218576437E-7     7.608399545203204
-4.05588956154443E-6      -6.26980720295881E-7     6.980859172228073
-3.907706865156733E-6     -6.30820318675181E-7     5.268463896489186
-3.989810519248101E-6     -7.43340816955737E-7     5.986519300055984
-4.071914173339469E-6     -8.55861315236293E-7     6.650098796424521
-4.154017827430838E-6     -9.68381813516849E-7     7.3136782927936865
-4.236121481522207E-6     -1.080902311797405E-6    7.875012913318239
-3.841627822860404E-6     -7.47180415335037E-7     4.363473025704879
-3.9237314769517724E-6    -8.59700913615593E-7     5.0499117930950295
-4.005835131043141E-6     -9.72221411896149E-7     5.713491289464195
-4.08793878513451E-6      -1.084741910176705E-6    6.335380679480474
-3.7755487805640757E-6    -8.63540511994893E-7     3.458482154920415
-3.857652434655444E-6     -9.760610102754488E-7    4.113304286133717
-3.939756088746814E-6     -1.088581508556005E-6    4.79574844564098
-3.709469738267748E-6     -9.79900608654749E-7     2.5534912841368946
-3.791573392359117E-6     -1.092421106935305E-6    3.2561162118024294
-3.6433906959714197E-6    -1.096260705314605E-6    1.7152024627555524
-3.3871475024281903E-6    -6.509088125161086E-7    -1.272930487135022
-3.5172873431103253E-6    -6.458866890558767E-7    0.3828857274686202
-3.647427183792461E-6     -6.408645655956448E-7    1.9932531480761264
-3.7775670244745967E-6    -6.358424421354129E-7    3.603620568683279
-3.451208300813997E-6     -7.622467857157326E-7    -0.5057311059232071
-3.5813481414961326E-6    -7.572246622555007E-7    1.1198789134693925
-3.711487982178269E-6     -7.522025387952689E-7    2.730246334076407
-3.5152690991998048E-6    -8.735847589153567E-7    0.26146827528750666
-3.6454089398819402E-6    -8.685626354551248E-7    1.856872099469279
-3.5793298975856124E-6    -9.849227321149809E-7    1.0286676564999508
-3.5093661718670124E-6    -1.100596354351777E-6    0.3370497310951131
-3.3753416477626046E-6    -1.1049320033889488E-6   -1.0454588997884502
-3.241317123658197E-6     -1.1092676524261208E-6   -2.427967530671463
-3.1072925995537895E-6    -1.1136033014632925E-6   -3.8104761615554192
-2.973268075449382E-6     -1.1179389505004645E-6   -5.172513827325379
-3.4453053734812047E-6    -9.892583811521529E-7    -0.36973470688794186
-3.311280849376797E-6     -9.935940301893246E-7    -1.8133068619146944
-3.177256325272389E-6     -9.979296792264966E-7    -3.2568790169405983
-3.0432318011679823E-6    -1.0022653282636686E-6   -4.638375784120333
-3.381244575095397E-6     -8.779204079525286E-7    -1.167140283312191
-3.2472200509909897E-6    -8.822560569897006E-7    -2.6107124383378664
-3.113195526886582E-6     -8.865917060268724E-7    -4.033759998259233
-3.3171837767095898E-6    -7.665824347529045E-7    -1.9645458597355443
-3.1831592526051825E-6    -7.709180837900765E-7    -3.4291442123987617
-3.253122978323783E-6     -6.552444615532805E-7    -2.8245284265379755
-2.721544587212403E-6     -6.684508603027613E-7    -9.262449140440962
-2.854439184990248E-6     -6.65149260615391E-7     -7.651983005255543
-2.987333782768093E-6     -6.618476609280208E-7    -6.063690475809546
-3.1202283805459375E-6    -6.585460612406506E-7    -4.475397946363548
-2.784475459271648E-6     -7.808228828521871E-7    -8.220463197996477
-2.9173700570494925E-6    -7.775212831648169E-7    -6.626755468928481
-3.050264654827338E-6     -7.742196834774467E-7    -5.0384629394821685
-2.847406331330892E-6     -8.931949054016129E-7    -7.17847725555073
-2.9803009291087374E-6    -8.898933057142426E-7    -5.601527932601318
-2.9103372033901373E-6    -1.0055669279510388E-6   -6.136491313106873
3.800700130414377E-7      -1.1076872672441698E-6   -26.80492177153288
4.4118100591580284E-7     -9.966900999158263E-7    -28.024918676891136
5.022919987901678E-7      -8.856929325874828E-7    -29.29881130292417
5.634029916645331E-7      -7.746957652591393E-7    -30.57270392895728
6.245139845388981E-7      -6.636985979307958E-7    -31.846596554988828
3.077617675943206E-7      -9.973361884423502E-7    -27.872426352698064
3.688727604686857E-7      -8.863390211140067E-7    -29.11136141571564
4.299837533430508E-7      -7.753418537856631E-7    -30.44195409177461
4.910947462174159E-7      -6.643446864573196E-7    -31.772546767833017
2.3545352214720352E-7     -8.869851096405305E-7    -28.974759338568234
2.9656451502156866E-7     -7.759879423121869E-7    -30.277744413395094
3.5767550789593377E-7     -6.649907749838434E-7    -31.60833708945316
1.6314527670008649E-7     -7.766340308387107E-7    -30.077092324438404
2.2425626957445157E-7     -6.656368635103672E-7    -31.44412741107431
9.083703125296937E-8      -6.66282952036891E-7     -31.179425310307316
6.950399882448839E-7      -7.724121625993872E-7    -30.52074419360536
6.339289953705187E-7      -8.834093299277307E-7    -29.303551617597705
5.728180024961536E-7      -9.94406497256074E-7     -28.08635904158969
5.117070096217886E-7      -1.1054036645844178E-6   -26.873055278407378
7.655659919508696E-7      -8.811257272679785E-7    -29.285051723442624
7.044549990765046E-7      -9.921228945963222E-7    -28.06785914743472
6.433440062021393E-7      -1.1031200619246655E-6   -26.854231291051473
8.360919956568553E-7      -9.8983929193657E-7      -28.049359253280343
7.749810027824902E-7      -1.1008364592649135E-6   -26.835407303696794
9.066179993628412E-7      -1.0985528566051615E-6   -26.81658331634179
-2.3015219409659736E-6    -1.109240080784581E-6    -11.758703956430963
-2.239414596621254E-6     -9.984202728567443E-7    -12.93104026230392
-2.177307252276534E-6     -8.876004649289073E-7    -14.185522649709812
-2.1151999079318145E-6    -7.767806570010705E-7    -15.44000503711523
-2.0530925635870943E-6    -6.659608490732336E-7    -16.69448742452112
-2.3729402958034107E-6    -9.986078321783319E-7    -11.538840160749476
-2.3108329514586905E-6    -8.87788024250495E-7     -12.718591670918679
-2.248725607113971E-6     -7.769682163226582E-7    -13.972536555671882
-2.1866182627692507E-6    -6.661484083948213E-7    -15.226481440424834
-2.4443586506408473E-6    -8.879755835720827E-7    -11.27260934219358
-2.382251306296127E-6     -7.771557756442459E-7    -12.503546643954095
-2.3201439619514075E-6    -6.66335967716409E-7     -13.757491528706622
-2.5157770054782844E-6    -7.773433349658337E-7    -11.006378523635323
-2.4536696611335642E-6    -6.665235270379968E-7    -12.288501616987377
-2.587195360315721E-6     -6.667110863595845E-7    -10.740147705080211
-2.650126232374966E-6     -7.790831089090104E-7    -9.60203935632829
-2.713057104434211E-6     -8.914551314584362E-7    -8.54329500776591
-2.775987976493455E-6     -1.003827154007862E-6    -7.4845506592038396
-2.8389188485527007E-6    -1.116199176557288E-6    -6.508813168262283
-2.578707877537529E-6     -8.897153575152595E-7    -9.919455966475255
-2.6416387495967738E-6    -1.0020873800646852E-6   -8.860711617912399
-2.7045696216560187E-6    -1.1144594026141112E-6   -7.83027675566908
-2.507289522700092E-6     -1.0003476061215087E-6   -10.236872576623082
-2.5702203947593367E-6    -1.1127196286709344E-6   -9.151740343077373
-2.4358711678626556E-6    -1.1109798547277578E-6   -10.473203930484171
-1.6292263944500274E-6    -1.1071458764441986E-6   -17.556443635456173
-1.5679927253770762E-6    -9.968754627616788E-7    -18.860181346469368
-1.5067590563041245E-6    -8.866050490791587E-7    -20.247761424044945
-1.4455253872311733E-6    -7.763346353966389E-7    -21.635341501620523
-1.3842917181582218E-6    -6.660642217141188E-7    -23.022921579195156
-1.701578159408497E-6     -9.967449093844383E-7    -17.68692869631934
-1.6403444903355453E-6    -8.864744957019183E-7    -19.00292339238065
-1.5791108212625938E-6    -7.762040820193983E-7    -20.40706608900855
-1.5178771521896427E-6    -6.659336683368783E-7    -21.81120878563603
-1.7739299243669662E-6    -8.863439423246779E-7    -17.791004197944346
-1.7126962552940149E-6    -7.760735286421579E-7    -19.16771272311368
-1.6514625862210635E-6    -6.65803114959638E-7     -20.5718554197409
-1.8462816893254357E-6    -7.759429752649176E-7    -17.89507969956982
-1.7850480202524842E-6    -6.656725615823975E-7    -19.332502053845662
-1.9186334542839053E-6    -6.655420082051571E-7    -17.99915520119404
-1.980740798628625E-6     -7.76361816132994E-7     -16.650141824380658
-2.0428481429733447E-6    -8.871816240608307E-7    -15.3951219343223
-2.1049554873180644E-6    -9.980014319886677E-7    -14.140102044264255
-2.1670628316627846E-6    -1.1088212399165046E-6   -12.960052226363665
-1.9083890336701553E-6    -8.867627831927543E-7    -16.606780151862946
-1.9704963780148754E-6    -9.975825911205913E-7    -15.351760261804117
-2.032603722359595E-6     -1.108402399048428E-6    -14.123267636361563
-1.836037268711686E-6     -9.971637502525147E-7    -16.563418479345135
-1.8981446130564059E-6    -1.1079835581803516E-6   -15.2864830463593
-1.7636855037532168E-6    -1.1075647173122752E-6   -16.44969845635751
-2.8669485574986066E-7    -1.1111623114955558E-6   -25.281397287298322
-2.2565012743871806E-7    -1.000116223843459E-6    -26.61714862114225
-1.6460539912757547E-7    -8.89070136191362E-7     -28.022650221850366
-1.0356067081643288E-7    -7.780240485392652E-7    -29.428151822558455
-4.251594250529026E-8     -6.669779608871682E-7    -30.833653423266533
-3.597844932135381E-7     -1.0002705757434642E-6   -26.0864735387397
-2.987397649023955E-7     -8.892244880913671E-7    -27.440698525197803
-2.3769503659125288E-7    -7.781784004392702E-7    -28.892949985745073
-1.766503082801103E-7     -6.671323127871734E-7    -30.345201446291576
-4.3287413067721553E-7    -8.893788399913723E-7    -26.907156712209883
-3.7182940236607294E-7    -7.783327523392753E-7    -28.329308706614906
-3.1078467405493035E-7    -6.672866646871786E-7    -29.781560167162173
-5.05963768140893E-7      -7.784871042392806E-7    -27.72783988567933
-4.449190398297504E-7     -6.674410165871837E-7    -29.217918888031434
-5.790534056045705E-7     -6.675953684871889E-7    -28.54852305914934
2.9792302941826797E-8     -7.77329039688988E-7     -29.72018114705072
-3.12524253693158E-8      -8.883751273410848E-7    -28.361429406181404
-9.229715368045838E-8     -9.994212149931817E-7    -27.00267766531113
-1.53341881991601E-7      -1.1104673026452786E-6   -25.669574238169186
1.0210054838894387E-7     -8.876801184908076E-7    -28.68189817299058
4.1055820077801276E-8     -9.987262061429045E-7    -27.32314643212036
-1.9988908233341316E-8    -1.1097722937950013E-6   -25.975613123550808
1.7440879383606093E-7     -9.980311972926274E-7    -27.64361519893012
1.1336406552491833E-7     -1.1090772849447243E-6   -26.281652008933627
2.46717039283178E-7       -1.108382276094447E-6    -26.587690894315912
-9.574133316275528E-7     -1.1096707864929972E-6   -22.150838379542062
-8.963592739156919E-7     -9.990773557414173E-7    -23.513174418289857
-8.353052162038308E-7     -8.884839249898372E-7    -24.955350768128916
-7.742511584919699E-7     -7.778904942382572E-7    -26.397527117967492
-7.131971007801088E-7     -6.672970634866772E-7    -27.839703467805734
-1.0305422751190965E-6    -9.988953908007175E-7    -22.632416673250937
-9.694882174072354E-7     -8.883019600491375E-7    -24.010746670688157
-9.084341596953744E-7     -7.777085292975575E-7    -25.485770376197742
-8.473801019835135E-7     -6.671150985459775E-7    -26.960794081707256
-1.10367121861064E-6      -8.881199951084378E-7    -23.10836844993652
-1.042617160898779E-6     -7.775265643568578E-7    -24.55335320304622
-9.815631031869179E-7     -6.669331336052778E-7    -26.028376908554197
-1.1768001621021836E-6    -7.773445994161583E-7    -23.58432022662132
-1.1157461043903227E-6    -6.667511686645783E-7    -25.09595973540107
-1.249929105593727E-6     -6.665692037238786E-7    -24.060272003308945
-1.3111627746666784E-6    -7.768396174063985E-7    -22.58598398584404
-1.3723964437396297E-6    -8.871100310889185E-7    -21.21496652732186
-1.433630112812581E-6     -9.973804447714384E-7    -19.843949068799205
-1.4948637818855326E-6    -1.1076508584539585E-6   -18.53541160128742
-1.238033831175135E-6     -8.876150130986782E-7    -22.17668696482929
-1.2992675002480863E-6    -9.97885426781198E-7     -20.805669506306874
-1.3605011693210376E-6    -1.108155840463718E-6    -19.457639482634164
-1.1649048876835913E-6    -9.983904087909577E-7    -21.76738994381586
-1.2261385567565428E-6    -1.1086608224734777E-6   -20.379867363981223
-1.0917759441920478E-6    -1.1091658044832375E-6   -21.302095245327966
-6.401074633164315E-7     -7.781887992387689E-7    -27.033439515229855
-7.011615210282924E-7     -8.887822299903488E-7    -25.624110521061308
-7.622155787401533E-7     -9.993756607419288E-7    -24.214781526892722
-8.232696364520145E-7     -1.1099690914935089E-6   -22.85112971439814
-5.670178258527539E-7     -8.890805349908606E-7    -26.280683349706024
-6.280718835646149E-7     -9.996739657424405E-7    -24.871354355538394
-6.89125941276476E-7      -1.1102673964940206E-6   -23.47985542517251
-4.939281883890766E-7     -9.999722707429522E-7    -25.527927184183813
-5.549822461009376E-7     -1.1105657014945323E-6   -24.10858113594832
-4.208385509253991E-7     -1.110864006495044E-6    -24.737306846723193
9.803968790759574E-7      -1.2086236869730345E-6   -25.745729123994902
8.487598824956065E-7      -1.2109072896327863E-6   -25.83900197297491
7.171228859152555E-7      -1.2131908922925386E-6   -25.858150053530913
5.854858893349047E-7      -1.2154744949522906E-6   -25.877298134087077
4.538488927545539E-7      -1.2177580976120429E-6   -25.819615885879795
9.225387622087227E-7      -1.3209781200006594E-6   -24.812244248997814
7.909017656283717E-7      -1.3232617226604114E-6   -24.85850409638642
6.59264769048021E-7       -1.3255453253201637E-6   -24.877652176942345
5.276277724676702E-7      -1.3278289279799157E-6   -24.869222287716518
8.64680645341488E-7       -1.4333325530282845E-6   -23.878759374001596
7.330436487611372E-7      -1.4356161556880365E-6   -23.878006219796497
6.014066521807863E-7      -1.4378997583477888E-6   -23.91882868955269
8.068225284742534E-7      -1.5456869860559096E-6   -22.945274499004633
6.751855318939026E-7      -1.5479705887156618E-6   -22.968435091389683
7.489644116070188E-7      -1.6580414190835347E-6   -22.049617175629905
1.0500873247283032E-6     -1.3140584217629906E-6   -24.667877295008758
9.922292078610685E-7      -1.4264128547906157E-6   -23.781405421604966
9.34371090993834E-7       -1.5387672878182408E-6   -22.894933548200974
8.765129741265993E-7      -1.6511217208458661E-6   -22.004073617108467
1.119777770380649E-6      -1.4194931565529472E-6   -23.664150234448194
1.0619196535134146E-6     -1.5318475895805725E-6   -22.777678361044075
1.00406153664618E-6       -1.6442020226081974E-6   -21.889355697279797
1.189468216032995E-6      -1.5249278913429036E-6   -22.660423173887764
1.1316100991657605E-6     -1.6372823243705289E-6   -21.774637777451673
1.259158661685341E-6      -1.6303626261328603E-6   -21.65991985762371
1.3347527628463073E-6     -1.7433250492001569E-6   -20.75253260549014
1.207204200326727E-6      -1.7502447474378252E-6   -20.917384428385443
1.079655637807146E-6      -1.7571644456754937E-6   -21.029565080884908
9.521070752875656E-7      -1.7640841439131624E-6   -21.141745733384216
8.24558512767985E-7       -1.7710038421508312E-6   -21.194611493009088
1.282798301487693E-6      -1.863207170505122E-6    -20.04208011120302
1.1552497389681123E-6     -1.8701268687427905E-6   -20.17162525485035
1.0277011764485318E-6     -1.877046566980459E-6    -20.283805907350047
9.001526139289513E-7      -1.8839662652181275E-6   -20.375846478415305
1.2308438401290786E-6     -1.983089291810087E-6    -19.33162761691528
1.103295277609498E-6      -1.990008990047755E-6    -19.425866081315384
9.757467150899176E-7      -1.996928688285424E-6    -19.55708146382132
1.1788893787704644E-6     -2.102971413115052E-6    -18.621175122628326
1.051340816250884E-6      -2.1098911113527206E-6   -18.73831644922773
1.1269349174118502E-6     -2.222853534420017E-6    -17.96005498092855
1.5811344076162374E-6     -2.089479448388314E-6    -17.899584538220026
1.5195389964237547E-6     -2.0029408485912746E-6   -18.612172937510813
1.457943585231272E-6      -1.9164022487942354E-6   -19.308069103372155
1.3963481740387898E-6     -1.829863648997196E-6    -20.003965269233653
1.4675845350651403E-6     -2.1228229698962397E-6   -17.93008700159288
1.4059891238726578E-6     -2.0362843700992004E-6   -18.632923288333107
1.3443937126801753E-6     -1.949745770302161E-6    -19.328819454194054
1.3540346625140438E-6     -2.1561664914041655E-6   -17.96058946496632
1.2924392513215611E-6     -2.0696278916071262E-6   -18.653673639154324
1.2404847899629469E-6     -2.1895100129120913E-6   -17.9910919283395
1.6934798175025357E-6     -2.1848486055261865E-6   -17.172141312766342
1.692275354837737E-6      -2.313561284171985E-6    -16.527619929006796
1.6910708921729388E-6     -2.4422739628177833E-6   -15.883098545247055
1.6898664295081404E-6     -2.5709866414635817E-6   -15.238577161487058
1.688661966843342E-6      -2.69969932010938E-6     -14.666029088157604
1.8165641398944818E-6     -2.2210291534057353E-6   -16.604979963790125
1.8153596772296833E-6     -2.3497418320515337E-6   -15.975088625573582
1.814155214564885E-6      -2.478454510697332E-6    -15.34519728735689
1.8129507519000867E-6     -2.607167189343131E-6    -14.759981388419565
1.9396484622864283E-6     -2.257209701285284E-6    -16.049163601609123
1.93844399962163E-6       -2.3859223799310826E-6   -15.419272263392699
1.9372395369568314E-6     -2.514635058576881E-6    -14.80590060944136
2.0627327846783744E-6     -2.293390249164833E-6    -15.493347239428049
2.061528322013576E-6      -2.4221029278106315E-6   -14.851819830463631
2.185817107070321E-6      -2.329570797044382E-6    -14.897739051485585
1.5799299449514388E-6     -2.2181921270341123E-6   -17.22374087548623
1.4663800724003418E-6     -2.251535648542038E-6    -17.263995451411404
1.3528301998492451E-6     -2.284879170049964E-6    -17.304250027336423
1.2392803272981484E-6     -2.3182226915578897E-6   -17.297426575140413
1.5787254822866403E-6     -2.3469048056799107E-6   -16.564589446183763
1.4651756097355436E-6     -2.3802483271878365E-6   -16.604844022108896
1.351625737184447E-6      -2.4135918486957623E-6   -16.63705720400572
1.5775210196218419E-6     -2.4756174843257087E-6   -15.90543801688088
1.4639711470707452E-6     -2.508961005833635E-6    -15.976687832871447
1.5763165569570437E-6     -2.604330162971508E-6    -15.31631846173725
2.1912814303326496E-6     -2.8216869105307485E-6   -12.890009006010995
2.1899153495170675E-6     -2.698657882159157E-6    -13.364429375710012
2.188549268701485E-6      -2.575628853787565E-6    -13.862268659047118
2.1871831878859025E-6     -2.4525998254159734E-6   -14.360107942385481
2.065626564460323E-6      -2.7911900129254066E-6   -13.345165633999544
2.06426048364474E-6       -2.6681609845538148E-6   -13.844505193039344
2.062894402829158E-6      -2.545131956182223E-6    -14.342344476377237
1.939971698587996E-6      -2.7606931153200643E-6   -13.800322261987858
1.9386056177724135E-6     -2.6376640869484725E-6   -14.324581010369048
1.8143168327156687E-6     -2.7301962177147224E-6   -14.25547888997637
2.2608107452725967E-6     -2.950137488488744E-6    -12.284243093322122
2.1351558794002697E-6     -2.919640590883402E-6    -12.742612179283798
2.0095010135279427E-6     -2.8891436932780597E-6   -13.172849617931723
1.8838461476556159E-6     -2.8586467956727174E-6   -13.60308705657902
1.758191281783289E-6      -2.828149898067376E-6    -14.008138441914902
2.204685194340217E-6      -3.0480911688413975E-6   -12.139738189410124
2.07903032846789E-6       -3.017594271236055E-6    -12.571796438918591
1.9533754625955628E-6     -2.9870973736307133E-6   -13.002033877566122
1.8277205967232362E-6     -2.9566004760253714E-6   -13.425197466863924
2.148559643407837E-6      -3.1460448491940506E-6   -11.995233285497815
2.02290477753551E-6       -3.1155479515887083E-6   -12.400980698552566
1.897249911663183E-6      -3.085051053983367E-6    -12.842256491812517
2.092434092475457E-6      -3.2439985295467045E-6   -11.850728381586094
1.96677922660313E-6       -3.2135016319413627E-6   -12.259315516761621
2.036308541543077E-6      -3.3419522098993577E-6   -11.716491300915008
2.3497264598846714E-6     -3.0401056300823606E-6   -11.740161321177785
2.293600908952291E-6      -3.138059310435014E-6    -11.621967253719708
2.237475358019911E-6      -3.2360129907876673E-6   -11.503773186261267
2.1813498070875317E-6     -3.3339666711403213E-6   -11.370945676900554
2.4386421744967456E-6     -3.130073771675977E-6    -11.224211196348781
2.3825166235643657E-6     -3.228027452028631E-6    -11.106017128890459
2.3263910726319858E-6     -3.325981132381284E-6    -10.981289641136367
2.52755788910882E-6       -3.2200419132695936E-6   -10.708261071519287
2.4714323381764403E-6     -3.317995593622247E-6    -10.591633605371904
2.616473603720895E-6      -3.3100100548632108E-6   -10.201977569607955
2.408916579906663E-6      -3.899303142375452E-6    -9.667378527186823
2.4794362377784E-6        -3.7798474171211966E-6   -9.680119593994775
2.5499558956501375E-6     -3.660391691866941E-6    -9.700976787699926
2.6204755535218742E-6     -3.540935966612685E-6    -9.72183398140496
2.690995211393612E-6      -3.4214802413584296E-6   -9.742691175109993
2.334394972233946E-6      -3.7878329558802334E-6   -10.053417407627466
2.404914630105683E-6      -3.6683772306259778E-6   -10.07456583436848
2.47543428797742E-6       -3.5489215053717217E-6   -10.120258620420794
2.5459539458491573E-6     -3.429465780117466E-6    -10.165951406473214
2.2598733645612285E-6     -3.6763627693850146E-6   -10.463259783702753
2.3303930224329656E-6     -3.5569070441307585E-6   -10.501814634578153
2.400912680304703E-6      -3.4374513188765033E-6   -10.547507420630623
2.1853517568885115E-6     -3.5648925828897953E-6   -10.87310215977812
2.2558714147602486E-6     -3.4454368576355393E-6   -10.92906343478809
2.1108301492157945E-6     -3.453422396394577E-6    -11.282944535853723
2.5446175065357284E-6     -3.9048270788342E-6      -9.295650859680734
2.6803184331647935E-6     -3.910351015292948E-6    -8.895304225929454
2.816019359793859E-6      -3.915874951751696E-6    -8.494957592178135
2.9517202864229246E-6     -3.921398888210444E-6    -8.09461095842709
2.6151371644074655E-6     -3.7853713535799444E-6   -9.303257559363233
2.750838091036531E-6      -3.790895290038692E-6    -8.893592964894987
2.8865390176655957E-6     -3.79641922649744E-6     -8.483928370426845
2.6856568222792026E-6     -3.6659156283256887E-6   -9.299279160720696
2.821357748908268E-6      -3.6714395647844364E-6   -8.889614566252686
2.7561764801509398E-6     -3.5464599030714326E-6   -9.295300762078579
2.8347088894229E-6        -4.355736906484157E-6    -8.018973744224994
2.8978869703301724E-6     -4.248533386030415E-6    -7.933914636046598
2.9610650512374444E-6     -4.141329865576674E-6    -7.848855527868085
3.0242431321447172E-6     -4.034126345122933E-6    -7.763796419689651
2.6990079627938344E-6     -4.350212970025408E-6    -8.40539148562555
2.762186043701107E-6      -4.243009449571667E-6    -8.317119197590712
2.825364124608379E-6      -4.135805929117926E-6    -8.248406045811352
2.8885422055156513E-6     -4.028602408664185E-6    -8.17969289403212
2.6264851170720413E-6     -4.237485513112919E-6    -8.714684761813583
2.6896631979793137E-6     -4.130281992659178E-6    -8.639434718845614
2.752841278886586E-6      -4.023078472205437E-6    -8.570721567066354
2.5539622713502486E-6     -4.12475805620043E-6     -9.023978038001658
2.6171403522575206E-6     -4.0175545357466886E-6   -8.961750240100802
2.4814394256284555E-6     -4.012030599287941E-6    -9.333271314189457
3.0926352668863137E-6     -4.144526134532819E-6    -7.44011802030564
3.029457185979041E-6      -4.25172965498656E-6     -7.541523084883436
2.9662791050717685E-6     -4.358933175440301E-6    -7.642928149461329
2.9031010241644964E-6     -4.4661366958940426E-6   -7.739096368784055
3.1610274016279103E-6     -4.254925923942705E-6    -7.141307422230482
3.097849320720638E-6      -4.362129444396446E-6    -7.242712486808262
3.0346712398133654E-6     -4.469332964850188E-6    -7.342820160148365
3.2294195363695068E-6     -4.365325713352591E-6    -6.842496824154823
3.1662414554622348E-6     -4.472529233806333E-6    -6.9465439515124014
3.2978116711111037E-6     -4.475725502762478E-6    -6.550267742876791
3.1241730204527743E-6     -4.788372439731303E-6    -6.970666020962833
3.1820525706722173E-6     -4.684156794075027E-6    -6.8327271005332
3.2399321208916607E-6     -4.5799411484187525E-6   -6.694788180103643
3.050482355023348E-6      -4.680960525118882E-6    -7.225063855151453
3.1083619052427918E-6     -4.5767448794626075E-6   -7.0871249347219205
2.976791689593922E-6      -4.573548610506462E-6    -7.479461689340151
-3.910379521405825E-6     -1.5879221544973394E-6   3.846523482434327
-3.856981756318944E-6     -1.4895898646607926E-6   3.445148360891422
-3.803583991232063E-6     -1.3912575748242456E-6   3.0282484239021197
-3.7501862261451814E-6    -1.2929252849876986E-6   2.6113484869135246
-3.6967884610583007E-6    -1.1945929951511518E-6   2.194448549923986
-4.005164452706641E-6     -1.4857502662814926E-6   4.8938260270219125
-3.95176668761976E-6      -1.3874179764449458E-6   4.499784742204263
-3.898368922532878E-6     -1.2890856866083988E-6   4.111701709613999
-3.8449711574459975E-6    -1.1907533967718518E-6   3.723618677023262
-4.099949384007456E-6     -1.3835783780656456E-6   5.976462731133529
-4.046551618920575E-6     -1.2852460882290986E-6   5.590779173960822
-3.993153853833694E-6     -1.1869137983925518E-6   5.202696141370339
-4.1947343153082725E-6    -1.2814064898497988E-6   7.059099435245617
-4.141336550221391E-6     -1.1830742000132518E-6   6.681773605718796
-4.289519246609088E-6     -1.1792346016339518E-6   8.141736139358965
-4.7614270640835875E-6    -1.4375337462727165E-6   11.514620913535575
-4.645993292585195E-6     -1.5167978070046722E-6   10.294468295779316
-4.530559521086802E-6     -1.596061867736628E-6    9.074315678023405
-4.415125749588409E-6     -1.6753259284685842E-6   7.919706764689488
-4.6382878996655675E-6    -1.3672320032420523E-6   10.704800212749634
-4.5228541281671755E-6    -1.4464960639740083E-6   9.484647594993696
-4.4074203566687826E-6    -1.5257601247059641E-6   8.276328937675581
-4.515148735247549E-6     -1.2969302602113884E-6   9.894979511964651
-4.399714963749156E-6     -1.3761943209433446E-6   8.63295111066128
-4.39200957082953E-6      -1.226628517180725E-6    8.989573283647609
-4.012869845626267E-6     -1.6353160700441123E-6   4.625549294277822
-4.1076547769270826E-6    -1.5331441818282655E-6   5.671150826713956
-4.202439708227898E-6     -1.4309722936124185E-6   6.745429803181024
-4.297224639528714E-6     -1.3288004053965715E-6   7.819708779648877
-4.115360169846709E-6     -1.6827099855908852E-6   5.380133275068387
-4.210145101147525E-6     -1.5805380973750382E-6   6.4425173741798725
-4.30493003244834E-6      -1.4783662091591914E-6   7.516796350647334
-4.217850494067151E-6     -1.730103901137658E-6    6.1347172558594245
-4.3126354253679664E-6    -1.627932012921811E-6    7.213883921645371
-4.320340818287593E-6     -1.777497816684431E-6    6.889301236651404
-3.787407575038253E-6     -1.6184595940258538E-6   2.7907341340998606
-3.66443562867068E-6      -1.6489970335543682E-6   1.7345615471199096
-3.5414636823031083E-6    -1.6795344730828826E-6   0.6783889601403517
-3.4184917359355358E-6    -1.7100719126113972E-6   -0.37778362683983524
-3.2955197895679633E-6    -1.7406093521399116E-6   -1.3869330397269504
-3.7340098099513714E-6    -1.520127304189307E-6    2.385622765911145
-3.611037863583799E-6     -1.5506647437178214E-6   1.289739120487466
-3.488065917216227E-6     -1.5812021832463358E-6   0.19385547506436288
-3.3650939708486547E-6    -1.6117396227748504E-6   -0.8432630984739291
-3.6806120448644903E-6    -1.42179501435276E-6     1.9399059245237615
-3.557640098496918E-6     -1.4523324538812744E-6   0.8440222791005412
-3.434668152129346E-6     -1.4828698934097888E-6   -0.22413323070757604
-3.627214279777609E-6     -1.3234627245162132E-6   1.4941890831366664
-3.504242333410037E-6     -1.3540001640447276E-6   0.3949966370590131
-3.5738165146907287E-6    -1.2251304346796664E-6   1.014126504826546
-3.0377184182730985E-6    -1.242473030828354E-6    -4.3316328206544785
-3.171742942377506E-6     -1.238137381791182E-6    -2.9845545523228054
-3.305767466481913E-6     -1.23380173275401E-6     -1.6631094455812616
-3.4397919905863205E-6    -1.2294660837168382E-6   -0.34166433884016967
-3.1021687610968144E-6    -1.3670071111562433E-6   -3.5760653101682447
-3.2361932852012217E-6    -1.3626714621190714E-6   -2.251202377077597
-3.37021780930563E-6      -1.3583358130818996E-6   -0.9297572703362792
-3.1666191039205307E-6    -1.4915411914841328E-6   -2.8204977996815392
-3.300643628024938E-6     -1.4872055424469606E-6   -1.5178502018333544
-3.231069446744247E-6     -1.6160752718120222E-6   -2.0649302891960133
-2.6174273384288074E-6    -1.6658491723482164E-6   -7.054817855863405
-2.6885954858329227E-6    -1.556267127978666E-6    -6.712964312093678
-2.759763633237037E-6     -1.4466850836091156E-6   -6.342236063789482
-2.8309317806411522E-6    -1.3371030392395653E-6   -5.971507815484263
-2.902099928045267E-6     -1.2275209948700149E-6   -5.60077956718046
-2.753045828656639E-6     -1.6808012083065554E-6   -5.928025214451327
-2.8242139760607537E-6    -1.5712191639370048E-6   -5.57517110326552
-2.8953821234648685E-6    -1.4616371195674545E-6   -5.169202729591816
-2.9665502708689833E-6    -1.352055075197904E-6    -4.763234355918247
-2.8886643188844696E-6    -1.6957532442648945E-6   -4.786648001348685
-2.959832466288585E-6     -1.5861711998953439E-6   -4.3914198838645575
-3.0310006136927E-6       -1.4765891555257937E-6   -3.985451510190763
-3.024282809112301E-6     -1.7107052802232335E-6   -3.645270788244549
-3.095450956516416E-6     -1.601123235853683E-6    -3.207668664463099
-3.159901299340132E-6     -1.7256573161815725E-6   -2.5038935751411993
-2.5542462589362407E-6    -1.5545273540354894E-6   -7.923266799631994
-2.491065179443674E-6     -1.443205535722762E-6    -8.861001118129353
-2.427884099951107E-6     -1.3318837174100351E-6   -9.798735436626712
-2.3647030204585404E-6    -1.220561899097308E-6    -10.736469755124151
-2.625414406340356E-6     -1.4449453096659388E-6   -7.598284394689537
-2.562233326847789E-6     -1.3336234913532117E-6   -8.529562487859051
-2.499052247355222E-6     -1.2223016730404845E-6   -9.460840581029105
-2.6965825537444702E-6    -1.3353632652963883E-6   -7.26279627175543
-2.6334014742519035E-6    -1.2240414469836613E-6   -8.194074364924349
-2.7677507011485855E-6    -1.225781220926838E-6    -6.927308148819349
3.2181337289441226E-7     -1.2193806093755464E-6   -25.69453383430715
1.8846039913615253E-7     -1.2200756182258235E-6   -25.469907283662728
5.510742537789283E-8      -1.2207706270761007E-6   -25.178298279707214
-7.824554838036681E-8     -1.2214656359263777E-6   -24.886689275751458
-2.1159852213862647E-7    -1.2221606447766552E-6   -24.511821103913476
2.6355673274738674E-7     -1.3310739515069229E-6   -24.636274986606438
1.3020375898912703E-7     -1.3317689603571999E-6   -24.369765003562076
-3.1492147691326102E-9    -1.3324639692074773E-6   -24.078155999606444
-1.3650218852739226E-7    -1.3331589780577544E-6   -23.757129923863705
2.053000926003613E-7      -1.4427672936382993E-6   -23.578016138905404
7.19471188421016E-8       -1.4434623024885763E-6   -23.26962272346086
-6.140585491615805E-8     -1.4441573113388535E-6   -23.00243874381322
1.470434524533358E-7      -1.554460635769676E-6    -22.5197572912049
1.3690478695076155E-8     -1.5551556446199531E-6   -22.247747563763905
8.878681230631036E-8      -1.6661539779010523E-6   -21.512868347198538
2.2082233216645206E-7     -1.6645314661375487E-6   -21.689436889027633
3.5285785202659375E-7     -1.6629089543740452E-6   -21.79799901559086
4.848933718867354E-7      -1.6612864426105416E-6   -21.906561142152533
6.169288917468771E-7      -1.6596639308470382E-6   -22.015123268716025
2.7907897231347753E-7     -1.5528381240061723E-6   -22.693659311213047
4.111144921736192E-7      -1.5512156122426685E-6   -22.80889348733209
5.431500120337609E-7      -1.5495931004791652E-6   -22.92412766345207
3.3733561246050295E-7     -1.4411447818747957E-6   -23.710034726513918
4.693711323206447E-7      -1.4395222701112923E-6   -23.825268902633425
3.955922526075284E-7      -1.329451439743419E-6    -24.726410141815727
-1.9393212916725823E-6    -1.653138314441947E-6    -12.23371350893118
-1.8773023122280714E-6    -1.5439398268423973E-6   -13.227343806591271
-1.8152833327835604E-6    -1.4347413392428475E-6   -14.288831352877182
-1.7532643533390493E-6    -1.325542851643298E-6    -15.350318899162623
-1.6912453738945385E-6    -1.2163443640437483E-6   -16.411806445447354
-2.0117614215312604E-6    -1.544358667710474E-6    -12.166504836901485
-1.9497424420867495E-6    -1.435160180110924E-6    -13.171215265195572
-1.8877234626422385E-6    -1.3259616925113744E-6   -14.240590212092567
-1.8257044831977274E-6    -1.2167632049118247E-6   -15.309965158989876
-2.084201551389939E-6     -1.4355790209790005E-6   -12.076100246801635
-2.022182571945428E-6     -1.3263805333794508E-6   -13.125817609637894
-1.960163592500917E-6     -1.217182045779901E-6    -14.195192556535337
-2.156641681248617E-6     -1.3267993742475274E-6   -11.985695656702099
-2.094622701804106E-6     -1.2176008866479777E-6   -13.080419954080527
-2.2290818111072955E-6    -1.218019727516054E-6    -11.895291066603036
-2.292262890599862E-6     -1.3293415458287813E-6   -10.880744237756337
-2.3554439700924286E-6    -1.4406633641415082E-6   -9.936553693930888
-2.4186250495849954E-6    -1.5519851824542351E-6   -8.992363150105124
-2.4818061290775626E-6    -1.6633070007669625E-6   -8.111694327690753
-2.2198227607411838E-6    -1.4381211925602543E-6   -11.016155762397101
-2.2830038402337505E-6    -1.5494430108729817E-6   -10.071965218571652
-2.3461849197263173E-6    -1.6607648291857086E-6   -9.151518436019392
-2.1473826308825057E-6    -1.5469008392917276E-6   -11.15156728703911
-2.2105637103750725E-6    -1.6582226576044546E-6   -10.191342544349606
-2.074942501023827E-6     -1.655680486023201E-6    -11.231166652678796
-1.258451130814557E-6     -1.6578012328108721E-6   -16.531563518635952
-1.1982435709771562E-6    -1.5481751435472972E-6   -17.587576806817474
-1.1380360111397552E-6    -1.438549054283722E-6    -18.709094164722302
-1.0778284513023544E-6    -1.328922965020147E-6    -19.830611522627443
-1.0176208914649536E-6    -1.219296875756572E-6    -20.952128880532037
-1.3326061835416511E-6    -1.5476701615375374E-6   -16.751359538239832
-1.2723986237042502E-6    -1.4380440722739625E-6   -17.818439264345216
-1.2121910638668494E-6    -1.3284179830103873E-6   -18.960992032181665
-1.1519835040294486E-6    -1.2187918937468122E-6   -20.103544800018742
-1.4067612362687451E-6    -1.4375390902642026E-6   -16.959473596459645
-1.3465536764313444E-6    -1.3279130010006277E-6   -18.078256706996477
-1.2863461165939436E-6    -1.2182869117370528E-6   -19.22080947483243
-1.4809162889958391E-6    -1.3274080189908679E-6   -17.167587654677494
-1.4207087291584384E-6    -1.217781929727293E-6    -18.338074149645852
-1.5550713417229334E-6    -1.2172769477175334E-6   -17.375701712897545
-1.617090321167444E-6     -1.326475435317083E-6    -16.242464455662265
-1.679109300611955E-6     -1.4356739229166325E-6   -15.188864309988617
-1.7411282800564664E-6    -1.5448724105161822E-6   -14.135264164315123
-1.8031472595009774E-6    -1.654070898115732E-6    -13.135747792013778
-1.54293526844035E-6      -1.4366065065904176E-6   -16.086053781873115
-1.6049542478848613E-6    -1.5458049941899673E-6   -15.03245363620017
-1.6669732273293722E-6    -1.655003481789517E-6    -13.998386977435274
-1.468780215713256E-6     -1.5467375778637523E-6   -15.929643108085669
-1.530799195157767E-6     -1.655936065463302E-6    -14.861026162858497
-1.394625162986162E-6     -1.656868649137087E-6    -15.723665348280306
-5.826182304356888E-7     -1.6639612508699955E-6   -19.66709646194973
-5.234335554985231E-7     -1.5534014629951077E-6   -20.72837221243369
-4.6424888056135754E-7    -1.4428416751202194E-6   -21.84999569528518
-4.0506420562419193E-7    -1.3322818872453316E-6   -22.971619178136493
-3.4587953068702627E-7    -1.2217220993704436E-6   -24.09324266098758
-6.575772506740615E-7     -1.553103157994596E-6    -20.161407906444964
-5.983925757368959E-7     -1.442543370119708E-6    -21.236264972304024
-5.392079007997303E-7     -1.33198358224482E-6     -22.390657539798053
-4.800232258625647E-7     -1.2214237943699319E-6   -23.545050107291885
-7.325362709124344E-7     -1.442245065119196E-6    -20.66035441570807
-6.733515959752687E-7     -1.331685277244308E-6    -21.789778946893
-6.141669210381031E-7     -1.2211254893694202E-6   -22.944171514387076
-8.074952911508072E-7     -1.3313869722437965E-6   -21.159300924971284
-7.483106162136416E-7     -1.2208271843689084E-6   -22.34329292148161
-8.824543113891801E-7     -1.2205288793683967E-6   -21.658247434235577
-9.426618712265808E-7     -1.3301549686319716E-6   -20.473598591920855
-1.0028694310639816E-6    -1.4397810578955467E-6   -19.37311664394804
-1.0630769909013824E-6    -1.5494071471591216E-6   -18.27263469597507
-1.1232845507387834E-6    -1.6590332364226967E-6   -17.214181924766503
-8.67702850988208E-7      -1.4410130615073716E-6   -20.02921954798235
-9.279104108256088E-7     -1.5506391507709465E-6   -18.92873760000946
-9.881179706630096E-7     -1.6602652400345214E-6   -17.843922984490945
-7.927438307498352E-7     -1.551871154382771E-6    -19.58484050404494
-8.529513905872361E-7     -1.661497243646346E-6    -18.4736640442157
-7.177848105114624E-7     -1.6627292472581709E-6   -19.10340510394061
-2.707831970757921E-7     -1.332720432651543E-6    -23.33970753782325
-3.2996787201295764E-7    -1.4432802205264308E-6   -22.250853139614563
-3.891525469501233E-7     -1.5538400084013186E-6   -21.16199874140631
-4.483372218872889E-7     -1.6643997962762069E-6   -20.10110637075988
-1.9568686346455784E-7    -1.4437187659326422E-6   -22.638858453867904
-2.548715384017235E-7     -1.5542785538075304E-6   -21.550004055659283
-3.140562133388891E-7     -1.6648383416824182E-6   -20.472332355452522
-1.2059052985332366E-7    -1.5547170992137416E-6   -21.938009369913438
-1.797752047904893E-7     -1.6652768870886294E-6   -20.843558340145513
-4.549419624208946E-8     -1.665715432494841E-6    -21.214784324838675
6.946122518504022E-7      -1.7724307713211514E-6   -21.22810100559945
5.625767319902605E-7      -1.7740532830846547E-6   -21.18598086370232
4.305412121301187E-7      -1.775675794848158E-6    -21.084090786696233
2.9850569226997707E-7     -1.7772983066116619E-6   -20.98220070969023
1.664701724098354E-7      -1.7789208183751657E-6   -20.81481481174066
6.402600920937855E-7      -1.886820123558768E-6    -20.444183514472062
5.082245722336438E-7      -1.8884426353222714E-6   -20.36470161424335
3.7618905237350213E-7     -1.8900651470857752E-6   -20.262811537237422
2.4415353251336044E-7     -1.8916876588492786E-6   -20.13853333492029
5.859079323371688E-7      -2.0012094757963848E-6   -19.660266023344832
4.5387241247702713E-7     -2.002831987559888E-6    -19.543422364784057
3.2183689261688544E-7     -2.004454499323392E-6    -19.462251858099172
5.315557725805521E-7      -2.1155988280340017E-6   -18.876348532217662
3.9952025272041056E-7     -2.117221339797505E-6    -18.785970381278993
4.772036128239356E-7      -2.229988180271618E-6    -18.13376263981757
6.071498737415185E-7      -2.2285612511012982E-6   -18.155092342112805
7.370961346591014E-7      -2.227134321930978E-6    -18.119230848626838
8.670423955766842E-7      -2.2257073927606575E-6   -18.0833693551413
9.969886564942673E-7      -2.224280463590337E-6    -18.047507861655156
6.615020334981351E-7      -2.1141718988636813E-6   -18.895629401747126
7.91448294415718E-7       -2.112744969693361E-6    -18.862594931389726
9.213945553333008E-7      -2.1113180405230405E-6   -18.829560461032163
7.158541932547517E-7      -1.9997825466260644E-6   -19.642185134542423
8.458004541723348E-7      -1.998355617455744E-6    -19.609150664185098
7.702063530113684E-7      -1.8853931943884477E-6   -20.38874086733803
1.085720440951938E-6      -2.3399786046437386E-6   -17.38282440467986
9.55774180034355E-7       -2.3414055338140586E-6   -17.45825698129779
8.25827919116772E-7       -2.3428324629843786E-6   -17.496945497911735
6.95881658199189E-7       -2.344259392154699E-6    -17.535634014525993
5.659353972816063E-7      -2.3456863213250193E-6   -17.522845599274692
1.0445059644920257E-6     -2.4571036748674597E-6   -16.82662969292108
9.145597035744426E-7      -2.45853060403778E-6     -16.871468497163875
7.846134426568598E-7      -2.4599575332081E-6      -16.910157013778207
6.546671817392769E-7      -2.4613844623784205E-6   -16.93358511231864
1.0032914880321134E-6     -2.5742287450911812E-6   -16.270434981162303
8.733452271145305E-7      -2.575655674261501E-6    -16.284680013029934
7.433989661969476E-7      -2.5770826034318216E-6   -16.344324625362034
9.620770115722013E-7      -2.6913538153149023E-6   -15.714240269403234
8.321307506546184E-7      -2.6927807444852227E-6   -15.755064138405807
9.20862535112289E-7       -2.808478885538624E-6    -15.200006359810482
1.198065850838236E-6      -2.4353477617816112E-6   -16.724747607635585
1.156851374378324E-6      -2.5524728320053323E-6   -16.199146668251796
1.1156368979184119E-6     -2.669597902229054E-6    -15.673545728867932
1.0744224214584995E-6     -2.7867229724527754E-6   -15.153965271190398
1.3104112607245346E-6     -2.530716918919484E-6    -16.10341487059456
1.2691967842646222E-6     -2.6478419891432054E-6   -15.577813931210612
1.2279823078047101E-6     -2.7649670593669265E-6   -15.053603936646004
1.422756670610833E-6      -2.626086076057356E-6    -15.482082133553694
1.3815421941509207E-6     -2.7432111462810775E-6   -14.953242602101593
1.5351020804971313E-6     -2.721455233195229E-6    -14.852881267557184
1.3299844115375151E-6     -3.3313828017936883E-6   -12.959554406118457
1.4017199225986805E-6     -3.205046105456827E-6    -13.280022688491842
1.4734554336598458E-6     -3.078709409119965E-6    -13.620992444726635
1.5451909447210112E-6     -2.952372712783103E-6    -13.961962200961505
1.6169264557821766E-6     -2.826036016446242E-6    -14.302931957196375
1.2481600362524699E-6     -3.2268020185426755E-6   -13.386040486321512
1.3198955473136352E-6     -3.1004653222058138E-6   -13.718356487989297
1.3916310583748006E-6     -2.974128625868952E-6    -14.09390870486005
1.463366569435966E-6      -2.8477919295320903E-6   -14.469460921730894
1.1663356609674246E-6     -3.1222212352916627E-6   -13.836357420479182
1.23807117202859E-6       -2.995884538954801E-6    -14.198899576291836
1.3098066830897554E-6     -2.8695478426179393E-6   -14.574451793162666
1.0845112856823794E-6     -3.0176404520406494E-6   -14.28667435463679
1.1562467967435448E-6     -2.8913037557037877E-6   -14.679442664594305
1.0026869103973342E-6     -2.9130596687896366E-6   -14.736991288794359
1.4712492375386276E-6     -3.3334966834148224E-6   -12.750510718222156
1.61251406353974E-6       -3.335610565035956E-6    -12.50049891695236
1.7537788895408524E-6     -3.33772444665709E-6     -12.25048711568203
1.8950437155419649E-6     -3.339838328278224E-6    -12.000475314412348
1.542984748599793E-6      -3.2071599870779607E-6   -13.063790501806873
1.6842495746009052E-6     -3.2092738686990944E-6   -12.805349026316636
1.8255144006020177E-6     -3.211387750320228E-6    -12.546907550826164
1.6147202596609581E-6     -3.0808232907410986E-6   -13.370177797405534
1.7559850856620706E-6     -3.082937172362233E-6    -13.111736321915235
1.6864557707221237E-6     -2.954486594404237E-6    -13.676565093004433
1.7066723989329563E-6     -3.895028516174766E-6    -11.099275716853498
1.7725996274549806E-6     -3.784413254919685E-6    -11.21099012531787
1.8385268559770046E-6     -3.673797993664603E-6    -11.336367006080913
1.9044540844990289E-6     -3.563182732409521E-6    -11.46174388684413
1.970381313021053E-6      -3.4525674711544396E-6   -11.587120767606995
1.631334801453868E-6      -3.7822993732985507E-6   -11.446589910831268
1.6972620299758923E-6     -3.6716841120434688E-6   -11.566192968646062
1.7631892584979164E-6     -3.561068850788387E-6    -11.717085928793045
1.8291164870199406E-6     -3.450453589533305E-6    -11.867978888940021
1.5559972039747798E-6     -3.669570230422335E-6    -11.817470446047878
1.6219244324968039E-6     -3.558954969167253E-6    -11.958668055842605
1.6878516610188281E-6     -3.4483397079121717E-6   -12.109561015989744
1.4806596064956916E-6     -3.5568410875461195E-6   -12.188350981264469
1.5465868350177156E-6     -3.4462258262910376E-6   -12.351143143039613
1.4053220090166033E-6     -3.444111944669904E-6    -12.559231516481159
2.04490292069377E-6       -3.564037657649658E-6    -11.155408821382968
1.9789756921717456E-6     -3.67465291890474E-6     -11.055548020003782
1.9130484636497216E-6     -3.7852681801598218E-6   -10.955687218624606
1.8471212351276975E-6     -3.895883441414904E-6    -10.848247453235867
2.119424528366487E-6      -3.6755078441448772E-6   -10.762972869441784
2.053497299844463E-6      -3.786123105399959E-6    -10.66311206806267
1.987570071322439E-6      -3.89673836665504E-6     -10.561262737650267
2.193946136039204E-6      -3.786978030640096E-6    -10.370536917500745
2.1280189075171804E-6     -3.8975932918951775E-6   -10.274278022064394
2.268467743711922E-6      -3.898448217135315E-6    -9.987293306478756
2.146396721224105E-6      -4.342138114613274E-6    -9.693950146917278
2.2120266858947445E-6     -4.231429371553819E-6    -9.68610337433216
2.277656650565384E-6      -4.120720628494363E-6    -9.678256601746826
2.3432866152360235E-6     -4.010011885434908E-6    -9.670409829161766
2.0059478850293638E-6     -4.341283189373137E-6    -9.972493466244382
2.0715778497000035E-6     -4.230574446313681E-6    -9.958303909358076
2.1372078143706424E-6     -4.119865703254226E-6    -9.971031155371303
2.202837779041282E-6      -4.00915696019477E-6     -9.98375840138461
1.931129013505262E-6      -4.229719521073544E-6    -10.248360154746432
1.996758978175901E-6      -4.1190107780140885E-6   -10.252425435980735
2.0623889428465407E-6     -4.008302034954633E-6    -10.265152681994012
1.85631014198116E-6       -4.118155852773951E-6    -10.524226843248389
1.9219401066517992E-6     -4.007447109714496E-6    -10.546546962603392
1.781491270457058E-6      -4.006592184474359E-6    -10.800093531750203
2.415809460957816E-6      -4.122739342347397E-6    -9.342184506427705
2.350179496287177E-6      -4.233448085406852E-6    -9.370605297611247
2.284549531616537E-6      -4.344156828466308E-6    -9.399026088794935
2.218919566945898E-6      -4.4548655715257636E-6   -9.42337548120053
2.488332306679609E-6      -4.235466799259886E-6    -9.045913475306946
2.42270234200897E-6       -4.346175542319341E-6    -9.074334266490524
2.3570723773383303E-6     -4.456884285378797E-6    -9.10210027889404
2.5608551524014016E-6     -4.348194256172374E-6    -8.749642444186101
2.4952251877307623E-6     -4.45890299923183E-6     -8.780825076587117
2.633377998123195E-6      -4.460921713084864E-6    -8.459549874280707
2.4360441149257094E-6     -4.783157456922124E-6    -8.777997651172138
2.5018220759915377E-6     -4.675745542309703E-6    -8.67390787928001
2.567600037057366E-6      -4.5683336276972835E-6   -8.569818107388004
2.3636692655991053E-6     -4.6737268284566695E-6   -8.991766461588801
2.429447226664934E-6      -4.5663149138442504E-6   -8.887676689696793
2.2912944162725016E-6     -4.5642961999912165E-6   -9.205535272005902
-3.889661515008093E-6     -1.710427526818238E-6    3.57008701711166
-3.9921518392285345E-6    -1.7578214423650108E-6   4.347158034938762
-4.094642163448976E-6     -1.8052153579117838E-6   5.084959449055785
-4.197132487669418E-6     -1.8526092734585565E-6   5.822760863172649
-4.299622811889861E-6     -1.9000031890053296E-6   6.525778973739857
-3.86894350861036E-6      -1.8329328991391365E-6   3.298666277409303
-3.971433832830803E-6     -1.8803268146859092E-6   4.040089331570736
-4.073924157051244E-6     -1.9277207302326823E-6   4.777890745686735
-4.1764144812716865E-6    -1.975114645779455E-6    5.508164679387414
-3.848225502212628E-6     -1.955438271460035E-6    3.027245537706631
-3.95071582643307E-6      -2.002832187006808E-6    3.7330206282014164
-4.053206150653512E-6     -2.050226102553581E-6    4.490550385034892
-3.827507495814896E-6     -2.0779436437809335E-6   2.755824798003488
-3.929997820035338E-6     -2.1253375593277062E-6   3.472936090683235
-3.8067894894171637E-6    -2.200449016101832E-6    2.518449989915403
-3.7666895686405205E-6    -1.7409649663467523E-6   2.5143558848654353
-3.7459715622427878E-6    -1.8634703386676509E-6   2.278583108828905
-3.725253555845056E-6     -1.9859757109885496E-6   2.0428103327922087
-3.704535549447324E-6     -2.108481083309448E-6    1.8105369832711982
-3.643717622272948E-6     -1.7715024058752667E-6   1.4978943563291751
-3.622999615875216E-6     -1.8940077781961653E-6   1.2621215802923673
-3.6022816094774834E-6    -2.0165131505170638E-6   1.0330151655548214
-3.5207456759053755E-6    -1.8020398454037811E-6   0.48143282779267466
-3.5000276695076436E-6    -1.92454521772468E-6     0.25549334783844446
-3.397773729537804E-6     -1.8325772849322957E-6   -0.5220284698766742
-4.771668961764671E-6     -2.153190219748801E-6    9.187147220478396
-4.658771695027735E-6     -2.2271163787656493E-6   8.276909472987757
-4.545874428290799E-6     -2.3010425377824985E-6   7.3666717254979
-4.432977161553863E-6     -2.3749686967993476E-6   6.510274502266823
-4.656235190266277E-6     -2.089597137623614E-6    8.581196811043096
-4.543337923529342E-6     -2.1635232966404627E-6   7.670959063553124
-4.430440656792406E-6     -2.2374494556573114E-6   6.777073060654102
-4.540801418767885E-6     -2.0260040554984265E-6   7.975246401608815
-4.427904152030949E-6     -2.0999302145152753E-6   7.043871619042406
-4.425367647269492E-6     -1.96241097337324E-6     7.310670177431494
-4.309768830935689E-6     -2.450080153573473E-6    5.564074158288388
-4.184023995556058E-6     -2.3876723692055623E-6   4.816056172014823
-4.058279160176426E-6     -2.3252645848376528E-6   4.068038185740157
-3.932534324796795E-6     -2.262856800469742E-6    3.320020199466277
-4.307232326174232E-6     -2.3125609124314364E-6   5.803066334027514
-4.181487490794601E-6     -2.2501531280635265E-6   5.042017641529476
-4.055742655414969E-6     -2.1877453436956166E-6   4.280968949031576
-4.304695821412775E-6     -2.175041671289401E-6    6.0323761127479765
-4.1789509860331436E-6    -2.1126338869214907E-6   5.271327420250135
-4.302159316651318E-6     -2.037522430147365E-6    6.261685891469206
-3.279122268764873E-6     -2.2862120981395036E-6   -1.175204523746633
-3.2824017729254913E-6    -2.1770915489395854E-6   -1.2119079507748942
-3.285681277086109E-6     -2.0679709997396667E-6   -1.2518053591172058
-3.2889607812467273E-6    -1.9588504505397485E-6   -1.2917027674599109
-3.2922402854073453E-6    -1.8497299013398298E-6   -1.3316001758023013
-3.384655712895331E-6     -2.2690594817319693E-6   -0.4437425463862258
-3.3879352170559494E-6    -2.1599389325320507E-6   -0.46967438551053664
-3.391214721216567E-6     -2.0508183833321324E-6   -0.4827923366776792
-3.3944942253771854E-6    -1.9416978341322138E-6   -0.49591028784350355
-3.490189157025789E-6     -2.251906865324435E-6    0.29688731677773583
-3.493468661186407E-6     -2.1427863161245163E-6   0.29156254625428096
-3.4967481653470256E-6    -2.033665766924598E-6    0.27844459508792496
-3.5957226011562474E-6    -2.2347542489169007E-6   1.0375171799420908
-3.5990021053168654E-6    -2.125633699716982E-6    1.0527994780204166
-3.7012560452867056E-6    -2.2176016325093664E-6   1.7781470431056592
-3.185956855954861E-6     -2.2593210884990345E-6   -1.84080451950515
-3.0927914431448484E-6    -2.2324300788585654E-6   -2.5163455776827774
-2.999626030334837E-6     -2.2055390692180962E-6   -3.1918866358604827
-2.9064606175248244E-6    -2.178648059577627E-6    -3.867427694038346
-2.8132952047148126E-6    -2.151757049937158E-6    -4.555792923869741
-3.189236360115479E-6     -2.1502005392991163E-6   -1.8893794726199238
-3.096070947305467E-6     -2.1233095296586467E-6   -2.5858543609674203
-3.0029055344954546E-6    -2.096418520018178E-6    -3.2823292493145195
-2.909740121685443E-6     -2.069527510377709E-6    -3.9666847162336776
-3.1925158642760966E-6    -2.0410799900991976E-6   -1.9560563381385863
-3.099350451466085E-6     -2.0141889804587284E-6   -2.652531226485905
-3.006185038656073E-6     -1.9872979708182593E-6   -3.3423273085613365
-3.195795368436715E-6     -1.931959440899279E-6    -2.0227332036562635
-3.102629955626703E-6     -1.90506843125881E-6     -2.717969900888524
-3.1990748725973335E-6    -1.8228388916993609E-6   -2.093612493215711
-2.7741216314576117E-6    -2.0545754744193698E-6   -5.032932672869295
-2.734948058200411E-6     -1.9573938989015812E-6   -5.526922201609901
-2.695774484943209E-6     -1.8602123233837929E-6   -6.020911730351216
-2.6566009116860083E-6    -1.7630307478660045E-6   -6.514901259090957
-2.870566548428242E-6     -1.9723459348599203E-6   -4.434651709094788
-2.8313929751710407E-6    -1.875164359342132E-6    -4.91473812338487
-2.79221940191384E-6      -1.7779827838243433E-6   -5.394824537674755
-2.9670114653988717E-6    -1.8901163953004707E-6   -3.815734916579472
-2.927837892141671E-6     -1.7929348197826826E-6   -4.295821330869132
-3.063456382369502E-6     -1.8078868557410216E-6   -3.19681812406333
-2.697921248206131E-6     -2.1547037859251048E-6   -5.3327727694012905
-2.5825472916974494E-6    -2.1576505219130516E-6   -6.096874526643058
-2.4671733351887674E-6    -2.160597257900998E-6    -6.86097628388514
-2.351799378680086E-6     -2.163543993888945E-6    -7.625078041127301
-2.2364254221714043E-6    -2.1664907298768918E-6   -8.372852550936194
-2.6587476749489297E-6    -2.0575222104073166E-6   -5.803543008452313
-2.5433737184402477E-6    -2.060468946395263E-6    -6.5947891727766885
-2.4279997619315666E-6    -2.06341568238321E-6     -7.386035337101092
-2.312625805422885E-6     -2.0663624183711568E-6   -8.13560875005986
-2.619574101691729E-6     -1.960340634889528E-6    -6.311435651643947
-2.5042001451830473E-6    -1.963287370877475E-6    -7.102681815968488
-2.3888261886743657E-6    -1.9662341068654218E-6   -7.879086227269571
-2.5804005284345276E-6    -1.8631590593717395E-6   -6.8193282948355955
-2.465026571925846E-6     -1.8661057953596864E-6   -7.62256370447991
-2.541226955177327E-6     -1.7659774838539516E-6   -7.366041181689777
-2.17700459607164E-6      -2.063820246789903E-6    -9.096718566736213
-2.117583769971875E-6     -1.961149763702914E-6    -9.865319548351923
-2.058162943872111E-6     -1.858479280615925E-6    -10.633920529967947
-1.9987421177723465E-6    -1.7558087975289359E-6   -11.40252151158413
-2.2532049793231205E-6    -1.9636919352841677E-6   -8.864290622438604
-2.1937841532233563E-6    -1.8610214521971786E-6   -9.634645246184972
-2.1343633271235917E-6    -1.7583509691101896E-6   -10.404999869931654
-2.329405362574601E-6     -1.8635636237784327E-6   -8.634599097992488
-2.2699845364748366E-6    -1.7608931406914436E-6   -9.404953721739002
-2.405605745826082E-6     -1.7634353122726973E-6   -8.404907573546373
3.173726221061684E-8      -1.777469546601351E-6    -20.614300694140596
-1.02543746337783E-7      -1.7770310011951395E-6   -20.310354658882765
-2.3682475488618282E-7    -1.776592455788928E-6    -19.955908003751055
-3.7110576343458267E-7    -1.7761539103827167E-6   -19.601461348619164
-5.053867719829824E-7     -1.7757153649765056E-6   -19.178502937584746
-2.531228788507669E-8     -1.8887851153016495E-6   -19.763927492863154
-1.5959329643347653E-7    -1.8883465698954382E-6   -19.428300954047863
-2.938743049818763E-7     -1.8879080244892268E-6   -19.07385429891602
-4.2815531353027617E-7    -1.8874694790830154E-6   -18.695611382567318
-8.236183798077018E-8     -2.0001006840019482E-6   -18.913554291585502
-2.1664284652917003E-7    -1.999662138595737E-6    -18.546247249212385
-3.509238550775698E-7     -1.9992235931895255E-6   -18.21271982754998
-1.3941138807646374E-7    -2.111416252702247E-6    -18.063181090308035
-2.736923966248636E-7     -2.110977707296036E-6    -17.729828272533297
-1.9646093817215724E-7    -2.2227318214025457E-6   -17.258647282652547
-6.172802797293869E-8     -2.22418309317636E-6     -17.490177242872974
7.30048822262799E-8       -2.2256343649501745E-6   -17.66682063018699
2.077377924254984E-7      -2.227085636723989E-6    -17.843464017501027
3.42470702624717E-7       -2.2285369084978038E-6   -18.020107404815644
-4.678477877245147E-9     -2.1128675244760614E-6   -18.293240897638565
1.3005443232197344E-7     -2.114318796249876E-6    -18.478759814169752
2.6478734252119194E-7     -2.1157700680236902E-6   -18.66427873070086
5.2371072218448384E-8     -2.0015519557757627E-6   -19.11193359535769
1.8710398241766694E-7     -2.003003227549577E-6    -19.297452511888924
1.0942062231414189E-7     -1.890236387075464E-6    -19.930626293077683
-1.8639551369261612E-6    -1.7623445982521215E-6   -12.2496552960326
-1.923375963025926E-6     -1.8650150813391104E-6   -11.424390290626675
-1.98279678912569E-6      -1.9676855644260995E-6   -10.657542951141465
-2.042217615225454E-6     -2.0703560475130885E-6   -9.890695611656572
-2.101638441325219E-6     -2.1730265306000776E-6   -9.166393571210213
-1.7885889821797404E-6    -1.8715508820622958E-6   -12.235017086587916
-1.8480098082795045E-6    -1.9742213651492845E-6   -11.448783576210015
-1.907430634379269E-6     -2.0768918482362735E-6   -10.681936236724807
-1.9668514604790334E-6    -2.1795623313232626E-6   -9.929549594141536
-1.7132228274333193E-6    -1.9807571658724703E-6   -12.220378877143862
-1.7726436535330836E-6    -2.0834276489594594E-6   -11.473176861794014
-1.8320644796328482E-6    -2.1860981320464484E-6   -10.692705617072544
-1.6378566726868984E-6    -2.089963449682645E-6    -12.20574066769863
-1.6972774987866627E-6    -2.192633932769634E-6    -11.45586164000292
-1.5624905179404773E-6    -2.1991697334928193E-6   -12.178172680749661
-1.5016826405152934E-6    -2.09089603335643E-6     -12.993597160448108
-1.4408747630901091E-6    -1.9826223332200404E-6   -13.861948923046874
-1.380066885664925E-6     -1.874348633083651E-6    -14.730300685646272
-1.319259008239741E-6     -1.7660749329472615E-6   -15.59865244824567
-1.577048795261714E-6     -1.9816897495462554E-6   -13.02882245196647
-1.51624091783653E-6      -1.8734160494098657E-6   -13.91058105539853
-1.455433040411346E-6     -1.7651423492734765E-6   -14.792339658830594
-1.6524149500081352E-6    -1.8724834657360809E-6   -13.082492156439649
-1.5916070725829511E-6    -1.7642097655996914E-6   -13.964250759871948
-1.7277811047545563E-6    -1.7632771819259064E-6   -13.136161860912514
-1.1822315360221333E-6    -1.768790696136532E-6    -16.282291612989667
-1.2430394134473172E-6    -1.8770643962729214E-6   -15.360499303393462
-1.3038472908725015E-6    -1.985338096409311E-6    -14.505554381626885
-1.3646551682976853E-6    -2.0936117965457003E-6   -13.650609459860625
-1.4254630457228696E-6    -2.2018854966820897E-6   -12.83210213293021
-1.1060119412297095E-6    -1.879780159462192E-6    -16.02225665268788
-1.1668198186548934E-6    -1.9880538595985813E-6   -15.144122268085058
-1.2276276960800776E-6    -2.0963275597349708E-6   -14.28917734631864
-1.2884355735052615E-6    -2.20460125987136E-6     -13.447223866365967
-1.0297923464372857E-6    -1.9907696227878514E-6   -15.762221692385943
-1.0906002238624698E-6    -2.099043322924241E-6    -14.927745232777175
-1.1514081012876538E-6    -2.2073170230606302E-6   -14.062345599801809
-9.535727516448619E-7     -2.1017590861135113E-6   -15.502186732083768
-1.0143806290700461E-6    -2.210032786249901E-6    -14.677467333237331
-8.773531568524381E-7     -2.212748549439171E-6    -15.240913943896949
-8.184061715690883E-7     -2.102991089725336E-6    -16.07421116466412
-7.594591862857384E-7     -1.993233630011501E-6    -16.957895274148896
-7.005122010023885E-7     -1.8834761702976656E-6   -17.84157938363269
-6.415652157190386E-7     -1.7737187105838305E-6   -18.72526349311649
-8.94625766361512E-7      -1.9920016263996762E-6   -16.345132445643166
-8.356787810781621E-7     -1.882244166685841E-6    -17.252204546353273
-7.767317957948122E-7     -1.7724867069720057E-6   -18.159276647063553
-9.708453611539357E-7     -1.8810121630740163E-6   -16.64882533093925
-9.118983758705859E-7     -1.7712547033601813E-6   -17.555897431649132
-1.0470649559463596E-6    -1.7700226997483564E-6   -16.952518216234886
-5.643337572663324E-7     -1.8854728246903406E-6   -18.249695063424543
-6.232807425496821E-7     -1.9952302844041755E-6   -17.38939894516648
-6.82227727833032E-7      -2.104987744118011E-6    -16.52910282690893
-7.41174713116382E-7      -2.2147452038318464E-6   -15.695463916136312
-4.87102298813626E-7      -1.9972269387968507E-6   -17.8115190030928
-5.46049284096976E-7      -2.1069843985106857E-6   -16.9512228848353
-6.049962693803258E-7     -2.216741858224521E-6    -16.101050976931468
-4.0987084036091966E-7    -2.1089810529033606E-6   -17.373342942762513
-4.688178256442696E-7     -2.218738512617196E-6    -16.506638037726816
-3.326393819082134E-7     -2.220735167009871E-6    -16.912225098522512
4.2263626514732395E-7     -2.3417641074754177E-6   -17.487790965031962
2.8790335494810533E-7     -2.340312835701603E-6    -17.365838304885443
1.5317044474888677E-7     -2.3388615639277884E-6   -17.198070446788343
1.843753454966824E-8      -2.337410292153974E-6    -17.030302588690805
-1.1629537564955032E-7    -2.3359590203801596E-6   -16.80664196708526
3.680689174707123E-7      -2.4535400346792167E-6   -16.874936750669875
2.333360072714937E-7      -2.4520887629054023E-6   -16.722566749652813
9.860309707227516E-8      -2.450637491131588E-6    -16.554798891555514
-3.612981312694336E-8     -2.4491862193577735E-6   -16.367962134561385
3.1350156979410066E-7     -2.565315961883016E-6    -16.262082536307275
1.7876865959488208E-7     -2.5638646901092018E-6   -16.079295194419505
4.403574939566353E-8      -2.5624134183353873E-6   -15.929282302036924
2.5893422211748905E-7     -2.6770918890868152E-6   -15.649228321944722
1.242013119182705E-7      -2.675640617313001E-6    -15.490602469512876
2.043668744408774E-7      -2.7888678162906147E-6   -15.071638757481375
3.4766600657515973E-7     -2.7927900301402164E-6   -15.149631606675305
4.909651387094421E-7      -2.7967122439898184E-6   -15.175890029715735
6.342642708437243E-7      -2.80063445783942E-6     -15.202148452755164
7.775634029780067E-7      -2.8045566716890218E-6   -15.228406875795082
4.0223335425177134E-7     -2.6810141029364173E-6   -15.724058046932662
5.455324863860537E-7      -2.684936316786019E-6    -15.75345094726018
6.888316185203359E-7      -2.6888585306356206E-6   -15.782843847587703
4.5680070192838296E-7     -2.5692381757326174E-6   -16.30649492042482
6.000998340626653E-7      -2.5731603895822195E-6   -16.335887820752458
5.113680496049946E-7      -2.457462248528819E-6    -16.888931793917216
6.126554847739857E-7      -3.3408823831995663E-6   -13.262153120928252
6.742968948416464E-7      -3.234401683667378E-6    -13.62754268288112
7.359383049093071E-7      -3.127920984135189E-6    -14.015629217722736
7.975797149769677E-7      -3.0214402846030006E-6   -14.403715752564356
8.592211250446283E-7      -2.9149595850708122E-6   -14.79180228740617
5.30997762707364E-7       -3.230479469817776E-6    -13.60610645883179
5.926391727750248E-7      -3.1239987702855874E-6   -13.979422496538929
6.542805828426854E-7      -3.0175180707533986E-6   -14.395286290081703
7.159219929103461E-7      -2.91103737122121E-6     -14.81115008362448
4.493400406407424E-7      -3.1200765564359857E-6   -13.968699565597223
5.10981450708403E-7       -3.0135958569037965E-6   -14.372162344329661
5.726228607760637E-7      -2.9071151573716085E-6   -14.788026137872356
3.6768231857412074E-7     -3.0096736430541952E-6   -14.33129267236262
4.2932372864178136E-7     -2.903192943522007E-6    -14.764902192120083
2.8602459650749906E-7     -2.8992707296724048E-6   -14.693885779128173
9.410455003296735E-7      -3.0195403683218255E-6   -14.32923976542217
8.794040902620128E-7      -3.126021067854014E-6    -13.96893048928183
8.177626801943522E-7      -3.2325017673862023E-6   -13.60862121314136
7.561212701266916E-7      -3.3389824669183907E-6   -13.247626841273217
1.0228698756147186E-6     -3.124121151572838E-6    -13.909148985409532
9.61228465547058E-7       -3.2306018511050267E-6   -13.54883970926912
8.995870554793975E-7      -3.337082550637215E-6    -13.188094689555022
1.104694250899764E-6      -3.228701934823851E-6    -13.489058205396912
1.0430528408321034E-6     -3.3351826343560395E-6   -13.128562537836768
1.1865186261848093E-6     -3.3332827180748643E-6   -13.069030386118712
1.0015259089059325E-6     -3.891946509313223E-6    -11.801798660082774
1.067217609432249E-6      -3.7798337678093163E-6   -12.014804783843333
1.1329093099585656E-6     -3.667721026305409E-6    -12.246707874557453
1.198601010484882E-6      -3.555608284801502E-6    -12.478610965271336
1.2642927110111985E-6     -3.443495543297595E-6    -12.710514055985614
9.237518240795432E-7      -3.7817336840904914E-6   -12.073672627932575
9.894435246058595E-7      -3.669620942586585E-6    -12.295124574702223
1.0551352251321762E-6     -3.557508201082678E-6    -12.553114165419434
1.1208269256584926E-6     -3.4453954595787706E-6   -12.811103756136326
8.459777392531536E-7      -3.6715208588677602E-6   -12.365501798086301
9.116694397794703E-7      -3.559408117363853E-6    -12.612396964983375
9.773611403057867E-7      -3.4472953758599462E-6   -12.870386555700462
7.682036544267645E-7      -3.561308033645029E-6    -12.657330968239872
8.338953549530809E-7      -3.449195292141122E-6    -12.929669355264215
6.90429569600375E-7       -3.4510952084222974E-6   -12.949160138393676
1.339630308490287E-6      -3.556224686173811E-6    -12.319921172162116
1.2739386079639703E-6     -3.6683374276777174E-6   -12.11410458145097
1.2082469074376536E-6     -3.7804501691816246E-6   -11.908287990739852
1.1425552069113374E-6     -3.892562910685532E-6    -11.699936808270675
1.414967905969375E-6      -3.6689538290500262E-6   -11.97063518892554
1.3492762054430585E-6     -3.7810665705539335E-6   -11.764818598214479
1.283584504916742E-6      -3.89317931205784E-6     -11.559016027641471
1.4903055034484634E-6     -3.781682971926242E-6    -11.621349205689137
1.4246138029221467E-6     -3.893795713430149E-6    -11.418095247012053
1.5656431009275516E-6     -3.894412114802458E-6    -11.277174466382771
1.4448199856005829E-6     -4.337550349513559E-6    -10.7798611863011
1.5102830889336762E-6     -4.22691989117886E-6     -10.856617291256903
1.5757461922667695E-6     -4.116289432844163E-6    -10.933373396212648
1.6412092955998628E-6     -4.005658974509464E-6    -11.010129501168475
1.3037906875951782E-6     -4.33693394814125E-6     -10.917289221882697
1.3692537909282717E-6     -4.2263034898065515E-6   -10.984655411693945
1.4347168942613648E-6     -4.115673031471854E-6    -11.083865511233727
1.5001799975944583E-6     -4.005042573137155E-6    -11.18307561077343
1.2282244929228668E-6     -4.225687088434243E-6    -11.133172962415166
1.29368759625596E-6       -4.115056630099544E-6    -11.222237679966906
1.3591506995890532E-6     -4.0044261717648465E-6   -11.321447779506723
1.1526582982505552E-6     -4.114440228727236E-6    -11.349056702947667
1.2181214015836485E-6     -4.003809770392538E-6    -11.459819948239868
1.0770921035782438E-6     -4.00319336902023E-6     -11.564940443480129
1.716028167123965E-6      -4.117222642809057E-6    -10.717943709915643
1.6505650637908714E-6     -4.227853101143755E-6    -10.663641599543658
1.585101960457778E-6      -4.338483559478453E-6    -10.609339489171674
1.5196388571246848E-6     -4.4491140178131514E-6   -10.552953222257333
1.7908470386480666E-6     -4.22878631110865E-6     -10.46033185953452
1.7253839353149733E-6     -4.339416769443348E-6    -10.406029749162565
1.65992083198188E-6       -4.4500472277780456E-6   -10.351540613433325
1.8656659101721683E-6     -4.340349979408243E-6    -10.202720009153222
1.800202806839075E-6      -4.4509804377429405E-6   -10.150128004609101
1.9404847816962705E-6     -4.4519136477078355E-6   -9.948715395785014
1.7388708719869705E-6     -4.780205533104196E-6    -10.06830998407018
1.806075508556737E-6      -4.6707749046387415E-6   -10.029647533646125
1.8732801451265037E-6     -4.5613442761732885E-6   -9.99098508322211
1.6657935336995416E-6     -4.669841694673847E-6    -10.229163011285074
1.7329981702693083E-6     -4.560411066208394E-6    -10.190500560861057
1.5927161954121133E-6     -4.5594778562434985E-6   -10.390016038500006
-3.3193877146004435E-6    -2.356274120787234E-6    -0.8816430597897331
-3.4249211587309017E-6    -2.3391215043796997E-6   -0.15497181482247016
-3.5304546028613594E-6    -2.3219688879721654E-6   0.5650509797395928
-3.6359880469918176E-6    -2.304816271564631E-6    1.2850737743017344
-3.741521491122276E-6     -2.2876636551570968E-6   2.016632862728213
-3.3596531604360137E-6    -2.4263361434349644E-6   -0.5994349545943658
-3.4651866045664715E-6    -2.40918352702743E-6     0.12098502878226765
-3.57072004869693E-6      -2.392030910619896E-6    0.8410078233446845
-3.6762534928273883E-6    -2.3748782942123615E-6   1.5692926786054568
-3.3999186062715844E-6    -2.496398166082695E-6    -0.3172268494014365
-3.5054520504020426E-6    -2.4792455496751605E-6   0.3969418723867088
-3.6109854945325007E-6    -2.462092933267626E-6    1.1219524944816002
-3.4401840521071546E-6    -2.5664601887304252E-6   -0.03501874420677701
-3.545717496237613E-6     -2.549307572322891E-6    0.6746123103579005
-3.4804494979427253E-6    -2.6365222113781556E-6   0.24091282028051095
-3.935481025342772E-6     -2.8526161744191683E-6   2.8955677409745593
-3.909742718157651E-6     -2.722182742755701E-6    2.8297106128812177
-3.884004410972529E-6     -2.5917493110922338E-6   2.758936236530789
-3.858266103787407E-6     -2.4613158794287665E-6   2.6881618601792594
-3.832527796602285E-6     -2.3308824477652993E-6   2.6173874838272577
-4.035487553537282E-6     -2.7845905271236114E-6   3.5514817934375813
-4.00974924635216E-6      -2.654157095460144E-6    3.487825396432118
-3.984010939167038E-6     -2.523723663796677E-6    3.441693571328221
-3.958272631981916E-6     -2.3932902321332096E-6   3.3955617462244003
-4.135494081731791E-6     -2.716564879828054E-6    4.223042050595721
-4.109755774546669E-6     -2.586131448164587E-6    4.17668085137808
-4.0840174673615485E-6    -2.4556980165011196E-6   4.13054902627422
-4.235500609926301E-6     -2.6485392325324967E-6   4.894602307755041
-4.209762302741179E-6     -2.51810580086903E-6     4.865536306324434
-4.33550713812081E-6      -2.5805135852369403E-6   5.56616256491326
-3.5714558034227346E-6    -2.679741003986358E-6    0.7843244593059486
-3.6367238017176225E-6    -2.5925263649310934E-6   1.2223572496133315
-3.7019918000125096E-6    -2.5053117258758287E-6   1.672971666902265
-3.7672597983073976E-6    -2.418097086820564E-6    2.1235860841918277
-3.6624621089027443E-6    -2.7229597965945607E-6   1.3194633439894816
-3.7277301071976314E-6    -2.635745157539296E-6    1.7683885945011892
-3.7929981054925193E-6    -2.5485305184840313E-6   2.2190030117904374
-3.753468414382753E-6     -2.766178589202763E-6    1.8546022286738797
-3.818736412677641E-6     -2.6789639501474985E-6   2.314419939389376
-3.844474719862763E-6     -2.8093973818109657E-6   2.3897411133585136
-4.777268498162545E-6     -2.8562686905536857E-6   7.535605131478896
-4.6674342630620255E-6    -2.924325507804811E-6    6.846088398918601
-4.5576000279615065E-6    -2.992382325055936E-6    6.156571666358385
-4.447765792860988E-6     -3.0604391423070616E-6   5.498345985241238
-4.664371231425609E-6     -2.7873377067133912E-6   7.055538012129866
-4.55453699632509E-6      -2.8553945239645168E-6   6.366021279569553
-4.4447027612245715E-6    -2.9234513412156415E-6   5.6851244876145435
-4.551473964688673E-6     -2.7184067228730967E-6   6.575470892781113
-4.441639729588155E-6     -2.7864635401242223E-6   5.871902989987456
-4.438576697951738E-6     -2.649475739032803E-6    6.058681492360368
-4.038550585173699E-6     -2.9215783282150306E-6   3.4090315837589427
-4.138557113368208E-6     -2.853552680919474E-6    4.059164033174804
-4.238563641562718E-6     -2.785527033623917E-6    4.713429092546422
-4.338570169757228E-6     -2.7175013863283595E-6   5.367694151917173
-4.141620145004625E-6     -2.9905404820108934E-6   3.8969643400427465
-4.241626673199135E-6     -2.922514834715336E-6    4.549321701011723
-4.341633201393645E-6     -2.854489187419779E-6    5.2035867603830654
-4.2446897048355515E-6    -3.0595026358067557E-6   4.384897096327416
-4.3446962330300615E-6    -2.991476988511199E-6    5.039479368848243
-4.347759264666478E-6     -3.1284647896026185E-6   4.872829852611849
-3.3855587073757367E-6    -2.6493854260574143E-6   -0.33295592836112803
-3.290667916808748E-6     -2.662248640736673E-6    -0.9045919502845576
-3.1957771262417595E-6    -2.6751118554159316E-6   -1.4762279722079086
-3.100886335674771E-6     -2.6879750700951907E-6   -2.0478639941310237
-3.0059955451077823E-6    -2.7008382847744494E-6   -2.608397176121059
-3.3452932615401664E-6    -2.579323403409684E-6    -0.6082287776878984
-3.2504024709731774E-6    -2.5921866180889426E-6   -1.1935441455333884
-3.1555116804061893E-6    -2.6050498327682013E-6   -1.7788595133779408
-3.0606208898392003E-6    -2.6179130474474604E-6   -2.3433157690664004
-3.305027815704596E-6     -2.5092613807619535E-6   -0.8966881444721635
-3.210137025137607E-6     -2.522124595441212E-6    -1.4820035123170259
-3.1152462345706186E-6    -2.534987810120471E-6    -2.0551180869096557
-3.264762369869025E-6     -2.439199358114223E-6    -1.1851475112558023
-3.1698715793020365E-6    -2.452062572793482E-6    -1.7669204047525187
-3.224496924033455E-6     -2.3691373354664927E-6   -1.478722722595696
-3.1313315112234427E-6    -2.3422463258260236E-6   -2.138445795159867
-3.0767061664920243E-6    -2.4251715631530126E-6   -2.417985158412604
-3.0220808217606064E-6    -2.5080968004800017E-6   -2.6975245216654886
-2.9674554770291885E-6    -2.5910220378069912E-6   -2.968562677925278
-3.0381660984134305E-6    -2.3153553161855544E-6   -2.79305302316863
-2.9835407536820125E-6    -2.3982805535125435E-6   -3.072592386421463
-2.9289154089505946E-6    -2.4812057908395326E-6   -3.3533384173299576
-2.9450006856034182E-6    -2.2884643065450853E-6   -3.4476602511769556
-2.8903753408720003E-6    -2.3713895438720744E-6   -3.7381141567342437
-2.8518352727934064E-6    -2.261573296904616E-6    -4.122889896139316
-2.898958403684665E-6     -2.6991170620959997E-6   -3.2389800954364643
-2.7919212622615474E-6    -2.6973958394175496E-6   -3.865280220199187
-2.684884120838429E-6     -2.6956746167390995E-6   -4.491580344962697
-2.577846979415312E-6     -2.6939533940606493E-6   -5.11788046972542
-2.470809837992194E-6     -2.6922321713821992E-6   -5.7335421575470695
-2.860418335606071E-6     -2.589300815128541E-6    -3.6068213852105853
-2.753381194182953E-6     -2.587579592450091E-6    -4.253581299487748
-2.6463440527598352E-6    -2.585858369771641E-6    -4.900341213765144
-2.539306911336718E-6     -2.584137147093191E-6    -5.519631733040228
-2.8218782675274763E-6    -2.4794845681610824E-6   -4.0013049992638425
-2.714841126104359E-6     -2.4777633454826327E-6   -4.648064913541143
-2.6078039846812414E-6    -2.4760421228041826E-6   -5.286090518596449
-2.783338199448883E-6     -2.3696683211936242E-6   -4.39578861331706
-2.6763010580257654E-6    -2.3679470985151745E-6   -5.052549304151883
-2.744798131370289E-6     -2.259852074226166E-6    -4.819008089707946
-2.2833023053355623E-6    -2.2716390181779534E-6   -7.799561981152251
-2.398676261844244E-6     -2.2686922821900066E-6   -7.058616002523704
-2.5140502183529254E-6    -2.2657455462020597E-6   -6.321658652364506
-2.6294241748616074E-6    -2.262798810214113E-6    -5.584701302205385
-2.3301791884997203E-6    -2.376787306479015E-6    -7.275935130625275
-2.445553145008402E-6     -2.373840570491068E-6    -6.536464781028335
-2.5609271015170834E-6    -2.3708938345031214E-6   -5.799507430868861
-2.3770560716638782E-6    -2.4819355947800763E-6   -6.752308280098299
-2.4924300281725594E-6    -2.4789888587921295E-6   -6.014313559532761
-2.4239329548280362E-6    -2.587083883081138E-6    -6.228681429570852
-2.3460752173975126E-6    -2.7001519456328535E-6   -6.395318412948404
-2.2213405968028306E-6    -2.708071719883508E-6    -7.03594707779949
-2.096605976208149E-6     -2.715991494134162E-6    -7.676575742650575
-1.9718713556134675E-6    -2.723911268384816E-6    -8.317204407502134
-1.8471367350187857E-6    -2.7318310426354704E-6   -8.930119623236392
-2.2991983342333547E-6    -2.595003657331792E-6    -6.890599942724487
-2.1744637136386727E-6    -2.6029234315824458E-6   -7.552956714504182
-2.049729093043991E-6     -2.6108432058331E-6      -8.215313486283923
-1.9249944724493095E-6    -2.618762980083755E-6    -8.83581647057435
-2.2523214510691962E-6    -2.4898553690307302E-6   -7.415702422284119
-2.1275868304745147E-6    -2.4977751432813845E-6   -8.07805919406355
-2.002852209879833E-6     -2.505694917532039E-6    -8.727177420260535
-2.2054445679050383E-6    -2.3847070807296686E-6   -7.940804901843223
-2.0807099473103567E-6    -2.3926268549803233E-6   -8.618538369946403
-2.1585676847408807E-6    -2.2795587924286077E-6   -8.509899319632432
-1.6194197613561391E-6    -2.3057019953213494E-6   -11.47967728584024
-1.7542067422023244E-6    -2.299166194598164E-6    -10.75910552024314
-1.8889937230485096E-6    -2.292630393874978E-6    -10.024034099449281
-2.023780703894695E-6     -2.2860945931517927E-6   -9.28896267865621
-1.6763490047718006E-6    -2.4122342571498795E-6   -10.832919387179336
-1.8111359856179858E-6    -2.405698456426694E-6    -10.104057907857293
-1.9459229664641715E-6    -2.3991626557035087E-6   -9.368986487063513
-1.7332782481874624E-6    -2.5187665189784097E-6   -10.186161488518747
-1.8680652290336477E-6    -2.5122307182552243E-6   -9.449010295471037
-1.790207491603124E-6     -2.6252987808069402E-6   -9.539403589858317
-2.5454228641919924E-7    -2.3329251107137807E-6   -16.54407823965576
-3.907207301552554E-7     -2.330928456321106E-6    -16.19341877622375
-5.268991738913115E-7     -2.3289318019284306E-6   -15.80436471256023
-6.630776176273677E-7     -2.3269351475357558E-6   -15.415310648896392
-7.99256061363424E-7      -2.324938493143081E-6    -14.969702241854398
-3.1262363466624123E-7    -2.4431184000250156E-6   -15.872685204429068
-4.488020784022974E-7     -2.4411217456323404E-6   -15.497554237834754
-5.849805221383536E-7     -2.439125091239666E-6    -15.108500174171152
-7.211589658744098E-7     -2.4371284368469908E-6   -14.699778773871355
-3.7070498291328323E-7    -2.5533116893362506E-6   -15.201292169202603
-5.068834266493394E-7     -2.551315034943576E-6    -14.801689699446205
-6.430618703853955E-7     -2.549318380550901E-6    -14.42985530588821
-4.2878633116032523E-7    -2.6635049786474856E-6   -14.52989913397611
-5.649647748963814E-7     -2.6615083242548108E-6   -14.159931837904752
-4.868676794073672E-7     -2.7736982679587206E-6   -13.897257072150216
-3.486207686377183E-7     -2.7767321776250995E-6   -14.178872333790727
-2.1037385786806934E-7    -2.779766087291478E-6    -14.41467007008519
-7.212694709842045E-8     -2.7827999969578573E-6   -14.650467806379377
6.611996367122853E-8      -2.785833906624236E-6    -14.886265542673609
-2.905394203906763E-7     -2.6665388883138645E-6   -14.809984607383365
-1.5229250962102732E-7    -2.669572797980243E-6    -15.055050171535099
-1.4045598851378434E-8    -2.672606707646622E-6    -15.300115735687129
-2.3245807214363423E-7    -2.556345599002629E-6    -15.456906139447605
-9.421116137398535E-8     -2.559379508669008E-6    -15.701971703599433
-1.7437672389659226E-7    -2.446152309691394E-6    -16.103827671512363
-1.7131554768839052E-6    -2.7372906321283906E-6   -9.527840917019448
-1.5791742187490244E-6    -2.7427502216213105E-6   -10.096216491521526
-1.4451929606141436E-6    -2.748209811114231E-6    -10.664592066022973
-1.3112117024792628E-6    -2.753669400607151E-6    -11.232967640524734
-1.177230444344382E-6     -2.7591289901000713E-6   -11.763029065984876
-1.6562262334682433E-6    -2.6307583702998605E-6   -10.137476549275465
-1.5222449753333623E-6    -2.6362179597927804E-6   -10.725180022713678
-1.3882637171984817E-6    -2.6416775492857006E-6   -11.312883496151093
-1.2542824590636012E-6    -2.647137138778621E-6    -11.850470050963445
-1.5992969900525814E-6    -2.52422610847133E-6     -10.775944734210997
-1.4653157319177009E-6    -2.5296856979642502E-6   -11.363648207649009
-1.33133447378282E-6      -2.5351452874571705E-6   -11.93541628358913
-1.5423677466369198E-6    -2.4176938466428E-6      -11.414412919146443
-1.4083864885020392E-6    -2.42315343613572E-6     -12.02036251621529
-1.4854385032212584E-6    -2.3111615848142697E-6   -12.105308748840663
-1.1172549868459933E-6    -2.6498529019678914E-6   -12.416140326698217
-1.0572795293476045E-6    -2.5405768138357114E-6   -13.109783546165634
-9.973040718492158E-7     -2.431300725703531E-6    -13.803426765632281
-9.373286143508269E-7     -2.322024637571351E-6    -14.49706998510019
-1.1943070015652124E-6    -2.537861050646441E-6    -12.511156466505104
-1.1343315440668234E-6    -2.4285849625142606E-6   -13.221959800671993
-1.0743560865684347E-6    -2.3193088743820807E-6   -13.932763134838492
-1.2713590162844313E-6    -2.42586919932499E-6     -12.63028422025959
-1.2113835587860426E-6    -2.31659311119281E-6     -13.341087554426162
-1.3484110310036503E-6    -2.31387734800354E-6     -12.749411974013057
-8.592315188618128E-7     -2.434214581275261E-6    -14.236664793707869
-9.192069763602015E-7     -2.543490669407441E-6    -13.56018168893999
-9.791824338585903E-7     -2.6527667575396212E-6   -12.88369858417232
-1.039157891356979E-6     -2.762042845671801E-6    -12.231036867412971
-7.811344233727985E-7     -2.5464045249791707E-6   -14.003628332466544
-8.411098808711873E-7     -2.6556806131113507E-6   -13.327145227698905
-9.010853383695762E-7     -2.764956701243531E-6    -12.659361493024988
-7.030373278837843E-7     -2.6585944686830805E-6   -13.770591871225971
-7.630127853821732E-7     -2.767870556815261E-6    -13.087686118637322
-6.249402323947702E-7     -2.7707844123869907E-6   -13.51601074424912
-4.76686392793803E-6      -3.5747010786893287E-6   6.340202155725063
-4.643562090976579E-6     -3.652773911556105E-6    5.717963614976402
-4.520260254015129E-6     -3.7308467444228813E-6   5.09572507422789
-4.396958417053679E-6     -3.8089195772896584E-6   4.496534530986576
-4.657029692837511E-6     -3.4999007530833106E-6   5.934752361342211
-4.53372785587606E-6      -3.5779735859500873E-6   5.312513820593568
-4.41042601891461E-6      -3.656046418816864E-6    4.697908831327791
-4.547195457736992E-6     -3.425100427477293E-6    5.529302566959512
-4.423893620775542E-6     -3.5031732603440696E-6   4.899283131669339
-4.4373612226364735E-6    -3.3503001018712752E-6   5.100657432010591
-4.517847021258121E-6     -4.440119305256028E-6    4.634651361304151
-4.484257969741777E-6     -4.320537662882635E-6    4.556148714129806
-4.450668918225433E-6     -4.20095602050924E-6     4.477646066955501
-4.41707986670909E-6      -4.081374378135847E-6    4.399143419781234
-4.607559806703228E-6     -4.385321972873E-6       5.00756584668722
-4.573970755186884E-6     -4.265740330499606E-6    4.9376088209288405
-4.54038170367054E-6      -4.1461586881262124E-6   4.867651795170532
-4.6972725921483345E-6    -4.330524640489973E-6    5.387156908370148
-4.6636835406319915E-6    -4.210942998116579E-6    5.317199882611846
-4.786985377593441E-6     -4.2757273081069455E-6   5.766747970053304
-8.725875939139729E-8     -3.333522343746813E-6    -12.690710523941632
-2.8933632624942352E-8    -3.2245914382555736E-6   -13.137309634774905
2.9391494141512604E-8     -3.115660532764334E-6    -13.612887339035616
8.771662090796751E-8      -3.006729627273094E-6    -14.088465043296774
1.460417476744225E-7      -2.897798721781854E-6    -14.56404274755792
-1.6718054339459128E-7    -3.2215575285891947E-6   -12.920945241517817
-1.0885541662813632E-7    -3.112626623097955E-6    -13.375393403026454
-5.0530289861681376E-8    -3.003695717606715E-6    -13.875019374541752
7.79483690477354E-9       -2.894764812115475E-6    -14.374645346057324
-2.4710232739778526E-7    -3.109592713431576E-6    -13.162941368098384
-1.887772006313303E-7     -3.000661807940336E-6    -13.648489466105245
-1.3045207386487536E-7    -2.8917309024490963E-6   -14.148115437620602
-3.270241114009792E-7     -2.9976278982739576E-6   -13.404937494678855
-2.686989846345243E-7     -2.888696992782718E-6    -13.921585529183709
-4.069458954041732E-7     -2.885663083116339E-6    -13.64693362125994
2.2769946974104413E-7     -3.0082016351636446E-6   -14.19446387488158
1.6937434297458916E-7     -3.1171325406548844E-6   -13.74293443787452
1.1104921620813425E-7     -3.2260634461461243E-6   -13.291405000867325
5.27240894416793E-8       -3.334994351637364E-6    -12.84720314002708
3.0935719180766575E-7     -3.118604548545435E-6    -13.862017509140976
2.510320650412108E-7      -3.227535454036675E-6    -13.410488072134017
1.927069382747559E-7      -3.3364663595279143E-6   -12.961905831569648
3.910149138742875E-7      -3.229007461927225E-6    -13.529571143400771
3.3268978710783255E-7     -3.337938367418465E-6    -13.076608523112384
4.726726359409091E-7      -3.339410375309016E-6    -13.191311214655123
3.0290777424005965E-7     -3.890212038371158E-6    -11.704695148860873
3.648573163468449E-7      -3.78034610733684E-6     -11.992620520144149
4.2680685845363006E-7     -3.6704801763025216E-6   -12.303412144539944
4.887564005604153E-7      -3.560614245268203E-6    -12.614203768935456
5.507059426672005E-7      -3.450748314233885E-6    -12.924995393331201
2.248744675137683E-7      -3.7788740994462895E-6   -11.886811831793189
2.8682400962055344E-7     -3.6690081684119713E-6   -12.182404546077196
3.487735517273387E-7      -3.5591422373776523E-6   -12.516768914601673
4.107230938341239E-7      -3.449276306343334E-6    -12.851133283125488
1.4684116078747685E-7     -3.6675361605214203E-6   -12.08421654122293
2.0879070289426206E-7     -3.5576702294871013E-6   -12.406446602782996
2.707402450010473E-7      -3.447804298452783E-6    -12.740810971307086
6.88078540611855E-8       -3.556198221596551E-6    -12.28162125065231
1.307573961679707E-7      -3.4463322905622325E-6   -12.630488659488327
-9.225452665105917E-9     -3.4448602826716823E-6   -12.47902596008158
6.284800274935899E-7      -3.560961139456616E-6    -12.622149241691906
5.665304853868046E-7      -3.670827070490934E-6    -12.334930361424442
5.045809432800194E-7      -3.7806930015252527E-6   -12.047711481157004
4.426314011732342E-7      -3.890558932559571E-6    -11.762719283484941
7.062541123199791E-7      -3.671173964679347E-6    -12.355763291665307
6.443045702131939E-7      -3.7810398957136654E-6   -12.068544411397868
5.823550281064088E-7      -3.890905826747984E-6    -11.782456988390344
7.840281971463685E-7      -3.7813867899020784E-6   -12.089377341638757
7.220786550395833E-7      -3.891252720936397E-6    -11.80219469329574
8.618022819727579E-7      -3.8915996151248104E-6   -11.82193239820122
7.42118522872184E-7       -4.33501964140925E-6     -11.15207881659532
8.069703693806211E-7      -4.224251358385244E-6    -11.309732845838933
8.718222158890581E-7      -4.113483075361237E-6    -11.46738687508245
9.366740623974953E-7      -4.002714792337229E-6    -11.625040904326074
6.023948959390095E-7      -4.334672747220837E-6    -11.134464998141427
6.672467424474465E-7      -4.2239044641968306E-6   -11.280423522590477
7.320985889558836E-7      -4.113136181172823E-6    -11.460573483323687
7.969504354643206E-7      -4.002367898148816E-6    -11.64072344405687
5.27523115514272E-7       -4.2235575700084175E-6   -11.272697874790111
5.92374962022709E-7       -4.112789286984411E-6    -11.44193100375392
6.572268085311463E-7      -4.002021003960403E-6    -11.622080964487028
4.5265133508953455E-7     -4.112442392795998E-6    -11.41093075143851
5.175031815979716E-7      -4.00167410977199E-6     -11.60343848491696
3.7777955466479705E-7     -4.001327215583578E-6    -11.549163628087259
1.0122402570698068E-6     -4.1139616520442364E-6   -11.396530672233192
9.473884105613695E-7      -4.224729935068242E-6    -11.261372574479296
8.825365640529325E-7      -4.33549821809225E-6     -11.126214476725341
8.176847175444954E-7      -4.446266501116257E-6    -10.99145018459793
1.087806451742118E-6      -4.225208511751243E-6    -11.202345459441249
1.0229546052336809E-6     -4.335976794775249E-6    -11.067187361687296
9.581027587252438E-7      -4.446745077799257E-6    -10.932535570536722
1.1633726464144295E-6     -4.336455371458249E-6    -11.008160246649194
1.0985207999059925E-6     -4.4472236544822565E-6   -10.873620956475426
1.238938841086741E-6      -4.447702231165257E-6    -10.81470634241419
1.0394323982599154E-6     -4.778793746456302E-6    -10.711805154633018
1.105934545868857E-6      -4.668429908025953E-6    -10.746349320078997
1.172436693477799E-6      -4.558066069595605E-6    -10.780893485525086
9.655165046881087E-7      -4.667951331342952E-6    -10.805151433163497
1.0320186522970506E-6     -4.557587492912605E-6    -10.83969559860952
8.916006111163019E-7      -4.557108916229605E-6    -10.898497711694064
-3.463152105727048E-6     -2.7363674331751263E-6   0.15482776029967227
-3.5541584112070574E-6    -2.779586225783329E-6    0.6944902176215734
-3.6451647166870667E-6    -2.8228050183915313E-6   1.2187366421018038
-3.736171022167076E-6     -2.866023810999734E-6    1.7429830665821917
-3.827177327647086E-6     -2.9092426036079364E-6   2.250297225024239
-3.4458547135113714E-6    -2.836212654972097E-6    0.06741857460390495
-3.5368610189913807E-6    -2.8794314475802995E-6   0.5920743489561193
-3.62786732447139E-6      -2.922650240188502E-6    1.1163207734365856
-3.7188736299513993E-6    -2.965869032796705E-6    1.6354750438331582
-3.428557321295694E-6     -2.9360578767690676E-6   -0.019990611091390508
-3.519563626775703E-6     -2.9792766693772706E-6   0.48965848029059456
-3.610569932255713E-6     -3.0224954619854727E-6   1.020652862641448
-3.411259929080017E-6     -3.0359030985660387E-6   -0.10739979678723646
-3.5022662345600265E-6    -3.0791218911742412E-6   0.405830681450131
-3.39396253686434E-6      -3.1357483203630094E-6   -0.18903442039162677
-3.3682613151600595E-6    -2.749230647854385E-6    -0.41854494854423285
-3.3509639229443824E-6    -2.8490758696513556E-6   -0.4909474512692124
-3.3336665307287053E-6    -2.9489210914483263E-6   -0.5633499539946498
-3.3163691385130286E-6    -3.0487663132452974E-6   -0.641738521218911
-3.273370524593071E-6     -2.7620938625336436E-6   -0.9765016245454288
-3.256073132377394E-6     -2.8619390843306143E-6   -1.0489041272710538
-3.2387757401617167E-6    -2.9617843061275854E-6   -1.1265534175305207
-3.1784797340260824E-6    -2.7749570772129023E-6   -1.5344583005469719
-3.1611823418104052E-6    -2.8748022990098734E-6   -1.6113683138427592
-3.0835889434590938E-6    -2.7878202918921614E-6   -2.096183210154762
-3.858330556595049E-6     -3.508807301882558E-6    2.149625848635885
-3.976830210175521E-6     -3.4465312301857424E-6   2.7707957025690106
-4.095329863755992E-6     -3.384255158488927E-6    3.405523966727399
-4.213829517336463E-6     -3.3219790867921116E-6   4.040252230886024
-4.332329170916934E-6     -3.2597030150952962E-6   4.674980495043901
-3.963362608314589E-6     -3.599404388658537E-6    2.610981520352031
-4.08186226189506E-6      -3.5371283169617214E-6   3.2265990871306562
-4.200361915475531E-6     -3.474852245264906E-6    3.843553421902081
-4.318861569056002E-6     -3.4125761735680906E-6   4.460507756673391
-4.068394660034128E-6     -3.690001475434516E-6    3.0453577999090724
-4.186894313614599E-6     -3.6277254037377E-6      3.657593567585244
-4.305393967195071E-6     -3.565449332040885E-6    4.274547902356433
-4.173426711753668E-6     -3.780598562210495E-6    3.479734079466123
-4.291926365334139E-6     -3.7183224905136794E-6   4.088588048039638
-4.278458763473207E-6     -3.871195648986474E-6    3.914110359023322
-3.920050931593228E-6     -2.983854399911846E-6    2.732873723983529
-4.023120491424154E-6     -3.0528165537077088E-6   3.246369844900157
-4.126190051255081E-6     -3.1217787075035707E-6   3.7320776896327335
-4.229259611086007E-6     -3.1907408612994334E-6   4.217785534364996
-3.904620837843683E-6     -3.115092625404524E-6    2.5838457593654183
-4.00769039767461E-6      -3.1840547792003865E-6   3.079575496087621
-4.110759957505536E-6     -3.2530169329962493E-6   3.5652833408203546
-3.889190744094139E-6     -3.246330850897202E-6    2.4348177947471505
-3.992260303925065E-6     -3.3152930046930642E-6   2.912781147274961
-3.873760650344594E-6     -3.37756907638988E-6     2.285789830128489
-3.4868361408104822E-6    -3.2103601166669194E-6   0.29722053329823594
-3.595139838506168E-6     -3.153733687478151E-6    0.8961392400882361
-3.7034435362018542E-6    -3.0971072582893823E-6   1.499121309325225
-3.8117472338975407E-6    -3.0404808291006146E-6   2.102103378561978
-3.5797097447566236E-6    -3.284971912970829E-6    0.7653810839400401
-3.68801344245231E-6      -3.2283454837820604E-6   1.3678597289014214
-3.7963171401479965E-6    -3.1717190545932923E-6   1.9708417981381348
-3.672583348702766E-6     -3.3595837092747386E-6   1.2335416345823162
-3.780887046398452E-6     -3.30295728008597E-6     1.8395802177141953
-3.7654569526489076E-6    -3.434195505578648E-6    1.7017021852245922
-2.9551418502146033E-6    -2.8087016396997276E-6   -2.7971663211454674
-3.0327352485659147E-6    -2.8956836468174396E-6   -2.2918139795333006
-3.110328646917226E-6     -2.982665653935151E-6    -1.8077383601850556
-3.1879220452685376E-6    -3.069647661052863E-6    -1.3236627408368111
-3.2655154436198495E-6    -3.1566296681705755E-6   -0.8607782670628153
-2.9042881553214242E-6    -2.9165649946250053E-6   -2.9724280685033584
-2.9818815536727357E-6    -3.0035470017427173E-6   -2.483676515305104
-3.059474952024047E-6     -3.0905290088604293E-6   -1.9996008959570164
-3.1370683503753586E-6    -3.1775110159781413E-6   -1.5202022727793674
-2.853434460428245E-6     -3.024428349550284E-6    -3.147689815861092
-2.9310278587795566E-6    -3.1114103566679954E-6   -2.6755390510779615
-3.008621257130868E-6     -3.198392363785708E-6    -2.179626278496312
-2.802580765535066E-6     -3.1322917044755616E-6   -3.3229515632184334
-2.8801741638863776E-6    -3.2192737115932736E-6   -2.8390502842129433
-2.751727070641887E-6     -3.2401550594008398E-6   -3.480875327955823
-2.848104708791486E-6     -2.8069804170212775E-6   -3.42428337865893
-2.7972510138983068E-6    -2.914843771946555E-6    -3.582944337602123
-2.7463973190051277E-6    -3.0227071268718338E-6   -3.741605296545322
-2.6955436241119487E-6    -3.1305704817971115E-6   -3.903004277940797
-2.741067567368368E-6     -2.8052591943428273E-6   -4.030123713907173
-2.6902138724751893E-6    -2.9131225492681055E-6   -4.188784672850721
-2.6393601775820103E-6    -3.0209859041933836E-6   -4.350444152720215
-2.63403042594525E-6      -2.803537971664377E-6    -4.635964049156441
-2.583176731052071E-6     -2.9114013265896553E-6   -4.797884027500418
-2.526993284522133E-6     -2.8018167489859275E-6   -5.245323902280858
-2.627092936673268E-6     -3.2483426139330087E-6   -4.084560353514732
-2.502458802704649E-6     -3.256530168465178E-6    -4.672672122941737
-2.3778246687360297E-6    -3.2647177229973465E-6   -5.26078389236898
-2.25319053476741E-6      -3.272905277529516E-6    -5.848895661796064
-2.128556400798791E-6     -3.281092832061685E-6    -6.414908121450782
-2.5709094901433296E-6    -3.138758036329281E-6    -4.509882343884089
-2.44627535617471E-6      -3.1469455908614493E-6   -5.114022387374937
-2.321641222206091E-6     -3.1551331453936187E-6   -5.718162430865729
-2.197007088237472E-6     -3.163320699925788E-6    -6.290081280205969
-2.5147260436133907E-6    -3.0291734587255526E-6   -4.957582717138673
-2.3900919096447716E-6    -3.0373610132577215E-6   -5.561722760629468
-2.2654577756761525E-6    -3.0455485677898904E-6   -6.155408784931538
-2.458542597083452E-6     -2.9195888811218243E-6   -5.405283090392522
-2.3339084631148328E-6    -2.9277764356539936E-6   -6.020736289657264
-2.402359150553514E-6     -2.8100043035180964E-6   -5.88606379438299
-1.903420668174787E-6     -2.8416834005207133E-6   -8.386310830017216
-2.028155288769469E-6     -2.833763626270059E-6    -7.7758457988895024
-2.1528899093641504E-6    -2.8258438520194046E-6   -7.1569452409656495
-2.2776245299588315E-6    -2.8179240777687503E-6   -6.538044683042033
-1.959704601330788E-6     -2.951535758405956E-6    -7.8861836537293755
-2.0844392219254697E-6    -2.943615984155302E-6    -7.269850561277842
-2.2091738425201512E-6    -2.935696209904648E-6    -6.650950003354264
-2.015988534486789E-6     -3.0613881162911986E-6   -7.386056477441851
-2.140723155081471E-6     -3.0534683420405443E-6   -6.763855323666511
-2.0722724676427902E-6    -3.171240474176442E-6    -6.885929301154249
-1.995913107520391E-6     -3.2862960784809175E-6   -6.977296989043355
-1.8632698142419901E-6    -3.29149932490015E-6     -7.516824286852884
-1.7306265209635894E-6    -3.2967025713193825E-6   -8.056351584661783
-1.5979832276851887E-6    -3.3019058177386156E-6   -8.595878882470842
-1.4653399344067882E-6    -3.3071090641578483E-6   -9.105041463192984
-1.9396291743643895E-6    -3.176443720595674E-6    -7.449748911450746
-1.8069858810859888E-6    -3.181646967014907E-6    -8.004399864572035
-1.6743425878075883E-6    -3.1868502134341396E-6   -8.559050817693238
-1.5416992945291878E-6    -3.1920534598533727E-6   -9.074902388528862
-1.8833452412083882E-6    -3.0665913627104313E-6   -7.944008026415058
-1.750701947929988E-6     -3.071794609129664E-6    -8.498658979535895
-1.6180586546515873E-6    -3.0769978555488967E-6   -9.041146817936106
-1.8270613080523874E-6    -2.9567390048251884E-6   -8.438267141379095
-1.6944180147739867E-6    -2.9619422512444215E-6   -9.007391247343742
-1.7707773748963863E-6    -2.846886646939946E-6    -8.973635676751536
-1.2348523423568634E-6    -2.8687250049116266E-6   -11.19143622377322
-1.368833600491744E-6     -2.8632654154187064E-6   -10.661888123858414
-1.5028148586266245E-6    -2.857805825925786E-6    -10.112840448291921
-1.6367961167615055E-6    -2.852346236432866E-6    -9.563792772725588
-1.2924742403693445E-6    -2.9783210197231824E-6   -10.662021309730507
-1.4264554985042251E-6    -2.9728614302302617E-6   -10.119959751319612
-1.560436756639106E-6     -2.967401840737342E-6    -9.570912075753514
-1.3500961383818257E-6    -3.0879170345347373E-6   -10.132606395687045
-1.4840773965167063E-6    -3.082457445041817E-6    -9.578031378781555
-1.4077180363943068E-6    -3.197513049346293E-6    -9.603191481644295
-1.3287383396401398E-6    -3.310305982548545E-6    -9.568936913087143
-1.1921367448734914E-6    -3.3135029009392414E-6   -10.001853821374569
-1.055535150106843E-6     -3.316699819329938E-6    -10.434770729662034
-9.189335553401944E-7     -3.319896737720635E-6    -10.86768763794891
-7.82331960573546E-7      -3.3230936561113313E-6   -11.262778205294005
-1.2711164416276586E-6    -3.2007099677369893E-6   -10.066806529364179
-1.13451484686101E-6      -3.203906886127686E-6    -10.512380777249605
-9.979132520943616E-7     -3.2071038045183825E-6   -10.95795502513499
-8.613116573277133E-7     -3.2103007229090797E-6   -11.360001115706169
-1.2134945436151773E-6    -3.091113952925434E-6    -10.583707984912326
-1.0768929488485289E-6    -3.094310871316131E-6    -11.029282232797332
-9.402913540818805E-7     -3.097507789706827E-6    -11.461312555704021
-1.1558726456026961E-6    -2.9815179381138787E-6   -11.100609440460259
-1.0192710508360477E-6    -2.9847148565045755E-6   -11.562623995701973
-1.098250747590215E-6     -2.8719219233023234E-6   -11.66393543569969
-7.232391043403103E-7     -3.2132145784808095E-6   -11.757012409227045
-6.641462481070745E-7     -3.103335500850287E-6    -12.282431369178315
-6.050533918738387E-7     -2.993456423219765E-6    -12.807850329129804
-5.459605356406029E-7     -2.883577345589243E-6    -13.33326928908135
-8.022188010944775E-7     -3.100421645278557E-6    -11.860971238422486
-7.431259448612416E-7     -2.9905425676480348E-6   -12.405469518452744
-6.840330886280059E-7     -2.8806634900175125E-6   -12.949967798482765
-8.811984978486446E-7     -2.987628712076305E-6    -11.992266910755738
-8.221056416154089E-7     -2.877749634445783E-6    -12.536765190786154
-9.601781946028118E-7     -2.8748357788740533E-6   -12.123562583088834
-4.66038751637409E-7      -2.995542160746861E-6    -13.092471981900012
-5.251316078706448E-7     -3.105421238377384E-6    -12.58613234202703
-5.842244641038805E-7     -3.2153003160079056E-6   -12.079792702154668
-6.433173203371163E-7     -3.3251793936384283E-6   -11.587227456393038
-3.8611696763421494E-7    -3.1075069759044795E-6   -12.88157579181681
-4.452098238674507E-7     -3.217386053535002E-6    -12.375236151944284
-5.043026801006866E-7     -3.327265131165524E-6    -11.873912835244766
-3.06195183631021E-7      -3.219471791062098E-6    -12.670679601734339
-3.6528803986425677E-7    -3.3293508686926204E-6   -12.160598214096822
-2.2627339962782704E-7    -3.331436606219717E-6    -12.447283592948573
-3.778059532429991E-6     -4.079857205603777E-6    1.631696499652985
-3.794113737263003E-6     -3.9656472248595334E-6   1.731667961675476
-3.810167942096014E-6     -3.85143724411529E-6     1.8344878141635776
-3.826222146929026E-6     -3.7372272633710456E-6   1.9373076666520137
-3.842276351762037E-6     -3.6230172826268015E-6   2.040127519140715
-3.899145788982542E-6     -4.0562443116355124E-6   2.16914575314785
-3.9151999938155535E-6    -3.942034330891268E-6    2.273148603490193
-3.931254198648565E-6     -3.827824350147024E-6    2.386205165108345
-3.947308403481577E-6     -3.7136143694027805E-6   2.499261726726537
-4.020232045535093E-6     -4.032631417667248E-6    2.7103072254404106
-4.036286250368105E-6     -3.918421436923003E-6    2.8239632437679947
-4.052340455201116E-6     -3.8042114561787595E-6   2.937019805386315
-4.141318302087644E-6     -4.009018523698983E-6    3.2514686977331673
-4.1573725069206556E-6    -3.8948085429547385E-6   3.3747778840460128
-4.262404558640195E-6     -3.9854056297307175E-6   3.7926301700256975
-4.450305002230035E-6     -4.553683537039552E-6    4.316998258725225
-4.3491739316856065E-6    -4.547666126449683E-6    3.910127080904344
-4.248042861141177E-6     -4.5416487158598135E-6   3.503255903083502
-4.146911790596748E-6     -4.535631305269944E-6    3.09638472526266
-4.416715950713691E-6     -4.434101894666158E-6    4.231254315948622
-4.315584880169262E-6     -4.428084484076289E-6    3.8211806942928175
-4.214453809624833E-6     -4.4220670734864195E-6   3.4111070726370247
-4.113322739080405E-6     -4.41604966289655E-6     2.9992460631883957
-4.3831268991973475E-6    -4.314520252292764E-6    4.1442060473580415
-4.281995828652919E-6     -4.308502841702896E-6    3.7341324257019255
-4.18086475810849E-6      -4.3024854311130265E-6   3.3241054905032437
-4.3495378476810045E-6    -4.1949386099193704E-6   4.057157778767625
-4.248406777136576E-6     -4.188921199329501E-6    3.6489649178183265
-4.3159487961646615E-6    -4.075356967545977E-6    3.9738243451333317
-3.8316037699544565E-6    -4.169808543419037E-6    1.846116875248326
-3.952690026507008E-6     -4.1461956494507714E-6   2.3830142671661365
-4.073776283059559E-6     -4.122582755482507E-6    2.914522571474045
-4.19486253961211E-6      -4.098969861514242E-6    3.446030875781894
-3.885148007478922E-6     -4.259759881234296E-6    2.056361162477114
-4.006234264031473E-6     -4.2361469872660305E-6   2.5878290699096262
-4.127320520584024E-6     -4.212534093297766E-6    3.1193373742173476
-3.938692245003388E-6     -4.349711219049556E-6    2.266605449705115
-4.0597785015559386E-6    -4.326098325081291E-6    2.7926438726526435
-3.992236482527854E-6     -4.439662556864815E-6    2.4768497369334312
-4.421641686766754E-6     -4.641743347513668E-6    4.186189687259432
-4.392978371303472E-6     -4.729803157987782E-6    4.05668544160722
-4.3643150558401906E-6    -4.817862968461898E-6    3.9271811959550873
-4.320510616222324E-6     -4.635725936923797E-6    3.782520953273543
-4.2918473007590425E-6    -4.723785747397913E-6    3.6530167076212616
-4.219379545677895E-6     -4.629708526333928E-6    3.3788522192876735
-3.9559504561197574E-7    -3.885238274301392E-6    -10.81837376454484
-3.3392778836786005E-7    -3.7748950881904766E-6   -11.167294924471442
-2.7226053112374436E-7    -3.664551902079561E-6    -11.540641695454331
-2.1059327387962868E-7    -3.554208715968645E-6    -11.913988466437193
-1.4892601663551296E-7    -3.443865529857729E-6    -12.28733523742011
-4.7294242860428984E-7    -3.7728093506633805E-6   -10.897415635621138
-4.112751713601741E-7     -3.6624661645524643E-6   -11.253329632170253
-3.4960791411605836E-7    -3.5521229784415485E-6   -11.647147679528649
-2.879406568719427E-7     -3.4417797923306323E-6   -12.040965726886643
-5.502898115966039E-7     -3.660380427025368E-6    -10.987095881808731
-4.886225543524881E-7     -3.550037240914452E-6    -11.369220371615382
-4.2695529710837246E-7    -3.4396940548035362E-6   -11.763038418973379
-6.276371945889179E-7     -3.5479515033873555E-6   -11.076776127995899
-5.659699373448022E-7     -3.4376083172764397E-6   -11.485111111059835
-7.04984577581232E-7      -3.4355225797493436E-6   -11.166456374183108
-7.089270990922158E-8     -3.555203468782598E-6    -12.085010077886208
-1.3255996715333727E-7    -3.665546654893514E-6    -11.73213458327878
-1.9422722439745298E-7    -3.7758898410044296E-6   -11.37925908867117
-2.5589448164156864E-7    -3.886233027115346E-6    -11.033200038157435
7.140596817069806E-9      -3.666541407707467E-6    -11.914242715732707
-5.452666042704588E-8     -3.7768845938183826E-6   -11.561367221125181
-1.1619391767116157E-7    -3.887227779929299E-6    -11.211115040142618
8.517390354336118E-8      -3.777879346632336E-6    -11.743475353579402
2.3506646299245477E-8     -3.888222532743252E-6    -11.38903004212802
1.632072102696526E-7      -3.889217285557205E-6    -11.56694504411331
4.543028785911161E-8      -4.333141108426677E-6    -10.774424932662104
1.0979965945434863E-7     -4.222408840912798E-6    -11.001242885906443
1.741690310495856E-7      -4.111676573398917E-6    -11.228060839150714
2.3853840264482267E-7     -4.000944305885038E-6    -11.454878792395093
-9.427027611129548E-8     -4.332146355612724E-6    -10.603894443164148
-2.990090451605846E-8     -4.221414088098844E-6    -10.817708564959954
3.446846707917855E-8      -4.110681820584964E-6    -11.065533075573462
9.883783867441556E-8      -3.999949553071085E-6    -11.31335758618703
-1.6960146848646554E-7    -4.220419335284891E-6    -10.654595364299643
-1.0523209689122854E-7    -4.109687067771011E-6    -10.891811204056966
-4.0862725295991516E-8    -3.998954800257132E-6    -11.139635714670606
-2.449326608616356E-7     -4.108692314957058E-6    -10.705296285435146
-1.8056328926639858E-7    -3.997960047443178E-6    -10.965913843153977
-3.202638532368057E-7     -3.996965294629225E-6    -10.755997206570914
3.1341018306956007E-7     -4.1120594830974576E-6   -11.307719854952518
2.490408114743231E-7      -4.222791750611337E-6    -11.101908459077483
1.8467143987908605E-7     -4.333524018125217E-6    -10.896097063202427
1.2030206828384905E-7     -4.444256285639097E-6    -10.692929506502628
3.882819634942975E-7      -4.223174660309877E-6    -11.192761582818418
3.2391259189906054E-7     -4.333906927823757E-6    -10.986950186943448
2.595432203038235E-7      -4.444639195337637E-6    -10.78226079423417
4.631537439190349E-7      -4.334289837522297E-6    -11.077803310684523
3.9878437232379794E-7     -4.4450221050361775E-6   -10.871592081965805
5.380255243437725E-7      -4.445405014734717E-6    -10.960923369697262
3.410347473700817E-7      -4.777932260074762E-6    -10.644535832215666
4.066983396946453E-7      -4.667089844961413E-6    -10.74935778842511
4.723619320192088E-7      -4.556247429848065E-6    -10.854179744634534
2.6745718767467085E-7     -4.6667069352628724E-6   -10.66154833670308
3.331207799992344E-7      -4.555864520149525E-6    -10.766370292912564
1.9387962797925994E-7     -4.555481610450985E-6    -10.67856084119059
-3.6645018148665827E-6    -4.029109945858661E-6    1.1252405401194538
-3.5509440973031746E-6    -3.978362686113543E-6    0.611751119922916
-3.4373863797397665E-6    -3.927615426368427E-6    0.09826169972681065
-3.3238286621763584E-6    -3.87686816662331E-6     -0.41522772046964856
-3.2102709446129504E-6    -3.8261209068781935E-6   -0.9428188946852013
-3.680556019699594E-6     -3.9148999651144165E-6   1.2213590805609742
-3.566998302136186E-6     -3.8641527053693E-6      0.7017162009834369
-3.4534405845727777E-6    -3.8134054456241828E-6   0.18207332140597418
-3.3398828670093705E-6    -3.7626581858790667E-6   -0.3521047427599206
-3.696610224532606E-6     -3.8006899843701724E-6   1.313942223919331
-3.583052506969198E-6     -3.749942724625056E-6    0.7942993443419499
-3.46949478940579E-6      -3.699195464879939E-6    0.26979905282999467
-3.7126644293656176E-6    -3.6864800036259283E-6   1.406525367278315
-3.59910671180221E-6      -3.6357327438808123E-6   0.8917028484208929
-3.7287186341986297E-6    -3.572270022881685E-6    1.513606644011162
-3.357224218414062E-6     -3.273822837666046E-6    -0.3508454074074062
-3.450097822360204E-6     -3.348434633969956E-6    0.13430293997159212
-3.5429714263063452E-6    -3.423046430273865E-6    0.5989035524426444
-3.6358450302524875E-6    -3.497658226577775E-6    1.0635041649136967
-3.320485899963784E-6     -3.411897354969083E-6    -0.5005026782897565
-3.4133595039099255E-6    -3.486509151272992E-6    -0.03267801580192219
-3.5062331078560677E-6    -3.5611209475769027E-6   0.43192259666944466
-3.2837475815135062E-6    -3.54997187227212E-6     -0.650159949172264
-3.3766211854596476E-6    -3.624583668576029E-6    -0.19965897157540977
-3.2470092630632283E-6    -3.6880463895751567E-6   -0.7998172200550075
-3.228777125169571E-6     -3.2947041854736124E-6   -1.0143029986280936
-3.1920388067192932E-6    -3.4327787027766488E-6   -1.1466365846197515
-3.1553004882690153E-6    -3.5708532200796856E-6   -1.278970170611368
-3.1185621698187378E-6    -3.708927737382723E-6    -1.4152226953103242
-3.1003300319250807E-6    -3.315585533281178E-6    -1.6572128549412386
-3.0635917134748027E-6    -3.453660050584215E-6    -1.78954644093265
-3.026853395024525E-6     -3.5917345678872518E-6   -1.9234080437839811
-2.97188293868059E-6      -3.3364668810887443E-6   -2.3001227112545197
-2.9351446202303122E-6    -3.4745413983917815E-6   -2.431593392257402
-2.8434358454360996E-6    -3.3573482288963104E-6   -2.9397787407303513
-2.693677196260148E-6     -3.3613646934617903E-6   -3.6451154611895333
-2.7853859710543605E-6    -3.478557862957261E-6    -3.111153982199624
-2.877094745848573E-6     -3.5957510324527317E-6   -2.6053595555742586
-2.9688035206427857E-6    -3.7129442019482023E-6   -2.0995651289490502
-3.0605122954369987E-6    -3.8301373714436734E-6   -1.617818056714735
-2.635627321878409E-6     -3.4825743275227414E-6   -3.80164363160031
-2.727336096672621E-6     -3.599767497018212E-6    -3.2857830505049415
-2.819044871466834E-6     -3.7169606665136827E-6   -2.7799886238797336
-2.910753646261046E-6     -3.834153836009153E-6    -2.2846421948260636
-2.5775774474966693E-6    -3.6037839615836915E-6   -3.9581718020116368
-2.6692862222908823E-6    -3.720977131079162E-6    -3.4604121188107464
-2.760994997085095E-6     -3.838170300574633E-6    -2.951466332937747
-2.5195275731149302E-6    -3.7249935956446425E-6   -4.114699972423358
-2.611236347909143E-6     -3.842186765140113E-6    -3.6182904710491943
-2.461477698733191E-6     -3.846203229705593E-6    -4.2670228406241675
-2.195140660385671E-6     -3.3941149115904665E-6   -5.954192467007673
-2.3197747943542902E-6    -3.385927357058297E-6    -5.389532999643807
-2.4444089283229093E-6    -3.377739802526128E-6    -4.817449504280327
-2.569043062291529E-6     -3.3695522479939593E-6   -4.2453660089168475
-2.261724919972551E-6     -3.5071369911192477E-6   -5.526184036378252
-2.38635905394117E-6      -3.4989494365870784E-6   -4.955876776797271
-2.5109931879097893E-6    -3.49076188205491E-6     -4.383793281433792
-2.328309179559431E-6     -3.62015907064803E-6     -5.098175605749105
-2.4529433135280502E-6    -3.6119715161158605E-6   -4.522220553951103
-2.394893439146311E-6     -3.7331811501768115E-6   -4.670167175119408
-2.0579043130431463E-6    -3.398690862160902E-6    -6.532264095427383
-2.124488572630026E-6     -3.511712941689683E-6    -6.07805133912901
-2.191072832216906E-6     -3.6247350212184647E-6   -5.655690700715836
-2.257657091803786E-6     -3.7377571007472464E-6   -5.233330062302665
-2.324241351390666E-6     -3.8507791802760285E-6   -4.827573975205002
-1.987252225287501E-6     -3.5162888922601184E-6   -6.642613382592608
-2.0538364848743806E-6    -3.6293109717889E-6      -6.2093342392481485
-2.1204207444612606E-6    -3.7423330513176817E-6   -5.7869736008352906
-2.1870050040481406E-6    -3.855355130846464E-6    -5.370468710785737
-1.9166001375318558E-6    -3.633886922359335E-6    -6.752962669757599
-1.9831843971187353E-6    -3.7469090018881166E-6   -6.3406171393683906
-2.0497686567056158E-6    -3.859931081416898E-6    -5.9133634463668265
-1.8459480497762103E-6    -3.7514849524585523E-6   -6.863311956922706
-1.9125323093630905E-6    -3.8645070319873344E-6   -6.456258181947639
-1.7752959620205653E-6    -3.869082982557769E-6    -6.974008724679673
-1.5273311399295437E-6    -3.4195038478378326E-6   -8.646105535943917
-1.6599744332079441E-6    -3.4143006014185995E-6   -8.137327140804707
-1.7926177264863449E-6    -3.4090973549993668E-6   -7.612923498307491
-1.9252610197647456E-6    -3.403894108580134E-6    -7.0885198558105875
-1.589322345452299E-6     -3.5318986315178165E-6   -8.22176464622955
-1.7219656387306996E-6    -3.5266953850985838E-6   -7.702339172517781
-1.8546089320091003E-6    -3.521492138679351E-6    -7.17793553002072
-1.6513135509750543E-6    -3.6442934151978003E-6   -7.797423756515499
-1.783956844253455E-6     -3.6390901687785676E-6   -7.267351204231315
-1.7133047564978098E-6    -3.756688198877785E-6    -7.373082866800935
-1.3885695682623626E-6    -3.421372227622432E-6    -9.128572832971997
-1.4505607737851178E-6    -3.533767011302416E-6    -8.677484081565249
-1.5125519793078733E-6    -3.6461617949824E-6      -8.263790270423442
-1.5745431848306287E-6    -3.7585565786623837E-6   -7.850096459281637
-1.6365343903533842E-6    -3.8709513623423684E-6   -7.450486799461162
-1.3117992021179368E-6    -3.535635391087015E-6    -9.151204024245736
-1.3737904076406922E-6    -3.648030174766999E-6    -8.72448787454435
-1.4357816131634477E-6    -3.7604249584469837E-6   -8.310794063402543
-1.4977728186862032E-6    -3.872819742126968E-6    -7.901854789259071
-1.2350288359735112E-6    -3.649898554551599E-6    -9.173835215519631
-1.2970200414962666E-6    -3.7622933382315828E-6   -8.771491667523856
-1.359011247019022E-6     -3.8746881219115675E-6   -8.3532227790569
-1.1582584698290856E-6    -3.7641617180161823E-6   -9.196466406793487
-1.220249675351841E-6     -3.876556501696167E-6    -8.804590768854927
-1.0814881036846598E-6    -3.878424881480766E-6    -9.223150771699368
-8.421631891957688E-7     -3.4341599011852184E-6   -10.822746639856579
-9.787647839624171E-7     -3.4309629827945216E-6   -10.4267464793049
-1.1153663787290656E-6    -3.427766064403825E-6    -10.006486910615672
-1.251967973495714E-6     -3.424569146013128E-6    -9.58622734192621
-9.019944178179915E-7     -3.545226146259105E-6    -10.4163904170802
-1.03859601258464E-6      -3.542029227868408E-6    -10.004745500184008
-1.1751976073512884E-6    -3.538832309477712E-6    -9.584485931494584
-9.618256464402144E-7     -3.656292391332992E-6    -10.010034194303781
-1.0984272412068628E-6    -3.6530954729422952E-6   -9.582744521063045
-1.021656875062437E-6     -3.767358636406879E-6    -9.603677971527425
-7.648158062034547E-7     -3.5465888248232307E-6   -10.735017478788434
-8.246470348256774E-7     -3.6576550698971173E-6   -10.344306012356885
-8.844782634479002E-7     -3.768721314971004E-6    -9.953594545925434
-9.44309492070123E-7      -3.879787560044891E-6    -9.573785902742447
-6.874684232111405E-7     -3.659017748461243E-6    -10.671547725858405
-7.472996518333634E-7     -3.7700839935351296E-6   -10.280836259426762
-8.071308804555862E-7     -3.881150238609016E-6    -9.893958180166617
-6.101210402188266E-7     -3.771446672099255E-6    -10.608077972928662
-6.699522688410494E-7     -3.882512917173142E-6    -10.214130457590846
-5.327736572265125E-7     -3.8838755957372675E-6   -10.534302735015213
-3.705977859904179E-6     -4.156419705455375E-6    1.3105667310758433
-3.7595220974286437E-6    -4.246371043270634E-6    1.524193665924332
-3.8130663349531095E-6    -4.336322381085893E-6    1.739867437637946
-3.866610572477575E-6     -4.426273718901152E-6    1.9555412093514029
-3.920154810002042E-6     -4.516225056716412E-6    2.165799185147258
-3.633896187378366E-6     -4.23298220530697E-6     0.9940859022634219
-3.687440424902832E-6     -4.322933543122229E-6    1.2076595442108198
-3.7409846624272975E-6    -4.412884880937489E-6    1.423333315924355
-3.7945288999517632E-6    -4.502836218752749E-6    1.6375358309569306
-3.561814514852554E-6     -4.309544705158567E-6    0.6776050734512363
-3.6153587523770195E-6    -4.399496042973826E-6    0.8911254224969604
-3.6689029899014856E-6    -4.489447380789086E-6    1.1092724767660915
-3.489732842326742E-6     -4.3861072050101636E-6   0.36112424463861825
-3.5432770798512075E-6    -4.476058542825423E-6    0.5810091225752527
-3.5924201423407704E-6    -4.105672445710257E-6    0.8052776071259415
-3.5203384698149576E-6    -4.1822349455618535E-6   0.48885007121468926
-3.4482567972891457E-6    -4.25879744541345E-6     0.17242253530344537
-3.3761751247633337E-6    -4.3353599452650475E-6   -0.13999980163185483
-3.478862424777362E-6     -4.05492518596514E-6     0.2979416463104992
-3.40678075225155E-6      -4.1314876858167366E-6   -0.01848588960096725
-3.334699079725738E-6     -4.208050185668333E-6    -0.33612483404977556
-3.3653047072139538E-6    -4.004177926220023E-6    -0.20939431450537146
-3.293223034688142E-6     -4.0807404260716205E-6   -0.5322498664673031
-3.2517469896505465E-6    -3.953430666474907E-6    -0.7283748988842801
-3.871633914808464E-6     -4.610302277780397E-6    1.9521438958676205
-3.8231130196148855E-6    -4.70437949884438E-6     1.7439044025050336
-3.7745921244213083E-6    -4.798456719908365E-6    1.5356649091426193
-3.7460080047581856E-6    -4.596913439816733E-6    1.4278250809134878
-3.6974871095646083E-6    -4.690990660880718E-6    1.2195855875509538
-3.6203820947079075E-6    -4.583524601853071E-6    0.9035062659594608
-6.4477176050129E-7       -4.33089996222225E-6     -9.680129995623773
-5.824775817789615E-7     -4.219484540242036E-6    -9.958122713724892
-5.201834030566329E-7     -4.108069118261822E-6    -10.236115431826187
-4.578892243343043E-7     -3.996653696281607E-6    -10.514108149927406
-7.819503721158268E-7     -4.329537283658126E-6    -9.37347457782257
-7.196561933934983E-7     -4.218121861677911E-6    -9.636515480351976
-6.573620146711696E-7     -4.106706439697696E-6    -9.932342736911847
-5.950678359488411E-7     -3.995291017717481E-6    -10.228169993471473
-8.568348050080351E-7     -4.216759183113785E-6    -9.334148885290576
-7.945406262857065E-7     -4.1053437611335705E-6   -9.61923989556513
-7.322464475633779E-7     -3.9939283391533566E-6   -9.91506715212492
-9.317192379002433E-7     -4.103981082569446E-6    -9.294823192758503
-8.694250591779147E-7     -3.992565660589231E-6    -9.601964310778278
-1.0066036707924516E-6    -3.991202982025105E-6    -9.25549750022645
-3.825580319591342E-7     -4.10838071660944E-6     -10.459644261862048
-4.448522106814627E-7     -4.219796138589654E-6    -10.199486082219359
-5.071463894037913E-7     -4.331211560569868E-6    -9.939327902576785
-5.694405681261199E-7     -4.442626982550084E-6    -9.683979368617308
-3.072268395839641E-7     -4.220107736937273E-6    -10.432345058687615
-3.695210183062927E-7     -4.331523158917488E-6    -10.172186879044963
-4.318151970286213E-7     -4.442938580897702E-6    -9.913804081825356
-2.3189564720879406E-7    -4.331834757265106E-6    -10.405045855513535
-2.941898259311227E-7     -4.44325017924532E-6     -10.143628795033543
-1.5656445483362405E-7    -4.443561777592939E-6    -10.373453508241628
-3.5457023343650263E-7    -4.777237752028604E-6    -9.863134417374035
-2.885683072355431E-7     -4.666012427216714E-6    -10.031809732964055
-2.2256638103458355E-7    -4.554787102404827E-6    -10.200485048553958
-4.261936783330417E-7     -4.665700828869096E-6    -9.805019283016275
-3.601917521320822E-7     -4.554475504057208E-6    -9.973694598606217
-4.978171232295809E-7     -4.554163905709589E-6    -9.74690414865824
-3.2915299067240446E-6    -4.455629245652889E-6    -0.4808873376726436
-3.1654086436471598E-6    -4.448588786444017E-6    -1.0129558269069858
-3.0392873805702745E-6    -4.441548327235146E-6    -1.5450243161409742
-2.9131661174933896E-6    -4.434507868026275E-6    -2.077092805375395
-3.2500538616864485E-6    -4.3283194860561755E-6   -0.6743593187234865
-3.123932598609563E-6     -4.321279026847304E-6    -1.2127240347915507
-2.9978113355326787E-6    -4.314238567638432E-6    -1.7510887508592703
-2.871690072455794E-6     -4.307198108429562E-6    -2.2764542693062877
-3.2085778166488527E-6    -4.201009726459462E-6    -0.8757009586550099
-3.082456553571968E-6     -4.193969267250591E-6    -1.4140656747227518
-2.956335290495083E-6     -4.18692880804172E-6     -1.9485909260039802
-3.1671017716112566E-6    -4.0736999668627485E-6   -1.0770425985855745
-3.040980508534372E-6     -4.066659507653877E-6    -1.620727582701201
-3.1256257265736612E-6    -3.946390207266036E-6    -1.2928642393988936
-2.721931423279842E-6     -4.311214572995042E-6    -2.9193466200907827
-2.6568179921431792E-6    -4.19496173717268E-6     -3.2508002499214745
-2.5917045610065167E-6    -4.078708901350317E-6    -3.582253879752403
-2.5265911298698537E-6    -3.9624560655279556E-6   -3.913707509582938
-2.806576641319131E-6     -4.1909452726072E-6      -2.5979762425087736
-2.7414632101824684E-6    -4.074692436784837E-6    -2.932497413333185
-2.676349779045806E-6     -3.958439600962475E-6    -3.267018584157644
-2.8912218593584204E-6    -4.070675972219357E-6    -2.279272632041446
-2.8261084282217575E-6    -3.954423136396995E-6    -2.6137938028656906
-2.975867077397709E-6     -3.950406671831515E-6    -1.9605690215735367
-2.6501500386480716E-6    -4.428676096882444E-6    -3.1454916596637386
-2.5132552228796383E-6    -4.429884784947485E-6    -3.682310069038763
-2.376360407111205E-6     -4.431093473012525E-6    -4.219128478414142
-2.2394655913427723E-6    -4.432302161077565E-6    -4.755946887789167
-2.585036607511409E-6     -4.312423261060082E-6    -3.4647679552652915
-2.4481417917429758E-6    -4.313631949125122E-6    -4.007522523325733
-2.3112469759745426E-6    -4.314840637190163E-6    -4.550277091386132
-2.1743521602061098E-6    -4.316049325255203E-6    -5.071320919308465
-2.519923176374746E-6     -4.196170425237719E-6    -3.793154044102542
-2.3830283606063132E-6    -4.19737911330276E-6     -4.335908612162973
-2.24613354483788E-6      -4.1985878013678E-6      -4.871939481537141
-2.4548097452380835E-6    -4.079917589415357E-6    -4.121540132939772
-2.3179149294696507E-6    -4.081126277480397E-6    -4.672558043765267
-2.3896963141014205E-6    -3.963664753592996E-6    -4.473176605993709
-1.84075092473132E-6      -3.9819685558747366E-6   -6.610813879196895
-1.977987272073845E-6     -3.977392605304301E-6    -6.092864788098118
-2.11522361941637E-6      -3.972816654733866E-6    -5.560718855469116
-2.2524599667588956E-6    -3.968240704163431E-6    -5.028572922840114
-1.9062058874420749E-6    -4.094854129191703E-6    -6.2723816381057205
-2.0434422347846E-6       -4.090278178621268E-6    -5.74511325178872
-2.180678582127125E-6     -4.0857022280508336E-6   -5.212967319159718
-1.9716608501528295E-6    -4.207739702508671E-6    -5.93394939701478
-2.1088971974953543E-6    -4.203163751938236E-6    -5.397361715479573
-2.0371158128635845E-6    -4.320625275825638E-6    -5.595517155923291
-1.7019338063647643E-6    -3.983457718065227E-6    -7.098722749802751
-1.7673887690755192E-6    -4.096343291382194E-6    -6.740345218924371
-1.832843731786274E-6     -4.209228864699161E-6    -6.411232273051261
-1.8982986944970286E-6    -4.322114438016128E-6    -6.082119327177994
-1.9637536572077836E-6    -4.435000011333096E-6    -5.7609401244722385
-1.6285716507089634E-6    -4.097832453572684E-6    -7.223314220182452
-1.694026613419718E-6     -4.2107180268896516E-6   -6.884073400181519
-1.759481576130473E-6     -4.323603600206618E-6    -6.554960454308489
-1.8249365388412277E-6    -4.436489173523586E-6    -6.228642942191299
-1.555209495053162E-6     -4.212207189080142E-6    -7.347905690561523
-1.6206644577639171E-6    -4.325092762397109E-6    -7.027801581439171
-1.6861194204746717E-6    -4.437978335714076E-6    -6.696345759910714
-1.4818473393973614E-6    -4.326581924587599E-6    -7.472497160940515
-1.5473023021081162E-6    -4.4394674979045666E-6   -7.164048577629617
-1.3430857677301803E-6    -4.3284503043721984E-6   -7.907753439503733
-1.2776863517188E-6       -4.215943948649341E-6    -8.23000035255572
-1.21228693570742E-6      -4.103437592926482E-6    -8.552247265608255
-1.14688751969604E-6      -3.990931237203624E-6    -8.874494178660516
-1.416447923385981E-6     -4.214075568864741E-6    -7.780935229285094
-1.351048507374601E-6     -4.101569213141882E-6    -8.117518845259074
-1.285649091363221E-6     -3.9890628574190246E-6   -8.454102461232756
-1.489810079041782E-6     -4.0997008333572834E-6   -7.6754804697845564
-1.424410663030402E-6     -3.987194477634425E-6    -8.01206408575827
-1.563172234697583E-6     -3.9853260978498255E-6   -7.570025710283565
-1.0720030868038316E-6    -4.103709337747964E-6    -8.914223320890892
-1.1374025028152117E-6    -4.216215693470822E-6    -8.606313110759698
-1.2028019188265916E-6    -4.3287220491936804E-6   -8.298402900629034
-1.268201334837972E-6     -4.441228404916539E-6    -7.997200184014163
-9.971186539116234E-7     -4.216487438292303E-6    -8.97559912116752
-1.0625180699230035E-6    -4.328993794015162E-6    -8.667688911036752
-1.1279174859343835E-6    -4.44150014973802E-6     -8.362242086043157
-9.222342210194152E-7     -4.329265538836644E-6    -9.036974921444923
-9.876336370307954E-7     -4.441771894559501E-6    -8.727283988072406
-8.473497881272069E-7     -4.442043639380984E-6    -9.092325890101282
-3.2359964998964096E-6    -4.563095304680536E-6    -0.7113171691218745
-3.180463093068775E-6     -4.6705613637081834E-6   -0.9338773416918482
-3.1249296862411404E-6    -4.7780274227358315E-6   -1.1564375142618306
-3.1098752368195247E-6    -4.556054845471665E-6    -1.2370894315226821
-3.0543418299918905E-6    -4.663520904499312E-6    -1.4596496040925473
-2.98375397374264E-6      -4.549014386262794E-6    -1.76286169392343
-1.051217911126701E-6     -4.776654408859503E-6    -8.406969124797502
-9.832618701268696E-7     -4.665117485699996E-6    -8.633413102691765
-9.153058291270382E-7     -4.5535805625404895E-6   -8.859857080586254
-1.1235457190304579E-6    -4.664845740878514E-6    -8.272615309042143
-1.0555896780306267E-6    -4.553308817719008E-6    -8.499059286936294
-1.1958735269342148E-6    -4.553037072897526E-6    -8.138261493286304
-2.443507727910057E-6     -4.772195651592001E-6    -3.877613914363282
-2.3754936823876287E-6    -4.658897821420521E-6    -4.167492011231948
-2.3074796368652003E-6    -4.545599991249044E-6    -4.457370108100416
-2.512388498156062E-6     -4.657689133355481E-6    -3.6366097605422603
-2.444374452633634E-6     -4.544391303184003E-6    -3.926487857410793
-2.5812692684020667E-6    -4.5431826151189625E-6   -3.3956056067207245
-1.7490573360859566E-6    -4.774893501847532E-6    -6.363104136276154
-1.681805658093343E-6     -4.6630848338665425E-6   -6.627591888371645
-1.6145539801007295E-6    -4.551276165885554E-6    -6.892079640467295
-1.8206227764598989E-6    -4.661595671676052E-6    -6.165027380064098
-1.7533710984672854E-6    -4.549787003695064E-6    -6.429515132159659
-1.892188216833841E-6     -4.5482978415045735E-6   -5.966950623851884
