4.536052183316671E-6      -4.6366096101849386E-7   31.405907280590792
4.628841746653337E-6      -3.7092876881479506E-7   32.423683754511615
4.721631309990002E-6      -2.7819657661109627E-7   33.431409793558316
4.8144208733266665E-6     -1.8546438440739748E-7   34.439135832602624
4.907210436663335E-6      -9.273219220369879E-8    35.44686187165023
4.9999999999999996E-6     0                        36.4545879106941
4.494529438754981E-6      -3.7092876881479506E-7   32.70022245654815
4.587319002091646E-6      -2.7819657661109627E-7   33.72766151120141
4.680108565428311E-6      -1.8546438440739748E-7   34.80403906273584
4.772898128764977E-6      -9.273219220369874E-8    35.88041661426901
4.865687692101644E-6      -2.5738353727127953E-23  36.95679416580186
4.453006694193288E-6      -2.7819657661109627E-7   34.01513104089857
4.545796257529955E-6      -1.8546438440739753E-7   35.09025534682928
4.6385858208666195E-6     -9.273219220369871E-8    36.16663289836307
4.731375384203284E-6      3.860753059069193E-23    37.24301044989687
4.411483949631597E-6      -1.8546438440739748E-7   35.330039625250635
4.5042735129682635E-6     -9.273219220369877E-8    36.45284918245652
4.5970630763049275E-6     3.860753059069193E-23    37.529226733990626
4.369961205069907E-6      -9.273219220369879E-8    36.644948209602
4.462750768406572E-6      5.1476707454255905E-23   37.8154430180825
4.328438460508215E-6      0                        38.0180148467937
4.628841746653337E-6      -5.13785911671937E-7     30.617084967014947
4.721631309990002E-6      -5.639108623253802E-7    29.812570754971652
4.8144208733266665E-6     -6.140358129788233E-7    29.008056542928358
4.907210436663335E-6      -6.641607636322667E-7    28.20354233088569
4.9999999999999996E-6     -7.142857142857099E-7    27.371092738546604
4.721631309990002E-6      -4.210537194682383E-7    31.61923802652728
4.814420873326667E-6      -4.711786701216814E-7    30.756176219604175
4.907210436663333E-6      -5.213036207751246E-7    29.89311441268026
5.0E-6                    -5.714285714285679E-7    29.030052605756694
4.814420873326668E-6      -3.2832152726453956E-7   32.5583125530841
4.907210436663334E-6      -3.784464779179827E-7    31.695250746160323
4.9999999999999996E-6     -4.2857142857142587E-7   30.832188939237373
4.907210436663335E-6      -2.3558933506084077E-7   33.49738707964131
4.9999999999999996E-6     -2.8571428571428395E-7   32.6343252727186
4.9999999999999996E-6     -1.4285714285714197E-7   34.43646160619793
3.9685773672732835E-6     -5.164460854815112E-7    30.822380827628937
4.04054958592027E-6       -4.1315686838520893E-7   32.2020574871849
4.1125218045672545E-6     -3.098676512889066E-7    33.645591270164786
4.184494023214241E-6      -2.065784341926044E-7    35.08912505314342
4.256466241861228E-6      -1.0328921709630226E-7   36.532658836120945
3.905783380350276E-6      -4.1315686838520893E-7   32.03844295731325
3.977755598997261E-6      -3.098676512889067E-7    33.44347111638119
4.049727817644248E-6      -2.065784341926044E-7    34.94515528255751
4.121700036291233E-6      -1.0328921709630219E-7   36.446839448734764
4.193672254938222E-6      -2.8668516753955273E-23  37.94852361491171
3.842989393427267E-6      -3.098676512889066E-7    33.28488331071779
3.914961612074255E-6      -2.0657843419260446E-7   34.759347944996115
3.98693383072124E-6       -1.0328921709630217E-7   36.261032111172874
4.058906049368227E-6      4.300277513093291E-23    37.7627162773511
3.7801954065042606E-6     -2.065784341926044E-7    34.531323664122205
3.852167625151247E-6      -1.0328921709630223E-7   36.07522477361072
3.924139843798233E-6      4.300277513093291E-23    37.57690893978908
3.7174014195812534E-6     -1.0328921709630226E-7   35.777764017527254
3.7893736382282398E-6     5.733703350791055E-23    37.39110160222517
3.654607432658246E-6      0                        37.05270168147281
4.9999999999999996E-6     -1.428571428571425E-6    20.766493428787015
5.0E-6                    -1.285714285714282E-6    21.98777201230203
4.9999999999999996E-6     -1.1428571428571388E-6   23.31963450371583
4.9999999999999996E-6     -9.999999999999957E-7    24.65149699512884
5.0E-6                    -8.571428571428529E-7    25.983359486542792
4.876483857194782E-6      -1.3606912061072128E-6   21.595211826430393
4.876483857194783E-6      -1.2178340632500696E-6   22.845279497115325
4.876483857194782E-6      -1.0749769203929263E-6   24.17714198852879
4.876483857194782E-6      -9.321197775357834E-7    25.509004479942913
4.876483857194783E-6      -7.892626346786407E-7    26.91879998143567
4.752967714389563E-6      -1.2928109836430001E-6   22.392010102427626
4.7529677143895645E-6     -1.1499538407858573E-6   23.70278698192893
4.752967714389563E-6      -1.0070966979287139E-6   25.03464947334257
4.752967714389563E-6      -8.642395550715709E-7    26.39491899118905
4.629451571584344E-6      -1.2249307611787877E-6   23.188808378423836
4.629451571584345E-6      -1.0820736183216449E-6   24.560294466742366
4.629451571584344E-6      -9.392164754645016E-7    25.871038000941645
4.505935428779128E-6      -1.1570505387145755E-6   23.985606654420994
4.505935428779128E-6      -1.0141933958574324E-6   25.347157010694634
4.382419285973909E-6      -1.089170316250363E-6    24.742982177224086
4.9999999999999996E-6     -2.14285714285714E-6     16.012423086324613
5.0E-6                    -1.9999999999999974E-6   16.88886166418753
4.9999999999999996E-6     -1.8571428571428541E-6   17.842309544514094
4.9999999999999996E-6     -1.7142857142857109E-6   18.795757424840975
5.0E-6                    -1.5714285714285683E-6   19.749205305168015
4.883287868832244E-6      -2.0892837512672347E-6   16.529600227725712
4.883287868832243E-6      -1.946426608410092E-6    17.420348277923654
4.883287868832242E-6      -1.8035694655529483E-6   18.373796158250535
4.883287868832243E-6      -1.6607123226958054E-6   19.32724403857742
4.883287868832244E-6      -1.5178551798386626E-6   20.349394936662335
4.766575737664486E-6      -2.0357103596773285E-6   17.02188834855781
4.766575737664488E-6      -1.8928532168201863E-6   17.95183489166057
4.766575737664486E-6      -1.749996073963043E-6    18.905282771987135
4.766575737664486E-6      -1.6071389311058998E-6   19.877004490589208
4.649863606496729E-6      -1.982136968087423E-6    17.51417646939077
4.64986360649673E-6       -1.8392798252302806E-6   18.483321505396646
4.649863606496729E-6      -1.6964226823731372E-6   19.404614044514666
4.533151475328974E-6      -1.928563576497518E-6    18.006464590222862
4.533151475328974E-6      -1.7857064336403747E-6   18.932223598440594
4.416439344161217E-6      -1.8749901849076121E-6   18.447536132495394
3.3103985479413264E-6     -5.206729146443935E-7    29.015441098223505
3.379240324884711E-6      -4.165383317155148E-7    30.552505191447104
3.448082101828094E-6      -3.12403748786636E-7     32.15848024105418
3.5169238787714778E-6     -2.0826916585775732E-7   33.764455290661786
3.5857656557148624E-6     -1.0413458292887874E-7   35.37043034026889
3.2467095462529646E-6     -4.165383317155148E-7    29.941788699071267
3.3155513231963492E-6     -3.1240374878663607E-7   31.496773046858095
3.384393100139733E-6      -2.0826916585775738E-7   33.15411438770444
3.453234877083116E-6      -1.0413458292887865E-7   34.8114557285498
3.5220766540265006E-6     -2.890315290684472E-23   36.46879706939686
3.1830205445646023E-6     -3.12403748786636E-7     30.885161907638675
3.251862321507987E-6      -2.0826916585775743E-7   32.513215154548334
3.3207040984513704E-6     -1.0413458292887864E-7   34.170556495394194
3.3895458753947538E-6     4.3354729360267085E-23   35.8278978362397
3.1193315428762406E-6     -2.0826916585775732E-7   31.82853511620489
3.1881733198196248E-6     -1.0413458292887869E-7   33.529657262237535
3.257015096763008E-6      4.3354729360267085E-23   35.18699860308384
3.0556425411878796E-6     -1.0413458292887874E-7   32.771908324770905
3.1244843181312634E-6     5.780630581368945E-23    34.54609936992653
2.991953539499517E-6      0                        33.71322086400498
2.665169827576412E-6      -5.295868417685844E-7    25.42834436677799
2.7305265699610335E-6     -4.236694734148675E-7    26.9980670370021
2.7958833123456536E-6     -3.1775210506115055E-7   28.652858084655954
2.8612400547302746E-6     -2.1183473670743372E-7   30.30764913231102
2.926596797114896E-6      -1.0591736835371692E-7   31.96244017996507
2.6008021447723715E-6     -4.236694734148675E-7    26.029617624546884
2.6661588871569925E-6     -3.1775210506115065E-7   27.61530800345096
2.7315156295416135E-6     -2.118347367074337E-7    29.305091463708358
2.7968723719262344E-6     -1.0591736835371685E-7   30.994874923965497
2.862229114310856E-6      -2.9397975263500095E-23  32.68465838422217
2.5364344619683305E-6     -3.1775210506115055E-7   26.622082671101364
2.6017912043529524E-6     -2.1183473670743375E-7   28.280650322596657
2.6671479467375725E-6     -1.0591736835371681E-7   29.97043378285385
2.7325046891221935E-6     4.409696289525014E-23    31.66021724311094
2.47206677916429E-6       -2.1183473670743372E-7   27.21454771765555
2.5374235215489114E-6     -1.0591736835371686E-7   28.945992641741782
2.602780263933532E-6      4.409696289525014E-23    30.635776101998534
2.40769909636025E-6       -1.0591736835371692E-7   27.807012764209496
2.473055838744871E-6      5.879595052700019E-23    29.611334960886914
2.343331413556209E-6      0                        28.37058736495995
4.421044639082185E-6      -2.5362278089140612E-6   14.727300951303334
4.536835711265748E-6      -2.6004108185598204E-6   14.341240155488602
4.652626783449311E-6      -2.6645938282055786E-6   13.928593066077958
4.7684178556328726E-6     -2.7287768378513373E-6   13.515945976667002
4.884208927816438E-6      -2.792959847497097E-6    13.103298887256479
4.9999999999999996E-6     -2.857142857142855E-6    12.672307389555996
4.536835711265748E-6      -2.457553675702677E-6    15.012412424754674
4.652626783449311E-6      -2.5217366853484362E-6   14.615092075027746
4.768417855632873E-6      -2.5859196949941945E-6   14.169876197130476
4.884208927816436E-6      -2.6501027046399536E-6   13.724660319233273
5.0E-6                    -2.7142857142857127E-6   13.279444441336068
4.652626783449311E-6      -2.378879542491292E-6    15.27204125295537
4.768417855632875E-6      -2.443062552137052E-6    14.840676348092913
4.884208927816437E-6      -2.5072455617828104E-6   14.395460470195808
4.9999999999999996E-6     -2.5714285714285687E-6   13.950244592298349
4.7684178556328726E-6     -2.300205409279908E-6    15.531670081155909
4.884208927816438E-6      -2.3643884189256676E-6   15.066260621159088
4.9999999999999996E-6     -2.428571428571426E-6    14.621044743261729
4.884208927816438E-6      -2.221531276068525E-6    15.791298909356371
4.9999999999999996E-6     -2.2857142857142834E-6   15.291844894224559
4.439532795973043E-6      -3.2304122596402177E-6   11.992986628850085
4.551626236778434E-6      -3.2986155219978886E-6   11.706667513283676
4.663719677583825E-6      -3.3668187843555582E-6   11.4019966175833
4.7758131183892155E-6     -3.4350220467132287E-6   11.097325721882825
4.887906559194608E-6      -3.5032253090709E-6      10.792654826182499
4.9999999999999996E-6     -3.57142857142857E-6     10.472652776968912
4.551626236778434E-6      -3.1557583791407458E-6   12.150751903657355
4.663719677583826E-6      -3.2239616414984163E-6   11.858162631049861
4.775813118389217E-6      -3.2921649038560863E-6   11.525825359884308
4.8879065591946075E-6     -3.3603681662137564E-6   11.193488088718809
5.0E-6                    -3.4285714285714277E-6   10.861150817553044
4.663719677583825E-6      -3.0811044986412726E-6   12.289098662529852
4.775813118389218E-6      -3.149307760998944E-6    11.969442298740265
4.887906559194608E-6      -3.2175110233566135E-6   11.637105027574695
4.9999999999999996E-6     -3.2857142857142836E-6   11.304767756408985
4.7758131183892155E-6     -3.0064506181418E-6      12.427445421402494
4.887906559194608E-6      -3.0746538804994707E-6   12.080721966430872
4.9999999999999996E-6     -3.1428571428571404E-6   11.748384695265338
4.887906559194608E-6      -2.931796737642328E-6    12.565792180275166
4.9999999999999996E-6     -2.9999999999999984E-6   12.192001634121182
2.0131086100110812E-6     -5.398145384713228E-7    20.290960773564414
2.079153170720107E-6      -4.3185163077705826E-7   21.80803448008571
2.145197731429132E-6      -3.238887230827936E-7    23.421634394452273
2.211242292138157E-6      -2.1592581538852908E-7   25.035234308818637
2.2772868528471832E-6     -1.0796290769426459E-7   26.648834223184853
1.9474038413788783E-6     -4.3185163077705826E-7   20.51016417315724
2.013448402087904E-6      -3.2388872308279366E-7   22.04226118268781
2.0794929627969287E-6     -2.1592581538852905E-7   23.67416311812349
2.1455375235059543E-6     -1.0796290769426453E-7   25.306065053559173
2.2115820842149807E-6     -2.996572648191324E-23   26.93796698899469
1.881699072746674E-6      -3.238887230827936E-7    20.697877583314906
1.9477436334557E-6        -2.1592581538852913E-7   22.29932363377159
2.0137881941647253E-6     -1.079629076942645E-7    23.93122556920679
2.079832754873751E-6      4.494858972286987E-23    25.56312750464248
1.815994304114471E-6      -2.1592581538852908E-7   20.88559099347249
1.8820388648234968E-6     -1.0796290769426455E-7   22.5563860848538
1.948083425532522E-6      4.494858972286987E-23    24.188288020288848
1.750289535482268E-6      -1.0796290769426459E-7   21.073304403629997
1.8163340961912934E-6     5.993145296382649E-23    22.813448535936324
1.6845847668500644E-6     0                        21.20267478148451
4.9999999999999996E-6     -4.2857142857142855E-6   9.208008557248348
5.0E-6                    -4.142857142857143E-6    9.425436083160426
4.9999999999999996E-6     -3.999999999999999E-6    9.679574679856263
4.9999999999999996E-6     -3.857142857142856E-6    9.933713276551746
5.0E-6                    -3.7142857142857133E-6   10.187851873247345
4.877764369304294E-6      -4.217907572924683E-6    9.43784419463731
4.877764369304295E-6      -4.075050430067539E-6    9.660316849969803
4.877764369304293E-6      -3.9321932872103955E-6   9.914455446665384
4.877764369304293E-6      -3.7893361443532527E-6   10.168594043361004
4.877764369304295E-6      -3.64647900149611E-6     10.457002143956853
4.755528738608585E-6      -4.150100860135078E-6    9.65246910555739
4.7555287386085876E-6     -4.007243717277936E-6    9.895197616778944
4.755528738608586E-6      -3.864386574420792E-6    10.149336213474623
4.755528738608585E-6      -3.7215294315636483E-6   10.413792061808437
4.633293107912879E-6      -4.082294147345474E-6    9.86709401647755
4.6332931079128794E-6     -3.939437004488332E-6    10.130078383588112
4.633293107912879E-6      -3.7965798616311877E-6   10.37058197966012
4.511057477217174E-6      -4.0144874345558715E-6   10.081718927397471
4.511057477217174E-6      -3.871630291698728E-6    10.327371897511664
4.3888218465214674E-6     -3.946680721766267E-6    10.26096808024013
4.552008902223481E-6      -4.550949257727901E-6    9.397833592964867
4.6416071217787854E-6     -4.6407594061823205E-6   9.27641586292501
4.731205341334089E-6      -4.73056955463674E-6     9.150471886746526
4.820803560889391E-6      -4.820379703091159E-6    9.024527910567999
4.910401780444696E-6      -4.91018985154558E-6     8.898583934389526
4.9999999999999996E-6     -4.999999999999999E-6    8.77263995821098
4.6416071217787854E-6     -4.4979022633251785E-6   9.367353672319627
4.731205341334089E-6      -4.587712411779598E-6    9.240808067351018
4.820803560889392E-6      -4.677522560234017E-6    9.097286861585822
4.910401780444695E-6      -4.767332708688436E-6    8.953765655820746
5.0E-6                    -4.857142857142857E-6    8.810244450055622
4.731205341334089E-6      -4.444855268922454E-6    9.332106277399728
4.820803560889394E-6      -4.534665417376876E-6    9.189122525149628
4.910401780444696E-6      -4.624475565831294E-6    9.04560131938449
4.9999999999999996E-6     -4.714285714285713E-6    8.902080113619371
4.820803560889391E-6      -4.391808274519731E-6    9.296858882479878
4.910401780444696E-6      -4.481618422974152E-6    9.1374369829482
4.9999999999999996E-6     -4.57142857142857E-6     8.99391577718316
4.910401780444696E-6      -4.338761280117009E-6    9.261611487559989
4.9999999999999996E-6     -4.428571428571428E-6    9.085751440746831
1.3495265311145976E-6     -5.469313444355167E-7    13.8909186461466
1.4165381782616912E-6     -4.3754507554841336E-7   15.250585167975569
1.483549825408784E-6      -3.281588066613099E-7    16.709115787589177
1.5505614725558775E-6     -2.187725377742066E-7    18.167646407204117
1.6175731197029713E-6     -1.0938626888710338E-7   19.626177026819377
1.281774201531898E-6      -4.3754507554841336E-7   13.683919821833179
1.3487858486789916E-6     -3.2815880666131E-7      15.054865490193736
1.4157974958260847E-6     -2.1877253777420663E-7   16.512247946226953
1.482809142973178E-6      -1.0938626888710329E-7   17.969630402259853
1.549820790120272E-6      -3.0360788574075126E-23  19.427012858292283
1.2140218719491982E-6     -3.281588066613099E-7    13.422945862705301
1.281033519096292E-6      -2.1877253777420668E-7   14.853272087645275
1.3480451662433852E-6     -1.0938626888710327E-7   16.310654543678254
1.4150568133904783E-6     4.5541182861112694E-23   17.768036999712177
1.1462695423664986E-6     -2.187725377742066E-7    13.161971903577426
1.2132811895135924E-6     -1.0938626888710334E-7   14.651678685095868
1.2802928366606854E-6     4.5541182861112694E-23   16.109061141128297
1.0785172127837995E-6     -1.0938626888710338E-7   12.90099794445026
1.1455288599308927E-6     6.072157714815026E-23    14.450085282546459
1.0107648832010995E-6     0                        12.55327162131328
4.40811949545806E-6       -4.999999999999998E-6    9.299214384375977
4.526495596366448E-6      -4.999999999999999E-6    9.218232290507238
4.6448716972748354E-6     -4.999999999999998E-6    9.120392000362996
4.763247798183223E-6      -4.999999999999997E-6    9.022551710218691
4.881623899091612E-6      -4.999999999999999E-6    8.924711420074368
4.436897376811145E-6      -4.910189851545579E-6    9.30577216010774
4.555273477719533E-6      -4.910189851545578E-6    9.228758746954837
4.67364957862792E-6       -4.910189851545579E-6    9.130918456810539
4.792025679536308E-6      -4.910189851545579E-6    9.033078166666284
4.465675258164228E-6      -4.820379703091158E-6    9.327487096300626
4.584051359072618E-6      -4.82037970309116E-6     9.239285203402424
4.702427459981005E-6      -4.820379703091159E-6    9.14144491325815
4.494453139517312E-6      -4.730569554636739E-6    9.34920203249351
4.612829240425701E-6      -4.7305695546367405E-6   9.249811659849998
4.523231020870398E-6      -4.640759406182321E-6    9.370916968686375
-4.537069649103217E-6     -4.600575353073949E-7    -25.73706055265785
-4.4953434113842175E-6    -3.680460282459159E-7    -26.966956627985816
-4.453617173665216E-6     -2.760345211844369E-7    -28.220824495836013
-4.411890935946215E-6     -1.840230141229579E-7    -29.474692363686835
-4.370164698227216E-6     -9.201150706147902E-8    -30.728560231536406
-4.328438460508215E-6     0                        -32.054555971007325
-4.629655719282574E-6     -3.680460282459159E-7    -26.359007911279893
-4.587929481563573E-6     -2.7603452118443693E-7   -27.59734506494431
-4.546203243844573E-6     -1.8402301412295793E-7   -28.88493320576453
-4.504477006125571E-6     -9.201150706147895E-8    -30.172521346585903
-4.4627507684065716E-6    -2.5538323417528535E-23  -31.46010948740539
-4.72224178946193E-6      -2.760345211844369E-7    -26.96030917624559
-4.680515551742931E-6     -1.8402301412295798E-7   -28.257612993860388
-4.63878931402393E-6      -9.201150706147892E-8    -29.54520113468061
-4.597063076304928E-6     3.83074851262928E-23     -30.832789275500303
-4.814827859641286E-6     -1.840230141229579E-7    -27.561610441213176
-4.773101621922286E-6     -9.201150706147898E-8    -28.91788092277447
-4.731375384203284E-6     3.83074851262928E-23     -30.205469063594897
-4.9074139298206435E-6    -9.201150706147902E-8    -28.162911706181475
-4.865687692101644E-6     5.107664683505707E-23    -29.57814885169013
-4.9999999999999996E-6    0                        -28.76421297114961
-4.629655719282574E-6     -5.109031711030579E-7    -24.843144957929187
-4.7222417894619296E-6    -4.188916640415789E-7    -25.449253194336162
-4.8148278596412865E-6    -3.268801569800999E-7    -25.991587795357727
-4.907413929820643E-6     -2.3486864991862084E-7   -26.533922396378657
-5.0E-6                   -1.4285714285714192E-7   -27.076256997400222
-4.72224178946193E-6      -5.617488068987207E-7    -23.942232069811745
-4.814827859641287E-6     -4.697372998372418E-7    -24.49024749024188
-4.9074139298206435E-6    -3.777257927757627E-7    -25.032582091263127
-4.9999999999999996E-6    -2.8571428571428374E-7   -25.574916692284376
-4.814827859641286E-6     -6.125944426943836E-7    -23.041319181693915
-4.9074139298206435E-6    -5.205829356329047E-7    -23.531241786146385
-4.9999999999999996E-6    -4.285714285714256E-7    -24.073576387166643
-4.9074139298206435E-6    -6.634400784900466E-7    -22.140406293576078
-4.9999999999999996E-6    -5.714285714285676E-7    -22.572236082052687
-4.9999999999999996E-6    -7.142857142857094E-7    -21.233800230455874
-3.973785907453061E-6     -5.14460222015325E-7     -26.471857141468504
-3.909950212494098E-6     -4.1156817761226E-7      -27.751808986883134
-3.846114517535134E-6     -3.0867613320919494E-7   -29.066670645356794
-3.7822788225761703E-6    -2.0578408880612992E-7   -30.381532303829747
-3.718443127617208E-6     -1.0289204440306502E-7   -31.69639396230262
-3.654607432658244E-6     0                        -33.060167042373365
-4.044716418064093E-6     -4.1156817761226E-7      -27.55969188233994
-3.9808807231051286E-6    -3.0867613320919494E-7   -28.852709568239657
-3.917045028146165E-6     -2.0578408880612992E-7   -30.22669204476897
-3.8532093331872016E-6    -1.0289204440306496E-7   -31.600674521297123
-3.7893736382282385E-6    -2.8558279186759176E-23  -32.97465699782559
-4.115646928675122E-6     -3.0867613320919494E-7   -28.679298688469054
-4.051811233716159E-6     -2.0578408880613003E-7   -30.0327307238754
-3.987975538757195E-6     -1.0289204440306492E-7   -31.40671320040346
-3.924139843798232E-6     4.283741878013877E-23    -32.780695676931074
-4.186577439286152E-6     -2.0578408880612992E-7   -29.798905494597847
-4.12274174432719E-6      -1.0289204440306502E-7   -31.212751879509977
-4.058906049368226E-6     4.283741878013877E-23    -32.58673435603845
-4.257507949897184E-6     -1.0289204440306502E-7   -30.918512300725546
-4.193672254938221E-6     5.711655837351836E-23    -32.392773035143925
-3.3230867040423826E-6    -5.395708393164844E-7    -26.016373476153202
-3.2568600711338E-6       -4.3165667145318754E-7   -27.125541390311007
-3.1906334382252167E-6    -3.2374250358989057E-7   -28.262644395504054
-3.1244068053166333E-6    -2.1582833572659372E-7   -29.399747400696118
-3.0581801724080516E-6    -1.0791416786329691E-7   -30.536850405890302
-2.991953539499468E-6     0                        -31.696723012236045
-3.3893908497655554E-6    -4.3165667145318754E-7   -27.37055454862491
-3.3231642168569725E-6    -3.237425035898906E-7    -28.494299947765352
-3.2569375839483895E-6    -2.158283357265937E-7    -29.70172424629638
-3.1907109510398057E-6    -1.0791416786329685E-7   -30.9091485448261
-3.1244843181312236E-6    -2.9952198461274083E-23  -32.116572843357396
-3.455694995488727E-6     -3.2374250358989057E-7   -28.77940126251888
-3.389468362580145E-6     -2.1582833572659377E-7   -29.962078506847774
-3.323241729671561E-6     -1.0791416786329682E-7   -31.169502805379246
-3.2570150967629777E-6    4.4928297691911125E-23   -32.37692710391052
-3.521999141211899E-6     -2.1582833572659372E-7   -30.188247976413003
-3.4557725083033164E-6    -1.0791416786329687E-7   -31.429857065931724
-3.389545875394733E-6     4.4928297691911125E-23   -32.63728136446302
-3.588303286935072E-6     -1.0791416786329691E-7   -31.59709469030603
-3.522076654026489E-6     5.990439692254817E-23    -32.89763562501441
6.856249774132633E-7      -5.527014306024523E-7    6.7230314934085085
7.506529585708306E-7      -4.421611444819619E-7    7.791383871443093
8.156809397283977E-7      -3.316208583614713E-7    8.952126083579046
8.80708920885965E-7       -2.2108057224098088E-7   10.112868295716021
9.457369020435323E-7      -1.1054028612049049E-7   11.273610507852366
6.158843074773503E-7      -4.421611444819619E-7    6.096245079867084
6.809122886349175E-7      -3.316208583614714E-7    7.16958240107402
7.459402697924848E-7      -2.2108057224098088E-7   8.307418586417171
8.10968250950052E-7       -1.1054028612049042E-7   9.445254771759702
8.759962321076194E-7      -3.068109269990528E-23   10.583090957101286
5.461436375414372E-7      -3.316208583614713E-7    5.394105641664687
6.111716186990045E-7      -2.2108057224098095E-7   6.510742650223378
6.761995998565717E-7      -1.1054028612049038E-7   7.648578835565707
7.412275810141389E-7      4.6021639049857924E-23   8.786415020907492
4.7640296760552413E-7     -2.2108057224098088E-7   4.691966203461034
5.414309487630915E-7      -1.1054028612049046E-7   5.851902899371484
6.064589299206587E-7      4.6021639049857924E-23   6.989739084714643
4.066622976696112E-7      -1.1054028612049049E-7   3.9898267652606823
4.7169027882717846E-7     6.136218539981057E-23    5.193063148519591
3.3692162773369814E-7     0                        3.180206046654401
-2.658613715153158E-6     -5.560788377533355E-7    -23.798671521682234
-2.5955572548337666E-6    -4.448630702026684E-7    -24.657274497520014
-2.5325007945143743E-6    -3.336473026520012E-7    -25.53187564464882
-2.4694443341949833E-6    -2.2243153510133415E-7   -26.406476791776676
-2.4063878738755923E-6    -1.1121576755066714E-7   -27.281077938905973
-2.3433314135562E-6       0                        -28.156115951615963
-2.72528168002242E-6      -4.448630702026684E-7    -25.299212174782326
-2.662225219703029E-6     -3.3364730265200126E-7   -26.176933117486076
-2.599168759383637E-6     -2.2243153510133412E-7   -27.126282627295673
-2.536112299064245E-6     -1.1121576755066705E-7   -28.075632137104307
-2.473055838744854E-6     -3.086857645902749E-23   -29.024981646914515
-2.7919496448916817E-6    -3.336473026520012E-7    -26.87865293782461
-2.728893184572291E-6     -2.224315351013342E-7    -27.805602769202675
-2.665836724252899E-6     -1.1121576755066702E-7   -28.75495227901156
-2.6027802639335065E-6    4.6302864688541236E-23   -29.70430178882042
-2.8586176097609438E-6    -2.2243153510133415E-7   -28.458093700866815
-2.7955611494415523E-6    -1.112157675506671E-7    -29.434272420919264
-2.73250468912216E-6      4.6302864688541236E-23   -30.383621930727973
-2.9252855746302062E-6    -1.1121576755066714E-7   -30.037534463909964
-2.8622291143108143E-6    6.173715291805498E-23    -31.06294207263514
-1.9909852192423746E-6    -5.551410411453968E-7    -19.988716984667533
-1.9297051287639143E-6    -4.4411283291631746E-7   -20.506461288501498
-1.8684250382854537E-6    -3.33084624687238E-7     -21.019335110745207
-1.807144947806993E-6     -2.2205641645815865E-7   -21.532208932988553
-1.7458648573285331E-6    -1.1102820822907939E-7   -22.045082755231952
-1.6845847668500725E-6    0                        -22.52915487291541
-2.06145445810514E-6      -4.4411283291631746E-7   -21.531446955272045
-2.0001743676266792E-6    -3.330846246872381E-7    -22.067283133754568
-1.938894277148219E-6     -2.2205641645815865E-7   -22.655154353341057
-1.8776141866697579E-6    -1.1102820822907931E-7   -23.24302557292741
-1.816334096191298E-6     -3.081651828970005E-23   -23.830896792513773
-2.1319236969679044E-6    -3.33084624687238E-7     -23.163921010183998
-2.0706436064894446E-6    -2.2205641645815873E-7   -23.73667757590727
-2.0093635160109835E-6    -1.1102820822907929E-7   -24.324548795494245
-1.948083425532523E-6     4.622477743455007E-23    -24.91242001507945
-2.2023929358306697E-6    -2.2205641645815865E-7   -24.796395065095965
-2.1411128453522095E-6    -1.1102820822907937E-7   -25.406072018060335
-2.0798327548737488E-6    4.622477743455007E-23    -25.993943237646516
-2.2728621746934355E-6    -1.1102820822907939E-7   -26.42886912000842
-2.2115820842149744E-6    6.163303657940009E-23    -27.07546646021171
1.852878580585232E-8      -5.559318732350714E-7    -0.758458765986258
8.220735419142151E-8      -4.447454985880571E-7    -0.05454187929915931
1.4588592257699063E-7     -3.335591239410428E-7    0.7271224564800702
2.0956449096255978E-7     -2.223727492940285E-7    1.5087867922597715
2.7324305934812896E-7     -1.1118637464701432E-7   2.2904511280394733
-5.256129690205864E-8     -4.447454985880571E-7    -1.758177769801228
1.1117271483510543E-8     -3.3355912394104283E-7   -1.0561755386042972
7.479583986907971E-8      -2.223727492940285E-7    -0.31743904504999154
1.3847440825464886E-7     -1.1118637464701425E-7   0.42129744850257145
2.0215297664021804E-7     -3.08604182894285E-23    1.1600339420557637
-1.2365137960996955E-7    -3.335591239410428E-7    -2.8482278897846434
-5.997281122440042E-8     -2.2237274929402855E-7   -2.122648588843061
3.7057571611687628E-9     -1.1118637464701421E-7   -1.3839120952900137
6.738432554673792E-8      4.629062743414275E-23    -0.6451756017376202
-1.947414623178805E-7     -2.223727492940285E-7    -3.93827800976916
-1.3106289393231135E-7    -1.1118637464701429E-7   -3.189121639083567
-6.738432554674216E-8     4.629062743414275E-23    -2.4503851455306895
-2.6583154502579145E-7    -1.1118637464701432E-7   -5.028328129752261
-2.021529766402223E-7     6.172083657885701E-23    -4.2555946893247025
-3.369216277337024E-7     0                        -6.237486601279767
-1.3230580490852707E-6    -5.55793808031599E-7     -14.625607537889602
-1.2605994159084375E-6    -4.446350464252792E-7    -14.741773046727477
-1.1981407827316037E-6    -3.334762848189593E-7    -14.825991355365954
-1.1356821495547703E-6    -2.2231752321263956E-7   -14.910209664004665
-1.0732235163779371E-6    -1.1115876160631984E-7   -14.99442797264314
-1.0107648832011037E-6    0                        -15.017207642458066
-1.395363392638231E-6     -4.446350464252792E-7    -16.106526368834444
-1.3329047594613977E-6    -3.334762848189594E-7    -16.23701575358394
-1.2704461262845643E-6    -2.2231752321263953E-7   -16.391657594764524
-1.2079874931077307E-6    -1.1115876160631975E-7   -16.546299435943535
-1.1455288599308975E-6    -3.0852754131038774E-23  -16.70094127712231
-1.467668736191191E-6     -3.334762848189593E-7    -17.68465615772552
-1.405210103014358E-6     -2.223175232126396E-7    -17.834310141431096
-1.3427514698375247E-6    -1.1115876160631973E-7   -17.98895198261071
-1.2802928366606913E-6    4.627913119655816E-23    -18.14359382378998
-1.5399740797441517E-6    -2.2231752321263956E-7   -19.262785946616813
-1.4775154465673185E-6    -1.111587616063198E-7    -19.43160452927857
-1.4150568133904849E-6    4.627913119655816E-23    -19.586246370457815
-1.6122794232971123E-6    -1.1115876160631984E-7   -20.840915735507437
-1.5498207901202789E-6    6.170550826207755E-23    -21.028898917125254
-6.521430430682479E-7     -5.567036327350972E-7    -8.05395822163563
-5.890987600013389E-7     -4.4536290618807776E-7   -7.754042922270694
-5.260544769344297E-7     -3.3402217964105824E-7   -7.396989138043999
-4.6301019386752053E-7    -2.2268145309403882E-7   -7.039935353816673
-3.9996591080061156E-7    -1.1134072654701945E-7   -6.682881569588405
-7.238674110948192E-7     -4.4536290618807776E-7   -9.344483517572002
-6.608231280279101E-7     -3.340221796410583E-7    -9.052905588172221
-5.97778844961001E-7      -2.2268145309403882E-7   -8.755079964266649
-5.347345618940918E-7     -1.1134072654701939E-7   -8.457254340361523
-4.7169027882718285E-7    -3.090325954774859E-23   -8.159428716457656
-7.955917791213903E-7     -3.3402217964105824E-7   -10.732529412794019
-7.325474960544814E-7     -2.2268145309403888E-7   -10.438805376354782
-6.69503212987572E-7      -1.1134072654701935E-7   -10.140979752450535
-6.064589299206628E-7     4.635488932162289E-23    -9.843154128545788
-8.673161471479614E-7     -2.2268145309403882E-7   -12.120575308016267
-8.042718640810523E-7     -1.1134072654701944E-7   -11.824705164539047
-7.41227581014143E-7      4.635488932162289E-23    -11.526879540635809
-9.390405151745328E-7     -1.1134072654701945E-7   -13.508621203238203
-8.759962321076236E-7     6.180651909549719E-23    -13.210604952722054
3.8031762440844383E-6     -4.999999999999998E-6    9.321802285467662
3.924164894359163E-6      -4.9999999999999996E-6   9.338801530401053
4.045153544633886E-6      -4.999999999999998E-6    9.336483324125314
4.166142194908611E-6      -4.999999999999997E-6    9.334165117849485
4.287130845183336E-6      -4.999999999999998E-6    9.331846911573814
3.852831987885834E-6      -4.898958487389465E-6    9.361347447521188
3.973820638160559E-6      -4.898958487389465E-6    9.381057660447269
4.094809288435283E-6      -4.898958487389464E-6    9.37873945417154
4.215797938710006E-6      -4.898958487389464E-6    9.376421247895784
4.3367865889847315E-6     -4.898958487389466E-6    9.350207994390882
3.902487731687229E-6      -4.79791697477893E-6     9.418565781172354
4.0234763819619544E-6     -4.797916974778931E-6    9.42331379049357
4.144465032236678E-6      -4.79791697477893E-6     9.420995584217858
4.265453682511402E-6      -4.79791697477893E-6     9.409630702543474
3.9521434754886254E-6     -4.696875462168396E-6    9.475784114823508
4.07313212576335E-6       -4.696875462168397E-6    9.465569920539915
4.1941207760380735E-6     -4.696875462168396E-6    9.469053410696194
4.001799219290022E-6      -4.595833949557863E-6    9.53300244847463
4.122787869564745E-6      -4.595833949557863E-6    9.528476118848797
4.051454963091417E-6      -4.494792436947328E-6    9.601519681507815
-4.9999999999999996E-6    -1.4285714285714244E-6   -15.821288822073761
-4.876860835581981E-6     -1.3582696855407607E-6   -16.727868781759845
-4.7537216711639604E-6    -1.2879679425100968E-6   -17.625947966580675
-4.630582506745941E-6     -1.2176661994794326E-6   -18.524027151401427
-4.507443342327924E-6     -1.1473644564487691E-6   -19.422106336222022
-4.384304177909904E-6     -1.077062713418105E-6    -20.299451604094923
-5.0E-6                   -1.2857142857142814E-6   -16.79459388062257
-4.8768608355819804E-6    -1.2154125426836176E-6   -17.75215761324907
-4.753721671163961E-6     -1.1451107996529535E-6   -18.70972134587562
-4.630582506745942E-6     -1.0748090566222896E-6   -19.66728507850235
-4.507443342327924E-6     -1.004507313591626E-6    -20.581222014363398
-4.9999999999999996E-6    -1.1428571428571381E-6   -17.901548880580165
-4.876860835581982E-6     -1.0725553998264748E-6   -18.85911261320665
-4.753721671163961E-6     -1.0022536567958107E-6   -19.816676345833283
-4.630582506745942E-6     -9.319519137651465E-7    -20.764729625076118
-4.9999999999999996E-6    -9.999999999999953E-7    -19.008503880537837
-4.876860835581981E-6     -9.296982569693317E-7    -19.966067613164086
-4.753721671163961E-6     -8.593965139386674E-7    -20.94823723578908
-5.0E-6                   -8.571428571428526E-7    -20.115458880495034
-4.876860835581981E-6     -7.868411141121885E-7    -21.13174484650267
3.4293818867599727E-6     -4.478921771718623E-6    9.31785673902153
3.37150233654053E-6       -4.583137417374898E-6    9.193215842381939
3.313622786321086E-6      -4.687353063031172E-6    9.084780372776823
3.255743236101643E-6      -4.791568708687447E-6    8.976344903171452
3.1978636858822007E-6     -4.895784354343724E-6    8.867909433566405
3.1399841356627573E-6     -4.999999999999998E-6    8.775599831900495
3.5041407582248664E-6     -4.583137417374898E-6    9.30773621675516
3.4462612080054234E-6     -4.687353063031172E-6    9.18903984155826
3.3883816577859787E-6     -4.791568708687448E-6    9.096170052336886
3.3305021075665357E-6     -4.895784354343722E-6    9.00330026311541
3.2726225573470936E-6     -4.9999999999999996E-6   8.910430473894072
3.5788996296897584E-6     -4.687353063031172E-6    9.3088380525321
3.521020079470317E-6      -4.791568708687449E-6    9.207849591029005
3.4631405292508724E-6     -4.895784354343724E-6    9.114979801807603
3.4052609790314286E-6     -4.999999999999998E-6    9.022110012586207
3.6536585011546517E-6     -4.791568708687447E-6    9.309939888309188
3.595778950935209E-6      -4.895784354343723E-6    9.226659340499856
3.5378994007157653E-6     -4.999999999999997E-6    9.133789551278438
3.7284173726195454E-6     -4.895784354343724E-6    9.311041724086117
3.670537822400102E-6      -4.999999999999999E-6    9.245469089970554
-4.422831142508035E-6     -1.8248917322312037E-6   -14.952843108761565
-4.538264914006428E-6     -1.745627671499248E-6    -15.167135197428252
-4.65369868550482E-6      -1.6663636107672917E-6   -15.347379846265646
-4.769132457003214E-6     -1.5870995500353358E-6   -15.527624495103161
-4.8845662285016075E-6    -1.5078354893033804E-6   -15.707869143940009
-4.538264914006428E-6     -1.8884848143563908E-6   -14.375456738747614
-4.653698685504821E-6     -1.809220753624435E-6    -14.580867150940511
-4.769132457003213E-6     -1.7299566928924792E-6   -14.725622371210708
-4.884566228501606E-6     -1.650692632160523E-6    -14.870377591480748
-5.0E-6                   -1.5714285714285676E-6   -15.01513281175
-4.65369868550482E-6      -1.9520778964815774E-6   -13.771503152492782
-4.769132457003215E-6     -1.8728138357496222E-6   -13.936467910618799
-4.884566228501607E-6     -1.793549775017666E-6    -14.081223130888446
-4.9999999999999996E-6    -1.71428571428571E-6     -14.225978351158483
-4.769132457003214E-6     -2.0156709786067644E-6   -13.167549566238305
-4.8845662285016075E-6    -1.936406917874809E-6    -13.29206867029602
-4.9999999999999996E-6    -1.8571428571428529E-6   -13.43682389056634
-4.8845662285016075E-6    -2.0792640607319523E-6   -12.563595979983122
-4.9999999999999996E-6    -1.999999999999997E-6    -12.64766942997427
-4.9999999999999996E-6    -2.1428571428571393E-6   -11.951653228931589
2.771530808515627E-6      -4.4629404269378975E-6   8.446204746042914
2.7057528474497992E-6     -4.570352341550318E-6    8.263279991423136
2.6399748863839692E-6     -4.677764256162737E-6    8.096716697199668
2.5741969253181405E-6     -4.785176170775156E-6    7.930153402976202
2.508418964252313E-6      -4.892588085387579E-6    7.76359010875303
2.4426410031864844E-6     -4.999999999999998E-6    7.60977106751396
2.8452214739450535E-6     -4.570352341550318E-6    8.50226369835482
2.7794435128792247E-6     -4.677764256162739E-6    8.324704163476051
2.7136655518133956E-6     -4.785176170775158E-6    8.172577465147699
2.647887590747567E-6      -4.892588085387577E-6    8.020450766819136
2.5821096296817395E-6     -4.9999999999999996E-6   7.8683240684907565
2.918912139374479E-6      -4.677764256162737E-6    8.567703843828351
2.8531341783086507E-6     -4.785176170775159E-6    8.407459339969657
2.787356217242822E-6      -4.892588085387578E-6    8.255332641641173
2.7215782561769933E-6     -4.999999999999998E-6    8.103205943312663
2.992602804803905E-6      -4.785176170775156E-6    8.633143989302395
2.926824843738077E-6      -4.892588085387578E-6    8.490214516463313
2.861046882672248E-6      -4.999999999999997E-6    8.33808781813488
3.0662934702333313E-6     -4.892588085387579E-6    8.698584134776027
3.000515509167503E-6      -4.999999999999999E-6    8.572969692956944
-4.43551366631532E-6      -2.512487937941383E-6    -11.53328734273036
-4.548410933052257E-6     -2.4385617789245346E-6   -11.650325549131313
-4.661308199789192E-6     -2.3646356199076855E-6   -11.737299751525054
-4.774205466526128E-6     -2.2907094608908368E-6   -11.82427395391923
-4.8871027332630645E-6    -2.216783301873989E-6    -11.911248156312855
-4.548410933052257E-6     -2.5814189217816775E-6   -11.090699865880602
-4.661308199789193E-6     -2.5074927627648287E-6   -11.198942300151678
-4.774205466526128E-6     -2.43356660374798E-6     -11.261085184637247
-4.887102733263064E-6     -2.3596404447311313E-6   -11.32322806912266
-5.0E-6                   -2.2857142857142826E-6   -11.385370953608229
-4.661308199789192E-6     -2.6503499056219716E-6   -10.633335811089133
-4.7742054665261295E-6    -2.5764237466051233E-6   -10.710781238908865
-4.8871027332630645E-6    -2.502497587588274E-6    -10.77292412339412
-4.9999999999999996E-6    -2.4285714285714254E-6   -10.835067007879688
-4.774205466526128E-6     -2.7192808894622657E-6   -10.175971756297393
-4.8871027332630645E-6    -2.645354730445418E-6    -10.222620177665798
-4.9999999999999996E-6    -2.5714285714285687E-6   -10.284763062150677
-4.8871027332630645E-6    -2.788211873302561E-6    -9.71860770150612
-4.9999999999999996E-6    -2.714285714285712E-6    -9.734459116422217
-4.9999999999999996E-6    -2.8571428571428547E-6   -9.25503117460574
2.0807667565534655E-6     -4.45284685767273E-6     6.9756625230596745
2.0135621199836987E-6     -4.562277486138184E-6    6.752604258171047
1.946357483413932E-6      -4.6717081146036364E-6   6.54626829689801
1.8791528468441653E-6     -4.781138743069089E-6    6.339932335624738
1.811948210274399E-6      -4.890569371534545E-6    6.133596374351544
1.7447435737046323E-6     -4.999999999999998E-6    5.936842436867894
2.1531416058800696E-6     -4.562277486138184E-6    7.095487613871256
2.085936969310303E-6      -4.671708114603637E-6    6.877052299034373
2.018732332740536E-6      -4.78113874306909E-6     6.681526368180582
1.9515276961707694E-6     -4.890569371534543E-6    6.486000437326623
1.884323059601003E-6      -4.9999999999999996E-6   6.290474506472763
2.225516455206673E-6      -4.6717081146036364E-6   7.22109958651261
2.1583118186369066E-6     -4.781138743069092E-6    7.017722634932906
2.0911071820671394E-6     -4.890569371534545E-6    6.822196704079151
2.023902545497373E-6      -4.999999999999998E-6    6.626670773225241
2.2978913045332765E-6     -4.781138743069089E-6    7.346711559153944
2.2306866679635103E-6     -4.890569371534545E-6    7.158392970831747
2.163482031393743E-6      -4.999999999999997E-6    6.962867039977837
2.370266153859881E-6      -4.890569371534545E-6    7.472323531795317
2.303061517290114E-6      -4.999999999999999E-6    7.299063306730749
-4.450828824497405E-6     -3.197426943398481E-6    -9.175268499553843
-4.560663059597924E-6     -3.129370126147356E-6    -9.21925087876013
-4.670497294698442E-6     -3.06131330889623E-6     -9.237055453210438
-4.780331529798961E-6     -2.993256491645105E-6    -9.254860027661
-4.890165764899481E-6     -2.9251996743939803E-6   -9.272664602111838
-4.560663059597924E-6     -3.272227269004499E-6    -8.844987556065721
-4.670497294698443E-6     -3.2041704517533734E-6   -8.883871634089513
-4.780331529798961E-6     -3.136113634502248E-6    -8.882691017789758
-4.89016576489948E-6      -3.0680568172511222E-6   -8.881510401489844
-5.0E-6                   -2.999999999999998E-6    -8.880329785189776
-4.670497294698442E-6     -3.347027594610516E-6    -8.5079209428615
-4.780331529798963E-6     -3.2789707773593915E-6   -8.520414572590285
-4.8901657648994805E-6    -3.2109139601082655E-6   -8.519233956290192
-4.9999999999999996E-6    -3.14285714285714E-6     -8.518053339990146
-4.780331529798961E-6     -3.4218279202165343E-6   -8.170854329656926
-4.890165764899481E-6     -3.3537711029654087E-6   -8.156957511090743
-4.9999999999999996E-6    -3.285714285714283E-6    -8.155776894790673
-4.890165764899481E-6     -3.4966282458225524E-6   -7.833787716452587
-4.9999999999999996E-6    -3.428571428571427E-6    -7.793500449591439
-4.9999999999999996E-6    -3.5714285714285697E-6   -7.489448215668653
-4.9999999999999996E-6    -4.285714285714285E-6    -6.483367587332213
-4.87669816303855E-6      -4.220929975723919E-6    -6.728662896170986
-4.753396326077098E-6     -4.1561456657335516E-6   -6.962660857545027
-4.630094489115648E-6     -4.091361355743186E-6    -7.196658818919104
-4.506792652154198E-6     -4.02657704575282E-6     -7.4306567802933605
-4.3834908151927464E-6    -3.961792735762453E-6    -7.632993023943037
-5.0E-6                   -4.142857142857142E-6    -6.654748559767716
-4.876698163038549E-6     -4.078072832866775E-6    -6.906674298586611
-4.753396326077099E-6     -4.013288522876409E-6    -7.158600037405625
-4.630094489115648E-6     -3.948504212886042E-6    -7.410525776224627
-4.506792652154198E-6     -3.883719902895677E-6    -7.629739496518637
-4.9999999999999996E-6    -3.999999999999998E-6    -6.859787029953311
-4.87669816303855E-6      -3.935215690009633E-6    -7.1117127687722475
-4.753396326077099E-6     -3.870431380019266E-6    -7.36363850759122
-4.630094489115648E-6     -3.8056470700288985E-6   -7.601944702715717
-4.9999999999999996E-6    -3.857142857142855E-6    -7.064825500138707
-4.87669816303855E-6      -3.7923585471524896E-6   -7.316751238957564
-4.753396326077098E-6     -3.7275742371621222E-6   -7.574149908912876
-5.0E-6                   -3.7142857142857133E-6   -7.269863970324224
-4.87669816303855E-6      -3.649501404295347E-6    -7.5463551151099555
-4.551436072774464E-6     -4.559700947629422E-6    -6.845864378473753
-4.641148858219572E-6     -4.504903615246394E-6    -6.779746804202897
-4.730861643664678E-6     -4.450106282863366E-6    -6.709859187204053
-4.820574429109784E-6     -4.3953089504803386E-6   -6.639971570205146
-4.910287214554893E-6     -4.340511618097312E-6    -6.570083953206163
-4.641148858219572E-6     -4.647760758103537E-6    -6.707951231326211
-4.7308616436646775E-6    -4.59296342572051E-6     -6.637958198541115
-4.820574429109785E-6     -4.538166093337481E-6    -6.5547123352621135
-4.910287214554892E-6     -4.483368760954454E-6    -6.471466471983033
-5.0E-6                   -4.4285714285714274E-6   -6.388220608703835
-4.730861643664678E-6     -4.7358205685776524E-6   -6.56664569208396
-4.820574429109786E-6     -4.681023236194627E-6    -6.48216005156281
-4.910287214554893E-6     -4.626225903811598E-6    -6.398914188283808
-4.9999999999999996E-6    -4.571428571428569E-6    -6.315668325004767
-4.820574429109784E-6     -4.823880379051767E-6    -6.425340152841945
-4.910287214554893E-6     -4.7690830466687405E-6   -6.326361904584585
-4.9999999999999996E-6    -4.714285714285711E-6    -6.2431160413053055
-4.910287214554893E-6     -4.911940189525884E-6    -6.284034613599772
-4.9999999999999996E-6    -4.857142857142856E-6    -6.170563757606317
-4.9999999999999996E-6    -4.999999999999999E-6    -6.1427290743576
1.3793568822674896E-6     -4.4481808078482565E-6   5.024944035304556
1.3128547346585479E-6     -4.558544646278606E-6    4.786225290617265
1.2463525870496057E-6     -4.668908484708953E-6    4.562195414282039
1.1798504394406636E-6     -4.779272323139301E-6    4.3381655379467325
1.1133482918317223E-6     -4.889636161569651E-6    4.114135661611544
1.0468461442227802E-6     -4.999999999999998E-6    3.8956969297515074
1.4524342205549185E-6     -4.558544646278606E-6    5.2046998897140115
1.3859320729459764E-6     -4.668908484708955E-6    4.969367184172772
1.3194299253370345E-6     -4.779272323139302E-6    4.7513798528236295
1.2529277777280925E-6     -4.889636161569649E-6    4.533392521474506
1.1864256301191508E-6     -4.9999999999999996E-6   4.315405190125265
1.5255115588423464E-6     -4.668908484708953E-6    5.385556051146036
1.459009411233405E-6      -4.779272323139303E-6    5.1615301764037484
1.392507263624463E-6      -4.889636161569651E-6    4.943542845054807
1.3260051160155208E-6     -4.999999999999998E-6    4.725555513705586
1.5985888971297749E-6     -4.779272323139301E-6    5.5664122125780215
1.5320867495208334E-6     -4.88963616156965E-6     5.353693168635441
1.4655846019118913E-6     -4.999999999999997E-6    5.135705837286299
1.671666235417204E-6      -4.889636161569651E-6    5.74726837400987
1.6051640878082619E-6     -4.999999999999999E-6    5.545856160866697
-4.408119495458056E-6     -4.999999999999998E-6    -6.8334602459891505
-4.436782810921339E-6     -4.911940189525883E-6    -6.824536430266235
-4.465446126384619E-6     -4.823880379051766E-6    -6.828885085404414
-4.4941094418479E-6       -4.735820568577651E-6    -6.833233740542729
-4.522772757311182E-6     -4.647760758103538E-6    -6.837582395680808
-4.526495596366445E-6     -4.999999999999999E-6    -6.7144440597487
-4.555158911829727E-6     -4.9119401895258824E-6   -6.7095076450194835
-4.583822227293008E-6     -4.823880379051766E-6    -6.704571230290306
-4.612485542756288E-6     -4.735820568577651E-6    -6.699634815561109
-4.644871697274834E-6     -4.999999999999998E-6    -6.5826947135134635
-4.673535012738116E-6     -4.911940189525884E-6    -6.577758298784345
-4.702198328201396E-6     -4.823880379051767E-6    -6.572821884055178
-4.763247798183221E-6     -4.999999999999997E-6    -6.450945367278345
-4.7919111136465045E-6    -4.9119401895258824E-6   -6.446008952549109
-4.881623899091611E-6     -4.999999999999999E-6    -6.319196021043148
6.772666763637469E-7      -4.445787924433257E-6    2.7721698819044427
6.116030840391834E-7      -4.556630339546606E-6    2.5385726716430663
5.459394917146196E-7      -4.667472754659953E-6    2.315663463988452
4.80275899390056E-7       -4.7783151697733E-6      2.0927542563336794
4.146123070654927E-7      -4.8891575848866495E-6   1.8698450486789073
3.48948714740929E-7       -4.999999999999998E-6    1.6480252560818818
7.511825699355537E-7      -4.556630339546606E-6    2.9988846844368453
6.855189776109901E-7      -4.667472754659953E-6    2.766894715014587
6.198553852864264E-7      -4.778315169773301E-6    2.5448639241885678
5.541917929618628E-7      -4.8891575848866495E-6   2.3228331333625847
4.885282006372994E-7      -4.9999999999999996E-6   2.1008023425367655
8.250984635073601E-7      -4.667472754659953E-6    3.2218930036662696
7.594348711827968E-7      -4.778315169773303E-6    2.996383143229697
6.93771278858233E-7       -4.8891575848866495E-6   2.7743523524038047
6.281076865336693E-7      -4.999999999999998E-6    2.552321561577943
8.990143570791669E-7      -4.7783151697733E-6      3.444901322895891
8.333507647546034E-7      -4.8891575848866495E-6   3.2258715714453756
7.676871724300396E-7      -4.999999999999997E-6    3.0038407806197496
9.729302506509737E-7      -4.8891575848866495E-6   3.6679096421250406
9.072666583264101E-7      -4.999999999999999E-6    3.455359999661084
-4.045780720052319E-6     -4.529613894680075E-6    -7.21400875461281
-4.118248475133468E-6     -4.62369111574406E-6     -7.12866640544024
-4.190716230214614E-6     -4.7177683368080435E-6   -7.053273220578208
-4.263183985295761E-6     -4.811845557872027E-6    -6.977880035716037
-4.335651740376909E-6     -4.905922778936013E-6    -6.902486850853984
-3.997259824858742E-6     -4.62369111574406E-6     -7.181062146143616
-4.069727579939889E-6     -4.7177683368080435E-6   -7.098363219365567
-4.1421953350210365E-6    -4.811845557872028E-6    -7.035400480759335
-4.214663090102184E-6     -4.905922778936013E-6    -6.972437742153122
-4.287130845183333E-6     -4.9999999999999996E-6   -6.909475003546859
-3.948738929665164E-6     -4.7177683368080435E-6   -7.154140375463083
-4.021206684746313E-6     -4.81184555787203E-6     -7.084870296594891
-4.093674439827459E-6     -4.905922778936013E-6    -7.021907557988628
-4.166142194908606E-6     -4.999999999999998E-6    -6.958944819382387
-3.900218034471587E-6     -4.811845557872027E-6    -7.127218604782499
-3.972685789552734E-6     -4.905922778936013E-6    -7.071377373824265
-4.04515354463388E-6      -4.999999999999997E-6    -7.008414635217993
-3.8516971392780096E-6    -4.905922778936013E-6    -7.100296834101906
-3.924164894359157E-6     -4.999999999999999E-6    -7.057884451053696
-3.8031762440844315E-6    -4.999999999999998E-6    -7.088857216696493
-1.893908373612541E-8     -4.443873375940557E-6    0.4196172016423872
-8.494100993708496E-8     -4.555098700752445E-6    0.20537260686258146
-1.5094293613804446E-7    -4.666324025564332E-6    -0.0029453318272489475
-2.1694486233900396E-7    -4.77754935037622E-6     -0.21126327051692206
-2.8294678853996357E-7    -4.88877467518811E-6     -0.41958120920651654
-3.4894871474092307E-7    -4.999999999999998E-6    -0.6312560518640885
5.46384759592855E-8       -4.555098700752445E-6    0.6713571337561461
-1.1363450241674056E-8    -4.666324025564334E-6    0.45697061738543626
-7.736537644263358E-8     -4.777549350376221E-6    0.24445391551733642
-1.433673026435931E-7     -4.888774675188109E-6    0.031937213648959045
-2.0936922884455266E-7    -4.9999999999999996E-6   -0.18057948821917785
1.2821603565469636E-7     -4.666324025564332E-6    0.9153669309111377
6.221410945373684E-8      -4.7775493503762225E-6   0.7021498091212012
-3.787816747222709E-9     -4.888774675188109E-6    0.4896331072529926
-6.978974294818223E-8     -4.999999999999998E-6    0.27711640538457816
2.0179359535010723E-7     -4.77754935037622E-6     1.159376728065972
1.3579166914914772E-7     -4.888774675188109E-6    0.9473290008572204
6.978974294818816E-8      -4.999999999999997E-6    0.7348122989890419
2.7537115504551814E-7     -4.88877467518811E-6     1.403386525220531
2.0936922884455864E-7     -4.999999999999999E-6    1.1925081925933485
-3.4176511698009295E-6    -4.46266970486176E-6     -7.235639255582931
-3.4947561846576303E-6    -4.570135763889409E-6    -7.195060004050458
-3.57186119951433E-6      -4.677601822917055E-6    -7.1661971759378735
-3.6489662143710303E-6    -4.785067881944703E-6    -7.137334347825299
-3.7260712292277315E-6    -4.8925339409723515E-6   -7.108471519712726
-3.3621177629732957E-6    -4.570135763889409E-6    -7.140475671487906
-3.439222777829996E-6     -4.677601822917055E-6    -7.105855732498639
-3.5163277926866957E-6    -4.7850678819447035E-6   -7.093174479931123
-3.593432807543396E-6     -4.89253394097235E-6     -7.0804932273636485
-3.6705378224000973E-6    -4.9999999999999996E-6   -7.0678119747962
-3.3065843561456603E-6    -4.677601822917055E-6    -7.060147993099859
-3.3836893710023615E-6    -4.785067881944704E-6    -7.0411649314804405
-3.460794385859061E-6     -4.8925339409723515E-6   -7.028483678912961
-3.5378994007157615E-6    -4.999999999999998E-6    -7.015802426345483
-3.2510509493180257E-6    -4.785067881944703E-6    -6.9798203147118
-3.328155964174727E-6     -4.892533940972351E-6    -6.976474130462261
-3.4052609790314264E-6    -4.999999999999997E-6    -6.963792877894792
-3.1955175424903915E-6    -4.8925339409723515E-6   -6.899492636323776
-3.272622557347092E-6     -4.999999999999999E-6    -6.911783329444108
-3.1399841356627564E-6    -4.999999999999998E-6    -6.835099243920865
-7.070659392236186E-7     -4.442315384202465E-6    -1.8443393563612152
-7.750219802234499E-7     -4.553852307361972E-6    -2.028743604804921
-8.429780212232811E-7     -4.665389230521478E-6    -2.2115801702810916
-9.109340622231124E-7     -4.776926153680983E-6    -2.39441673575738
-9.78890103222944E-7      -4.888463076840492E-6    -2.5772533012335117
-1.0468461442227751E-6    -4.999999999999998E-6    -2.7676130165229758
-6.354424943270795E-7     -4.553852307361972E-6    -1.59198321323752
-7.033985353269109E-7     -4.665389230521478E-6    -1.7779306017042544
-7.713545763267421E-7     -4.776926153680985E-6    -1.969798819770472
-8.393106173265733E-7     -4.888463076840491E-6    -2.1616670378366662
-9.072666583264049E-7     -4.9999999999999996E-6   -2.353535255902749
-5.638190494305402E-7     -4.665389230521478E-6    -1.350924006649353
-6.317750904303718E-7     -4.776926153680986E-6    -1.5409074707448358
-6.99731131430203E-7      -4.8884630768404915E-6   -1.7327756888109687
-7.676871724300341E-7     -4.999999999999998E-6    -1.9246439068771861
-4.921956045340012E-7     -4.776926153680983E-6    -1.1098648000611075
-5.601516455338325E-7     -4.8884630768404915E-6   -1.3038843397850906
-6.281076865336638E-7     -4.999999999999997E-6    -1.4957525578510722
-4.2057215963746224E-7    -4.888463076840492E-6    -0.8688055934730587
-4.885282006372935E-7     -4.999999999999999E-6    -1.0668612088255873
-2.7870448544165048E-6    -4.427467408817404E-6    -6.719428543738872
-2.8576327106657554E-6    -4.541973927053923E-6    -6.729465996363691
-2.9282205669150053E-6    -4.656480445290441E-6    -6.752789991118862
-2.9988084231642555E-6    -4.7709869635269595E-6   -6.776113985874133
-3.069396279413506E-6     -4.8854934817634795E-6   -6.799437980629341
-2.7181640841705008E-6    -4.541973927053923E-6    -6.558466622560742
-2.788751940419751E-6     -4.656480445290442E-6    -6.574842282536022
-2.859339796669001E-6     -4.770986963526961E-6    -6.615412296946085
-2.9299276529182507E-6    -4.885493481763479E-6    -6.6559823113561665
-3.0005155091675018E-6    -4.9999999999999996E-6   -6.696552325766287
-2.6492833139244947E-6    -4.656480445290441E-6    -6.41242647535981
-2.7198711701737458E-6    -4.770986963526961E-6    -6.44499680682132
-2.790459026422995E-6     -4.885493481763479E-6    -6.485566821231363
-2.8610468826722454E-6    -4.999999999999998E-6    -6.526136835641474
-2.58040254367849E-6      -4.7709869635269595E-6   -6.266386328158887
-2.6509903999277405E-6    -4.885493481763479E-6    -6.315151331106523
-2.7215782561769903E-6    -4.999999999999997E-6    -6.355721345516543
-2.511521773432486E-6     -4.8854934817634795E-6   -6.1203461809579895
-2.582109629681736E-6     -4.999999999999999E-6    -6.185305855391887
-2.4426410031864805E-6    -4.999999999999998E-6    -5.988064333496834
-2.102570775574339E-6     -4.4335108491426055E-6   -5.577643874037347
-2.170584821096768E-6     -4.546808679314085E-6    -5.650648294743588
-2.2385988666191954E-6    -4.660106509485562E-6    -5.731649050460595
-2.306612912141624E-6     -4.77340433965704E-6     -5.81264980617774
-2.3746269576640526E-6    -4.886702169828519E-6    -5.893650561894738
-2.031005335200397E-6     -4.546808679314085E-6    -5.367461932514441
-2.099019380722825E-6     -4.660106509485562E-6    -5.4448112839064535
-2.167033426245253E-6     -4.7734043396570406E-6   -5.542068185411215
-2.2350474717676818E-6    -4.886702169828519E-6    -5.639325086916055
-2.3030615172901106E-6    -4.9999999999999996E-6   -5.7365819884207765
-1.9594398948264546E-6    -4.660106509485562E-6    -5.172525562311206
-2.0274539403488834E-6    -4.773404339657041E-6    -5.263069240855786
-2.0954679858713105E-6    -4.886702169828519E-6    -5.360326142360547
-2.1634820313937393E-6    -4.999999999999998E-6    -5.457583043865348
-1.887874454452512E-6     -4.77340433965704E-6     -4.977589192108167
-1.9558884999749405E-6    -4.886702169828519E-6    -5.0813271978047725
-2.0239025454973685E-6    -4.999999999999997E-6    -5.178584099309684
-1.81630901407857E-6      -4.886702169828519E-6    -4.782652821905089
-1.8843230596009985E-6    -4.999999999999999E-6    -4.899585154754334
-1.7447435737046278E-6    -4.999999999999998E-6    -4.598591435667944
-1.4084851837415603E-6    -4.440956660095057E-6    -3.9147875665698817
-1.4757368617341737E-6    -4.552765328076046E-6    -4.04633301967172
-1.542988539726787E-6     -4.664573996057034E-6    -4.181648276854466
-1.6102402177194003E-6    -4.776382664038021E-6    -4.31696353403721
-1.6774918957120146E-6    -4.88819133201901E-6     -4.452278791219975
-1.3361573758378033E-6    -4.552765328076046E-6    -3.672809475260592
-1.403409053830417E-6     -4.6645739960570344E-6   -3.8075588053495806
-1.47066073182303E-6      -4.776382664038023E-6    -3.955974198936423
-1.5379124098156435E-6    -4.8881913320190095E-6   -4.104389592522957
-1.6051640878082574E-6    -4.9999999999999996E-6   -4.252804986109794
-1.2638295679340462E-6    -4.664573996057034E-6    -3.444658662025467
-1.33108124592666E-6      -4.776382664038024E-6    -3.588437781446364
-1.3983329239192733E-6    -4.8881913320190095E-6   -3.7368531750329725
-1.4655846019118868E-6    -4.999999999999998E-6    -3.8852685686196184
-1.191501760030289E-6     -4.776382664038021E-6    -3.216507848790263
-1.258753438022903E-6     -4.8881913320190095E-6   -3.3693167575426783
-1.326005116015516E-6     -4.999999999999997E-6    -3.517732151129089
-1.1191739521265325E-6    -4.88819133201901E-6     -2.988357035555118
-1.186425630119146E-6     -4.999999999999999E-6    -3.1501957336391886
4.422557220107994E-6      -4.7421798591109735E-7   31.34003552780051
4.381034475546302E-6      -3.8148579370739856E-7   32.6310008867215
4.339511730984611E-6      -2.887536015036997E-7    33.8982242197973
4.29798898642292E-6       -1.9602140930000097E-7   35.16544755287152
4.309062256899316E-6      -4.847750108037008E-7    31.23124709519842
4.267539512337624E-6      -3.9204281860000194E-7   32.512840820017445
4.226016767775933E-6      -2.993106263963032E-7    33.78006415309277
4.1955672936906384E-6     -4.953320356963043E-7    31.12245866259682
4.154044549128947E-6      -4.0259984349260544E-7   32.394680753311526
4.0820723304819605E-6     -5.058890605889077E-7    31.013670229995846
4.505325603848119E-6      -5.887628320648677E-7    30.009781843974487
4.474599024379567E-6      -7.138647031112415E-7    28.66172201211193
4.443872444911014E-6      -8.389665741576154E-7    27.31366218024973
4.413145865442461E-6      -9.640684452039893E-7    25.965602348387172
4.598115167184784E-6      -6.388877827183109E-7    29.234632843003265
4.5673885877162315E-6     -7.639896537646847E-7    27.915259251947052
4.53666200824768E-6       -8.890915248110586E-7    26.595885660890552
4.69090473052145E-6       -6.890127333717541E-7    28.488666225840085
4.660178151052898E-6      -8.14114604418128E-7     27.16929263478412
4.7836942938581155E-6     -7.391376840251973E-7    27.7426996086774
4.3918306406394415E-6     -5.993198569574712E-7    29.93954742928445
4.278335677430764E-6      -6.098768818500746E-7    29.840130630786913
4.164840714222086E-6      -6.20433906742678E-7     29.740713832289213
4.051345751013409E-6      -6.309909316352815E-7    29.56808456164171
4.361104061170889E-6      -7.244217280038449E-7    28.562801356616493
4.247609097962211E-6      -7.349787528964484E-7    28.463384558118957
4.134114134753534E-6      -7.455357777890519E-7    28.35555268943898
4.330377481702336E-6      -8.495235990502187E-7    27.186055283947837
4.216882518493659E-6      -8.600806239428223E-7    27.14302081723708
4.299650902233784E-6      -9.746254700965927E-7    25.9304889450339
4.759771726027025E-6      -1.44997495737445E-6     21.15418702160139
4.636255583221807E-6      -1.3820947349102375E-6   21.890276088781626
4.5127394404165885E-6     -1.314214512446025E-6    22.626365155961864
4.389223297611371E-6      -1.2463342899818128E-6   23.34206493084256
4.643059594859268E-6      -1.5392587086416875E-6   20.631367396044162
4.51954345205405E-6       -1.471378486177475E-6    21.36745646322424
4.396027309248833E-6      -1.4034982637132627E-6   22.09415105441627
4.526347463691512E-6      -1.6285424599089247E-6   20.108547770485888
4.4028313208862935E-6     -1.5606622374447125E-6   20.846237177988954
4.409635332523756E-6      -1.7178262111761623E-6   19.59832330156266
3.648559642637869E-6      -2.0742380002518092E-7   34.11150184063655
3.579717865694485E-6      -3.115583829540596E-7    32.55689308226823
3.510876088751101E-6      -4.156929658829383E-7    31.002284323898223
3.442034311807718E-6      -5.19827548811817E-7     29.471394279274975
3.7113536295608764E-6     -3.1071301712148315E-7   32.934497962442144
3.6425118526174926E-6     -4.1484760005036184E-7   31.37988920407337
3.573670075674109E-6      -5.189821829792406E-7    29.8355462956648
3.774147616483884E-6      -4.140022342177854E-7    31.75749408424777
3.7053058395405006E-6     -5.181368171466641E-7    30.199698312055563
3.8369416034068925E-6     -5.172914513140877E-7    30.56385032844629
3.6005908963564373E-6     -1.0381584741952451E-6   24.605074267304293
3.6741881905398065E-6     -9.338159964524984E-7    25.808768515441752
3.7477854847231758E-6     -8.294735187097515E-7    27.049140906977286
3.821382778906545E-6      -7.251310409670048E-7    28.289513298513093
3.894980073089914E-6      -6.207885632242579E-7    29.529885690048825
3.542552426673415E-6      -9.346613622850749E-7    25.447204917358377
3.616149720856784E-6      -8.30318884542328E-7     26.66398313026097
3.689747015040153E-6      -7.259764067995811E-7    27.958392237120748
3.7633443092235224E-6     -6.216339290568344E-7    29.252801343979776
3.484513956990393E-6      -8.311642503749044E-7    26.334654260198953
3.558111251173762E-6      -7.268217726321575E-7    27.607693084514008
3.6317085453571314E-6     -6.224792948894108E-7    28.902102191373626
3.4264754873073703E-6     -7.276671384647342E-7    27.222103603040104
3.5000727814907396E-6     -6.233246607219873E-7    28.55140303876677
3.3684370176243486E-6     -6.241700265545638E-7    28.109552945881177
3.977748456830039E-6      -7.353334093780284E-7    28.308536413279157
3.90415116264667E-6       -8.396758871207751E-7    27.122200737065082
3.830553868463301E-6      -9.440183648635218E-7    25.93586506085182
3.7569565742799317E-6     -1.0483608426062687E-6   24.7448791080886
4.0605168405701646E-6     -8.498782555317987E-7    27.160801943044582
3.986919546386795E-6      -9.542207332745457E-7    25.974466266831453
3.913322252203426E-6      -1.0585632110172921E-6   24.78895753706936
4.14328522431029E-6       -9.64423101685569E-7     26.013067472810487
4.0696879301269205E-6     -1.0687655794283158E-6   24.833035966050122
4.226053608050415E-6      -1.0789679478393394E-6   24.877114395031278
3.809125066315387E-6      -1.614481086039581E-6    20.14346963939173
3.923783910247092E-6      -1.5094189320817374E-6   21.05915710105029
4.038442754178796E-6      -1.4043567781238936E-6   21.981498593053438
4.1531015981105E-6        -1.2992946241660502E-6   22.903840085056743
4.267760442042205E-6      -1.1942324702082066E-6   23.82618157705989
3.7674182323235973E-6     -1.4992165636707137E-6   20.982348262794265
3.882077076255302E-6      -1.39415440971287E-6     21.930197489954377
3.996735920187006E-6      -1.2890922557550266E-6   22.91643025579789
4.11139476411871E-6       -1.1840301017971828E-6   23.902663021641906
3.725711398331807E-6      -1.3839520413018465E-6   21.880969796602386
3.840370242263511E-6      -1.278889887344003E-6    22.866874603815567
3.955029086195216E-6      -1.1738277333861594E-6   23.85310736965908
3.684004564340017E-6      -1.2686875189329793E-6   22.779591330410078
3.7986634082717214E-6     -1.1636253649751357E-6   23.80355171767663
3.642297730348227E-6      -1.1534229965641123E-6   23.678212864218985
3.930587921884553E-6      -1.6665829058131872E-6   19.852933894854672
4.0520507774537185E-6     -1.7186847255867932E-6   19.51054336713489
4.173513633022885E-6      -1.7707865453603997E-6   19.168152839414162
4.294976488592051E-6      -1.8228883651340059E-6   18.825762311694064
4.045246765816258E-6      -1.5615207518553434E-6   20.746324984055114
4.166709621385423E-6      -1.6136225716289496E-6   20.367856142102404
4.28817247695459E-6       -1.6657243914025559E-6   19.989387300149406
4.1599056097479615E-6     -1.4564585978975E-6      21.60477520221768
4.281368465317128E-6      -1.508560417671106E-6    21.22630636026493
4.274564453679666E-6      -1.3513964439396562E-6   22.4632254203809
2.9902857988032578E-6     -2.100519512825956E-7    31.035259985410214
2.924929056418637E-6      -3.1596931963631244E-7   29.41546135035761
2.859572314034016E-6      -4.218866879900293E-7    27.795662715305482
2.794215571649395E-6      -5.278040563437462E-7    26.226556470331786
3.0539748004916196E-6     -3.141865342114743E-7    30.164955675965444
2.9886180581069986E-6     -4.201039025651912E-7    28.545157040913395
2.9232613157223776E-6     -5.26021270918908E-7     26.945615068775485
3.1176638021799814E-6     -4.1832111714035297E-7   29.294651366522135
3.0523070597953604E-6     -5.242384854940698E-7    27.66467366721995
3.1813528038683436E-6     -5.224557000692317E-7    28.38373226566255
4.417360403145411E-6      -2.007237709708902E-6    17.654096085573947
4.418281462129604E-6      -2.1394852345101917E-6   16.908788710000668
4.419202521113797E-6      -2.2717327593114817E-6   16.16348133442751
4.420123580097991E-6      -2.4039802841127712E-6   15.418173958854233
4.534072534313167E-6      -2.0608111012988076E-6   17.204805930375326
4.53499359329736E-6       -2.193058626100097E-6    16.458042919111964
4.535914652281554E-6      -2.325306150901387E-6    15.71127990784854
4.650784665480923E-6      -2.114384492888713E-6    16.75171630244696
4.651705724465117E-6      -2.246632017690003E-6    16.004953291183586
4.76749679664868E-6       -2.167957884478619E-6    16.298626674518882
3.854264819253874E-6      -2.216118899360068E-6    16.335895349015285
3.966699724235343E-6      -2.1478931564695772E-6   16.78413068357794
4.079134629216811E-6      -2.0796674135790855E-6   17.211459578007442
4.19156953419828E-6       -2.0114416706885943E-6   17.63878847243726
4.304004439179748E-6      -1.9432159277981034E-6   18.066117366866997
3.8452368686661765E-6     -2.095791336695971E-6    17.05063232746577
3.957671773647645E-6      -2.0275655938054795E-6   17.50521206507986
4.0701066786291135E-6     -1.9593398509149882E-6   17.969826837837918
4.182541583610582E-6      -1.8911141080244967E-6   18.43444161059564
3.836208918078479E-6      -1.975463774031873E-6    17.811278830251407
3.948643823059947E-6      -1.9072380311413818E-6   18.276139051325586
4.061078728041416E-6      -1.839012288250891E-6    18.74075382408364
3.8271809674907815E-6     -1.8551362113677758E-6   18.571925333036372
3.93961587247225E-6       -1.7869104684772845E-6   19.047066037571927
3.8181530169030845E-6     -1.7348086487036783E-6   19.33257183582193
3.967620783219536E-6      -2.280140681270867E-6    16.042355589319577
4.080976747185198E-6      -2.344162463181665E-6    15.7206811461744
4.19433271115086E-6       -2.4081842450924642E-6   15.39900670302989
4.307688675116523E-6      -2.4722060270032625E-6   15.077332259884516
4.080055688201005E-6      -2.2119149383803755E-6   16.48016756454015
4.193411652166666E-6      -2.2759367202911742E-6   16.126358840758744
4.306767616132329E-6      -2.339958502201973E-6    15.772550116976987
4.192490593182473E-6      -2.1436891954898842E-6   16.870210580641313
4.305846557148136E-6      -2.207710977400683E-6    16.51640185685978
4.3049254981639416E-6     -2.075463452599393E-6    17.260253596742594
4.772115487011045E-6      -2.8676137279965688E-6   12.98732375618754
4.656324414827482E-6      -2.8034307183508097E-6   13.367402057112168
4.5405333426439195E-6     -2.7392477087050514E-6   13.747480358036327
4.424742270460356E-6      -2.6750646990592927E-6   14.12880896135784
4.660022046205654E-6      -2.942267608496041E-6    12.821909906133193
4.544230974022091E-6      -2.878084598850283E-6    13.201988207057427
4.428439901838528E-6      -2.8139015892045237E-6   13.58415648209947
4.5479286054002625E-6     -3.0169214889955135E-6   12.656496056078026
4.4321375332167E-6        -2.952738479349755E-6    13.039504002840903
4.435835164594871E-6      -3.0915753694949867E-6   12.49485152358261
2.3416545356512242E-6     -2.1388027604798145E-7   26.09717613449327
2.275609974942198E-6      -3.21843183742246E-7     24.501878241196295
2.209565414233173E-6      -4.2980609143651056E-7   22.90658034790003
2.1435208535241474E-6     -5.377689991307752E-7    21.38367225746224
2.4060222184552644E-6     -3.197976444016983E-7    25.57758836052863
2.3399776577462388E-6     -4.277605520959629E-7    23.98229046723148
2.2739330970372136E-6     -5.357234597902274E-7    22.4138223249681
2.4703899012593054E-6     -4.2571501275541515E-7   25.05800058656459
2.4043453405502798E-6     -5.336779204496798E-7    23.443972392475057
2.534757584063346E-6      -5.316323811091321E-7    24.474122459981977
2.9820623221157137E-6     -1.0397668499153602E-6   22.493025515190364
3.047729567280836E-6      -9.359480628611669E-7    23.736267344795202
3.113396812445959E-6      -8.321292758069735E-7    25.037366893916378
3.179064057611081E-6      -7.283104887527802E-7    26.33846644303729
3.244731302776204E-6      -6.244917016985868E-7    27.639565992159632
2.9186838232078534E-6     -9.37730848286005E-7     23.08220642478807
2.984351068372976E-6      -8.339120612318117E-7    24.33777969615158
3.0500183135380983E-6     -7.300932741776182E-7    25.672892288850505
3.1156855587032207E-6     -6.262744871234249E-7    27.008004881548516
2.855305324299993E-6      -8.356948466566498E-7    23.6710259644656
2.9209725694651155E-6     -7.318760596024564E-7    24.984269417571518
2.986639814630238E-6      -6.280572725482632E-7    26.319382010270928
2.7919268253921327E-6     -7.336588450272947E-7    24.259845504143545
2.857594070557255E-6      -6.298400579731013E-7    25.63075913899121
2.7285483264842724E-6     -6.316228433979394E-7    24.84866504382068
3.3027697724592257E-6     -7.279888136087572E-7    26.751315500059892
3.2371025272941032E-6     -8.318076006629505E-7    25.484228994516045
3.171435282128981E-6      -9.356263877171438E-7    24.21714248897225
3.1057680369638583E-6     -1.0394451747713373E-6   22.98690403328799
3.3608082421422474E-6     -8.314859255189275E-7    25.920126768629313
3.2951409969771254E-6     -9.353047125731208E-7    24.653040263085366
3.2294737518120034E-6     -1.0391234996273142E-6   23.40767609496175
3.41884671182527E-6       -9.349830374290977E-7    25.088938037199714
3.3531794666601476E-6     -1.0388018244832911E-6   23.828448156634842
3.4768851815082927E-6     -1.0384801493392682E-6   24.249220218308075
3.2895029322586085E-6     -1.4346322401858897E-6   20.45094485956981
3.351720525078174E-6      -1.355337486987761E-6    21.261945272792815
3.4139381178977403E-6     -1.276042733789632E-6    22.08512559166609
3.4761557107173055E-6     -1.196747980591503E-6    22.908305910540463
3.5383733035368716E-6     -1.1174532273933741E-6   23.73148622941421
3.2280148102300296E-6     -1.3556591621317838E-6   20.861190596782645
3.2902324030495952E-6     -1.276364408933655E-6    21.680149020621872
3.352449995869161E-6      -1.1970696557355258E-6   22.533663057363334
3.4146675886887266E-6     -1.117774902537397E-6    23.387177094104967
3.1665266882014506E-6     -1.276686084077678E-6    21.271024705442976
3.2287442810210163E-6     -1.197391330879549E-6    22.12801670813087
3.290961873840582E-6      -1.1180965776814201E-6   22.981530744872327
3.1050385661728716E-6     -1.197713006023572E-6    21.68085881410358
3.1672561589924373E-6     -1.118418252825443E-6    22.57588439563885
3.0435504441442927E-6     -1.1187399279694661E-6   22.090692922764244
3.3934273590699643E-6     -1.470602009356628E-6    20.421327757154003
3.49735178588132E-6       -1.5065717785273661E-6   20.366089560496356
3.6012762126926754E-6     -1.5425415476981043E-6   20.310851363837337
3.7052006395040316E-6     -1.5785113168688427E-6   20.255613167178787
3.45564495188953E-6       -1.3913072561584991E-6   21.223889859723187
3.5595693787008857E-6     -1.4272770253292373E-6   21.156170506974565
3.663493805512241E-6      -1.4632467944999755E-6   21.088451154226384
3.5178625447090956E-6     -1.3120125029603701E-6   22.016736460729433
3.621786971520452E-6      -1.3479822721311083E-6   21.94901710798105
3.5800801375286613E-6     -1.2327177497622411E-6   22.809583061736273
3.294775397690298E-6      -1.5325358587660358E-6   19.779755236227253
3.3000478631219874E-6     -1.630439477346182E-6    19.132886117383258
3.305320328553677E-6      -1.728343095926328E-6    18.486016998539583
3.3105927939853667E-6     -1.826246714506474E-6    17.83914787969543
3.315865259417056E-6      -1.92415033308662E-6     17.226311185494634
3.398699824501654E-6      -1.568505627936774E-6    19.751041054858284
3.403972289933343E-6      -1.66640924651692E-6     19.09046985412431
3.409244755365033E-6      -1.7643128650970661E-6   18.42989865339024
3.4145172207967225E-6     -1.8622164836772123E-6   17.813716328071003
3.5026242513130093E-6     -1.6044753971075123E-6   19.708284014289312
3.507896716744699E-6      -1.7023790156876584E-6   19.047712813555552
3.5131691821763886E-6     -1.8002826342678046E-6   18.398126687706693
3.6065486781243646E-6     -1.6404451662782505E-6   19.66552697372171
3.6118211435560543E-6     -1.7383487848583966E-6   18.982537047342653
3.7104731049357213E-6     -1.676414935448989E-6    19.56694740697862
3.719501055523418E-6      -1.7967424981130862E-6   18.76075886147881
3.6208490941437514E-6     -1.858676347522494E-6    18.20975230237272
3.5221971327640857E-6     -1.920610196931902E-6    17.658745743266625
3.42354517138442E-6       -1.9825440463413098E-6   17.08034880279336
3.7285290061111154E-6     -1.9170700607771833E-6   18.010392842153564
3.6298770447314493E-6     -1.9790039101865912E-6   17.45938628304787
3.531225083351783E-6      -2.040937759595999E-6    16.90321150058013
3.7375569566988125E-6     -2.037397623441281E-6    17.260026822828788
3.6389049953191464E-6     -2.099331472850689E-6    16.726074198367257
3.7465849072865104E-6     -2.1577251861053787E-6   16.548936896153915
2.3507828597096203E-6     -1.0772273407453014E-6   18.83700839306039
2.4136602532829785E-6     -9.67699240949958E-7     20.073059771757837
2.476537646856337E-6      -8.581711411546146E-7    21.389890491431977
2.5394150404296953E-6     -7.486430413592712E-7    22.70672121110597
2.6022924340030535E-6     -6.391149415639277E-7    24.02355193078005
2.2832480097699127E-6     -9.697447802905056E-7    19.14909218978709
2.346125403343271E-6      -8.602166804951623E-7    20.400907428433932
2.409002796916629E-6      -7.506885806998189E-7    21.73721565474353
2.4718801904899873E-6     -6.411604809044754E-7    23.073523881053106
2.2157131598302047E-6     -8.6226221983571E-7      19.443036092206153
2.278590553403563E-6      -7.527341200403664E-7    20.75262563906382
2.341467946976921E-6      -6.432060202450231E-7    22.08893386537333
2.1481783098904968E-6     -7.547796593809143E-7    19.73697999462506
2.2110557034638554E-6     -6.452515595855707E-7    21.10434384969243
2.080643459950789E-6      -6.472970989261185E-7    20.030923897044126
2.6656709329109142E-6     -7.41150943193283E-7     23.45784060689158
2.6027935393375556E-6     -8.506790429886263E-7    22.160487393853
2.539916145764197E-6      -9.602071427839697E-7    20.86313418081329
2.477038752190839E-6      -1.0697352425793132E-6   19.62064697365563
2.729049431818774E-6      -8.431869448226381E-7    22.926691248955677
2.666172038245416E-6      -9.527150446179815E-7    21.629338035916817
2.6032946446720577E-6     -1.062243144413325E-6    20.35133065985922
2.792427930726635E-6      -9.452229464519933E-7    22.395541891020315
2.7295505371532762E-6     -1.0547510462473367E-6   21.08201434606365
2.855806429634495E-6      -1.0472589480813485E-6   21.812698032268436
3.347083687730055E-6      -2.4510184166092566E-6   14.488040056692617
3.448519914034819E-6      -2.404038513159419E-6    14.868711033034554
3.5499561403395823E-6     -2.3570586097095815E-6   15.23995082225132
3.6513923666443464E-6     -2.3100787062597433E-6   15.611190611468226
3.75282859294911E-6       -2.263098802809906E-6    15.982430400684345
3.3408400020674555E-6     -2.3456447999047295E-6   15.001378606204419
3.4422762283722187E-6     -2.2986648964548917E-6   15.392924337823906
3.5437124546769823E-6     -2.251684993005054E-6    15.791353888150699
3.6451486809817464E-6     -2.204705089555216E-6    16.189783438477534
3.3345963164048555E-6     -2.240271183200202E-6    15.546289361460403
3.436032542709619E-6      -2.193291279750364E-6    15.946269032358307
3.5374687690143827E-6     -2.1463113763005267E-6   16.344698582684785
3.3283526307422555E-6     -2.1348975664956747E-6   16.09120011671643
3.429788857047019E-6      -2.087917663045837E-6    16.499613726891962
3.322108945079656E-6      -2.0295239497911476E-6   16.636110871972683
3.4408731339475133E-6     -2.5399838466080607E-6   14.231327209382746
3.534662580164971E-6      -2.6289492766068648E-6   13.963717708291407
3.628452026382429E-6      -2.717914706605669E-6    13.696108207200206
3.7222414725998876E-6     -2.806880136604473E-6    13.428498706109103
3.816030918817345E-6      -2.895845566603277E-6    13.153397874578149
3.542309360252277E-6      -2.4930039431582233E-6   14.60380321940834
3.6360988064697347E-6     -2.581969373157027E-6    14.309764016038217
3.7298882526871926E-6     -2.6709348031558315E-6   14.015724812668044
3.823677698904651E-6      -2.759900233154635E-6    13.727227829458002
3.64374558655704E-6       -2.446024039708385E-6    14.947853247515015
3.737535032774499E-6      -2.5349894697071896E-6   14.653814044144879
3.831324478991957E-6      -2.6239548997059933E-6   14.365192038082496
3.745181812861804E-6      -2.3990441362585473E-6   15.291903275622373
3.838971259079263E-6      -2.4880095662573514E-6   15.003156246707578
3.846618039166569E-6      -2.35206423280871E-6     15.641120455332226
3.95997400313223E-6       -2.4160860147195082E-6   15.356747444427413
3.9523272230449245E-6     -2.55203134816815E-6     14.7189082586549
3.944680442957619E-6      -2.687976681616792E-6    14.081069072882594
3.937033662870314E-6      -2.823922015065434E-6    13.493644479367202
4.073329967097892E-6      -2.480107796630307E-6    15.067207281918963
4.065683187010587E-6      -2.616053130078949E-6    14.429368096146776
4.058036406923281E-6      -2.7519984635275907E-6   13.809020615957923
4.1866859310635546E-6     -2.5441295785411057E-6   14.777667119411166
4.179039150976249E-6      -2.6800749119897475E-6   14.124396752548444
4.300041895029217E-6      -2.6081513604519044E-6   14.439772889139281
4.3037395264073885E-6     -2.746988250597136E-6    13.847606013837598
4.18273678235442E-6       -2.8189118021349786E-6   13.56515276392071
4.061734038301453E-6      -2.890835353672822E-6    13.28269951400358
3.940731294248485E-6      -2.9627589052106653E-6   12.966249320804343
4.30743715778556E-6       -2.885825140742367E-6    13.303793206300037
4.186434413732592E-6      -2.95774869228021E-6     13.021339956383102
4.065431669679624E-6      -3.0296722438180536E-6   12.729217232565526
4.3111347891637315E-6     -3.024662030887598E-6    12.759980398762385
4.190132045110764E-6      -3.0965855824254415E-6   12.4921851443261
4.314832420541903E-6      -3.16349892103283E-6     12.255153056087126
3.9548340801607946E-6     -3.5074605927138473E-6   11.266816888215466
4.051773823323244E-6      -3.4520509260991215E-6   11.420610757710255
4.148713566485694E-6      -3.3966412594843953E-6   11.569813676593478
4.2456533096481435E-6     -3.3412315928696696E-6   11.719016595476518
4.342593052810593E-6      -3.285821926254944E-6    11.868219514359488
3.927073447892104E-6      -3.385137587491733E-6    11.620720542840061
4.024013191054554E-6      -3.329727920877007E-6    11.781996923645883
4.120952934217004E-6      -3.2743182542622813E-6   11.952710789413686
4.217892677379453E-6      -3.218908587647555E-6    12.123424655181068
3.899312815623415E-6      -3.262814582269619E-6    11.99208956543697
3.996252558785865E-6      -3.207404915654893E-6    12.165415408271354
4.093192301948314E-6      -3.1519952490401677E-6   12.336129274039077
3.871552183354725E-6      -3.140491577047505E-6    12.363458588034
3.9684919265171745E-6     -3.085081910432779E-6    12.548833892897028
3.8437915510860356E-6     -3.018168571825391E-6    12.734827610631006
4.765670928498901E-6      -3.578275739138439E-6    10.768276168092203
4.65357748769351E-6       -3.5100724767807685E-6   11.045280688327265
4.541484046888119E-6      -3.4418692144230976E-6   11.322285208562525
4.4293906060827275E-6     -3.373665952065428E-6    11.599980381677039
4.6434352978031955E-6     -3.6533261692059783E-6   10.701113833681932
4.531341856997804E-6      -3.5851229068483082E-6   10.978118353917052
4.419248416192413E-6      -3.5169196444906373E-6   11.251526989435577
4.521199667107488E-6      -3.728376599273518E-6    10.633951499271484
4.409106226302097E-6      -3.6601733369158476E-6   10.903073597193714
4.398964036411783E-6      -3.8034270293410574E-6   10.554620204952247
4.041631633432929E-6      -3.5953046185243313E-6   11.069669483744326
4.128429186705064E-6      -3.683148644334815E-6    10.866975758469536
4.215226739977198E-6      -3.770992670145299E-6    10.664282033195015
4.302024293249333E-6      -3.858836695955783E-6    10.461588307920167
4.138571376595379E-6      -3.539894951909605E-6    11.217595118561249
4.225368929867513E-6      -3.6277389777200892E-6   10.992547160721987
4.312166483139647E-6      -3.7155830035305733E-6   10.7674992028827
4.235511119757828E-6      -3.4844852852948794E-6   11.34528709055947
4.322308673029963E-6      -3.5723293111053635E-6   11.12023913272027
4.332450862920278E-6      -3.4290756186801533E-6   11.472979062558046
4.519371491083079E-6      -4.430095550535574E-6    9.55113863868447
4.608969710638382E-6      -4.377048556132851E-6    9.525937878915732
4.698567930193686E-6      -4.324001561730128E-6    9.507128631277316
4.788166149748989E-6      -4.270954567327405E-6    9.488319383638807
4.486734079942676E-6      -4.309241843343248E-6    9.718332607494762
4.576332299497978E-6      -4.256194848940524E-6    9.701497686308217
4.665930519053283E-6      -4.203147854537801E-6    9.682688438669803
4.454096668802273E-6      -4.188388136150921E-6    9.885526576305026
4.543694888357576E-6      -4.135341141748197E-6    9.877057493700768
4.4214592576618705E-6     -4.0675344289585935E-6   10.052720545115317
1.6832778883351744E-6     -2.173491765813679E-7    19.50538342356268
1.616266241188081E-6      -3.2673544546847123E-7   18.045704640366957
1.5492545940409877E-6     -4.3612171435557457E-7   16.586025857170423
1.4822429468938943E-6     -5.45507983242678E-7     15.215193674884983
1.7489826569673776E-6     -3.2531208427563244E-7   19.38701905433008
1.6819710098202844E-6     -4.346983531627358E-7    17.927340271133836
1.614959362673191E-6      -5.440846220498391E-7    16.499790245040884
1.8146874255995811E-6     -4.33274991969897E-7     19.268654685098014
1.7476757784524878E-6     -5.426612608570004E-7    17.784386815197415
1.8803921942317845E-6     -5.412378996641617E-7    19.068983385353235
1.687590082481599E-6      -1.08495896683898E-6     14.150923098231956
1.7526937879874956E-6     -9.759300811654486E-7    15.298028066441457
1.817797493493392E-6      -8.66901195491917E-7     16.522748391765727
1.8829011989992885E-6     -7.578723098183857E-7    17.747468717089486
1.9480049045051847E-6     -6.488434241448542E-7    18.972189042413245
1.6199773722081988E-6     -9.773534423582874E-7    14.135597789584377
1.6850810777140952E-6     -8.683245566847559E-7    15.29382396837258
1.7501847832199913E-6     -7.592956710112244E-7    16.525108130528963
1.815288488725888E-6      -6.502667853376929E-7    17.75639229268503
1.5523646619347985E-6     -8.697479178775946E-7    14.08876993421577
1.6174683674406946E-6     -7.607190322040631E-7    15.297229404180712
1.6825720729465912E-6     -6.516901465305318E-7    16.528513566336784
1.484751951661398E-6      -7.621423933969021E-7    14.041942078846848
1.5498556571672945E-6     -6.531135077233705E-7    15.30063483998822
1.4171392413879977E-6     -6.545368689162093E-7    13.995114223478083
2.0155397544448926E-6     -7.5632598459965E-7      18.72393747158408
1.950436048938996E-6      -8.653548702731813E-7    17.50578098309224
1.8853323434330997E-6     -9.743837559467126E-7    16.28762449460147
1.8202286379272033E-6     -1.0834126416202442E-6   15.133470413740174
2.0830746043846E-6        -8.638085450544457E-7    18.48776787737457
2.017970898878704E-6      -9.728374307279772E-7    17.26961138888335
1.9528671933728074E-6     -1.0818663164015084E-6   16.074435108772224
2.1506094543243077E-6     -9.712911055092414E-7    18.25159828316677
2.0855057488184116E-6     -1.0803199911827728E-6   17.01539980380396
2.218144304264016E-6      -1.0787736659640372E-6   17.9563644988362
2.9321642257588994E-6     -1.1613602369496569E-6   21.324307454294747
2.805908333277681E-6      -1.1688523351156451E-6   20.654866499766403
2.679652440796462E-6      -1.1763444332816332E-6   19.95970298246041
2.553396548315243E-6      -1.1838365314476216E-6   19.264539465155202
2.427140655834025E-6      -1.1913286296136098E-6   18.498087064087642
2.882266129402085E-6      -1.2829536239839535E-6   20.22905721974263
2.756010236920866E-6      -1.2904457221499418E-6   19.54872946807999
2.6297543444396476E-6     -1.29793782031593E-6     18.853565950774307
2.503498451958429E-6      -1.3054299184819183E-6   18.138707194944416
2.8323680330452707E-6     -1.4045470110182502E-6   19.133806985191022
2.7061121405640517E-6     -1.4120391091842384E-6   18.4425924363938
2.5798562480828332E-6     -1.4195312073502267E-6   17.77932732580094
2.7824699366884563E-6     -1.5261403980525468E-6   18.03855675063811
2.656214044207238E-6      -1.533632496218535E-6    17.419947456657695
2.732571840331642E-6      -1.6477337850868435E-6   17.042771506343385
3.1781167138732152E-6     -1.4772525491660805E-6   19.782599158768114
3.1166285918446363E-6     -1.3982794711119746E-6   20.183183302078923
3.0551404698160573E-6     -1.3193063930578687E-6   20.554983831892383
2.9936523477874783E-6     -1.2403333150037628E-6   20.926784361704822
3.066730495487822E-6      -1.5198728581462712E-6   19.103785770609633
3.0052423734592425E-6     -1.4408997800921653E-6   19.470620394474476
2.943754251430664E-6      -1.3619267020380594E-6   19.84242092428762
2.9553442771024286E-6     -1.562493167126462E-6    18.424972382451703
2.8938561550738497E-6     -1.483520089072356E-6    18.758057486869568
2.8439580587170353E-6     -1.6051134761066527E-6   17.746158994292962
3.183389179304905E-6      -1.5751561677462266E-6   19.120648508316123
3.0720029609195116E-6     -1.6177764767264174E-6   18.475584639604474
2.9606167425341183E-6     -1.6603967857066081E-6   17.83052077089273
2.849230524148725E-6      -1.7030170946867989E-6   17.159741198102097
3.188661644736594E-6      -1.6730597863263725E-6   18.487481471362052
3.0772754263512008E-6     -1.7156800953065635E-6   17.842417602650617
2.9658892079658075E-6     -1.758300404286754E-6    17.186957388781543
3.1939341101682837E-6     -1.7709634049065187E-6   17.854314434408412
3.0825478917828904E-6     -1.8135837138867094E-6   17.21417357946154
3.1992065755999734E-6     -1.8688670234866648E-6   17.2413897701413
2.8985352608066586E-6     -2.1872090191781037E-6   14.68293581901807
2.982001260528738E-6      -2.134597281959807E-6    15.188089019131485
3.0654672602508174E-6     -2.0819855447415102E-6   15.698358937004926
3.148933259972897E-6      -2.0293738075232135E-6   16.208628854878683
3.2323992596949767E-6     -1.9767620703049167E-6   16.71889877275205
2.8653425767116553E-6     -2.079313972359852E-6    15.138879167563651
2.948808576433735E-6      -2.026702235141555E-6    15.65106075161565
3.032274576155814E-6      -1.9740904979232583E-6   16.18791788201931
3.1157405758778937E-6     -1.921478760704961E-6    16.724775012423088
2.832149892616652E-6      -1.9714189255416E-6      15.604375151181129
2.915615892338731E-6      -1.9188071883233027E-6   16.145382332418215
2.999081892060811E-6      -1.8661954511050062E-6   16.682239462822245
2.7989572085216486E-6     -1.8635238787233475E-6   16.069871134798568
2.882423208243728E-6      -1.8109121415050508E-6   16.639703913220426
2.7657645244266453E-6     -1.7556288319050954E-6   16.535367118415724
2.9882449461913378E-6     -2.2399708986643345E-6   14.66304716748833
3.0779546315760174E-6     -2.292732778150565E-6    14.626276850320853
3.167664316960696E-6      -2.3454946576367954E-6   14.589506533153298
3.257374002345376E-6      -2.398256537123026E-6    14.552736215985508
3.0717109459134174E-6     -2.187359161446038E-6    15.16664475681511
3.1614206312980966E-6     -2.2401210409322682E-6   15.113850646180332
3.251130316682776E-6      -2.2928829204184986E-6   15.061056535545362
3.155176945635497E-6      -2.1347474242277406E-6   15.650327462158488
3.244886631020176E-6      -2.1875093037139715E-6   15.597533351523712
3.2386429453575763E-6     -2.082135687009444E-6    16.134010167501987
2.026471108935109E-6      -1.621255175791986E-6    13.738712269874489
2.0913334590900114E-6     -1.5124496087826492E-6   14.697236778148415
2.1561958092449134E-6     -1.403644041773312E-6    15.714405984701724
2.221058159399816E-6      -1.2948384747639753E-6   16.73157519125566
2.285920509554718E-6      -1.1860329077546384E-6   17.74874439780944
1.958694903644407E-6      -1.513995934001385E-6    13.837734172862127
2.0235572537993092E-6     -1.4051903669920478E-6   14.80540778823771
2.0884196039542113E-6     -1.296384799982711E-6    15.836038628396516
2.1532819541091133E-6     -1.1875792329733742E-6   16.866669468555127
1.8909186983537051E-6     -1.4067366922107834E-6   13.92540741736088
1.955781048508607E-6      -1.2979311252014465E-6   14.936096132616075
2.0206433986635096E-6     -1.1891255581921098E-6   15.966726972774806
1.823142493063003E-6      -1.2994774504201823E-6   14.013080661859039
1.8880048432179052E-6     -1.1906718834108453E-6   15.066784476993618
1.7553662877723009E-6     -1.1922182086295811E-6   14.10075390635614
2.362278305679122E-6      -1.3001341966229468E-6   17.423090607376892
2.29741595552422E-6       -1.4089397636322837E-6   16.419383034427707
2.232553605369318E-6      -1.5177453306416205E-6   15.415675461478667
2.1676912552144155E-6     -1.6265508976509576E-6   14.44895826353983
2.4386361018035266E-6     -1.4142354854912552E-6   17.11530438347004
2.373773751648624E-6      -1.5230410525005921E-6   16.111596810521526
2.308911401493722E-6      -1.6318466195099289E-6   15.116406352372238
2.514993897927931E-6      -1.5283367743595636E-6   16.8075181595646
2.4501315477730288E-6     -1.6371423413689006E-6   15.78385444120567
2.5913516940523354E-6     -1.642438063227872E-6    16.45130253003892
2.876238133530822E-6      -2.284987994308416E-6    14.183661445847825
2.853941006254985E-6      -2.3827669694387277E-6   13.701244609150933
2.8316438789791483E-6     -2.48054594456904E-6     13.218827772453256
2.8093467517033116E-6     -2.578324919699352E-6    12.736410935756169
2.787049624427475E-6      -2.676103894829664E-6    12.28231991590605
2.965947818915501E-6      -2.3377498737946465E-6   14.159906592210193
2.9436506916396643E-6     -2.435528848924958E-6    13.676680900914505
2.9213535643638275E-6     -2.5333078240552706E-6   13.193455209619165
2.899056437087991E-6      -2.6310867991855826E-6   12.740500113147332
3.0556575043001802E-6     -2.390511753280877E-6    14.139160068509023
3.033360377024344E-6      -2.488290728411189E-6    13.65593437721405
3.0110632497485068E-6     -2.586069703541501E-6    13.182553987024376
3.1453671896848595E-6     -2.4432736327671074E-6   14.118413544809126
3.1230700624090227E-6     -2.5410526078974194E-6   13.624607860901754
3.235076875069539E-6      -2.496035512253338E-6    14.066661734778485
3.2325618606864883E-6     -2.9414917365591563E-6   12.307946735933935
3.255466226095202E-6      -2.8433970725691766E-6   12.727241569842606
3.2783705915039147E-6     -2.745302408579196E-6    13.158101934242499
3.3012749569126283E-6     -2.6472077445892164E-6   13.588962298642294
3.324179322321342E-6      -2.5491130805992367E-6   14.019822663042087
3.143459413434686E-6      -2.8884141682132582E-6   12.313963547843679
3.1663637788433987E-6     -2.7903195042232777E-6   12.733066189715442
3.1892681442521123E-6     -2.692224840233298E-6    13.167262942626506
3.212172509660825E-6      -2.594130176243318E-6    13.601459695537264
3.0543569661828828E-6     -2.8353365998673593E-6   12.311377552981378
3.077261331591596E-6      -2.737241935877379E-6    12.745634362467651
3.1001656970003095E-6     -2.6391472718873995E-6   13.17983111537856
2.9652545189310804E-6     -2.782259031521461E-6    12.308791558119216
2.9881588843397936E-6     -2.684164367531481E-6    12.75820253521908
2.876152071679277E-6      -2.7291814631755622E-6   12.30620556325721
3.34925567231266E-6       -2.9323625025679807E-6   12.500552342492004
3.465949483938831E-6      -2.9232332685768042E-6   12.678071605896235
3.5826432955650026E-6     -2.914104034585629E-6    12.855590869300451
3.699337107191174E-6      -2.904974800594453E-6    13.033110132704323
3.372160037721373E-6      -2.834267838578E-6       12.920329299797993
3.4888538493475443E-6     -2.8251386045868246E-6   13.10667347687425
3.6055476609737153E-6     -2.8160093705956485E-6   13.293017653950777
3.395064403130086E-6      -2.73617317458802E-6     13.34785327568645
3.5117582147562575E-6     -2.727043940596845E-6    13.534197452762863
3.4179687685387997E-6     -2.6380785105980404E-6   13.775377251575382
3.2721500327786535E-6     -3.0390922289756054E-6   12.057601771058854
3.3117382048708177E-6     -3.1366927213920536E-6   11.815116818405007
3.3513263769629824E-6     -3.2342932138085026E-6   11.572631865750756
3.390914549055147E-6      -3.331893706224951E-6    11.330146913096545
3.4305027211473118E-6     -3.4294941986414E-6      11.100518328400412
3.3888438444048244E-6     -3.029962994984429E-6    12.246933288530498
3.428432016496989E-6      -3.1275634874008775E-6   11.985567215985101
3.468020188589154E-6      -3.225163979817326E-6    11.724201143440004
3.507608360681319E-6      -3.3227644722337752E-6   11.488526328842081
3.505537656030996E-6      -3.0208337609932533E-6   12.415627638261935
3.5451258281231605E-6     -3.1184342534097015E-6   12.15426156571692
3.5847140002153252E-6     -3.2160347458261506E-6   11.897708875391274
3.622231467657167E-6      -3.0117045270020773E-6   12.584321987994171
3.661819639749332E-6      -3.1093050194185263E-6   12.306891421940858
3.738925279283339E-6      -3.0025752930109016E-6   12.716073968490168
3.849967808358098E-6      -3.491867313899358E-6    11.249479626101515
3.822207176089408E-6      -3.3695443086772434E-6   11.60117291754854
3.794446543820718E-6      -3.2472213034551293E-6   11.960492478117116
3.7666859115520284E-6     -3.1248982982330153E-6   12.319812038685496
3.7451015365554016E-6     -3.476274035084868E-6    11.218212527308946
3.7173409042867115E-6     -3.353951029862754E-6    11.572187807295629
3.689580272018022E-6      -3.23162802464064E-6     11.931507367864166
3.6402352647527047E-6     -3.4606807562703787E-6   11.18694542851696
3.612474632484015E-6      -3.3383577510482646E-6   11.543202697042323
3.5353689929500087E-6     -3.4450874774558893E-6   11.15567832972482
3.908403346672039E-6      -3.6037390526186E-6      11.034698684355583
3.8035370748693426E-6     -3.5881457738041103E-6   11.016477393614258
3.6986708030666457E-6     -3.572552494989621E-6    10.982928306283162
3.593804531263949E-6      -3.5569592161751315E-6   10.949379218951941
3.488938259461253E-6      -3.541365937360642E-6    10.89151575616643
3.861972613183284E-6      -3.700017512523352E-6    10.80918222061631
3.7571063413805867E-6     -3.684424233708863E-6    10.775848892006291
3.6522400695778907E-6     -3.6688309548943734E-6   10.742299804675106
3.547373797775194E-6      -3.6532376760798844E-6   10.702285336869558
3.815541879694528E-6      -3.7962959724281055E-6   10.583665756876997
3.7106756078918317E-6     -3.7807026936136156E-6   10.535220390398147
3.6058093360891352E-6     -3.7651094147991263E-6   10.5130549175728
3.7691111462057727E-6     -3.892574432332858E-6    10.358149293137872
3.6642448744030762E-6     -3.876981153518369E-6    10.323824498276018
3.7226804127170172E-6     -3.98885289223761E-6     10.15312425516276
3.9952008999441735E-6     -3.6915830784290838E-6   10.83903139505548
3.948770166455418E-6      -3.7878615383338362E-6   10.62862696918501
3.902339432966663E-6      -3.884139998238589E-6    10.418222543314506
3.855908699477907E-6      -3.980418458143342E-6    10.211252485832482
4.081998453216308E-6      -3.7794271042395674E-6   10.65869190234532
4.035567719727553E-6      -3.87570556414432E-6     10.448287476474839
3.989136986238798E-6      -3.971984024049073E-6    10.237053437861496
4.168796006488442E-6      -3.8672711300500515E-6   10.47835240963514
4.122365272999687E-6      -3.963549589954805E-6    10.26285438989072
4.2555935597605776E-6     -3.955115155860536E-6    10.288655341919789
4.118928339777427E-6      -4.385170093911117E-6    9.71653454806492
4.186401716463437E-6      -4.275547750874904E-6    9.849110587241054
4.253875093149447E-6      -4.165925407838692E-6    9.981686626417208
4.321348469835457E-6      -4.0563030648024796E-6   10.11426266559346
3.985700053016537E-6      -4.393604528005385E-6    9.702279311744663
4.053173429702547E-6      -4.283982184969172E-6    9.826009419733282
4.1206468063885575E-6     -4.17435984193296E-6     9.977105535460256
4.188120183074567E-6      -4.0647374988967475E-6   10.128201651187414
3.9199451429416575E-6     -4.292416619063441E-6    9.813200423939385
3.987418519627667E-6      -4.182794276027229E-6    9.955568564562402
4.054891896313678E-6      -4.073171932991016E-6    10.106664680289486
3.854190232866778E-6      -4.1912287101214975E-6   9.924121536133995
3.921663609552787E-6      -4.081606367085285E-6    10.085127709391605
3.788435322791897E-6      -4.090040801179554E-6    10.03504264832885
4.451898114397069E-6      -4.5397178935717865E-6   9.450700399551877
4.419260703256666E-6      -4.418864186379459E-6    9.60230231841763
4.386623292116263E-6      -4.298010479187133E-6    9.761130448645615
4.35398588097586E-6       -4.177156771994806E-6    9.919958578873578
4.351787326570656E-6      -4.528486529415672E-6    9.49377031537578
4.319149915430253E-6      -4.4076328222233454E-6   9.647074486020495
4.2865125042898504E-6     -4.286779115031018E-6    9.805902616248448
4.251676538744243E-6      -4.517255165259558E-6    9.53684023119982
4.2190391276038395E-6     -4.396401458067231E-6    9.691846653623228
4.15156575091783E-6       -4.506023801103443E-6    9.579910147023762
4.423120233043985E-6      -4.629528042026206E-6    9.425023194975928
4.323009445217571E-6      -4.618296677870091E-6    9.466390859021097
4.2228986573911585E-6     -4.607065313713977E-6    9.507758523066297
4.394342351690899E-6      -4.719338190480625E-6    9.392119779037895
4.294231563864487E-6      -4.708106826324511E-6    9.433487443083028
4.365564470337815E-6      -4.809148338935045E-6    9.359216363099751
-4.424412900773186E-6     -4.709380726489809E-7    -25.930458425762275
-4.311756152443155E-6     -4.81818609990567E-7     -26.0870678135312
-4.199099404113123E-6     -4.926991473321529E-7    -26.243677201302013
-4.086442655783092E-6     -5.035796846737389E-7    -26.400286589071957
-4.3826866630541855E-6    -3.7892656558750195E-7   -27.15779125819919
-4.2700299147241535E-6    -3.898071029290879E-7    -27.318746396454888
-4.157373166394122E-6     -4.006876402706739E-7    -27.47970153471111
-4.340960425335184E-6     -2.869150585260229E-7    -28.377938853078025
-4.228303677005154E-6     -2.9779559586760895E-7   -28.538893991333904
-4.299234187616184E-6     -1.9490355146454394E-7   -29.598086447958494
-3.6521389818940352E-6    -2.108062122663619E-7    -30.248237213711498
-3.7159746768529983E-6    -3.136982566694269E-7    -28.992496373292802
-3.7798103718119614E-6    -4.1659030107249187E-7   -27.736755532873794
-3.843646066770925E-6     -5.194823454755569E-7    -26.475824086471214
-3.585834836170863E-6     -3.1872038012965876E-7   -28.89832234500657
-3.6496705311298263E-6    -4.216124245327238E-7    -27.64258150458756
-3.7135062260887894E-6    -5.245044689357888E-7    -26.384493730074876
-3.51953069044769E-6      -4.2663454799295563E-7   -27.54840747630137
-3.5833663854066535E-6    -5.295265923960206E-7    -26.293163373679796
-3.4532265447245185E-6    -5.345487158562525E-7    -26.201833017285587
1.013489231626232E-6      -2.199265550075938E-7    11.625644823457899
9.484612504686645E-7      -3.3046684112808424E-7   10.441996584526478
8.834332693110974E-7      -4.410071272485747E-7    9.25834834559633
8.184052881535301E-7      -5.515474133690652E-7    8.174363356321003
1.0812415612089315E-6     -3.2931282389469713E-7   11.945999339162196
1.0162135800513643E-6     -4.398531100151876E-7    10.762351100232195
9.51185598893797E-7       -5.50393396135678E-7     9.613876272734394
1.148993890791631E-6      -4.3869909278180047E-7   12.266353854869015
1.083965909634064E-6      -5.492393789022909E-7    11.053389189147154
1.2167462203743306E-6     -5.480853616689039E-7    12.492902105560782
-2.9915122075387888E-6    -2.1912993541396399E-7   -28.894694653136742
-3.0577388404473717E-6    -3.270441032772609E-7    -27.827912941281312
-3.1239654733559542E-6    -4.349582711405577E-7    -26.76113122942636
-3.190192106264538E-6     -5.428724390038546E-7    -25.668656946886294
-2.9248442426695267E-6    -3.303457029646311E-7    -27.364482778768448
-2.9910708755781097E-6    -4.3825987082792797E-7   -26.297701066913174
-3.0572975084866926E-6    -5.461740386912248E-7    -25.223392770226102
-2.858176277800265E-6     -4.4156147051529813E-7   -25.834270904399993
-2.924402910708848E-6     -5.494756383785951E-7    -24.7781285935654
-2.791508312931003E-6     -5.527772380659653E-7    -24.33286441690615
-2.3359186350128265E-6    -2.2224397577974648E-7   -25.570290214942432
-2.398975095332218E-6     -3.3345974333041357E-7   -24.770437430493818
-2.4620315556516094E-6    -4.4467551088108065E-7   -23.970584646044962
-2.5250880159710013E-6    -5.558912784317478E-7    -23.12874316781327
-2.2654493961500616E-6    -3.332721840088258E-7    -23.97473654727042
-2.328505856469453E-6     -4.4448795155949296E-7   -23.174883762821455
-2.3915623167888445E-6    -5.5570371911016E-7      -22.364140421776
-2.1949801572872963E-6    -4.4430039223790516E-7   -22.37918287959773
-2.2580366176066877E-6    -5.555161597885723E-7    -21.59953767573877
-2.1245109184245314E-6    -5.553286004669846E-7    -20.834934929702463
3.42983729284042E-7       -2.2172666076750473E-7   3.0998343893365186
2.7930516089847283E-7     -3.32913035414519E-7     2.275242211329679
2.1562659251290365E-7     -4.440994100615333E-7    1.4506500333223544
1.519480241273345E-7      -5.552857847085476E-7    0.7283888749704364
4.12724399219955E-7       -3.322669468879952E-7    3.8452735148879658
3.490458308343858E-7      -4.4345332153500946E-7   3.0206813368816343
2.853672624488167E-7      -5.546396961820237E-7    2.2309186736800917
4.824650691558681E-7      -4.4280723300848563E-7   4.590712640441687
4.187865007702989E-7      -5.539936076554999E-7    3.7334484723924994
5.52205739091781E-7       -5.533475191289762E-7    5.235978271102312
-1.6735595137755727E-6    -2.2218696983539918E-7   -20.369697970166968
-1.734839604254033E-6     -3.332151780644785E-7    -19.931821545266956
-1.7961196947324933E-6    -4.4424338629355786E-7   -19.493945120365844
-1.857399785210954E-6     -5.552715945226373E-7    -18.993071026888636
-1.601254170222612E-6     -3.33345731441719E-7     -18.810732780232875
-1.6625342607010726E-6    -4.4437393967079837E-7   -18.37285635533196
-1.7238143511795329E-6    -5.554021478998777E-7    -17.917039477554468
-1.5289488266696517E-6    -4.4450449304803877E-7   -17.251767590298297
-1.5902289171481124E-6    -5.555327012771181E-7    -16.841007928219767
-1.4566434831166915E-6    -5.556632546543586E-7    -15.764976378886326
-1.001499148351366E-6     -2.2249948815333926E-7   -13.49501705375042
-1.0639577815281993E-6    -3.3365824975965905E-7   -13.481222277653188
-1.1264164147050327E-6    -4.4481701136597884E-7   -13.467427501555328
-1.188875047881866E-6     -5.559757729722987E-7    -13.370616598233482
-9.297747803247948E-7     -3.3384021470035867E-7   -12.104825051491128
-9.922334135016281E-7     -4.449989763066785E-7    -12.091030275393582
-1.0546920466784615E-6    -5.561577379129983E-7    -12.051430546689849
-8.580504122982236E-7     -4.451809412473781E-7    -10.714633049230443
-9.20509045475057E-7      -5.563397028536979E-7    -10.73224449514468
-7.863260442716524E-7     -5.565216677943976E-7    -9.413058443601438
-3.288758280927006E-7     -2.2252710119403372E-7   -5.478607021178666
-3.919201111596096E-7     -3.3386782774105315E-7   -5.894888965728505
-4.549643942265188E-7     -4.4520855428807257E-7   -6.311170910277188
-5.180086772934279E-7     -5.56549280835092E-7     -6.630845109179491
-2.5778574538478955E-7    -3.3371347584104797E-7   -4.364979831451137
-3.208300284516987E-7     -4.4505420238806743E-7   -4.781261776000293
-3.838743115186078E-7     -5.563949289350868E-7    -5.165962429392574
-1.8669566267687862E-7    -4.4489985048806224E-7   -3.2513526417228724
-2.4973994574378775E-7    -5.562405770350818E-7    -3.701079749605344
-1.1560557996896773E-7    -5.560862251350765E-7    -2.2361970698196867
1.038254995943192E-6      -1.0962692539454092E-6   8.763463244502168
1.100509302977473E-6      -9.86401672043431E-7     9.712150888913945
1.1627636100117543E-6     -8.765340901414522E-7    10.733429429873128
1.2250179170460354E-6     -7.666665082394737E-7    11.754707970833648
1.2872722240803165E-6     -6.567989263374951E-7    12.775986511792912
9.677289922372063E-7      -9.87555689276818E-7     8.413181913028186
1.0299832992714874E-6     -8.776881073748393E-7    9.366503594069659
1.0922376063057682E-6     -7.678205254728607E-7    10.377367676227754
1.1544919133400495E-6     -6.579529435708823E-7    11.388231758385878
8.972029885312204E-7      -8.788421246082264E-7    8.009872622548784
9.594572955655015E-7      -7.689745427062479E-7    9.00234459804031
1.0217116025997826E-6     -6.591069608042693E-7    10.013208680197776
8.266769848252348E-7      -7.70128559939635E-7     7.60656333206726
8.889312918595159E-7      -6.602609780376565E-7    8.638185602007843
7.561509811192489E-7      -6.614149952710437E-7    7.20325404158786
1.3548849343537169E-6     -7.644044508181879E-7    12.885779333555803
1.2926306273194356E-6     -8.742720327201664E-7    11.854086333794616
1.2303763202851545E-6     -9.841396146221448E-7    10.82239333403232
1.1681220132508734E-6     -1.0940071965241235E-6   9.863676962573916
1.422497644627117E-6      -8.720099752988805E-7    12.982840480100249
1.360243337592836E-6      -9.818775572008591E-7    11.951147480338392
1.2979890305585548E-6     -1.0917451391028374E-6   10.945516322610992
1.4901103549005172E-6     -9.79615499779573E-7     13.079901626644926
1.4278560478662363E-6     -1.0894830816815518E-6   12.027355682648382
1.5577230651739177E-6     -1.0872210242602659E-6   13.10919504268475
1.3867072242049216E-6     -1.6234429278951918E-6   9.75289155010657
1.446883795860257E-6      -1.5157461356839496E-6   10.577518515508462
1.5070603675155926E-6     -1.408049343472707E-6    11.452598369389614
1.5672369391709281E-6     -1.3003525512614647E-6   12.327678223271159
1.6274135108262637E-6     -1.1926557590502222E-6   13.202758077152705
1.3170167785525756E-6     -1.5180081931052355E-6   9.594172395774594
1.3771933502079112E-6     -1.410311400893993E-6    10.419895208625103
1.4373699218632465E-6     -1.3026146086827506E-6   11.29373924314382
1.497546493518582E-6      -1.1949178164715081E-6   12.167583277662388
1.2473263329002297E-6     -1.4125734583152787E-6   9.399280595065822
1.3075029045555652E-6     -1.3048766661040362E-6   10.258814669376674
1.3676794762109008E-6     -1.197179873892794E-6    11.132658703895236
1.1776358872478838E-6     -1.3071387235253223E-6   9.204388794356106
1.237812458903219E-6      -1.1994419313140799E-6   10.097734130126838
1.1079454415955379E-6     -1.2017039887353658E-6   9.009496993646785
1.6951897161169656E-6     -1.2999150008408236E-6   13.15835015825623
1.6350131444616298E-6     -1.4076117930520658E-6   12.28203448501155
1.5748365728062945E-6     -1.515308585263308E-6    11.405718811766878
1.514660001150959E-6      -1.6230053774745507E-6   10.578492460657968
1.7629659214076673E-6     -1.4071742426314247E-6   13.113692013636978
1.702789349752332E-6      -1.5148710348426672E-6   12.237376340392615
1.6426127780969964E-6     -1.6225678270539094E-6   11.380069598968888
1.8307421266983694E-6     -1.5144334844220259E-6   13.069033869018671
1.770565555043034E-6      -1.6221302766332683E-6   12.18164673728126
1.8985183319890715E-6     -1.6216927262126272E-6   12.983223875593204
2.0831980655735005E-6     -1.7444118738892154E-6   13.474258500251228
2.1399250222118916E-6     -1.8675685719864446E-6   13.197248776379215
2.1966519788502827E-6     -1.990725270083674E-6    12.920239052506474
2.2533789354886743E-6     -2.113881968180903E-6    12.643229328633812
2.3101058921270654E-6     -2.2370386662781324E-6   12.374699725312835
2.2244182118528067E-6     -1.7497075957481866E-6   14.168362252661801
2.2811451684911982E-6     -1.872864293845416E-6    13.850775866774221
2.3378721251295894E-6     -1.996020991942645E-6    13.533189480886271
2.394599081767981E-6      -2.1191776900398746E-6   13.239519950868212
2.3656383581321133E-6     -1.755003317607158E-6    14.807337081284574
2.422365314770505E-6      -1.8781600157043875E-6   14.489750695396939
2.479092271408896E-6      -2.0013167138016165E-6   14.173650489736184
2.50685850441142E-6       -1.7602990394661298E-6   15.446311909907712
2.5635854610498115E-6     -1.8834557375633592E-6   15.107781028605505
2.648078650690727E-6      -1.7655947613251012E-6   16.041911567474212
2.78084938707074E-6       -2.1971749485981095E-6   14.241431087458404
2.747656702975737E-6      -2.0892799017798576E-6   14.688525237120794
2.7144640188807336E-6     -1.9813848549616053E-6   15.125195623553012
2.6812713347857303E-6     -1.8734898081433531E-6   15.56186600998515
2.6631635133348214E-6     -2.2071408780181153E-6   13.7852811322321
2.629970829239818E-6      -2.099245831199863E-6    14.213495760326303
2.5967781451448148E-6     -1.991350784381611E-6    14.65016614675846
2.5454776395989026E-6     -2.2171068074381207E-6   13.32913117700554
2.5122849555038993E-6     -2.1092117606198684E-6   13.73846628353135
2.4277917658629842E-6     -2.2270727368581266E-6   12.872981221779916
2.758552259794903E-6      -2.2949539237284215E-6   13.749399342127933
2.6408663860589842E-6     -2.304919853148427E-6    13.312128908470543
2.523180512323066E-6      -2.3148857825684327E-6   12.874858474812527
2.4054946385871475E-6     -2.3248517119884386E-6   12.400635252085383
2.7362551325190663E-6     -2.3927328988587335E-6   13.267791360028658
2.618569258783148E-6      -2.4026988282787394E-6   12.830520926370797
2.500883385047229E-6      -2.412664757698745E-6    12.376397983174039
2.7139580052432295E-6     -2.4905118739890455E-6   12.786183377928754
2.596272131507311E-6      -2.5004778034090514E-6   12.352160714263636
2.6916608779673932E-6     -2.588290849119358E-6    12.327923445352802
1.6946842801673339E-6     -2.056135926880388E-6    10.166839552562482
1.761041645920889E-6      -1.969159776662708E-6    10.860570128020242
1.8273990116744438E-6     -1.8821836264450271E-6   11.566569022652782
1.893756377427999E-6      -1.7952074762273468E-6   12.272567917286189
1.960113743181554E-6      -1.7082313260096665E-6   12.978566811918968
1.6330888689748516E-6     -1.9695973270833488E-6   10.096185925925523
1.6994462347284064E-6     -1.8826211768656682E-6   10.789303240282054
1.7658036004819614E-6     -1.795645026647988E-6    11.506892835783455
1.8321609662355165E-6     -1.7086688764303074E-6   12.224482431284237
1.5714934577823688E-6     -1.8830587272863095E-6   10.017903197108222
1.6378508235359237E-6     -1.796082577068629E-6    10.735396087786256
1.704208189289479E-6      -1.7091064268509489E-6   11.452985683287423
1.5098980465898865E-6     -1.7965201274892703E-6   9.939620468290016
1.5762554123434415E-6     -1.7095439772715898E-6   10.681488935289526
1.4483026353974038E-6     -1.709981527692231E-6    9.861337739472834
1.8177686025592804E-6     -2.092316474759937E-6    10.64396834628646
1.9408529249512267E-6     -2.1284970226394858E-6   11.094345293372964
2.063937247343173E-6      -2.1646775705190346E-6   11.544722240458626
2.1870215697351193E-6     -2.2008581183985835E-6   11.99509918754522
1.8841259683128352E-6     -2.0053403245422564E-6   11.33590499516895
2.0072102907047813E-6     -2.0415208724218052E-6   11.793880127076633
2.1302946130967278E-6     -2.077701420301354E-6    12.25185525898437
1.95048333406639E-6       -1.9183641743245762E-6   12.030313188934455
2.0735676564583366E-6     -1.9545447222041247E-6   12.488288320841852
2.016840699819945E-6      -1.8313880241068955E-6   12.724721382699778
2.3169362962049766E-6     -2.8521838081360904E-6   10.298154141764975
2.4109589618494766E-6     -2.816967825474805E-6    10.695751150695338
2.504981627493976E-6      -2.78175184281352E-6     11.094149883087255
2.5990042931384757E-6     -2.7465358601522346E-6   11.492548615479759
2.6930269587829753E-6     -2.7113198774909494E-6   11.890947347871833
2.3155702153893946E-6     -2.729154779764499E-6    10.690431878275326
2.4095928810338945E-6     -2.6939387971032137E-6   11.090041140736108
2.5036155466783933E-6     -2.6587228144419284E-6   11.510451258782727
2.5976382123228937E-6     -2.623506831780643E-6    11.930861376829661
2.314204134573812E-6      -2.606125751392907E-6    11.097729082997937
2.4082268002183116E-6     -2.570909768731622E-6    11.51458824816255
2.502249465862811E-6      -2.5356937860703366E-6   11.934998366209088
2.31283805375823E-6       -2.4830967230213157E-6   11.5050262877206
2.4068607194027296E-6     -2.4478807403600304E-6   11.939135355588915
2.311471972942648E-6      -2.360067694649724E-6    11.912323492443534
2.78194267339505E-6       -2.801288019084566E-6    11.843742665552956
2.6879200077505504E-6     -2.8365040017458513E-6   11.460282481018497
2.59389734210605E-6       -2.8717199844071366E-6   11.083895134280304
2.4998746764615504E-6     -2.906935967068422E-6    10.707507787542188
2.4058520108170513E-6     -2.942151949729707E-6    10.309771514587268
2.7768357223626246E-6     -2.926472143339468E-6    11.442657999100621
2.6828130567181246E-6     -2.9616881260007533E-6   11.065394653742814
2.588790391073625E-6      -2.9969041086620385E-6   10.689007307004816
2.4947677254291255E-6     -3.0321200913233238E-6   10.311579864497311
2.7717287713301992E-6     -3.0516562675943696E-6   11.041573332647973
2.6777061056856997E-6     -3.086872250255655E-6    10.67050682646747
2.5836834400412E-6        -3.12208823291694E-6     10.313388214408
2.7666218202977743E-6     -3.176840391849272E-6    10.640488666195756
2.6725991546532747E-6     -3.2120563745105572E-6   10.315196564318493
2.761514869265349E-6      -3.3020245161041735E-6   10.293211191353837
3.138352462402261E-6      -3.01359829246816E-6     11.900382751688547
3.049250015150458E-6      -2.9605207241222612E-6   11.904035990777308
2.9601475678986546E-6     -2.9074431557763627E-6   11.886295828301476
2.8710451206468523E-6     -2.854365587430464E-6    11.868555665825014
3.0441430641180325E-6     -3.085704848377163E-6    11.497082374657037
2.9550406168662297E-6     -3.0326272800312647E-6   11.479014322672018
2.8659381696144274E-6     -2.979549711685366E-6    11.461274160196028
2.9499336658338048E-6     -3.1578114042861666E-6   11.09378199762515
2.8608312185820016E-6     -3.1047338359402677E-6   11.05399265456646
2.8557242675495767E-6     -3.22991796019517E-6     10.690481620593431
3.1779406344944253E-6     -3.1111987848846084E-6   11.655385517360944
3.083731236210197E-6      -3.183305340793612E-6    11.27380643140264
2.989521837925969E-6      -3.255411896702615E-6    10.892227345444494
2.8953124396417418E-6     -3.327518452611619E-6    10.504006187011445
3.2175288065865896E-6     -3.208799277301057E-6    11.431781684597718
3.1233194083023623E-6     -3.2809058332100605E-6   11.050202598639592
3.029110010018134E-6      -3.353012389119064E-6    10.66337089711977
3.2571169786787543E-6     -3.306399769717506E-6    11.208177851834808
3.1629075803945266E-6     -3.3785063256265095E-6   10.822735607228392
3.29670515077092E-6       -3.4040002621339547E-6   10.982100317336695
3.3618864195282478E-6     -3.528979923846958E-6    10.786981280047673
3.2280888491518545E-6     -3.5034859873395133E-6   10.657240205064785
3.094291278775462E-6      -3.4779920508320677E-6   10.496486038043008
2.9604937083990697E-6     -3.452498114324622E-6    10.335731871021519
2.8266961380226773E-6     -3.4270041778171773E-6   10.136282686028444
3.293270117909183E-6      -3.6284656490525168E-6   10.484480766269611
3.15947254753279E-6       -3.602971712545071E-6    10.334853794527906
3.0256749771563977E-6     -3.5774777760376264E-6   10.174099627506386
2.8918774067800053E-6     -3.5519838395301808E-6   9.997951751509934
3.2246538162901185E-6     -3.727951374258075E-6    10.181980252491375
3.0908562459137257E-6     -3.70245743775063E-6     10.012467383991073
2.9570586755373333E-6     -3.6769635012431846E-6   9.859620816991304
3.1560375146710545E-6     -3.827437099463634E-6    9.879479738713021
3.022239944294662E-6      -3.8019431629561884E-6   9.721289882472586
3.0874212130519897E-6     -3.926922824669192E-6    9.59649801035013
3.4203219578421884E-6     -3.6408516625662004E-6   10.584586763692624
3.351705656223124E-6      -3.7403373877717586E-6   10.30197214667301
3.283089354604059E-6      -3.839823112977317E-6    10.019357529653451
3.2144730529849955E-6     -3.939308838182876E-6    9.739191475537774
3.4787574961561294E-6     -3.7527234012854426E-6   10.413205339375907
3.4101411945370654E-6     -3.852209126491001E-6    10.13059072235624
3.3415248929180005E-6     -3.951694851696559E-6    9.84958765054471
3.537193034470071E-6      -3.864595140004685E-6    10.241823915059273
3.4685767328510064E-6     -3.964080865210243E-6    9.95998382555194
3.595628572784012E-6      -3.976466878723927E-6    10.070380000559183
3.6640207075256083E-6     -4.086866668133813E-6    9.97170835092396
3.536968867592603E-6      -4.07448065462013E-6     9.886500216634168
3.409917027659597E-6      -4.062094641106446E-6    9.776941059322825
3.282865187726591E-6      -4.049708627592762E-6    9.667381902011483
3.1558133477935866E-6     -4.0373226140790785E-6   9.52926737208157
3.6053610023341994E-6     -4.184880444030016E-6    9.80408954914223
3.4783091624011936E-6     -4.1724944305163316E-6   9.702682922892713
3.3512573224681885E-6     -4.1601084170026475E-6   9.593123765581382
3.2242054825351827E-6     -4.147722403488964E-6    9.473449634172743
3.5467012971427905E-6     -4.282894219926217E-6    9.636470747360507
3.419649457209785E-6      -4.270508206412533E-6    9.518865629151204
3.2925976172767796E-6     -4.25812219289885E-6     9.417631896264044
3.4880415919513816E-6     -4.38090799582242E-6     9.468851945578814
3.360989752018376E-6      -4.368521982308737E-6    9.361814158355369
3.729775617600488E-6      -4.1880545770757566E-6   9.855074248342065
3.6711159124090792E-6     -4.286068352971958E-6    9.70365393852015
3.6124562072176703E-6     -4.384082128868161E-6    9.552233628698206
3.5537965020262614E-6     -4.482095904764364E-6    9.40327832943127
3.795530527675368E-6      -4.2892424860177E-6      9.76279116878175
3.7368708224839595E-6     -4.387256261913903E-6    9.611370858959779
3.6782111172925506E-6     -4.4852700378101045E-6   9.460634174231785
3.861285437750248E-6      -4.390430394959644E-6    9.67050808922145
3.8026257325588393E-6     -4.488444170855846E-6    9.517990019032181
3.9270403478251284E-6     -4.491618303901587E-6    9.575345863832734
3.877384604023732E-6      -4.592659816512121E-6    9.500286180748148
3.7529699887574434E-6     -4.589485683466379E-6    9.444711721408959
3.6285553734911547E-6     -4.5863115504206385E-6   9.38913726206981
3.827728860222337E-6      -4.693701329122654E-6    9.42810564349215
3.703314244956048E-6      -4.690527196076913E-6    9.372531184152962
3.778073116420941E-6      -4.794742841733189E-6    9.355925106236219
-4.506516554864555E-6     -5.834585709295369E-7    -24.5987467341156
-4.599102625043911E-6     -6.343042067251998E-7    -23.718927296307733
-4.691688695223267E-6     -6.851498425208627E-7    -22.87610722416556
-4.7842747654026235E-6    -7.359954783165256E-7    -22.033287152024332
-4.475963460625892E-6     -7.068596065516789E-7    -23.500892995426312
-4.568549530805247E-6     -7.577052423473419E-7    -22.658483270070587
-4.661135600984605E-6     -8.085508781430047E-7    -21.815663197929045
-4.445410366387229E-6     -8.302606421738209E-7    -22.40303925673892
-4.537996436566585E-6     -8.811062779694838E-7    -21.59803924383444
-4.414857272148567E-6     -9.53661677795963E-7     -21.305185518049797
-4.393859806534524E-6     -5.943391082711229E-7    -24.788009737065643
-4.36330671229586E-6      -7.177401438932649E-7    -23.65274628592532
-4.332753618057198E-6     -8.411411795154069E-7    -22.51748283478387
-4.302200523818536E-6     -9.64542215137549E-7     -21.481416121144967
-4.281203058204491E-6     -6.05219645612709E-7     -24.940273374348475
-4.250649963965829E-6     -7.28620681234851E-7     -23.80500992320763
-4.220096869727167E-6     -8.52021716856993E-7     -22.71314506718999
-4.16854630987446E-6      -6.16100182954295E-7     -25.092537011632146
-4.137993215635798E-6     -7.39501218576437E-7     -23.94487401323667
-4.05588956154443E-6      -6.26980720295881E-7     -25.176602959282647
-3.907706865156733E-6     -6.30820318675181E-7     -25.309138828240172
-3.989810519248101E-6     -7.43340816955737E-7     -24.052308078747725
-4.071914173339469E-6     -8.55861315236293E-7     -22.8763772750799
-4.154017827430838E-6     -9.68381813516849E-7     -21.700446471412555
-4.236121481522207E-6     -1.080902311797405E-6    -20.54988450925459
-3.841627822860404E-6     -7.47180415335037E-7     -24.196549537325907
-3.9237314769517724E-6    -8.59700913615593E-7     -22.996210887846182
-4.005835131043141E-6     -9.72221411896149E-7     -21.820280084178442
-4.08793878513451E-6      -1.084741910176705E-6    -20.661517265138578
-3.7755487805640757E-6    -8.63540511994893E-7     -23.08396024641211
-3.857652434655444E-6     -9.760610102754488E-7    -21.94011369694507
-3.939756088746814E-6     -1.088581508556005E-6    -20.77315002102319
-3.709469738267748E-6     -9.79900608654749E-7     -21.97137095549823
-3.791573392359117E-6     -1.092421106935305E-6    -20.884782776907414
-3.6433906959714197E-6    -1.096260705314605E-6    -20.897176825171858
-3.3871475024281903E-6    -6.509088125161086E-7    -24.94929948686041
-3.5172873431103253E-6    -6.458866890558767E-7    -25.12457872055186
-3.647427183792461E-6     -6.408645655956448E-7    -25.21306540505641
-3.7775670244745967E-6    -6.358424421354129E-7    -25.30155208956033
-3.451208300813997E-6     -7.622467857157326E-7    -23.925107503540666
-3.5813481414961326E-6    -7.572246622555007E-7    -24.043984014130352
-3.711487982178269E-6     -7.522025387952689E-7    -24.13247069863443
-3.5152690991998048E-6    -8.735847589153567E-7    -22.90091552021935
-3.6454089398819402E-6    -8.685626354551248E-7    -22.963389307708326
-3.5793298975856124E-6    -9.849227321149809E-7    -21.87672353689925
-3.5093661718670124E-6    -1.100596354351777E-6    -20.7403268706984
-3.3753416477626046E-6    -1.1049320033889488E-6   -20.514044822421504
-3.241317123658197E-6     -1.1092676524261208E-6   -20.287762774142365
-3.1072925995537895E-6    -1.1136033014632925E-6   -20.061480725865074
-2.973268075449382E-6     -1.1179389505004645E-6   -19.760492827429605
-3.4453053734812047E-6    -9.892583811521529E-7    -21.724041018124474
-3.311280849376797E-6     -9.935940301893246E-7    -21.488942879232305
-3.177256325272389E-6     -9.979296792264966E-7    -21.253844740340295
-3.0432318011679823E-6    -1.0022653282636686E-6   -20.951863114183237
-3.381244575095397E-6     -8.779204079525286E-7    -22.69183027834262
-3.2472200509909897E-6    -8.822560569897006E-7    -22.45673213945092
-3.113195526886582E-6     -8.865917060268724E-7    -22.201442181249746
-3.3171837767095898E-6    -7.665824347529045E-7    -23.659619538561866
-3.1831592526051825E-6    -7.709180837900765E-7    -23.451021248317474
-3.253122978323783E-6     -6.552444615532805E-7    -24.700600315384182
-2.721544587212403E-6     -6.684508603027613E-7    -22.973877065435282
-2.854439184990248E-6     -6.65149260615391E-7     -23.492497259564242
-2.987333782768093E-6     -6.618476609280208E-7    -23.919595450371673
-3.1202283805459375E-6    -6.585460612406506E-7    -24.346693641178952
-2.784475459271648E-6     -7.808228828521871E-7    -22.164856891415496
-2.9173700570494925E-6    -7.775212831648169E-7    -22.623324715348737
-3.050264654827338E-6     -7.742196834774467E-7    -23.050422906156562
-2.847406331330892E-6     -8.931949054016129E-7    -21.35583671739571
-2.9803009291087374E-6    -8.898933057142426E-7    -21.754152171133732
-2.9103372033901373E-6    -1.0055669279510388E-6   -20.54681654337606
3.800700130414377E-7      -1.1076872672441698E-6   2.902000361313578
4.4118100591580284E-7     -9.966900999158263E-7    3.595964911720575
5.022919987901678E-7      -8.856929325874828E-7    4.355938564351085
5.634029916645331E-7      -7.746957652591393E-7    5.11591221698474
6.245139845388981E-7      -6.636985979307958E-7    5.875885869615721
3.077617675943206E-7      -9.973361884423502E-7    2.241018737657866
3.688727604686857E-7      -8.863390211140067E-7    2.9357444430474615
4.299837533430508E-7      -7.753418537856631E-7    3.6690978874350044
4.910947462174159E-7      -6.643446864573196E-7    4.402451331822757
2.3545352214720352E-7     -8.869851096405305E-7    1.5138001300319086
2.9656451502156866E-7     -7.759879423121869E-7    2.234069593574174
3.5767550789593377E-7     -6.649907749838434E-7    2.9674230379612028
1.6314527670008649E-7     -7.766340308387107E-7    0.7865815224039068
2.2425626957445157E-7     -6.656368635103672E-7    1.532394744099209
9.083703125296937E-8      -6.66282952036891E-7     0.05936291477755611
6.950399882448839E-7      -7.724121625993872E-7    6.356751698478122
6.339289953705187E-7      -8.834093299277307E-7    5.570157837601238
5.728180024961536E-7      -9.94406497256074E-7     4.783563976724935
5.117070096217886E-7      -1.1054036645844178E-6   4.076168427833957
7.655659919508696E-7      -8.811257272679785E-7    6.7992112834077725
7.044549990765046E-7      -9.921228945963222E-7    6.012617422531034
6.433440062021393E-7      -1.1031200619246655E-6   5.253354369028113
8.360919956568553E-7      -9.8983929193657E-7      7.241670868337713
7.749810027824902E-7      -1.1008364592649135E-6   6.430540310223135
9.066179993628412E-7      -1.0985528566051615E-6   7.607726251417764
-2.3015219409659736E-6    -1.109240080784581E-6    -17.391360502442794
-2.239414596621254E-6     -9.984202728567443E-7    -17.907343135435973
-2.177307252276534E-6     -8.876004649289073E-7    -18.430026220932824
-2.1151999079318145E-6    -7.767806570010705E-7    -18.952709306429554
-2.0530925635870943E-6    -6.659608490732336E-7    -19.47539239192556
-2.3729402958034107E-6    -9.986078321783319E-7    -18.604746628567668
-2.3108329514586905E-6    -8.87788024250495E-7     -19.13670360278489
-2.248725607113971E-6     -7.769682163226582E-7    -19.719882617683176
-2.1866182627692507E-6    -6.661484083948213E-7    -20.303061632581
-2.4443586506408473E-6    -8.879755835720827E-7    -19.88499521502831
-2.382251306296127E-6     -7.771557756442459E-7    -20.453387226533003
-2.3201439619514075E-6    -6.66335967716409E-7     -21.036566241431075
-2.5157770054782844E-6    -7.773433349658337E-7    -21.16524380148838
-2.4536696611335642E-6    -6.665235270379968E-7    -21.770070850281478
-2.587195360315721E-6     -6.667110863595845E-7    -22.445492387949294
-2.650126232374966E-6     -7.790831089090104E-7    -21.63854151294178
-2.713057104434211E-6     -8.914551314584362E-7    -20.889673709117673
-2.775987976493455E-6     -1.003827154007862E-6    -20.14080590529357
-2.8389188485527007E-6    -1.116199176557288E-6    -19.369074551821832
-2.578707877537529E-6     -8.897153575152595E-7    -20.39472796376973
-2.6416387495967738E-6    -1.0020873800646852E-6   -19.645860159945897
-2.7045696216560187E-6    -1.1144594026141112E-6   -18.892273807859553
-2.507289522700092E-6     -1.0003476061215087E-6   -19.150914414597672
-2.5702203947593367E-6    -1.1127196286709344E-6   -18.415473063897217
-2.4358711678626556E-6    -1.1109798547277578E-6   -17.938672319935783
-1.6292263944500274E-6    -1.1071458764441986E-6   -13.603006848176477
-1.5679927253770762E-6    -9.968754627616788E-7    -13.824927006408602
-1.5067590563041245E-6    -8.866050490791587E-7    -14.033351100793809
-1.4455253872311733E-6    -7.763346353966389E-7    -14.241775195178146
-1.3842917181582218E-6    -6.660642217141188E-7    -14.45019928956398
-1.701578159408497E-6     -9.967449093844383E-7    -14.803668596268992
-1.6403444903355453E-6    -8.864744957019183E-7    -15.038715055922511
-1.5791108212625938E-6    -7.762040820193983E-7    -15.304860156418343
-1.5178771521896427E-6    -6.659336683368783E-7    -15.57100525691372
-1.7739299243669662E-6    -8.863439423246779E-7    -16.078309273221713
-1.7126962552940149E-6    -7.760735286421579E-7    -16.335834490051973
-1.6514625862210635E-6    -6.65803114959638E-7     -16.601979590547735
-1.8462816893254357E-6    -7.759429752649176E-7    -17.352949950175134
-1.7850480202524842E-6    -6.656725615823975E-7    -17.632953924182395
-1.9186334542839053E-6    -6.655420082051571E-7    -18.627590627127937
-1.980740798628625E-6     -7.76361816132994E-7     -18.129065840344726
-2.0428481429733447E-6    -8.871816240608307E-7    -17.666878684249642
-2.1049554873180644E-6    -9.980014319886677E-7    -17.20469152815501
-2.1670628316627846E-6    -1.1088212399165046E-6   -16.701308468692773
-1.9083890336701553E-6    -8.867627831927543E-7    -16.87690392056864
-1.9704963780148754E-6    -9.975825911205913E-7    -16.414716764473727
-2.032603722359595E-6     -1.108402399048428E-6    -15.94153587016406
-1.836037268711686E-6     -9.971637502525147E-7    -15.624742000792262
-1.8981446130564059E-6    -1.1079835581803516E-6   -15.18176327163448
-1.7636855037532168E-6    -1.1075647173122752E-6   -14.421990673105839
-2.8669485574986066E-7    -1.1111623114955558E-6   -3.0564906735524264
-2.2565012743871806E-7    -1.000116223843459E-6    -2.6536534646361867
-1.6460539912757547E-7    -8.89070136191362E-7     -2.1985170295795804
-1.0356067081643288E-7    -7.780240485392652E-7    -1.743380594521009
-4.251594250529026E-8     -6.669779608871682E-7    -1.2882441594627518
-3.597844932135381E-7     -1.0002705757434642E-6   -3.977273178943247
-2.987397649023955E-7     -8.892244880913671E-7    -3.5786997192753094
-2.3769503659125288E-7    -7.781784004392702E-7    -3.164022708730442
-1.766503082801103E-7     -6.671323127871734E-7    -2.749345698186319
-4.3287413067721553E-7    -8.893788399913723E-7    -4.972181275794446
-3.7182940236607294E-7    -7.783327523392753E-7    -4.563878934026538
-3.1078467405493035E-7    -6.672866646871786E-7    -4.14920192348222
-5.05963768140893E-7      -7.784871042392806E-7    -5.967089372646823
-4.449190398297504E-7     -6.674410165871837E-7    -5.549058148779141
-5.790534056045705E-7     -6.675953684871889E-7    -6.961997469498337
2.9792302941826797E-8     -7.77329039688988E-7     -0.474236480255815
-3.12524253693158E-8      -8.883751273410848E-7    -0.9698323398277343
-9.229715368045838E-8     -9.994212149931817E-7    -1.4654281993999494
-1.53341881991601E-7      -1.1104673026452786E-6   -1.8829845288793243
1.0210054838894387E-7     -8.876801184908076E-7    0.2785258855242756
4.1055820077801276E-8     -9.987262061429045E-7    -0.21706997404811085
-1.9988908233341316E-8    -1.1097722937950013E-6   -0.6865902835062059
1.7440879383606093E-7     -9.980311972926274E-7    1.0312882513046902
1.1336406552491833E-7     -1.1090772849447243E-6   0.5098039618684853
2.46717039283178E-7       -1.108382276094447E-6    1.706198207241132
-9.574133316275528E-7     -1.1096707864929972E-6   -8.696463304181703
-8.963592739156919E-7     -9.990773557414173E-7    -8.606401627277354
-8.353052162038308E-7     -8.884839249898372E-7    -8.482228533855501
-7.742511584919699E-7     -7.778904942382572E-7    -8.358055440433098
-7.131971007801088E-7     -6.672970634866772E-7    -8.233882347010539
-1.0305422751190965E-6    -9.988953908007175E-7    -9.801843833846016
-9.694882174072354E-7     -8.883019600491375E-7    -9.72088865949185
-9.084341596953744E-7     -7.777085292975575E-7    -9.647817719738628
-8.473801019835135E-7     -6.671150985459775E-7    -9.574746779984556
-1.10367121861064E-6      -8.881199951084378E-7    -10.983963636891483
-1.042617160898779E-6     -7.775265643568578E-7    -10.909792596664309
-9.815631031869179E-7     -6.669331336052778E-7    -10.836721656910822
-1.1768001621021836E-6    -7.773445994161583E-7    -12.166083439937186
-1.1157461043903227E-6    -6.667511686645783E-7    -12.098696533837181
-1.249929105593727E-6     -6.665692037238786E-7    -13.348203242982573
-1.3111627746666784E-6    -7.768396174063985E-7    -13.185031986928117
-1.3723964437396297E-6    -8.871100310889185E-7    -13.034328898654186
-1.433630112812581E-6     -9.973804447714384E-7    -12.883625810380567
-1.4948637818855326E-6    -1.1076508584539585E-6   -12.675107336687178
-1.238033831175135E-6     -8.876150130986782E-7    -12.00969631800974
-1.2992675002480863E-6    -9.97885426781198E-7     -11.858993229735729
-1.3605011693210376E-6    -1.108155840463718E-6    -11.690915383830486
-1.1649048876835913E-6    -9.983904087909577E-7    -10.834360649090206
-1.2261385567565428E-6    -1.1086608224734777E-6   -10.706723430973046
-1.0917759441920478E-6    -1.1091658044832375E-6   -9.722531478116352
-6.401074633164315E-7     -7.781887992387689E-7    -7.150355812011544
-7.011615210282924E-7     -8.887822299903488E-7    -7.325631059101965
-7.622155787401533E-7     -9.993756607419288E-7    -7.500906306193912
-8.232696364520145E-7     -1.1099690914935089E-6   -7.605703229420155
-5.670178258527539E-7     -8.890805349908606E-7    -6.145718833060973
-6.280718835646149E-7     -9.996739657424405E-7    -6.3209940801516975
-6.89125941276476E-7      -1.1102673964940206E-6   -6.473758673088513
-4.939281883890766E-7     -9.999722707429522E-7    -5.1410818541088075
-5.549822461009376E-7     -1.1105657014945323E-6   -5.341814116756005
-4.208385509253991E-7     -1.110864006495044E-6    -4.209869560424756
9.803968790759574E-7      -1.2086236869730345E-6   7.9909663198726095
8.487598824956065E-7      -1.2109072896327863E-6   6.845676155342139
7.171228859152555E-7      -1.2131908922925386E-6   5.720357718758855
5.854858893349047E-7      -1.2154744949522906E-6   4.595039282175726
4.538488927545539E-7      -1.2177580976120429E-6   3.432228887178992
9.225387622087227E-7      -1.3209781200006594E-6   7.289871712285656
7.909017656283717E-7      -1.3232617226604114E-6   6.160030261114846
6.59264769048021E-7       -1.3255453253201637E-6   5.034711824531953
5.276277724676702E-7      -1.3278289279799157E-6   3.8970404021199534
8.64680645341488E-7       -1.4333325530282845E-6   6.58877710469886
7.330436487611372E-7      -1.4356161556880365E-6   5.474384366888637
6.014066521807863E-7      -1.4378997583477888E-6   4.36185191706123
8.068225284742534E-7      -1.5456869860559096E-6   5.887682497112536
6.751855318939026E-7      -1.5479705887156618E-6   4.826663432002665
7.489644116070188E-7      -1.6580414190835347E-6   5.242705605146682
1.0500873247283032E-6     -1.3140584217629906E-6   8.239641109988366
9.922292078610685E-7      -1.4264128547906157E-6   7.523097789041439
9.34371090993834E-7       -1.5387672878182408E-6   6.806554468094646
8.765129741265993E-7      -1.6511217208458661E-6   6.151120458212563
1.119777770380649E-6      -1.4194931565529472E-6   8.46834417215675
1.0619196535134146E-6     -1.5318475895805725E-6   7.751800851209776
1.00406153664618E-6       -1.6442020226081974E-6   7.056635588168216
1.189468216032995E-6      -1.5249278913429036E-6   8.697047234325984
1.1316100991657605E-6     -1.6372823243705289E-6   7.962150718124892
1.259158661685341E-6      -1.6303626261328603E-6   8.867665848081254
1.3347527628463073E-6     -1.7433250492001569E-6   9.067975017888855
1.207204200326727E-6      -1.7502447474378252E-6   8.195356530850107
1.079655637807146E-6      -1.7571644456754937E-6   7.329572654052097
9.521070752875656E-7      -1.7640841439131624E-6   6.463788777255187
8.24558512767985E-7       -1.7710038421508312E-6   5.5640016422504885
1.282798301487693E-6      -1.863207170505122E-6    8.443254904289393
1.1552497389681123E-6     -1.8701268687427905E-6   7.581131662031084
1.0277011764485318E-6     -1.877046566980459E-6    6.715347785233625
9.001526139289513E-7      -1.8839662652181275E-6   5.839408456647442
1.2308438401290786E-6     -1.983089291810087E-6    7.818534790689618
1.103295277609498E-6      -1.990008990047755E-6    6.966906793212178
9.757467150899176E-7      -1.996928688285424E-6    6.114815271045025
1.1788893787704644E-6     -2.102971413115052E-6    7.193814677089842
1.051340816250884E-6      -2.1098911113527206E-6   6.390222085442371
1.1269349174118502E-6     -2.222853534420017E-6    6.632689672959298
1.5811344076162374E-6     -2.089479448388314E-6    9.453290038341294
1.5195389964237547E-6     -2.0029408485912746E-6   9.382784543549654
1.457943585231272E-6      -1.9164022487942354E-6   9.280126238410446
1.3963481740387898E-6     -1.829863648997196E-6    9.177467933270608
1.4675845350651403E-6     -2.1228229698962397E-6   8.745882993115362
1.4059891238726578E-6     -2.0362843700992004E-6   8.644910880028817
1.3443937126801753E-6     -1.949745770302161E-6    8.542252574889766
1.3540346625140438E-6     -2.1561664914041655E-6   8.038475947889749
1.2924392513215611E-6     -2.0696278916071262E-6   7.907037216508082
1.2404847899629469E-6     -2.1895100129120913E-6   7.331068902663346
1.6934798175025357E-6     -2.1848486055261865E-6   9.779128000818517
1.692275354837737E-6      -2.313561284171985E-6    9.407386609722554
1.6910708921729388E-6     -2.4422739628177833E-6   9.035645218626673
1.6898664295081404E-6     -2.5709866414635817E-6   8.663903827530781
1.688661966843342E-6      -2.69969932010938E-6     8.334751785321458
1.8165641398944818E-6     -2.2210291534057353E-6   10.24936640778454
1.8153596772296833E-6     -2.3497418320515337E-6   9.852292924399654
1.814155214564885E-6      -2.478454510697332E-6    9.455219441014735
1.8129507519000867E-6     -2.607167189343131E-6    9.100814740485243
1.9396484622864283E-6     -2.257209701285284E-6    10.692145170048878
1.93844399962163E-6       -2.3859223799310826E-6   10.295071686664338
1.9372395369568314E-6     -2.514635058576881E-6    9.911733165634425
2.0627327846783744E-6     -2.293390249164833E-6    11.134923932314065
2.061528322013576E-6      -2.4221029278106315E-6   10.722651590784304
2.185817107070321E-6      -2.329570797044382E-6    11.533570015933643
1.5799299449514388E-6     -2.2181921270341123E-6   9.074727929186372
1.4663800724003418E-6     -2.251535648542038E-6    8.39778750225541
1.3528301998492451E-6     -2.284879170049964E-6    7.720847075324014
1.2392803272981484E-6     -2.3182226915578897E-6   7.023441477532635
1.5787254822866403E-6     -2.3469048056799107E-6   8.72831863037918
1.4651756097355436E-6     -2.3802483271878365E-6   8.051378203448001
1.351625737184447E-6      -2.4135918486957623E-6   7.368356458594517
1.5775210196218419E-6     -2.4756174843257087E-6   8.381909331572523
1.4639711470707452E-6     -2.508961005833635E-6    7.713271439656911
1.5763165569570437E-6     -2.604330162971508E-6    8.058186420718712
2.1912814303326496E-6     -2.8216869105307485E-6   9.92892634637304
2.1899153495170675E-6     -2.698657882159157E-6    10.31929543123045
2.188549268701485E-6      -2.575628853787565E-6    10.709342733249805
2.1871831878859025E-6     -2.4525998254159734E-6   11.09939003526912
2.065626564460323E-6      -2.7911900129254066E-6   9.542972460642012
2.06426048364474E-6       -2.6681609845538148E-6   9.92735812860052
2.062894402829158E-6      -2.545131956182223E-6    10.31740543061973
1.939971698587996E-6      -2.7606931153200643E-6   9.157018574910946
1.9386056177724135E-6     -2.6376640869484725E-6   9.535420825969954
1.8143168327156687E-6     -2.7301962177147224E-6   8.771064689180374
2.2608107452725967E-6     -2.950137488488744E-6    9.872089130851354
2.1351558794002697E-6     -2.919640590883402E-6    9.503658241775478
2.0095010135279427E-6     -2.8891436932780597E-6   9.123687772943942
1.8838461476556159E-6     -2.8586467956727174E-6   8.74371730411201
1.758191281783289E-6      -2.828149898067376E-6    8.319567512791147
2.204685194340217E-6      -3.0480911688413975E-6   9.45673804151394
2.07903032846789E-6       -3.017594271236055E-6    9.078711920016406
1.9533754625955628E-6     -2.9870973736307133E-6   8.69874145118471
1.8277205967232362E-6     -2.9566004760253714E-6   8.30013667382573
2.148559643407837E-6      -3.1460448491940506E-6   9.041386952176369
2.02290477753551E-6       -3.1155479515887083E-6   8.653765598257099
1.897249911663183E-6      -3.085051053983367E-6    8.280705834859722
2.092434092475457E-6      -3.2439985295467045E-6   8.626035862838897
1.96677922660313E-6       -3.2135016319413627E-6   8.261274995894109
2.036308541543077E-6      -3.3419522098993577E-6   8.23924885834253
2.3497264598846714E-6     -3.0401056300823606E-6   9.882666731454322
2.293600908952291E-6      -3.138059310435014E-6    9.476910874538019
2.237475358019911E-6      -3.2360129907876673E-6   9.071155017621829
2.1813498070875317E-6     -3.3339666711403213E-6   8.681680904551655
2.4386421744967456E-6     -3.130073771675977E-6    9.904783911812377
2.3825166235643657E-6     -3.228027452028631E-6    9.49902805489618
2.3263910726319858E-6     -3.325981132381284E-6    9.0952319399891
2.52755788910882E-6       -3.2200419132695936E-6   9.926901092170802
2.4714323381764403E-6     -3.317995593622247E-6    9.50878297542684
2.616473603720895E-6      -3.3100100548632108E-6   9.922334010864265
2.408916579906663E-6      -3.899303142375452E-6    8.323233678392421
2.4794362377784E-6        -3.7798474171211966E-6   8.688608362564825
2.5499558956501375E-6     -3.660391691866941E-6    9.0798932814711
2.6204755535218742E-6     -3.540935966612685E-6    9.471178200377066
2.690995211393612E-6      -3.4214802413584296E-6   9.862463119283401
2.334394972233946E-6      -3.7878329558802334E-6   8.303859693162815
2.404914630105683E-6      -3.6683772306259778E-6   8.676336509201775
2.47543428797742E-6       -3.5489215053717217E-6   9.082774255867792
2.5459539458491573E-6     -3.429465780117466E-6    9.489212002533602
2.2598733645612285E-6     -3.6763627693850146E-6   8.288653126662256
2.3303930224329656E-6     -3.5569070441307585E-6   8.683545222267284
2.400912680304703E-6      -3.4374513188765033E-6   9.089982968933066
2.1853517568885115E-6     -3.5648925828897953E-6   8.27344656016097
2.2558714147602486E-6     -3.4454368576355393E-6   8.690753935332276
2.1108301492157945E-6     -3.453422396394577E-6    8.258239993660037
2.5446175065357284E-6     -3.9048270788342E-6      8.60509412678549
2.6803184331647935E-6     -3.910351015292948E-6    8.86067801912047
2.816019359793859E-6      -3.915874951751696E-6    9.116261911455423
2.9517202864229246E-6     -3.921398888210444E-6    9.371845803790269
2.6151371644074655E-6     -3.7853713535799444E-6   8.969191394617596
2.750838091036531E-6      -3.790895290038692E-6    9.23029386024209
2.8865390176655957E-6     -3.79641922649744E-6     9.491396325866551
2.6856568222792026E-6     -3.6659156283256887E-6   9.345323485764041
2.821357748908268E-6      -3.6714395647844364E-6   9.606425951388438
2.7561764801509398E-6     -3.5464599030714326E-6   9.72145557691049
2.8347088894229E-6        -4.355736906484157E-6    8.657465579639153
2.8978869703301724E-6     -4.248533386030415E-6    8.887534130370884
2.9610650512374444E-6     -4.141329865576674E-6    9.117602681102625
3.0242431321447172E-6     -4.034126345122933E-6    9.347671231834465
2.6990079627938344E-6     -4.350212970025408E-6    8.413065485412773
2.762186043701107E-6      -4.243009449571667E-6    8.630867058064066
2.825364124608379E-6      -4.135805929117926E-6    8.876353007788035
2.8885422055156513E-6     -4.028602408664185E-6    9.121838957512013
2.6264851170720413E-6     -4.237485513112919E-6    8.389562518645757
2.6896631979793137E-6     -4.130281992659178E-6    8.626287688742986
2.752841278886586E-6      -4.023078472205437E-6    8.871773638466836
2.5539622713502486E-6     -4.12475805620043E-6     8.366059551878685
2.6171403522575206E-6     -4.0175545357466886E-6   8.621708319421323
2.4814394256284555E-6     -4.012030599287941E-6    8.342556585111769
3.0926352668863137E-6     -4.144526134532819E-6    9.286060847723768
3.029457185979041E-6      -4.25172965498656E-6     9.071409695984263
2.9662791050717685E-6     -4.358933175440301E-6    8.856758544244705
2.9031010241644964E-6     -4.4661366958940426E-6   8.646902538699816
3.1610274016279103E-6     -4.254925923942705E-6    9.248683508336086
3.097849320720638E-6      -4.362129444396446E-6    9.034032356596637
3.0346712398133654E-6     -4.469332964850188E-6    8.821602577097028
3.2294195363695068E-6     -4.365325713352591E-6    9.21130616894875
3.1662414554622348E-6     -4.472529233806333E-6    8.996302615494624
3.2978116711111037E-6     -4.475725502762478E-6    9.17100265389198
3.1241730204527743E-6     -4.788372439731303E-6    8.796073028255629
3.1820525706722173E-6     -4.684156794075027E-6    8.92007417824458
3.2399321208916607E-6     -4.5799411484187525E-6   9.04407532823367
3.050482355023348E-6      -4.680960525118882E-6    8.747947913801939
3.1083619052427918E-6     -4.5767448794626075E-6   8.871949063790922
2.976791689593922E-6      -4.573548610506462E-6    8.69982279934811
-3.910379521405825E-6     -1.5879221544973394E-6   -17.075532229365628
-3.856981756318944E-6     -1.4895898646607926E-6   -17.82206362301165
-3.803583991232063E-6     -1.3912575748242456E-6   -18.583082690247554
-3.7501862261451814E-6    -1.2929252849876986E-6   -19.344101757483024
-3.6967884610583007E-6    -1.1945929951511518E-6   -20.10512082471924
-4.005164452706641E-6     -1.4857502662814926E-6   -17.722741091421284
-3.95176668761976E-6      -1.3874179764449458E-6   -18.48194463452375
-3.898368922532878E-6     -1.2890856866083988E-6   -19.283146105606566
-3.8449711574459975E-6    -1.1907533967718518E-6   -20.084347576688753
-4.099949384007456E-6     -1.3835783780656456E-6   -18.37161139017614
-4.046551618920575E-6     -1.2852460882290986E-6   -19.179714206604164
-3.993153853833694E-6     -1.1869137983925518E-6   -19.980915677686717
-4.1947343153082725E-6    -1.2814064898497988E-6   -19.020481688930232
-4.141336550221391E-6     -1.1830742000132518E-6   -19.877483778683953
-4.289519246609088E-6     -1.1792346016339518E-6   -19.669351987685147
-4.7614270640835875E-6    -1.4375337462727165E-6   -16.59480087282355
-4.645993292585195E-6     -1.5167978070046722E-6   -16.37906679541809
-4.530559521086802E-6     -1.596061867736628E-6    -16.16333271801315
-4.415125749588409E-6     -1.6753259284685842E-6   -15.935225440208207
-4.6382878996655675E-6    -1.3672320032420523E-6   -17.43339550983812
-4.5228541281671755E-6    -1.4464960639740083E-6   -17.217661432433186
-4.4074203566687826E-6    -1.5257601247059641E-6   -16.992611157581486
-4.515148735247549E-6     -1.2969302602113884E-6   -18.2719901468539
-4.399714963749156E-6     -1.3761943209433446E-6   -18.049996874955745
-4.39200957082953E-6      -1.226628517180725E-6    -19.107382592329294
-4.012869845626267E-6     -1.6353160700441123E-6   -16.667959277941257
-4.1076547769270826E-6    -1.5331441818282655E-6   -17.30426732450218
-4.202439708227898E-6     -1.4309722936124185E-6   -17.904238349931713
-4.297224639528714E-6     -1.3288004053965715E-6   -18.504209375361327
-4.115360169846709E-6     -1.6827099855908852E-6   -16.243981542587747
-4.210145101147525E-6     -1.5805380973750382E-6   -16.843795629604223
-4.30493003244834E-6      -1.4783662091591914E-6   -17.443766655033755
-4.217850494067151E-6     -1.730103901137658E-6    -15.820003807234272
-4.3126354253679664E-6    -1.627932012921811E-6    -16.38332393470579
-4.320340818287593E-6     -1.777497816684431E-6    -15.396026071880486
-3.787407575038253E-6     -1.6184595940258538E-6   -16.868950773875234
-3.66443562867068E-6      -1.6489970335543682E-6   -16.632494783312843
-3.5414636823031083E-6    -1.6795344730828826E-6   -16.3960387927496
-3.4184917359355358E-6    -1.7100719126113972E-6   -16.15958280218699
-3.2955197895679633E-6    -1.7406093521399116E-6   -15.859788742314894
-3.7340098099513714E-6    -1.520127304189307E-6    -17.606657343091246
-3.611037863583799E-6     -1.5506647437178214E-6   -17.353362502602124
-3.488065917216227E-6     -1.5812021832463358E-6   -17.100067662113187
-3.3650939708486547E-6    -1.6117396227748504E-6   -16.790674152810862
-3.6806120448644903E-6    -1.42179501435276E-6     -18.32749400647944
-3.557640098496918E-6     -1.4523324538812744E-6   -18.074199165990798
-3.434668152129346E-6     -1.4828698934097888E-6   -17.80365146189412
-3.627214279777609E-6     -1.3234627245162132E-6   -19.048330669868275
-3.504242333410037E-6     -1.3540001640447276E-6   -18.816628770978518
-3.5738165146907287E-6    -1.2251304346796664E-6   -19.829606080061104
-3.0377184182730985E-6    -1.242473030828354E-6    -18.94883910847001
-3.171742942377506E-6     -1.238137381791182E-6    -19.237646953875046
-3.305767466481913E-6     -1.23380173275401E-6     -19.45511291153895
-3.4397919905863205E-6    -1.2294660837168382E-6   -19.672578869202223
-3.1021687610968144E-6    -1.3670071111562433E-6   -18.164359077552223
-3.2361932852012217E-6    -1.3626714621190714E-6   -18.403289797249204
-3.37021780930563E-6      -1.3583358130818996E-6   -18.62075575491311
-3.1666191039205307E-6    -1.4915411914841328E-6   -17.37987904663298
-3.300643628024938E-6     -1.4872055424469606E-6   -17.568932640623252
-3.231069446744247E-6     -1.6160752718120222E-6   -16.59539901571491
-2.6174273384288074E-6    -1.6658491723482164E-6   -14.908990901478164
-2.6885954858329227E-6    -1.556267127978666E-6    -15.831510982892066
-2.759763633237037E-6     -1.4466850836091156E-6   -16.800754096005342
-2.8309317806411522E-6    -1.3371030392395653E-6   -17.76999720911838
-2.902099928045267E-6     -1.2275209948700149E-6   -18.739240322230945
-2.753045828656639E-6     -1.6808012083065554E-6   -15.159944774771795
-2.8242139760607537E-6    -1.5712191639370048E-6   -16.079751019040437
-2.8953821234648685E-6    -1.4616371195674545E-6   -17.012333086270306
-2.9665502708689833E-6    -1.352055075197904E-6    -17.94491515349955
-2.8886643188844696E-6    -1.6957532442648945E-6   -15.357585726675975
-2.959832466288585E-6     -1.5861711998953439E-6   -16.277730181059546
-3.0310006136927E-6       -1.4765891555257937E-6   -17.210312248289025
-3.024282809112301E-6     -1.7107052802232335E-6   -15.555226678578272
-3.095450956516416E-6     -1.601123235853683E-6    -16.47570934307803
-3.159901299340132E-6     -1.7256573161815725E-6   -15.752867630480447
-2.5542462589362407E-6    -1.5545273540354894E-6   -15.392423749162418
-2.491065179443674E-6     -1.443205535722762E-6    -15.89144341137138
-2.427884099951107E-6     -1.3318837174100351E-6   -16.390463073580854
-2.3647030204585404E-6    -1.220561899097308E-6    -16.889482735790107
-2.625414406340356E-6     -1.4449453096659388E-6   -16.32849852518242
-2.562233326847789E-6     -1.3336234913532117E-6   -16.875746941603655
-2.499052247355222E-6     -1.2223016730404845E-6   -17.422995358024625
-2.6965825537444702E-6    -1.3353632652963883E-6   -17.334402684179555
-2.6334014742519035E-6    -1.2240414469836613E-6   -17.88165110060038
-2.7677507011485855E-6    -1.225781220926838E-6    -18.340306843176265
3.2181337289441226E-7     -1.2193806093755464E-6   2.354145917973381
1.8846039913615253E-7     -1.2200756182258235E-6   1.1702699456055536
5.510742537789283E-8      -1.2207706270761007E-6   0.025839680210152018
-7.824554838036681E-8     -1.2214656359263777E-6   -1.1185905851850926
-2.1159852213862647E-7    -1.2221606447766552E-6   -2.2827478026380046
2.6355673274738674E-7     -1.3310739515069229E-6   1.8695105839285904
1.3020375898912703E-7     -1.3317689603571999E-6   0.7121940938114275
-3.1492147691326102E-9    -1.3324639692074773E-6   -0.4322361715840529
-1.3650218852739226E-7    -1.3331589780577544E-6   -1.5827384884092748
2.053000926003613E-7      -1.4427672936382993E-6   1.384875249884429
7.19471188421016E-8       -1.4434623024885763E-6   0.25411824201765326
-6.140585491615805E-8     -1.4441573113388535E-6   -0.8827291741789723
1.470434524533358E-7      -1.554460635769676E-6    0.9002399158399532
1.3690478695076155E-8     -1.5551556446199531E-6   -0.1827198599493778
8.878681230631036E-8      -1.6661539779010523E-6   0.4616856273243512
2.2082233216645206E-7     -1.6645314661375487E-6   1.411929693509455
3.5285785202659375E-7     -1.6629089543740452E-6   2.3721807946475897
4.848933718867354E-7      -1.6612864426105416E-6   3.3324318957858017
6.169288917468771E-7      -1.6596639308470382E-6   4.292682996923464
2.7907897231347753E-7     -1.5528381240061723E-6   1.8611524798813746
4.111144921736192E-7      -1.5512156122426685E-6   2.862297783701982
5.431500120337609E-7      -1.5495931004791652E-6   3.863443087522505
3.3733561246050295E-7     -1.4411447818747957E-6   2.3723472961767564
4.693711323206447E-7      -1.4395222701112923E-6   3.3734925999968497
3.955922526075284E-7      -1.329451439743419E-6    2.8835421124717393
-1.9393212916725823E-6    -1.653138314441947E-6    -12.35440845475516
-1.8773023122280714E-6    -1.5439398268423973E-6   -12.609769771565036
-1.8152833327835604E-6    -1.4347413392428475E-6   -12.862500662591259
-1.7532643533390493E-6    -1.325542851643298E-6    -13.115231553617676
-1.6912453738945385E-6    -1.2163443640437483E-6   -13.36796244464496
-2.0117614215312604E-6    -1.544358667710474E-6    -13.305517211711505
-1.9497424420867495E-6    -1.435160180110924E-6    -13.571614543061836
-1.8877234626422385E-6    -1.3259616925113744E-6   -13.871543450439457
-1.8257044831977274E-6    -1.2167632049118247E-6   -14.171472357816615
-2.084201551389939E-6     -1.4355790209790005E-6   -14.311025379137682
-2.022182571945428E-6     -1.3263805333794508E-6   -14.601113883816918
-1.960163592500917E-6     -1.217182045779901E-6    -14.901042791194346
-2.156641681248617E-6     -1.3267993742475274E-6   -15.316533546563758
-2.094622701804106E-6     -1.2176008866479777E-6   -15.63061322457134
-2.2290818111072955E-6    -1.218019727516054E-6    -16.32204171398956
-2.292262890599862E-6     -1.3293415458287813E-6   -15.833108862033486
-2.3554439700924286E-6    -1.4406633641415082E-6   -15.382317954035827
-2.4186250495849954E-6    -1.5519851824542351E-6   -14.931527046039072
-2.4818061290775626E-6    -1.6633070007669625E-6   -14.459469261173695
-2.2198227607411838E-6    -1.4381211925602543E-6   -14.851591867936074
-2.2830038402337505E-6    -1.5494430108729817E-6   -14.400800959938769
-2.3461849197263173E-6    -1.6607648291857086E-6   -13.94634253678592
-2.1473826308825057E-6    -1.5469008392917276E-6   -13.870074873838442
-2.2105637103750725E-6    -1.6582226576044546E-6   -13.433215812397286
-2.074942501023827E-6     -1.655680486023201E-6    -12.920089088009117
-1.258451130814557E-6     -1.6578012328108721E-6   -8.6821301924789
-1.1982435709771562E-6    -1.5481751435472972E-6   -8.706447616093055
-1.1380360111397552E-6    -1.438549054283722E-6    -8.712840236068189
-1.0778284513023544E-6    -1.328922965020147E-6    -8.719232856042693
-1.0176208914649536E-6    -1.219296875756572E-6    -8.725625476017866
-1.3326061835416511E-6    -1.5476701615375374E-6   -9.604250132811822
-1.2723986237042502E-6    -1.4380440722739625E-6   -9.637430698756942
-1.2121910638668494E-6    -1.3284179830103873E-6   -9.686966457858523
-1.1519835040294486E-6    -1.2187918937468122E-6   -9.736502216959474
-1.4067612362687451E-6    -1.4375390902642026E-6   -10.585762489091572
-1.3465536764313444E-6    -1.3279130010006277E-6   -10.630717782927542
-1.2863461165939436E-6    -1.2182869117370528E-6   -10.680253542028655
-1.4809162889958391E-6    -1.3274080189908679E-6   -11.567274845371774
-1.4207087291584384E-6    -1.217781929727293E-6    -11.624004867098144
-1.5550713417229334E-6    -1.2172769477175334E-6   -12.548787201651388
-1.617090321167444E-6     -1.326475435317083E-6    -12.32428533645953
-1.679109300611955E-6     -1.4356739229166325E-6   -12.118752461783998
-1.7411282800564664E-6    -1.5448724105161822E-6   -11.913219587108388
-1.8031472595009774E-6    -1.654070898115732E-6    -11.667955788691874
-1.54293526844035E-6      -1.4366065065904176E-6   -11.354547708070825
-1.6049542478848613E-6    -1.5458049941899673E-6   -11.149014833395256
-1.6669732273293722E-6    -1.655003481789517E-6    -10.931912521701138
-1.468780215713256E-6     -1.5467375778637523E-6   -10.38481007968115
-1.530799195157767E-6     -1.655936065463302E-6    -10.195869254710207
-1.394625162986162E-6     -1.656868649137087E-6    -9.459825987718942
-5.826182304356888E-7     -1.6639612508699955E-6   -4.300460434225087
-5.234335554985231E-7     -1.5534014629951077E-6   -4.088317982612438
-4.6424888056135754E-7    -1.4428416751202194E-6   -3.843170528037191
-4.0506420562419193E-7    -1.3322818872453316E-6   -3.598023073461787
-3.4587953068702627E-7    -1.2217220993704436E-6   -3.352875618887012
-6.575772506740615E-7     -1.553103157994596E-6    -5.116750711453905
-5.983925757368959E-7     -1.442543370119708E-6    -4.91036918417185
-5.392079007997303E-7     -1.33198358224482E-6     -4.7013442046787475
-4.800232258625647E-7     -1.2214237943699319E-6   -4.492319225185173
-7.325362709124344E-7     -1.442245065119196E-6    -5.992681950236538
-6.733515959752687E-7     -1.331685277244308E-6    -5.785321091299458
-6.141669210381031E-7     -1.2211254893694202E-6   -5.576296111806119
-8.074952911508072E-7     -1.3313869722437965E-6   -6.8686131890197615
-7.483106162136416E-7     -1.2208271843689084E-6   -6.660272998426908
-8.824543113891801E-7     -1.2205288793683967E-6   -7.744544427802277
-9.426618712265808E-7     -1.3301549686319716E-6   -7.781589489706989
-1.0028694310639816E-6    -1.4397810578955467E-6   -7.818340008858302
-1.0630769909013824E-6    -1.5494071471591216E-6   -7.855090528009458
-1.1232845507387834E-6    -1.6590332364226967E-6   -7.8411973424008625
-8.67702850988208E-7      -1.4410130615073716E-6   -6.904678919269488
-9.279104108256088E-7     -1.5506391507709465E-6   -6.9414294384207995
-9.881179706630096E-7     -1.6602652400345214E-6   -6.962463012095037
-7.927438307498352E-7     -1.551871154382771E-6    -6.027768348831165
-8.529513905872361E-7     -1.661497243646346E-6    -6.083728681788896
-7.177848105114624E-7     -1.6627292472581709E-6   -5.204994351483345
-2.707831970757921E-7     -1.332720432651543E-6    -2.5837446843526695
-3.2996787201295764E-7    -1.4432802205264308E-6   -2.8650146140089596
-3.891525469501233E-7     -1.5538400084013186E-6   -3.146284543665352
-4.483372218872889E-7     -1.6643997962762069E-6   -3.3694050398696658
-1.9568686346455784E-7    -1.4437187659326422E-6   -1.8700804694948088
-2.548715384017235E-7     -1.5542785538075304E-6   -2.1513503991511245
-3.140562133388891E-7     -1.6648383416824182E-6   -2.413740903318966
-1.2059052985332366E-7    -1.5547170992137416E-6   -1.1564162546369994
-1.797752047904893E-7     -1.6652768870886294E-6   -1.458076766768188
-4.549419624208946E-8     -1.665715432494841E-6    -0.5024126302175673
6.946122518504022E-7      -1.7724307713211514E-6   4.721445081837447
5.625767319902605E-7      -1.7740532830846547E-6   3.778562233535994
4.305412121301187E-7      -1.775675794848158E-6    2.8592053350804636
2.9850569226997707E-7     -1.7772983066116619E-6   1.9398484366248174
1.664701724098354E-7      -1.7789208183751657E-6   0.997752989380386
6.402600920937855E-7      -1.886820123558768E-6    4.25185362343487
5.082245722336438E-7      -1.8884426353222714E-6   3.3251520482727894
3.7618905237350213E-7     -1.8900651470857752E-6   2.405795149816887
2.4415353251336044E-7     -1.8916876588492786E-6   1.47930518491507
5.859079323371688E-7      -2.0012094757963848E-6   3.7822621650307195
4.5387241247702713E-7     -2.002831987559888E-6    2.87174186300908
3.2183689261688544E-7     -2.004454499323392E-6    1.9608573804506975
5.315557725805521E-7      -2.1155988280340017E-6   3.312670706627749
3.9952025272041056E-7     -2.117221339797505E-6    2.4424095759864826
4.772036128239356E-7      -2.229988180271618E-6    2.8847301215371206
6.071498737415185E-7      -2.2285612511012982E-6   3.6373755861624284
7.370961346591014E-7      -2.227134321930978E-6    4.390643679351395
8.670423955766842E-7      -2.2257073927606575E-6   5.143911772539891
9.969886564942673E-7      -2.224280463590337E-6    5.897179865728896
6.615020334981351E-7      -2.1141718988636813E-6   4.072680189412687
7.91448294415718E-7       -2.112744969693361E-6    4.857707541772145
9.213945553333008E-7      -2.1113180405230405E-6   5.642734894131295
7.158541932547517E-7      -1.9997825466260644E-6   4.558452920956517
8.458004541723348E-7      -1.998355617455744E-6    5.3434802733158175
7.702063530113684E-7      -1.8853931943884477E-6   5.04422565250004
1.085720440951938E-6      -2.3399786046437386E-6   6.218988169631183
9.55774180034355E-7       -2.3414055338140586E-6   5.476180771510408
8.25827919116772E-7       -2.3428324629843786E-6   4.754671937491565
6.95881658199189E-7       -2.344259392154699E-6    4.033163103473471
5.659353972816063E-7      -2.3456863213250193E-6   3.2876540644632626
1.0445059644920257E-6     -2.4571036748674597E-6   5.829198077661289
9.145597035744426E-7      -2.45853060403778E-6     5.099991326508844
7.846134426568598E-7      -2.4599575332081E-6      4.378482492490297
6.546671817392769E-7      -2.4613844623784205E-6   3.648995350334676
1.0032914880321134E-6     -2.5742287450911812E-6   5.439407985691396
8.733452271145305E-7      -2.575655674261501E-6    4.723801881507979
7.433989661969476E-7      -2.5770826034318216E-6   4.010336636206051
9.620770115722013E-7      -2.6913538153149023E-6   5.049617893721699
8.321307506546184E-7      -2.6927807444852227E-6   4.37167792207774
9.20862535112289E-7       -2.808478885538624E-6    4.694128701867905
1.198065850838236E-6      -2.4353477617816112E-6   6.599585567733896
1.156851374378324E-6      -2.5524728320053323E-6   6.196194828795279
1.1156368979184119E-6     -2.669597902229054E-6    5.7928040898566024
1.0744224214584995E-6     -2.7867229724527754E-6   5.424476869215047
1.3104112607245346E-6     -2.530716918919484E-6    6.958884401733688
1.2691967842646222E-6     -2.6478419891432054E-6   6.5554936627950555
1.2279823078047101E-6     -2.7649670593669265E-6   6.158287902183064
1.422756670610833E-6      -2.626086076057356E-6    7.318183235733766
1.3815421941509207E-6     -2.7432111462810775E-6   6.89209893515179
1.5351020804971313E-6     -2.721455233195229E-6    7.625909968119494
1.3299844115375151E-6     -3.3313828017936883E-6   5.781179812641582
1.4017199225986805E-6     -3.205046105456827E-6    6.25373879116239
1.4734554336598458E-6     -3.078709409119965E-6    6.758872140223049
1.5451909447210112E-6     -2.952372712783103E-6    7.264005489283786
1.6169264557821766E-6     -2.826036016446242E-6    7.769138838344444
1.2481600362524699E-6     -3.2268020185426755E-6   5.577921208905783
1.3198955473136352E-6     -3.1004653222058138E-6   6.053524040310533
1.3916310583748006E-6     -2.974128625868952E-6    6.560461982375809
1.463366569435966E-6      -2.8477919295320903E-6   7.067399924440665
1.1663356609674246E-6     -3.1222212352916627E-6   5.36185695954434
1.23807117202859E-6       -2.995884538954801E-6    5.855529489378091
1.3098066830897554E-6     -2.8695478426179393E-6   6.362467431443249
1.0845112856823794E-6     -3.0176404520406494E-6   5.145792710182581
1.1562467967435448E-6     -2.8913037557037877E-6   5.657534938445228
1.0026869103973342E-6     -2.9130596687896366E-6   4.929728460820666
1.4712492375386276E-6     -3.3334966834148224E-6   6.290023079615665
1.61251406353974E-6       -3.335610565035956E-6    6.783524403303547
1.7537788895408524E-6     -3.33772444665709E-6     7.277025726991686
1.8950437155419649E-6     -3.339838328278224E-6    7.770527050679725
1.542984748599793E-6      -3.2071599870779607E-6   6.765401922133372
1.6842495746009052E-6     -3.2092738686990944E-6   7.2748448531856384
1.8255144006020177E-6     -3.211387750320228E-6    7.784287784237662
1.6147202596609581E-6     -3.0808232907410986E-6   7.2687306781896845
1.7559850856620706E-6     -3.082937172362233E-6    7.778173609241874
1.6864557707221237E-6     -2.954486594404237E-6    7.772059434246068
1.7066723989329563E-6     -3.895028516174766E-6    6.413576006796589
1.7725996274549806E-6     -3.784413254919685E-6    6.7551622835012
1.8385268559770046E-6     -3.673797993664603E-6    7.118314849872263
1.9044540844990289E-6     -3.563182732409521E-6    7.4814674162431105
1.970381313021053E-6      -3.4525674711544396E-6   7.8446199826143514
1.631334801453868E-6      -3.7822993732985507E-6   6.291996835220358
1.6972620299758923E-6     -3.6716841120434688E-6   6.63747794511084
1.7631892584979164E-6     -3.561068850788387E-6    7.008536010782374
1.8291164870199406E-6     -3.450453589533305E-6    7.379594076454085
1.5559972039747798E-6     -3.669570230422335E-6    6.167833530460463
1.6219244324968039E-6     -3.558954969167253E-6    6.530976294458908
1.6878516610188281E-6     -3.4483397079121717E-6   6.902034360130256
1.4806596064956916E-6     -3.5568410875461195E-6   6.043670225700726
1.5465868350177156E-6     -3.4462258262910376E-6   6.424474643806128
1.4053220090166033E-6     -3.444111944669904E-6    5.919506920940793
2.04490292069377E-6       -3.564037657649658E-6    7.869708018518007
1.9789756921717456E-6     -3.67465291890474E-6     7.514460951447353
1.9130484636497216E-6     -3.7852681801598218E-6   7.159213884377069
1.8471212351276975E-6     -3.895883441414904E-6    6.817773578092222
2.119424528366487E-6      -3.6755078441448772E-6   7.907329864585064
2.053497299844463E-6      -3.786123105399959E-6    7.552082797514562
1.987570071322439E-6      -3.89673836665504E-6     7.2016611768623715
2.193946136039204E-6      -3.786978030640096E-6    7.9449517106523455
2.1280189075171804E-6     -3.8975932918951775E-6   7.58554877563317
2.268467743711922E-6      -3.898448217135315E-6    7.969436374403221
2.146396721224105E-6      -4.342138114613274E-6    7.227316829552565
2.2120266858947445E-6     -4.231429371553819E-6    7.49576875742998
2.277656650565384E-6      -4.120720628494363E-6    7.764220685307573
2.3432866152360235E-6     -4.010011885434908E-6    8.032672613184932
2.0059478850293638E-6     -4.341283189373137E-6    6.859441636636311
2.0715778497000035E-6     -4.230574446313681E-6    7.115761676042575
2.1372078143706424E-6     -4.119865703254226E-6    7.39594084805736
2.202837779041282E-6      -4.00915696019477E-6     7.676120020072223
1.931129013505262E-6      -4.229719521073544E-6    6.748467711239762
1.996758978175901E-6      -4.1190107780140885E-6   7.02103456365449
2.0623889428465407E-6     -4.008302034954633E-6    7.301213735669274
1.85631014198116E-6       -4.118155852773951E-6    6.637493785843096
1.9219401066517992E-6     -4.007447109714496E-6    6.926307451265933
1.781491270457058E-6      -4.006592184474359E-6    6.526519860446606
2.415809460957816E-6      -4.122739342347397E-6    8.056745486107136
2.350179496287177E-6      -4.233448085406852E-6    7.800020802367167
2.284549531616537E-6      -4.344156828466308E-6    7.543296118627155
2.218919566945898E-6      -4.4548655715257636E-6   7.292984161430098
2.488332306679609E-6      -4.235466799259886E-6    8.09917205031983
2.42270234200897E-6       -4.346175542319341E-6    7.842447366579771
2.3570723773383303E-6     -4.456884285378797E-6    7.588336535157294
2.5608551524014016E-6     -4.348194256172374E-6    8.14159861453258
2.4952251877307623E-6     -4.45890299923183E-6     7.883688908885194
2.633377998123195E-6      -4.460921713084864E-6    8.179041282612488
2.4360441149257094E-6     -4.783157456922124E-6    7.631057716124636
2.5018220759915377E-6     -4.675745542309703E-6    7.8120576062430995
2.567600037057366E-6      -4.5683336276972835E-6   7.993057496361563
2.3636692655991053E-6     -4.6737268284566695E-6   7.5205041067408915
2.429447226664934E-6      -4.5663149138442504E-6   7.701503996859159
2.2912944162725016E-6     -4.5642961999912165E-6   7.409950497356753
-3.889661515008093E-6     -1.710427526818238E-6    -16.32262085091913
-3.9921518392285345E-6    -1.7578214423650108E-6   -15.92007840350527
-4.094642163448976E-6     -1.8052153579117838E-6   -15.532594627696836
-4.197132487669418E-6     -1.8526092734585565E-6   -15.145110851888248
-4.299622811889861E-6     -1.9000031890053296E-6   -14.708668728441221
-3.86894350861036E-6      -1.8329328991391365E-6   -15.59983968118627
-3.971433832830803E-6     -1.8803268146859092E-6   -15.208534550201541
-4.073924157051244E-6     -1.9277207302326823E-6   -14.821050774392875
-4.1764144812716865E-6    -1.975114645779455E-6    -14.416058178433511
-3.848225502212628E-6     -1.955438271460035E-6    -14.877058511453525
-3.95071582643307E-6      -2.002832187006808E-6    -14.496990696897567
-4.053206150653512E-6     -2.050226102553581E-6    -14.12344762842525
-3.827507495814896E-6     -2.0779436437809335E-6   -14.154277341720505
-3.929997820035338E-6     -2.1253375593277062E-6   -13.830837078417186
-3.8067894894171637E-6    -2.200449016101832E-6    -13.489372237894669
-3.7666895686405205E-6    -1.7409649663467523E-6   -16.118062381887242
-3.7459715622427878E-6    -1.8634703386676509E-6   -15.384043895725242
-3.725253555845056E-6     -1.9859757109885496E-6   -14.65002540956359
-3.704535549447324E-6     -2.108481083309448E-6    -13.966492995906592
-3.643717622272948E-6     -1.7715024058752667E-6   -15.898445241249892
-3.622999615875216E-6     -1.8940077781961653E-6   -15.164426755088119
-3.6022816094774834E-6    -2.0165131505170638E-6   -14.446861724180128
-3.5207456759053755E-6    -1.8020398454037811E-6   -15.678828100613071
-3.5000276695076436E-6    -1.92454521772468E-6     -14.927230452453276
-3.397773729537804E-6     -1.8325772849322957E-6   -15.407599180726336
-4.771668961764671E-6     -2.153190219748801E-6    -12.512472229961434
-4.658771695027735E-6     -2.2271163787656493E-6   -12.400666709659127
-4.545874428290799E-6     -2.3010425377824985E-6   -12.288861189356838
-4.432977161553863E-6     -2.3749686967993476E-6   -12.170608771332244
-4.656235190266277E-6     -2.089597137623614E-6    -13.075980162147923
-4.543337923529342E-6     -2.1635232966404627E-6   -12.964174641845657
-4.430440656792406E-6     -2.2374494556573114E-6   -12.85285418879073
-4.540801418767885E-6     -2.0260040554984265E-6   -13.639488094334498
-4.427904152030949E-6     -2.0999302145152753E-6   -13.535099606249572
-4.425367647269492E-6     -1.96241097337324E-6     -14.21734502370814
-4.309768830935689E-6     -2.450080153573473E-6    -11.949005622597781
-4.184023995556058E-6     -2.3876723692055623E-6   -12.345149245296152
-4.058279160176426E-6     -2.3252645848376528E-6   -12.741292867994488
-3.932534324796795E-6     -2.262856800469742E-6    -13.13743649069226
-4.307232326174232E-6     -2.3125609124314364E-6   -12.59217823351723
-4.181487490794601E-6     -2.2501531280635265E-6   -13.020194593425485
-4.055742655414969E-6     -2.1877453436956166E-6   -13.448210953333453
-4.304695821412775E-6     -2.175041671289401E-6    -13.281355615945849
-4.1789509860331436E-6    -2.1126338869214907E-6   -13.709371975853706
-4.302159316651318E-6     -2.037522430147365E-6    -13.970532998374571
-3.279122268764873E-6     -2.2862120981395036E-6   -12.838854771079298
-3.2824017729254913E-6    -2.1770915489395854E-6   -13.419137622886034
-3.285681277086109E-6     -2.0679709997396667E-6   -14.012915471974694
-3.2889607812467273E-6    -1.9588504505397485E-6   -14.606693321063666
-3.2922402854073453E-6    -1.8497299013398298E-6   -15.200471170152797
-3.384655712895331E-6     -2.2690594817319693E-6   -12.992049695642955
-3.3879352170559494E-6    -2.1599389325320507E-6   -13.57014799889234
-3.391214721216567E-6     -2.0508183833321324E-6   -14.165427799753525
-3.3944942253771854E-6    -1.9416978341322138E-6   -14.760707600614353
-3.490189157025789E-6     -2.251906865324435E-6    -13.131182561975146
-3.493468661186407E-6     -2.1427863161245163E-6   -13.719091688732611
-3.4967481653470256E-6    -2.033665766924598E-6    -14.31437148959377
-3.5957226011562474E-6    -2.2347542489169007E-6   -13.270315428308322
-3.5990021053168654E-6    -2.125633699716982E-6    -13.868035378572433
-3.7012560452867056E-6    -2.2176016325093664E-6   -13.409448294640121
-3.185956855954861E-6     -2.2593210884990345E-6   -12.83592122440935
-3.0927914431448484E-6    -2.2324300788585654E-6   -12.825871261183286
-2.999626030334837E-6     -2.2055390692180962E-6   -12.815821297957715
-2.9064606175248244E-6    -2.178648059577627E-6    -12.805771334732515
-2.8132952047148126E-6    -2.151757049937158E-6    -12.756340424637186
-3.189236360115479E-6     -2.1502005392991163E-6   -13.415466164308839
-3.096070947305467E-6     -2.1233095296586467E-6   -13.41386139189675
-3.0029055344954546E-6    -2.096418520018178E-6    -13.412256619484989
-2.909740121685443E-6     -2.069527510377709E-6    -13.379719180673746
-3.1925158642760966E-6    -2.0410799900991976E-6   -14.007742061624626
-3.099350451466085E-6     -2.0141889804587284E-6   -14.006137289213216
-3.006185038656073E-6     -1.9872979708182593E-6   -14.003302646863053
-3.195795368436715E-6     -1.931959440899279E-6    -14.600017958941143
-3.102629955626703E-6     -1.90506843125881E-6     -14.626886113053505
-3.1990748725973335E-6    -1.8228388916993609E-6   -15.250469579243322
-2.7741216314576117E-6    -2.0545754744193698E-6   -13.181627770181539
-2.734948058200411E-6     -1.9573938989015812E-6   -13.609248039909343
-2.695774484943209E-6     -1.8602123233837929E-6   -14.036868309636986
-2.6566009116860083E-6    -1.7630307478660045E-6   -14.464488579365085
-2.870566548428242E-6     -1.9723459348599203E-6   -13.804770035137857
-2.8313929751710407E-6    -1.875164359342132E-6    -14.26075355600323
-2.79221940191384E-6      -1.7779827838243433E-6   -14.716737076868762
-2.9670114653988717E-6    -1.8901163953004707E-6   -14.458056297790435
-2.927837892141671E-6     -1.7929348197826826E-6   -14.91403981865552
-3.063456382369502E-6     -1.8078868557410216E-6   -15.111342560442383
-2.697921248206131E-6     -2.1547037859251048E-6   -12.463936377323432
-2.5825472916974494E-6    -2.1576505219130516E-6   -12.135812290033297
-2.4671733351887674E-6    -2.160597257900998E-6    -11.807688202743183
-2.351799378680086E-6     -2.163543993888945E-6    -11.479564115453563
-2.2364254221714043E-6    -2.1664907298768918E-6   -11.11561972465625
-2.6587476749489297E-6    -2.0575222104073166E-6   -12.875442043275907
-2.5433737184402477E-6    -2.060468946395263E-6    -12.539112318675075
-2.4279997619315666E-6    -2.06341568238321E-6     -12.202782594074293
-2.312625805422885E-6     -2.0663624183711568E-6   -11.841483547885801
-2.619574101691729E-6     -1.960340634889528E-6    -13.274699061866068
-2.5042001451830473E-6    -1.963287370877475E-6    -12.938369337264914
-2.3888261886743657E-6    -1.9662341068654218E-6   -12.598928859567323
-2.5804005284345276E-6    -1.8631590593717395E-6   -13.673956080456604
-2.465026571925846E-6     -1.8661057953596864E-6   -13.356374171248515
-2.541226955177327E-6     -1.7659774838539516E-6   -14.113819482929799
-2.17700459607164E-6      -2.063820246789903E-6    -11.370103570068213
-2.117583769971875E-6     -1.961149763702914E-6    -11.617381993625408
-2.058162943872111E-6     -1.858479280615925E-6    -11.864660417182279
-1.9987421177723465E-6    -1.7558087975289359E-6   -12.111938840739827
-2.2532049793231205E-6    -1.9636919352841677E-6   -12.10029074379392
-2.1937841532233563E-6    -1.8610214521971786E-6   -12.384067261288255
-2.1343633271235917E-6    -1.7583509691101896E-6   -12.667843778782945
-2.329405362574601E-6     -1.8635636237784327E-6   -12.87959462396508
-2.2699845364748366E-6    -1.7608931406914436E-6   -13.16337114145922
-2.405605745826082E-6     -1.7634353122726973E-6   -13.658898504135452
3.173726221061684E-8      -1.777469546601351E-6    0.10957171283168052
-1.02543746337783E-7      -1.7770310011951395E-6   -0.8442293955637482
-2.3682475488618282E-7    -1.776592455788928E-6    -1.7606235241507466
-3.7110576343458267E-7    -1.7761539103827167E-6   -2.6770176527382956
-5.053867719829824E-7     -1.7757153649765056E-6   -3.601599956461778
-2.531228788507669E-8     -1.8887851153016495E-6   -0.1969454096569751
-1.5959329643347653E-7    -1.8883465698954382E-6   -1.1263855704716832
-2.938743049818763E-7     -1.8879080244892268E-6   -2.0427796990586424
-4.2815531353027617E-7    -1.8874694790830154E-6   -2.961544068614166
-8.236183798077018E-8     -2.0001006840019482E-6   -0.50346253214626
-2.1664284652917003E-7    -1.999662138595737E-6    -1.4085417453789009
-3.509238550775698E-7     -1.9992235931895255E-6   -2.321488180765453
-1.3941138807646374E-7    -2.111416252702247E-6    -0.8099796546353875
-2.736923966248636E-7     -2.110977707296036E-6    -1.6814322929167396
-1.9646093817215724E-7    -2.2227318214025457E-6   -1.086563614857973
-6.172802797293869E-8     -2.22418309317636E-6     -0.3019702682260868
7.30048822262799E-8       -2.2256343649501745E-6   0.49472188327935745
2.077377924254984E-7      -2.227085636723989E-6    1.2914140347844083
3.42470702624717E-7       -2.2285369084978038E-6   2.0881061862903247
-4.678477877245147E-9     -2.1128675244760614E-6   -0.017619769621775704
1.3005443232197344E-7     -2.114318796249876E-6    0.8104159783275726
2.6478734252119194E-7     -2.1157700680236902E-6   1.638451726277236
5.2371072218448384E-8     -2.0015519557757627E-6   0.3132583004488587
1.8710398241766694E-7     -2.003003227549577E-6    1.1412940483986893
1.0942062231414189E-7     -1.890236387075464E-6    0.6441363705194932
-1.8639551369261612E-6    -1.7623445982521215E-6   -11.500338437514005
-1.923375963025926E-6     -1.8650150813391104E-6   -11.266504068414514
-1.98279678912569E-6      -1.9676855644260995E-6   -11.055723738794361
-2.042217615225454E-6     -2.0703560475130885E-6   -10.844943409174386
-2.101638441325219E-6     -2.1730265306000776E-6   -10.606282412442514
-1.7885889821797404E-6    -1.8715508820622958E-6   -10.701452754922363
-1.8480098082795045E-6    -1.9742213651492845E-6   -10.481446871455997
-1.907430634379269E-6     -2.0768918482362735E-6   -10.270666541836071
-1.9668514604790334E-6    -2.1795623313232626E-6   -10.051046507691158
-1.7132228274333193E-6    -1.9807571658724703E-6   -9.902567072330493
-1.7726436535330836E-6    -2.0834276489594594E-6   -9.696389674497931
-1.8320644796328482E-6    -2.1860981320464484E-6   -9.49581060293992
-1.6378566726868984E-6    -2.089963449682645E-6    -9.1036813897394
-1.6972774987866627E-6    -2.192633932769634E-6    -8.940574698188687
-1.5624905179404773E-6    -2.1991697334928193E-6   -8.350016385878254
-1.5016826405152934E-6    -2.09089603335643E-6     -8.42907555724908
-1.4408747630901091E-6    -1.9826223332200404E-6   -8.497736949986354
-1.380066885664925E-6     -1.874348633083651E-6    -8.5663983427229
-1.319259008239741E-6     -1.7660749329472615E-6   -8.635059735460253
-1.577048795261714E-6     -1.9816897495462554E-6   -9.19008236027541
-1.51624091783653E-6      -1.8734160494098657E-6   -9.294914748232404
-1.455433040411346E-6     -1.7651423492734765E-6   -9.399747136189319
-1.6524149500081352E-6    -1.8724834657360809E-6   -10.002796528500504
-1.5916070725829511E-6    -1.7642097655996914E-6   -10.107628916457498
-1.7277811047545563E-6    -1.7632771819259064E-6   -10.815510696725754
-1.1822315360221333E-6    -1.768790696136532E-6    -7.874268618600317
-1.2430394134473172E-6    -1.8770643962729214E-6   -7.834374648675027
-1.3038472908725015E-6    -1.985338096409311E-6    -7.801884251157593
-1.3646551682976853E-6    -2.0936117965457003E-6   -7.7693938536408655
-1.4254630457228696E-6    -2.2018854966820897E-6   -7.700846055946055
-1.1060119412297095E-6    -1.879780159462192E-6    -7.125984376611026
-1.1668198186548934E-6    -1.9880538595985813E-6   -7.090495182351084
-1.2276276960800776E-6    -2.0963275597349708E-6   -7.058004784833648
-1.2884355735052615E-6    -2.20460125987136E-6     -7.014508226939608
-1.0297923464372857E-6    -1.9907696227878514E-6   -6.377700134621341
-1.0906002238624698E-6    -2.099043322924241E-6    -6.346615716026824
-1.1514081012876538E-6    -2.2073170230606302E-6   -6.328170397932531
-9.535727516448619E-7     -2.1017590861135113E-6   -5.629415892631833
-1.0143806290700461E-6    -2.210032786249901E-6    -5.641832568926123
-8.773531568524381E-7     -2.212748549439171E-6    -4.928385675608845
-8.184061715690883E-7     -2.102991089725336E-6    -4.825173579092201
-7.594591862857384E-7     -1.993233630011501E-6    -4.702753347714782
-7.005122010023885E-7     -1.8834761702976656E-6   -4.580333116337835
-6.415652157190386E-7     -1.7737187105838305E-6   -4.457912884960809
-8.94625766361512E-7      -1.9920016263996762E-6   -5.532486584676317
-8.356787810781621E-7     -1.882244166685841E-6    -5.44136803130884
-7.767317957948122E-7     -1.7724867069720057E-6   -5.350249477941073
-9.708453611539357E-7     -1.8810121630740163E-6   -6.285175602330969
-9.118983758705859E-7     -1.7712547033601813E-6   -6.194057048963426
-1.0470649559463596E-6    -1.7700226997483564E-6   -7.037864619986276
-5.643337572663324E-7     -1.8854728246903406E-6   -3.7635100409854516
-6.232807425496821E-7     -1.9952302844041755E-6   -3.917231950372602
-6.82227727833032E-7      -2.104987744118011E-6    -4.0709538597593316
-7.41174713116382E-7      -2.2147452038318464E-6   -4.182343670269407
-4.87102298813626E-7      -1.9972269387968507E-6   -3.117636218968963
-5.46049284096976E-7      -2.1069843985106857E-6   -3.2713581283560873
-6.049962693803258E-7     -2.216741858224521E-6    -3.411835285135771
-4.0987084036091966E-7    -2.1089810529033606E-6   -2.4717623969514784
-4.688178256442696E-7     -2.218738512617196E-6    -2.641326900001821
-3.326393819082134E-7     -2.220735167009871E-6    -1.8708185148679493
4.2263626514732395E-7     -2.3417641074754177E-6   2.520375008686453
2.8790335494810533E-7     -2.340312835701603E-6    1.7301859239148423
1.5317044474888677E-7     -2.3388615639277884E-6   0.9648373688535183
1.843753454966824E-8      -2.337410292153974E-6    0.19948881379239114
-1.1629537564955032E-7    -2.3359590203801596E-6   -0.5791422171170444
3.680689174707123E-7      -2.4535400346792167E-6   2.19462891725734
2.333360072714937E-7      -2.4520887629054023E-6   1.4197688794057712
9.860309707227516E-8      -2.450637491131588E-6    0.654420324344703
-3.612981312694336E-8     -2.4491862193577735E-6   -0.11540049651884163
3.1350156979410066E-7     -2.565315961883016E-6    1.8688828258278336
1.7876865959488208E-7     -2.5638646901092018E-6   1.1093518348972327
4.403574939566353E-8      -2.5624134183353873E-6   0.34834122407983303
2.5893422211748905E-7     -2.6770918890868152E-6   1.5431367343987206
1.242013119182705E-7      -2.675640617313001E-6    0.8120829446779572
2.043668744408774E-7      -2.7888678162906147E-6   1.2427941338246964
3.4766600657515973E-7     -2.7927900301402164E-6   1.9341688501333887
4.909651387094421E-7      -2.7967122439898184E-6   2.6278501606983418
6.342642708437243E-7      -2.80063445783942E-6     3.321531471263059
7.775634029780067E-7      -2.8045566716890218E-6   4.015212781827815
4.0223335425177134E-7     -2.6810141029364173E-6   2.240428444423192
5.455324863860537E-7      -2.684936316786019E-6    2.9588667654981915
6.888316185203359E-7      -2.6888585306356206E-6   3.6773050865735057
4.5680070192838296E-7     -2.5692381757326174E-6   2.5815035827728194
6.000998340626653E-7      -2.5731603895822195E-6   3.2999419038479485
5.113680496049946E-7      -2.457462248528819E-6    2.9225787211224468
6.126554847739857E-7      -3.3408823831995663E-6   2.9123393919952085
6.742968948416464E-7      -3.234401683667378E-6    3.2445877131858976
7.359383049093071E-7      -3.127920984135189E-6    3.5981160502411784
7.975797149769677E-7      -3.0214402846030006E-6   3.951644387296734
8.592211250446283E-7      -2.9149595850708122E-6   4.305172724352369
5.30997762707364E-7       -3.230479469817776E-6    2.600880043932751
5.926391727750248E-7      -3.1239987702855874E-6   2.9327527285841506
6.542805828426854E-7      -3.0175180707533986E-6   3.2804209171752277
7.159219929103461E-7      -2.91103737122121E-6     3.628089105766029
4.493400406407424E-7      -3.1200765564359857E-6   2.2687078773025666
5.10981450708403E-7       -3.0135958569037965E-6   2.6114966171207934
5.726228607760637E-7      -2.9071151573716085E-6   2.959164805711664
3.6768231857412074E-7     -3.0096736430541952E-6   1.9365357106719885
4.2932372864178136E-7     -2.903192943522007E-6    2.2902405056568456
2.8602459650749906E-7     -2.8992707296724048E-6   1.6043635440415285
9.410455003296735E-7      -3.0195403683218255E-6   4.547465990674456
8.794040902620128E-7      -3.126021067854014E-6    4.188077505154303
8.177626801943522E-7      -3.2325017673862023E-6   3.8286890196342194
7.561212701266916E-7      -3.3389824669183907E-6   3.4937638033826337
1.0228698756147186E-6     -3.124121151572838E-6    4.781599938464896
9.61228465547058E-7       -3.2306018511050267E-6   4.42221145294472
8.995870554793975E-7      -3.337082550637215E-6    4.070220447447337
1.104694250899764E-6      -3.228701934823851E-6    5.015733886255606
1.0430528408321034E-6     -3.3351826343560395E-6   4.646677091512238
1.1865186261848093E-6     -3.3332827180748643E-6   5.223133735576981
1.0015259089059325E-6     -3.891946509313223E-6    4.082291207490497
1.067217609432249E-6      -3.7798337678093163E-6   4.401970810661051
1.1329093099585656E-6     -3.667721026305409E-6    4.739736163928424
1.198601010484882E-6      -3.555608284801502E-6    5.0775015171954045
1.2642927110111985E-6     -3.443495543297595E-6    5.415266870462542
9.237518240795432E-7      -3.7817336840904914E-6   3.8588350641734928
9.894435246058595E-7      -3.669620942586585E-6    4.180072680820417
1.0551352251321762E-6     -3.557508201082678E-6    4.518848332916219
1.1208269256584926E-6     -3.4453954595787706E-6   4.857623985012158
8.459777392531536E-7      -3.6715208588677602E-6   3.626527067267048
9.116694397794703E-7      -3.559408117363853E-6    3.95945747809746
9.773611403057867E-7      -3.4472953758599462E-6   4.298233130193176
7.682036544267645E-7      -3.561308033645029E-6    3.3942190703600144
8.338953549530809E-7      -3.449195292141122E-6    3.7388422753741692
6.90429569600375E-7       -3.4510952084222974E-6   3.161911073453609
1.339630308490287E-6      -3.556224686173811E-6    5.555343859961059
1.2739386079639703E-6     -3.6683374276777174E-6   5.218588805522802
1.2082469074376536E-6     -3.7804501691816246E-6   4.881833751084414
1.1425552069113374E-6     -3.892562910685532E-6    4.561193860055239
1.414967905969375E-6      -3.6689538290500262E-6   5.697168818828377
1.3492762054430585E-6     -3.7810665705539335E-6   5.360413764390008
1.283584504916742E-6      -3.89317931205784E-6     5.029188487093533
1.4903055034484634E-6     -3.781682971926242E-6    5.838993777695629
1.4246138029221467E-6     -3.893795713430149E-6    5.497183114132416
1.5656431009275516E-6     -3.894412114802458E-6    5.9651777411707485
1.4448199856005829E-6     -4.337550349513559E-6    5.287479734507201
1.5102830889336762E-6     -4.22691989117886E-6     5.563280276152557
1.5757461922667695E-6     -4.116289432844163E-6    5.839080817797558
1.6412092955998628E-6     -4.005658974509464E-6    6.114881359442638
1.3037906875951782E-6     -4.33693394814125E-6     4.837732124435043
1.3692537909282717E-6     -4.2263034898065515E-6   5.1028797253839775
1.4347168942613648E-6     -4.115673031471854E-6    5.385098732182259
1.5001799975944583E-6     -4.005042573137155E-6    5.667317738980697
1.2282244929228668E-6     -4.225687088434243E-6    4.650888993128692
1.29368759625596E-6       -4.115056630099544E-6    4.9276894914108205
1.3591506995890532E-6     -4.0044261717648465E-6   5.209908498209177
1.1526582982505552E-6     -4.114440228727236E-6    4.464045861822537
1.2181214015836485E-6     -4.003809770392538E-6    4.752499257437505
1.0770921035782438E-6     -4.00319336902023E-6     4.277202730516697
1.716028167123965E-6      -4.117222642809057E-6    6.232256477538231
1.6505650637908714E-6     -4.227853101143755E-6    5.962874401046234
1.585101960457778E-6      -4.338483559478453E-6    5.693492324554314
1.5196388571246848E-6     -4.4491140178131514E-6   5.431650751831022
1.7908470386480666E-6     -4.22878631110865E-6     6.359477215942889
1.7253839353149733E-6     -4.339416769443348E-6    6.090095139451088
1.65992083198188E-6       -4.4500472277780456E-6   5.823299820441886
1.8656659101721683E-6     -4.340349979408243E-6    6.486697954348019
1.800202806839075E-6      -4.4509804377429405E-6   6.214948889053086
1.9404847816962705E-6     -4.4519136477078355E-6   6.606597957663675
1.7388708719869705E-6     -4.780205533104196E-6    5.94783924749673
1.806075508556737E-6      -4.6707749046387415E-6   6.164985239189287
1.8732801451265037E-6     -4.5613442761732885E-6   6.382131230881921
1.6657935336995416E-6     -4.669841694673847E-6    5.7782899168644475
1.7329981702693083E-6     -4.560411066208394E-6    5.995435908557052
1.5927161954121133E-6     -4.5594778562434985E-6   5.608740586232087
-3.3193877146004435E-6    -2.356274120787234E-6    -12.559931061123681
-3.4249211587309017E-6    -2.3391215043796997E-6   -12.715204786019754
-3.5304546028613594E-6    -2.3219688879721654E-6   -12.844526828845064
-3.6359880469918176E-6    -2.304816271564631E-6    -12.973848871670057
-3.741521491122276E-6     -2.2876636551570968E-6   -13.059565975502437
-3.3596531604360137E-6    -2.4263361434349644E-6   -12.281658636280643
-3.4651866045664715E-6    -2.40918352702743E-6     -12.421178378785262
-3.57072004869693E-6      -2.392030910619896E-6    -12.5505004216101
-3.6762534928273883E-6    -2.3748782942123615E-6   -12.65672688244807
-3.3999186062715844E-6    -2.496398166082695E-6    -12.003386211436382
-3.5054520504020426E-6    -2.4792455496751605E-6   -12.127151971550767
-3.6109854945325007E-6    -2.462092933267626E-6    -12.253887789393644
-3.4401840521071546E-6    -2.5664601887304252E-6   -11.72511378659295
-3.545717496237613E-6     -2.549307572322891E-6    -11.851048696339728
-3.4804494979427253E-6    -2.6365222113781556E-6   -11.452280983027325
-3.935481025342772E-6     -2.8526161744191683E-6   -10.658869183614149
-3.909742718157651E-6     -2.722182742755701E-6    -11.181524543292312
-3.884004410972529E-6     -2.5917493110922338E-6   -11.74244149604651
-3.858266103787407E-6     -2.4613158794287665E-6   -12.303358448801301
-3.832527796602285E-6     -2.3308824477652993E-6   -12.864275401555354
-4.035487553537282E-6     -2.7845905271236114E-6   -10.849399141634338
-4.00974924635216E-6      -2.654157095460144E-6    -11.38370363807732
-3.984010939167038E-6     -2.523723663796677E-6    -11.951743442242362
-3.958272631981916E-6     -2.3932902321332096E-6   -12.519783246407272
-4.135494081731791E-6     -2.716564879828054E-6    -11.02790804463729
-4.109755774546669E-6     -2.586131448164587E-6    -11.587472556753877
-4.0840174673615485E-6    -2.4556980165011196E-6   -12.155512360918754
-4.235500609926301E-6     -2.6485392325324967E-6   -11.206416947640156
-4.209762302741179E-6     -2.51810580086903E-6     -11.79124147543003
-4.33550713812081E-6      -2.5805135852369403E-6   -11.38492585064313
-3.5714558034227346E-6    -2.679741003986358E-6    -11.303852582353683
-3.6367238017176225E-6    -2.5925263649310934E-6   -11.69750746306872
-3.7019918000125096E-6    -2.5053117258758287E-6   -12.079837199117318
-3.7672597983073976E-6    -2.418097086820564E-6    -12.462166935166367
-3.6624621089027443E-6    -2.7229597965945607E-6   -11.148295681300542
-3.7277301071976314E-6    -2.635745157539296E-6    -11.526043097773638
-3.7929981054925193E-6    -2.5485305184840313E-6   -11.908372833822366
-3.753468414382753E-6     -2.766178589202763E-6    -10.99273878024763
-3.818736412677641E-6     -2.6789639501474985E-6   -11.354578732478183
-3.844474719862763E-6     -2.8093973818109657E-6   -10.837181879194912
-4.777268498162545E-6     -2.8562686905536857E-6   -9.728109405874006
-4.6674342630620255E-6    -2.924325507804811E-6    -9.69131964067289
-4.5576000279615065E-6    -2.992382325055936E-6    -9.654529875471765
-4.447765792860988E-6     -3.0604391423070616E-6   -9.607463405790245
-4.664371231425609E-6     -2.7873377067133912E-6   -10.154676454213737
-4.55453699632509E-6      -2.8553945239645168E-6   -10.117886689012735
-4.4447027612245715E-6    -2.9234513412156415E-6   -10.076509724731249
-4.551473964688673E-6     -2.7184067228730967E-6   -10.581243502553775
-4.441639729588155E-6     -2.7864635401242223E-6   -10.545556043672427
-4.438576697951738E-6     -2.649475739032803E-6    -11.014602362613251
-4.038550585173699E-6     -2.9215783282150306E-6   -10.374676228256886
-4.138557113368208E-6     -2.853552680919474E-6    -10.561647512344427
-4.238563641562718E-6     -2.785527033623917E-6    -10.714896399674215
-4.338570169757228E-6     -2.7175013863283595E-6   -10.868145287003607
-4.141620145004625E-6     -2.9905404820108934E-6   -10.078322146947556
-4.241626673199135E-6     -2.922514834715336E-6    -10.240160575333054
-4.341633201393645E-6     -2.854489187419779E-6    -10.3934094626628
-4.2446897048355515E-6    -3.0595026358067557E-6   -9.781968065638166
-4.3446962330300615E-6    -2.991476988511199E-6    -9.918673638321623
-4.347759264666478E-6     -3.1284647896026185E-6   -9.485613984328776
-3.3855587073757367E-6    -2.6493854260574143E-6   -11.327555812767331
-3.290667916808748E-6     -2.662248640736673E-6    -11.188707208499352
-3.1957771262417595E-6    -2.6751118554159316E-6   -11.04985860423163
-3.100886335674771E-6     -2.6879750700951907E-6   -10.911009999964072
-3.0059955451077823E-6    -2.7008382847744494E-6   -10.736203546468781
-3.3452932615401664E-6    -2.579323403409684E-6    -11.601027035354038
-3.2504024709731774E-6    -2.5921866180889426E-6   -11.455630019012908
-3.1555116804061893E-6    -2.6050498327682013E-6   -11.310233002671529
-3.0606208898392003E-6    -2.6179130474474604E-6   -11.137378553421826
-3.305027815704596E-6     -2.5092613807619535E-6   -11.863545477806513
-3.210137025137607E-6     -2.522124595441212E-6    -11.718148461465518
-3.1152462345706186E-6    -2.534987810120471E-6    -11.56098955973755
-3.264762369869025E-6     -2.439199358114223E-6    -12.126063920259572
-3.1698715793020365E-6    -2.452062572793482E-6    -11.984600566054043
-3.224496924033455E-6     -2.3691373354664927E-6   -12.408211572369712
-3.1313315112234427E-6    -2.3422463258260236E-6   -12.409345627988262
-3.0767061664920243E-6    -2.4251715631530126E-6   -11.970039074149765
-3.0220808217606064E-6    -2.5080968004800017E-6   -11.530732520311734
-2.9674554770291885E-6    -2.5910220378069912E-6   -11.119316026375916
-3.0381660984134305E-6    -2.3153553161855544E-6   -12.390850473948383
-2.9835407536820125E-6    -2.3982805535125435E-6   -11.95154392011008
-2.9289154089505946E-6    -2.4812057908395326E-6   -11.519693293485636
-2.9450006856034182E-6    -2.2884643065450853E-6   -12.37235531990913
-2.8903753408720003E-6    -2.3713895438720744E-6   -11.9200705605952
-2.8518352727934064E-6    -2.261573296904616E-6    -12.320447827704545
-2.898958403684665E-6     -2.6991170620959997E-6   -10.56014684164213
-2.7919212622615474E-6    -2.6973958394175496E-6   -10.36297664930786
-2.684884120838429E-6     -2.6956746167390995E-6   -10.165806456973767
-2.577846979415312E-6     -2.6939533940606493E-6   -9.96863626463971
-2.470809837992194E-6     -2.6922321713821992E-6   -9.737760234349023
-2.860418335606071E-6     -2.589300815128541E-6    -10.944911506133378
-2.753381194182953E-6     -2.587579592450091E-6    -10.742616925987221
-2.6463440527598352E-6    -2.585858369771641E-6    -10.54032234584119
-2.539306911336718E-6     -2.584137147093191E-6    -10.3122905170317
-2.8218782675274763E-6    -2.4794845681610824E-6   -11.324854640553431
-2.714841126104359E-6     -2.4777633454826327E-6   -11.122560060407334
-2.6078039846812414E-6    -2.4760421228041826E-6   -10.914040988261117
-2.783338199448883E-6     -2.3696683211936242E-6   -11.704797774973645
-2.6763010580257654E-6    -2.3679470985151745E-6   -11.51579145949145
-2.744798131370289E-6     -2.259852074226166E-6    -12.117541930720249
-2.2833023053355623E-6    -2.2716390181779534E-6   -10.82777635549796
-2.398676261844244E-6     -2.2686922821900066E-6   -11.19058760211032
-2.5140502183529254E-6    -2.2657455462020597E-6   -11.51050605208944
-2.6294241748616074E-6    -2.262798810214113E-6    -11.830424502068679
-2.3301791884997203E-6    -2.376787306479015E-6    -10.554250090425475
-2.445553145008402E-6     -2.373840570491068E-6    -10.889242824196364
-2.5609271015170834E-6    -2.3708938345031214E-6   -11.209161274175544
-2.3770560716638782E-6    -2.4819355947800763E-6   -10.28072382535305
-2.4924300281725594E-6    -2.4789888587921295E-6   -10.587898046282227
-2.4239329548280362E-6    -2.587083883081138E-6    -10.007197560280645
-2.3460752173975126E-6    -2.7001519456328535E-6   -9.388172293878025
-2.2213405968028306E-6    -2.708071719883508E-6    -9.002493661460813
-2.096605976208149E-6     -2.715991494134162E-6    -8.616815029043188
-1.9718713556134675E-6    -2.723911268384816E-6    -8.231136396626365
-1.8471367350187857E-6    -2.7318310426354704E-6   -7.815206362566516
-2.2991983342333547E-6    -2.595003657331792E-6    -9.650150546986227
-2.1744637136386727E-6    -2.6029234315824458E-6   -9.252540791799966
-2.049729093043991E-6     -2.6108432058331E-6      -8.854931036613547
-1.9249944724493095E-6    -2.618762980083755E-6    -8.438121783312418
-2.2523214510691962E-6    -2.4898553690307302E-6   -9.895858299216552
-2.1275868304745147E-6    -2.4977751432813845E-6   -9.498248544030432
-2.002852209879833E-6     -2.505694917532039E-6    -9.096739837307616
-2.2054445679050383E-6    -2.3847070807296686E-6   -10.14156605144782
-2.0807099473103567E-6    -2.3926268549803233E-6   -9.755357891303841
-2.1585676847408807E-6    -2.2795587924286077E-6   -10.413975945299248
-1.6194197613561391E-6    -2.3057019953213494E-6   -8.25005471243184
-1.7542067422023244E-6    -2.299166194598164E-6    -8.83209326042786
-1.8889937230485096E-6    -2.292630393874978E-6    -9.368288202591824
-2.023780703894695E-6     -2.2860945931517927E-6   -9.904483144755812
-1.6763490047718006E-6    -2.4122342571498795E-6   -8.142039859328857
-1.8111359856179858E-6    -2.405698456426694E-6    -8.694369602017508
-1.9459229664641715E-6    -2.3991626557035087E-6   -9.230564544181592
-1.7332782481874624E-6    -2.5187665189784097E-6   -8.034025006225406
-1.8680652290336477E-6    -2.5122307182552243E-6   -8.556645943606963
-1.790207491603124E-6     -2.6252987808069402E-6   -7.926010153122265
-2.5454228641919924E-7    -2.3329251107137807E-6   -1.3213047885861036
-3.907207301552554E-7     -2.330928456321106E-6    -2.0959533442690215
-5.268991738913115E-7     -2.3289318019284306E-6   -2.837374383132312
-6.630776176273677E-7     -2.3269351475357558E-6   -3.5787954219959177
-7.99256061363424E-7      -2.324938493143081E-6    -4.32047848085534
-3.1262363466624123E-7    -2.4431184000250156E-6   -1.5229575573989464
-4.488020784022974E-7     -2.4411217456323404E-6   -2.2761582337364787
-5.849805221383536E-7     -2.439125091239666E-6    -3.0175792725996122
-7.211589658744098E-7     -2.4371284368469908E-6   -3.758888485273949
-3.7070498291328323E-7    -2.5533116893362506E-6   -1.724610326211239
-5.068834266493394E-7     -2.551315034943576E-6    -2.456363123203174
-6.430618703853955E-7     -2.549318380550901E-6    -3.1972984896918892
-4.2878633116032523E-7    -2.6635049786474856E-6   -1.9262630950236497
-5.649647748963814E-7     -2.6615083242548108E-6   -2.6357084941098297
-4.868676794073672E-7     -2.7736982679587206E-6   -2.1099667037957577
-3.486207686377183E-7     -2.7767321776250995E-6   -1.4514605722286897
-2.1037385786806934E-7    -2.779766087291478E-6    -0.7788953338981983
-7.212694709842045E-8     -2.7827999969578573E-6   -0.10633009556715624
6.611996367122853E-8      -2.785833906624236E-6    0.5662351427629815
-2.905394203906763E-7     -2.6665388883138645E-6   -1.2617266374381764
-1.5229250962102732E-7    -2.669572797980243E-6    -0.5660740586360463
-1.4045598851378434E-8    -2.672606707646622E-6    0.12957852016580468
-2.3245807214363423E-7    -2.556345599002629E-6    -1.0386259892802185
-9.421116137398535E-8     -2.559379508669008E-6    -0.34297341047846397
-1.7437672389659226E-7    -2.446152309691394E-6    -0.8155253411225399
-1.7131554768839052E-6    -2.7372906321283906E-6   -7.328304456567558
-1.5791742187490244E-6    -2.7427502216213105E-6   -6.806438207645667
-1.4451929606141436E-6    -2.748209811114231E-6    -6.284571958723422
-1.3112117024792628E-6    -2.753669400607151E-6    -5.762705709801729
-1.177230444344382E-6     -2.7591289901000713E-6   -5.2166231560512735
-1.6562262334682433E-6    -2.6307583702998605E-6   -7.430629854995426
-1.5222449753333623E-6    -2.6362179597927804E-6   -6.8919667467783725
-1.3882637171984817E-6    -2.6416775492857006E-6   -6.353303638561688
-1.2542824590636012E-6    -2.647137138778621E-6    -5.804612679983625
-1.5992969900525814E-6    -2.52422610847133E-6     -7.508935902791023
-1.4653157319177009E-6    -2.5296856979642502E-6   -6.970272794574101
-1.33133447378282E-6      -2.5351452874571705E-6   -6.429533559908904
-1.5423677466369198E-6    -2.4176938466428E-6      -7.587241950586885
-1.4083864885020392E-6    -2.42315343613572E-6     -7.054454439834616
-1.4854385032212584E-6    -2.3111615848142697E-6   -7.679375319760091
-1.1172549868459933E-6    -2.6498529019678914E-6   -5.1723835868851955
-1.0572795293476045E-6    -2.5405768138357114E-6   -5.117081020359253
-9.973040718492158E-7     -2.431300725703531E-6    -5.061778453832897
-9.373286143508269E-7     -2.322024637571351E-6    -5.006475887306975
-1.1943070015652124E-6    -2.537861050646441E-6    -5.766170844254771
-1.1343315440668234E-6    -2.4285849625142606E-6   -5.737756858886351
-1.0743560865684347E-6    -2.3193088743820807E-6   -5.709342873517817
-1.2713590162844313E-6    -2.42586919932499E-6     -6.399043448092305
-1.2113835587860426E-6    -2.31659311119281E-6     -6.370629462723884
-1.3484110310036503E-6    -2.31387734800354E-6     -7.031916051930748
-8.592315188618128E-7     -2.434214581275261E-6    -4.40293164853498
-9.192069763602015E-7     -2.543490669407441E-6    -4.485122796218803
-9.791824338585903E-7     -2.6527667575396212E-6   -4.567313943902763
-1.039157891356979E-6     -2.762042845671801E-6    -4.619573175431615
-7.811344233727985E-7     -2.5464045249791707E-6   -3.840967806768116
-8.411098808711873E-7     -2.6556806131113507E-6   -3.9231589544518553
-9.010853383695762E-7     -2.764956701243531E-6    -3.9961540247895178
-7.030373278837843E-7     -2.6585944686830805E-6   -3.279003965001083
-7.630127853821732E-7     -2.767870556815261E-6    -3.3727348741470284
-6.249402323947702E-7     -2.7707844123869907E-6   -2.7493157235047745
-4.76686392793803E-6      -3.5747010786893287E-6   -7.881596685986166
-4.643562090976579E-6     -3.652773911556105E-6    -7.89029900495835
-4.520260254015129E-6     -3.7308467444228813E-6   -7.899001323930531
-4.396958417053679E-6     -3.8089195772896584E-6   -7.894222930750301
-4.657029692837511E-6     -3.4999007530833106E-6   -8.192272850895355
-4.53372785587606E-6      -3.5779735859500873E-6   -8.200975169867563
-4.41042601891461E-6      -3.656046418816864E-6    -8.204442020895733
-4.547195457736992E-6     -3.425100427477293E-6    -8.50294901580475
-4.423893620775542E-6     -3.5031732603440696E-6   -8.514661111041459
-4.4373612226364735E-6    -3.3503001018712752E-6   -8.82488020118685
-4.517847021258121E-6     -4.440119305256028E-6    -6.9869946926440845
-4.484257969741777E-6     -4.320537662882635E-6    -7.139760594322309
-4.450668918225433E-6     -4.20095602050924E-6     -7.292526496000514
-4.41707986670909E-6      -4.081374378135847E-6    -7.44529239767868
-4.607559806703228E-6     -4.385321972873E-6       -6.9252780760968795
-4.573970755186884E-6     -4.265740330499606E-6    -7.084818889307361
-4.54038170367054E-6      -4.1461586881262124E-6   -7.244359702518012
-4.6972725921483345E-6    -4.330524640489973E-6    -6.868748705378296
-4.6636835406319915E-6    -4.210942998116579E-6    -7.0282895185887835
-4.786985377593441E-6     -4.2757273081069455E-6   -6.8122193346594875
-8.725875939139729E-8     -3.333522343746813E-6    -0.004141686508900754
-2.8933632624942352E-8    -3.2245914382555736E-6   0.22723647593675025
2.9391494141512604E-8     -3.115660532764334E-6    0.47344490611026563
8.771662090796751E-8      -3.006729627273094E-6    0.7196533362832305
1.460417476744225E-7      -2.897798721781854E-6    0.9658617664563527
-1.6718054339459128E-7    -3.2215575285891947E-6   -0.3982467494886534
-1.0885541662813632E-7    -3.112626623097955E-6    -0.16981657234182854
-5.0530289861681376E-8    -3.003695717606715E-6    0.06356889667765268
7.79483690477354E-9       -2.894764812115475E-6    0.29695436569729117
-2.4710232739778526E-7    -3.109592713431576E-6    -0.8177069807887123
-1.887772006313303E-7     -3.000661807940336E-6    -0.5859090011816369
-1.3045207386487536E-7    -2.8917309024490963E-6   -0.35252353216228965
-3.270241114009792E-7     -2.9976278982739576E-6   -1.2371672120891648
-2.686989846345243E-7     -2.888696992782718E-6    -1.0020014300220743
-4.069458954041732E-7     -2.885663083116339E-6    -1.6566274433890271
2.2769946974104413E-7     -3.0082016351636446E-6   1.3283794911539617
1.6937434297458916E-7     -3.1171325406548844E-6   1.069348099826884
1.1104921620813425E-7     -3.2260634461461243E-6   0.8103167084997555
5.27240894416793E-8       -3.334994351637364E-6    0.5754323448575384
3.0935719180766575E-7     -3.118604548545435E-6    1.671467712950789
2.510320650412108E-7      -3.227535454036675E-6    1.4124363216237776
1.927069382747559E-7      -3.3364663595279143E-6   1.1606631894702524
3.910149138742875E-7      -3.229007461927225E-6    2.0145559347480635
3.3268978710783255E-7     -3.337938367418465E-6    1.74589403408332
4.726726359409091E-7      -3.339410375309016E-6    2.331124878696152
3.0290777424005965E-7     -3.890212038371158E-6    1.5525770046329972
3.648573163468449E-7      -3.78034610733684E-6     1.80953315652732
4.2680685845363006E-7     -3.6704801763025216E-6   2.0788145689213167
4.887564005604153E-7      -3.560614245268203E-6    2.3480959813160993
5.507059426672005E-7      -3.450748314233885E-6    2.6173773937104095
2.248744675137683E-7      -3.7788740994462895E-6   1.2571906042948675
2.8682400962055344E-7     -3.6690081684119713E-6   1.5131714139527537
3.487735517273387E-7      -3.5591422373776523E-6   1.7769828095840379
4.107230938341239E-7      -3.449276306343334E-6    2.0407942052151022
1.4684116078747685E-7     -3.6675361605214203E-6   0.947355020498883
2.0879070289426206E-7     -3.5576702294871013E-6   1.2086407334832105
2.707402450010473E-7      -3.447804298452783E-6    1.4724521291141293
6.88078540611855E-8       -3.556198221596551E-6    0.6375194367026233
1.307573961679707E-7      -3.4463322905622325E-6   0.9041100530131331
-9.225452665105917E-9     -3.4448602826716823E-6   0.3276838529067569
6.284800274935899E-7      -3.560961139456616E-6    2.8696192971943297
5.665304853868046E-7      -3.670827070490934E-6    2.594867868036773
5.045809432800194E-7      -3.7806930015252527E-6   2.320116438879278
4.426314011732342E-7      -3.890558932559571E-6    2.0612903827751583
7.062541123199791E-7      -3.671173964679347E-6    3.1136200882844234
6.443045702131939E-7      -3.7810398957136654E-6   2.8388686591268426
5.823550281064088E-7      -3.890905826747984E-6    2.5690449285479313
7.840281971463685E-7      -3.7813867899020784E-6   3.357620879374784
7.220786550395833E-7      -3.891252720936397E-6    3.0767994743211764
8.618022819727579E-7      -3.8915996151248104E-6   3.5845540200940285
7.42118522872184E-7       -4.33501964140925E-6     3.0229519014467487
8.069703693806211E-7      -4.224251358385244E-6    3.2828467581787244
8.718222158890581E-7      -4.113483075361237E-6    3.5427416149108173
9.366740623974953E-7      -4.002714792337229E-6    3.8026364716430683
6.023948959390095E-7      -4.334672747220837E-6    2.5340585127038615
6.672467424474465E-7      -4.2239044641968306E-6   2.7855978885875907
7.320985889558836E-7      -4.113136181172823E-6    3.04622738229948
7.969504354643206E-7      -4.002367898148816E-6    3.3068568760112234
5.27523115514272E-7       -4.2235575700084175E-6   2.2917562438705312
5.92374962022709E-7       -4.112789286984411E-6    2.549470511001559
6.572268085311463E-7      -4.002021003960403E-6    2.810100004713342
4.5265133508953455E-7     -4.112442392795998E-6    2.049453975037358
5.175031815979716E-7      -4.00167410977199E-6     2.3133431334150685
3.7777955466479705E-7     -4.001327215583578E-6    1.8071517062040283
1.0122402570698068E-6     -4.1139616520442364E-6   4.000155224615357
9.473884105613695E-7      -4.224729935068242E-6    3.740995004862993
8.825365640529325E-7      -4.33549821809225E-6     3.4818347851108173
8.176847175444954E-7      -4.446266501116257E-6    3.230795424856842
1.087806451742118E-6      -4.225208511751243E-6    4.19865125325391
1.0229546052336809E-6     -4.335976794775249E-6    3.9394910335015147
9.581027587252438E-7      -4.446745077799257E-6    3.6829238648348253
1.1633726464144295E-6     -4.336455371458249E-6    4.397147281892873
1.0985207999059925E-6     -4.4472236544822565E-6   4.135052304813005
1.238938841086741E-6      -4.447702231165257E-6    4.587180744790988
1.0394323982599154E-6     -4.778793746456302E-6    3.888500915085281
1.105934545868857E-6      -4.668429908025953E-6    4.118573336406858
1.172436693477799E-6      -4.558066069595605E-6    4.348645757728563
9.655165046881087E-7      -4.667951331342952E-6    3.671972704842092
1.0320186522970506E-6     -4.557587492912605E-6    3.9020451261637237
8.916006111163019E-7      -4.557108916229605E-6    3.455444494598716
-3.463152105727048E-6     -2.7363674331751263E-6   -11.079794805327849
-3.5541584112070574E-6    -2.779586225783329E-6    -10.936591823414634
-3.6451647166870667E-6    -2.8228050183915313E-6   -10.796942386604329
-3.736171022167076E-6     -2.866023810999734E-6    -10.657292949794142
-3.827177327647086E-6     -2.9092426036079364E-6   -10.48579582463621
-3.4458547135113714E-6    -2.836212654972097E-6    -10.719049560992797
-3.5368610189913807E-6    -2.8794314475802995E-6   -10.580656209142669
-3.62786732447139E-6      -2.922650240188502E-6    -10.441006772332464
-3.7188736299513993E-6    -2.965869032796705E-6    -10.286621998534379
-3.428557321295694E-6     -2.9360578767690676E-6   -10.358304316658305
-3.519563626775703E-6     -2.9792766693772706E-6   -10.224720594870751
-3.610569932255713E-6     -3.0224954619854727E-6   -10.087448172431928
-3.411259929080017E-6     -3.0359030985660387E-6   -9.997559072323515
-3.5022662345600265E-6    -3.0791218911742412E-6   -9.888274346330018
-3.39396253686434E-6      -3.1357483203630094E-6   -9.66634262972107
-3.3682613151600595E-6    -2.749230647854385E-6    -10.951048158235723
-3.3509639229443824E-6    -2.8490758696513556E-6   -10.58549328383835
-3.3336665307287053E-6    -2.9489210914483263E-6   -10.219938409441136
-3.3163691385130286E-6    -3.0487663132452974E-6   -9.888659418696726
-3.273370524593071E-6     -2.7620938625336436E-6   -10.818747966041427
-3.256073132377394E-6     -2.8619390843306143E-6   -10.453193091643971
-3.2387757401617167E-6    -2.9617843061275854E-6   -10.100876078603877
-3.1784797340260824E-6    -2.7749570772129023E-6   -10.686447773847359
-3.1611823418104052E-6    -2.8748022990098734E-6   -10.313092738510647
-3.0835889434590938E-6    -2.7878202918921614E-6   -10.525309398417646
-3.858330556595049E-6     -3.508807301882558E-6    -8.775785782491164
-3.976830210175521E-6     -3.4465312301857424E-6   -8.8775693336535
-4.095329863755992E-6     -3.384255158488927E-6    -8.959510560875485
-4.213829517336463E-6     -3.3219790867921116E-6   -9.041451788097667
-4.332329170916934E-6     -3.2597030150952962E-6   -9.123393015319692
-3.963362608314589E-6     -3.599404388658537E-6    -8.553482428248913
-4.08186226189506E-6      -3.5371283169617214E-6   -8.646016086979502
-4.200361915475531E-6     -3.474852245264906E-6    -8.709389131872857
-4.318861569056002E-6     -3.4125761735680906E-6   -8.77276217676614
-4.068394660034128E-6     -3.690001475434516E-6    -8.322126446169257
-4.186894313614599E-6     -3.6277254037377E-6      -8.390924797518986
-4.305393967195071E-6     -3.565449332040885E-6    -8.45429784241246
-4.173426711753668E-6     -3.780598562210495E-6    -8.090770464089422
-4.291926365334139E-6     -3.7183224905136794E-6   -8.135833508058319
-4.278458763473207E-6     -3.871195648986474E-6    -7.8594144820096465
-3.920050931593228E-6     -2.983854399911846E-6    -10.246742329104176
-4.023120491424154E-6     -3.0528165537077088E-6   -9.969223196340526
-4.126190051255081E-6     -3.1217787075035707E-6   -9.698001970733632
-4.229259611086007E-6     -3.1907408612994334E-6   -9.426780745126504
-3.904620837843683E-6     -3.115092625404524E-6    -9.869392324140282
-4.00769039767461E-6      -3.1840547792003865E-6   -9.597492561182708
-4.110759957505536E-6     -3.2530169329962493E-6   -9.326271335575656
-3.889190744094139E-6     -3.246330850897202E-6    -9.492042319176011
-3.992260303925065E-6     -3.3152930046930642E-6   -9.225761926024841
-3.873760650344594E-6     -3.37756907638988E-6     -9.114692314211755
-3.4868361408104822E-6    -3.2103601166669194E-6   -9.490051922182474
-3.595139838506168E-6     -3.153733687478151E-6    -9.706855812033151
-3.7034435362018542E-6    -3.0971072582893823E-6   -9.888917286775824
-3.8117472338975407E-6    -3.0404808291006146E-6   -10.070978761518493
-3.5797097447566236E-6    -3.284971912970829E-6    -9.313097924055842
-3.68801344245231E-6      -3.2283454837820604E-6   -9.505947912005636
-3.7963171401479965E-6    -3.1717190545932923E-6   -9.688009386748012
-3.672583348702766E-6     -3.3595837092747386E-6   -9.136143925929003
-3.780887046398452E-6     -3.30295728008597E-6     -9.305040011977502
-3.7654569526489076E-6    -3.434195505578648E-6    -8.959189927801987
-2.9551418502146033E-6    -2.8087016396997276E-6   -10.298649791381475
-3.0327352485659147E-6    -2.8956836468174396E-6   -10.091596835278322
-3.110328646917226E-6     -2.982665653935151E-6    -9.900418197667332
-3.1879220452685376E-6    -3.069647661052863E-6    -9.709239560056538
-3.2655154436198495E-6    -3.1566296681705755E-6   -9.493963708253029
-2.9042881553214242E-6    -2.9165649946250053E-6   -9.87978909831995
-2.9818815536727357E-6    -3.0035470017427173E-6   -9.686722455374227
-3.059474952024047E-6     -3.0905290088604293E-6   -9.495543817763275
-3.1370683503753586E-6    -3.1775110159781413E-6   -9.292719275640945
-2.853434460428245E-6     -3.024428349550284E-6    -9.46092840525831
-2.9310278587795566E-6    -3.1114103566679954E-6   -9.281848075470029
-3.008621257130868E-6     -3.198392363785708E-6    -9.091474843028724
-2.802580765535066E-6     -3.1322917044755616E-6   -9.042067712196747
-2.8801741638863776E-6    -3.2192737115932736E-6   -8.890230410416775
-2.751727070641887E-6     -3.2401550594008398E-6   -8.650512238857322
-2.848104708791486E-6     -2.8069804170212775E-6   -10.122478305352024
-2.7972510138983068E-6    -2.914843771946555E-6    -9.689631299132895
-2.7463973190051277E-6    -3.0227071268718338E-6   -9.256784292913684
-2.6955436241119487E-6    -3.1305704817971115E-6   -8.858489851746
-2.741067567368368E-6     -2.8052591943428273E-6   -9.930432500829838
-2.6902138724751893E-6    -2.9131225492681055E-6   -9.497585494610663
-2.6393601775820103E-6    -3.0209859041933836E-6   -9.07608982154689
-2.63403042594525E-6      -2.803537971664377E-6    -9.738386696307717
-2.583176731052071E-6     -2.9114013265896553E-6   -9.293689791348058
-2.526993284522133E-6     -2.8018167489859275E-6   -9.511289761149133
-2.627092936673268E-6     -3.2483426139330087E-6   -8.398985586025102
-2.502458802704649E-6     -3.256530168465178E-6    -8.12069152358303
-2.3778246687360297E-6    -3.2647177229973465E-6   -7.842397461140633
-2.25319053476741E-6      -3.272905277529516E-6    -7.564103398698249
-2.128556400798791E-6     -3.281092832061685E-6    -7.257202143809881
-2.5709094901433296E-6    -3.138758036329281E-6    -8.605689641292246
-2.44627535617471E-6      -3.1469455908614493E-6   -8.318336865786888
-2.321641222206091E-6     -3.1551331453936187E-6   -8.030984090281615
-2.197007088237472E-6     -3.163320699925788E-6    -7.72277145049972
-2.5147260436133907E-6    -3.0291734587255526E-6   -8.80008837919701
-2.3900919096447716E-6    -3.0373610132577215E-6   -8.512735603691755
-2.2654577756761525E-6    -3.0455485677898904E-6   -8.219114421757782
-2.458542597083452E-6     -2.9195888811218243E-6   -8.99448711710201
-2.3339084631148328E-6    -2.9277764356539936E-6   -8.715457393016253
-2.402359150553514E-6     -2.8100043035180964E-6   -9.21180036427439
-1.903420668174787E-6     -2.8416834005207133E-6   -7.7033797379905815
-2.028155288769469E-6     -2.833763626270059E-6    -8.11347234459769
-2.1528899093641504E-6    -2.8258438520194046E-6   -8.487219854245867
-2.2776245299588315E-6    -2.8179240777687503E-6   -8.860967363893904
-1.959704601330788E-6     -2.951535758405956E-6    -7.590814823087783
-2.0844392219254697E-6    -2.943615984155302E-6    -7.976285425139569
-2.2091738425201512E-6    -2.935696209904648E-6    -8.350032934787556
-2.015988534486789E-6     -3.0613881162911986E-6   -7.478249908184956
-2.140723155081471E-6     -3.0534683420405443E-6   -7.839098505681113
-2.0722724676427902E-6    -3.171240474176442E-6    -7.365684993282265
-1.995913107520391E-6     -3.2862960784809175E-6   -6.892028034626768
-1.8632698142419901E-6    -3.29149932490015E-6     -6.4950701044634505
-1.7306265209635894E-6    -3.2967025713193825E-6   -6.098112174299878
-1.5979832276851887E-6    -3.3019058177386156E-6   -5.70115424413652
-1.4653399344067882E-6    -3.3071090641578483E-6   -5.279936632443256
-1.9396291743643895E-6    -3.176443720595674E-6    -6.9951842251018705
-1.8069858810859888E-6    -3.181646967014907E-6    -6.5871625402131855
-1.6743425878075883E-6    -3.1868502134341396E-6   -6.179140855324468
-1.5416992945291878E-6    -3.1920534598533727E-6   -5.756557499403899
-1.8833452412083882E-6    -3.0665913627104313E-6   -7.083127135448743
-1.750701947929988E-6     -3.071794609129664E-6    -6.675105450560138
-1.6180586546515873E-6    -3.0769978555488967E-6   -6.262959630420509
-1.8270613080523874E-6    -2.9567390048251884E-6   -7.171070045795892
-1.6944180147739867E-6    -2.9619422512444215E-6   -6.769361761437475
-1.7707773748963863E-6    -2.846886646939946E-6    -7.275763892453928
-1.2348523423568634E-6    -2.8687250049116266E-6   -5.23804592330255
-1.368833600491744E-6     -2.8632654154187064E-6   -5.777306659883711
-1.5028148586266245E-6    -2.857805825925786E-6    -6.282376049510673
-1.6367961167615055E-6    -2.852346236432866E-6    -6.787445439137637
-1.2924742403693445E-6    -2.9783210197231824E-6   -5.2489065045839265
-1.4264554985042251E-6    -2.9728614302302617E-6   -5.765536382713363
-1.560436756639106E-6     -2.967401840737342E-6    -6.270605772340366
-1.3500961383818257E-6    -3.0879170345347373E-6   -5.259767085864221
-1.4840773965167063E-6    -3.082457445041817E-6    -5.753766105542598
-1.4077180363943068E-6    -3.197513049346293E-6    -5.270627667145304
-1.3287383396401398E-6    -3.310305982548545E-6    -4.809282634522855
-1.1921367448734914E-6    -3.3135029009392414E-6   -4.313316219519111
-1.055535150106843E-6     -3.316699819329938E-6    -3.81734980451572
-9.189335553401944E-7     -3.319896737720635E-6    -3.3213833895124667
-7.82331960573546E-7      -3.3230936561113313E-6   -2.8089228659747127
-1.2711164416276586E-6    -3.2007099677369893E-6   -4.794827783976043
-1.13451484686101E-6      -3.203906886127686E-6    -4.285326672406162
-9.979132520943616E-7     -3.2071038045183825E-6   -3.7758255608363
-8.613116573277133E-7     -3.2103007229090797E-6   -3.2610299922257653
-1.2134945436151773E-6    -3.091113952925434E-6    -4.761336344243332
-1.0768929488485289E-6    -3.094310871316131E-6    -4.2518352326735345
-9.402913540818805E-7     -3.097507789706827E-6    -3.7411084576349714
-1.1558726456026961E-6    -2.9815179381138787E-6   -4.727844904511022
-1.0192710508360477E-6    -2.9847148565045755E-6   -4.2211869230445505
-1.098250747590215E-6     -2.8719219233023234E-6   -4.701265388453972
-7.232391043403103E-7     -3.2132145784808095E-6   -2.680466273557324
-6.641462481070745E-7     -3.103335500850287E-6    -2.543288655742828
-6.050533918738387E-7     -2.993456423219765E-6    -2.4061110379282136
-5.459605356406029E-7     -2.883577345589243E-6    -2.2689334201137568
-8.022188010944775E-7     -3.100421645278557E-6    -3.1371994823331417
-7.431259448612416E-7     -2.9905425676480348E-6   -3.018663429480723
-6.840330886280059E-7     -2.8806634900175125E-6   -2.9001273766283835
-8.811984978486446E-7     -2.987628712076305E-6    -3.6213467413142224
-8.221056416154089E-7     -2.877749634445783E-6    -3.5028106884619556
-9.601781946028118E-7     -2.8748357788740533E-6   -4.10549400029554
-4.66038751637409E-7      -2.995542160746861E-6    -1.8175947416731069
-5.251316078706448E-7     -3.105421238377384E-6    -1.9734139244493658
-5.842244641038805E-7     -3.2153003160079056E-6   -2.129233107225821
-6.433173203371163E-7     -3.3251793936384283E-6   -2.262571088681181
-3.8611696763421494E-7    -3.1075069759044795E-6   -1.3947667079131807
-4.452098238674507E-7     -3.217386053535002E-6    -1.5505858906894494
-5.043026801006866E-7     -3.327265131165524E-6    -1.6997536601111416
-3.06195183631021E-7      -3.219471791062098E-6    -0.9719386741529592
-3.6528803986425677E-7    -3.3293508686926204E-6   -1.1369362315406697
-2.2627339962782704E-7    -3.331436606219717E-6    -0.5741188029711419
-3.778059532429991E-6     -4.079857205603777E-6    -7.739263389569892
-3.794113737263003E-6     -3.9656472248595334E-6   -7.930777232627833
-3.810167942096014E-6     -3.85143724411529E-6     -8.135456252312565
-3.826222146929026E-6     -3.7372272633710456E-6   -8.340135271997276
-3.842276351762037E-6     -3.6230172826268015E-6   -8.544814291682222
-3.899145788982542E-6     -4.0562443116355124E-6   -7.736461707913909
-3.9151999938155535E-6    -3.942034330891268E-6    -7.9272528310961246
-3.931254198648565E-6     -3.827824350147024E-6    -8.12627582553469
-3.947308403481577E-6     -3.7136143694027805E-6   -8.32529881997315
-4.020232045535093E-6     -4.032631417667248E-6    -7.722032293935511
-4.036286250368105E-6     -3.918421436923003E-6    -7.918655150835727
-4.052340455201116E-6     -3.8042114561787595E-6   -8.11767814527432
-4.141318302087644E-6     -4.009018523698983E-6    -7.707602879957192
-4.1573725069206556E-6    -3.8948085429547385E-6   -7.910057470575307
-4.262404558640195E-6     -3.9854056297307175E-6   -7.693173465978578
-4.450305002230035E-6     -4.553683537039552E-6    -6.92981527970965
-4.3491739316856065E-6    -4.547666126449683E-6    -7.005359700605724
-4.248042861141177E-6     -4.5416487158598135E-6   -7.080904121501956
-4.146911790596748E-6     -4.535631305269944E-6    -7.15644854239811
-4.416715950713691E-6     -4.434101894666158E-6    -7.069080874152548
-4.315584880169262E-6     -4.428084484076289E-6    -7.145979809832409
-4.214453809624833E-6     -4.4220670734864195E-6   -7.222878745512279
-4.113322739080405E-6     -4.41604966289655E-6     -7.282268972616028
-4.3831268991973475E-6    -4.314520252292764E-6    -7.215071864298316
-4.281995828652919E-6     -4.308502841702896E-6    -7.291970799978207
-4.18086475810849E-6      -4.3024854311130265E-6   -7.36667609039209
-4.3495378476810045E-6    -4.1949386099193704E-6   -7.361062854444066
-4.248406777136576E-6     -4.188921199329501E-6    -7.451083208168172
-4.3159487961646615E-6    -4.075356967545977E-6    -7.535490325944059
-3.8316037699544565E-6    -4.169808543419037E-6    -7.628565591851316
-3.952690026507008E-6     -4.1461956494507714E-6   -7.624710250387648
-4.073776283059559E-6     -4.122582755482507E-6    -7.604449102691235
-4.19486253961211E-6      -4.098969861514242E-6    -7.584187954994822
-3.885148007478922E-6     -4.259759881234296E-6    -7.521936539818587
-4.006234264031473E-6     -4.2361469872660305E-6   -7.504726921605205
-4.127320520584024E-6     -4.212534093297766E-6    -7.484465773908634
-3.938692245003388E-6     -4.349711219049556E-6    -7.415307487785699
-4.0597785015559386E-6    -4.326098325081291E-6    -7.38474359282247
-3.992236482527854E-6     -4.439662556864815E-6    -7.30867843575291
-4.421641686766754E-6     -4.641743347513668E-6    -6.922906950406957
-4.392978371303472E-6     -4.729803157987782E-6    -6.909273225401443
-4.3643150558401906E-6    -4.817862968461898E-6    -6.8956395003959265
-4.320510616222324E-6     -4.635725936923797E-6    -6.997096856519389
-4.2918473007590425E-6    -4.723785747397913E-6    -6.98346313151385
-4.219379545677895E-6     -4.629708526333928E-6    -7.071286762631849
-3.9559504561197574E-7    -3.885238274301392E-6    -0.9988252064842534
-3.3392778836786005E-7    -3.7748950881904766E-6   -0.8095175607844725
-2.7226053112374436E-7    -3.664551902079561E-6    -0.6130981809841267
-2.1059327387962868E-7    -3.554208715968645E-6    -0.4166788011837811
-1.4892601663551296E-7    -3.443865529857729E-6    -0.22025942138367138
-4.7294242860428984E-7    -3.7728093506633805E-6   -1.3413263791728105
-4.112751713601741E-7     -3.6624661645524643E-6   -1.1547336188309134
-3.4960791411605836E-7    -3.5521229784415485E-6   -0.9695314010705305
-2.879406568719427E-7     -3.4417797923306323E-6   -0.7843291833103577
-5.502898115966039E-7     -3.660380427025368E-6    -1.701921717390305
-4.886225543524881E-7     -3.550037240914452E-6    -1.5165190416734107
-4.2695529710837246E-7    -3.4396940548035362E-6   -1.3313168239129756
-6.276371945889179E-7     -3.5479515033873555E-6   -2.062517055608193
-5.659699373448022E-7     -3.4376083172764397E-6   -1.8783044645161178
-7.04984577581232E-7      -3.4355225797493436E-6   -2.4231123938258055
-7.089270990922158E-8     -3.555203468782598E-6    0.1119631870621051
-1.3255996715333727E-7    -3.665546654893514E-6    -0.0956733547784135
-1.9422722439745298E-7    -3.7758898410044296E-6   -0.30330989661854135
-2.5589448164156864E-7    -3.886233027115346E-6    -0.4956296505979104
7.140596817069806E-9      -3.666541407707467E-6    0.4271036741834663
-5.452666042704588E-8     -3.7768845938183826E-6   0.21946713234324203
-1.1619391767116157E-7    -3.887227779929299E-6    0.0164352201502418
8.517390354336118E-8      -3.777879346632336E-6    0.7422441613055734
2.3506646299245477E-8     -3.888222532743252E-6    0.528500090898866
1.632072102696526E-7      -3.889217285557205E-6    1.0405649616470969
4.543028785911161E-8      -4.333141108426677E-6    0.6396615393296279
1.0979965945434863E-7     -4.222408840912798E-6    0.8640384016987
1.741690310495856E-7      -4.111676573398917E-6    1.0884152640680083
2.3853840264482267E-7     -4.000944305885038E-6    1.3127921264372377
-9.427027611129548E-8     -4.332146355612724E-6    0.146052184946188
-2.990090451605846E-8     -4.221414088098844E-6    0.3649198487592274
3.446846707917855E-8      -4.110681820584964E-6    0.584528324128519
9.883783867441556E-8      -3.999949553071085E-6    0.8041367994976631
-1.6960146848646554E-7    -4.220419335284891E-6    -0.1361065449567107
-1.0523209689122854E-7    -4.109687067771011E-6    0.08317561159383816
-4.0862725295991516E-8    -3.998954800257132E-6    0.302784086962961
-2.449326608616356E-7     -4.108692314957058E-6    -0.41826527485933407
-1.8056328926639858E-7    -3.997960047443178E-6    -0.19856862557201313
-3.202638532368057E-7     -3.996965294629225E-6    -0.7004240047619181
3.1341018306956007E-7     -4.1120594830974576E-6   1.568571900922065
2.490408114743231E-7      -4.222791750611337E-6    1.3394266515530648
1.8467143987908605E-7     -4.333524018125217E-6    1.1102814021841139
1.2030206828384905E-7     -4.444256285639097E-6    0.8890753627788301
3.882819634942975E-7      -4.223174660309877E-6    1.8170490610020256
3.2391259189906054E-7     -4.333906927823757E-6    1.5879038116331556
2.595432203038235E-7      -4.444639195337637E-6    1.3612005810317904
4.631537439190349E-7      -4.334289837522297E-6    2.0655262210825613
3.9878437232379794E-7     -4.4450221050361775E-6   1.8333257992851442
5.380255243437725E-7      -4.445405014734717E-6    2.305451017538183
3.410347473700817E-7      -4.777932260074762E-6    1.6255357804633275
4.066983396946453E-7      -4.667089844961413E-6    1.8493234049468212
4.723619320192088E-7      -4.556247429848065E-6    2.073111029430425
2.6745718767467085E-7     -4.6667069352628724E-6   1.3826953778899131
3.331207799992344E-7      -4.555864520149525E-6    1.6064830023732837
1.9387962797925994E-7     -4.555481610450985E-6    1.1398549753162939
-3.6645018148665827E-6    -4.029109945858661E-6    -7.78644457423426
-3.5509440973031746E-6    -3.978362686113543E-6    -7.828339076886625
-3.4373863797397665E-6    -3.927615426368427E-6    -7.87023357953903
-3.3238286621763584E-6    -3.87686816662331E-6     -7.912128082191346
-3.2102709446129504E-6    -3.8261209068781935E-6   -7.918308156600565
-3.680556019699594E-6     -3.9148999651144165E-6   -7.9818649394017385
-3.566998302136186E-6     -3.8641527053693E-6      -8.038025924904497
-3.4534405845727777E-6    -3.8134054456241828E-6   -8.094186910407153
-3.3398828670093705E-6    -3.7626581858790667E-6   -8.116954601340712
-3.696610224532606E-6     -3.8006899843701724E-6   -8.19219998433279
-3.583052506969198E-6     -3.749942724625056E-6    -8.24836096983546
-3.46949478940579E-6      -3.699195464879939E-6    -8.289010107979767
-3.7126644293656176E-6    -3.6864800036259283E-6   -8.40253502926366
-3.59910671180221E-6      -3.6357327438808123E-6   -8.461065614618862
-3.7287186341986297E-6    -3.572270022881685E-6    -8.633121121258014
-3.357224218414062E-6     -3.273822837666046E-6    -9.279938871836215
-3.450097822360204E-6     -3.348434633969956E-6    -9.112372456998536
-3.5429714263063452E-6    -3.423046430273865E-6    -8.959372360772905
-3.6358450302524875E-6    -3.497658226577775E-6    -8.806372264547155
-3.320485899963784E-6     -3.411897354969083E-6    -8.926393133526828
-3.4133595039099255E-6    -3.486509151272992E-6    -8.76943540692292
-3.5062331078560677E-6    -3.5611209475769027E-6   -8.616435310697188
-3.2837475815135062E-6    -3.54997187227212E-6     -8.57284739521732
-3.3766211854596476E-6    -3.624583668576029E-6    -8.42649835684728
-3.2470092630632283E-6    -3.6880463895751567E-6   -8.219301656907918
-3.228777125169571E-6     -3.2947041854736124E-6   -9.105712067517306
-3.1920388067192932E-6    -3.4327787027766488E-6   -8.741557640974023
-3.1553004882690153E-6    -3.5708532200796856E-6   -8.377403214430823
-3.1185621698187378E-6    -3.708927737382723E-6    -8.06020137356482
-3.1003300319250807E-6    -3.315585533281178E-6    -8.91691894458622
-3.0635917134748027E-6    -3.453660050584215E-6    -8.552764518042979
-3.026853395024525E-6     -3.5917345678872518E-6   -8.207913542415888
-2.97188293868059E-6      -3.3364668810887443E-6   -8.72812582165531
-2.9351446202303122E-6    -3.4745413983917815E-6   -8.355625711267095
-2.8434358454360996E-6    -3.3573482288963104E-6   -8.503337880118394
-2.693677196260148E-6     -3.3613646934617903E-6   -8.275250056408648
-2.7853859710543605E-6    -3.478557862957261E-6    -8.136295935065103
-2.877094745848573E-6     -3.5957510324527317E-6   -8.01623290097513
-2.9688035206427857E-6    -3.7129442019482023E-6   -7.896169866884948
-3.0605122954369987E-6    -3.8301373714436734E-6   -7.7672769753246484
-2.635627321878409E-6     -3.4825743275227414E-6   -7.928839255994867
-2.727336096672621E-6     -3.599767497018212E-6    -7.805248808618143
-2.819044871466834E-6     -3.7169606665136827E-6   -7.685185774528057
-2.910753646261046E-6     -3.834153836009153E-6    -7.562137985764869
-2.5775774474966693E-6    -3.6037839615836915E-6   -7.582428455581116
-2.6692862222908823E-6    -3.720977131079162E-6    -7.474201682170956
-2.760994997085095E-6     -3.838170300574633E-6    -7.356998996205009
-2.5195275731149302E-6    -3.7249935956446425E-6   -7.236017655167423
-2.611236347909143E-6     -3.842186765140113E-6    -7.151860006645183
-2.461477698733191E-6     -3.846203229705593E-6    -6.9135531735922555
-2.195140660385671E-6     -3.3941149115904665E-6   -7.185688808515231
-2.3197747943542902E-6    -3.385927357058297E-6    -7.486435095524013
-2.4444089283229093E-6    -3.377739802526128E-6    -7.755670444903247
-2.569043062291529E-6     -3.3695522479939593E-6   -8.02490579428244
-2.261724919972551E-6     -3.5071369911192477E-6   -7.1151856296314495
-2.38635905394117E-6      -3.4989494365870784E-6   -7.393895970523072
-2.5109931879097893E-6    -3.49076188205491E-6     -7.663131319902335
-2.328309179559431E-6     -3.62015907064803E-6     -7.044682450747649
-2.4529433135280502E-6    -3.6119715161158605E-6   -7.301356845521973
-2.394893439146311E-6     -3.7331811501768115E-6   -6.974179271864074
-2.0579043130431463E-6    -3.398690862160902E-6    -6.855011254035614
-2.124488572630026E-6     -3.511712941689683E-6    -6.788570443587273
-2.191072832216906E-6     -3.6247350212184647E-6   -6.74010321082083
-2.257657091803786E-6     -3.7377571007472464E-6   -6.691635978054465
-2.324241351390666E-6     -3.8507791802760285E-6   -6.633670655857626
-1.987252225287501E-6     -3.5162888922601184E-6   -6.477345491277081
-2.0538364848743806E-6    -3.6293109717889E-6      -6.422963016289024
-2.1204207444612606E-6    -3.7423330513176817E-6   -6.374495783522738
-2.1870050040481406E-6    -3.855355130846464E-6    -6.323403948881312
-1.9166001375318558E-6    -3.633886922359335E-6    -6.099679728518468
-1.9831843971187353E-6    -3.7469090018881166E-6   -6.057355588990724
-2.0497686567056158E-6    -3.859931081416898E-6    -6.01313724190492
-1.8459480497762103E-6    -3.7514849524585523E-6   -5.722013965759993
-1.9125323093630905E-6    -3.8645070319873344E-6   -5.702870534928792
-1.7752959620205653E-6    -3.869082982557769E-6    -5.368325374546736
-1.5273311399295437E-6    -3.4195038478378326E-6   -5.300288412490055
-1.6599744332079441E-6    -3.4143006014185995E-6   -5.715302305403445
-1.7926177264863449E-6    -3.4090973549993668E-6   -6.101196480841612
-1.9252610197647456E-6    -3.403894108580134E-6    -6.487090656279542
-1.589322345452299E-6     -3.5318986315178165E-6   -5.316171345562812
-1.7219656387306996E-6    -3.5266953850985838E-6   -5.7114723826227936
-1.8546089320091003E-6    -3.521492138679351E-6    -6.097366558060802
-1.6513135509750543E-6    -3.6442934151978003E-6   -5.332054278635864
-1.783956844253455E-6     -3.6390901687785676E-6   -5.707642459841871
-1.7133047564978098E-6    -3.756688198877785E-6    -5.347937211708838
-1.3885695682623626E-6    -3.421372227622432E-6    -4.867021613436863
-1.4505607737851178E-6    -3.533767011302416E-6    -4.891437418402348
-1.5125519793078733E-6    -3.6461617949824E-6      -4.927033207329027
-1.5745431848306287E-6    -3.7585565786623837E-6   -4.962628996255626
-1.6365343903533842E-6    -3.8709513623423684E-6   -4.986969207496061
-1.3117992021179368E-6    -3.535635391087015E-6    -4.479917891943389
-1.3737904076406922E-6    -3.648030174766999E-6    -4.511706141789906
-1.4357816131634477E-6    -3.7604249584469837E-6   -4.547301930716545
-1.4977728186862032E-6    -3.872819742126968E-6    -4.579838502318556
-1.2350288359735112E-6    -3.649898554551599E-6    -4.092814170449677
-1.2970200414962666E-6    -3.7622933382315828E-6   -4.131974865177441
-1.359011247019022E-6     -3.8746881219115675E-6   -4.172707797141208
-1.1582584698290856E-6    -3.7641617180161823E-6   -3.7057104489559665
-1.220249675351841E-6     -3.876556501696167E-6    -3.7655770919639586
-1.0814881036846598E-6    -3.878424881480766E-6    -3.339795417863504
-8.421631891957688E-7     -3.4341599011852184E-6   -2.9243266233743324
-9.787647839624171E-7     -3.4309629827945216E-6   -3.4309064420882174
-1.1153663787290656E-6    -3.427766064403825E-6    -3.913338160524844
-1.251967973495714E-6     -3.424569146013128E-6    -4.3957698789616275
-9.019944178179915E-7     -3.545226146259105E-6    -3.0282246928918743
-1.03859601258464E-6      -3.542029227868408E-6    -3.518861994150218
-1.1751976073512884E-6    -3.538832309477712E-6    -4.001293712587001
-9.618256464402144E-7     -3.656292391332992E-6    -3.1321227624091015
-1.0984272412068628E-6    -3.6530954729422952E-6   -3.6068175462118184
-1.021656875062437E-6     -3.767358636406879E-6    -3.2360208319263877
-7.648158062034547E-7     -3.5465888248232307E-6   -2.540773269504831
-8.246470348256774E-7     -3.6576550698971173E-6   -2.6606138564774424
-8.844782634479002E-7     -3.768721314971004E-6    -2.7804544434500564
-9.44309492070123E-7      -3.879787560044891E-6    -2.886955268700391
-6.874684232111405E-7     -3.659017748461243E-6    -2.181368015912175
-7.472996518333634E-7     -3.7700839935351296E-6   -2.3012086028847674
-8.071308804555862E-7     -3.881150238609016E-6    -2.4172054375761536
-6.101210402188266E-7     -3.771446672099255E-6    -1.8219627623194807
-6.699522688410494E-7     -3.882512917173142E-6    -1.9474556064517976
-5.327736572265125E-7     -3.8838755957372675E-6   -1.4777057753275993
-3.705977859904179E-6     -4.156419705455375E-6    -7.6378292508897
-3.7595220974286437E-6    -4.246371043270634E-6    -7.526544571934084
-3.8130663349531095E-6    -4.336322381085893E-6    -7.433269796650948
-3.866610572477575E-6     -4.426273718901152E-6    -7.3399950213678915
-3.920154810002042E-6     -4.516225056716412E-6    -7.246281492029009
-3.633896187378366E-6     -4.23298220530697E-6     -7.536075604230612
-3.687440424902832E-6     -4.322933543122229E-6    -7.440929358249338
-3.7409846624272975E-6    -4.412884880937489E-6    -7.347654582966321
-3.7945288999517632E-6    -4.502836218752749E-6    -7.252458165361752
-3.561814514852554E-6     -4.309544705158567E-6    -7.434321957571542
-3.6153587523770195E-6    -4.399496042973826E-6    -7.355314144564763
-3.6689029899014856E-6    -4.489447380789086E-6    -7.2586348386946415
-3.489732842326742E-6     -4.3861072050101636E-6   -7.332568310912501
-3.5432770798512075E-6    -4.476058542825423E-6    -7.264811512027404
-3.5924201423407704E-6    -4.105672445710257E-6    -7.6834671743642495
-3.5203384698149576E-6    -4.1822349455618535E-6   -7.565575094730816
-3.4482567972891457E-6    -4.25879744541345E-6     -7.447683015097248
-3.3761751247633337E-6    -4.3353599452650475E-6   -7.347664934485788
-3.478862424777362E-6     -4.05492518596514E-6     -7.711095194166342
-3.40678075225155E-6      -4.1314876858167366E-6   -7.593203114532806
-3.334699079725738E-6     -4.208050185668333E-6    -7.480203637458793
-3.3653047072139538E-6    -4.004177926220023E-6    -7.738723213968387
-3.293223034688142E-6     -4.0807404260716205E-6   -7.612742340431926
-3.2517469896505465E-6    -3.953430666474907E-6    -7.745281043405126
-3.871633914808464E-6     -4.610302277780397E-6    -7.205492119382675
-3.8231130196148855E-6    -4.70437949884438E-6     -7.165141500792155
-3.7745921244213083E-6    -4.798456719908365E-6    -7.124790882201652
-3.7460080047581856E-6    -4.596913439816733E-6    -7.210185904449798
-3.6974871095646083E-6    -4.690990660880718E-6    -7.169835285859279
-3.6203820947079075E-6    -4.583524601853071E-6    -7.214879689516982
-6.4477176050129E-7       -4.33089996222225E-6     -1.676032496575737
-5.824775817789615E-7     -4.219484540242036E-6    -1.5090368867195891
-5.201834030566329E-7     -4.108069118261822E-6    -1.3420412768634806
-4.578892243343043E-7     -3.996653696281607E-6    -1.1750456670072151
-7.819503721158268E-7     -4.329537283658126E-6    -2.129811577618629
-7.196561933934983E-7     -4.218121861677911E-6    -1.9646050736474656
-6.573620146711696E-7     -4.106706439697696E-6    -1.8073547297410149
-5.950678359488411E-7     -3.995291017717481E-6    -1.6501043858348219
-8.568348050080351E-7     -4.216759183113785E-6    -2.427613924553945
-7.945406262857065E-7     -4.1053437611335705E-6   -2.2676085514240465
-7.322464475633779E-7     -3.9939283391533566E-6   -2.110358207517784
-9.317192379002433E-7     -4.103981082569446E-6    -2.725416271489025
-8.694250591779147E-7     -3.992565660589231E-6    -2.5706120292008854
-1.0066036707924516E-6    -3.991202982025105E-6    -3.023218618424144
-3.825580319591342E-7     -4.10838071660944E-6     -0.8776675472228513
-4.448522106814627E-7     -4.219796138589654E-6    -1.0544084230291897
-5.071463894037913E-7     -4.331211560569868E-6    -1.2311492988357908
-5.694405681261199E-7     -4.442626982550084E-6    -1.4008375209838504
-3.072268395839641E-7     -4.220107736937273E-6    -0.5950943245835868
-3.695210183062927E-7     -4.331523158917488E-6    -0.7718352003899515
-4.318151970286213E-7     -4.442938580897702E-6    -0.9465732428967486
-2.3189564720879406E-7    -4.331834757265106E-6    -0.3125211019439031
-2.941898259311227E-7     -4.44325017924532E-6     -0.4923089648098434
-1.5656445483362405E-7    -4.443561777592939E-6    -0.03804468672278087
-3.5457023343650263E-7    -4.777237752028604E-6    -0.6584990206752244
-2.885683072355431E-7     -4.666012427216714E-6    -0.4543798451638616
-2.2256638103458355E-7    -4.554787102404827E-6    -0.25026066965253657
-4.261936783330417E-7     -4.665700828869096E-6    -0.9035943028918596
-3.601917521320822E-7     -4.554475504057208E-6    -0.6994751273805707
-4.978171232295809E-7     -4.554163905709589E-6    -1.1486895851088472
-3.2915299067240446E-6    -4.455629245652889E-6    -7.1513330343770285
-3.1654086436471598E-6    -4.448588786444017E-6    -7.050485798421847
-3.0392873805702745E-6    -4.441548327235146E-6    -6.949638562466587
-2.9131661174933896E-6    -4.434507868026275E-6    -6.848791326511309
-3.2500538616864485E-6    -4.3283194860561755E-6   -7.265886992455548
-3.123932598609563E-6     -4.321279026847304E-6    -7.166235051403296
-2.9978113355326787E-6    -4.314238567638432E-6    -7.0665831103511145
-2.871690072455794E-6     -4.307198108429562E-6    -6.941763068829742
-3.2085778166488527E-6    -4.201009726459462E-6    -7.385444298966095
-3.082456553571968E-6     -4.193969267250591E-6    -7.285792357913908
-2.956335290495083E-6     -4.18692880804172E-6     -7.1815109471431615
-3.1671017716112566E-6    -4.0736999668627485E-6   -7.50500160547682
-3.040980508534372E-6     -4.066659507653877E-6    -7.421258825456757
-3.1256257265736612E-6    -3.946390207266036E-6    -7.661006703770214
-2.721931423279842E-6     -4.311214572995042E-6    -6.74609087735708
-2.6568179921431792E-6    -4.19496173717268E-6     -6.7863469838150134
-2.5917045610065167E-6    -4.078708901350317E-6    -6.826603090273226
-2.5265911298698537E-6    -3.9624560655279556E-6   -6.86685919673115
-2.806576641319131E-6     -4.1909452726072E-6      -6.9775875906619635
-2.7414632101824684E-6    -4.074692436784837E-6    -7.038580212963563
-2.676349779045806E-6     -3.958439600962475E-6    -7.09957283526505
-2.8912218593584204E-6    -4.070675972219357E-6    -7.237874099726163
-2.8261084282217575E-6    -3.954423136396995E-6    -7.298866722027588
-2.975867077397709E-6     -3.950406671831515E-6    -7.498160608790324
-2.6501500386480716E-6    -4.428676096882444E-6    -6.520626166379861
-2.5132552228796383E-6    -4.429884784947485E-6    -6.291123893667765
-2.376360407111205E-6     -4.431093473012525E-6    -6.061621620955423
-2.2394655913427723E-6    -4.432302161077565E-6    -5.832119348243385
-2.585036607511409E-6     -4.312423261060082E-6    -6.542855556308293
-2.4481417917429758E-6    -4.313631949125122E-6    -6.310830439500329
-2.3112469759745426E-6    -4.314840637190163E-6    -6.078805322692281
-2.1743521602061098E-6    -4.316049325255203E-6    -5.8255850694551885
-2.519923176374746E-6     -4.196170425237719E-6    -6.562375146922831
-2.3830283606063132E-6    -4.19737911330276E-6     -6.330350030114837
-2.24613354483788E-6      -4.1985878013678E-6      -6.091754404769016
-2.4548097452380835E-6    -4.079917589415357E-6    -6.581894737537425
-2.3179149294696507E-6    -4.081126277480397E-6    -6.357923740083169
-2.3896963141014205E-6    -3.963664753592996E-6    -6.6240930753969485
-1.84075092473132E-6      -3.9819685558747366E-6   -5.406805655145158
-1.977987272073845E-6     -3.977392605304301E-6    -5.736592164380125
-2.11522361941637E-6      -3.972816654733866E-6    -6.039985383800752
-2.2524599667588956E-6    -3.968240704163431E-6    -6.343378603221417
-1.9062058874420749E-6    -4.094854129191703E-6    -5.447083302324679
-2.0434422347846E-6       -4.090278178621268E-6    -5.759191420595487
-2.180678582127125E-6     -4.0857022280508336E-6   -6.062584640016114
-1.9716608501528295E-6    -4.207739702508671E-6    -5.487360949504043
-2.1088971974953543E-6    -4.203163751938236E-6    -5.78179067681053
-2.0371158128635845E-6    -4.320625275825638E-6    -5.52763859668382
-1.7019338063647643E-6    -3.983457718065227E-6    -5.058653938216767
-1.7673887690755192E-6    -4.096343291382194E-6    -5.100811872789492
-1.832843731786274E-6     -4.209228864699161E-6    -5.158767910933232
-1.8982986944970286E-6    -4.322114438016128E-6    -5.216723949077129
-1.9637536572077836E-6    -4.435000011333096E-6    -5.269917174534648
-1.6285716507089634E-6    -4.097832453572684E-6    -4.768755725527406
-1.694026613419718E-6     -4.2107180268896516E-6   -4.821211380248385
-1.759481576130473E-6     -4.323603600206618E-6    -4.879167418392203
-1.8249365388412277E-6    -4.436489173523586E-6    -4.935966000125018
-1.555209495053162E-6     -4.212207189080142E-6    -4.478857512838044
-1.6206644577639171E-6    -4.325092762397109E-6    -4.541610887706933
-1.6861194204746717E-6    -4.437978335714076E-6    -4.60201482571531
-1.4818473393973614E-6    -4.326581924587599E-6    -4.188959300148741
-1.5473023021081162E-6    -4.4394674979045666E-6   -4.268063651305759
-1.3430857677301803E-6    -4.3284503043721984E-6   -3.796246832714686
-1.2776863517188E-6       -4.215943948649341E-6    -3.6832037311117882
-1.21228693570742E-6      -4.103437592926482E-6    -3.5701606295088313
-1.14688751969604E-6      -3.990931237203624E-6    -3.4571175279056785
-1.416447923385981E-6     -4.214075568864741E-6    -4.075125831297745
-1.351048507374601E-6     -4.101569213141882E-6    -3.976387419319445
-1.285649091363221E-6     -3.9890628574190246E-6   -3.8776490073411694
-1.489810079041782E-6     -4.0997008333572834E-6   -4.375321764134784
-1.424410663030402E-6     -3.987194477634425E-6    -4.2765833521565755
-1.563172234697583E-6     -3.9853260978498255E-6   -4.6755176969720855
-1.0720030868038316E-6    -4.103709337747964E-6    -3.1429191771920486
-1.1374025028152117E-6    -4.216215693470822E-6    -3.270266968420119
-1.2028019188265916E-6    -4.3287220491936804E-6   -3.3976147596477637
-1.268201334837972E-6     -4.441228404916539E-6    -3.518816588373918
-9.971186539116234E-7     -4.216487438292303E-6    -2.8503179610987748
-1.0625180699230035E-6    -4.328993794015162E-6    -2.977665752326719
-1.1279174859343835E-6    -4.44150014973802E-6     -3.103349326986879
-9.222342210194152E-7     -4.329265538836644E-6    -2.5577167450052487
-9.876336370307954E-7     -4.441771894559501E-6    -2.68788206559919
-8.473497881272069E-7     -4.442043639380984E-6    -2.272414804212013
-3.2359964998964096E-6    -4.563095304680536E-6    -7.060371827051426
-3.180463093068775E-6     -4.6705613637081834E-6   -6.9644072712935206
-3.1249296862411404E-6    -4.7780274227358315E-6   -6.86844271553558
-3.1098752368195247E-6    -4.556054845471665E-6    -6.9583292961931456
-3.0543418299918905E-6    -4.663520904499312E-6    -6.862364740435235
-2.98375397374264E-6      -4.549014386262794E-6    -6.856286765334808
-1.051217911126701E-6     -4.776654408859503E-6    -2.801128818171622
-9.832618701268696E-7     -4.665117485699996E-6    -2.6273239052852104
-9.153058291270382E-7     -4.5535805625404895E-6   -2.453518992398851
-1.1235457190304579E-6    -4.664845740878514E-6    -3.038309420738134
-1.0555896780306267E-6    -4.553308817719008E-6    -2.8645045078520237
-1.1958735269342148E-6    -4.553037072897526E-6    -3.2754900233052484
-2.443507727910057E-6     -4.772195651592001E-6    -6.031211911004983
-2.3754936823876287E-6    -4.658897821420521E-6    -5.966467301075557
-2.3074796368652003E-6    -4.545599991249044E-6    -5.901722691146127
-2.512388498156062E-6     -4.657689133355481E-6    -6.193446729691906
-2.444374452633634E-6     -4.544391303184003E-6    -6.1287021197625755
-2.5812692684020667E-6    -4.5431826151189625E-6   -6.35568154837902
-1.7490573360859566E-6    -4.774893501847532E-6    -4.640762269781996
-1.681805658093343E-6     -4.6630848338665425E-6   -4.518547149003349
-1.6145539801007295E-6    -4.551276165885554E-6    -4.396332028224348
-1.8206227764598989E-6    -4.661595671676052E-6    -4.848892967137369
-1.7533710984672854E-6    -4.549787003695064E-6    -4.726677846358595
-1.892188216833841E-6     -4.5482978415045735E-6   -5.057023664492936
