4.537617296193726E-6      -4.648176288221463E-7    2.7247424295684373
4.6300938369549805E-6     -3.718541030577171E-7    4.206986595472701
4.722570377716236E-6      -2.788905772932877E-7    5.74198708024382
4.815046918477489E-6      -1.859270515288585E-7    7.276987565016357
4.907523459238745E-6      -9.29635257644293E-8     8.811988049787477
4.9999999999999996E-6     0                        10.346988534560484
4.495792733592472E-6      -3.718541030577171E-7    2.3276124431630345
4.588269274353726E-6      -2.7889057729328776E-7   3.8153796198247583
4.680745815114979E-6      -1.859270515288585E-7    5.370601968180258
4.773222355876235E-6      -9.296352576442922E-8    6.925824316536703
4.865698896637491E-6      -2.5802561688500827E-23  8.481046664891258
4.453968170991215E-6      -2.788905772932877E-7    1.9065486365691082
4.5464447117524705E-6     -1.8592705152885854E-7   3.442195188045335
4.638921252513724E-6      -9.296352576442919E-8    4.997417536400853
4.731397793274979E-6      3.8703842532751247E-23   6.552639884756649
4.412143608389959E-6      -1.859270515288585E-7    1.4854848299736076
4.504620149151214E-6      -9.296352576442926E-8    3.069010756264967
4.5970966899124685E-6     3.8703842532751247E-23   4.624233104620466
4.370319045788704E-6      -9.29635257644293E-8     1.0644210233796814
4.462795586549959E-6      5.160512337700166E-23    2.6958263244855436
4.328494483187449E-6      0                        0.56105704138222
4.6300938369549805E-6     -5.147112459148591E-7    3.70198481058377
4.722570377716236E-6      -5.646048630075717E-7    4.647504806727424
4.815046918477489E-6      -6.144984801002842E-7    5.59302480287092
4.907523459238745E-6      -6.643920971929972E-7    6.538544799013472
4.9999999999999996E-6     -7.142857142857099E-7    7.400782529385094
4.722570377716236E-6      -4.2174772015042984E-7   5.189035132606866
4.815046918477489E-6      -4.7164133724314243E-7   6.152661125875663
4.907523459238744E-6      -5.215349543358551E-7    7.116287119144284
5.0E-6                    -5.714285714285679E-7    8.079913112411994
4.815046918477491E-6      -3.2878419438600057E-7   6.703813753796169
4.907523459238744E-6      -3.7867781147871316E-7   7.667439747064291
4.9999999999999996E-6     -4.2857142857142587E-7   8.631065740334032
4.907523459238744E-6      -2.3582066862157124E-7   8.218592374984125
4.9999999999999996E-6     -2.8571428571428395E-7   9.18221836825355
4.9999999999999996E-6     -1.4285714285714197E-7   9.733370996173068
3.971909443876364E-6      -5.195668210324679E-7    -4.362307816870952
4.043226451738581E-6      -4.1565345682597437E-7   -3.4755830208386214
4.1145434596007974E-6     -3.117400926194807E-7    -2.492218318154303
4.185860467463014E-6      -2.0782672841298713E-7   -1.508853615470143
4.257177475325233E-6      -1.0391336420649363E-7   -0.525488912785983
3.908458503216847E-6      -4.1565345682597437E-7   -5.3431758245084175
3.979775511079064E-6      -3.1174009261948075E-7   -4.441558544335707
4.051092518941281E-6      -2.0782672841298713E-7   -3.4882278263561215
4.122409526803497E-6      -1.0391336420649355E-7   -2.5348971083747953
4.1937265346657155E-6     -2.88417523770772E-23    -1.581566390396303
3.845007562557329E-6      -3.117400926194807E-7    -6.401706189852681
3.916324570419548E-6      -2.0782672841298718E-7   -5.466250907327574
3.987641578281764E-6      -1.0391336420649354E-7   -4.512920189347748
4.058958586143981E-6      4.3262628565615796E-23   -3.559589471367441
3.7815566218978126E-6     -2.0782672841298713E-7   -7.46023655519663
3.852873629760031E-6      -1.0391336420649359E-7   -6.490943270320849
3.924190637622247E-6      4.3262628565615796E-23   -5.537612552340783
3.7181056812382973E-6     -1.0391336420649363E-7   -8.518766920539004
3.789422689100514E-6      5.76835047541544E-23     -7.51563563331318
3.65465474057878E-6       0                        -9.690352561566405
4.9999999999999996E-6     -1.428571428571425E-6    5.2144219808563905
5.0E-6                    -1.285714285714282E-6    5.719825681766127
4.9999999999999996E-6     -1.1428571428571388E-6   6.09842376078391
4.9999999999999996E-6     -9.999999999999957E-7    6.477021839803108
5.0E-6                    -8.571428571428529E-7    6.855619918822464
4.877536510780964E-6      -1.3609042646156513E-6   4.300464067632154
4.877536510780964E-6      -1.2180471217585076E-6   4.707968639369947
4.877536510780964E-6      -1.0751899789013648E-6   5.0865667183888315
4.877536510780964E-6      -9.323328360442216E-7    5.465164797407715
4.877536510780966E-6      -7.894756931870788E-7    5.899560166550405
4.755073021561928E-6      -1.2932371006598764E-6   3.3102474560962274
4.75507302156193E-6       -1.1503799578027336E-6   3.6961115969751055
4.755073021561928E-6      -1.0075228149455902E-6   4.074709675993517
4.755073021561928E-6      -8.646656720884472E-7    4.4623267812690885
4.632609532342892E-6      -1.225569936704102E-6    2.3200308445597098
4.632609532342892E-6      -1.0827127938469592E-6   2.684254554579354
4.632609532342892E-6      -9.398556509898161E-7    3.025093395986671
4.510146043123858E-6      -1.157902772748328E-6    1.3298142330236646
4.510146043123858E-6      -1.0150456298911848E-6   1.5878600107055527
4.387682553904822E-6      -1.0902356087925536E-6   0.23795027947606623
4.9999999999999996E-6     -2.14285714285714E-6     3.65521745237266
5.0E-6                    -1.9999999999999974E-6   4.001268416868551
4.9999999999999996E-6     -1.8571428571428541E-6   4.266427458709193
4.9999999999999996E-6     -1.7142857142857109E-6   4.531586500549756
5.0E-6                    -1.5714285714285683E-6   4.796745542390792
4.88262362691092E-6       -2.0882949936817378E-6   2.95825333451936
4.88262362691092E-6       -1.945437850824595E-6    3.2394474076897093
4.88262362691092E-6       -1.8025807079674517E-6   3.5046064495308245
4.882623626910918E-6      -1.6597235651103089E-6   3.769765491371782
4.88262362691092E-6       -1.516866422253166E-6    4.091639923295718
4.765247253821839E-6      -2.0337328445063354E-6   2.212108434128556
4.765247253821841E-6      -1.890875701649193E-6    2.4776263985121285
4.7652472538218396E-6     -1.7480185587920495E-6   2.742785440353007
4.765247253821839E-6      -1.6051614159349065E-6   3.0322606766822036
4.647870880732759E-6      -1.979170695330933E-6    1.4659635337373196
4.647870880732759E-6      -1.8363135524737906E-6   1.715805389333793
4.647870880732759E-6      -1.693456409616647E-6    1.9728814300675084
4.53049450764368E-6       -1.9246085461555314E-6   0.7198186333465557
4.5304945076436796E-6     -1.7817514032983881E-6   0.9135021834534824
4.4131181345546E-6        -1.8700463969801288E-6   -0.07400202563163183
3.3131366502281405E-6     -5.186092474856457E-7    -12.447132407018117
3.381440268298269E-6      -4.148873979885166E-7    -11.969602575108794
3.449743886368396E-6      -3.1116554849138737E-7   -11.424376802633144
3.5180475044385238E-6     -2.0744369899425824E-7   -10.879151030157018
3.5863511225086526E-6     -1.0372184949712917E-7   -10.333925257681841
3.2489077234873977E-6     -4.148873979885166E-7    -13.745397737590011
3.317211341557526E-6      -3.111655484913874E-7    -13.273064227061186
3.385514959627653E-6      -2.0744369899425826E-7   -12.778439671235395
3.4538185776977805E-6     -1.037218494971291E-7    -12.2838151154088
3.522122195767909E-6      -2.878859636710449E-23   -11.789190559585041
3.184678796746653E-6      -3.1116554849138737E-7   -15.136934011362627
3.252982414816782E-6      -2.074436989942583E-7    -14.651167117891227
3.3212860328869087E-6     -1.0372184949712908E-7   -14.156542562066067
3.3895896509570363E-6     4.3182894550656743E-23   -13.661918006240873
3.1204498700059094E-6     -2.0744369899425824E-7   -16.52847028513603
3.188753488076038E-6      -1.0372184949712913E-7   -16.029270008722357
3.2570571061461654E-6     4.3182894550656743E-23   -15.534645452899225
3.056220943265167E-6      -1.0372184949712917E-7   -17.92000655890896
3.1245245613352946E-6     5.757719273420899E-23    -17.407372899555373
2.991992016524423E-6      0                        -19.431149383051064
2.665993308376495E-6      -5.262581635575886E-7    -19.758059345848324
2.731193050006081E-6      -4.2100653084607087E-7   -19.743364576468323
2.796392791635666E-6      -3.157548981345531E-7    -19.684191907718443
2.8615925332652515E-6     -2.1050326542303538E-7   -19.625019238969344
2.9267922748948376E-6     -1.0525163271151774E-7   -19.565846570220245
2.60146693535913E-6       -4.2100653084607087E-7   -21.299847151830356
2.6666666769887158E-6     -3.1575489813455313E-7   -21.29665359158046
2.7318664186183014E-6     -2.1050326542303538E-7   -21.302518001800006
2.7970661602478867E-6     -1.0525163271151769E-7   -21.308382412019398
2.8622659018774727E-6     -2.9213196503929315E-23  -21.31424682223942
2.536940562341765E-6      -3.157548981345531E-7    -22.942607130983234
2.6021403039713518E-6     -2.1050326542303546E-7   -22.946402340249392
2.6673400456009366E-6     -1.0525163271151764E-7   -22.952266750469494
2.732539787230522E-6      4.381979475589397E-23    -22.958131160689753
2.4724141893244004E-6     -2.1050326542303538E-7   -24.585367110135174
2.5376139309539865E-6     -1.052516327115177E-7    -24.596151088920696
2.6028136725835717E-6     4.381979475589397E-23    -24.602015499140716
2.407887816307036E-6      -1.0525163271151774E-7   -26.2281270892868
2.4730875579366217E-6     5.842639300785863E-23    -26.245899837590414
2.343361443289671E-6      0                        -27.99492901327879
4.420917552951027E-6      -2.535544520984076E-6    -0.3268013095996276
4.536734042360821E-6      -2.599864188215832E-6    0.2964409382437441
4.652550531770616E-6      -2.6641838554475873E-6   0.8804595305979652
4.768367021180409E-6      -2.7285035226793434E-6   1.4644781229513204
4.884183510590205E-6      -2.7928231899111E-6      2.048496715305266
4.9999999999999996E-6     -2.857142857142855E-6    2.5975124922256243
4.536734042360821E-6      -2.457007045358689E-6    0.42951046884173993
4.652550531770616E-6      -2.521326712590445E-6    1.0527929367085775
4.76836702118041E-6       -2.5856463798222006E-6   1.645526442762687
4.884183510590204E-6      -2.6499660470539562E-6   2.2382599488162422
5.0E-6                    -2.7142857142857127E-6   2.8309934548706637
4.652550531770616E-6      -2.378469569733301E-6    1.225825724392672
4.768367021180412E-6      -2.4427892369650577E-6   1.826992050868962
4.884183510590205E-6      -2.507108904196813E-6    2.4197255569231126
4.9999999999999996E-6     -2.5714285714285687E-6   3.01245906297686
4.768367021180409E-6      -2.299932094107914E-6    2.0221409799434866
4.884183510590205E-6      -2.3642517613396706E-6   2.60119116502895
4.9999999999999996E-6     -2.428571428571426E-6    3.1939246710834506
4.884183510590205E-6      -2.2213946184825278E-6   2.8184562354939064
4.9999999999999996E-6     -2.2857142857142834E-6   3.375390279189647
4.4402453010398234E-6     -3.2307694464049783E-6   -0.4382052410406679
4.552196240831859E-6      -3.298901271409697E-6    0.05178744113133779
4.6641471806238935E-6     -3.3670330964144146E-6   0.5223933197004216
4.7760981204159294E-6     -3.4351649214191334E-6   0.9929991982692299
4.8880490602079645E-6     -3.503296746423852E-6    1.4636050768379596
4.9999999999999996E-6     -3.57142857142857E-6     1.9108257109594147
4.552196240831859E-6      -3.1560441285525542E-6   0.14097715597285648
4.664147180623894E-6      -3.224175953557273E-6    0.6363548411999966
4.7760981204159294E-6     -3.2923077785619905E-6   1.1104088458414296
4.888049060207964E-6      -3.360439603566708E-6    1.5844628504828069
5.0E-6                    -3.4285714285714277E-6   2.0585168551244535
4.6641471806238935E-6     -3.081318810700129E-6    0.7486090707188112
4.77609812041593E-6       -3.1494506357048486E-6   1.2276563474001199
4.8880490602079645E-6     -3.2175824607095657E-6   1.7017103520415982
4.9999999999999996E-6     -3.2857142857142836E-6   2.175764356682874
4.7760981204159294E-6     -3.0065934928477045E-6   1.3562409854646873
4.8880490602079645E-6     -3.0747253178524233E-6   1.8189578536001763
4.9999999999999996E-6     -3.1428571428571404E-6   2.2930118582415306
4.8880490602079645E-6     -2.9318681749952804E-6   1.9638729002104847
4.9999999999999996E-6     -2.9999999999999984E-6   2.410259359799872
2.0136133123675467E-6     -5.381052723077499E-7    -25.990831000558245
2.0795629385519715E-6     -4.3048421784619997E-7   -26.420737378583148
2.1455125647363963E-6     -3.2286316338464984E-7   -26.82742839191166
2.2114621909208216E-6     -2.152421089230999E-7    -27.234119405240797
2.277411817105247E-6      -1.0762105446155E-7      -27.640810418569302
1.9478119525829268E-6     -4.3048421784619997E-7   -27.71043463819268
2.0137615787673516E-6     -3.2286316338464995E-7   -28.155399917222965
2.0797112049517764E-6     -2.1524210892309993E-7   -28.639545833466432
2.1456608311362007E-6     -1.0762105446154994E-7   -29.12369174971193
2.211610457320626E-6      -2.987084314941267E-23   -29.607837665957433
1.8820105927983053E-6     -3.2286316338464984E-7   -29.531284873276014
1.9479602189827316E-6     -2.1524210892309998E-7   -30.00437059646561
2.013909845167156E-6      -1.076210544615499E-7    -30.48851651271128
2.0798594713515803E-6     4.4806264724119014E-23   -30.97266242895724
1.8162092330136849E-6     -2.152421089230999E-7    -31.35213510835982
1.8821588591981103E-6     -1.0762105446154999E-7   -31.85334127571154
1.948108485382535E-6      4.4806264724119014E-23   -32.3374871919583
1.7504078732290651E-6     -1.0762105446155E-7      -33.17298534344394
1.81635749941349E-6       5.974168629882536E-23    -33.70231195495747
1.6846065134444443E-6     0                        -35.115624671877235
4.9999999999999996E-6     -4.2857142857142855E-6   1.5327891491995462
5.0E-6                    -4.142857142857143E-6    1.6080358385418427
4.9999999999999996E-6     -3.999999999999999E-6    1.6720406844219489
4.9999999999999996E-6     -3.857142857142856E-6    1.7360455303022913
5.0E-6                    -3.7142857142857133E-6   1.800050376182752
4.877752780062312E-6      -4.217991534279032E-6    1.0828618577780431
4.877752780062312E-6      -4.075134391421889E-6    1.144019279660473
4.8777527800623115E-6     -3.932277248564746E-6    1.2080241255410908
4.8777527800623115E-6     -3.789420105707602E-6    1.2720289714212365
4.877752780062313E-6      -3.64656296285046E-6     1.3552857482074254
4.755505560124623E-6      -4.150268782843777E-6    0.6203122057949275
4.755505560124625E-6      -4.007411639986636E-6    0.6800027207798116
4.755505560124624E-6      -3.864554497129492E-6    0.7440075666600361
4.755505560124623E-6      -3.721697354272349E-6    0.8149676067589817
4.633258340186935E-6      -4.082546031408524E-6    0.1577625538112606
4.633258340186936E-6      -3.939688888551382E-6    0.21598616189845804
4.633258340186935E-6      -3.7968317456942384E-6   0.27464946531030165
4.511011120249249E-6      -4.014823279973272E-6    -0.304787098172111
4.511011120249249E-6      -3.871966137116128E-6    -0.2656686761383783
4.388763900311561E-6      -3.947100528538018E-6    -0.7865978508687643
4.5520091236560515E-6     -4.550952199480936E-6    -0.2033769975854157
4.641607298924841E-6      -4.640761759584748E-6    0.12099823491403397
4.73120547419363E-6       -4.73057131968856E-6     0.4426973049694357
4.820803649462419E-6      -4.820380879792372E-6    0.7643963750244438
4.910401824731211E-6      -4.910190439896187E-6    1.0860954450794518
4.9999999999999996E-6     -4.999999999999999E-6    1.4077945151346174
4.641607298924841E-6      -4.497904616727606E-6    0.1412270950558776
4.73120547419363E-6       -4.587714176831419E-6    0.4635470766116831
4.8208036494624195E-6     -4.6775237369352305E-6   0.7817779397563069
4.910401824731209E-6      -4.767333297039042E-6    1.1000088029007886
5.0E-6                    -4.857142857142857E-6    1.4182396660455547
4.73120547419363E-6       -4.444857033974275E-6    0.487712378158829
4.820803649462421E-6      -4.5346665940780885E-6   0.8041041302635419
4.910401824731209E-6      -4.6244761541819E-6      1.1223349934082876
4.9999999999999996E-6     -4.714285714285713E-6    1.4405658565530688
4.820803649462419E-6      -4.391809451220945E-6    0.8341976612618198
4.910401824731211E-6      -4.481619011324758E-6    1.144661183915487
4.9999999999999996E-6     -4.57142857142857E-6     1.4628920470602682
4.910401824731211E-6      -4.338761868467616E-6    1.1806829443652438
4.9999999999999996E-6     -4.428571428571428E-6    1.48521823756731
1.348893241664515E-6      -5.467452579276791E-7    -30.798505840977118
1.416035896020501E-6      -4.3739620634214333E-7   -31.66550330970727
1.4831785503764864E-6     -3.2804715475660744E-7   -32.53409464449078
1.5503212047324722E-6     -2.186981031710716E-7    -33.402685979272704
1.6174638590884587E-6     -1.0934905158553586E-7   -34.271277314055276
1.2812701800523267E-6     -4.3739620634214333E-7   -32.586136063974365
1.3484128344083127E-6     -3.2804715475660744E-7   -33.473236352973395
1.415555488764298E-6      -2.186981031710716E-7    -34.427855390709915
1.4826981431202841E-6     -1.0934905158553579E-7   -35.3824744284465
1.5498407974762704E-6     -3.0350458697796456E-23  -36.33709346618308
1.2136471184401384E-6     -3.2804715475660744E-7   -34.46878569607135
1.2807897727961246E-6     -2.1869810317107164E-7   -35.40574599831524
1.3479324271521102E-6     -1.0934905158553575E-7   -36.360365036052066
1.415075081508096E-6      4.5525688046694694E-23   -37.3149840737884
1.14602405682795E-6       -2.186981031710716E-7    -36.35143532817038
1.2131667111839363E-6     -1.093490515855358E-7    -37.33825564365714
1.280309365539922E-6      4.5525688046694694E-23   -38.29287468139467
1.0784009952157622E-6     -1.0934905158553586E-7   -38.23408496026704
1.1455436495717478E-6     6.070091739559292E-23    -39.270765288999364
1.0107779336035737E-6     0                        -40.22083463119635
4.40811949545806E-6       -4.999999999999998E-6    -0.7495992968942528
4.526495596366448E-6      -4.999999999999999E-6    -0.31649761787943315
4.6448716972748354E-6     -4.999999999999998E-6    0.11754567527283008
4.763247798183223E-6      -4.999999999999997E-6    0.5515889684254083
4.881623899091612E-6      -4.999999999999999E-6    0.9856322615781439
4.436897421097658E-6      -4.910190439896186E-6    -0.6418404400299227
4.555273522006047E-6      -4.910190439896186E-6    -0.20762160169270777
4.673649622914433E-6      -4.910190439896185E-6    0.2264216914599372
4.792025723822822E-6      -4.910190439896185E-6    0.6604649846124365
4.465675346737255E-6      -4.8203808797923725E-6   -0.5330452570373526
4.584051447645645E-6      -4.820380879792374E-6    -0.09874558550553383
4.702427548554031E-6      -4.820380879792373E-6    0.3352977076471171
4.494453272376854E-6      -4.73057131968856E-6     -0.4242500740450187
4.612829373285242E-6      -4.730571319688561E-6    0.010130430681494548
4.523231198016453E-6      -4.640761759584749E-6    -0.3154548910524486
-4.53576776848956E-6      -4.602998967750775E-7    7.638245164745639
-4.494313111429161E-6     -3.6823991742006205E-7   7.238613875355492
-4.452858454368761E-6     -2.7617993806504643E-7   6.813389453385373
-4.411403797308361E-6     -1.8411995871003094E-7   6.388165031416119
-4.369949140247962E-6     -9.205997935501554E-8    5.962940609446235
-4.3284944831875625E-6    0                        5.450369507219243
-4.628614214791648E-6     -3.6823991742006205E-7   9.305235337232293
-4.587159557731249E-6     -2.761799380650465E-7    8.910008480086299
-4.545704900670849E-6     -1.8411995871003097E-7   8.534370649434313
-4.504250243610449E-6     -9.205997935501546E-8    8.158732818783072
-4.462795586550051E-6     -2.5551777181613683E-23  7.7830949881305695
-4.721460661093736E-6     -2.7617993806504643E-7   11.026974531714398
-4.680006004033338E-6     -1.8411995871003102E-7   10.652194929724056
-4.638551346972937E-6     -9.205997935501545E-8    10.276557099072441
-4.597096689912537E-6     3.832766577242054E-23    9.900919268420628
-4.814307107395824E-6     -1.8411995871003094E-7   12.74871372619595
-4.772852450335424E-6     -9.20599793550155E-8     12.394381379363503
-4.731397793275024E-6     3.832766577242054E-23    12.01874354871289
-4.907153553697912E-6     -9.205997935501554E-8    14.470452920678763
-4.865698896637513E-6     5.110355436322739E-23    14.136567829002002
-4.9999999999999996E-6    0                        16.19219211516142
-4.628614214791648E-6     -5.11097060277204E-7     8.702199496049474
-4.721460661093736E-6     -4.1903708092218845E-7   10.374213634545237
-4.814307107395823E-6     -3.2697710156717294E-7   12.07550557387063
-4.907153553697911E-6     -2.3491712221215743E-7   13.776797513195076
-5.0E-6                   -1.4285714285714192E-7   15.478089452519052
-4.721460661093736E-6     -5.618942237793303E-7    9.732015478002664
-4.814307107395825E-6     -4.6983424442431486E-7   11.423602905364104
-4.907153553697912E-6     -3.777742650692993E-7    13.124894844689338
-4.9999999999999996E-6    -2.8571428571428374E-7   14.826186784014888
-4.814307107395824E-6     -6.126913872814566E-7    10.761831459955381
-4.907153553697912E-6     -5.206314079264413E-7    12.472992176181966
-4.9999999999999996E-6    -4.285714285714256E-7    14.174284115508206
-4.907153553697912E-6     -6.634885507835831E-7    11.791647441907628
-4.9999999999999996E-6    -5.714285714285676E-7    13.522381447000265
-4.9999999999999996E-6    -7.142857142857094E-7    12.730655803853066
-3.9728877340912274E-6    -5.1347484811296E-7      -0.15614270100948066
-3.909241135388762E-6     -4.1077987849036803E-7   -1.181595059470962
-3.845594536686296E-6     -3.080849088677759E-7    -2.288324403772145
-3.7819479379838308E-6    -2.0538993924518394E-7   -3.395053748073801
-3.718301339281366E-6     -1.0269496962259201E-7   -4.501783092373724
-3.6546547405788997E-6    0                        -5.729163649210331
-4.044009083910495E-6     -4.1077987849036803E-7   0.8692950072270034
-3.98036248520803E-6      -3.08084908867776E-7     -0.14217407127609133
-3.916715886505564E-6     -2.0538993924518396E-7   -1.216388445274145
-3.853069287803098E-6     -1.0269496962259195E-7   -2.2906028192713657
-3.789422689100633E-6     -2.850357994704566E-23   -3.364817193269532
-4.115130433729762E-6     -3.080849088677759E-7    1.9877009821468143
-4.051483835027297E-6     -2.0538993924518402E-7   0.9437348897192581
-3.9878372363248305E-6    -1.0269496962259191E-7   -0.13047948427815287
-3.9241906376223645E-6    4.2755369920568494E-23   -1.204693858274869
-4.186251783549028E-6     -2.0538993924518394E-7   3.106106957068672
-4.122605184846563E-6     -1.0269496962259201E-7   2.0296438507160697
-4.058958586144097E-6     4.2755369920568494E-23   0.9554294767197936
-4.257373133368296E-6     -1.0269496962259201E-7   4.224512931989899
-4.193726534665831E-6     5.700715989409133E-23    3.115552811712567
-3.3164420782464384E-6    -5.456808961913226E-7    -8.887056098221363
-3.2515520659020634E-6    -4.365447169530581E-7    -10.258212164305021
-3.186662053557687E-6     -3.2740853771479345E-7   -11.739779703796625
-3.1217720412133117E-6    -2.1827235847652897E-7   -13.221347243289014
-3.056882028868937E-6     -1.0913617923826455E-7   -14.702914782779828
-2.9919920165245617E-6    0                        -16.315795251536105
-3.3840846107129305E-6    -4.365447169530581E-7    -8.333433220797914
-3.319194598368556E-6     -3.274085377147935E-7    -9.71136685292091
-3.25430458602418E-6      -2.1827235847652897E-7   -11.178899563506622
-3.1894145736798047E-6    -1.0913617923826448E-7   -12.646432274091206
-3.1245245613354297E-6    -3.0291374752484805E-23  -14.113964984677047
-3.4517271431794226E-6    -3.2740853771479345E-7   -7.707893718019877
-3.386837130835048E-6     -2.1827235847652908E-7   -9.143024835909229
-3.321947118490672E-6     -1.0913617923826444E-7   -10.610557546494153
-3.2570571061462967E-6    4.5437062128727217E-23   -12.078090257078708
-3.5193696756459146E-6    -2.1827235847652897E-7   -7.082354215241995
-3.45447966330154E-6      -1.0913617923826451E-7   -8.574682818895788
-3.3895896509571642E-6    4.5437062128727217E-23   -10.042215529480371
-3.587012208112408E-6     -1.0913617923826455E-7   -6.4568147124638
-3.5221221957680326E-6    6.058274950496962E-23    -8.006340801881088
6.863392448201402E-7      -5.525483624071851E-7    -33.710079791076986
7.51226982576827E-7       -4.4203868992574816E-7   -34.98192811251852
8.161147203335135E-7      -3.31529017444311E-7     -36.28817708401221
8.810024580902002E-7      -2.2101934496287403E-7   -37.59442605550622
9.458901958468871E-7      -1.1050967248143708E-7   -38.90067502699817
6.164565914296757E-7      -4.4203868992574816E-7   -35.43498476236613
6.813443291863624E-7      -3.3152901744431107E-7   -36.7315512665231
7.46232066943049E-7       -2.2101934496287403E-7   -38.12412959531908
8.111198046997356E-7      -1.10509672481437E-7     -39.51670792411625
8.760075424564226E-7      -3.0672595708169106E-23  -40.9092862529131
5.46573938039211E-7       -3.31529017444311E-7     -37.23888705774721
6.114616757958978E-7      -2.2101934496287408E-7   -38.6043811393767
6.763494135525844E-7      -1.1050967248143697E-7   -39.996959468174104
7.41237151309271E-7       4.600889356225367E-23    -41.389537796972604
4.766912846487464E-7      -2.2101934496287403E-7   -39.04278935312854
5.415790224054331E-7      -1.1050967248143701E-7   -40.47721101223211
6.064667601621197E-7      4.600889356225367E-23    -41.86978934102975
4.068086312582819E-7      -1.1050967248143708E-7   -40.84669164851019
4.716963690149686E-7      6.134519141633822E-23    -42.350040885086734
3.3692597786781723E-7     0                        -42.72824669565255
-2.343361443289754E-6     0                        -25.649076314328685
-2.473087557936716E-6     0                        -23.738402831618814
-2.602813672583677E-6     0                        -21.948407401230078
-2.7325397872306387E-6    0                        -20.15841197084229
-2.8622659018776002E-6    0                        -18.368416540454813
-2.404531262323955E-6     -1.1121090391660374E-7   -23.803197761793573
-2.534257376970917E-6     -1.1121090391660374E-7   -22.021819340412794
-2.663983491617878E-6     -1.1121090391660372E-7   -20.23182391002437
-2.7937096062648396E-6    -1.1121090391660369E-7   -18.441828479636584
-2.9234357209118015E-6    -1.1121090391660374E-7   -16.54374541843875
-2.465701081358156E-6     -2.2242180783320735E-7   -22.09147962034712
-2.5954271960051183E-6    -2.2242180783320746E-7   -20.3052358492074
-2.7251533106520794E-6    -2.224218078332074E-7    -18.515240418818667
-2.85487942529904E-6      -2.2242180783320735E-7   -16.68871781571182
-2.526870900392357E-6     -3.3363271174981097E-7   -20.37976147890035
-2.656597015039319E-6     -3.336327117498111E-7    -18.58865235800177
-2.78632312968628E-6      -3.3363271174981097E-7   -16.83369021298458
-2.5880407194265582E-6    -4.448436156664148E-7    -18.668043337454524
-2.71776683407352E-6      -4.4484361566641486E-7   -16.97866261025765
-2.6492105384607587E-6    -5.560545195830184E-7    -17.06912874579106
-1.684606513444572E-6     0                        -33.48682315094704
-1.816357499413609E-6     0                        -31.924001551153406
-1.948108485382645E-6     0                        -30.42235044749203
-2.079859471351681E-6     0                        -28.920699343829707
-2.2116104573207183E-6    0                        -27.419048240167697
-1.744748004867028E-6     -1.1108229672870466E-7   -31.489096925492177
-1.8764989908360648E-6    -1.1108229672870466E-7   -30.029696002728436
-2.008249976805101E-6     -1.1108229672870463E-7   -28.52804489906517
-2.140000962774137E-6     -1.1108229672870463E-7   -27.02639379540253
-2.2717519487431746E-6    -1.1108229672870466E-7   -25.398574939151615
-1.804889496289484E-6     -2.2216459345740924E-7   -29.620561003243797
-1.936640482258521E-6     -2.221645934574093E-7    -28.135390454300946
-2.068391468227557E-6     -2.221645934574093E-7    -26.633739350638308
-2.2001424541965933E-6    -2.2216459345740924E-7   -25.08773453781319
-1.8650309877119399E-6    -3.3324689018611383E-7   -27.7520250809973
-1.9967819736809766E-6    -3.332468901861139E-7    -26.241084905874164
-2.128532959650013E-6     -3.3324689018611383E-7   -24.776894136475086
-1.925172479134396E-6     -4.443291869148185E-7    -25.883489158750656
-2.056923465103433E-6     -4.443291869148186E-7    -24.466053735136352
-1.985313970556852E-6     -5.554114836435231E-7    -24.124988245863353
2.0166912623850995E-8     -5.553834271760404E-7    -34.538775148709895
8.351872567264429E-8      -4.443067417408323E-7    -36.115884639963866
1.468705387214375E-7      -3.332300563056241E-7    -37.756219437199285
2.1022235177023074E-7     -2.221533708704161E-7    -39.3965542344351
2.73574164819024E-7       -1.110766854352081E-7    -41.03688903166997
-5.125166547450723E-8     -4.443067417408323E-7    -36.060838515971206
1.2100147574286035E-8     -3.332300563056242E-7    -37.663842997964515
7.545196062307928E-8      -2.221533708704161E-7    -39.38383720636181
1.3880377367187252E-7     -1.1107668543520802E-7   -41.103831414759746
2.0215558672066578E-7     -3.082997341730344E-23   -42.82382562315688
-1.2267024357286544E-7    -3.332300563056241E-7    -37.63859900260471
-5.9318430524072176E-8    -2.2215337087041617E-7   -39.32411063034959
4.033382524721078E-9      -1.11076685435208E-7     -41.04410483874719
6.73851955735143E-8       4.6244960125955165E-23   -42.7640990471445
-1.940888216712236E-7     -2.221533708704161E-7    -39.21635948923724
-1.3073700862243037E-7    -1.1107668543520807E-7   -40.98437826273309
-6.738519557363713E-8     4.6244960125955165E-23   -42.70437247113149
-2.6550739976958183E-7    -1.110766854352081E-7    -40.794119975870544
-2.0215558672078862E-7    6.165994683460689E-23    -42.64464589511817
-3.3692597786794005E-7    0                        -42.416333569914315
-1.3194664342921912E-6    -5.554480318924963E-7    -29.607870597610916
-1.2577287341544925E-6    -4.443584255139971E-7    -31.436576097709754
-1.1959910340167932E-6    -3.332688191354977E-7    -33.36728574413053
-1.1342533338790943E-6    -2.2217921275699848E-7   -35.29799539055176
-1.0725156337413958E-6    -1.110896063784993E-7    -37.22870503697395
-1.010777933603697E-6     0                        -39.270203534531994
-1.3924944501226675E-6    -4.443584255139971E-7    -30.391192641051223
-1.3307567499849684E-6    -3.3326881913549777E-7   -32.24176320168413
-1.2690190498472695E-6    -2.2217921275699848E-7   -34.220374555957534
-1.2072813497095706E-6    -1.1108960637849922E-7   -36.1989859102301
-1.1455436495718719E-6    -3.0833559699488885E-23  -38.17759726450581
-1.4655224659531434E-6    -3.332688191354977E-7    -31.17274658054159
-1.4037847658154449E-6    -2.2217921275699858E-7   -33.11227617917226
-1.3420470656777455E-6    -1.1108960637849918E-7   -35.09088753344462
-1.2803093655400466E-6    4.625033954923333E-23    -37.06949888771771
-1.5385504817836194E-6    -2.2217921275699848E-7   -31.95430052003133
-1.4768127816459207E-6    -1.1108960637849926E-7   -33.98278915665956
-1.4150750815082214E-6    4.625033954923333E-23    -35.96140051093055
-1.611578497614096E-6     -1.110896063784993E-7    -32.73585445952107
-1.5498407974763972E-6    6.166711939897777E-23    -34.853302134144336
-6.497902837718054E-7     -5.560824984360571E-7    -33.156055597273046
-5.872174225910324E-7     -4.448659987488457E-7    -34.92219568971508
-5.246445614102592E-7     -3.336494990616342E-7    -36.774656941116135
-4.620717002294862E-7     -2.224329993744228E-7    -38.62711819251663
-3.9949883904871326E-7    -1.1121649968721147E-7   -40.47957944391753
-7.219878137381838E-7     -4.448659987488457E-7    -34.35453396500375
-6.594149525574108E-7     -3.336494990616342E-7    -36.14570695711589
-5.968420913766376E-7     -2.224329993744228E-7    -38.064653996461125
-5.342692301958645E-7     -1.1121649968721139E-7   -39.98360103580415
-4.716963690150915E-7     -3.086877966773966E-23   -41.90254807515071
-7.941853437045619E-7     -3.336494990616342E-7    -35.581514844041216
-7.316124825237891E-7     -2.2243299937442285E-7   -37.46196228687513
-6.690396213430159E-7     -1.1121649968721136E-7   -39.38090932621918
-6.064667601622428E-7     4.630316950160949E-23    -41.29985636556385
-8.663828736709403E-7     -2.224329993744228E-7    -36.808495723077144
-8.038100124901674E-7     -1.1121649968721143E-7   -38.778217616632475
-7.412371513093941E-7     4.630316950160949E-23    -40.69716465597675
-9.385804036373188E-7     -1.1121649968721147E-7   -38.03547660211551
-8.760075424565456E-7     6.173755933547932E-23    -40.09447294639005
3.8031762440844383E-6     -4.999999999999998E-6    -2.995925322202854
3.924164894359163E-6      -4.9999999999999996E-6   -2.550331602427914
4.045153544633886E-6      -4.999999999999998E-6    -2.0996303629800837
4.166142194908611E-6      -4.999999999999997E-6    -1.6489291235327255
4.287130845183336E-6      -4.999999999999998E-6    -1.1982278840850522
3.852901543918055E-6      -4.8989709355326365E-6   -2.816099918684186
3.97389019419278E-6       -4.8989709355326365E-6   -2.3703801597858636
4.094878844467503E-6      -4.898970935532636E-6    -1.9196789203384979
4.215867494742228E-6      -4.898970935532635E-6    -1.4689776808908248
4.336856145016953E-6      -4.898970935532637E-6    -1.0191006155682967
3.902626843751671E-6      -4.7979418710652726E-6   -2.639390723721264
4.0236154940263965E-6     -4.797941871065274E-6    -2.1904287171438765
4.14460414430112E-6       -4.797941871065273E-6    -1.7397274776966722
4.265592794575844E-6      -4.7979418710652726E-6   -1.2890727413117316
3.952352143585288E-6      -4.69691280659791E-6     -2.462681528758381
4.073340793860013E-6      -4.696912806597912E-6    -2.01047727450237
4.194329444134737E-6      -4.69691280659791E-6     -1.559044867055324
4.002077443418906E-6      -4.59588374213055E-6     -2.2859723337954194
4.12306609369363E-6       -4.595883742130551E-6    -1.8290169927986013
4.051802743252523E-6      -4.494854677663188E-6    -2.105264566187945
-4.9999999999999996E-6    -1.4285714285714244E-6   10.054786535360648
-4.875553852285854E-6     -1.3588843005717236E-6   9.045687608788366
-4.751107704571706E-6     -1.2891971725720227E-6   7.953515307496011
-4.62666155685756E-6      -1.2195100445723217E-6   6.861343006204524
-4.5022154091434155E-6    -1.1498229165726213E-6   5.769170704911698
-4.377769261429269E-6     -1.0801357885729202E-6   4.558293648381854
-5.0E-6                   -1.2857142857142814E-6   10.662121423018181
-4.875553852285853E-6     -1.2160271577145805E-6   9.546227211537195
-4.751107704571707E-6     -1.1463400297148797E-6   8.430333000056192
-4.62666155685756E-6      -1.0766529017151786E-6   7.314438788574881
-4.502215409143415E-6     -1.0069657737154782E-6   6.105065975080594
-4.9999999999999996E-6    -1.1428571428571381E-6   11.133851208223144
-4.875553852285854E-6     -1.0731700148574377E-6   10.017956996741203
-4.7511077045717076E-6    -1.0034828868577367E-6   8.902062785260554
-4.626661556857561E-6     -9.337957588580358E-7    7.743985560442702
-4.9999999999999996E-6    -9.999999999999953E-7    11.605580993427633
-4.8755538522858536E-6    -9.303128720002947E-7    10.489686781946796
-4.751107704571706E-6     -8.606257440005936E-7    9.382905145806387
-5.0E-6                   -8.571428571428526E-7    12.07731077863118
-4.8755538522858536E-6    -7.874557291431516E-7    11.021824731168653
3.429681054815807E-6      -4.478461909015393E-6    -4.440431626248656
3.371741670985197E-6      -4.582769527212315E-6    -4.624271249572099
3.3138022871545868E-6     -4.687077145409234E-6    -4.805784249270275
3.255862903323977E-6      -4.791384763606155E-6    -4.987297248968922
3.1979235194933677E-6     -4.895692381803077E-6    -5.168810248667019
3.1399841356627573E-6     -4.999999999999998E-6    -5.358142819066248
3.5043800926695334E-6     -4.582769527212315E-6    -4.143421103485889
3.4464407088389235E-6     -4.687077145409235E-6    -4.328320017437702
3.3885013250083127E-6     -4.791384763606156E-6    -4.517784853953071
3.3305619411777027E-6     -4.895692381803077E-6    -4.707249690468226
3.2726225573470936E-6     -4.9999999999999996E-6   -4.896714526984045
3.5790791305232593E-6     -4.687077145409234E-6    -3.8559087182063694
3.52113974669265E-6       -4.7913847636061566E-6   -4.044145657035751
3.4632003628620394E-6     -4.895692381803077E-6    -4.233610493551145
3.4052609790314286E-6     -4.999999999999998E-6    -4.423075330066436
3.653778168376985E-6      -4.791384763606155E-6    -3.568396332926456
3.595838784546376E-6      -4.895692381803077E-6    -3.759971296633851
3.5378994007157653E-6     -4.999999999999997E-6    -3.9494361331490624
3.728477206230712E-6      -4.895692381803077E-6    -3.280883947646622
3.670537822400102E-6      -4.999999999999999E-6    -3.475796936231374
-4.43450158623492E-6      -1.8548193415377365E-6   4.165200070322943
-4.5476012689879354E-6    -1.7695697589444745E-6   5.282147002213711
-4.660700951740951E-6     -1.6843201763512115E-6   6.458356247693697
-4.773800634493966E-6     -1.599070593757949E-6    7.634565493174232
-4.886900317246984E-6     -1.5138210111646872E-6   8.810774738654928
-4.5476012689879354E-6    -1.9124269018016173E-6   4.9986736017077105
-4.660700951740952E-6     -1.827177319208355E-6    6.11389004753613
-4.773800634493968E-6     -1.7419277366150925E-6   7.255494370228518
-4.886900317246983E-6     -1.6566781540218296E-6   8.397098692920277
-5.0E-6                   -1.5714285714285676E-6   9.53870301561298
-4.660700951740951E-6     -1.9700344620654977E-6   5.776658038402047
-4.773800634493969E-6     -1.884784879472236E-6    6.905557599918318
-4.886900317246984E-6     -1.799535296878973E-6    8.047161922610233
-4.9999999999999996E-6    -1.71428571428571E-6     9.188766245302464
-4.773800634493966E-6     -2.027642022329378E-6    6.55464247509536
-4.886900317246984E-6     -1.942392439736116E-6    7.6972251522995245
-4.9999999999999996E-6    -1.8571428571428529E-6   8.838829474991948
-4.886900317246984E-6     -2.085249582593259E-6    7.3326269117888305
-4.9999999999999996E-6    -1.999999999999997E-6    8.488892704681433
-4.9999999999999996E-6    -2.1428571428571393E-6   8.0561187294977
2.7725951176911496E-6     -4.461169172093201E-6    -6.727772998648514
2.706604294790217E-6      -4.56893533767456E-6     -6.890885184644624
2.640613471889283E-6      -4.676701503255919E-6    -7.055278688199142
2.5746226489883497E-6     -4.784467668837277E-6    -7.21967219175362
2.5086318260874177E-6     -4.8922338344186385E-6   -7.384065695308038
2.4426410031864844E-6     -4.999999999999998E-6    -7.560046774226504
2.8460729212854714E-6     -4.56893533767456E-6     -6.441072779152028
2.7800820983845385E-6     -4.67670150325592E-6     -6.6069521374968945
2.7140912754836048E-6     -4.784467668837279E-6    -6.784694914173353
2.6481004525826715E-6     -4.8922338344186385E-6   -6.962437690849475
2.5821096296817395E-6     -4.9999999999999996E-6   -7.140180467525642
2.919550724879792E-6      -4.676701503255919E-6    -6.168813926026276
2.85355990197886E-6       -4.784467668837281E-6    -6.343095287408782
2.787569079077926E-6      -4.8922338344186385E-6   -6.520838064085077
2.7215782561769933E-6     -4.999999999999998E-6    -6.6985808407613785
2.9930285284741137E-6     -4.784467668837277E-6    -5.896555072900247
2.9270377055731812E-6     -4.8922338344186385E-6   -6.079238437320499
2.861046882672248E-6      -4.999999999999997E-6    -6.256981213996564
3.066506332068436E-6      -4.8922338344186385E-6   -5.624296219774494
3.000515509167503E-6      -4.999999999999999E-6    -5.815381587232222
-4.406471282991321E-6     -2.518721007112132E-6    3.361328103757863
-4.525177026393057E-6     -2.443548234261134E-6    4.254405797042881
-4.643882769794792E-6     -2.3683754614101345E-6   5.1944793795471575
-4.762588513196527E-6     -2.293202688559136E-6    6.134552962052142
-4.881294256598264E-6     -2.218029915708138E-6    7.074626544556736
-4.525177026393057E-6     -2.586405377118277E-6    4.063366725375651
-4.643882769794792E-6     -2.511232604267278E-6    4.958288670213778
-4.762588513196528E-6     -2.4360598314162794E-6   5.871605955971623
-4.881294256598263E-6     -2.360887058565281E-6    6.784923241729154
-5.0E-6                   -2.2857142857142826E-6   7.698240527486527
-4.643882769794792E-6     -2.6540897471244206E-6   4.71990097716592
-4.7625885131965295E-6    -2.578916974273423E-6    5.622712991930598
-4.881294256598264E-6     -2.5037442014224242E-6   6.536030277688444
-4.9999999999999996E-6    -2.4285714285714254E-6   7.4493475634466035
-4.762588513196527E-6     -2.721774117130565E-6    5.376435228955716
-4.881294256598264E-6     -2.6466013442795675E-6   6.287137313647237
-4.9999999999999996E-6    -2.5714285714285687E-6   7.200454599405107
-4.881294256598264E-6     -2.7894584871367103E-6   6.0329694807446455
-4.9999999999999996E-6    -2.714285714285712E-6    6.951561635363765
-4.9999999999999996E-6    -2.8571428571428547E-6   6.64970786967761
2.0797506355591817E-6     -4.4537764035597E-6      -8.763885127204091
2.0127492231882715E-6     -4.563021122847761E-6    -8.863779106582058
1.9457478108173617E-6     -4.67226584213582E-6     -8.971073178407941
1.8787463984464517E-6     -4.7815105614238785E-6   -9.078367250233981
1.8117449860755425E-6     -4.890755280711939E-6    -9.185661322059847
1.7447435737046323E-6     -4.999999999999998E-6    -9.30822328245302
2.1523287090846427E-6     -4.563021122847761E-6    -8.506757578124079
2.085327296713733E-6      -4.67226584213582E-6     -8.611305708034187
2.0183258843428223E-6     -4.7815105614238785E-6   -8.73619310271641
1.9513244719719125E-6     -4.890755280711937E-6    -8.86108049739849
1.884323059601003E-6      -4.9999999999999996E-6   -8.985967892080932
2.2249067826101025E-6     -4.67226584213582E-6     -8.267363212141746
2.1579053702391935E-6     -4.78151056142388E-6     -8.385506610934971
2.090903957868283E-6      -4.890755280711939E-6    -8.510394005617117
2.023902545497373E-6      -4.999999999999998E-6    -8.63528140029926
2.297484856135563E-6      -4.7815105614238785E-6   -8.027968846159371
2.2304834437646533E-6     -4.890755280711938E-6    -8.159707513835603
2.163482031393743E-6      -4.999999999999997E-6    -8.28459490851751
2.370062929661024E-6      -4.890755280711939E-6    -7.7885744801769405
2.303061517290114E-6      -4.999999999999999E-6    -7.93390841673631
-4.447987015696796E-6     -3.1969893549761057E-6   3.1556475682841216
-4.558389612557437E-6     -3.1290200554094558E-6   3.8333902775624944
-4.668792209418077E-6     -3.061050755842805E-6    4.530849575385307
-4.779194806278718E-6     -2.9930814562761546E-6   5.228308873208791
-4.8895974031393595E-6    -2.9251121567095055E-6   5.925768171032075
-4.558389612557437E-6     -3.271877198266599E-6    3.6902104719053623
-4.668792209418078E-6     -3.2039078986999482E-6   4.366398568492887
-4.779194806278718E-6     -3.1359385991332974E-6   5.0444724667002605
-4.889597403139358E-6     -3.0679692995666475E-6   5.7225463649075685
-5.0E-6                   -2.999999999999998E-6    6.40062026311413
-4.668792209418077E-6     -3.346765041557091E-6    4.197547614492317
-4.7791948062787195E-6    -3.278795741990442E-6    4.874976585851503
-4.8895974031393595E-6    -3.2108264424237907E-6   5.553050484058805
-4.9999999999999996E-6    -3.14285714285714E-6     6.2311243822661195
-4.779194806278718E-6     -3.421652884847584E-6    4.704884757079154
-4.8895974031393595E-6    -3.3536835852809344E-6   5.383554603209661
-4.9999999999999996E-6    -3.285714285714283E-6    6.061628501416929
-4.8895974031393595E-6    -3.496540728138077E-6    5.212221899666444
-4.9999999999999996E-6    -3.428571428571427E-6    5.892132620568054
-4.9999999999999996E-6    -3.5714285714285697E-6   5.692101701213975
-4.9999999999999996E-6    -4.285714285714285E-6    5.1412906588399805
-4.877603184522183E-6     -4.2202746093772056E-6   4.6344922419681644
-4.755206369044365E-6     -4.154834933040126E-6    4.112607146021184
-4.632809553566548E-6     -4.089395256703047E-6    3.590722050074283
-4.510412738088733E-6     -4.023955580365969E-6    3.0688369541266725
-4.388015922610915E-6     -3.958515904028889E-6    2.5244618488485773
-5.0E-6                   -4.142857142857142E-6    5.248661989319179
-4.8776031845221825E-6    -4.077417466520063E-6    4.7264042942293365
-4.755206369044366E-6     -4.011977790182984E-6    4.204146599139061
-4.632809553566548E-6     -3.946538113845904E-6    3.681888904048905
-4.510412738088732E-6     -3.8810984375088255E-6   3.136697212116693
-4.9999999999999996E-6    -3.999999999999998E-6    5.345793246773216
-4.877603184522184E-6     -3.934560323662921E-6    4.8235355516832445
-4.755206369044367E-6     -3.86912064732584E-6     4.301277856592821
-4.632809553566549E-6     -3.803680970988761E-6    3.771731454577942
-4.9999999999999996E-6    -3.857142857142855E-6    5.442924504227725
-4.8776031845221825E-6    -3.791703180805777E-6    4.920666809137173
-4.755206369044365E-6     -3.726263504468697E-6    4.406765697038994
-5.0E-6                   -3.7142857142857133E-6   5.540055761681604
-4.877603184522183E-6     -3.648846037948634E-6    5.0417999395005975
-4.551145901551883E-6     -4.560323142480954E-6    3.111532740850597
-4.640916721241507E-6     -4.505401371127621E-6    3.5150507542319946
-4.730687540931129E-6     -4.450479599774286E-6    3.9203307212553637
-4.820458360620753E-6     -4.395557828420952E-6    4.325610688279362
-4.910229180310377E-6     -4.340636057067619E-6    4.730890655303321
-4.640916721241507E-6     -4.648258513984763E-6    3.4795109171618837
-4.73068754093113E-6      -4.59333674263143E-6     3.8802537013957035
-4.820458360620753E-6     -4.538414971278096E-6    4.277825335742091
-4.910229180310376E-6     -4.48349319992476E-6     4.675396970087691
-5.0E-6                   -4.4285714285714274E-6   5.072968604433843
-4.730687540931129E-6     -4.736193885488572E-6    3.844019423557337
-4.8204583606207544E-6    -4.681272114135239E-6    4.239676639486282
-4.910229180310377E-6     -4.6263503427819045E-6   4.637248273832118
-4.9999999999999996E-6    -4.571428571428569E-6    5.034819908177798
-4.820458360620753E-6     -4.824129256992381E-6    4.208527929952948
-4.910229180310377E-6     -4.7692074856390465E-6   4.599099577576174
-4.9999999999999996E-6    -4.714285714285711E-6    4.996671211922382
-4.910229180310377E-6     -4.91206462849619E-6     4.573036436348007
-4.9999999999999996E-6    -4.857142857142856E-6    4.958522515665864
-4.9999999999999996E-6    -4.999999999999999E-6    4.93754494274346
1.3794542493920884E-6     -4.4494059823748765E-6   -10.27391255672284
1.312932628358227E-6      -4.559524785899901E-6    -10.297745743038062
1.2464110073243652E-6     -4.669643589424925E-6    -10.334733273425005
1.1798893862905032E-6     -4.7797623929499495E-6   -10.371720803811964
1.1133677652566422E-6     -4.889881196474974E-6    -10.408708334198897
1.0468461442227802E-6     -4.999999999999998E-6    -10.463745644041097
1.4525121142545973E-6     -4.559524785899901E-6    -10.062434350437817
1.3859904932207356E-6     -4.6696435894249266E-6   -10.092631165890229
1.319468872186874E-6      -4.77976239294995E-6     -10.150084637964746
1.2529472511530124E-6     -4.889881196474974E-6    -10.20753811003929
1.1864256301191508E-6     -4.9999999999999996E-6   -10.264991582113625
1.5255699791171058E-6     -4.669643589424925E-6    -9.870327695765557
1.4590483580832445E-6     -4.779762392949951E-6    -9.918526507333263
1.3925267370493828E-6     -4.889881196474974E-6    -9.975979979407779
1.3260051160155208E-6     -4.999999999999998E-6    -10.033433451482257
1.5986278439796145E-6     -4.7797623929499495E-6   -9.678221041093142
1.5321062229457532E-6     -4.889881196474974E-6    -9.744421848776136
1.4655846019118913E-6     -4.999999999999997E-6    -9.801875320850614
1.6716857088421238E-6     -4.889881196474974E-6    -9.486114386420862
1.6051640878082619E-6     -4.999999999999999E-6    -9.570317190219209
-4.408119495458056E-6     -4.999999999999998E-6    2.4517457789923447
-4.436724776676822E-6     -4.912064628496189E-6    2.581266817127221
-4.465330057895587E-6     -4.82412925699238E-6     2.7129414808533125
-4.493935339114352E-6     -4.736193885488571E-6    2.8446161445797586
-4.5225406203331184E-6    -4.648258513984764E-6    2.9762908083056536
-4.526495596366445E-6     -4.999999999999999E-6    2.9528649116039762
-4.55510087758521E-6      -4.9120646284961885E-6   3.083733625521457
-4.583706158803975E-6     -4.82412925699238E-6     3.2146023394385446
-4.61231144002274E-6      -4.736193885488572E-6    3.345471053355947
-4.644871697274834E-6     -4.999999999999998E-6    3.4533277002225726
-4.6734769784936E-6       -4.91206462849619E-6     3.5841964141395026
-4.702082259712364E-6     -4.824129256992381E-6    3.7150651280567475
-4.763247798183221E-6     -4.999999999999997E-6    3.953790488840539
-4.791853079401989E-6     -4.91206462849619E-6     4.084659202757862
-4.881623899091611E-6     -4.999999999999999E-6    4.454253277459135
6.798401872115495E-7      -4.447100457790632E-6    -11.10936458642072
6.136618927174254E-7      -4.557680366232505E-6    -11.055447581960932
5.474835982233011E-7      -4.668260274674378E-6    -11.01901304572251
4.813053037291771E-7      -4.778840183116251E-6    -10.98257850948404
4.151270092350531E-7      -4.889420091558125E-6    -10.946143973245686
3.48948714740929E-7       -4.999999999999998E-6    -10.929191605901687
7.532413786137958E-7      -4.557680366232505E-6    -10.961549764536898
6.870630841196717E-7      -4.668260274674378E-6    -10.91501003915231
6.208847896255474E-7      -4.7788401831162515E-6   -10.900440951197087
5.547064951314233E-7      -4.889420091558125E-6    -10.885871863241944
4.885282006372994E-7      -4.9999999999999996E-6   -10.871302775286722
8.266425700160416E-7      -4.668260274674378E-6    -10.83299822582494
7.604642755219178E-7      -4.778840183116253E-6    -10.807576558113345
6.942859810277935E-7      -4.889420091558125E-6    -10.79300747015813
6.281076865336693E-7      -4.999999999999998E-6    -10.778438382202937
9.000437614182878E-7      -4.778840183116251E-6    -10.704446687112895
8.338654669241638E-7      -4.889420091558125E-6    -10.700143077074316
7.676871724300396E-7      -4.999999999999997E-6    -10.685573989119103
9.734449528205342E-7      -4.889420091558125E-6    -10.575895148400889
9.072666583264101E-7      -4.999999999999999E-6    -10.592709596035307
-4.066052942294458E-6     -4.511738783728125E-6    0.978975438673845
-4.1344662529271775E-6    -4.609391026982501E-6    1.2781500548248093
-4.202879563559897E-6     -4.707043270236874E-6    1.5714669428673373
-4.271292874192616E-6     -4.804695513491249E-6    1.864783830910023
-4.339706184825337E-6     -4.902347756745624E-6    2.158100718953063
-4.013477602652453E-6     -4.609391026982501E-6    0.7462497152283439
-4.0818909132851725E-6    -4.707043270236875E-6    1.0442584082832536
-4.150304223917892E-6     -4.804695513491249E-6    1.3395243146445843
-4.21871753455061E-6      -4.902347756745624E-6    1.6347902210057579
-4.287130845183333E-6     -4.9999999999999996E-6   1.9300561273667738
-3.9609022630104455E-6    -4.707043270236874E-6    0.5175682800928184
-4.0293155736431675E-6    -4.80469551349125E-6     0.8135274118360311
-4.097728884275886E-6     -4.902347756745624E-6    1.1087933181971257
-4.166142194908606E-6     -4.999999999999998E-6    1.4040592245583778
-3.9083269233684406E-6    -4.804695513491249E-6    0.28888684495713535
-3.976740234001162E-6     -4.902347756745624E-6    0.5827964153881614
-4.04515354463388E-6      -4.999999999999997E-6    0.8780623217490372
-3.855751583726437E-6     -4.902347756745624E-6    0.060205409821294825
-3.924164894359157E-6     -4.999999999999999E-6    0.35206541894016885
-3.8031762440844315E-6    -4.999999999999998E-6    -0.1700301016741891
-1.7674413016598328E-8    -4.444745143701783E-6    -11.197870383094745
-8.392927336146331E-8     -4.555796114961426E-6    -11.068908333913015
-1.5018413370632822E-7    -4.666847086221068E-6    -10.96050460703901
-2.1643899405119314E-7    -4.77789805748071E-6     -10.852100880164876
-2.8269385439605816E-7    -4.888949028740355E-6    -10.743697153290828
-3.4894871474092307E-7    -4.999999999999998E-6    -10.65448029490028
5.565021253490716E-8      -4.555796114961426E-6    -11.12664531519513
-1.0604647809957804E-8    -4.666847086221069E-6    -11.005627760739554
-7.685950815482278E-8     -4.777898057480711E-6    -10.91891928769689
-1.431143684996877E-7     -4.888949028740354E-6    -10.83221081465422
-2.0936922884455266E-7    -4.9999999999999996E-6   -10.745502341611715
1.289748380864126E-7      -4.666847086221068E-6    -11.072909942563196
6.271997774154768E-8      -4.777898057480713E-6    -10.974582688216602
-3.534882603317296E-9     -4.888949028740355E-6    -10.88787421517397
-6.978974294818223E-8     -4.999999999999998E-6    -10.801165742131252
2.0229946363791805E-7     -4.77789805748071E-6     -11.019174569931206
1.3604460329305314E-7     -4.8889490287403545E-6   -10.943537615693723
6.978974294818816E-8      -4.999999999999997E-6    -10.856829142651035
2.7562408918942355E-7     -4.888949028740355E-6    -10.965439197299288
2.0936922884455864E-7     -4.999999999999999E-6    -10.912492543170877
-3.4515323694640596E-6    -4.471167213580759E-6    -1.7336773279780122
-3.5218611443881344E-6    -4.576933770864608E-6    -1.4134351375820478
-3.592189919312208E-6     -4.682700328148455E-6    -1.1020962058309367
-3.6625186942362823E-6    -4.788466885432302E-6    -0.790757274079668
-3.732847469160357E-6     -4.894233442716151E-6    -0.47941834232808456
-3.389222722703799E-6     -4.576933770864608E-6    -1.9851437611730893
-3.4595514976278733E-6    -4.682700328148455E-6    -1.6653858254916947
-3.5298802725519477E-6    -4.788466885432302E-6    -1.3558460177469527
-3.600209047476022E-6     -4.894233442716149E-6    -1.0463062100020535
-3.6705378224000973E-6    -4.9999999999999996E-6   -0.7367664022579413
-3.3269130759435375E-6    -4.682700328148455E-6    -2.2319820147092675
-3.3972418508676136E-6    -4.788466885432304E-6    -1.9194741656111032
-3.467570625791687E-6     -4.894233442716151E-6    -1.6099343578662038
-3.5378994007157615E-6    -4.999999999999998E-6    -1.3003945501213832
-3.264603429183277E-6     -4.788466885432302E-6    -2.4788202682457605
-3.3349322041073525E-6    -4.89423344271615E-6     -2.1735625057310126
-3.4052609790314264E-6    -4.999999999999997E-6    -1.864022697985927
-3.202293782423017E-6     -4.894233442716151E-6    -2.725658521782057
-3.272622557347092E-6     -4.999999999999999E-6    -2.4276508458503923
-3.1399841356627564E-6    -4.999999999999998E-6    -2.9783731963057747
-7.040369686854282E-7     -4.441543662514317E-6    -10.538012691520269
-7.725988037928976E-7     -4.553234930011453E-6    -10.338896279243304
-8.411606389003668E-7     -4.664926197508588E-6    -10.16069298025577
-9.097224740078363E-7     -4.7766174650057245E-6   -9.982489681268023
-9.78284309115306E-7      -4.888308732502862E-6    -9.804286382280441
-1.0468461442227751E-6    -4.999999999999998E-6    -9.643854556159665
-6.330193178965272E-7     -4.553234930011453E-6    -10.544627018124554
-7.015811530039966E-7     -4.664926197508589E-6    -10.353418996474247
-7.70142988111466E-7      -4.776617465005725E-6    -10.19567819048932
-8.387048232189352E-7     -4.888308732502862E-6    -10.037937384504358
-9.072666583264049E-7     -4.9999999999999996E-6   -9.880196578519564
-5.62001667107626E-7      -4.664926197508588E-6    -10.567670506544513
-6.305635022150957E-7     -4.776617465005726E-6    -10.398842553826215
-6.991253373225649E-7     -4.888308732502862E-6    -10.24110174784137
-7.676871724300341E-7     -4.999999999999998E-6    -10.08336094185646
-4.90984016318725E-7      -4.7766174650057245E-6   -10.59071399496452
-5.595458514261945E-7     -4.888308732502862E-6    -10.444266111178383
-6.281076865336638E-7     -4.999999999999997E-6    -10.286525305193535
-4.1996636552982415E-7    -4.888308732502862E-6    -10.613757483384557
-4.885282006372935E-7     -4.999999999999999E-6    -10.489689668530414
-2.804625468621977E-6     -4.4351276463304545E-6   -4.465427337784408
-2.871697202030133E-6     -4.548102117064365E-6    -4.1522889876301425
-2.938768935438288E-6     -4.661076587798272E-6    -3.8571968151232383
-3.0058406688464445E-6    -4.77405105853218E-6     -3.562104642615704
-3.072912402254601E-6     -4.88702552926609E-6     -3.267012470108445
-2.7322285755348783E-6    -4.548102117064365E-6    -4.705845510693833
-2.7993003089430343E-6    -4.661076587798273E-6    -4.3972295659091305
-2.8663720423511894E-6    -4.774051058532182E-6    -4.109112046333443
-2.933443775759345E-6     -4.887025529266088E-6    -3.8209945267582284
-3.0005155091675018E-6    -4.9999999999999996E-6   -3.5328770071831714
-2.6598316824477783E-6    -4.661076587798272E-6    -4.9469488179199175
-2.7269034158559347E-6    -4.774051058532182E-6    -4.651863015236249
-2.7939751492640903E-6    -4.88702552926609E-6     -4.363745495660956
-2.8610468826722454E-6    -4.999999999999998E-6    -4.075627976085976
-2.5874347893606792E-6    -4.77405105853218E-6     -5.188052125145607
-2.654506522768835E-6     -4.88702552926609E-6     -4.906496464563881
-2.7215782561769903E-6    -4.999999999999997E-6    -4.618378944988624
-2.5150378962735805E-6    -4.88702552926609E-6     -5.429155432371218
-2.582109629681736E-6     -4.999999999999999E-6    -5.1611299138919025
-2.4426410031864805E-6    -4.999999999999998E-6    -5.680253450762424
-2.105816215326479E-6     -4.43634396325996E-6     -7.057452166322374
-2.1731811728984797E-6    -4.549075170607969E-6    -6.763533156940136
-2.2405461304704796E-6    -4.661806377955975E-6    -6.489759801391781
-2.30791108804248E-6      -4.7745375853039815E-6   -6.215986445843269
-2.3752760456144807E-6    -4.887268792651991E-6    -5.942213090294992
-2.0336016870021093E-6    -4.549075170607969E-6    -7.2280420516914266
-2.10096664457411E-6      -4.6618063779559755E-6   -6.9395768231970845
-2.1683316021461095E-6    -4.774537585303982E-6    -6.678569308268636
-2.23569655971811E-6      -4.887268792651989E-6    -6.4175617933403455
-2.3030615172901106E-6    -4.9999999999999996E-6   -6.156554278411819
-1.961387158677738E-6     -4.661806377955975E-6    -7.40533673146264
-2.0287521162497395E-6    -4.774537585303984E-6    -7.134880713586838
-2.0961170738217394E-6    -4.887268792651991E-6    -6.873873198658628
-2.1634820313937393E-6    -4.999999999999998E-6    -6.612865683730258
-1.8891726303533678E-6    -4.7745375853039815E-6   -7.582631411234327
-1.9565375879253686E-6    -4.887268792651991E-6    -7.330184603977123
-2.0239025454973685E-6    -4.999999999999997E-6    -7.069177089048855
-1.8169581020289986E-6    -4.887268792651991E-6    -7.759926091005777
-1.8843230596009985E-6    -4.999999999999999E-6    -7.525488494367374
-1.7447435737046278E-6    -4.999999999999998E-6    -7.95106445437992
-1.4032199284143211E-6    -4.4393748176747785E-6   -9.131678511896638
-1.4715246574723826E-6    -4.551499854139824E-6    -8.875689380018752
-1.5398293865304435E-6    -4.663624890604866E-6    -8.640691217946124
-1.6081341155885048E-6    -4.775749927069909E-6    -8.405693055873217
-1.6764388446465665E-6    -4.887874963534955E-6    -8.170694893800567
-1.3319451715760118E-6    -4.551499854139824E-6    -9.221425364240705
-1.4002499006340733E-6    -4.663624890604867E-6    -8.971888083470311
-1.4685546296921344E-6    -4.77574992706991E-6     -8.754219041529387
-1.5368593587501957E-6    -4.887874963534953E-6    -8.536549999588605
-1.6051640878082574E-6    -4.9999999999999996E-6   -8.318880957647464
-1.2606704147377025E-6    -4.663624890604866E-6    -9.322885454842531
-1.3289751437957644E-6    -4.775749927069912E-6    -9.094348177590687
-1.3972798728538253E-6    -4.887874963534955E-6    -8.876679135649837
-1.4655846019118868E-6    -4.999999999999998E-6    -8.659010093708915
-1.1893956578993934E-6    -4.775749927069909E-6    -9.424345545444552
-1.2577003869574549E-6    -4.887874963534955E-6    -9.216808271711447
-1.326005116015516E-6     -4.999999999999997E-6    -8.999139229770446
-1.1181209010610845E-6    -4.887874963534955E-6    -9.525805636046277
-1.186425630119146E-6     -4.999999999999999E-6    -9.339268365832133
4.424475725730254E-6      -4.7576746726421065E-7   1.31729164788212
4.382651163128998E-6      -3.828039414997814E-7    0.9127257460591828
4.340826600527743E-6      -2.898404157353521E-7    0.4437825646494942
4.2990020379264875E-6     -1.9687688997092284E-7   -0.02516061676019432
4.3113341552667815E-6     -4.867173057062749E-7    -0.10413711208901134
4.269509592665525E-6      -3.9375377994184567E-7   -0.5696161227387596
4.22768503006427E-6       -3.007902541774164E-7    -1.0385593041478183
4.198192584803308E-6      -4.976671441483393E-7    -1.5255658720610876
4.156368022202053E-6      -4.0470361838390997E-7   -2.051957991537211
4.085051014339836E-6      -5.086169825904036E-7    -2.946994632032691
4.507630347735945E-6      -5.899012248162278E-7    2.20157893560422
4.4776433992781645E-6     -7.149848208103092E-7    1.6952933061232007
4.447656450820384E-6      -8.400684168043907E-7    1.1890076766409217
4.417669502362603E-6      -9.651520127984722E-7    0.6827220471588002
4.6001068884972005E-6     -6.397948419089405E-7    3.1731154596180424
4.570119940039419E-6      -7.648784379030219E-7    2.616517809488359
4.540132991581638E-6      -8.899620338971034E-7    2.0599201593576093
4.692583429258454E-6      -6.896884590016532E-7    4.100529458636192
4.662596480800674E-6      -8.147720549957346E-7    3.543931808506241
4.785059970019709E-6      -7.395820760943659E-7    5.027943457655067
4.394488777272473E-6      -6.008510632582921E-7    0.796940759463644
4.281347206809E-6         -6.118009017003564E-7    -0.5635748916822901
4.1682056363455275E-6     -6.227507401424207E-7    -1.9240905428275157
4.055064065882055E-6      -6.337005785844851E-7    -3.3267973588886797
4.364501828814691E-6      -7.259346592523736E-7    0.34096715062971505
4.25136025835122E-6       -7.368844976944379E-7    -1.0195485005155498
4.138218687887747E-6      -7.478343361365022E-7    -2.395125363443185
4.334514880356911E-6      -8.51018255246455E-7     -0.11500645820297746
4.221373309893439E-6      -8.619680936885194E-7    -1.4634533679961947
4.30452793189913E-6       -9.761018512405365E-7    -0.531781372550464
4.760160137691884E-6      -1.4491992582973917E-6   3.1797791327034957
4.637696648472849E-6      -1.3815320943416173E-6   2.211202952026326
4.515233159253813E-6      -1.3138649303858429E-6   1.2426267713491561
4.3927696700347775E-6     -1.2461977664300687E-6   0.17265329924107656
4.642783764602804E-6      -1.537494251979132E-6    2.088000690493352
4.520320275383769E-6      -1.469827088023358E-6    1.1194245098164186
4.397856786164733E-6      -1.4021599240675837E-6   0.1091197681138262
4.525407391513724E-6      -1.625789245660873E-6    0.9962222482838533
4.402943902294689E-6      -1.5581220817050987E-6   0.04558623698633966
4.408031018424644E-6      -1.714084239342614E-6    -0.017947294140595784
3.6498020631681684E-6     -2.0763521370362272E-7   -9.164394478912937
3.5814984450980408E-6     -3.113570632007519E-7    -9.760221468039854
3.5131948270279123E-6     -4.1507891269788104E-7   -10.356048457166164
3.444891208957785E-6      -5.188007621950102E-7    -10.85327313228338
3.7132530038276854E-6     -3.1154857791011634E-7   -8.072026111219017
3.644949385757558E-6      -4.1527042740724545E-7   -8.667853100344914
3.5766457676874294E-6     -5.189922769043746E-7    -9.232331442400564
3.776703944487202E-6      -4.154619421166099E-7    -6.979657743523692
3.7084003264170744E-6     -5.19183791613739E-7     -7.6113897525185354
3.8401548851467195E-6     -5.193753063231035E-7    -5.990448062635091
3.611758479369805E-6      -1.0378404860006147E-6   -7.562306813145406
3.683788672271117E-6      -9.341857530069854E-7    -6.99230469030798
3.7558188651724286E-6     -8.30531020013356E-7     -6.352692167591338
3.82784905807374E-6       -7.268762870197266E-7    -5.713079644874697
3.8998792509750514E-6     -6.232215540260973E-7    -5.073467122159
3.552034113541472E-6      -9.339942382976209E-7    -8.47110197453243
3.6240643064427836E-6     -8.303395053039915E-7    -7.900844273752076
3.696094499344095E-6      -7.266847723103621E-7    -7.298431765649381
3.768124692245407E-6      -6.230300393167329E-7    -6.696019257545563
3.4923097477131394E-6     -8.301479905946271E-7    -9.441559416332318
3.5643399406144508E-6     -7.264932576009977E-7    -8.8521197885919
3.636370133515762E-6      -6.228385246073683E-7    -8.249707280488732
3.432585381884806E-6      -7.263017428916334E-7    -10.41201685813252
3.5046155747861176E-6     -6.226470098980039E-7    -9.80339530343186
3.3728610160564733E-6     -6.224554951886395E-7    -11.382474299932248
3.983033872980744E-6      -7.373553115781144E-7    -4.045801061134358
3.9110036800794315E-6     -8.410100445717437E-7    -4.7226135984638224
3.83897348717812E-6       -9.446647775653731E-7    -5.399426135794289
3.7669432942768087E-6     -1.0483195105590026E-6   -5.998565642810406
4.066188494986435E-6      -8.514890691301315E-7    -3.0869991125545333
3.994158302085124E-6      -9.551438021237609E-7    -3.763811649884169
3.9221281091838116E-6     -1.0587985351173903E-6   -4.429116348424197
4.149343116992127E-6      -9.656228266821486E-7    -2.128197163973792
4.077312924090815E-6      -1.069277559675778E-6    -2.8596670540371987
4.232497738997819E-6      -1.079756584234166E-6    -1.290217759650989
3.651508077759277E-6      -1.1537145050926498E-6   -6.952965141039425
3.691257676148749E-6      -1.269588524184685E-6    -6.414852429184746
3.7310072745382207E-6     -1.38546254327672E-6     -5.876739717331798
3.7707568729276927E-6     -1.5013365623687554E-6   -5.338627005477984
3.8105064713171648E-6     -1.6172105814607905E-6   -4.826516865273178
3.8066928926662803E-6     -1.1641935296510377E-6   -5.417775824254669
3.846442491055752E-6      -1.2800675487430728E-6   -4.914659036013167
3.886192089445224E-6      -1.395941567835108E-6    -4.411542247771854
3.925941687834696E-6      -1.5118155869271433E-6   -3.905443396693731
3.961877707573284E-6      -1.1746725542094254E-6   -3.9144917213922445
4.001627305962756E-6      -1.2905465733014605E-6   -3.4113749331509675
4.041376904352228E-6      -1.4064205923934957E-6   -2.9081619715851614
4.117062522480287E-6      -1.1851515787678131E-6   -2.411207618530584
4.156812120869759E-6      -1.3010255978598485E-6   -1.9108805464755687
4.272247337387291E-6      -1.195630603326201E-6    -0.9135991213669201
4.2925958019071135E-6     -1.8194792338762612E-6   -0.9686864220468036
4.287508685777158E-6      -1.6635170762387463E-6   -0.9308691292316114
4.2824215696472014E-6     -1.507554918601231E-6    -0.9270043285092973
4.277334453517246E-6      -1.3515927609637159E-6   -0.9231395277872978
4.172073469259626E-6      -1.7689120707723935E-6   -1.927791215441014
4.16698635312967E-6       -1.6129499131348783E-6   -1.9213998641066827
4.161899236999715E-6      -1.4569877554973633E-6   -1.9175350633843689
4.051551136612139E-6      -1.718344907668526E-6    -2.886896008835145
4.0464640204821825E-6     -1.5623827500310107E-6   -2.9119305989819577
3.931028803964652E-6      -1.667777744564658E-6    -3.846000802229277
2.9910212016355805E-6     -2.0897348220864685E-7   -18.062225410155747
2.925821460005995E-6      -3.142251149201646E-7    -18.186435157875223
2.8606217183764096E-6     -4.194767476316823E-7    -18.310644905592767
2.795421976746824E-6      -5.247283803432E-7       -18.346111388728794
3.0552501283763237E-6     -3.12695331705776E-7     -16.657255753441728
2.990050386746739E-6      -4.179469644172937E-7    -16.781465501160486
2.9248506451171533E-6     -5.231985971288114E-7    -16.877992824481275
3.1194790551170675E-6     -4.1641718120290516E-7   -15.252286096726905
3.0542793134874822E-6     -5.216688139144229E-7    -15.409874260232812
3.1837079818578116E-6     -5.201390307000343E-7    -13.941755695984977
4.414678018233885E-6      -2.003146021780918E-6    -0.1196702894750122
4.4162379019131705E-6     -2.1362456465817077E-6   -0.1727931938688167
4.4177977855924565E-6     -2.2693452713824972E-6   -0.2259160982635659
4.419357669271742E-6      -2.4024448961832864E-6   -0.2790390026581577
4.532054391322966E-6      -2.0577081709563205E-6   0.6628493230401963
4.53361427500225E-6       -2.1908077957571097E-6   0.5748867177028966
4.535174158681536E-6      -2.3239074205578992E-6   0.4869241123655194
4.649430764412044E-6      -2.1122703201317225E-6   1.3933181146442413
4.6509906480913305E-6     -2.245369944932512E-6    1.3053555093071583
4.766807137501125E-6      -2.166832469307125E-6    2.1237869062488772
3.819342085202386E-6      -1.7369696268897537E-6   -4.618771233607893
3.828177699087607E-6      -1.8567286723187167E-6   -4.44046117563622
3.837013312972828E-6      -1.97648771774768E-6     -4.262151117664942
3.845848926858049E-6      -2.0962467631766426E-6   -4.0838410596932695
3.8546845407432705E-6     -2.216005808605606E-6    -3.9108536478752853
3.939864417849872E-6      -1.7875367899936213E-6   -3.6412221444118384
3.948700031735094E-6      -1.9072958354225843E-6   -3.496768818945916
3.957535645620315E-6      -2.0270548808515475E-6   -3.3523154934801185
3.966371259505536E-6      -2.1468139262805105E-6   -3.188307166846137
4.06038675049736E-6       -1.838103953097489E-6    -2.713543292499678
4.069222364382581E-6      -1.957862998526452E-6    -2.569089967033354
4.078057978267802E-6      -2.0776220439554153E-6   -2.4197801212805192
4.180909083144847E-6      -1.8886711162013565E-6   -1.7858644405871869
4.1897446970300685E-6     -2.0084301616303197E-6   -1.6512530757137214
4.301431415792334E-6      -1.9392382793052246E-6   -0.8827260301474742
3.967931143184822E-6      -2.2799135510813E-6      -3.1616028954225603
4.0811777456263724E-6     -2.343821293556994E-6    -2.442675214987865
4.194424348067924E-6      -2.407729036032688E-6    -1.7237475345534858
4.307670950509475E-6      -2.471636778508382E-6    -1.0048198541187126
4.079617861947087E-6      -2.2107216687562044E-6   -2.43320680444494
4.192864464388639E-6      -2.2746294112318984E-6   -1.6976614432098671
4.30611106683019E-6       -2.3385371537075924E-6   -0.9621160819746367
4.191304580709354E-6      -2.141529786431109E-6    -1.679378239758456
4.304551183150905E-6      -2.2054375289068033E-6   -0.9438328785231946
4.3029912994716195E-6     -2.0723379041060137E-6   -0.9255496750719712
4.772232570798169E-6      -2.867548507763524E-6    1.4162367666090603
4.656416081388375E-6      -2.803228840531768E-6    0.840933087955354
4.540599591978581E-6      -2.738909173300012E-6    0.2656294093016481
4.424783102568786E-6      -2.6745895060682565E-6   -0.35037237261356324
4.660281631006134E-6      -2.9422738256159484E-6   0.7922744433170043
4.54446514159634E-6       -2.8779541583841927E-6   0.2169707646632982
4.428648652186546E-6      -2.813634491152437E-6    -0.37303777682271355
4.548330691214099E-6      -3.016999143468373E-6    0.1683121200250152
4.432514201804305E-6      -2.952679476236617E-6    -0.3957031810314309
4.436379751422064E-6      -3.091724461320798E-6    -0.4183685852399121
2.3419381901226112E-6     -2.128726871730677E-7    -25.88698264079295
2.275988563938186E-6      -3.204937416346177E-7    -25.55774653037986
2.210038937753761E-6      -4.2811479609616764E-7   -25.228510419966902
2.1440893115693364E-6     -5.357358505577177E-7    -24.817613956684312
2.4064645631399756E-6     -3.181243198845854E-7    -24.25121143115762
2.340514936955551E-6      -4.257453743461354E-7    -23.92197532074508
2.274565310771126E-6      -5.333664288076853E-7    -23.565900187623825
2.4709909361573405E-6     -4.233759525961031E-7    -22.615440221523386
2.4050413099729157E-6     -5.309970070576531E-7    -22.31418641856255
2.5355173091747053E-6     -5.286275853076209E-7    -21.062472649503164
2.9828824738478106E-6     -1.0278992326423016E-6   -13.705228842753542
3.0489333091238766E-6     -9.260412356109705E-7    -13.497903025484607
3.1149841443999426E-6     -8.241832385796392E-7    -13.251757502880517
3.181034979676008E-6      -7.223252415483081E-7    -13.005611980277687
3.2470858149520746E-6     -6.204672445169768E-7    -12.759466457674854
2.9195046407535477E-6     -9.27571018825359E-7     -14.840896021788586
2.9855554760296137E-6     -8.257130217940277E-7    -14.639557890491599
3.0516063113056792E-6     -7.238550247626965E-7    -14.43843691098022
3.117657146581745E-6      -6.219970277313654E-7    -14.237315931467897
2.8561268076592843E-6     -8.272428050084164E-7    -16.045892494311907
2.9221776429353503E-6     -7.25384807977085E-7     -15.84549463504294
2.9882284782114167E-6     -6.23526810945754E-7     -15.64437365553125
2.7927489745650213E-6     -7.269145911914738E-7    -17.250888966836964
2.858799809841087E-6      -6.250565941601425E-7    -17.051431379594597
2.729371141470758E-6      -6.265863773745312E-7    -18.455885439360756
3.3068101807804074E-6     -7.243134922199707E-7    -11.699035339183459
3.240759345504341E-6      -8.261714892513018E-7    -11.990205404879317
3.1747085102282754E-6     -9.280294862826329E-7    -12.281375470573426
3.10865767495221E-6       -1.0298874833139643E-6   -12.508421741591949
3.36653454660874E-6       -8.281597399229645E-7    -10.709395970424634
3.300483711332674E-6      -9.300177369542956E-7    -11.000566036119189
3.234432876056608E-6      -1.0318757339856268E-6   -11.272297649573769
3.426258912437073E-6      -9.320059876259582E-7    -9.71975660166383
3.3602080771610074E-6     -1.0338639846572895E-6   -10.036173557555585
3.485983278265406E-6      -1.0358522353289522E-6   -8.800049465537091
3.2901806905302717E-6     -1.4351430660851386E-6   -9.47917442960539
3.3544962482981782E-6     -1.3556825500682338E-6   -9.116600529919461
3.418811806066085E-6      -1.2762220340513292E-6   -8.74201563981577
3.4831273638339916E-6     -1.1967615180344244E-6   -8.367430749713968
3.5474429216018985E-6     -1.1173010020175195E-6   -7.992845859610435
3.2287210471937794E-6     -1.3536942993965713E-6   -10.298198954256858
3.293036604961686E-6      -1.2742337833796665E-6   -9.934970761880669
3.3573521627295924E-6     -1.1947732673627616E-6   -9.579974407310957
3.4216677204974993E-6     -1.1153127513458568E-6   -9.224978052741033
3.167261403857287E-6      -1.2722455327080038E-6   -11.131778398800169
3.2315769616251936E-6     -1.192785016691099E-6    -10.771413156892276
3.295892519393101E-6      -1.1133245006741941E-6   -10.416416802321933
3.1058017605207953E-6     -1.1907967660194365E-6   -11.965357843342531
3.1701173182887017E-6     -1.1113362500025316E-6   -11.607855551904303
3.044342117184303E-6      -1.109347999330869E-6    -12.798937287885998
3.3942458466876503E-6     -1.4715565691602691E-6   -8.527016945193164
3.4983110028450288E-6     -1.5079700722353994E-6   -7.590198829504104
3.6023761590024073E-6     -1.5443835753105297E-6   -6.653380713814963
3.7064413151597862E-6     -1.5807970783856602E-6   -5.716562598125744
3.4585614044555567E-6     -1.392096053143364E-6    -8.167390631868273
3.5626265606129353E-6     -1.4285095562184944E-6   -7.200108570766364
3.6666917167703138E-6     -1.4649230592936249E-6   -6.232826509665141
3.5228769622234636E-6     -1.3126355371264595E-6   -7.773217206231703
3.626942118380842E-6      -1.3490490402015898E-6   -6.805935145130579
3.58719251999137E-6       -1.2331750211095546E-6   -7.3790437805967635
3.295276434891528E-6      -1.5329956949606127E-6   -9.174093493250282
3.300372179252784E-6      -1.6308483238360867E-6   -8.879293481505027
3.30546792361404E-6       -1.7287009527115607E-6   -8.58449346975922
3.3105636679752967E-6     -1.8265535815870348E-6   -8.289693458014122
3.315659412336553E-6      -1.924406210462509E-6    -8.006082525100107
3.3993415910489064E-6     -1.569409198035743E-6    -8.22690105293041
3.4044373354101626E-6     -1.6672618269112172E-6   -7.961332272978276
3.4095330797714187E-6     -1.765114455786691E-6    -7.695763493026453
3.4146288241326753E-6     -1.8629670846621653E-6   -7.418528466929805
3.503406747206285E-6      -1.6058227011108735E-6   -7.3205468826541855
3.508502491567541E-6      -1.7036753299863475E-6   -7.054978102701849
3.5135982359287972E-6     -1.8015279588618215E-6   -6.782379026840411
3.6074719033636634E-6     -1.6422362041860037E-6   -6.414192712377241
3.6125676477249196E-6     -1.7400888330614778E-6   -6.146229586750309
3.7115370595210424E-6     -1.6786497072611342E-6   -5.510080146661307
3.720372673406263E-6      -1.7984087526900972E-6   -5.300154960744933
3.6214032616101407E-6     -1.8598478784904408E-6   -5.931668450599743
3.5224338498140184E-6     -1.9212870042907843E-6   -6.563181940454784
3.4234644380178964E-6     -1.9827261300911283E-6   -7.160236448157606
3.7292082872914843E-6     -1.91816779811906E-6     -5.08798817026895
3.630238875495362E-6      -1.9796069239194037E-6   -5.719501660123816
3.5312694636992395E-6     -2.0410460497197477E-6   -6.337921474737925
3.7380439011767054E-6     -2.037926843548023E-6    -4.875821379792767
3.6390744893805835E-6     -2.099365969348367E-6    -5.515606501317851
3.746879515061927E-6      -2.1576858889769866E-6   -4.693291527897934
2.3512675399367006E-6     -1.0729104082356102E-6   -18.8816400017069
2.4142126936246596E-6     -9.63579959300006E-7     -19.08764100423581
2.4771578473126185E-6     -8.542495103644017E-7    -19.26644598114926
2.5401030010005775E-6     -7.449190614287973E-7    -19.445250958062708
2.603048154688536E-6      -6.355886124931929E-7    -19.624055934977733
2.28373669442287E-6       -9.659493810500383E-7    -20.21914259297217
2.346681848110829E-6      -8.566189321144339E-7    -20.43263059367207
2.4096270017987874E-6     -7.472884831788295E-7    -20.670179158154376
2.4725721554867464E-6     -6.379580342432252E-7    -20.907727722635105
2.2162058489090392E-6     -8.589883538644661E-7    -21.636426780335533
2.2791510025969978E-6     -7.496579049288617E-7    -21.86707159705271
2.3420961562849567E-6     -6.403274559932574E-7    -22.104620161534072
2.148675003395208E-6      -7.52027326678894E-7     -23.05371096769811
2.211620157083167E-6      -6.426968777432896E-7    -23.301512600433036
2.0811441578813774E-6     -6.45066299493322E-7     -24.470995155061317
2.6664259877827994E-6     -7.359168263101355E-7    -18.333220385718665
2.60348083409484E-6       -8.452472752457399E-7    -18.213158996373128
2.5405356804068815E-6     -9.545777241813443E-7    -18.093097607028497
2.4775905267189225E-6     -1.0639081731169486E-6   -17.898813009209917
2.7298038208770624E-6     -8.362450401270781E-7    -17.129164185221914
2.6668586671891034E-6     -9.455754890626824E-7    -17.009102795876878
2.6039135135011445E-6     -1.0549059379982869E-6   -16.8588900688438
2.7931816539713253E-6     -9.365732539440207E-7    -15.925107984723647
2.730236500283367E-6      -1.045903702879625E-6    -15.818967128478231
2.8565594870655887E-6     -1.0369014677609633E-6   -14.779044188113375
3.3508608256036084E-6     -2.450793291444984E-6    -6.732989074003444
3.451625568631541E-6      -2.4038357948771083E-6   -6.188519930880325
3.552390311659473E-6      -2.3568782983092328E-6   -5.628014789672427
3.6531550546874056E-6     -2.309920801741357E-6    -5.067509648463192
3.7539197977153383E-6     -2.2629633051734816E-6   -4.507004507254743
3.3438205429501976E-6     -2.345515875248489E-6    -6.973281009769085
3.4445852859781294E-6     -2.2985583786806133E-6   -6.434497366057307
3.545350029006062E-6      -2.2516008821127377E-6   -5.863974399531698
3.6461147720339943E-6     -2.204643385544862E-6    -5.293451433006464
3.336780260296786E-6      -2.240238459051994E-6    -7.225862834493499
3.437545003324718E-6      -2.1932809624841183E-6   -6.66492406603938
3.5383097463526512E-6     -2.1463234659162427E-6   -6.094401099513928
3.329739977643375E-6      -2.134961042855499E-6    -7.47844465921799
3.4305047206713073E-6     -2.0880035462876233E-6   -6.895350766022774
3.322699694989964E-6      -2.029683626659004E-6    -7.731026483942875
3.4441801287565807E-6     -2.5399237279387363E-6   -6.075968105507146
3.5374994319095526E-6     -2.6290541644324892E-6   -5.452446116946685
3.630818735062525E-6      -2.7181846009262412E-6   -4.828924128386462
3.724138038215497E-6      -2.807315037419994E-6    -4.205402139826238
3.817457341368469E-6      -2.8964454739137465E-6   -3.633885868372835
3.5449448717845126E-6     -2.4929662313708608E-6   -5.540406417825923
3.638264174937485E-6      -2.5820966678646132E-6   -4.907843639964576
3.731583478090457E-6      -2.6712271043583657E-6   -4.275280862102758
3.82490278124343E-6       -2.7603575408521185E-6   -3.6903056278757473
3.6457096148124452E-6     -2.446008734802985E-6    -4.989919101933669
3.7390289179654175E-6     -2.5351391712967376E-6   -4.357356324072598
3.83234822111839E-6       -2.62426960779049E-6     -3.7439167650898377
3.7464743578403775E-6     -2.3990512382351096E-6   -4.4394317860419665
3.83979366099335E-6       -2.488181674728862E-6    -3.797527902304755
3.8472391008683106E-6     -2.352093741667234E-6    -3.8511390395195146
3.9604857033098615E-6     -2.416001484142928E-6    -3.111023609254095
3.953040263434901E-6      -2.552089417204556E-6    -3.085876796794575
3.945594823559941E-6      -2.688177350266184E-6    -3.0607299843347993
3.938149383684981E-6      -2.8242652833278125E-6   -3.0154066360039815
4.0737323057514125E-6     -2.479909226618622E-6    -2.408713609620119
4.0662868658764526E-6     -2.61599715968025E-6     -2.3835667971606522
4.058841426001492E-6      -2.752085092741878E-6    -2.3517210689121164
4.1869789081929635E-6     -2.543816969094316E-6    -1.706403609986093
4.179533468318004E-6      -2.6799049021559444E-6   -1.6880355018202127
4.300225510634515E-6      -2.60772471157001E-6     -1.0243499347289382
4.3040910602522746E-6     -2.7467696966541905E-6   -1.0412784228843965
4.183399017935763E-6      -2.8189498872401246E-6   -1.6914863698937246
4.062706975619251E-6      -2.8911300778260586E-6   -2.341694316903015
3.94201493330274E-6       -2.963310268411993E-6    -2.9645750157206763
4.307956609870034E-6      -2.885814681738371E-6    -1.0379505866640024
4.187264567553522E-6      -2.957994872324305E-6    -1.6881585336734393
4.06657252523701E-6       -3.030175062910239E-6    -2.3242607827737163
4.311822159487793E-6      -3.024859666822551E-6    -1.0346227504433534
4.191130117171282E-6      -3.0970398574084852E-6   -1.6839465498263237
4.315687709105552E-6      -3.163904651906732E-6    -1.0436323168793638
3.954929148430617E-6      -3.5074846196403104E-6   -2.682125719191487
4.0519923789524585E-6     -3.4521415849932444E-6   -2.243584234960441
4.1490556094742995E-6     -3.3967985503461776E-6   -1.7963790002791196
4.2461188399961405E-6     -3.341455515699111E-6    -1.3491737655979164
4.3431820705179816E-6     -3.2861124810520447E-6   -0.9019685309164771
3.9274347870181874E-6     -3.385276790494998E-6    -2.8633931968871495
4.0244980175400285E-6     -3.329933755847931E-6    -2.4212031626867225
4.1215612480618695E-6     -3.2745907212008646E-6   -1.9661253483030348
4.218624478583711E-6      -3.2192476865537978E-6   -1.5110475339195046
3.8999404256057574E-6     -3.2630689613496845E-6   -3.049170496997456
3.9970036561275985E-6     -3.207725926702618E-6    -2.593218030967026
4.09406688664944E-6       -3.1523828920555517E-6   -2.138140216583546
3.872446064193328E-6      -3.140861132204372E-6    -3.2349477971069356
3.969509294715169E-6      -3.0855180975573056E-6   -2.76523289924796
3.844951702780898E-6      -3.0186533030590595E-6   -3.420725097216888
4.7658018402702764E-6     -3.5784311378457413E-6   0.9073799266168128
4.653850900478241E-6      -3.510299312841023E-6    0.440222174120157
4.541899960686206E-6      -3.4421674878363046E-6   -0.026935578376498764
4.429949020894171E-6      -3.3740356628315867E-6   -0.5155270024663068
4.643554620332588E-6      -3.653565529267631E-6    0.35476504848104706
4.531603680540553E-6      -3.585433704262913E-6    -0.11239270401560879
4.419652740748518E-6      -3.517301879258194E-6    -0.5864111245146559
4.521307400394901E-6      -3.7286999206895205E-6   -0.19784982965463185
4.409356460602866E-6      -3.660568095684802E-6    -0.6572952465637135
4.399060180457214E-6      -3.80383431211141E-6     -0.7281793686126531
4.0416960988068055E-6     -3.5954078014198524E-6   -2.291567801041057
4.128463049182994E-6      -3.6833309831993935E-6   -1.909365115096473
4.215229999559183E-6      -3.771254164978935E-6    -1.5271624291520065
4.301996949935372E-6      -3.8591773467584765E-6   -1.1449597432075405
4.1387593293286465E-6     -3.5400647667727855E-6   -1.854958638994356
4.225526279704835E-6      -3.6279879485523266E-6   -1.4719371024744061
4.312293230081024E-6      -3.7159111303318686E-6   -1.0889155659547065
4.235822559850488E-6      -3.484721732125719E-6    -1.4156259840156533
4.322589510226677E-6      -3.5726449139052606E-6   -1.0326044474958447
4.332885790372329E-6      -3.4293786974786522E-6   -0.9762933290375483
4.519360078987154E-6      -4.430181865292353E-6    -0.3189920108096872
4.6089582542559435E-6     -4.377134282539023E-6    0.028468744112803358
4.698556429524732E-6      -4.324086699785692E-6    0.38088225666740305
4.788154604793523E-6      -4.2710391170323615E-6   0.7332957692219945
4.4867110343182554E-6     -4.3094115311037685E-6   -0.43382165580683596
4.576309209587044E-6      -4.256363948350438E-6    -0.0802004884182854
4.665907384855835E-6      -4.203316365597108E-6    0.272213024136074
4.454061989649357E-6      -4.188641196915185E-6    -0.5486513008045751
4.543660164918146E-6      -4.135593614161855E-6    -0.188869720950091
4.4214129449804585E-6     -4.067870862726601E-6    -0.6634809458017632
1.6832652188730789E-6     -2.169701060470858E-7    -32.345241016348005
1.616122564517093E-6      -3.2631915763262163E-7   -31.562677384519148
1.5489799101611072E-6     -4.356682092181574E-7    -30.780113752688713
1.4818372558051214E-6     -5.450172608036933E-7    -29.935301585725895
1.7490665786576993E-6     -3.245911605086358E-7    -30.552511225424862
1.6819239243017135E-6     -4.339402120941716E-7    -29.76994759359526
1.6147812699457279E-6     -5.432892636797074E-7    -28.969018012792688
1.81486793844232E-6       -4.3221221497018573E-7   -28.759781434502116
1.747725284086334E-6      -5.415612665557215E-7    -28.00273443985995
1.8806692982269405E-6     -5.398332694317357E-7    -27.03645086692705
1.6876888906025463E-6     -1.0827304063710174E-6   -23.405539169043518
1.7528737749555465E-6     -9.73805379558364E-7     -23.93385446460789
1.8180586593085466E-6     -8.648803527457103E-7    -24.4537860666613
1.8832435436615466E-6     -7.559553259330569E-7    -24.973717668713455
1.9484284280145466E-6     -6.470302991204033E-7    -25.49364927076782
1.61992976081494E-6       -9.755333766823498E-7    -24.804201510574057
1.6851146451679402E-6     -8.666083498696962E-7    -25.346373219087262
1.7502995295209402E-6     -7.576833230570427E-7    -25.93286550948402
1.8154844138739403E-6     -6.487582962443891E-7    -26.519357799879476
1.5521706310273338E-6     -8.68336346993682E-7     -26.279695755774192
1.6173555153803337E-6     -7.594113201810285E-7    -26.855266496255098
1.682540399733334E-6      -6.50486293368375E-7     -27.44175878665089
1.4844115012397275E-6     -7.611393173050145E-7    -27.755190000974643
1.5495963855927277E-6     -6.522142904923608E-7    -28.364159773423513
1.4166523714521212E-6     -6.539422876163468E-7    -29.230684246175567
2.0159592735283773E-6     -7.539913263059755E-7    -23.990214357080518
1.950774389175377E-6      -8.629163531186289E-7    -23.536843443369772
1.8855895048223771E-6     -9.718413799312823E-7    -23.083472529659243
1.8204046204693772E-6     -1.080766406743936E-6    -22.574181087401985
2.083490119042208E-6      -8.609523534915476E-7    -22.590086985734615
2.0183052346892078E-6     -9.69877380304201E-7     -22.136716072024317
1.953120350336208E-6      -1.0788024071168544E-6   -21.666543042310934
2.1510209645560386E-6     -9.679133806771195E-7    -21.189959614389604
2.085836080203039E-6      -1.0768384074897732E-6   -20.75890499721981
2.2185518100698698E-6     -1.0748744078626917E-6   -19.85126695212876
2.932605860770845E-6      -1.151214275543139E-6    -13.588355475224105
2.806282873988623E-6      -1.1602165106618007E-6   -14.642797184089433
2.679959887206401E-6      -1.1692187457804624E-6   -15.638648253668752
2.553636900424179E-6      -1.1782209808991243E-6   -16.634499323248697
2.427313913641957E-6      -1.1872232160177862E-6   -17.61429332729551
2.882329247693879E-6      -1.2745293184439766E-6   -13.44146980506015
2.756006260911657E-6      -1.2835315535626383E-6   -14.448557776181403
2.6296832741294348E-6     -1.2925337886813E-6      -15.444408845760721
2.5033602873472133E-6     -1.3015360237999617E-6   -16.43613158382937
2.832052634616913E-6      -1.397844361344814E-6    -13.294584134896507
2.7057296478346907E-6     -1.4068465964634757E-6   -14.254318368271807
2.579406661052469E-6      -1.4158488315821376E-6   -15.257969840363149
2.7817760215399474E-6     -1.5211594042456515E-6   -13.147698464732867
2.6554530347577255E-6     -1.5301616393643134E-6   -14.079808096897873
2.7314994084629814E-6     -1.644474447146489E-6    -12.999076196602257
3.178444434116814E-6      -1.4770093422974087E-6   -10.223450537960508
3.1169847907803215E-6     -1.3955605756088414E-6   -11.037615353717936
3.0555251474438292E-6     -1.3141118089202739E-6   -11.868331847791428
2.994065504107337E-6      -1.2326630422317063E-6   -12.699048341864602
3.066708177703356E-6      -1.5188756185096788E-6   -10.939562423507656
3.0052485343668632E-6     -1.4374268518211113E-6   -11.768799915373277
2.9437888910303713E-6     -1.355978085132544E-6    -12.59951640944598
2.9549719212898976E-6     -1.560741894721949E-6    -11.655674309056378
2.893512277953405E-6      -1.4792931280333816E-6   -12.4999844770265
2.8432356648764397E-6     -1.602608170934219E-6    -12.371786194605416
3.18354017847807E-6       -1.5748619711728828E-6   -9.915970972735517
3.0718039220646117E-6     -1.6167282473851529E-6   -10.617010182178252
2.9600676656511534E-6     -1.658594523597423E-6    -11.318049391620798
2.848331409237696E-6      -1.700460799809693E-6    -11.966519101116614
3.1886359228393257E-6     -1.6727146000483568E-6   -9.591939729197106
3.0768996664258682E-6     -1.714580876260627E-6    -10.292978938639715
2.96516341001241E-6       -1.756447152472897E-6    -10.969879665740718
3.193731667200582E-6      -1.7705672289238308E-6   -9.267908485657816
3.0819954107871244E-6     -1.812433505136101E-6    -9.973240230364823
3.198827411561839E-6      -1.8684198577993049E-6   -8.976600794989086
2.899149343843024E-6      -2.1855947786846015E-6   -10.003484114003744
2.9824513575417295E-6     -2.133357065040183E-6    -9.621488578914196
3.0657533712404353E-6     -2.081119351395764E-6    -9.226317111048928
3.149055384939141E-6      -2.0288816377513457E-6   -8.831145643184371
3.232357398637847E-6      -1.9766439241069273E-6   -8.435974175319501
2.8656193567670155E-6     -2.077370712376979E-6    -10.57551943416118
2.9489213704657212E-6     -2.0251329987325606E-6   -10.186664877739798
3.032223384164427E-6      -1.9728952850881418E-6   -9.794218034446269
3.1155253978631327E-6     -1.9206575714437233E-6   -9.401771191152974
2.832089369691007E-6      -1.9691466460693563E-6   -11.163964988005063
2.915391383389713E-6      -1.916908932424938E-6    -10.762426452215843
2.9986933970884187E-6     -1.8646712187805194E-6   -10.369979608922453
2.7985593826149985E-6     -1.860922579761734E-6    -11.752410541849182
2.881861396313704E-6      -1.8086848661173154E-6   -11.338188026693068
2.76502939553899E-6       -1.7526985134541115E-6   -12.340856095693692
2.989491640195141E-6      -2.238634481236678E-6    -9.337194710857482
3.079833936547258E-6      -2.291674183788754E-6    -8.681819725544901
3.1701762328993744E-6     -2.344713886340831E-6    -8.026444740232089
3.260518529251492E-6      -2.3977535888929073E-6   -7.3710697549187225
3.0727936538938465E-6     -2.1863967675922596E-6   -8.959440812663617
3.1631359502459636E-6     -2.2394364701443357E-6   -8.28680777076103
3.25347824659808E-6       -2.2924761726964123E-6   -7.614174728858045
3.1560956675925523E-6     -2.1341590539478407E-6   -8.561544720226776
3.2464379639446693E-6     -2.1871987564999173E-6   -7.888911678324344
3.239397681291258E-6      -2.0819213403034223E-6   -8.163648627790797
2.0269354600101118E-6     -1.6185202984008662E-6   -17.59293154192859
2.09180187599543E-6       -1.5093983203678151E-6   -17.868475222861257
2.1566682919807476E-6     -1.4002763423347638E-6   -18.127437829630264
2.2215347079660653E-6     -1.2911543643017128E-6   -18.38640043639856
2.286401123951383E-6      -1.1820323862686613E-6   -18.645363043168114
1.959086146128599E-6      -1.5113623199948966E-6   -18.688812370557354
2.0239525621139167E-6     -1.4022403419618453E-6   -18.974524230804054
2.088818978099234E-6      -1.293118363928794E-6    -19.2872500409407
2.153685394084552E-6      -1.183996385895743E-6    -19.599975851077037
1.8912368322470856E-6     -1.4042043415889266E-6   -19.84876083129351
1.956103248232403E-6      -1.2950823635558753E-6   -20.155769673487463
2.0209696642177212E-6     -1.1859603855228242E-6   -20.468495483624338
1.8233875183655727E-6     -1.2970463631829568E-6   -21.00870929203007
1.8882539343508901E-6     -1.1879243851499057E-6   -21.337015116170868
1.7555382044840593E-6     -1.1898883847769872E-6   -22.16865775276646
2.3624474976566393E-6     -1.2963451940508372E-6   -17.39303685836196
2.297581081671321E-6      -1.4054671720838883E-6   -17.187837454960757
2.2327146656860035E-6     -1.5145891501169396E-6   -16.98263805155987
2.167848249700686E-6      -1.6237111281499908E-6   -16.720405449958413
2.438493871361895E-6      -1.410658001833013E-6    -16.22680384891795
2.3736274553765775E-6     -1.5197799798660642E-6   -16.02160444551708
2.30876103939126E-6       -1.6289019578991153E-6   -15.80144726671417
2.514540245067151E-6      -1.5249708096151887E-6   -15.060570839473977
2.4496738290818334E-6     -1.63409278764824E-6     -14.882489083469217
2.590586618772408E-6      -1.6392836173973646E-6   -13.963530900224972
2.876912750708773E-6      -2.2832575908463675E-6   -9.859272882612881
2.854676157574522E-6      -2.380920403008133E-6    -9.711894334033495
2.832439564440271E-6      -2.4785832151698988E-6   -9.564515785454581
2.8102029713060195E-6     -2.5762460273316644E-6   -9.417137236875275
2.7879663781717686E-6     -2.67390883949343E-6     -9.274900740729572
2.96725504706089E-6       -2.3362972933984437E-6   -9.193204885125715
2.9450184539266385E-6     -2.4339601055602093E-6   -9.069357253635195
2.9227818607923875E-6     -2.531622917721975E-6    -8.945509622144758
2.9005452676581366E-6     -2.629285729883741E-6    -8.814881281777433
3.0575973434130064E-6     -2.38933699595052E-6     -8.555087956401998
3.0353607502787555E-6     -2.486999808112286E-6    -8.431240324911606
3.013124157144505E-6      -2.5846626202740515E-6   -8.305855447058239
3.1479396397651235E-6     -2.442376698502597E-6    -7.91697102767822
3.1257030466308725E-6     -2.5400395106643625E-6   -7.796829612338176
3.238281936117241E-6      -2.495416401054673E-6    -7.287803777617878
3.2322955078284464E-6     -2.9445318649902996E-6   -6.569601619838856
3.256008571383479E-6      -2.8457841502812368E-6   -6.601014273848344
3.2797216349385113E-6     -2.747036435572173E-6    -6.634322550464895
3.3034346984935435E-6     -2.6482887208631103E-6   -6.667630827082075
3.327147762048576E-6      -2.549541006154047E-6    -6.700939103698626
3.143429681897111E-6      -2.890407259890926E-6    -7.103178698972177
3.1671427454521433E-6     -2.791659545181862E-6    -7.137850516420755
3.1908558090071756E-6     -2.6929118304727994E-6   -7.19081816304093
3.214568872562208E-6      -2.5941641157637358E-6   -7.243785809661343
3.0545638559657753E-6     -2.8362826547915517E-6   -7.643703740435625
3.078276919520807E-6      -2.7375349400824885E-6   -7.694600535247038
3.10198998307584E-6       -2.6387872253734252E-6   -7.747568181867684
2.9656980300344396E-6     -2.782158049692178E-6    -8.184228781899389
2.9894110935894723E-6     -2.6834103349831147E-6   -8.251350554074502
2.876832204103104E-6      -2.7280334445928042E-6   -8.724753823362995
3.349327874536451E-6      -2.9349145867749892E-6   -5.991687358319962
3.4663602412444555E-6     -2.9252973085596784E-6   -5.406936675676446
3.58339260795246E-6       -2.9156800303443677E-6   -4.822185993033088
3.7004249746604646E-6     -2.906062752129057E-6    -4.237435310389259
3.373040938091483E-6      -2.8361668720659256E-6   -6.02009575745636
3.4900733047994877E-6     -2.8265495938506152E-6   -5.419263464810497
3.6071056715074923E-6     -2.8169323156353045E-6   -4.818431172164399
3.3967540016465154E-6     -2.7374191573568624E-6   -6.033744664069596
3.5137863683545204E-6     -2.727801879141552E-6    -5.432912371423811
3.420467065201548E-6      -2.6386714426477996E-6   -6.04739357068386
3.2720796482746384E-6     -3.0416638852134898E-6   -6.256405493444236
3.31186378872083E-6       -3.1387959054366796E-6   -5.955100166544273
3.351647929167022E-6      -3.2359279256598694E-6   -5.653794839643879
3.3914320696132138E-6     -3.333059945883059E-6    -5.35248951274309
3.431216210059406E-6      -3.4301919661062493E-6   -5.067656538610675
3.389112014982643E-6      -3.0320466069981786E-6   -5.681234598056543
3.428896155428834E-6      -3.129178627221369E-6    -5.3855413303156485
3.4686802958750262E-6     -3.2263106474445586E-6   -5.089848062575214
3.5084644363212183E-6     -3.323442667667749E-6    -4.805898400128867
3.506144381690647E-6      -3.0224293287828682E-6   -5.112565525415199
3.545928522136839E-6      -3.119561349006058E-6    -4.816872257674558
3.5857126625830312E-6     -3.216693369229248E-6    -4.523288290058364
3.6231767483986516E-6     -3.0128120505675575E-6   -4.543896452773731
3.6629608888448437E-6     -3.1099440707907477E-6   -4.2406781799874675
3.7402091151066566E-6     -3.003194772352247E-6    -3.9580680699175157
3.8501865607563745E-6     -3.4920260889334985E-6   -3.1579702288909406
3.822692199343945E-6      -3.369818259788185E-6    -3.342289563883825
3.795197837931515E-6      -3.2476104306428726E-6   -3.5418292958231112
3.7677034765190858E-6     -3.1254026014975596E-6   -3.7413690277619245
3.745443973082132E-6      -3.4765675582266856E-6   -3.6365297011825204
3.7179496116697025E-6     -3.354359729081373E-6    -3.8340737110635263
3.6904552502572733E-6     -3.2321518999360606E-6   -4.033613443002891
3.6407013854078904E-6     -3.4611090275198737E-6   -4.115089173474692
3.6132070239954604E-6     -3.3389011983745607E-6   -4.325857858243563
3.535958797733648E-6      -3.4456504968130617E-6   -4.593648645766429
3.908415515904875E-6      -3.6036876755990185E-6   -2.8521334375268217
3.803672928230633E-6      -3.5882291448922057E-6   -3.327966556485938
3.6989303405563908E-6     -3.5727706141853937E-6   -3.7933013538902633
3.5941877528821487E-6     -3.557312083478581E-6    -4.258636151294274
3.4894451652079066E-6     -3.5418535527717694E-6   -4.729440041794936
3.861901883379133E-6      -3.6998907315577258E-6   -3.0152248890985174
3.757159295704891E-6      -3.684432200850913E-6    -3.4827424871358734
3.6524167080306495E-6     -3.668973670144101E-6    -3.948077284540041
3.5476741203564074E-6     -3.653515139437289E-6    -4.416788440407164
3.815388250853392E-6      -3.7960937875164334E-6   -3.178316340670135
3.71064566317915E-6       -3.780635256809621E-6    -3.6375184177851874
3.6059030755049078E-6     -3.765176726102809E-6    -4.104136839019234
3.768874618327651E-6      -3.892296843475141E-6    -3.3414077922419096
3.664132030653409E-6      -3.876838312768329E-6    -3.791485237630832
3.7223609858019093E-6     -3.988499899433848E-6    -3.497373781387072
3.995182466281064E-6      -3.6916108573785596E-6   -2.460251280602339
3.948668833755323E-6      -3.787813913337267E-6    -2.6316582530963473
3.902155201229581E-6      -3.884016969295975E-6    -2.803065225590089
3.85564156870384E-6       -3.980220025254682E-6    -2.9627735437283187
4.081949416657252E-6      -3.7795340391581007E-6   -2.078867445233738
4.035435784131512E-6      -3.875737095116809E-6    -2.2502744177276006
3.98892215160577E-6       -3.971940151075516E-6    -2.419003281723433
4.168716367033442E-6      -3.867457220937642E-6    -1.6974836098645312
4.1222027345077E-6        -3.96366027689635E-6     -1.875233019718193
4.255483317409631E-6      -3.955380402717184E-6    -1.3314627577132678
4.1191949746643306E-6     -4.385303847838154E-6    -1.849259970871618
4.186587206076138E-6      -4.27575301801312E-6     -1.5882044166308589
4.253979437487945E-6      -4.166202188188086E-6    -1.3271488623900205
4.321371668899753E-6      -4.0566513583630515E-6   -1.066093308149104
3.9859143917624E-6        -4.39358372201732E-6     -2.376652710829106
4.053306623174208E-6      -4.284032892192286E-6    -2.121023480440264
4.120698854586015E-6      -4.174482062367251E-6    -1.8629575672707155
4.188091085997822E-6      -4.064931232542218E-6    -1.6048916541011269
3.920026040272277E-6      -4.292312766371452E-6    -2.6542388959320524
3.987418271684085E-6      -4.1827619365464176E-6   -2.3977072834174176
4.054810503095893E-6      -4.073211106721384E-6    -2.139641370248056
3.854137688782155E-6      -4.1910418107255845E-6   -2.93182508103492
3.921529920193962E-6      -4.08149098090055E-6     -2.6743910863951603
3.788249337292032E-6      -4.089770855079716E-6    -3.2094112661378276
4.451967847575346E-6      -4.5397326951173865E-6   -0.5815759194956335
4.419318802906448E-6      -4.418962360928803E-6    -0.6990745059533153
4.386669758237549E-6      -4.298192026740219E-6    -0.8200645634168308
4.354020713568651E-6      -4.177421692551635E-6    -0.9410546208806609
4.35192657149464E-6       -4.528513190753837E-6    -0.9630479481230394
4.319277526825741E-6      -4.407742856565253E-6    -1.084109758729233
4.286628482156844E-6      -4.2869725223766695E-6   -1.2050998161926696
4.2518852954139344E-6     -4.517293686390287E-6    -1.3445199767501697
4.219236250745036E-6      -4.396523352201703E-6    -1.4691450115049813
4.151844019333229E-6      -4.506074182026737E-6    -1.7259920053774969
4.423189921935747E-6      -4.629542255221198E-6    -0.6937817402995788
4.323148645855042E-6      -4.618322750857649E-6    -1.071690544778355
4.223107369774336E-6      -4.607103246494099E-6    -1.449599349257367
4.394411996296149E-6      -4.719351815325011E-6    -0.8024960900976118
4.294370720215443E-6      -4.708132310961461E-6    -1.180404894576506
4.36563407065655E-6       -4.809161375428824E-6    -0.9112104398952777
-4.423191761609894E-6     -4.7093488704265403E-7   6.089717560658954
-4.310615754730227E-6     -4.815698773102304E-7    4.527935654098927
-4.198039747850561E-6     -4.92204867577807E-7     2.9661537475389004
-4.085463740970894E-6     -5.028398578453835E-7    1.4043718409787158
-4.381737104549495E-6     -3.7887490768763846E-7   5.683691718132438
-4.269161097669827E-6     -3.89509897955215E-7     4.057977715997954
-4.156585090790161E-6     -4.0014488822279145E-7   2.432263713865013
-4.340282447489094E-6     -2.8681492833262295E-7   5.208880704842583
-4.227706440609428E-6     -2.9744991860019947E-7   3.5831667027094287
-4.298827790428695E-6     -1.947549489776075E-7    4.734069691556018
-3.6506588068148727E-6    -2.1183114886085652E-7   -5.235577019026891
-3.7143054055173383E-6    -3.145261184834485E-7    -4.096332704421745
-3.777952004219804E-6     -4.172210881060405E-7    -2.9570883898159703
-3.84159860292227E-6      -5.199160577286325E-7    -1.9272881343318102
-3.58301627434838E-6      -3.2096732809912106E-7   -5.918314007568898
-3.646662873050846E-6     -4.2366229772171304E-7   -4.779069692964382
-3.7103094717533117E-6    -5.26357267344305E-7     -3.6759100441331505
-3.515373741881888E-6     -4.3010350733738554E-7   -6.6010509961123205
-3.579020340584354E-6     -5.327984769599776E-7    -5.4245319539344905
-3.447731209415396E-6     -5.392396865756501E-7    -7.173153863735988
1.0135132574590752E-6     -2.1985872406697287E-7   -36.932104055084245
9.486255197023886E-7      -3.303683965484099E-7    -35.712184440895285
8.837377819457017E-7      -4.408780690298469E-7    -34.49226482670577
8.188500441890152E-7      -5.513877415112839E-7    -33.23759639818752
1.0811363190712635E-6     -3.292077756525087E-7    -35.09931443622969
1.0162485813145769E-6     -4.3971744813394574E-7   -33.87939482204071
9.5136084355789E-7        -5.502271206153827E-7    -32.65130406279922
1.1487593806834518E-6     -4.385568272380445E-7    -33.2665248173751
1.0838716429267652E-6     -5.490664997194815E-7    -32.06501172741045
1.21638244229564E-6       -5.479058788235803E-7    -31.478719392021205
-2.988325733256176E-6     -2.203470831548682E-7    -14.940055419232918
-3.0532157456005515E-6    -3.2948326239313275E-7   -13.444453050834767
-3.118105757944927E-6     -4.3861944163139724E-7   -11.948850682437563
-3.1829957702893024E-6    -5.477556208696618E-7    -10.56168831087773
-2.919769437643416E-6     -3.315579870714719E-7    -15.156588274594773
-2.9846594499877914E-6    -4.406941663097364E-7    -13.660985906197096
-3.0495494623321668E-6    -5.49830345548001E-7     -12.203026355273888
-2.8512131420306553E-6    -4.4276889098807556E-7   -15.37312112995834
-2.9161031543750307E-6    -5.5190507022634E-7      -13.844364399671782
-2.7826568464178947E-6    -5.539797949046792E-7    -15.485702444069359
-2.3329217677773747E-6    -2.2229320064530832E-7   -23.565554394875516
-2.394091586811575E-6     -3.33504104561912E-7     -21.858701603186578
-2.455261405845776E-6     -4.4471500847851567E-7   -20.15184881149985
-2.5164312248799774E-6    -5.559259123951194E-7    -18.541118771749034
-2.2613122732307942E-6    -3.333754973740129E-7    -23.336528036961628
-2.322482092264995E-6     -4.4458640129061664E-7   -21.629675245273482
-2.383651911299196E-6     -5.557973052072203E-7    -19.95693112768187
-2.189702778684214E-6     -4.444577941027175E-7    -23.107501679049438
-2.2508725977184147E-6    -5.556686980193212E-7    -21.372743483616276
-2.1180932841376334E-6    -5.555400908314222E-7    -22.788555839549744
3.434568182094886E-7      -2.2158635791664511E-7   -39.175245354658834
2.801050051606953E-7      -3.326630433518532E-7    -37.61456996858576
2.167531921119021E-7      -4.4373972878706126E-7   -36.053894582513124
1.5340137906310886E-7     -5.548164142222693E-7    -34.48817403797928
4.133394715999532E-7      -3.3209603039808215E-7   -37.440270636750455
3.4998765855115995E-7     -4.4317271583329023E-7   -35.879595250677724
2.866358455023667E-7      -5.542494012684983E-7    -34.32111219996121
4.832221249904177E-7      -4.4260570287951914E-7   -35.705295918842765
4.198703119416245E-7      -5.536823883147272E-7    -34.154050361944336
5.531047783808825E-7      -5.531153753609562E-7    -33.98698852392691
-1.671719989036552E-6     -2.2217190310720388E-7   -30.75425184310078
-1.731861480459008E-6     -3.3325419983590853E-7   -28.91148554703316
-1.7920029718814638E-6    -4.443364965646131E-7    -27.068719250965383
-1.8521444633039201E-6    -5.554187932933178E-7    -25.30421841055113
-1.5986919732060757E-6    -3.3326150948570317E-7   -30.06165694160765
-1.6588334646285316E-6    -4.4434380621440777E-7   -28.21889064554059
-1.7189749560509878E-6    -5.554261029431124E-7    -26.405010638480853
-1.5256639573755995E-6    -4.4435111586420246E-7   -29.36906204011608
-1.5858054487980556E-6    -5.554334125929071E-7    -27.50580286641089
-1.4526359415451234E-6    -5.554407222427018E-7    -28.60659509433998
-1.0003181037750175E-6    -2.223061060657107E-7    -36.01261935861416
-1.0620558039127164E-6    -3.3339571244421E-7      -34.12981142004461
-1.123793504050415E-6     -4.4448531882270927E-7   -32.24700348147497
-1.1855312041881142E-6    -5.555749252012086E-7    -30.41859545880708
-9.281205738086391E-7     -3.3352260575292215E-7   -34.87491293029737
-9.89858273946338E-7      -4.446122121314214E-7    -32.99210499172745
-1.051595974084037E-6     -5.557018185099207E-7    -31.131188022738936
-8.55923043842261E-7      -4.4473910544013355E-7   -33.73720650198147
-9.176607439799599E-7     -5.558287118186328E-7    -31.843780586671897
-7.837255138758826E-7     -5.55955605127345E-7     -32.55637315060454
-3.2808026095035493E-7    -2.222931851224195E-7    -38.87761280156344
-3.906531221311279E-7     -3.3350968480963093E-7   -37.09163733810475
-4.5322598331190107E-7    -4.4472618449684233E-7   -35.30566187464735
-5.157988444926741E-7     -5.559426841840538E-7    -33.54536530948081
-2.566616828519967E-7     -3.3336987055762755E-7   -37.38235946068062
-3.192345440327698E-7     -4.44586370244839E-7     -35.59638399722233
-3.818074052135429E-7     -5.558028699320505E-7    -33.82300142217373
-1.8524310475363848E-7    -4.444465559928356E-7    -35.88710611979876
-2.478159659344116E-7     -5.556630556800471E-7    -34.10063753486665
-1.1382452665528028E-7    -5.555232414280437E-7    -34.3782736475593
1.0392233305306404E-6     -1.0953680059255563E-6   -26.40679505255152
1.1011573127574155E-6     -9.856434563259809E-7    -27.26825058686604
1.1630912949841903E-6     -8.759189067264054E-7    -28.14879942325005
1.2250252772109652E-6     -7.6619435712683E-7      -29.029348259632254
1.28695925943774E-6       -6.564698075272545E-7    -29.909897096015875
9.686465133885404E-7      -9.86804077221882E-7     -27.79948408048189
1.0305804956153152E-6     -8.770795276223066E-7    -28.67916092968669
1.0925144778420901E-6     -7.673549780227312E-7    -29.62734181496561
1.1544484600688652E-6     -6.576304284231558E-7    -30.575522700243745
8.980696962464403E-7      -8.782401485182078E-7    -29.258271446935815
9.600036784732152E-7      -7.685155989186323E-7    -30.187056481077217
1.02193766069999E-6       -6.58791049319057E-7     -31.135237366355828
8.274928791043403E-7      -7.696762198145336E-7    -30.717058813388718
8.894268613311152E-7      -6.599516702149582E-7    -31.69495203246823
7.569160619622403E-7      -6.611122911108594E-7    -32.175846179841784
1.3547183892253464E-6     -7.636668372159222E-7    -28.361890944667124
1.2927844069985713E-6     -8.733913868154976E-7    -27.548974157179284
1.2308504247717964E-6     -9.83115936415073E-7     -26.73605736969191
1.1689164425450217E-6     -1.0928404860146486E-6   -25.88942886430629
1.4224775190129526E-6     -8.708638669045899E-7    -26.919795731434725
1.3605435367861778E-6     -9.805884165041653E-7    -26.10687894394696
1.2986095545594029E-6     -1.0903129661037408E-6   -25.28559375599765
1.490236648800559E-6      -9.780608965932575E-7    -25.47770051820153
1.428302666573784E-6      -1.087785446192833E-6    -24.68175864768932
1.5579957785881652E-6     -1.0852579262819252E-6   -24.077923539380755
1.387414092504781E-6      -1.621955304795857E-6    -20.646571262806987
1.4474690521243341E-6     -1.5141103251108892E-6   -21.190017539767602
1.5075240117438871E-6     -1.4062653454259212E-6   -21.744035932141774
1.5675789713634403E-6     -1.2984203657409533E-6   -22.298054324515164
1.627633930982993E-6      -1.1905753860559852E-6   -22.85207271688823
1.317775940109953E-6      -1.5166378450217969E-6   -21.741381629842575
1.377830899729506E-6      -1.408792865336829E-6    -22.300490052497235
1.4378858593490588E-6     -1.300947885651861E-6    -22.907073959595635
1.497940818968612E-6      -1.1931029059668929E-6   -23.5136578666935
1.2481377877151246E-6     -1.411320385247737E-6    -22.89172411133925
1.3081927473346776E-6     -1.3034754055627686E-6   -23.48556575046765
1.3682477069542308E-6     -1.1956304258778008E-6   -24.092149657565894
1.1784996353202967E-6     -1.3060029254736767E-6   -24.042066592835532
1.2385545949398497E-6     -1.1981579457887086E-6   -24.670641448438477
1.1088614829254685E-6     -1.2006854656996165E-6   -25.192409074331422
1.6954832448645065E-6     -1.297733364461955E-6    -21.63032787916607
1.6354282852449533E-6     -1.4055783441469229E-6   -21.12887500151685
1.5753733256254E-6        -1.5134233238318907E-6   -20.627422123867824
1.5153183660058473E-6     -1.621268303516859E-6    -20.10208115218276
1.7633325587460195E-6     -1.4048913428679248E-6   -20.49167640037638
1.7032775991264663E-6     -1.512736322552893E-6    -19.99022352272731
1.6432226395069133E-6     -1.6205813022378608E-6   -19.48820111351545
1.8311818726275326E-6     -1.5120493212738946E-6   -19.353024921586677
1.7711269130079795E-6     -1.6198943009588625E-6   -18.87432107484775
1.8990311865090458E-6     -1.6192072996798644E-6   -18.26044103618139
2.083500506936131E-6      -1.741694459695812E-6    -16.613006406453408
2.14006555386215E-6       -1.8648686209907577E-6   -15.703291800727776
2.1966306007881687E-6     -1.9880427822857036E-6   -14.79357719500199
2.2531956477141875E-6     -2.1112169435806495E-6   -13.883862589276754
2.3097606946402064E-6     -2.2343911048755954E-6   -13.053443166019674
2.2244132966267046E-6     -1.7468852894449365E-6   -15.75133145673807
2.2809783435527235E-6     -1.8700594507398822E-6   -14.839290661717824
2.3375433904787423E-6     -1.993233612034828E-6    -13.927249866697547
2.3941084374047616E-6     -2.1164077733297744E-6   -13.075891988036307
2.3653260863172782E-6     -1.752076119194061E-6    -14.874448696291472
2.4218911332432975E-6     -1.875250280489007E-6    -13.962407901271492
2.4784561801693167E-6     -1.998424441783953E-6    -13.073454802290609
2.5062388760078522E-6     -1.7572669489431856E-6   -13.997565935845726
2.5628039229338715E-6     -1.8804411102381315E-6   -13.071017616545069
2.6471516656984267E-6     -1.7624577786923103E-6   -13.068580430799997
2.7812716140024603E-6     -2.1953540439228005E-6   -10.634274040510636
2.747741626926452E-6      -2.0871299776151777E-6   -11.21308908656583
2.7142116398504433E-6     -1.9789059113075553E-6   -11.814218619777472
2.6806816527744346E-6     -1.8706818449999327E-6   -12.41534815298817
2.663393884161897E-6      -2.205113309160999E-6    -11.254082565460303
2.629863897085888E-6      -2.0968892428533763E-6   -11.854251025842474
2.59633391000988E-6       -1.988665176545754E-6    -12.455380559053959
2.5455161543213333E-6     -2.2148725743991977E-6   -11.873891090410677
2.5119861672453246E-6     -2.106648508091575E-6    -12.495412965118636
2.42763842448077E-6       -2.2246318396373964E-6   -12.493699615360658
2.7590350208682094E-6     -2.293016856084566E-6    -10.485679061999305
2.641157291027646E-6      -2.3027761213227648E-6   -11.084134172622464
2.5232795611870824E-6     -2.3125353865609634E-6   -11.682589283245779
2.405401831346519E-6      -2.3222946517991624E-6   -12.245404302040788
2.736798427733958E-6      -2.3906796682463318E-6   -10.314769596332075
2.618920697893395E-6      -2.4004389334845304E-6   -10.913224706955235
2.5010429680528314E-6     -2.410198198722729E-6    -11.495040951040165
2.7145618345997074E-6     -2.4883424804080974E-6   -10.143860130663901
2.596684104759144E-6      -2.498101745646296E-6    -10.744677600038518
2.692325241465456E-6      -2.5860052925698635E-6   -9.994314249038368
1.694957929856357E-6      -2.0543347067467704E-6   -16.69429107639309
1.7613534358871081E-6     -1.9671718250775897E-6   -16.88784911730617
1.8277489419178587E-6     -1.8800089434084087E-6   -17.06852860866993
1.89414444794861E-6       -1.7928460617392278E-6   -17.24920810003345
1.9605399539793608E-6     -1.705683180070047E-6    -17.429887591397133
1.633449162386042E-6      -1.967858826356588E-6    -17.466939001573497
1.6998446684167928E-6     -1.880695944687407E-6    -17.65832787032823
1.7662401744475436E-6     -1.7935330630182259E-6   -17.87438812340714
1.8326356804782946E-6     -1.7063701813490451E-6   -18.09044837648576
1.5719403949157264E-6     -1.881382945966405E-6    -18.250847800912464
1.6383359009464774E-6     -1.794220064297224E-6    -18.464949599600963
1.7047314069772284E-6     -1.7070571826280432E-6   -18.681009852680027
1.5104316274454115E-6     -1.7949070655762224E-6   -19.03475660025151
1.576827133476162E-6      -1.7077441839070415E-6   -19.271571328874035
1.448922859975096E-6      -1.7084311851860397E-6   -19.81866539959087
1.817918482813127E-6      -2.0903459863725355E-6   -15.976577678619169
1.940879035769897E-6      -2.1263572659983003E-6   -15.251501049742952
2.0638395887266667E-6     -2.1623685456240655E-6   -14.526424420867047
2.1868001416834365E-6     -2.1983798252498302E-6   -13.801347791990516
1.8843139888438778E-6     -2.0031831047033544E-6   -16.161902406774797
2.0072745418006474E-6     -2.0391943843291196E-6   -15.399812719992983
2.1302350947574177E-6     -2.0752056639548843E-6   -14.637723033211339
1.9507094948746286E-6     -1.9160202230341737E-6   -16.307201136423206
2.073670047831399E-6      -1.952031502659939E-6    -15.545111449641668
2.0171050009053796E-6     -1.8288573413649928E-6   -16.452499866073044
2.3183333456528473E-6     -2.8509115380156445E-6   -10.896587806310006
2.412259952156632E-6      -2.8155109983112015E-6   -10.586343384346133
2.506186558660416E-6      -2.780110458606759E-6    -10.262173705526259
2.6001131651642E-6        -2.7447099189023158E-6   -9.938004026705913
2.694039771667984E-6      -2.709309379197873E-6    -9.613834347886039
2.3166188154503193E-6     -2.727607451387635E-6    -11.306561409632199
2.4105454219541034E-6     -2.6922069116831922E-6   -10.991254533736376
2.5044720284578875E-6     -2.6568063719787487E-6   -10.666062300184338
2.598398634961672E-6      -2.621405832274306E-6    -10.340870066632396
2.314904285247791E-6      -2.6043033647596248E-6   -11.731732621997145
2.408830891751575E-6      -2.5689028250551817E-6   -11.397424425894563
2.502757498255359E-6      -2.533502285350739E-6    -11.07223219234261
2.313189755045263E-6      -2.480999278131615E-6    -12.156903834362012
2.407116361549047E-6      -2.4455987384271716E-6   -11.803594318053795
2.3114752248427344E-6     -2.357695191503605E-6    -12.582075046727276
2.7831676768697977E-6     -2.799257985927135E-6    -9.012226063915078
2.6892410703660137E-6     -2.8346585256315778E-6   -9.356274349533319
2.5953144638622296E-6     -2.8700590653360204E-6   -9.679421473621522
2.5013878573584455E-6     -2.9054596050404635E-6   -10.002568597709882
2.4074612508546614E-6     -2.9408601447449065E-6   -10.312108049537233
2.7783689755678273E-6     -2.9246071323608402E-6   -8.767607920177369
2.6844423690640432E-6     -2.960007672065283E-6    -9.09438794421681
2.590515762560259E-6      -2.9954082117697255E-6   -9.417535068304934
2.4965891560564747E-6     -3.030808751474169E-6    -9.742872559523075
2.773570274265857E-6      -3.049956278794545E-6    -8.52298977643856
2.6796436677620724E-6     -3.0853568184989875E-6   -8.832501538900008
2.5857170612582883E-6     -3.1207573582034306E-6   -9.173637069508759
2.7687715729638865E-6     -3.17530542522825E-6     -8.2783716327003
2.6748449664601024E-6     -3.210705964932693E-6    -8.60440157949456
2.7639728716619157E-6     -3.300654571661955E-6    -8.065889875988061
3.1386309805951406E-6     -3.015756406324631E-6    -6.887539156541232
3.049765154663805E-6      -2.9616318012252568E-6   -7.418424710083988
2.960899328732469E-6      -2.9075071961258826E-6   -7.94272477418466
2.8720335028011335E-6     -2.8533825910265085E-6   -8.467024838285372
3.044966453361834E-6      -3.086980947658962E-6    -7.191578729934728
2.9561006274304984E-6     -3.0328563425595877E-6   -7.71537489202467
2.867234801499163E-6      -2.978731737460214E-6    -8.239674956125361
2.951301926128528E-6      -3.1582054889932928E-6   -7.495618303328301
2.8624361001971922E-6     -3.1040808838939186E-6   -8.012325073965055
2.857637398895222E-6      -3.2294300303276237E-6   -7.799657876721953
3.1784151210413323E-6     -3.1128884265478203E-6   -6.574036281038091
3.0847505938080257E-6     -3.1841129678821516E-6   -6.8851652458849495
2.9910860665747196E-6     -3.2553375092164826E-6   -7.196294210731663
2.897421539341414E-6      -3.326562050550814E-6    -7.475170387016316
3.218199261487524E-6      -3.2100204467710105E-6   -6.267118894978191
3.1245347342542178E-6     -3.2812449881053414E-6   -6.578247859824896
3.0308702070209116E-6     -3.3524695294396723E-6   -6.874470155874891
3.257983401933716E-6      -3.3071524669942003E-6   -5.960201508917668
3.16431887470041E-6       -3.378377008328531E-6    -6.27376992473331
3.297767542379908E-6      -3.4042844872173905E-6   -5.67306969359149
3.3625972993206564E-6     -3.5293968599988994E-6   -5.266603853430719
3.2291486316411582E-6     -3.50348938111004E-6     -5.866799105955421
3.09569996396166E-6       -3.4775819022211812E-6   -6.450153217331898
2.9622512962821623E-6     -3.4516744233323224E-6   -7.033507328708553
2.8288026286026645E-6     -3.425766944443464E-6    -7.614795832765712
3.2939783885819075E-6     -3.628601753891549E-6    -5.453630394929487
3.1605297209024093E-6     -3.60269427500269E-6     -6.040742947585709
3.027081053222911E-6      -3.5767867961138312E-6   -6.6240970589620405
2.893632385543413E-6      -3.5508793172249724E-6   -7.207797878887286
3.2253594778431577E-6     -3.7278066477841994E-6   -5.640656936428568
3.0919108101636595E-6     -3.70189916889534E-6     -6.214686789215337
2.958462142484162E-6      -3.6759916900064817E-6   -6.800799925008977
3.1567405671044087E-6     -3.827011541676849E-6    -5.827683477927573
3.0232918994249106E-6     -3.8011040627879905E-6   -6.39380197113047
3.0881216563656594E-6     -3.9262164355694994E-6   -6.009882220569852
3.4208262544691572E-6     -3.641058446664419E-6    -4.935018376259935
3.352207343730408E-6      -3.740263340557069E-6    -5.135127617628362
3.2835884329916585E-6     -3.839468234449719E-6    -5.335236858996838
3.2149695222529095E-6     -3.938673128342369E-6    -5.519646607200519
3.479055209617658E-6      -3.7527200333299386E-6   -4.62027404023869
3.4104362988789087E-6     -3.851924927222589E-6    -4.820383281607208
3.3418173881401593E-6     -3.951129821115239E-6    -5.014891117677014
3.5372841647661584E-6     -3.864381619995459E-6    -4.3055297042169975
3.468665254027409E-6      -3.963586513888109E-6    -4.510135628153629
3.5955131199146596E-6     -3.976043206660979E-6    -4.005380138629927
3.6638249996046893E-6     -4.086492301350157E-6    -3.693449884573443
3.5369771337174387E-6     -4.0740356085772875E-6   -4.1988816111465646
3.410129267830189E-6      -4.061578915804418E-6    -4.693539012803506
3.283281401942939E-6      -4.0491222230315475E-6   -5.18819641446032
3.156433536055689E-6      -4.036665530258679E-6    -5.678685039864173
3.6052890134074685E-6     -4.184484703266467E-6    -3.8801558669614034
3.4784411475202183E-6     -4.172028010493596E-6    -4.377788313228411
3.3515932816329686E-6     -4.159571317720727E-6    -4.872445714885446
3.2247454157457184E-6     -4.147114624947857E-6    -5.366206181285415
3.546753027210248E-6      -4.282477105182776E-6    -4.066861849350072
3.419905161322998E-6      -4.270020412409905E-6    -4.556695015310221
3.293057295435748E-6      -4.257563719637036E-6    -5.053727322706933
3.4882170410130276E-6     -4.3804695070990845E-6   -4.253567831738742
3.361369175125778E-6      -4.368012814326215E-6    -4.741248464128411
3.7297133510948117E-6     -4.187763256996025E-6    -3.4041869924285764
3.6711773648975912E-6     -4.285755658912334E-6    -3.5986922551237526
3.6126413787003708E-6     -4.3837480608286425E-6   -3.7931975178188373
3.5541053925031508E-6     -4.481740462744952E-6    -3.981111429639843
3.795601702584934E-6      -4.2890342126418925E-6   -3.125698425200645
3.737065716387714E-6      -4.387026614558202E-6    -3.3202036878958383
3.678529730190493E-6      -4.485019016474511E-6    -3.512455835957218
3.861490054075057E-6      -4.39030516828776E-6     -2.847209857972275
3.8029540678778368E-6     -4.48829757020407E-6     -3.0438002422745534
3.9273784055651795E-6     -4.491576123933629E-6    -2.5751446485919676
3.877653105731563E-6      -4.592605188400991E-6    -2.7550349537244623
3.7532287680442194E-6     -4.589326634671431E-6    -3.2193523111663493
3.6288044303568762E-6     -4.586048080941873E-6    -3.6836696686079944
3.827927805897946E-6      -4.693634252868352E-6    -2.928501901008721
3.7035034682106025E-6     -4.690355699138794E-6    -3.3928192584507233
3.778202506064329E-6      -4.7946633173357146E-6   -3.1019688482929455
-4.504168067077502E-6     -5.842670751346461E-7    6.993367008014272
-4.59701451337959E-6      -6.350642386367724E-7    8.051504815925679
-4.689860959681678E-6     -6.858614021388988E-7    9.06174750901272
-4.782707405983765E-6     -7.366585656410252E-7    10.071990202100078
-4.472568365665444E-6     -7.082342534942146E-7    6.366725613689053
-4.565414811967531E-6     -7.59031416996341E-7     7.371532334973043
-4.65826125826962E-6      -8.098285804984674E-7    8.381775028060243
-4.440968664253386E-6     -8.322014318537831E-7    5.740084219365094
-4.533815110555473E-6     -8.829985953559094E-7    6.691559854019562
-4.409368962841327E-6     -9.561686102133518E-7    5.113442825041606
-4.3915920601978356E-6    -5.949020654022226E-7    5.447622082201347
-4.3599923587857766E-6    -7.188692437617911E-7    4.874311774506378
-4.3283926573737184E-6    -8.428364221213596E-7    4.301001466811166
-4.29679295596166E-6      -9.668036004809283E-7    3.7564130218512997
-4.279016053318169E-6     -6.05537055669799E-7     3.9497722712160734
-4.247416351906111E-6     -7.295042340293676E-7    3.376461963520178
-4.215816650494053E-6     -8.534714123889361E-7    2.8071470386871837
-4.1664400464385024E-6    -6.161720459373754E-7    2.451922460228947
-4.134840345026444E-6     -7.40139224296944E-7     1.857881055522989
-4.053864039558836E-6     -6.268070362049521E-7    0.9086150723584004
-3.9051857484006244E-6    -6.313398517056998E-7    -0.924344316267204
-3.986162053868233E-6     -7.44672039797692E-7     0.1275165698111504
-4.06713835933584E-6      -8.58004227889684E-7     1.1015090328492538
-4.148114664803449E-6     -9.71336415981676E-7     2.0755014958867277
-4.229090970271057E-6     -1.0846686040736682E-6   2.935327796221843
-3.837483762710021E-6     -7.492048552984397E-7    -1.6125363102532775
-3.918460068177629E-6     -8.625370433904318E-7    -0.608124355851281
-3.999436373645237E-6     -9.75869231482424E-7     0.3658681071865076
-4.080412679112846E-6     -1.0892014195744159E-6   1.2921380261165494
-3.7697817770194176E-6    -8.670698588911796E-7    -2.3007283042423428
-3.850758082487025E-6     -9.804020469831717E-7    -1.3437652815146612
-3.9317343879546335E-6    -1.0937342350751638E-6   -0.3510517439896888
-3.7020797913288145E-6    -9.849348624839196E-7    -2.988920298230384
-3.783056096796423E-6     -1.0982670505759115E-6   -1.9942415140953758
-3.634377805638211E-6     -1.1027998660766594E-6   -3.614043277017336
-3.380029223724793E-6     -6.5710469016839E-7      -7.729138064501209
-3.511318354893751E-6     -6.506634805527174E-7    -6.028000288674983
-3.6426074860627083E-6    -6.442222709370448E-7    -4.352737772218786
-3.7738966172316664E-6    -6.377810613213723E-7    -2.677475255763298
-3.4436163692031476E-6    -7.685284841454573E-7    -6.676430824396166
-3.5749055003721053E-6    -7.620872745297848E-7    -4.993480834531217
-3.7061946315410634E-6    -7.556460649141123E-7    -3.318218318075375
-3.507203514681502E-6     -8.799522781225247E-7    -5.6237235842925415
-3.6384926458504595E-6    -8.735110685068521E-7    -3.9589613803879886
-3.570790660159857E-6     -9.91376072099592E-7     -4.571016344187971
-3.4994628864066008E-6    -1.1068008887049889E-6   -5.025591774920226
-3.36454796717499E-6      -1.1108019113333181E-6   -6.425412753071151
-3.2296330479433792E-6    -1.1148029339616474E-6   -7.825233731222705
-3.0947181287117685E-6    -1.1188039565899768E-6   -9.225054709373314
-2.959803209480158E-6     -1.122804979218306E-6    -10.585719456006592
-3.4358757409282457E-6    -9.953770947279214E-7    -6.004592588496199
-3.3009608216966354E-6    -9.993781173562507E-7    -7.466856931318506
-3.1660459024650246E-6    -1.00337913998458E-6     -8.929121274140009
-3.0311309832334143E-6    -1.0073801626129094E-6   -10.309914878407161
-3.372288595449891E-6     -8.83953300750854E-7     -7.07548761456264
-3.2373736762182807E-6    -8.879543233791834E-7    -8.53775195738451
-3.10245875698667E-6      -8.919553460075127E-7    -9.973123132882684
-3.308701449971537E-6     -7.725295067737866E-7    -8.146382640628838
-3.1737865307399265E-6    -7.76530529402116E-7     -9.636331387358677
-3.2451143044931823E-6    -6.611057127967193E-7    -9.299539641834043
-2.7113290726646386E-6    -6.69404611510076E-7     -15.666272756208606
-2.844775380621774E-6     -6.673298868317367E-7    -14.093424212076634
-2.97822168857891E-6      -6.652551621533977E-7    -12.522883347042196
-3.1116679965360462E-6    -6.631804374750585E-7    -10.952342482008547
-2.7734476068685185E-6    -7.827547034371334E-7    -14.374100698392525
-2.9068939148256545E-6    -7.806799787587943E-7    -12.80509752133493
-3.0403402227827905E-6    -7.786052540804552E-7    -11.23455665630057
-2.8355661410723983E-6    -8.961047953641909E-7    -13.08192864057676
-2.969012449029534E-6     -8.940300706858517E-7    -11.516770830594057
-2.8976846752762782E-6    -1.0094548872912486E-6   -11.789756582759104
3.81926951604596E-7       -1.1072214018388968E-6   -27.84656981310836
4.428094102477049E-7      -9.962867939525546E-7    -28.97911231488491
5.036918688908137E-7      -8.853521860662122E-7    -30.153151279331865
5.645743275339226E-7      -7.744175781798697E-7    -31.327190243777313
6.254567861770314E-7      -6.634829702935274E-7    -32.5012292082245
3.09574943808447E-7       -9.968538069063255E-7    -29.132885154829292
3.7045740245155585E-7     -8.859191990199832E-7    -30.285098717572037
4.313398610946647E-7      -7.749845911336408E-7    -31.52461776068775
4.922223197377735E-7      -6.640499832472984E-7    -32.76413680380381
2.37222936012298E-7       -8.864862119737542E-7    -30.470880326908905
2.981053946554068E-7      -7.755516040874118E-7    -31.684442104886546
3.589878532985157E-7      -6.646169962010695E-7    -32.92396114800258
1.64870928216149E-7       -7.761186170411829E-7    -31.80887549898962
2.2575338685925782E-7     -6.651840091548406E-7    -33.08378549220171
9.251892041999999E-8      -6.657510221086116E-7    -33.14687067106995
6.960336033191314E-7      -7.720468989972018E-7    -30.988466775327456
6.351511446760225E-7      -8.82981506883544E-7     -29.879907889550875
5.742686860329138E-7      -9.939161147698864E-7    -28.771349003774283
5.133862273898049E-7      -1.1048507226562288E-6   -27.648865545213496
7.666104204612314E-7      -8.806108277008759E-7    -29.578787593811754
7.057279618181226E-7      -9.915454355872182E-7    -28.47022870803513
6.448455031750138E-7      -1.1024800434735606E-6   -27.35913212174645
8.371872376033315E-7      -9.891747564045502E-7    -28.169108412295657
7.763047789602227E-7      -1.1001093642908924E-6   -27.069398698279322
9.077640547454316E-7      -1.0977386851082245E-6   -26.779665274812118
-2.2880402482428145E-6    -1.1113629425081475E-6   -16.913575021103554
-2.227494992705622E-6     -1.0001726507352226E-6   -18.263375476197872
-2.16694973716843E-6      -8.889823589622977E-7    -19.701612912441952
-2.1064044816312372E-6    -7.777920671893728E-7    -21.139850348684618
-2.0458592260940447E-6    -6.666017754164479E-7    -22.57808778492854
-2.3602743062864033E-6    -1.0003012579231217E-6   -16.982150121104702
-2.2997290507492107E-6    -8.891109661501968E-7    -18.344012114115586
-2.239183795212018E-6     -7.779206743772719E-7    -19.795553528731276
-2.1786385396748256E-6    -6.66730382604347E-7     -21.24709494334782
-2.4325083643299925E-6    -8.892395733380958E-7    -17.017617729053384
-2.3719631087928E-6       -7.780492815651708E-7    -18.441755250640185
-2.3114178532556073E-6    -6.66858989792246E-7     -19.89329666525504
-2.504742422373581E-6     -7.7817788875307E-7      -17.05308533700191
-2.4441971668363886E-6    -6.669875969801451E-7    -18.539498387163118
-2.57697648041717E-6      -6.671162041680442E-7    -17.088552944949807
-2.63909501462105E-6      -7.804662960951018E-7    -15.695388355936506
-2.7012135488249293E-6    -8.938163880221593E-7    -14.399370931044002
-2.7633320830288096E-6    -1.0071664799492168E-6   -13.103353506152446
-2.8254506172326895E-6    -1.1205165718762744E-6   -11.890301274686248
-2.5668609565774607E-6    -8.915279806801276E-7    -15.722196276562387
-2.628979490781341E-6     -1.004878072607185E-6    -14.426178851670672
-2.6910980249852204E-6    -1.1182281645342426E-6   -13.15966894165905
-2.494626898533872E-6     -1.0025896652651533E-6   -15.749004197190388
-2.5567454327377522E-6    -1.115939757192211E-6    -14.429036608631852
-2.422392840490283E-6     -1.1136513498501793E-6   -15.698404275604656
-1.619945831842915E-6     -1.108233072062349E-6    -22.044399691181383
-1.5598499523327703E-6    -9.976760640283786E-7    -23.469222895664753
-1.4997540728226256E-6    -8.871190559944079E-7    -24.97890972084872
-1.4396581933124809E-6    -7.765620479604375E-7    -26.48859654603158
-1.379562313802336E-6     -6.660050399264669E-7    -27.998283371215077
-1.6930194595857026E-6    -9.976687543785839E-7    -22.47543984645943
-1.6329235800755575E-6    -8.871117463446132E-7    -23.916205394932298
-1.5728277005654128E-6    -7.765547383106426E-7    -25.456377946640107
-1.5127318210552681E-6    -6.659977302766722E-7    -26.996550498348547
-1.7660930873284899E-6    -8.871044366948185E-7    -22.895490711245046
-1.705997207818345E-6     -7.765474286608479E-7    -24.404964885356495
-1.6459013283082003E-6    -6.659904206268775E-7    -25.945137437064805
-1.8391667150712772E-6    -7.765401190110534E-7    -23.315541576031613
-1.7790708355611325E-6    -6.659831109770828E-7    -24.893724375780693
-1.912240342814065E-6     -6.659758013272882E-7    -23.735592440818493
-1.972785598351257E-6     -7.771660931002131E-7    -22.20394010926987
-2.0333308538884496E-6    -8.88356384873138E-7     -20.7790066513988
-2.093876109425642E-6     -9.995466766460628E-7    -19.354073193525995
-2.1544213649628347E-6    -1.1107369684189879E-6   -17.998664479802926
-1.8997119706084697E-6    -8.877304107839783E-7    -21.85259787012093
-1.9602572261456623E-6    -9.989207025569032E-7    -20.42766441224931
-2.020802481682855E-6     -1.110110994329828E-6    -19.028331612356396
-1.8266383428656823E-6    -9.982947284677434E-7    -21.501255630972377
-1.8871835984028748E-6    -1.1094850202406683E-6   -20.05799874490892
-1.753564715122895E-6     -1.1088590461515088E-6   -21.087665877461603
-2.8356793817373284E-7    -1.1108346143735862E-6   -27.63286631850414
-2.228209680142161E-7     -9.99744376934077E-7     -28.953115509498822
-1.620739978546993E-7     -8.886541394945679E-7    -30.33433951732374
-1.0132702769518254E-7    -7.775639020550587E-7    -31.71556352514787
-4.058005753566576E-8     -6.664736646155495E-7    -33.09678753297248
-3.5681240729334734E-7    -9.998841911860805E-7    -28.705533244465162
-2.9606543713383057E-7    -8.887939537465712E-7    -30.046074016251062
-2.353184669743138E-7     -7.77703716307062E-7     -31.485614182901518
-1.7457149681479703E-7    -6.666134788675528E-7    -32.92515434955153
-4.300568764129619E-7     -8.889337679985746E-7    -29.811516593091696
-3.6930990625344506E-7    -7.778435305590654E-7    -31.22106408009218
-3.0856293609392834E-7    -6.667532931195562E-7    -32.660604246742245
-5.033013455325764E-7     -7.779833448110687E-7    -30.91749994171656
-4.425543753730596E-7     -6.668931073715595E-7    -32.396054143931906
-5.765458146521909E-7     -6.670329216235629E-7    -32.023483290342206
3.177195026048323E-8      -7.768412595481209E-7    -31.727223656739003
-2.897501989903354E-8     -8.879314969876299E-7    -30.404315807739966
-8.972199005855031E-8     -9.990217344271392E-7    -29.081407958741092
-1.5046896021806708E-7    -1.1101119718666484E-6   -27.767404316588873
1.0412395805663223E-7     -8.872088544806921E-7    -30.450576699894082
4.337698789711546E-8      -9.982990919202014E-7    -29.12766885089472
-1.7369982262401295E-8    -1.1093893293597104E-6   -27.810452031857558
1.7647596585278123E-7     -9.975764494132634E-7    -29.173929743048838
1.1572899569326446E-7     -1.1086666868527726E-6   -27.8534997471249
2.4882797364893025E-7     -1.1079440443458348E-6   -27.89654746239386
-9.520820474260852E-7     -1.1098108971761424E-6   -25.67748152480605
-8.916236946952292E-7     -9.990652174281254E-7    -27.096053024238977
-8.311653419643732E-7     -8.883195376801082E-7    -28.590260895445354
-7.707069892335174E-7     -7.775738579320913E-7    -30.08446876665148
-7.102486365026614E-7     -6.668281781840741E-7    -31.578676637857054
-1.0255589247993065E-6    -9.989383241194132E-7    -26.45472757964039
-9.651005720684505E-7     -8.881926443713961E-7    -27.89215582519301
-9.046422193375943E-7     -7.77446964623379E-7     -29.432519292643455
-8.441838666067385E-7     -6.66701284875362E-7     -30.97288276009265
-1.0990358021725275E-6    -8.88065751062684E-7     -27.24363518954999
-1.0385774494416717E-6    -7.773200713146668E-7    -28.752435675032228
-9.781190967108157E-7     -6.665743915666499E-7    -30.292799142482046
-1.1725126795457488E-6    -7.771931780059548E-7    -28.032542799457225
-1.1120543268148927E-6    -6.664474982579376E-7    -29.612715524870193
-1.24598955691897E-6      -6.663206049492255E-7    -28.82145040936667
-1.3060854364291147E-6    -7.768776129831961E-7    -27.23106781281802
-1.3661813159392594E-6    -8.874346210171666E-7    -25.751866714159355
-1.426277195449404E-6     -9.979916290511371E-7    -24.272665615501555
-1.4863730749595492E-6    -1.1085486370851077E-6   -22.84558611224702
-1.2326085590558935E-6    -8.877501860399252E-7    -26.513532442837736
-1.2927044385660384E-6    -9.983071940738959E-7    -25.034331344179815
-1.352800318076183E-6     -1.1088642021078663E-6   -23.575172733458558
-1.1591316816826722E-6    -9.986227590966544E-7    -25.795997072858807
-1.2192275611928171E-6    -1.109179767130625E-6    -24.30475935467151
-1.0856548043094512E-6    -1.1094953321533838E-6   -25.034345975882573
-6.370041673830468E-7     -7.7777860137158E-7      -30.46741026459981
-6.974625201139027E-7     -8.88524281119597E-7     -29.019357989637378
-7.579208728447587E-7     -9.992699608676141E-7    -27.571305714674047
-8.183792255756147E-7     -1.1100156406156311E-6   -26.154863316746436
-5.637596982634323E-7     -8.887290245590858E-7    -29.430433631188784
-6.242180509942883E-7     -9.994747043071029E-7    -27.982381356225613
-6.846764037251442E-7     -1.11022038405512E-6     -26.547775266241597
-4.905152291438178E-7     -9.996794477465916E-7    -28.39345699777754
-5.509735818746737E-7     -1.1104251274946086E-6   -26.940687215736347
-4.172707600242033E-7     -1.1106298709340975E-6   -27.33359916523176
9.813752950284718E-7      -1.2078727492179105E-6   -25.555854606288513
8.49916019243263E-7       -1.2102434284005787E-6   -25.91643047606954
7.18456743458054E-7       -1.2126141075832466E-6   -26.19477702726463
5.869974676728451E-7      -1.2149847867659146E-6   -26.47312357845878
4.555381918876363E-7      -1.217355465948583E-6    -26.67925072061066
9.235272595263033E-7      -1.3203774925102647E-6   -24.725284741564188
7.920679837410943E-7      -1.3227481716929327E-6   -25.03295963329523
6.606087079558854E-7      -1.3251188508756008E-6   -25.311306184490007
5.291494321706766E-7      -1.327489530058269E-6    -25.563460529998956
8.656792240241347E-7      -1.4328822358026187E-6   -23.894714876840958
7.342199482389258E-7      -1.4352529149852866E-6   -24.149488790520177
6.027606724537168E-7      -1.4376235941679548E-6   -24.44767033938666
8.07831188521966E-7       -1.5453869790949729E-6   -23.064145012116555
6.763719127367573E-7      -1.547757658277641E-6    -23.33188014877559
7.499831530197975E-7      -1.6578917223873269E-6   -22.26068592544775
1.0510134474233E-6        -1.3131902089919707E-6   -24.35801602267974
9.931654119211313E-7      -1.4256949522843247E-6   -23.580347136006807
9.353173764189627E-7      -1.5381996955766787E-6   -22.802678249333667
8.774693409167942E-7      -1.650704438869033E-6    -22.006741642942053
1.120651599818128E-6      -1.4185076687660307E-6   -23.242406757657477
1.0628035643159594E-6     -1.5310124120583849E-6   -22.464737870984436
1.0049555288137909E-6     -1.6435171553507389E-6   -21.680341342730507
1.190289752212956E-6      -1.5238251285400909E-6   -22.126797492635628
1.1324417167107876E-6     -1.636329871832445E-6    -21.35394104251963
1.2599279046077845E-6     -1.629142588314151E-6    -21.027540742308478
1.3354800434062521E-6     -1.7419548881581138E-6   -20.019987056143144
1.2079938555092552E-6     -1.7491421716764078E-6   -20.391702576234763
1.0805076676122583E-6     -1.7563294551947018E-6   -20.706562798307868
9.530214797152617E-7      -1.7635167387129956E-6   -21.02142302038066
8.255352918182652E-7      -1.7707040222312898E-6   -21.281430223148362
1.2835459943077227E-6     -1.8619544715203703E-6   -19.407260663062726
1.156059806410726E-6      -1.8691417550386645E-6   -19.739511895466148
1.0285736185137293E-6     -1.8763290385569583E-6   -20.054372117539017
9.010874306167328E-7      -1.883516322075252E-6    -20.350356584938996
1.2316119452091936E-6     -1.981954054882627E-6    -18.794534269981444
1.104125757312197E-6      -1.989141338400921E-6    -19.087321214696445
9.766395694152003E-7      -1.9963286219192148E-6   -19.419282946729517
1.1796778961106646E-6     -2.1019536382448837E-6   -18.181807876900436
1.0521917082136681E-6     -2.109140921763178E-6    -18.48820930852039
1.1277438470121356E-6     -2.22195322160714E-6     -17.607089454540585
1.5815151132875127E-6     -2.0878584097188444E-6   -16.907798646191587
1.5200063458171974E-6     -2.0013825293286615E-6   -17.67954414990942
1.458497578346882E-6      -1.9149066489384787E-6   -18.440740019314656
1.396988810876567E-6      -1.8284307685482962E-6   -19.20193588871977
1.4680722967186683E-6     -2.1213821126909185E-6   -17.099346852884125
1.4065635292483532E-6     -2.0349062323007356E-6   -17.867477913921746
1.345054761778038E-6      -1.948430351910553E-6    -18.62867378332708
1.3546294801498242E-6     -2.154905815662992E-6    -17.290895059576542
1.2931207126795088E-6     -2.0684299352728096E-6   -18.055411677933908
1.24118666358098E-6       -2.188429518635066E-6    -17.482443266269318
1.6945996515634378E-6     -2.1828091070450683E-6   -16.06067753578605
1.6942413732705185E-6     -2.3112835073433658E-6   -15.458004264777738
1.6938830949775993E-6     -2.4397579076416637E-6   -14.855330993768957
1.6935248166846802E-6     -2.5682323079399616E-6   -14.252657722760926
1.6931665383917609E-6     -2.6967067082382595E-6   -13.715842460460737
1.8175602045202076E-6     -2.2188203866708335E-6   -15.354643377076489
1.8172019262272883E-6     -2.347294786969131E-6    -14.772735074039424
1.816843647934369E-6      -2.475769187267429E-6    -14.190826771002374
1.81648536964145E-6       -2.6042435875657268E-6   -13.646351619328115
1.9405207574769775E-6     -2.2548316662965978E-6   -14.666579806105654
1.940162479184058E-6      -2.3833060665948957E-6   -14.084671503068474
1.9398042008911393E-6     -2.511780466893194E-6    -13.516971661807808
2.0634813104337473E-6     -2.290842945922363E-6    -13.978516235134586
2.063123032140828E-6      -2.419317346220661E-6    -13.387591704286951
2.186441863390517E-6      -2.326854225548128E-6    -13.258211746766879
1.5811568349945934E-6     -2.2163328100171423E-6   -16.27381077289874
1.467714018425749E-6      -2.249856512989216E-6    -16.468973422271414
1.3542712018569046E-6     -2.28338021596129E-6     -16.664136071644243
1.2408283852880607E-6     -2.316903918933364E-6    -16.814150896951638
1.580798556701674E-6      -2.34480721031544E-6     -15.650372533918246
1.46735574013283E-6       -2.378330913287514E-6    -15.845535183291153
1.3539129235639857E-6     -2.411854616259588E-6    -16.0335686401936
1.580440278408755E-6      -2.4732816106137377E-6   -15.026934294937847
1.4669974618399108E-6     -2.5068053135858118E-6   -15.252986383435797
1.5800820001158358E-6     -2.6017560109120356E-6   -14.472404126677443
2.19329998420063E-6       -2.8200705720601676E-6   -11.474061207731033
2.1915854539981017E-6     -2.696766485432158E-6    -11.89345323165522
2.1898709237955732E-6     -2.573462398804148E-6    -12.337625764226512
2.1881563935930452E-6     -2.4501583121761378E-6   -12.78179829679765
2.0682666227484125E-6     -2.7892296061046903E-6   -12.043134876803839
2.066552092545884E-6      -2.6659255194766806E-6   -12.490230411333792
2.0648375623433565E-6     -2.542621432848671E-6    -12.934402943905164
1.9432332612961953E-6     -2.7583886401492133E-6   -12.612208545876648
1.941518731093667E-6      -2.6350845535212037E-6   -13.087007591012572
1.818199899843978E-6      -2.7275476741937364E-6   -13.181282214948983
2.2620267256019948E-6     -2.9505085235743125E-6   -10.84062257479535
2.136993364149777E-6      -2.9196675576188356E-6   -11.408859009671847
2.01196000269756E-6       -2.8888265916633583E-6   -11.950229168138263
1.8869266412453425E-6     -2.8579856257078814E-6   -12.491599326604833
1.7618932797931255E-6     -2.8271446597524044E-6   -13.016304948941315
2.2057201055511418E-6     -3.050105509132981E-6    -10.776540456683819
2.0806867440989246E-6     -3.0192645431775032E-6   -11.318876302964695
1.9556533826467074E-6     -2.9884235772220263E-6   -11.860246461431267
1.83062002119449E-6       -2.95758261126655E-6     -12.39820288981739
2.1494134855002892E-6     -3.1497024946916486E-6   -10.712458338573313
2.0243801240480716E-6     -3.1188615287361717E-6   -11.228893596257285
1.8993467625958546E-6     -3.0880205627806948E-6   -11.78010083069374
2.0931068654494363E-6     -3.249299480250317E-6    -10.64837622046182
1.968073503997219E-6      -3.21845851429484E-6     -11.161998771570092
2.0368002453985837E-6     -3.348896465808985E-6    -10.58932673705869
2.3511546308038084E-6     -3.0404571303035746E-6   -10.260318847761816
2.2948480107529555E-6     -3.1400541158622426E-6   -10.222137318246855
2.2385413907021025E-6     -3.2396511014209106E-6   -10.183955788731378
2.1822347706512504E-6     -3.339248086979579E-6    -10.127369960927311
2.4402825360056217E-6     -3.1304057370328366E-6   -9.706881397137984
2.383975915954769E-6      -3.230002722591505E-6    -9.668699867622776
2.3276692959039166E-6     -3.3295997081501727E-6   -9.623610602472848
2.5294104412074354E-6     -3.2203543437620986E-6   -9.153443946513972
2.473103821156583E-6      -3.3199513293207666E-6   -9.119851244018424
2.6185383464092495E-6     -3.310302950491361E-6    -8.616091885564117
2.4089036981637666E-6     -3.898321095106349E-6    -8.412276362542052
2.479917532863396E-6      -3.77878779041747E-6     -8.343581671813858
2.5509313675630266E-6     -3.6592544857285913E-6   -8.277340046722143
2.621945202262656E-6      -3.539721181039712E-6    -8.211098421630389
2.6929590369622857E-6     -3.420187876350834E-6    -8.144856796538555
2.33448300761073E-6       -3.788436169246876E-6    -8.824208694215583
2.40549684231036E-6       -3.668902864557997E-6    -8.762531477600305
2.4765106770099895E-6     -3.549369559869118E-6    -8.719080076812697
2.547524511709619E-6      -3.4298362551802394E-6   -8.675628676025125
2.2600623170576933E-6     -3.6785512433874033E-6   -9.25963343334342
2.331076151757323E-6      -3.559017938698524E-6    -9.211342872612821
2.4020899864569532E-6     -3.439484634009646E-6    -9.167891471825373
2.185641626504657E-6      -3.56866631752793E-6     -9.695058172471217
2.2566554612042866E-6     -3.4491330128390514E-6   -9.660154267625689
2.11122093595162E-6       -3.458781391668458E-6    -10.130482911599055
2.544747289804145E-6      -3.903900163198979E-6    -7.953920685709868
2.680590881444524E-6      -3.909479231291609E-6    -7.4713837002424714
2.816434473084902E-6      -3.915058299384239E-6    -6.988846714774722
2.952278064725281E-6      -3.920637367476869E-6    -6.506309729307089
2.615761124503775E-6      -3.7843668585100997E-6   -7.879825773634229
2.7516047161441538E-6     -3.78994592660273E-6     -7.386208286228075
2.8874483077845317E-6     -3.79552499469536E-6     -6.892590798822033
2.6867749592034045E-6     -3.6648335538212214E-6   -7.790793924238178
2.8226185508437833E-6     -3.6704126219138515E-6   -7.297176436832103
2.7577887939030345E-6     -3.5453002491323422E-6   -7.7017620748424
2.8357004254260516E-6     -4.354178624788461E-6    -6.5813335324486815
2.8988057331609537E-6     -4.247188077483721E-6    -6.440610286269765
2.9619110408958557E-6     -4.14019753017898E-6     -6.299887040090848
3.0250163486307573E-6     -4.0332069828742395E-6   -6.159163793911931
2.6998568337856732E-6     -4.348599556695831E-6    -7.046768807606307
2.762962141520575E-6      -4.2416090093910905E-6   -6.905300078775082
2.8260674492554765E-6     -4.1346184620863495E-6   -6.77840481845087
2.8891727569903785E-6     -4.027627914781609E-6    -6.651509558126638
2.627118549880196E-6      -4.23602994129846E-6     -7.381748547860639
2.690223857615098E-6      -4.129039393993719E-6    -7.249861301979778
2.75332916535E-6          -4.022048846688979E-6    -7.122966041655536
2.55438026597472E-6       -4.123460325901089E-6    -7.716728288115287
2.6174855737096213E-6     -4.016469778596349E-6    -7.594422525184927
2.481641982069243E-6      -4.010890710503719E-6    -8.05170802836966
3.093328228320787E-6      -4.143656077563419E-6    -5.8290674956442
3.030222920585885E-6      -4.250646624868159E-6    -5.983618727678038
2.967117612850983E-6      -4.357637172172899E-6    -6.138169959711491
2.9040123051160813E-6     -4.464627719477639E-6    -6.286048113173743
3.1616401080108163E-6     -4.254105172252597E-6    -5.519860478062323
3.0985348002759147E-6     -4.361095719557337E-6    -5.6744117100958675
3.0354294925410127E-6     -4.4680862668620775E-6   -5.827057978843516
3.229951987700846E-6      -4.364554266941776E-6    -5.210653460480017
3.166846679965944E-6      -4.471544814246517E-6    -5.368067844513051
3.2982638673908758E-6     -4.475003361630955E-6    -4.909077710182943
3.124445715899046E-6      -4.787926216221718E-6    -5.437392466111978
3.182385099729656E-6      -4.683618598024796E-6    -5.2638313032306305
3.240324483560265E-6      -4.579310979827875E-6    -5.09027014034894
3.050967912304724E-6      -4.680160050640358E-6    -5.718053322275158
3.1089072961353345E-6     -4.575852432443437E-6    -5.544492159393756
2.9774901087104023E-6     -4.572393885058999E-6    -5.998714178438782
-3.901985365354407E-6     -1.6030771160721638E-6   -0.4142102446276712
-3.848463853411168E-6     -1.503021666073063E-6    -1.0230394044713134
-3.794942341467929E-6     -1.402966216073962E-6    -1.652091238870145
-3.7414208295246894E-6    -1.3029107660748613E-6   -2.281143073268347
-3.6878993175814507E-6    -1.2028553160757602E-6   -2.9101949076670213
-3.99714214456938E-6      -1.4984888505723153E-6   0.5210514035258378
-3.9436206326261404E-6    -1.3984334005732144E-6   -0.0843960279778022
-3.8900991206829004E-6    -1.298377950574113E-6    -0.6926229589888051
-3.836577608739661E-6     -1.1983225005750125E-6   -1.300849890000132
-4.092298923784352E-6     -1.3939005850724664E-6   1.4934546179410426
-4.038777411841112E-6     -1.2938451350733655E-6   0.8841231925207743
-3.9852558998978736E-6    -1.1937896850742645E-6   0.27589626150964996
-4.187455702999324E-6     -1.2893123195726176E-6   2.465857832356641
-4.133934191056085E-6     -1.1892568695735166E-6   1.8526424130202868
-4.282612482214296E-6     -1.1847240540727689E-6   3.438261046772397
-4.762454169532837E-6     -1.444133883164986E-6    7.806063622975979
-4.649354486779821E-6     -1.5293834657582484E-6   6.595249454706506
-4.536254804026805E-6     -1.6146330483515108E-6   5.384435286437668
-4.4231551212737894E-6    -1.6998826309447733E-6   4.250247359897767
-4.638008021818691E-6     -1.3744467551652851E-6   6.737613231872423
-4.524908339065675E-6     -1.4596963377585476E-6   5.5267990636035815
-4.411808656312659E-6     -1.54494592035181E-6     4.33349764044589
-4.513561874104545E-6     -1.3047596271655843E-6   5.669162840769184
-4.400462191351529E-6     -1.3900092097588467E-6   4.4167479209931475
-4.389115726390399E-6     -1.2350724991658835E-6   4.499998201541822
-4.00848860953051E-6      -1.6534255611652786E-6   0.5332215435380603
-4.103645388745482E-6     -1.5488372956654297E-6   1.4704223284196545
-4.1988021679604535E-6    -1.4442490301655808E-6   2.446709536752441
-4.293958947175427E-6     -1.339660764665732E-6    3.422996745084913
-4.114991853706612E-6     -1.703774006258393E-6    1.4576959284385036
-4.210148632921584E-6     -1.599185740758544E-6    2.422572752821796
-4.305305412136557E-6     -1.4945974752586954E-6   3.3988599611547405
-4.221495097882715E-6     -1.7541224513515073E-6   2.3821703133390257
-4.316651877097687E-6     -1.6495341858516587E-6   3.3747231772243005
-4.327998342058817E-6     -1.804470896444622E-6    3.306644698239233
-3.7770641293290795E-6    -1.6327868065161879E-6   -1.4825305833877027
-3.652142893303752E-6     -1.6624964969602118E-6   -2.543132555300888
-3.5272216572784244E-6    -1.6922061874042356E-6   -3.60373452721423
-3.402300421253097E-6     -1.7219158778482595E-6   -4.66433649912773
-3.2773791852277692E-6    -1.7516255682922836E-6   -5.659283926577558
-3.7235426173858404E-6    -1.532731356517087E-6    -2.0924384575079378
-3.5986213813605126E-6    -1.5624410469611106E-6   -3.191713354549925
-3.4737001453351848E-6    -1.5921507374051347E-6   -4.290988251591691
-3.348778909309858E-6     -1.6218604278491588E-6   -5.314732823189307
-3.670021105442601E-6     -1.432675906517986E-6    -2.7423151952940934
-3.5450998694172734E-6    -1.4623855969620099E-6   -3.8415900923354744
-3.420178633391946E-6     -1.492095287406034E-6    -4.90764697808361
-3.6164995934993616E-6    -1.332620456518885E-6    -3.3921919330802965
-3.4915783574740343E-6    -1.3623301469629091E-6   -4.500561132978465
-3.562978081556123E-6     -1.2325650065197843E-6   -4.0934752878741065
-3.0233184046296807E-6    -1.2485690970331016E-6   -9.504909383285296
-3.1582333238612906E-6    -1.2445680744047722E-6   -8.157014745325402
-3.2931482430929014E-6    -1.2405670517764428E-6   -6.819637131844048
-3.428063162324512E-6     -1.2365660291481135E-6   -5.482259518362854
-3.086833599779203E-6     -1.374333214847897E-6    -8.520300630196136
-3.221748519010813E-6     -1.3703321922195676E-6   -7.184410662798295
-3.356663438242424E-6     -1.3663311695912384E-6   -5.847033049316865
-3.150348794928725E-6     -1.5000973326626926E-6   -7.53569187710721
-3.2852637141603353E-6    -1.4960963100343632E-6   -6.211806580271966
-3.213863990078247E-6     -1.625861450477488E-6    -6.551083124018521
-2.593301215398516E-6     -1.6692872406918082E-6   -11.421085594307291
-2.6666016142148446E-6    -1.559990788397108E-6    -11.28261837051058
-2.7399020130311727E-6    -1.4506943361024073E-6   -11.120638316771597
-2.8132024118475013E-6    -1.341397883807707E-6    -10.958658263031904
-2.8865028106638295E-6    -1.2321014315130066E-6   -10.796678209291423
-2.730116809364367E-6     -1.6857549062119034E-6   -10.2897504527901
-2.803417208180695E-6     -1.5764584539172027E-6   -10.137954394719504
-2.8767176069970235E-6    -1.4671620016225023E-6   -9.93044506573436
-2.950018005813352E-6     -1.357865549327802E-6    -9.722935736749534
-2.866932403330217E-6     -1.7022225717319983E-6   -9.130996503431167
-2.9402328021465456E-6    -1.5929261194372977E-6   -8.933831642083772
-3.013533200962874E-6     -1.4836296671425974E-6   -8.726322313098418
-3.0037479972960677E-6    -1.7186902372520935E-6   -7.972242554070897
-3.0770483961123963E-6    -1.609393784957393E-6    -7.729708889447098
-3.1405635912619185E-6    -1.7351579027721886E-6   -6.813488604711807
-2.532249021967376E-6     -1.5577023810550762E-6   -12.443539039769028
-2.4711968285362355E-6    -1.4461175214183438E-6   -13.53891558055183
-2.410144635105095E-6     -1.3345326617816118E-6   -14.634292121336125
-2.3490924416739546E-6    -1.2229478021448796E-6   -15.729668662119082
-2.6055494207837037E-6    -1.4484059287603754E-6   -12.322618803596761
-2.5444972273525632E-6    -1.3368210691236432E-6   -13.42207801352842
-2.483445033921423E-6     -1.2252362094869115E-6   -14.521537223459822
-2.6788498196000323E-6    -1.339109476465675E-6    -12.206168025103558
-2.617797626168892E-6     -1.227524616828943E-6    -13.305627235034905
-2.752150218416361E-6     -1.2298130241709747E-6   -12.089717246608844
3.237716683106468E-7      -1.219134118259991E-6    -26.7959870274999
1.9067269035498104E-7     -1.219856760766929E-6    -26.835478889162918
5.7573712399315244E-8     -1.2205794032738669E-6   -26.795644350779746
-7.55252655563505E-8      -1.2213020457808047E-6   -26.75580981239673
-2.0862424351201629E-7    -1.2220246882877427E-6   -26.633050098703713
2.6561638501669765E-7     -1.3310468346810853E-6   -25.785753567106372
1.3251740706103184E-7     -1.3317694771880231E-6   -25.77514563974164
-5.815708946339358E-10    -1.3324921196949612E-6   -25.735311101358782
-1.3368054885029968E-7    -1.333214762201899E-6    -25.665903858296893
2.0746110172274841E-7     -1.4429595511021796E-6   -24.77552010671237
7.436212376708263E-8      -1.4436821936091174E-6   -24.714812390320482
-5.873685418858313E-8     -1.4444048361160552E-6   -24.698757617888994
1.4930581842879923E-7     -1.5548722675232739E-6   -23.765286646319552
1.6206840473133463E-8     -1.5555949100302117E-6   -23.731611377481627
9.115053513485003E-8      -1.666784983944368E-6    -22.79817647588672
2.2291705871183954E-7     -1.66500633163296E-6     -22.76483860163265
3.5468358228882904E-7     -1.6632276793215516E-6   -22.65762364312276
4.864501058658185E-7      -1.6614490270101432E-6   -22.550408684612954
6.18216629442808E-7       -1.6596703746987351E-6   -22.443193726103146
2.810723420057887E-7      -1.5530936152118656E-6   -23.726630297468624
4.128388655827782E-7      -1.5513149629004572E-6   -23.617000981581096
5.446053891597677E-7      -1.5495363105890489E-6   -23.507371665692713
3.392276252997379E-7      -1.4411808987907711E-6   -24.686763968834086
4.709941488767274E-7      -1.439402246479363E-6    -24.5771346529466
3.9738290859368713E-7     -1.329268182369677E-6    -25.64689764020136
-1.9178488837705904E-6    -1.655758907627308E-6    -16.19310284030338
-1.8582682733850555E-6    -1.5462537405143161E-6   -17.291836003624645
-1.7986876629995202E-6    -1.4367485734013243E-6   -18.459329652927195
-1.7391070526139851E-6    -1.3272434062883324E-6   -19.626823302229823
-1.67952644222845E-6      -1.2177382391753408E-6   -20.794316951531904
-1.991887156665035E-6     -1.5468797146034759E-6   -16.356236947461397
-1.9323065462795005E-6    -1.4373745474904838E-6   -17.466854567421002
-1.872725935893965E-6     -1.327869380377492E-6    -18.65304249931401
-1.8131453255084299E-6    -1.2183642132645004E-6   -19.83923043120645
-2.0659254295594803E-6    -1.4380005215796436E-6   -16.504131480791237
-2.006344819173945E-6     -1.3284953544666518E-6   -17.66729945293196
-1.94676420878841E-6      -1.2189901873536602E-6   -18.853487384824966
-2.139963702453925E-6     -1.3291213285558116E-6   -16.65202601412021
-2.08038309206839E-6      -1.2196161614428197E-6   -17.867744338442346
-2.21400197534837E-6      -1.2202421355319795E-6   -16.79992054744997
-2.2750541687795102E-6    -1.3318269951687117E-6   -15.626545931204033
-2.3361063622106503E-6    -1.4434118548054439E-6   -14.535252059568656
-2.3971585556417903E-6    -1.5549967144421758E-6   -13.443958187932804
-2.458210749072931E-6     -1.6665815740789082E-6   -12.41340275166521
-2.201015895885065E-6     -1.4407061881925437E-6   -15.531201750055214
-2.2620680893162055E-6    -1.552291047829276E-6    -14.439907878420385
-2.3231202827473456E-6    -1.6638759074660081E-6   -13.371459374971952
-2.1269776229906203E-6    -1.5495853812163758E-6   -15.43585756890796
-2.188029816421761E-6     -1.661170240853108E-6    -14.329515998279245
-2.0529393500961756E-6    -1.658464574240208E-6    -15.287572621585594
-1.2476472567856767E-6    -1.659576537311112E-6    -19.74895849731932
-1.1885342149137583E-6    -1.5496234092841182E-6   -20.868912814901364
-1.12942117304184E-6      -1.439670281257124E-6    -22.052852920534605
-1.0703081311699217E-6    -1.3297171532301304E-6   -23.236793026168154
-1.0111950892980034E-6    -1.2197640252031363E-6   -24.42073313180163
-1.3221069717971245E-6    -1.5493078442613594E-6   -20.2091878894001
-1.262993929925206E-6     -1.4393547162343653E-6   -21.34286005855614
-1.2038808880532876E-6    -1.3294015882073716E-6   -22.55865012199955
-1.1447678461813695E-6    -1.2194484601803775E-6   -23.774440185443055
-1.3965666868085721E-6    -1.4390391512116068E-6   -20.670973415311558
-1.3374536449366536E-6    -1.3290860231846129E-6   -21.861142608255214
-1.2783406030647355E-6    -1.219132895157619E-6    -23.076932671698042
-1.4710264018200197E-6    -1.328770458161854E-6    -21.13275894122364
-1.4119133599481014E-6    -1.2188173301348602E-6   -22.379425157953126
-1.5454861168314673E-6    -1.2185017651121016E-6   -21.594544467134938
-1.6050667272170024E-6    -1.3280069322250933E-6   -20.35837192334999
-1.6646473376025375E-6    -1.437512099338085E-6    -19.20957255663768
-1.7242279479880726E-6    -1.5470172664510767E-6   -18.060773189925612
-1.7838085583736077E-6    -1.6565224335640688E-6   -16.958611727535875
-1.5306070122055546E-6    -1.438275625274846E-6    -19.953083421224207
-1.59018762259109E-6      -1.5477807923878378E-6   -18.80428405451249
-1.649768232976625E-6     -1.6572859595008296E-6   -17.672804556413407
-1.456147297194107E-6     -1.5485443183245984E-6   -19.54779491910015
-1.5157279075796423E-6    -1.6580494854375902E-6   -18.38699738529062
-1.3816875821826596E-6    -1.6588130113743513E-6   -19.101190214168074
-3.423087638581094E-7     -1.2216519562108226E-6   -26.444702435186816
-4.760115857085798E-7     -1.2214472127713336E-6   -26.138036876398324
-6.097144075590503E-7     -1.221242469331845E-6    -25.763288618959177
-7.434172294095208E-7     -1.2210377258923562E-6   -25.388540361520658
-8.771200512599913E-7     -1.2208329824528675E-6   -24.92561477245749
-4.0104958954248596E-7    -1.3324692980480587E-6   -25.314712412021017
-5.347524113929564E-7     -1.33226455460857E-6     -24.965355786698936
-6.684552332434269E-7     -1.3320598111690813E-6   -24.590607529260144
-8.021580550938973E-7     -1.3318550677295925E-6   -24.184562720624548
-4.597904152268625E-7     -1.4432866398852953E-6   -24.184722388854347
-5.934932370773329E-7     -1.4430818964458063E-6   -23.792674696999594
-7.271960589278034E-7     -1.4428771530063176E-6   -23.44351066879066
-5.185312409112391E-7     -1.5541039817225314E-6   -23.05473236568723
-6.522340627617096E-7     -1.5538992382830427E-6   -22.70245861695836
-5.772720665956156E-7     -1.6649213235597677E-6   -21.98023865098428
-9.362330931319096E-7     -1.3307861104798614E-6   -23.68534729301018
-9.953461350038277E-7     -1.4407392385068553E-6   -22.533257145186436
-1.054459176875746E-6     -1.5506923665338492E-6   -21.381166997362357
-1.1135722187476646E-6    -1.6606454945608433E-6   -20.26120489158251
-8.612710969658155E-7     -1.4418081957565864E-6   -23.001176021603552
-9.203841388377339E-7     -1.5517613237835803E-6   -21.849085873780425
-9.794971807096523E-7     -1.6617144518105742E-6   -20.709686263135666
-7.863091007997217E-7     -1.5528302810333115E-6   -22.31700475019848
-8.4542214267164E-7       -1.6627834090603056E-6   -21.158167634688976
-7.113471046336279E-7     -1.6638523663100366E-6   -21.60664900624237
-4.435875462495225E-7     -1.6652940556366879E-6   -22.21679029699142
-3.099030259034293E-7     -1.6656667877136078E-6   -22.381787397528406
-1.7621850555733625E-7    -1.666039519790528E-6    -22.54678449806439
-4.253398521124307E-8     -1.666412251867448E-6    -22.711781598601043
-3.848467205651459E-7     -1.5544767137994515E-6   -23.288228053493093
-2.5116220021905275E-7    -1.5548494458763714E-6   -23.461733240350135
-1.1747767987295966E-7    -1.5552221779532916E-6   -23.635238427207096
-3.2610589488076935E-7    -1.443659371962215E-6    -24.37552701012668
-1.9242137453467624E-7    -1.444032104039135E-6    -24.54903219698354
-2.673650691963928E-7     -1.3328420301249788E-6   -25.462825966760114
6.952705171122486E-7      -1.7728377795638852E-6   -21.506898602160142
5.63503993535259E-7       -1.7746164318752933E-6   -21.679722548718406
4.3173746995826955E-7     -1.7763950841867013E-6   -21.78452314985097
2.9997094638128007E-7     -1.7781737364981098E-6   -21.889323750983536
1.6820442280429062E-7     -1.779952388809518E-6    -21.93047991986429
6.405578812046996E-7      -1.8877838367404431E-6   -20.78097132929272
5.087913576277101E-7      -1.8895624890518514E-6   -20.910666323670554
3.770248340507207E-7      -1.8913411413632597E-6   -21.01546692480304
2.452583104737312E-7      -1.893119793674668E-6    -21.09826229713178
5.858452452971507E-7      -2.0027298939170015E-6   -20.055044056425206
4.540787217201612E-7      -2.0045085462284095E-6   -20.14161009862203
3.223121981431717E-7      -2.006287198539818E-6    -20.266044674398444
5.311326093896018E-7      -2.1176759510935596E-6   -19.329116783557737
3.9936608581261233E-7     -2.1194546034049677E-6   -19.43382705166617
4.764199734820529E-7      -2.2326220082701178E-6   -18.63725348063283
6.066847481880695E-7      -2.2304882509375223E-6   -18.490733420006762
7.36949522894086E-7       -2.228354493604927E-6    -18.28241349652832
8.672142976001025E-7      -2.226220736272331E-6    -18.074093573050156
9.97479072306119E-7       -2.2240869789397356E-6   -17.865773649571203
6.613973840956183E-7      -2.115542193760964E-6    -19.178182241783887
7.916621588016349E-7      -2.1134084364283683E-6   -18.965884188893824
9.219269335076513E-7      -2.111274679095773E-6    -18.753586136003516
7.161100200031672E-7      -2.0005961365844056E-6   -19.860980562469965
8.463747947091837E-7      -1.9984623792518106E-6   -19.648682509580016
7.708226559107162E-7      -1.8856500794078475E-6   -20.543778883156737
1.0868905803837828E-6     -2.339370941167179E-6    -17.087102396860477
9.56625805677766E-7       -2.3415046984997743E-6   -17.334812820397314
8.263610309717496E-7      -2.3436384558323693E-6   -17.539154614463882
6.96096256265733E-7       -2.345772213164965E-6    -17.74349640853124
5.658314815597165E-7      -2.3479059704975606E-6   -17.898673847992733
1.0460373137554297E-6     -2.456788660727217E-6    -16.584063573371623
9.157725390494131E-7      -2.4589224180598125E-6   -16.796568104079284
7.855077643433967E-7      -2.461056175392408E-6    -17.000909898146165
6.552429896373802E-7      -2.4631899327250033E-6   -17.190778492139337
1.005184047127077E-6      -2.5742063802872553E-6   -16.081024749883156
8.749192724210603E-7      -2.5763401376198507E-6   -16.25832338776087
7.446544977150439E-7      -2.5784738949524465E-6   -16.482883136286137
9.64330780498724E-7       -2.691624099847294E-6    -15.577985926394376
8.340660057927076E-7      -2.6937578571798893E-6   -15.774987780433174
9.234775138703711E-7      -2.809041819407332E-6    -15.111505810124207
1.199975118659708E-6      -2.4343216384934027E-6   -16.30117014222683
1.1591218520313547E-6     -2.551739358053441E-6    -15.833337211568171
1.118268585403002E-6      -2.669157077613479E-6    -15.36550428090923
1.0774153187746492E-6     -2.7865747971735178E-6   -14.89632310517949
1.3130596569356328E-6     -2.529272335819626E-6    -15.558606517064367
1.2722063903072798E-6     -2.6466900553796643E-6   -15.090773586405108
1.231353123678927E-6      -2.764107774939703E-6    -14.622957939608504
1.4261441952115578E-6     -2.62422303314585E-6     -14.816042891901333
1.3852909285832049E-6     -2.7416407527058886E-6   -14.349592774037635
1.539228733487483E-6      -2.719173730472074E-6    -14.076227608466334
1.3351297480967952E-6     -3.332536732158704E-6    -12.471957703266577
1.4067371061557886E-6     -3.205370727374615E-6    -12.706858248703242
1.4783444642147815E-6     -3.0782047225905264E-6   -12.956577183957783
1.5499518222737745E-6     -2.951038717806437E-6    -13.206296119212087
1.6215591803327677E-6     -2.8238727130223483E-6   -13.456015054466155
1.2527993012515106E-6     -3.2278377496084296E-6   -12.97400460883822
1.3244066593105035E-6     -3.1006717448243407E-6   -13.221213401335119
1.3960140173694967E-6     -2.9735057400402515E-6   -13.507134250955039
1.4676213754284897E-6     -2.8463397352561627E-6   -13.793055100574602
1.1704688544062255E-6     -3.123138767058155E-6    -13.503974203364937
1.2420762124652185E-6     -2.995972762274066E-6    -13.779133887593002
1.3136835705242119E-6     -2.8688067574899774E-6   -14.065054737212924
1.0881384075609407E-6     -3.018439784507881E-6    -14.033943797891693
1.1597457656199339E-6     -2.891273779723792E-6    -14.337054373850844
1.0058079607156559E-6     -2.9137408019576066E-6   -14.56391339241841
1.475463847557153E-6      -3.33580867888876E-6     -12.132199792378149
1.6157979470175104E-6     -3.3390806256188163E-6   -11.75359445880834
1.7561320464778685E-6     -3.3423525723488724E-6   -11.3749891252381
1.8964661459382259E-6     -3.345624519078929E-6    -10.996383791667938
1.5470712056161458E-6     -3.2086426741046713E-6   -12.359089350144636
1.6874053050765034E-6     -3.2119146208347275E-6   -11.967755117959795
1.8277394045368614E-6     -3.2151865675647836E-6   -11.57642088577511
1.6186785636751392E-6     -3.0814766693205825E-6   -12.57260637103329
1.7590126631354968E-6     -3.0847486160506386E-6   -12.181272138848428
1.6902859217341321E-6     -2.9543106645364933E-6   -12.786123391922096
1.7079101541674802E-6     -3.89633070386026E-6     -10.357853466724874
1.773688172413701E-6      -3.786843856250005E-6    -10.39751193955215
1.8394661906599216E-6     -3.67735700863975E-6     -10.446372499500876
1.9052442089061423E-6     -3.5678701610294948E-6   -10.495233059449724
1.971022227152363E-6      -3.45838331341924E-6     -10.544093619398648
1.6333540729533434E-6     -3.7835719095199488E-6   -10.75352466504553
1.699132091199564E-6      -3.6740850619096935E-6   -10.80031030965782
1.7649101094457845E-6     -3.5645982142994382E-6   -10.87393952331678
1.8306881276920053E-6     -3.4551113666891834E-6   -10.947568736975757
1.5587979917392063E-6     -3.6708131151796374E-6   -11.174569886843983
1.6245760099854269E-6     -3.561326267569382E-6    -11.239815958271867
1.6903540282316475E-6     -3.4518394199591273E-6   -11.313445171930873
1.4842419105250693E-6     -3.5580543208393264E-6   -11.595615108642576
1.5500199287712898E-6     -3.448567473229071E-6    -11.679321606886404
1.4096858293109322E-6     -3.445295526499015E-6    -12.016660330441226
2.0454429177054E-6        -3.5682682392787123E-6   -10.084456853533583
1.979664899459179E-6      -3.677755086888967E-6    -10.060364947295104
1.9138868812129582E-6     -3.7872419344992224E-6   -10.03627304105653
1.8481088629667377E-6     -3.896728782109478E-6    -10.000992565517244
2.1198636082584356E-6     -3.678153165138185E-6    -9.66241877029073
2.054085590012215E-6      -3.7876400127484407E-6   -9.638326864052297
1.9883075717659945E-6     -3.8971268603586955E-6   -9.610823929662079
2.1942842988114727E-6     -3.7880380909976577E-6   -9.24038068704781
2.128506280565252E-6      -3.897524938607913E-6    -9.2206552938068
2.2687049893645094E-6     -3.897923016857131E-6    -8.830486657951557
2.145581248080099E-6      -4.34268534186903E-6     -8.684991619753248
2.2114118606010156E-6     -4.23159428017836E-6     -8.616640580155067
2.2772424731219327E-6     -4.120503218487689E-6    -8.548289540556725
2.3430730856428495E-6     -4.009412156797019E-6    -8.479938500959094
2.0053825392808416E-6     -4.342287263619812E-6    -9.062596814594235
2.0712131518017583E-6     -4.231196201929142E-6    -8.990367229506573
2.137043764322675E-6      -4.120105140238471E-6    -8.941121723703805
2.2028743768435922E-6     -4.0090140785478005E-6   -8.891876217901116
1.931014443002501E-6      -4.230798123679924E-6    -9.380175607361114
1.996845055523418E-6      -4.119707061989254E-6    -9.323512818409723
2.062675668044335E-6      -4.008616000298584E-6    -9.274267312607034
1.8566463467241608E-6     -4.119308983740036E-6    -9.697754400128012
1.9224769592450777E-6     -4.0082179220493655E-6   -9.65665840731311
1.7822782504458205E-6     -4.007819843800148E-6    -10.015333192894673
2.4158113695483266E-6     -4.121981772194389E-6    -8.124993621418609
2.349980757027409E-6      -4.23307283388506E-6     -8.212450194811812
2.2841501445064923E-6     -4.34416389557573E-6     -8.299906768205137
2.2183195319855756E-6     -4.455254957266401E-6    -8.381707977031073
2.4885496534538026E-6     -4.23455138759176E-6     -7.799595364114627
2.422719040932886E-6      -4.34564244928243E-6     -7.887051937507901
2.356888428411969E-6      -4.456733510973101E-6    -7.973263629033385
2.5612879373592793E-6     -4.34712100298913E-6     -7.474197106810158
2.4954573248383626E-6     -4.4582120646798E-6      -7.564819281035598
2.634026221264756E-6      -4.4596906183865015E-6   -7.1563749330378705
2.4360537525619566E-6     -4.782989115130579E-6    -7.617083707867139
2.5020445754628895E-6     -4.675222949549219E-6    -7.466039477434682
2.5680353983638228E-6     -4.56745678396786E-6     -7.314995247002146
2.363475679036496E-6      -4.673744395842519E-6    -7.870073342732552
2.4294665019374297E-6     -4.56597823026116E-6     -7.7190291123001025
2.2908976055110354E-6     -4.56449967655446E-6     -8.123062977598202
-3.879118884712836E-6     -1.7275176774077075E-6   -0.5300262247659737
-3.985622128888938E-6     -1.7778661225008219E-6   0.41343527558407034
-4.09212537306504E-6      -1.8282145675939363E-6   1.310233620982815
-4.1986286172411425E-6    -1.8785630126870506E-6   2.2070319663815594
-4.305131861417246E-6     -1.9289114577801654E-6   3.0744087428911597
-3.856252404071264E-6     -1.8519582387432508E-6   -0.6475220601913889
-3.962755648247366E-6     -1.9023066838363652E-6   0.2545625841801472
-4.069258892423469E-6     -1.9526551289294796E-6   1.1513609295787344
-4.175762136599571E-6     -2.0030035740225944E-6   2.0409035191771374
-3.833385923429692E-6     -1.976398800078794E-6    -0.7650178956182211
-3.939889167605794E-6     -2.0267472451719085E-6   0.09568989277587174
-4.0463924117818966E-6    -2.0770956902650233E-6   1.0073982954631941
-3.8105194427881203E-6    -2.100839361414338E-6    -0.8825137310444235
-3.917022686964223E-6     -2.1511878065074522E-6   -0.026106928250276818
-3.787652962146548E-6     -2.225279922749881E-6    -0.9774905381977815
-3.754197648687508E-6     -1.7572273678517314E-6   -1.5986184265013414
-3.731331168045936E-6     -1.8816679291872747E-6   -1.6747374059502957
-3.708464687404364E-6     -2.0061084905228178E-6   -1.7508563853986248
-3.6855982067627925E-6    -2.1305490518583615E-6   -1.8348690281339781
-3.62927641266218E-6      -1.786937058295755E-6    -2.6205474732861367
-3.6064099320206087E-6    -1.9113776196312986E-6   -2.6966664527346786
-3.5835434513790365E-6    -2.035818180966842E-6    -2.7693131770023154
-3.5043551766368526E-6    -1.8166467487397792E-6   -3.642476520071367
-3.481488695995281E-6     -1.9410873100753227E-6   -3.703757325871676
-3.3794339406115253E-6    -1.846356439183803E-6    -4.638201474740643
-4.4288955255862E-6       -1.9875996746526157E-6   3.995799045953972
-4.541995208339216E-6     -2.045207234916496E-6    4.8225329203254095
-4.655094891092232E-6     -2.1028147951803765E-6   5.586834241331422
-4.7681945738452474E-6    -2.1604223554442573E-6   6.351135562336806
-4.42328946493748E-6      -2.120380007767495E-6    3.8330547208109436
-4.536389147690496E-6     -2.177987568031375E-6    4.620004362080083
-4.649488830443512E-6     -2.2355951282952557E-6   5.384305683085782
-4.41768340428876E-6      -2.253160340882374E-6    3.6703103956690164
-4.530783087041776E-6     -2.310767901146254E-6    4.417475803833585
-4.41207734364004E-6      -2.385940673997253E-6    3.507566070527247
-4.2827076188223665E-6    -2.460032790239682E-6    2.5350699610363656
-4.158943954653412E-6     -2.401344573367232E-6    1.6670594637891671
-4.035180290484457E-6     -2.3426563564947817E-6   0.7990489665411028
-3.911416626315503E-6     -2.2839681396223314E-6   -0.06896153070672545
-4.288313679471086E-6     -2.3272524571248026E-6   2.6761068978857523
-4.164550015302131E-6     -2.2685642402523524E-6   1.7877275792995824
-4.040786351133177E-6     -2.209876023379902E-6    0.899348260713364
-4.293919740119806E-6     -2.194472124009924E-6    2.7990669899236993
-4.1701560759508516E-6    -2.1357839071374736E-6   1.910687671337793
-4.299525800768525E-6     -2.0616917908950446E-6   2.9220270819628573
-3.255765153139632E-6     -2.3076430578004503E-6   -4.686914116988518
-3.26008795955726E-6      -2.196439559898817E-6    -4.870205301617096
-3.264410765974887E-6     -2.0852360619971833E-6   -5.0591121267824954
-3.268733572392514E-6     -1.9740325640955504E-6   -5.248018951948367
-3.2730563788101417E-6    -1.862829066193917E-6    -5.43692577711416
-3.3621427149410156E-6    -2.2911704307903367E-6   -3.9582740257252924
-3.366465521358643E-6     -2.179966932888703E-6    -4.128522050588135
-3.3707883277762702E-6    -2.0687634349870696E-6   -4.289680494600427
-3.3751111341938973E-6    -1.9575599370854363E-6   -4.450838938612981
-3.4685202767423987E-6    -2.2746978037802226E-6   -3.2155244408715644
-3.472843083160026E-6     -2.163494305878589E-6    -3.3666022641990248
-3.4771658895776534E-6    -2.052290807976956E-6    -3.527760708211632
-3.574897838543782E-6     -2.258225176770109E-6    -2.4727748560172844
-3.579220644961409E-6     -2.1470216788684756E-6   -2.604682477809546
-3.681275400345165E-6     -2.241752549759995E-6    -1.7300252711634774
-3.1653542438066764E-6    -2.2811853681488903E-6   -5.359564951506252
-3.0749433344737204E-6    -2.2547276784973308E-6   -6.041274683385728
-2.9845324251407643E-6    -2.2282699888457708E-6   -6.722984415264653
-2.8941215158078083E-6    -2.2018122991942108E-6   -7.4046941471435
-2.8037106064748527E-6    -2.175354609542651E-6    -8.088858816018247
-3.1696770502243035E-6    -2.169981870247257E-6    -5.554945671064793
-3.079266140891347E-6     -2.143524180595697E-6    -6.259922575874165
-2.9888552315583914E-6    -2.1170664909441375E-6   -6.964899480683534
-2.898444322225436E-6     -2.090608801292578E-6    -7.647385191816197
-3.1739998566419306E-6    -2.0587783723456237E-6   -5.771600877384141
-3.083588947308975E-6     -2.032320682694064E-6    -6.476577782193511
-2.9931780379760194E-6    -2.005862993042504E-6    -7.1726746674964765
-3.178322663059558E-6     -1.9475748744439904E-6   -5.988256083702857
-3.0879117537266025E-6    -1.9211171847924304E-6   -6.697964143176993
-3.182645469477186E-6     -1.8363713765423571E-6   -6.223253618856878
-2.7616287282595855E-6    -2.0741411357724826E-6   -8.724916045973192
-2.719546850044318E-6     -1.972927662002314E-6    -9.38451509205727
-2.6774649718290507E-6    -1.8717141882321453E-6   -10.044114138141978
-2.6353830936137836E-6    -1.770500714461977E-6    -10.703713184226688
-2.8563624440101686E-6    -1.989395327522409E-6    -8.277179794073309
-2.8142805657949015E-6    -1.8881818537522403E-6   -8.929465590007757
-2.7721986875796334E-6    -1.7869683799820716E-6   -9.581751385942521
-2.9510961597607518E-6    -1.9046495192723354E-6   -7.816080443924994
-2.9090142815454846E-6    -1.803436045502167E-6    -8.468366239859249
-3.045829875511335E-6     -1.8199037110222619E-6   -7.354981093775419
-2.685659431855258E-6     -2.177006491757197E-6    -8.847528820023221
-2.5676082572356628E-6    -2.1786583739717434E-6   -9.584299594826845
-2.4495570826160676E-6    -2.1803102561862893E-6   -10.321070369630078
-2.331505907996473E-6     -2.1819621384008356E-6   -11.05784114443339
-2.213454733376878E-6     -2.1836140206153815E-6   -11.764877189026754
-2.6435775536399908E-6    -2.075793017987029E-6    -9.475638665058346
-2.5255263790203956E-6    -2.077444900201575E-6    -10.239724382393664
-2.4074752044008004E-6    -2.0790967824161207E-6   -11.003810099728991
-2.2894240297812056E-6    -2.080748664630667E-6    -11.716258535931104
-2.6014956754247227E-6    -1.97457954421686E-6     -10.142550961293312
-2.4834445008051284E-6    -1.9762314264314063E-6   -10.906636678628947
-2.3653933261855332E-6    -1.977883308645952E-6    -11.653841372394627
-2.5594137972094556E-6    -1.8733660704466914E-6   -10.809463257527968
-2.441362622589861E-6     -1.8750179526612375E-6   -11.591424208858463
-2.517331918994189E-6     -1.772152596676523E-6    -11.52900704532151
-2.1543335634556205E-6    -2.078042998017767E-6    -12.598914688752773
-2.095212393534363E-6     -1.972471975420152E-6    -13.480822818593495
-2.0360912236131056E-6    -1.8669009528225373E-6   -14.362730948435004
-1.976970053691848E-6     -1.7613299302249225E-6   -15.244639078277224
-2.230302859859948E-6     -1.9751776420330522E-6   -12.557123904950439
-2.1711816899386904E-6    -1.8696066194354372E-6   -13.449626555104187
-2.1120605200174332E-6    -1.7640355968378224E-6   -14.342129205257958
-2.3062721562642756E-6    -1.8723122860483374E-6   -12.529462998978442
-2.247150986343018E-6     -1.7667412634507228E-6   -13.4219656491322
-2.382241452668603E-6     -1.7694469300636225E-6   -12.501802093005834
3.439946655311626E-8      -1.7783952311114839E-6   -21.92795508558661
-9.928505379297689E-8     -1.7780224990345638E-6   -21.833200753120416
-2.3296957413907002E-7    -1.7776497669576434E-6   -21.676711738904505
-3.6665409448516315E-7    -1.7772770348807235E-6   -21.520222724688196
-5.003386148312563E-7     -1.7769043028038036E-6   -21.293874270114436
-2.2351602028617537E-8    -1.8900054782785996E-6   -21.097899440730547
-1.5603612237471067E-7    -1.8896327462016795E-6   -20.96428296646925
-2.8972064272080384E-7    -1.8892600141247593E-6   -20.807793952253256
-4.234051630668969E-7     -1.8888872820478396E-6   -20.62690530759342
-7.91026706103513E-8      -2.0016157254457153E-6   -20.26784379587456
-2.1278719095644444E-7    -2.001242993368795E-6    -20.09536517981861
-3.464717113025376E-7     -2.000870261291875E-6    -19.959936345072016
-1.358537391920851E-7     -2.1132259726128314E-6   -19.437788151018786
-2.695382595381782E-7     -2.1128532405359113E-6   -19.292967382550625
-1.9260480777381887E-7    -2.224836219779947E-6    -18.648977768597664
-5.8799851522644514E-8    -2.226393377477981E-6    -18.70772597520387
7.500510472852984E-8      -2.2279505351760155E-6   -18.70629491324351
2.0881006097970418E-7     -2.2295076928740494E-6   -18.70486385128344
3.426150172308786E-7      -2.2310648505720834E-6   -18.703432789322825
-2.048782940910731E-9     -2.1147831303108654E-6   -19.493254978429636
1.3175617331026364E-7     -2.1163402880088993E-6   -19.493870062205588
2.6556112956143797E-7     -2.1178974457069337E-6   -19.494485145981834
5.4702285640823065E-8     -2.0031728831437497E-6   -20.284448481490386
1.885072418919974E-7      -2.0047300408417836E-6   -20.2850635652666
1.1145335422255682E-7     -1.8915626359766338E-6   -21.075641984551982
-1.843138109150958E-6     -1.7650826447447056E-6   -15.98789688481104
-1.9022592790722155E-6    -1.8706536673423202E-6   -15.049542649687888
-1.961380448993473E-6     -1.976224689939935E-6    -14.178229040158481
-2.0205016189147305E-6    -2.0817957125375494E-6   -13.30691543062876
-2.079622788835988E-6     -2.1873667351351646E-6   -12.473553096262886
-1.7684273345313255E-6    -1.874406381862103E-6    -15.76645684792614
-1.8275485044525829E-6    -1.9799774044597177E-6   -14.872099904205506
-1.8866696743738405E-6    -2.0855484270573325E-6   -14.000786294675784
-1.945790844295098E-6     -2.1911194496549473E-6   -13.142676178937412
-1.693716559911693E-6     -1.983730118979501E-6    -15.545016811041556
-1.7528377298329505E-6    -2.089301141577115E-6    -14.694657158723164
-1.8119588997542082E-6    -2.1948721641747304E-6   -13.811799261611625
-1.6190057852920603E-6    -2.0930538560968983E-6   -15.32357677415689
-1.678126955213318E-6     -2.198624878694513E-6    -14.480922344285759
-1.544295010672428E-6     -2.2023775932142957E-6   -15.098727572080955
-1.4849654598950779E-6    -2.0938173820336593E-6   -15.97470728818614
-1.4256359091177275E-6    -1.9852571708530225E-6   -16.902717868249752
-1.3663063583403772E-6    -1.8766969596723856E-6   -17.830728448313444
-1.306976807563027E-6     -1.7681367484917487E-6   -18.758739028377214
-1.5596762345147102E-6    -1.9844936449162614E-6   -16.208937646998788
-1.5003466837373599E-6    -1.8759334337356246E-6   -17.15924976845294
-1.4410171329600097E-6    -1.7673732225549877E-6   -18.10956188990728
-1.6343870091343426E-6    -1.875169907798864E-6    -16.474374975285862
-1.5750574583569926E-6    -1.766609696618227E-6    -17.424687096739856
-1.7090977837539751E-6    -1.765846170681466E-6    -16.73981230357186
-1.171885750720877E-6     -1.7706551837212712E-6   -19.285506483651545
-1.2312153014982272E-6    -1.8792153949019079E-6   -18.308446979586016
-1.2905448522755773E-6    -1.9877756060825447E-6   -17.40273794091281
-1.3498744030529277E-6    -2.096335817263181E-6    -16.49702890223898
-1.409203953830278E-6     -2.2048960284438184E-6   -15.620235012476613
-1.0961242446560775E-6    -1.88173383013143E-6     -18.82449322765713
-1.1554537954334276E-6    -1.9902940413120665E-6   -17.893852585492112
-1.214783346210778E-6     -2.098854252492704E-6    -16.988143546819067
-1.2741128969881283E-6    -2.2074144636733402E-6   -16.0930789585284
-1.0203627385912779E-6    -1.992812476541589E-6    -18.36347997166334
-1.079692289368628E-6     -2.101372687722226E-6    -17.479258191399072
-1.1390218401459783E-6    -2.209932898902863E-6    -16.56592290458019
-9.446012325264782E-7     -2.1038911229517483E-6   -17.90246671566971
-1.0039307833038284E-6    -2.212451334132385E-6    -17.03876685063088
-8.688397264616785E-7     -2.2149697693619074E-6   -17.451729217039798
-6.355855985688282E-7     -1.7749310127201957E-6   -21.022755527993002
-7.696606366068405E-7     -1.7738620554704645E-6   -20.643988549109384
-9.037356746448527E-7     -1.7727930982207333E-6   -20.214944682420196
-1.0378107126828648E-6    -1.7717241409710022E-6   -19.785900815731956
-6.938991305420408E-7     -1.8849407018806236E-6   -20.11799486461345
-8.279741685800531E-7     -1.8838717446308924E-6   -19.707512564526525
-9.620492066180652E-7     -1.8828027873811613E-6   -19.27846869783734
-7.522126625152534E-7     -1.9949503910410516E-6   -19.21323420123337
-8.862877005532656E-7     -1.9938814337913206E-6   -18.771036579943424
-8.10526194488466E-7      -2.1049600802014793E-6   -18.308473537853224
-7.335927427241066E-7     -2.2169430594455155E-6   -17.749823511939738
-5.983457589865346E-7     -2.2189163495291232E-6   -17.990903326249896
-4.6309877524896274E-7    -2.2208896396127313E-6   -18.231983140559755
-3.2785179151139074E-7    -2.222862929696339E-6    -18.473062954869782
-6.752792107508941E-7     -2.1069333702850874E-6   -18.604878803226487
-5.400322270133221E-7     -2.108906660368695E-6    -18.856414992795855
-4.047852432757501E-7     -2.1108799504523028E-6   -19.10795118236475
-6.169656787776814E-7     -1.9969236811246592E-6   -19.477924145403332
-4.817186950401095E-7     -1.9988969712082674E-6   -19.72946033497237
-5.586521468044688E-7     -1.8869139919642315E-6   -20.35096948757991
4.225781379670854E-7      -2.344653042695471E-6    -18.03639619750431
2.8877318171591104E-7     -2.3430958849974367E-6   -18.092956418102794
1.5496822546473663E-7     -2.3415387272994028E-6   -18.09643362580016
2.116326921356229E-8      -2.3399815696013684E-6   -18.09991083349697
-1.1264168703761203E-7    -2.3384244119033344E-6   -18.04811077254233
3.6873630245211785E-7     -2.4566840771208245E-6   -17.461694725529505
2.3493134620094344E-7     -2.45512691942279E-6     -17.482953984257335
1.0112638994976912E-7     -2.4535697617247557E-6   -17.48643119195446
-3.267856630140521E-8     -2.4520126040267217E-6   -17.471163514634558
3.1489446693715035E-7     -2.568715111546178E-6    -16.886993253554145
1.8108951068597594E-7     -2.5671579538481434E-6   -16.872951550411464
4.728455443480161E-8      -2.5656007961501095E-6   -16.894216256725546
2.6105263142218275E-7     -2.6807461459715307E-6   -16.312291781579304
1.2724767517100845E-7     -2.6791889882734968E-6   -16.31726899881697
2.0721079590721526E-7     -2.792777180396884E-6    -15.769482348925484
3.5046413949984643E-7     -2.7960301081989735E-6   -15.692906431251327
4.937174830924776E-7      -2.7992830360010634E-6   -15.561101658569342
6.369708266851088E-7      -2.802535963803153E-6    -15.429296885886927
7.8022417027774E-7        -2.8057888916052422E-6   -15.297492113204116
4.0430597501481403E-7     -2.6839990737736206E-6   -16.231307963073625
5.475593186074451E-7      -2.68725200157571E-6     -16.097504271857215
6.908126622000763E-7      -2.6905049293777995E-6   -15.963700580640468
4.581478105297815E-7      -2.571968039348267E-6    -16.770708473177674
6.014011541224127E-7      -2.5752209671503567E-6   -16.636904781961185
5.11989646044749E-7       -2.459937004922914E-6    -17.31010898328241
6.183531764290051E-7      -3.3428943238368208E-6   -13.462137321634325
6.793780439172783E-7      -3.2361238229509233E-6   -13.77375756503261
7.404029114055516E-7      -3.129353322065025E-6    -14.104752357534748
8.014277788938248E-7      -3.022582821179128E-6    -14.435747150037223
8.624526463820979E-7      -2.91581232029323E-6     -14.76674194254001
5.361247003246472E-7      -3.232870895148834E-6    -13.899992840044046
5.971495678129203E-7      -3.1261003942629355E-6   -14.220132382421545
6.581744353011935E-7      -3.019329893377038E-6    -14.581584203977195
7.191993027894666E-7      -2.91255939249114E-6     -14.943036025533006
4.5389622422028915E-7     -3.122847466460846E-6    -14.361993684056738
5.149210917085623E-7      -3.016076965574948E-6    -14.711390058125719
5.759459591968356E-7      -2.9093064646890503E-6   -15.072841879681464
3.7166774811593126E-7     -3.012824037772859E-6    -14.823994528069331
4.326926156042044E-7      -2.9060535368869613E-6   -15.202647733829894
2.894392720115732E-7      -2.9028006090848714E-6   -15.285995372082379
9.447830932273828E-7      -3.020511302843504E-6    -14.218235010899154
8.837582257391096E-7      -3.127281803729402E-6    -13.917697247450135
8.227333582508364E-7      -3.2340523046152994E-6   -13.6171594840011
7.617084907625632E-7      -3.3408228055011977E-6   -13.310475304196949
1.0271135400726677E-6     -3.1252102853937785E-6   -13.716216308103485
9.660886725843944E-7      -3.2319807862796764E-6   -13.415678544654464
9.050638050961212E-7      -3.338751287165574E-6    -13.113113539175702
1.1094439869179523E-6     -3.229909267944053E-6    -13.21419760530773
1.048419119429679E-6      -3.336679768829951E-6    -12.91575177415412
1.1917744337632373E-6     -3.3346082504943275E-6   -12.718390009132833
1.004297679139703E-6      -3.8934236258452545E-6   -11.63969511424358
1.0704640929311217E-6     -3.7812462471079447E-6   -11.791438033900578
1.13663050672254E-6       -3.6690688683706344E-6   -11.958836767810546
1.2027969205139584E-6     -3.5568914896333246E-6   -12.126235501720416
1.2689633343053768E-6     -3.444714110896014E-6    -12.293634235630481
9.271087785975636E-7      -3.783317765443568E-6    -11.980498993645647
9.93275192388982E-7       -3.671140386706258E-6    -12.140726900154593
1.0594416061804004E-6     -3.558963007968947E-6    -12.335351638687603
1.1256080199718187E-6     -3.4467856292316373E-6   -12.529976377220585
8.499198780554239E-7      -3.6732119050418813E-6   -12.344337372454875
9.160862918468423E-7      -3.5610345263045706E-6   -12.52859422938376
9.822527056382609E-7      -3.4488571475672607E-6   -12.723218967916715
7.727309775132842E-7      -3.5631060446401944E-6   -12.708175751264283
8.388973913047026E-7      -3.4509286659028837E-6   -12.916461558612976
6.955420769711448E-7      -3.4530001842385076E-6   -13.072014130073473
1.3435194155195138E-6     -3.5574729052363253E-6   -11.847949889753767
1.2773530017280952E-6     -3.6696502839736355E-6   -11.707777160466817
1.2111865879366767E-6     -3.781827662710946E-6    -11.567604431179914
1.1450201741452587E-6     -3.894005041448256E-6    -11.420985405906679
1.4180754967336507E-6     -3.6702316995766362E-6   -11.445365094771033
1.3519090829422323E-6     -3.7824090783139465E-6   -11.305192365484132
1.285742669150814E-6      -3.894586457051257E-6    -11.16373831315745
1.4926315779477877E-6     -3.7829904939169472E-6   -11.042780299788399
1.4264651641563693E-6     -3.8951678726542575E-6   -10.906491220408046
1.567187659161925E-6      -3.895749288257259E-6    -10.649244127658857
1.4451454303471668E-6     -4.338790926671953E-6    -10.27734480254142
1.510836611302245E-6      -4.22817587096903E-6     -10.295488540794944
1.5765277922573236E-6     -4.1175608152661064E-6   -10.313632279048349
1.6422189732124018E-6     -4.006945759563183E-6    -10.33177601730144
1.3044229353416114E-6     -4.338209511068952E-6    -10.526481327747089
1.3701141162966896E-6     -4.227594455366029E-6    -10.537332172605614
1.4358052972517682E-6     -4.116979399663105E-6    -10.577652365241075
1.5014964782068464E-6     -4.0063643439601815E-6   -10.617972557876499
1.2293916212911341E-6     -4.2270130397630275E-6   -10.798779257423313
1.2950828022462125E-6     -4.116397984060104E-6    -10.82973448504376
1.360773983201291E-6      -4.005782928357181E-6    -10.870054677679242
1.1543603072406573E-6     -4.1158165684571035E-6   -11.071077187099597
1.2200514881957355E-6     -4.00520151275418E-6     -11.122136797481947
1.07932899319018E-6       -4.004620097151179E-6    -11.3433751167759
1.7165870694907423E-6     -4.118434899503071E-6    -9.995649599899048
1.6508958885356637E-6     -4.229049955205994E-6    -9.999682316027817
1.585204707580585E-6      -4.339665010908918E-6    -10.003715032156594
1.5195135266255073E-6     -4.450280066611841E-6    -10.003869003187887
1.7909551657690824E-6     -4.229924039442959E-6    -9.693637603268716
1.7252639848140042E-6     -4.340539095145883E-6    -9.697670319397565
1.6595728038589256E-6     -4.4511541508488055E-6   -9.700941946929632
1.8653232620474227E-6     -4.341413179382847E-6    -9.391625606638307
1.7996320810923443E-6     -4.4520282350857705E-6   -9.398014890671355
1.939691358325763E-6      -4.4529023193227354E-6   -9.095087834413217
1.7386871212130334E-6     -4.780636477186914E-6    -9.369664305727392
1.8056885335839432E-6     -4.671391757898854E-6    -9.27996355675767
1.8726899459548532E-6     -4.562147038610795E-6    -9.190262807788047
1.6656292563505247E-6     -4.67051767366189E-6     -9.579772956514962
1.7326306687214345E-6     -4.56127295437383E-6     -9.490072207545285
1.5925713914880158E-6     -4.560398870136865E-6    -9.789881607302554
-3.4648924247407766E-6    -2.650626784492001E-6    -2.81643990341712
-3.423066970420548E-6     -2.582030039153691E-6    -3.181527301067513
-3.3812415161003185E-6    -2.513433293815381E-6    -3.5548425698915387
-3.33941606178009E-6      -2.4448365484770704E-6   -3.9281578387141476
-3.297590607459861E-6     -2.3762398031387604E-6   -4.301473107537779
-3.5294445322219313E-6    -2.565557412143577E-6    -2.4677199493699735
-3.487619077901702E-6     -2.496960666805267E-6    -2.8356914252050203
-3.445793623581473E-6     -2.4283639214669564E-6   -3.20685576509484
-3.403968169261244E-6     -2.3597671761286463E-6   -3.5780201049856033
-3.593996639703085E-6     -2.480488039795153E-6    -2.10688822671695
-3.5521711853828564E-6    -2.4118912944568427E-6   -2.483276381776704
-3.5103457310626276E-6    -2.3432945491185326E-6   -2.8544407216667227
-3.6585487471842395E-6    -2.395418667446729E-6    -1.746056504064006
-3.6167232928640103E-6    -2.3268219221084185E-6   -2.1308613383480726
-3.7231008546653943E-6    -2.3103492950983053E-6   -1.385224781410904
-3.912118337830953E-6     -2.8579079982051702E-6   0.10914123521532737
-3.8872252626940725E-6    -2.7313823831141122E-6   -0.08933280009955806
-3.862332187557191E-6     -2.6048567680230547E-6   -0.30043619924065
-3.83743911242031E-6      -2.4783311529319967E-6   -0.5115395983818206
-3.8125460372834295E-6    -2.3518055378409387E-6   -0.7226429975226765
-4.010988926863027E-6     -2.7900705999865625E-6   0.7381547316698114
-3.986095851726145E-6     -2.663544984895505E-6    0.539359170772654
-3.961202776589264E-6     -2.537019369804447E-6    0.3509288100144133
-3.936309701452384E-6     -2.410493754713389E-6    0.16249844925585757
-4.1098595158951E-6       -2.7222332017679552E-6   1.38669857182804
-4.084966440758219E-6     -2.595707586676897E-6    1.198570485923851
-4.060073365621339E-6     -2.4691819715858393E-6   1.01014012516574
-4.208730104927173E-6     -2.654395803549347E-6    2.0352424119863475
-4.183837029790293E-6     -2.5278701884582895E-6   1.8577818010750482
-4.307600693959247E-6     -2.58655840533074E-6     2.683786252144734
-3.554337607358812E-6     -2.692083027234635E-6    -2.221829117183512
-3.618889714839966E-6     -2.607013654886211E-6    -1.8678879740235452
-3.6834418223211204E-6    -2.521944282537787E-6    -1.4986395721461303
-3.7479939298022747E-6    -2.436874910189363E-6    -1.129391170269345
-3.643782789976847E-6     -2.7335392699772687E-6   -1.6336461809839546
-3.7083348974580013E-6    -2.6484698976288446E-6   -1.2648631346226593
-3.772887004939156E-6     -2.5634005252804204E-6   -0.8956147327452444
-3.7332279725948826E-6    -2.7749955127199025E-6   -1.0454632447845547
-3.7977800800760365E-6    -2.689926140371479E-6    -0.6618382952214567
-3.822673155212918E-6     -2.8164517554625364E-6   -0.4572803085849184
-4.4396838691557015E-6    -3.0613356854033113E-6   3.1962142071921322
-4.431380722614606E-6     -2.925682015830516E-6    3.2388035650070135
-4.4230775760735115E-6    -2.7900283462577217E-6   3.281392922821658
-4.414774429532416E-6     -2.6543746766849265E-6   3.3239822806361454
-4.5500864660163415E-6    -2.9933663858366605E-6   3.877160519566174
-4.541783319475246E-6     -2.8577127162638657E-6   3.9453610351423105
-4.5334801729341515E-6    -2.7220590466910714E-6   4.013561550719233
-4.660489062876982E-6     -2.92539708627001E-6     4.59400521700524
-4.652185916335887E-6     -2.789743416697216E-6    4.662205732581989
-4.770891659737622E-6     -2.8574277867033602E-6   5.310849914444778
-4.019292073404121E-6     -2.9257242695593573E-6   0.7454800505344503
-4.118162662436196E-6     -2.8578868713407496E-6   1.3694180969206775
-4.217033251468269E-6     -2.790049473122142E-6    2.007294462086174
-4.3159038405003415E-6    -2.722212074903534E-6    2.6451708272511985
-4.12646580897729E-6      -2.993540540913545E-6    1.3567253673283735
-4.225336398009364E-6     -2.9257031426949367E-6   1.990316262033257
-4.324206987041437E-6     -2.8578657444763294E-6   2.628192627198675
-4.233639544550459E-6     -3.0613568122677315E-6   1.967970684121273
-4.332510133582532E-6     -2.9935194140491234E-6   2.611214427145124
-4.340813280123628E-6     -3.129173083621919E-6    2.579216000914802
-3.370279844693962E-6     -2.664026818821785E-6    -3.3820523763463517
-3.2756672646471464E-6    -2.677426853151569E-6    -3.9414881119041794
-3.1810546846003315E-6    -2.6908268874813527E-6   -4.500923847462244
-3.0864421045535166E-6    -2.7042269218111366E-6   -5.0603595830202295
-2.9918295245067017E-6    -2.7176269561409204E-6   -5.599576342189081
-3.328454390373733E-6     -2.595430073483475E-6    -3.746603172559362
-3.2338418103269176E-6    -2.6088301078132583E-6   -4.318258211617348
-3.1392292302801027E-6    -2.6222301421430426E-6   -4.889913250675057
-3.044616650233288E-6     -2.6356301764728265E-6   -5.4335521906704045
-3.2866289360535036E-6    -2.5268333281451644E-6   -4.122069370315852
-3.1920163560066887E-6    -2.5402333624749483E-6   -4.693724409373691
-3.097403775959874E-6     -2.5536333968047326E-6   -5.250065368484039
-3.244803481733275E-6     -2.4582365828068543E-6   -4.497535568072676
-3.15019090168646E-6      -2.471636617136638E-6    -5.0665785462968085
-3.2029780274130464E-6    -2.3896398374685443E-6   -4.883091724109576
-3.1125671180800904E-6    -2.3631821478169843E-6   -5.551624241339088
-3.059779992353504E-6     -2.445178927485078E-6    -5.722409044412063
-3.006992866626918E-6     -2.5271757071531726E-6   -5.893193847484759
-2.954205740900332E-6     -2.6091724868212665E-6   -6.062903306560203
-3.022156208747134E-6     -2.3367244581654243E-6   -6.210066800288101
-2.9693690830205483E-6    -2.4187212378335186E-6   -6.380851603360858
-2.9165819572939618E-6    -2.500718017501613E-6    -6.555608151595117
-2.9317452994141783E-6    -2.3102667685138647E-6   -6.868509359236677
-2.8789581736875922E-6    -2.392263548181959E-6    -7.0483129966294005
-2.8413343900812227E-6    -2.283809078862305E-6    -7.541017841664394
-2.883096628208147E-6     -2.7162521048173678E-6   -6.22302187292847
-2.7743637319095913E-6    -2.714877253493815E-6    -6.8362203803914365
-2.6656308356110365E-6    -2.7135024021702625E-6   -7.449418887855428
-2.556897939312481E-6     -2.7121275508467094E-6   -8.06261739531871
-2.448165043013926E-6     -2.710752699523157E-6    -8.65344443296791
-2.8454728446017765E-6    -2.607797635497714E-6    -6.695157362484439
-2.7367399483032213E-6    -2.6064227841741608E-6   -7.328486762406645
-2.6280070520046666E-6    -2.6050479328506086E-6   -7.961816162328451
-2.5192741557061114E-6    -2.603673081527056E-6    -8.559726075417457
-2.8078490609954066E-6    -2.49934316617806E-6     -7.192909296678154
-2.6991161646968518E-6    -2.4979683148545073E-6   -7.826238696600181
-2.5903832683982966E-6    -2.4965934635309546E-6   -8.44850844884905
-2.770225277389037E-6     -2.390888696858406E-6    -7.690661230871512
-2.661492381090482E-6     -2.3895138455348538E-6   -8.33729082228033
-2.7326014937826675E-6    -2.2824342275387525E-6   -8.226073195712239
-2.2603967953042876E-6    -2.289041756396937E-6    -11.093860305531337
-2.3784479699238824E-6    -2.2873898741823906E-6   -10.392100723174913
-2.4964991445434775E-6    -2.2857379919678442E-6   -9.682644890902743
-2.6145503191630723E-6    -2.2840861097532984E-6   -8.973189058630734
-2.307338857231697E-6     -2.3944694921784914E-6   -10.47619475703922
-2.4253900318512923E-6    -2.3928176099639455E-6   -9.769502678311122
-2.543441206470887E-6     -2.3911657277493996E-6   -9.060046846039347
-2.354280919159107E-6     -2.4998972279600472E-6   -9.858529208546866
-2.472332093778702E-6     -2.4982453457455005E-6   -9.146904633448319
-2.401222981086516E-6     -2.605324963741602E-6    -9.240863660054277
-2.326793539737494E-6     -2.715938752462712E-6    -9.248129720541087
-2.2054220364610625E-6    -2.721124805402267E-6    -9.815515790716603
-2.0840505331846304E-6    -2.7263108583418217E-6   -10.382901860891884
-1.9626790299081984E-6    -2.731496911281377E-6    -10.950287931067006
-1.8413075266317666E-6    -2.7366829642209316E-6   -11.484579231397326
-2.2798514778100846E-6    -2.6105110166811568E-6   -9.834570208441251
-2.1584799745336525E-6    -2.6156970696207113E-6   -10.421175517630683
-2.0371084712572205E-6    -2.6208831225602667E-6   -11.007780826819829
-1.915736967980789E-6     -2.626069175499822E-6    -11.54727835200238
-2.2329094158826746E-6    -2.505083280899602E-6    -10.447303260562514
-2.111537912606243E-6     -2.5102693338391568E-6   -11.033908569752386
-1.990166409329811E-6     -2.5154553867787117E-6   -11.606212036235293
-2.185967353955265E-6     -2.3996555451180464E-6   -11.060036312684344
-2.0645958506788335E-6    -2.4048415980576014E-6   -11.665145720467734
-2.139025292027856E-6     -2.294227809336492E-6    -11.724079404699545
-1.7819050234398989E-6    -2.629821890019605E-6    -12.167044349310327
-1.722502520248031E-6     -2.522960815818277E-6    -12.886946990118275
-1.6631000170561635E-6    -2.4160997416169503E-6   -13.60684963092693
-1.6036975138642957E-6    -2.309238667415623E-6    -14.326752271734957
-1.856334464788921E-6     -2.5192081012984944E-6   -12.236285494829318
-1.7969319615970533E-6    -2.4123470270971667E-6   -12.972400421663389
-1.7375294584051856E-6    -2.30548595289584E-6     -13.708515348496926
-1.930763906137943E-6     -2.408594312577384E-6    -12.328025120362462
-1.8713614029460756E-6    -2.3017332383760572E-6   -13.06414004719614
-2.0051933474869656E-6    -2.297980523856274E-6    -12.419764745894758
-2.503839236406288E-7     -2.3351046260819563E-6   -17.94955668120233
-3.856309073782008E-7     -2.333131335998348E-6    -17.76680629231929
-5.208778911157727E-7     -2.3311580459147405E-6   -17.536182853267835
-6.561248748533446E-7     -2.3291847558311324E-6   -17.305559414216418
-7.913718585909166E-7     -2.3272114657475247E-6   -17.01605777397831
-3.0816303950743874E-7    -2.4453730323839655E-6   -17.287335513805477
-4.434100232450107E-7     -2.4433997423003573E-6   -17.073928704655106
-5.786570069825826E-7     -2.4414264522167497E-6   -16.843305265603966
-7.139039907201545E-7     -2.439453162133142E-6    -16.59225156799353
-3.659421553742487E-7     -2.555641438685975E-6    -16.625114346408314
-5.011891391118207E-7     -2.553668148602367E-6    -16.381051116991213
-6.364361228493926E-7     -2.551694858518759E-6    -16.16844536200914
-4.2372127124105863E-7    -2.6659098449879838E-6   -15.962893179011513
-5.589682549786306E-7     -2.663936554904376E-6    -15.74463915602522
-4.815003871078686E-7     -2.7761782512899934E-6   -15.337303724576735
-3.437581505048518E-7     -2.7794980371113715E-6   -15.475512893018553
-2.06015913901835E-7      -2.7828178229327496E-6   -15.562349800033383
-6.827367729881828E-8     -2.7861376087541278E-6   -15.649186707048115
6.946855930419853E-8      -2.789457394575506E-6    -15.736023614062425
-2.859790346380418E-7     -2.6692296308093623E-6   -16.09813926250015
-1.4823679803502506E-7    -2.67254941663074E-6     -16.189289135356393
-1.0494561432008308E-8    -2.6758692024521186E-6   -16.28043900821262
-2.2819991877123188E-7    -2.5589612245073528E-6   -16.72970400963023
-9.045768216821513E-8     -2.562281010328731E-6    -16.82085388248656
-1.7042080290442195E-7    -2.4486928182053436E-6   -17.361268756760648
-1.7069079860114833E-6    -2.7417117017078603E-6   -11.999503815867197
-1.5725084453911999E-6    -2.7467404391947885E-6   -12.472538809418818
-1.4381089047709168E-6    -2.751769176681717E-6    -12.945573802970358
-1.3037093641506336E-6    -2.7567979141686454E-6   -13.418608796521978
-1.1693098235303503E-6    -2.761826651655574E-6    -13.84549922380189
-1.6475054828196154E-6    -2.634850627506533E-6    -12.6786180282102
-1.5131059421993322E-6    -2.6398793649934612E-6   -13.167693227096043
-1.378706401579049E-6     -2.64490810248039E-6     -13.656768425982543
-1.244306860958766E-6     -2.6499368399673186E-6   -14.090743324919337
-1.5881029796277478E-6    -2.5279895533052058E-6   -13.382308382992452
-1.4537034390074645E-6    -2.5330182907921344E-6   -13.871383581878876
-1.3193038983871815E-6    -2.5380470282790626E-6   -14.342917638979124
-1.52870047643588E-6      -2.4211284791038785E-6   -14.085998737775233
-1.394300935815597E-6     -2.426157216590807E-6    -14.595091953039226
-1.4692979732440124E-6    -2.3142674049025517E-6   -14.847266267099325
-1.109215804116616E-6     -2.652455275196841E-6    -14.525369651136593
-1.0491217847028816E-6    -2.543083898738107E-6    -15.245274861805768
-9.890277652891474E-7     -2.433712522279374E-6    -15.965180072475214
-9.289337458754129E-7     -2.3243411458206407E-6   -16.685085283144417
-1.1842128415450315E-6    -2.540565463508585E-6    -14.779949744716518
-1.1241188221312971E-6    -2.4311940870498517E-6   -15.524256464463248
-1.0640248027175628E-6    -2.3218227105911184E-6   -16.268563184210898
-1.2592098789734469E-6    -2.4286756518203294E-6   -15.06968321694039
-1.1991158595597127E-6    -2.319304275361596E-6    -15.81398993668728
-1.3342069164018625E-6    -2.3167858401320735E-6   -15.359416689163607
-8.514658780046509E-7     -2.436582842206258E-6    -16.261675871199273
-9.115598974183852E-7     -2.545954218664991E-6    -15.566172169607578
-9.716539168321195E-7     -2.6553255951237244E-6   -14.87066846801585
-1.0317479362458541E-6    -2.764696971582458E-6    -14.192855633660717
-7.739980101338889E-7     -2.548824538591875E-6    -15.876317607843138
-8.340920295476233E-7     -2.6581959150506084E-6   -15.180813906251501
-8.941860489613577E-7     -2.7675672915093417E-6   -14.492214178542488
-6.965301422631269E-7     -2.661066234977492E-6    -15.490959344487168
-7.566241616768612E-7     -2.7704376114362257E-6   -14.791572723424679
-6.19062274392365E-7      -2.7733079313631093E-6   -15.09093126830656
-4.7672005876615424E-6    -3.573958194658141E-6    4.559705544593878
-4.644803772183725E-6     -3.6513756611782043E-6   3.909026012215692
-4.522406956705908E-6     -3.7287931276982685E-6   3.258346479837775
-4.400010141228091E-6     -3.8062105942183327E-6   2.6351812068471285
-4.656797990800901E-6     -3.4990703513676477E-6   4.053609276778117
-4.5344011753230845E-6    -3.576487817887712E-6    3.40292974439994
-4.412004359845267E-6     -3.653905284407776E-6    2.761523506986828
-4.546395393940261E-6     -3.424182508077155E-6    3.5475130089622935
-4.423998578462444E-6     -3.501599974597219E-6    2.8878658071263494
-4.435992797079621E-6     -3.3492946647866628E-6   3.0142081072660885
-4.5185199057636905E-6    -4.439961694790542E-6    2.99355260186788
-4.485893909975496E-6     -4.319600247100128E-6    2.877868388120696
-4.453267914187302E-6     -4.199238799409715E-6    2.762184174374732
-4.420641918399109E-6     -4.078877351719302E-6    2.6464999606276662
-4.608290725453313E-6     -4.3850399234372075E-6   3.4007465480553405
-4.575664729665119E-6     -4.264678475746794E-6    3.292222350953337
-4.543038733876925E-6     -4.144317028056381E-6    3.1836981538514983
-4.698061545142936E-6     -4.330118152083873E-6    3.8137348477570217
-4.665435549354743E-6     -4.209756704393461E-6    3.705210650655057
-4.787832364832559E-6     -4.275196380730539E-6    4.226723147459182
-8.131763078407832E-8     -3.335665760495511E-6    -13.55272518365615
-2.3611945445819598E-8    -3.227088044475786E-6    -13.969199565614971
3.409373989243912E-8      -3.1185103284560604E-6   -14.412753199694794
9.179942523069783E-8      -3.009932612436335E-6    -14.856306833774472
1.4950511056895657E-7     -2.901354896416609E-6    -15.29986046785405
-1.6135418204883637E-7    -3.2237682586544077E-6   -13.89198813428298
-1.0364849671057766E-7    -3.1151905426346823E-6   -14.317147583619143
-4.594281137231893E-8     -3.0066128266149564E-6   -14.788772753808201
1.1762873965939777E-8     -2.8980351105952314E-6   -15.260397923997184
-2.4139073331359445E-7    -3.111870756813304E-6    -14.249228437943664
-1.836850479753357E-7     -3.0032930407935782E-6   -14.70624881263538
-1.25979362637077E-7      -2.8947153247738532E-6   -15.177873982824412
-3.214272845783525E-7     -2.9999732549722005E-6   -14.60646874160484
-2.637215992400937E-7     -2.8913955389524747E-6   -15.095350041651225
-4.0146383584311053E-7    -2.8880757531310965E-6   -14.963709045265817
2.3173358667331455E-7     -3.011378325104597E-6    -14.824055058216526
1.7402790133505578E-7     -3.119956041124322E-6    -14.408572960246117
1.163222159967971E-7      -3.2285337571440477E-6   -13.99309086227577
5.861653065853838E-8      -3.337111473163773E-6    -13.579571542537016
3.139620627776725E-7      -3.121401753792584E-6    -14.39131104589471
2.562563774394138E-7      -3.2299794698123096E-6   -13.975828947924514
1.9855069210115507E-7     -3.338557185832035E-6    -13.561627827775183
3.961905388820304E-7      -3.231425182480571E-6    -13.958567033573239
3.3848485354377167E-7     -3.340002898500297E-6    -13.543684113013418
4.784190149863885E-7      -3.3414486111685593E-6   -13.525740398251624
3.050985595413007E-7      -3.892273555050231E-6    -12.13264856291197
3.6774948291884156E-7     -3.782397708807549E-6    -12.377422389029825
4.3040040629638247E-7     -3.6725218625648667E-6   -12.643212516685695
4.930513296739233E-7      -3.5626460163221847E-6   -12.909002644341648
5.557022530514643E-7      -3.4527701700795027E-6   -13.174792771997517
2.278153214762249E-7      -3.780951996139287E-6    -12.396610197270508
2.904662448537658E-7      -3.6710761498966048E-6   -12.649851864363317
3.5311716823130667E-7     -3.561200303653923E-6    -12.941787167992842
4.157680916088475E-7      -3.4513244574112404E-6   -13.233722471622357
1.505320834111491E-7      -3.669630437228343E-6    -12.680509468313069
2.1318300678868993E-7     -3.559754590985661E-6    -12.960412683165352
2.7583393016623087E-7     -3.449878744742979E-6    -13.252347986794577
7.324884534607329E-8      -3.558308878317399E-6    -12.96440873935551
1.3589976872361416E-7     -3.448433032074717E-6    -13.270973501966903
-4.0343927190025284E-9    -3.446987319406455E-6    -13.248308010397793
6.328911535936038E-7      -3.5628760304811896E-6   -12.794679159155608
5.702402302160628E-7      -3.6727518767238715E-6   -12.555034207473243
5.07589306838522E-7       -3.782627722966553E-6    -12.315389255790775
4.449383834609812E-7      -3.892503569209236E-6    -12.074365315058074
7.100800541357434E-7      -3.6729818908828764E-6   -12.454869730766173
6.474291307582025E-7      -3.7828577371255584E-6   -12.215224779083647
5.847782073806617E-7      -3.89273358336824E-6     -11.975617235365569
7.872689546778829E-7      -3.783087751284563E-6    -12.11506030237665
7.246180313003421E-7      -3.892963597527245E-6    -11.876869155673267
8.644578552200227E-7      -3.89319361168625E-6     -11.77812107598076
7.447316855971802E-7      -4.3363650914015565E-6   -11.197649827301772
8.096231839828109E-7      -4.225629725012481E-6    -11.304285427785949
8.745146823684416E-7      -4.1148943586234055E-6   -11.410921028270126
9.394061807540724E-7      -4.00415899223433E-6     -11.5175566287544
6.048918616774998E-7      -4.336135077242552E-6    -11.294496268252335
6.697833600631304E-7      -4.2253997108534766E-6   -11.390637180855606
7.346748584487611E-7      -4.114664344464401E-6    -11.520755213228547
7.995663568343918E-7      -4.003928978075325E-6    -11.65087324560141
5.2994353614345E-7        -4.225169696694472E-6    -11.498855404718707
5.948350345290806E-7      -4.114434330305396E-6    -11.618086895906348
6.597265329147114E-7      -4.003698963916321E-6    -11.748204928279295
4.5499521060940026E-7     -4.114204316146391E-6    -11.703214541184932
5.198867089950309E-7      -4.003468949757316E-6    -11.845536610957092
3.800468850753504E-7      -4.003238935598311E-6    -11.907573677651527
1.0144374948045494E-6     -4.115355463540255E-6    -11.22937814767097
9.495459964189187E-7      -4.2260908299293296E-6   -11.146224979075361
8.846544980332881E-7      -4.336826196318405E-6    -11.063071810479752
8.197629996476574E-7      -4.447561562707481E-6    -10.978458727575518
1.0894688088550267E-6     -4.226551934846178E-6    -10.977184600756843
1.0245773104693958E-6     -4.3372873012352545E-6   -10.894031432161219
9.59685812083765E-7       -4.44802266762433E-6     -10.810842945874043
1.1645001229055035E-6     -4.337748406152103E-6    -10.724991053842603
1.0996086245198728E-6     -4.4484837725411785E-6   -10.64322716417258
1.2395314369559807E-6     -4.448944877458028E-6    -10.475611382471167
1.0399665738543958E-6     -4.779301288033101E-6    -10.527990024111933
1.1064881948882573E-6     -4.6691824845080755E-6   -10.511468435412626
1.1730098159221188E-6     -4.559063680983052E-6    -10.49494684671324
9.665653824521493E-7      -4.668721379591227E-6    -10.677659620496916
1.0330870034860113E-6     -4.558602576066203E-6    -10.66113803179756
8.931641910499034E-7      -4.558141471149354E-6    -10.827329216881942
-3.4473331690086312E-6    -2.7494366251063175E-6   -2.8150035844911097
-3.536778351626666E-6     -2.7908928678489514E-6   -2.225196366249936
-3.626223534244701E-6     -2.8323491105915848E-6   -1.6518553332521793
-3.715668716862737E-6     -2.873805353334219E-6    -1.0785143002544226
-3.805113899480772E-6     -2.915261596076853E-6    -0.5131683761748187
-3.429773913276485E-6     -2.848246465720634E-6    -2.8172000503351677
-3.51921909589452E-6      -2.889702708463268E-6    -2.2438708740338082
-3.608664278512556E-6     -2.9311589512059017E-6   -1.6705298410362093
-3.698109461130591E-6     -2.972615193948536E-6    -1.0977551252120628
-3.412214657544339E-6     -2.9470563063349505E-6   -2.819396516179384
-3.5016598401623744E-6    -2.9885125490775844E-6   -2.262545381818456
-3.5911050227804096E-6    -3.029968791820218E-6    -1.6823418742500151
-3.394655401812194E-6     -3.045866146949267E-6    -2.821592982023363
-3.484100584430229E-6     -3.0873223896919013E-6   -2.266928623287495
-3.3770961460800476E-6    -3.144675987563584E-6    -2.8244469737594
-3.352720588961816E-6     -2.762836659436102E-6    -3.378686201793298
-3.33516133322967E-6      -2.861646500050418E-6    -3.3644046256970697
-3.3176020774975243E-6    -2.960456340664735E-6    -3.350123049601445
-3.300042821765379E-6     -3.0592661812790513E-6   -3.3506790763536642
-3.258108008915001E-6     -2.7762366937658853E-6   -3.925902633851663
-3.2405487531828556E-6    -2.8750465343802018E-6   -3.911621057755683
-3.2229894974507094E-6    -2.9738563749945183E-6   -3.9059759693266374
-3.1634954288681857E-6    -2.789636728095669E-6    -4.4731190659105255
-3.14593617313604E-6      -2.888446568709986E-6    -4.461272862300241
-3.0688828488213712E-6    -2.803036762425453E-6    -5.016569755272899
-3.855947755004732E-6     -3.508871575796737E-6    -0.07454541430168667
-3.974355607143144E-6     -3.446495131632611E-6    0.5510645011222008
-4.092763459281558E-6     -3.3841186874684847E-6   1.1959095073810289
-4.21117131141997E-6      -3.3217422433043583E-6   1.8407545136396208
-4.3295791635583835E-6    -3.259365799140232E-6    2.4855995198987637
-3.962361388525969E-6     -3.5988004414431676E-6   0.471275156940768
-4.0807692406643815E-6    -3.5364239972790413E-6   1.0932883445152188
-4.199177092802794E-6     -3.4740475531149146E-6   1.724525387472051
-4.3175849449412065E-6    -3.4116711089507882E-6   2.355762430428391
-4.068775022047205E-6     -3.688729307089598E-6    0.9918534763700031
-4.187182874185618E-6     -3.6263528629254716E-6   1.616424051755558
-4.305590726324031E-6     -3.5639764187613453E-6   2.247661094711957
-4.175188655568442E-6     -3.7786581727360287E-6   1.5124317957988738
-4.293596507706854E-6     -3.716281728571902E-6    2.139559758995247
-4.281602289089679E-6     -3.8685870383824586E-6   2.0330101152275772
-3.900884221265709E-6     -2.9881007137234836E-6   0.07011115404237286
-4.008057956838877E-6     -3.0559169850776707E-6   0.7025578682269611
-4.115231692412045E-6     -3.123733256431858E-6    1.3041503367018343
-4.222405427985214E-6     -3.191549527786045E-6    1.90574280517655
-3.8896501047004645E-6    -3.118293429241797E-6    0.033312121565457584
-3.996823840273633E-6     -3.186109700595984E-6    0.6456973671412263
-4.103997575846802E-6     -3.2539259719501712E-6   1.2472898356158633
-3.87841598813522E-6      -3.2484861447601105E-6   -0.0034869109117726033
-3.985589723708389E-6     -3.316302416114297E-6    0.5888368660545823
-3.867181871569976E-6     -3.3786788602784235E-6   -0.04028594338900279
-3.472866467864985E-6     -3.2175151052102147E-6   -2.255417444105716
-3.5798709062151654E-6    -3.160161507338532E-6    -1.6922169635470996
-3.6868753445653464E-6    -3.102807909466849E-6    -1.1150590062540833
-3.7938797829155274E-6    -3.0454543115951663E-6   -0.5379010489613819
-3.568636789649921E-6     -3.290354222856845E-6    -1.7053719872872304
-3.675641228000102E-6     -3.233000624985162E-6    -1.131796570122179
-3.782645666350283E-6     -3.1756470271134797E-6   -0.5546386128288479
-3.6644071114348583E-6    -3.3631933405034758E-6   -1.1553265304685874
-3.771411549785039E-6     -3.3058397426317927E-6   -0.5713761766970418
-3.7601774332197947E-6    -3.4360324581501065E-6   -0.6052810736506526
-2.942207858719271E-6     -2.8258954150420157E-6   -5.679784793851733
-3.01926118303394E-6      -2.911305221326548E-6    -5.104721564233783
-3.096314507348609E-6     -2.996715027611081E-6    -4.555625786441576
-3.173367831663278E-6     -3.082124833895613E-6    -4.006530008649685
-3.250421155977948E-6     -3.167534640180146E-6    -3.4719200093292497
-2.8925861929318395E-6    -2.9341638739431105E-6   -5.750834341238669
-2.969639517246509E-6     -3.019573680227643E-6    -5.196639115889648
-3.046692841561178E-6     -3.1049834865121758E-6   -4.647543338097914
-3.1237461658758472E-6    -3.190393292796709E-6    -4.099751446173341
-2.8429645271444093E-6    -3.0424323328442054E-6   -5.821883888624816
-2.920017851459078E-6     -3.1278421391287384E-6   -5.288556667546251
-2.9970711757737475E-6    -3.213251945413271E-6    -4.727582883017629
-2.7933428613569777E-6    -3.150700791745301E-6    -5.892933436012067
-2.8703961856716473E-6    -3.2361105980298337E-6   -5.35541431986168
-2.743721195569547E-6     -3.258969250646396E-6    -5.953642616872266
-2.8334749624207154E-6    -2.824520563718463E-6    -6.298819860682626
-2.7838532966332843E-6    -2.932789022619558E-6    -6.349001403799843
-2.7342316308458536E-6    -3.0410574815206527E-6   -6.399182946917202
-2.684609965058423E-6     -3.1493259404217484E-6   -6.46094033383725
-2.7247420661221602E-6    -2.82314571239491E-6     -6.891887475687619
-2.675120400334729E-6     -2.9314141712960053E-6   -6.942069018804832
-2.625498734547299E-6     -3.0396826301971E-6      -6.997866737015893
-2.6160091698236054E-6    -2.8217708610713573E-6   -7.484955090693233
-2.5663875040361743E-6    -2.930039319972453E-6    -7.534793140194694
-2.5072762735250502E-6    -2.820396009747805E-6    -8.07171954337326
-2.6194338016179973E-6    -3.265615622041756E-6    -6.523851700369919
-2.4951464076664476E-6    -3.272261993437116E-6    -7.072405744738525
-2.370859013714898E-6     -3.278908364832476E-6    -7.620959789106974
-2.246571619763348E-6     -3.2855547362278363E-6   -8.169513833475975
-2.1222842258117983E-6    -3.2922011076231963E-6   -8.688670277867752
-2.5603225711068732E-6    -3.1559723118171085E-6   -7.0351900528840305
-2.4360351771553235E-6    -3.162618683212468E-6    -7.597863928129413
-2.3117477832037737E-6    -3.1692650546078283E-6   -8.160537803374405
-2.187460389252224E-6     -3.1759114260031888E-6   -8.68442159865631
-2.5012113405957487E-6    -3.04632900159246E-6     -7.5661567873541555
-2.3769239466441994E-6    -3.0529753729878203E-6   -8.128830662599086
-2.252636552692649E-6     -3.0596217443831803E-6   -8.678646020132325
-2.442100110084625E-6     -2.9366856913678127E-6   -8.097123521824006
-2.317812716133075E-6     -2.943332062763173E-6    -8.672870441608023
-2.3829888795735005E-6    -2.827042381143165E-6    -8.667094863084193
-1.897502866467773E-6     -2.847786592901385E-6    -10.882439299109144
-2.0188743697442048E-6    -2.8426005399618297E-6   -10.350599963358723
-2.1402458730206364E-6    -2.8374144870222743E-6   -9.802433132197436
-2.261617376297069E-6     -2.8322284340827197E-6   -9.254266301035836
-1.953698206303779E-6     -2.9588902215818377E-6   -10.325954394111667
-2.0750697095802108E-6    -2.9537041686422823E-6   -9.782277148470486
-2.1964412128566432E-6    -2.9485181157027277E-6   -9.234110317308572
-2.0098935461397855E-6    -3.0699938502622903E-6   -9.769469489114268
-2.1312650494162176E-6    -3.0648077973227353E-6   -9.213954333581887
-2.066088885975792E-6     -3.1810974789427433E-6   -9.212984584116713
-1.989904822335594E-6     -3.2959946941161374E-6   -9.193026625761084
-1.85752541885939E-6      -3.2997882806090777E-6   -9.665059440896073
-1.7251460153831856E-6    -3.3035818671020183E-6   -10.137092256031849
-1.5927666119069816E-6    -3.307375453594959E-6    -10.609125071167743
-1.4603872084307772E-6    -3.3111690400878997E-6   -11.043584184798576
-1.9337094824995878E-6    -3.184891065435684E-6    -9.717642232117006
-1.8013300790233834E-6    -3.1886846519286246E-6   -10.203113645855574
-1.668950675547179E-6     -3.1924782384215653E-6   -10.68858505959434
-1.5365712720709752E-6    -3.1962718249145064E-6   -11.129970592330523
-1.8775141426635814E-6    -3.0737874367552314E-6   -10.262289227223755
-1.7451347391873772E-6    -3.0775810232481716E-6   -10.74776064096229
-1.612755335711173E-6     -3.0813746097411127E-6   -11.219708440359838
-1.821318802827575E-6     -2.962683808074778E-6    -10.806936222330444
-1.6889393993513708E-6    -2.966477394567719E-6    -11.309446288389076
-1.7651234629915688E-6    -2.8515801793943253E-6   -11.399184136418471
-1.2275253005104358E-6    -2.871695129342039E-6    -13.245782581068426
-1.361924841130719E-6     -2.866666391855111E-6    -12.81776942005055
-1.496324381751002E-6     -2.8616376543681826E-6   -12.360774631833626
-1.6307239223712853E-6    -2.8566089168812535E-6   -11.903779843616704
-1.2857407774905213E-6    -2.9815636070285045E-6   -12.687133590369104
-1.4201403181108043E-6    -2.976534869541576E-6    -12.240474517142987
-1.5545398587310878E-6    -2.9715061320546472E-6   -11.783479728926064
-1.3439562544706065E-6    -3.091432084714969E-6    -12.128484599670454
-1.4783557950908896E-6    -3.086403347228041E-6    -11.663179614235716
-1.402171731450692E-6     -3.2013005624014346E-6   -11.569835608971568
-1.3240547978606255E-6    -3.3140236980288247E-6   -11.41778745199387
-1.1877223872904735E-6    -3.3168783559697493E-6   -11.753638875134753
-1.0513899767203218E-6    -3.3197330139106743E-6   -12.089490298275162
-9.150575661501698E-7     -3.322587671851599E-6    -12.425341721415613
-7.787251555800179E-7     -3.325442329792524E-6    -12.717906703997366
-1.2658393208805398E-6    -3.2041552203423592E-6   -11.942508764859818
-1.129506910310388E-6     -3.207009878283284E-6    -12.288225811321208
-9.93174499740236E-7      -3.209864536224209E-6    -12.633942857782829
-8.568420891700845E-7     -3.212719194165134E-6    -12.932829436535183
-1.2076238439004545E-6    -3.0942867426558938E-6   -12.48251184335005
-1.0712914333303026E-6    -3.097141400596819E-6    -12.828228889811655
-9.349590227601508E-7     -3.099996058537744E-6    -13.159469437617528
-1.149408366920369E-6     -2.984418264969429E-6    -13.022514921840555
-1.0130759563502173E-6    -2.9872729229103537E-6   -13.386109438699796
-1.0911928899402838E-6    -2.874549787282964E-6    -13.612749439782291
-7.192802018855881E-7     -3.215589514092018E-6    -13.210177473729136
-6.598352481911582E-7     -3.105736698391512E-6    -13.73323366471813
-6.003902944967283E-7     -2.9958838826910054E-6   -14.25628985570701
-5.409453408022984E-7     -2.8860310669904994E-6   -14.779346046695863
-7.973971354756546E-7     -3.102866378464628E-6    -13.433564590489363
-7.379521817812247E-7     -2.9930135627641214E-6   -13.981130212153491
-6.785072280867947E-7     -2.8831607470636154E-6   -14.528695833817439
-8.75514069065721E-7      -2.9901432428372373E-6   -13.692558560625503
-8.160691153712912E-7     -2.8802904271367317E-6   -14.240124182289515
-9.536310026557874E-7     -2.8774201072098477E-6   -13.95155253076124
-4.6090878953754036E-7    -2.997928568831603E-6    -14.416045229740043
-5.203537432319703E-7     -3.107781384532109E-6    -13.917498469426206
-5.797986969264E-7        -3.217634200232615E-6    -13.418951709112553
-6.3924365062083E-7       -3.3274870159331215E-6   -12.929645555438718
-3.808722382727823E-7     -3.109826070672706E-6    -14.090665851433657
-4.4031719196721225E-7    -3.2196788863732126E-6   -13.592119091119915
-4.997621456616421E-7     -3.329531702073719E-6    -13.097314751077258
-3.008356870080243E-7     -3.2217235725138097E-6   -13.765286473127732
-3.602806407024542E-7     -3.331576388214316E-6    -13.264983946715432
-2.2079913574326625E-7    -3.3336210743549137E-6   -13.432653142353871
-3.795115042191706E-6     -4.066234944702876E-6    -0.2712894745448444
-3.8072815847543113E-6    -3.9547622709216485E-6   -0.23122914740743342
-3.8194481273169165E-6    -3.843289597140421E-6    -0.19207689078993923
-3.831614669879521E-6     -3.731816923359193E-6    -0.15292463417221874
-3.843781212442126E-6     -3.6203442495779647E-6   -0.11377237755436045
-3.913695218275548E-6     -4.044691136568079E-6    0.28343154353126565
-3.925861760838153E-6     -3.933218462786851E-6    0.3274751590446452
-3.938028303400758E-6     -3.821745789005623E-6    0.37848311013723734
-3.950194845963363E-6     -3.710273115224395E-6    0.4294910612299859
-4.032275394359389E-6     -4.023147328433281E-6    0.844033829941609
-4.044441936921995E-6     -3.9116746546520535E-6   0.8965040417549361
-4.0566084794846005E-6    -3.8002019808708257E-6   0.9475119928477644
-4.150855570443231E-6     -4.001603520298484E-6    1.4046361163522771
-4.163022113005836E-6     -3.890130846517256E-6    1.465532924465659
-4.269435746527073E-6     -3.980059712163686E-6    1.9652384027629646
-4.454127309700399E-6     -4.550606270730388E-6    2.688314157596788
-4.357108717848913E-6     -4.540889398979822E-6    2.260940096561235
-4.260090125997428E-6     -4.531172527229257E-6    1.8335660355253671
-4.163071534145943E-6     -4.521455655478691E-6    1.406191974489578
-4.4215013139122044E-6    -4.430244823039976E-6    2.5684473165699893
-4.324482722060719E-6     -4.42052795128941E-6     2.1375476777582554
-4.227464130209234E-6     -4.410811079538844E-6    1.7066480389463499
-4.1304455383577496E-6    -4.401094207788278E-6    1.2780941638573315
-4.388875318124011E-6     -4.3098833753495616E-6   2.445603086178683
-4.2918567262725255E-6    -4.300166503598996E-6    2.0147034473670247
-4.19483813442104E-6      -4.290449631848431E-6    1.584454207064633
-4.356249322335817E-6     -4.189521927659149E-6    2.3227588557883143
-4.259230730484332E-6     -4.179805055908584E-6    1.890814250271501
-4.323623326547624E-6     -4.069160479968737E-6    2.197174293478527
-3.849302622212256E-6     -4.1553357125079265E-6   -0.016080955908074998
-3.967882798296098E-6     -4.133791904373129E-6    0.537906891228308
-4.08646297437994E-6      -4.112248096238331E-6    1.0900825813390393
-4.2050431504637815E-6    -4.090704288103534E-6    1.6422582714494163
-3.903490202232807E-6     -4.244436480312976E-6    0.23373359611977507
-4.022070378316648E-6     -4.222892672178178E-6    0.7854179033461005
-4.140650554400491E-6     -4.201348864043381E-6    1.337593593456576
-3.957677782253357E-6     -4.333537248118025E-6    0.483548148147507
-4.076257958337199E-6     -4.311993439983227E-6    1.032928915463627
-4.011865362273908E-6     -4.4226380159230755E-6   0.733362700175672
-4.425522028481633E-6     -4.638541642234197E-6    2.552856154697732
-4.3969167472628674E-6    -4.726477013738005E-6    2.4203755411620853
-4.368311466044102E-6     -4.814412385241815E-6    2.2878949276265748
-4.328503436630147E-6     -4.628824770483631E-6    2.129007671437696
-4.299898155411382E-6     -4.71676014198744E-6     1.9965270579021617
-4.231484844778662E-6     -4.6191078987330655E-6   1.7051591881777277
-3.9084338418336486E-7    -3.886961264309458E-6    -11.809597654114484
-3.2893823350350754E-7    -3.776702163546669E-6    -12.133301213239914
-2.6703308282365027E-7    -3.666443062783879E-6    -12.481454025691704
-2.0512793214379295E-7    -3.55618396202109E-6     -12.82960683814371
-1.4322278146393563E-7    -3.4459248612583004E-6   -13.177759650595384
-4.684197384626955E-7     -3.7746574774060713E-6   -11.976674347805748
-4.0651458778283814E-7    -3.6643983766432818E-6   -12.308389497045995
-3.4460943710298087E-7    -3.5541392758804923E-6   -12.680726061326132
-2.8270428642312355E-7    -3.443880175117703E-6    -13.053062625606167
-5.459960927420261E-7     -3.662353690502684E-6    -12.158857182028228
-4.840909420621687E-7     -3.5520945897398947E-6   -12.518555052057279
-4.2218579138231147E-7    -3.4418354889771057E-6   -12.890891616337134
-6.235724470213566E-7     -3.5500499035992976E-6   -12.34104001625058
-5.616672963414993E-7     -3.439790802836508E-6    -12.728720607068054
-7.011488013006873E-7     -3.4377461166959105E-6   -12.523222850473001
-6.593954339885984E-8     -3.5572464201692442E-6   -12.883047943032851
-1.2784469407871715E-7    -3.6675055209320337E-6   -12.559078882408912
-1.8974984475857442E-7    -3.7777646216948228E-6   -12.23510982178504
-2.5165499543843174E-7    -3.888023722457613E-6    -11.914593334552015
1.1343694666215978E-8     -3.668567979080188E-6    -12.625810219749477
-5.056145601364132E-8     -3.7788270798429776E-6   -12.30184115912558
-1.1246660669349864E-7    -3.8890861806057675E-6   -11.979540154225049
8.862693273129179E-8      -3.779889537991132E-6    -12.368572496466266
2.6721782051434484E-8     -3.890148638753922E-6    -12.0444869738981
1.6591017079636758E-7     -3.891211096902076E-6    -12.109433793571194
4.688018149498148E-8      -4.334250825971473E-6    -11.364585863396858
1.1143477600656128E-7     -4.2237565082411625E-6   -11.551469739487015
1.7598937051814109E-7     -4.113262190510852E-6    -11.73835361557714
2.405439650297209E-7      -4.002767872780541E-6    -11.925237491667318
-9.230820724995163E-8     -4.333188367823318E-6    -11.302630667111124
-2.775361273837183E-8     -4.222694050093007E-6    -11.477292883230833
3.6800981773207975E-8     -4.112199732362697E-6    -11.68737286014032
1.013555762847878E-7      -4.001705414632386E-6    -11.897452837049862
-1.6694200148330495E-7    -4.221631591944853E-6    -11.425206651997275
-1.0238740697172514E-7    -4.111137274214542E-6    -11.62421055813492
-3.7832812460145327E-8    -4.0006429564842325E-6   -11.834290535044337
-2.4157579571665823E-7    -4.110074816066388E-6    -11.547782636883756
-1.7702120120507845E-7    -3.999580498336077E-6    -11.771128233038807
-3.1620958995001155E-7    -3.998518040187923E-6    -11.670358621770141
3.154922905637707E-7      -4.113733253328621E-6    -11.708591286397322
2.5093769605219084E-7     -4.224227571058932E-6    -11.544903511126483
1.8638310154061103E-7     -4.334721888789242E-6    -11.381215735855843
1.2182850702903124E-7     -4.445216206519553E-6    -11.218391170857444
3.904406160978204E-7      -4.224698633876702E-6    -11.527322728515243
3.258860215862406E-7      -4.3351929516070126E-6   -11.36363495324453
2.6133142707466083E-7     -4.445687269337322E-6    -11.200537935442107
4.653889416318701E-7      -4.335664014424782E-6    -11.34605417063326
4.0083434712029034E-7     -4.4461583321550925E-6   -11.182684700026758
5.403372671659199E-7      -4.446629394972863E-6    -11.164831464611412
3.418023836835476E-7      -4.778369120298481E-6    -10.989977362906659
4.0798067817767173E-7     -4.667789211856608E-6    -11.048277347428305
4.7415897267179574E-7     -4.557209303414735E-6    -11.106577331949907
2.6847775813204217E-7     -4.667318149038838E-6    -11.066403035647737
3.346560526261663E-7      -4.556738240596965E-6    -11.124703020169388
1.951531325805367E-7      -4.5562671777791955E-6   -11.142828708388791
-3.67916284687696E-6      -4.018769008823062E-6    -0.8260253151800334
-3.5632106515622133E-6    -3.971303072943246E-6    -1.3860032893139627
-3.4472584562474675E-6    -3.923837137063432E-6    -1.9459812634479705
-3.331306260932721E-6     -3.876371201183616E-6    -2.5059592375817816
-3.2153540656179748E-6    -3.828905265303801E-6    -3.0707952493924155
-3.6913293894395647E-6    -3.907296335041833E-6    -0.79109326603754
-3.5753771941248185E-6    -3.859830399162018E-6    -1.3612819609262112
-3.4594249988100724E-6    -3.812364463282203E-6    -1.9314706558153942
-3.343472803495326E-6     -3.7648985274023885E-6   -2.5071613516799633
-3.7034959320021695E-6    -3.7958236612606053E-6   -0.763796703895015
-3.5875437366874238E-6    -3.7483577253807907E-6   -1.333985398783814
-3.4715915413726776E-6    -3.7008917895009753E-6   -1.9046830398977521
-3.715662474564775E-6     -3.6843509874793775E-6   -0.7365001417524307
-3.599710279250029E-6     -3.636885051599563E-6    -1.3022047281149107
-3.7278290171273804E-6    -3.57287831369815E-6     -0.6997264163333292
-3.3447477299876334E-6    -3.2815218431116275E-6   -2.873830299827179
-3.4405180517725697E-6    -3.3543609607582582E-6   -2.3092608136919903
-3.5362883735575065E-6    -3.4272000784048886E-6   -1.7695902934800969
-3.6320586953424433E-6    -3.5000391960515193E-6   -1.2299197732688332
-3.3123993138952183E-6    -3.4183676986596706E-6   -2.9212172340828495
-3.408169635680155E-6     -3.4912068163063014E-6   -2.3770616600129792
-3.503939957465092E-6     -3.564045933952932E-6    -1.8373911398010858
-3.280050897802804E-6     -3.555213554207714E-6    -2.968604168338441
-3.375821219587741E-6     -3.6280526718543445E-6   -2.4448625063342577
-3.247702481710389E-6     -3.6920594097557578E-6   -3.015991102593836
-3.2180727398855328E-6    -3.30438049572819E-6     -3.5133788099910577
-3.185724323793118E-6     -3.4412263512762333E-6   -3.540351832180623
-3.153375907700704E-6     -3.5780722068242764E-6   -3.5673248543705305
-3.1210274916082892E-6    -3.7149180623723204E-6   -3.611188414153384
-3.0913977497834326E-6    -3.327239148344752E-6    -4.1280283542304534
-3.059049333691018E-6     -3.4640850038927955E-6   -4.15500137642034
-3.0267009175986037E-6    -3.600930859440839E-6    -4.188803113419238
-2.964722759681333E-6     -3.3500978009613146E-6   -4.742677898470492
-2.932374343588918E-6     -3.4869436565093577E-6   -4.766417812685248
-2.8380477695792326E-6    -3.3729564535778773E-6   -5.344032511951495
-2.6897407032050512E-6    -3.3800128300700115E-6   -6.015995519712927
-2.7840672772147363E-6    -3.4940000330014924E-6   -5.415539012086758
-2.8783938512244223E-6    -3.6079872359329733E-6   -4.847986135604732
-2.9727204252341074E-6    -3.7219744388644542E-6   -4.2804332591230185
-3.0670469992437934E-6    -3.835961641795936E-6    -3.7345032999374834
-2.635760210840555E-6     -3.5010564094936266E-6   -6.0783228761727255
-2.7300867848502405E-6    -3.6150436124251075E-6   -5.500340442980813
-2.824413358859926E-6     -3.729030815356589E-6    -4.932787566498944
-2.9187399328696116E-6    -3.843018018288069E-6    -4.374985415826451
-2.5817797184760587E-6    -3.622099988917242E-6    -6.14065023263276
-2.6761062924857442E-6    -3.736087191848723E-6    -5.585141873875518
-2.7704328664954298E-6    -3.8500743947802044E-6   -5.0154675317165225
-2.527799226111563E-6     -3.7431435683408574E-6   -6.202977589092756
-2.6221258001212484E-6    -3.857130771272339E-6    -5.655949647605805
-2.4738187337470666E-6    -3.864187147764473E-6    -6.27021270873609
-2.5654533092535015E-6    -3.3866592014653716E-6   -6.583333364350393
-2.5114728168890048E-6    -3.5077027808889863E-6   -6.6231866463758555
-2.457492324524509E-6     -3.628746360312602E-6    -6.663039928400947
-2.403511832160013E-6     -3.7497899397362174E-6   -6.7226722235004654
-2.4411659153019513E-6    -3.3933055728607312E-6   -7.117767577842533
-2.3871854229374555E-6    -3.514349152284347E-6    -7.157620859867842
-2.333204930572959E-6     -3.6353927317079624E-6   -7.205709129074506
-2.3168785213504016E-6    -3.3999519442560913E-6   -7.652201791335153
-2.2628980289859057E-6    -3.520995523679707E-6    -7.688746034649057
-2.1925911273988522E-6    -3.406598315651452E-6    -8.171782940223098
-2.0511827413631975E-6    -3.4080685682830817E-6   -8.719273973933664
-2.121489642950251E-6     -3.522465776311337E-6    -8.209860865060344
-2.1917965445373044E-6    -3.636862984339592E-6    -7.7383679853785905
-2.2621034461243583E-6    -3.7512601923678473E-6   -7.266875105697072
-2.3324103477114122E-6    -3.865657400396103E-6    -6.81171426805637
-1.980081256914596E-6     -3.5239360289429667E-6   -8.747104671227024
-2.0503881585016497E-6    -3.6383332369712218E-6   -8.262791854501081
-2.1206950600887036E-6    -3.7527304449994773E-6   -7.791298974819525
-2.191001961675757E-6     -3.867127653027733E-6    -7.3260025331085865
-1.908979772465995E-6     -3.639803489602852E-6    -8.774935368520778
-1.979286674053049E-6     -3.754200697631107E-6    -8.315722843942153
-2.0495935756401027E-6    -3.868597905659363E-6    -7.8402907981613525
-1.837878288017394E-6     -3.755670950262737E-6    -8.802766065814176
-1.908185189604448E-6     -3.870068158290993E-6    -8.354579063213528
-1.7667768035687932E-6    -3.8715384109226225E-6   -8.835004434304585
-1.5216651274583806E-6    -3.4232429142548444E-6   -10.568263277542776
-1.6540445309345845E-6    -3.4194493277619033E-6   -10.132976852722965
-1.7864239344107887E-6    -3.4156557412689626E-6   -9.674382636190296
-1.9188033378869933E-6    -3.411862154776022E-6    -9.21578841965794
-1.5829430464859837E-6    -3.5353167884217887E-6   -10.127942773844099
-1.7153224499621878E-6    -3.5315232019288476E-6   -9.677113041336593
-1.847701853438392E-6     -3.5277296154359074E-6   -9.218518824804002
-1.6442209655135868E-6    -3.6473906625887334E-6   -9.68762227014562
-1.7766003689897907E-6    -3.6435970760957928E-6   -9.221249229950464
-1.7054988845411899E-6    -3.7594645367556778E-6   -9.247301766446668
-1.3850937098370094E-6    -3.4247997873328297E-6   -10.964790010332234
-1.4463716288646123E-6    -3.536873661499774E-6    -10.498337633022748
-1.5076495478922156E-6    -3.6489475356667183E-6   -10.073560437011967
-1.5689274669198185E-6    -3.7610214098336635E-6   -9.648783241001262
-1.630205385947422E-6     -3.873095284000608E-6    -9.236082567754604
-1.309800211243241E-6     -3.5384305345777598E-6   -10.891171970844395
-1.371078130270844E-6     -3.650504408744704E-6    -10.451719780215505
-1.4323560492984474E-6    -3.762578282911649E-6    -10.026942584204523
-1.4936339683260505E-6    -3.874652157078593E-6    -9.606485321712391
-1.234506712649473E-6     -3.65206128182269E-6     -10.817553931356635
-1.295784631677076E-6     -3.764135155989634E-6    -10.405101927408603
-1.3570625507046793E-6    -3.8762090301565785E-6   -9.976888075670727
-1.1592132140557048E-6    -3.76569202906762E-6     -10.743935891868874
-1.2204911330833082E-6    -3.877765903234565E-6    -10.347290829628868
-1.0839197154619368E-6    -3.87932277631255E-6     -10.680868963081261
-1.022880803485553E-6     -3.768546687008545E-6    -11.060702518224462
-9.618418915091692E-7     -3.6577705977045395E-6   -11.46691546785307
-9.008029795327854E-7     -3.5469945084005344E-6   -11.873128417481787
-8.397640675564017E-7     -3.436218419096529E-6    -12.279341367110266
-1.0981743020793211E-6    -3.6549159397636144E-6   -11.131214539113381
-1.0371353901029374E-6    -3.5441398504596094E-6   -11.557818565101481
-9.760964781265535E-7     -3.4333637611556044E-6   -11.984422591089427
-1.1734678006730892E-6    -3.5412851925186844E-6   -11.231832765281894
-1.1124288886967055E-6    -3.4305091032146793E-6   -11.658436791270026
-1.2487612992668572E-6    -3.4276544452737543E-6   -11.332450991450408
-7.621877132770711E-7     -3.5485222059999156E-6   -12.094074229877792
-8.232266252534548E-7     -3.6592982953039206E-6   -11.708252356608458
-8.842655372298386E-7     -3.7700743846079265E-6   -11.322430483339087
-9.453044492062225E-7     -3.8808504739119315E-6   -10.94503667966998
-6.846113589977404E-7     -3.6608259929033026E-6   -11.93987411644374
-7.456502709741242E-7     -3.771602082207308E-6    -11.554052243174496
-8.06689182950508E-7      -3.882378171511313E-6    -11.171454998477293
-6.070350047184098E-7     -3.7731297798066892E-6   -11.78567400301002
-6.680739166947936E-7     -3.883905869110695E-6    -11.397873317284665
-5.294586504390792E-7     -3.885433566710076E-6    -11.62429163609185
-3.726398507646177E-6     -4.147221398478453E-6    -0.5691675723298634
-3.7805860876667266E-6    -4.2363221662835025E-6   -0.31447958113424845
-3.834773667687277E-6     -4.325422934088552E-6    -0.062361489195868425
-3.888961247707827E-6     -4.414523701893602E-6    0.1897566027425116
-3.943148827728379E-6     -4.503624469698652E-6    0.43612178372885213
-3.6576819731006473E-6    -4.228207852254029E-6    -0.8613827678226413
-3.7118695531211977E-6    -4.3173086200590785E-6   -0.6110660493334121
-3.766057133141748E-6     -4.406409387864129E-6    -0.35894795739503205
-3.8202447131622985E-6    -4.495510155669179E-6    -0.10811546113073171
-3.5889654385551183E-6    -4.309194306029606E-6    -1.1535979633152618
-3.6431530185756683E-6    -4.398295073834655E-6    -0.9076525175330682
-3.697340598596219E-6     -4.487395841639706E-6    -0.6523527059908273
-3.520248904009589E-6     -4.390180759805182E-6    -1.4458131588081578
-3.5744364840301394E-6    -4.479281527610232E-6    -1.1965899508506865
-3.6104463123314305E-6    -4.099755462598638E-6    -1.1215047249666006
-3.5417297777859007E-6    -4.180741916374214E-6    -1.409348647752363
-3.4730132432403718E-6    -4.2617283701497906E-6   -1.6971925705382878
-3.404296708694843E-6     -4.3427148239253674E-6   -1.9856817940909273
-3.494494117016684E-6     -4.052289526718822E-6    -1.6712719783453733
-3.425777582471155E-6     -4.133275980494399E-6    -1.9591159011311565
-3.3570610479256256E-6    -4.214262434269976E-6    -2.2494643075957477
-3.3785419217019377E-6    -4.004823590839007E-6    -2.2210392317240304
-3.309825387156409E-6     -4.085810044614584E-6    -2.5132468210997807
-3.2625897263871916E-6    -3.957357654959193E-6    -2.777029334603853
-3.890573488086373E-6     -4.601276712953026E-6    0.20373699895290515
-3.837998148444367E-6     -4.698928956207401E-6    -0.022894874870923516
-3.785422808802362E-6     -4.796581199461775E-6    -0.2495267486946987
-3.767669373520293E-6     -4.593162398923553E-6    -0.3360329306287347
-3.715094033878288E-6     -4.690814642177927E-6    -0.562664804452705
-3.6447652589542133E-6    -4.585048084894079E-6    -0.8758028602105004
-6.413982517850155E-7     -4.330627182873345E-6    -10.769485657183193
-5.787595348846029E-7     -4.219710703232373E-6    -11.023277976357663
-5.161208179841902E-7     -4.108794223591401E-6    -11.277070295532136
-4.534821010837775E-7     -3.99787774395043E-6     -11.530862614706532
-7.800135180407299E-7     -4.329099485273964E-6    -10.55363329185705
-7.173748011403172E-7     -4.218183005632992E-6    -10.792401941638467
-6.547360842399045E-7     -4.10726652599202E-6     -11.067304421961497
-5.920973673394919E-7     -3.9963500463510475E-6   -11.342206902284245
-8.559900673960316E-7     -4.21665530803361E-6     -10.582830903158545
-7.933513504956189E-7     -4.105738828392638E-6    -10.846089544182634
-7.307126335952063E-7     -3.994822348751667E-6    -11.120992024505481
-9.319666167513332E-7     -4.1042111307932565E-6   -10.612028514459471
-8.693278998509206E-7     -3.993294651152285E-6    -10.899777146726517
-1.007943166106635E-6     -3.991766953552904E-6    -10.641226125761065
-3.788483068504242E-7     -4.109434519828895E-6    -11.400069154481207
-4.414870237508368E-7     -4.220350999469866E-6    -11.167386996455017
-5.041257406512496E-7     -4.331267479110838E-6    -10.934704838429033
-5.667644575516622E-7     -4.44218395875181E-6     -10.705107947449187
-3.0421451261707087E-7    -4.22099129570736E-6     -11.301834859612253
-3.6685322951748355E-7    -4.331907775348331E-6    -11.069152701586159
-4.2949194641789623E-7    -4.442824254989303E-6    -10.837713079124493
-2.2958071838371758E-7    -4.332548071585825E-6    -11.20360056474361
-2.9221943528413023E-7    -4.443464551226796E-6    -10.970318210799885
-1.549469241503643E-7     -4.44410484746429E-6     -11.102923342475314
-3.5371150518495914E-7    -4.777257761243219E-6    -10.710183472959162
-2.8745664484009417E-7    -4.666206789983575E-6    -10.840282453664702
-2.2120178449522923E-7    -4.5551558187239324E-6   -10.970381434370205
-4.247291559738601E-7     -4.665566493746082E-6    -10.709520053471332
-3.584742956289952E-7     -4.5545155224864395E-6   -10.839619034176755
-4.957468067627611E-7     -4.553875226248946E-6    -10.708856633983288
-3.3221509892956434E-6    -4.463959300130698E-6    -2.286941067073677
-3.1927696091272264E-6    -4.4567513866806374E-6   -2.8356525738476095
-3.06338822895881E-6      -4.449543473230577E-6    -3.384364080621818
-2.9340068487903936E-6    -4.442335559780515E-6    -3.9330755873959466
-3.274915328526426E-6     -4.335506910475307E-6    -2.542095116014132
-3.1455339483580096E-6    -4.328298997025245E-6    -3.097863137169746
-3.0161525681895926E-6    -4.3210910835751845E-6   -3.653631158325791
-2.886771188021177E-6     -4.313883170125124E-6    -4.189779909222704
-3.227679667757209E-6     -4.2070545208199145E-6   -2.807736812429807
-3.098298287588793E-6     -4.199846607369854E-6    -3.3635048335857256
-2.9689169074203758E-6    -4.192638693919793E-6    -3.9143862035860826
-3.180444006987992E-6     -4.078602131164523E-6    -3.0733785088454617
-3.0510626268195756E-6    -4.071394217714462E-6    -3.638992497949263
-3.1332083462187754E-6    -3.950149741509132E-6    -3.363598792312681
-2.738464121646995E-6     -4.320939546617259E-6    -4.809383608102387
-2.672302774672013E-6     -4.206751446904062E-6    -5.1690145004898085
-2.606141427697031E-6     -4.092563347190866E-6    -5.528645392877269
-2.5399800807220486E-6    -3.978375247477669E-6    -5.888276285265045
-2.8206098410461944E-6    -4.199695070411927E-6    -4.538109476832986
-2.7544484940712124E-6    -4.085506970698731E-6    -4.906058314702655
-2.68828714709623E-6      -3.971318870985534E-6    -5.2740071525722385
-2.9027555604453938E-6    -4.0784505942065966E-6   -4.277448390300092
-2.8365942134704118E-6    -3.9642624944934E-6      -4.645397228169644
-2.9849012798445936E-6    -3.957206118001266E-6    -4.01678730376664
-2.400218230062949E-6     -3.97861851086357E-6     -6.4298058169321415
-2.466379577037931E-6     -4.092806610576767E-6    -6.048551273276373
-2.532540924012913E-6     -4.2069947102899625E-6   -5.697238326371192
-2.598702270987895E-6     -4.321182810003159E-6    -5.345925379466011
-2.6648636179628776E-6    -4.435370909716356E-6    -5.00374778231668
-2.3266177263788313E-6    -4.093049873962668E-6    -6.585040589077251
-2.3927790733538133E-6    -4.207237973675864E-6    -6.223167052998245
-2.458940420328796E-6     -4.321426073389061E-6    -5.871854106092907
-2.5251017673037777E-6    -4.435614173102257E-6    -5.523768326276192
-2.253017222694714E-6     -4.207481237061765E-6    -6.740275361222361
-2.319178569669696E-6     -4.321669336774962E-6    -6.397782832720466
-2.3853399166446783E-6    -4.435857436488158E-6    -6.0437888702361775
-2.1794167190105964E-6    -4.321912600160863E-6    -6.895510133367001
-2.245578065985579E-6     -4.436100699874059E-6    -6.563809414195612
-2.038008332974942E-6     -4.3233828527924925E-6   -7.3919706803152145
-1.9702004506234048E-6    -4.210421742325025E-6    -7.746162191738249
-1.9023925682718674E-6    -4.0974606318575575E-6   -8.100353703161677
-1.8345846859203303E-6    -3.98449952139009E-6     -8.454545214585107
-2.111608836659059E-6     -4.208951489693395E-6    -7.2356076038007355
-2.0438009543075218E-6    -4.095990379225928E-6    -7.603906500215192
-1.975993071955985E-6     -3.98302926875846E-6     -7.972205396629846
-2.1852093403431765E-6    -4.094520126594298E-6    -7.099753839232898
-2.1174014579916396E-6    -3.98155901612683E-6     -7.468052735647425
-2.258809844027294E-6     -3.9800887634952E-6      -6.963900074664943
-1.694065428537899E-6     -3.985105692273054E-6    -8.887403624892459
-1.761873310889436E-6     -4.098066802740521E-6    -8.513439689378856
-1.829681193240973E-6     -4.211027913207988E-6    -8.17335556294673
-1.8974890755925103E-6    -4.323989023675456E-6    -7.833271436514607
-1.9652969579440474E-6    -4.436950134142924E-6    -7.500507178772544
-1.6213540535070042E-6    -4.098672973623485E-6    -8.94564253788722
-1.6891619358585415E-6    -4.211634084090952E-6    -8.594147007199796
-1.7569698182100789E-6    -4.32459519455842E-6     -8.254062880767751
-1.8247777005616158E-6    -4.437556305025888E-6    -7.9167092765778175
-1.54864267847611E-6      -4.2122402549739166E-6   -9.003881450881902
-1.6164505608276468E-6    -4.325201365441383E-6    -8.67485432502118
-1.6842584431791841E-6    -4.438162475908852E-6    -8.332911374383249
-1.4759313034452156E-6    -4.325807536324347E-6    -9.062120363876389
-1.543739185796753E-6     -4.4387686467918154E-6   -8.749113472188327
-1.3393598858238445E-6    -4.327364409402333E-6    -9.418537888845798
-1.2754998432333674E-6    -4.215354001129887E-6    -9.727321085634454
-1.2116398006428905E-6    -4.103343592857441E-6    -10.03610428242327
-1.1477797580524137E-6    -3.991333184584996E-6    -10.344887479212007
-1.4120712608547385E-6    -4.213797128051902E-6    -9.35547061502283
-1.3482112182642617E-6    -4.101786719779456E-6    -9.682346271567374
-1.2843511756737848E-6    -3.98977631150701E-6     -10.009221928111812
-1.484782635885633E-6     -4.1002298467014705E-6   -9.319700106855379
-1.4209225932951562E-6    -3.9882194384290245E-6   -9.646575763399555
-1.5574940109165273E-6    -3.986662565351039E-6    -9.283929598687193
-1.0718032086971118E-6    -4.103777361825349E-6    -10.313199245541476
-1.1356632512875886E-6    -4.215787770097795E-6    -10.0225085085083
-1.1995232938780655E-6    -4.32779817837024E-6     -9.731817771475018
-1.2633833364685426E-6    -4.439808586642686E-6    -9.446543214751319
-9.9582665934181E-7       -4.2162215390657025E-6   -10.308491625482722
-1.0596867019322872E-6    -4.3282319473381485E-6   -10.01780088844955
-1.1235467445227638E-6    -4.440242355610594E-6    -9.729097712775358
-9.198501099865084E-7     -4.328665716306055E-6    -10.303784005424248
-9.837101525769855E-7     -4.440676124578501E-6    -10.011652210799435
-8.438735606312067E-7     -4.441109893546409E-6    -10.294206708823609
-3.2598413425353824E-6    -4.569725857414546E-6    -2.5370168815018355
-3.1975316957751217E-6    -4.675492414698393E-6    -2.776605048455098
-3.135222049014861E-6     -4.781258971982241E-6    -3.016193215408359
-3.130459962366966E-6     -4.5625179439644846E-6   -3.0786718738944283
-3.068150315606705E-6     -4.6682845012483325E-6   -3.3182600408476643
-3.001078582198549E-6     -4.555310030514424E-6    -3.6203268662868093
-1.049559065953615E-6     -4.776183696037818E-6    -9.693339656310187
-9.809972308461456E-7     -4.6644924285406815E-6   -9.89200544830056
-9.124353957386762E-7     -4.552801161043545E-6    -10.090671240291053
-1.1208338227919241E-6    -4.664058659572774E-6    -9.612879569226989
-1.052271987684455E-6     -4.552367392075638E-6    -9.811545361217464
-1.1921085796302333E-6    -4.55193362310773E-6     -9.53241948214375
-2.4476729387015798E-6    -4.7742943219180815E-6   -5.69560262744427
-2.380307981129579E-6     -4.661563114570074E-6    -5.982141823612473
-2.3129430235575787E-6    -4.548831907222066E-6    -6.268681019780893
-2.5200698317886785E-6    -4.661319851184173E-6    -5.468029462320501
-2.4527048742166786E-6    -4.548588643836165E-6    -5.7545686584887825
-2.592466724875778E-6     -4.548345380450264E-6    -5.240456297196633
-1.7486533729709366E-6    -4.775143756186946E-6    -7.985683454920957
-1.6803486439128751E-6    -4.663018719721902E-6    -8.238010737125746
-1.612043914854814E-6     -4.5508936832568585E-6   -8.490338019330242
-1.820867901295307E-6     -4.6624125488389385E-6   -7.826397985768185
-1.7525631722372457E-6    -4.550287512373895E-6    -8.078725267972862
-1.893082429619677E-6     -4.549681341490931E-6    -7.667112516615119
