4.537648288449208E-6      -4.6359275855306464E-7   -9473.094086231747
4.630118630759367E-6      -3.708742068424517E-7    -12015.932342096545
4.7225889730695245E-6     -2.7815565513183873E-7   -14723.058384561251
4.815059315379682E-6      -1.854371034212258E-7    -17440.058815448156
4.907529657689842E-6      -9.271855171061297E-8    -20166.933634757406
4.9999999999999996E-6     0                        -22903.682842488975
4.4958231199135495E-6     -3.708742068424517E-7    -8781.076666210869
4.588293462223708E-6      -2.781556551318388E-7    -11504.717060055149
4.680763804533866E-6      -1.8543710342122583E-7   -14342.2558390858
4.773234146844024E-6      -9.27185517106129E-8     -17189.834862346077
4.865704489154184E-6      -2.5734567729755173E-23  -20047.45412983597
4.453997951377891E-6      -2.7815565513183873E-7   -8262.825320866443
4.546468293688051E-6      -1.8543710342122588E-7   -11054.75926148086
4.638938635998208E-6      -9.271855171061288E-8    -13896.640359290885
4.731408978308366E-6      3.8601851594632753E-23   -16748.561701330484
4.412172782842232E-6      -1.854371034212258E-7    -7742.9001907274105
4.504643125152392E-6      -9.271855171061293E-8    -10603.445856235634
4.597113467462549E-6      3.8601851594632753E-23   -13449.669272824969
4.3703476143065756E-6     -9.271855171061297E-8    -7221.301275793715
4.462817956616734E-6      5.1469135459510333E-23   -10150.776844319413
4.328522445770917E-6      0                        -6741.164416723967
4.630118630759367E-6      -5.137313496995937E-7    -11095.127932305906
4.7225889730695245E-6     -5.638699408461226E-7    -12529.62193289368
4.815059315379682E-6      -6.140085319926516E-7    -13961.328958341175
4.907529657689842E-6      -6.641471231391808E-7    -15390.249008648345
4.9999999999999996E-6     -7.142857142857099E-7    -16586.407858929404
4.7225889730695245E-6     -4.210127979889808E-7    -13592.27422199132
4.815059315379682E-6      -4.711513891355098E-7    -15103.177867332892
4.907529657689841E-6      -5.212899802820387E-7    -16611.2563682595
5.0E-6                    -5.714285714285679E-7    -18116.509724771116
4.815059315379684E-6      -3.282942462783679E-7    -16173.317040462884
4.907529657689841E-6      -3.784328374248968E-7    -17684.20787959799
4.9999999999999996E-6     -4.2857142857142587E-7   -19192.273574318126
4.907529657689841E-6      -2.355756945677549E-7    -18764.06839154932
4.9999999999999996E-6     -2.8571428571428395E-7   -20274.94642447798
4.9999999999999996E-6     -1.4285714285714197E-7   -21364.528275250872
3.969599344001145E-6      -5.177568821451329E-7    2345.8285477501627
4.041383964355099E-6      -4.142055057161063E-7    568.2633582935487
4.113168584709054E-6      -3.106541292870797E-7    -1233.7128782351701
4.1849532050630075E-6     -2.071027528580531E-7    -3043.382919656835
4.2567378254169635E-6     -1.0355137642902661E-7   -4860.74676597146
3.906615145874635E-6      -4.142055057161063E-7    3976.8258270187816
3.97839976622859E-6       -3.106541292870797E-7    2166.7903007296804
4.050184386582543E-6      -2.0710275285805308E-7   331.2801640784437
4.121969006936498E-6      -1.0355137642902654E-7   -1511.7665215660782
4.1937536272904535E-6     -2.8741280585783006E-23  -3362.349756203942
3.8436309477481245E-6     -3.106541292870797E-7    5597.232447246108
3.9154155681020806E-6     -2.0710275285805314E-7   3782.966526364753
3.987200188456034E-6      -1.035513764290265E-7    1946.619830495568
4.058984808809988E-6      4.311192087867451E-23    102.73658563311648
3.7806467496216154E-6     -2.071027528580531E-7    7223.779685018821
3.8524313699755705E-6     -1.0355137642902657E-7   5405.006182557243
3.924215990329525E-6      4.311192087867451E-23    3567.822927470158
3.717662551495107E-6      -1.0355137642902661E-7   8856.467540336984
3.7894471718490614E-6     5.748256117156601E-23    7032.909269307233
3.6546783533685966E-6     0                        10509.234143891013
4.9999999999999996E-6     -1.428571428571425E-6    -11841.193838970541
5.0E-6                    -1.285714285714282E-6    -13036.009949099702
4.9999999999999996E-6     -1.1428571428571388E-6   -13801.356725480793
4.9999999999999996E-6     -9.999999999999957E-7    -14571.54722761751
5.0E-6                    -8.571428571428529E-7    -15346.581455509882
4.878059984327775E-6      -1.360621138733997E-6    -10629.821413169797
4.878059984327776E-6      -1.2177639958768538E-6   -11500.498336162535
4.878059984327775E-6      -1.0749068530197105E-6   -12262.76699528396
4.878059984327775E-6      -9.320497101625675E-7    -13029.87938016091
4.878059984327776E-6      -7.891925673054248E-7    -13935.585048813795
4.75611996865555E-6       -1.2926708488965683E-6   -9181.952696478424
4.7561199686555515E-6     -1.1498137060394253E-6   -9960.962629766711
4.75611996865555E-6       -1.006956563182282E-6    -10720.153171628383
4.75611996865555E-6       -8.640994203251392E-7    -11522.613452734993
4.634179952983325E-6      -1.22472055905914E-6     -7730.125106311771
4.634179952983326E-6      -1.081863416201997E-6    -8417.40282991213
4.634179952983325E-6      -9.39006273344854E-7     -9116.869562239166
4.512239937311102E-6      -1.156770269221712E-6    -6274.338642669834
4.512239937311102E-6      -1.013913126364569E-6    -6718.353377326318
4.390299921638877E-6      -1.0888199793842836E-6   -4555.5200400311305
4.9999999999999996E-6     -2.14285714285714E-6     -8236.446610254303
5.0E-6                    -1.9999999999999974E-6   -9090.813368219668
4.9999999999999996E-6     -1.8571428571428541E-6   -9657.015782725051
4.9999999999999996E-6     -1.7142857142857109E-6   -10226.634193546855
5.0E-6                    -1.5714285714285683E-6   -10799.668600685089
4.8833518340212225E-6     -2.087265083697699E-6    -7395.351153397657
4.883351834021223E-6      -1.944407940840556E-6    -8034.583022922248
4.883351834021222E-6      -1.8015507979834128E-6   -8598.223671294465
4.883351834021222E-6      -1.6586936551262696E-6   -9165.280315983038
4.883351834021223E-6      -1.5158365122691272E-6   -9883.402180270072
4.766703668042442E-6      -2.031673024538258E-6    -6392.940569985611
4.766703668042445E-6      -1.888815881681115E-6    -6975.841587811561
4.766703668042443E-6      -1.7459587388239718E-6   -7536.920470050542
4.766703668042442E-6      -1.6031015959668285E-6   -8149.008555674865
4.650055502063664E-6      -1.9760809653788167E-6   -5388.058315936243
4.650055502063665E-6      -1.833223822521674E-6    -5914.589062887519
4.650055502063664E-6      -1.6903666796645305E-6   -6420.856435433137
4.533407336084888E-6      -1.920488906219376E-6    -4380.704391249574
4.533407336084888E-6      -1.7776317633622326E-6   -4698.945819544904
4.416759170106109E-6      -1.8648968470599346E-6   -3200.3482954595747
3.3102230583381433E-6     -5.212188258953135E-7    15898.424347398852
3.3791141173442344E-6     -4.169750607162508E-7    14797.390656940015
3.4480051763503244E-6     -3.1273129553718804E-7   13734.107961001726
3.516896235356415E-6      -2.0848753035812534E-7   12665.92418790967
3.5857872943625067E-6     -1.0424376517906274E-7   11592.839337663894
3.2465806909903E-6        -4.169750607162508E-7    18136.83978052465
3.315471749996391E-6      -3.127312955371881E-7    17053.70668528266
3.3843628090024808E-6     -2.0848753035812537E-7   16006.836909638872
3.453253868008572E-6      -1.0424376517906267E-7   14955.369824283933
3.522144927014663E-6      -2.8933457068853384E-23  13899.305429217784
3.1829383236424553E-6     -3.1273129553718804E-7   20392.58880412989
3.2518293826485465E-6     -2.0848753035812542E-7   19355.922431309773
3.3207204416546368E-6     -1.0424376517906264E-7   18311.01009709226
3.3896115006607275E-6     4.340018560328008E-23    17261.500453163582
3.1192959562946113E-6     -2.0848753035812534E-7   22656.99659282857
3.188187015300703E-6      -1.0424376517906271E-7   21666.650369900595
3.257078074306793E-6      4.340018560328008E-23    20623.695477109377
3.0556535889467685E-6     -1.0424376517906274E-7   24930.06314662075
3.1245446479528597E-6     5.786691413770678E-23    23985.890501055233
2.9920112215989246E-6     0                        27266.938674645575
2.6651509979701555E-6     -5.301532657333547E-7    28370.39116029778
2.73052304269591E-6       -4.241226125866838E-7    28081.855918178033
2.7958950874216626E-6     -3.180919594400128E-7    27870.42924073168
2.8612671321474166E-6     -2.1206130629334184E-7   27657.37190346458
2.9266391768731714E-6     -1.0603065314667097E-7   27442.683906376617
2.600796084791985E-6      -4.241226125866838E-7    31095.87500842631
2.6661681295177386E-6     -3.180919594400128E-7    30844.1624761026
2.731540174243492E-6      -2.1206130629334184E-7   30702.443016343244
2.7969122189692457E-6     -1.060306531466709E-7    30559.513600336555
2.8622842636950006E-6     -2.942941810986947E-23   30415.374228082277
2.5364411716138138E-6     -3.180919594400128E-7    33884.0748640078
2.6018132163395686E-6     -2.1206130629334186E-7   33728.52043108619
2.6671852610653218E-6     -1.0603065314667087E-7   33591.619875287106
2.7325573057910753E-6     4.4144127164804207E-23   33453.509363240795
2.4720862584356434E-6     -2.1206130629334184E-7   36683.13122297648
2.5374583031613974E-6     -1.0603065314667092E-7   36623.72615023773
2.602830347887151E-6      4.4144127164804207E-23   36491.64449839892
2.407731345257473E-6      -1.0603065314667097E-7   39493.044085332476
2.473103389983227E-6      5.885883621973894E-23    39529.77963355748
2.343376432079302E-6      0                        42410.74708825234
4.420765607726449E-6      -2.534162321244047E-6    -2166.807280432998
4.536612486181159E-6      -2.5987584284238087E-6   -2977.642978794148
4.652459364635869E-6      -2.66335453560357E-6     -3647.7912166501474
4.768306243090578E-6      -2.7279506427833317E-6   -4315.678494414236
4.8841531215452904E-6     -2.792546749963094E-6    -4981.304812086394
4.9999999999999996E-6     -2.857142857142855E-6    -5519.2532138719735
4.536612486181159E-6      -2.455901285566666E-6    -3224.556340935471
4.652459364635869E-6      -2.5204973927464276E-6   -4037.70086582002
4.768306243090579E-6      -2.5850934999261893E-6   -4756.799517351928
4.884153121545289E-6      -2.6496896071059506E-6   -5473.6157647190175
5.0E-6                    -2.7142857142857127E-6   -6188.149607921212
4.652459364635869E-6      -2.377640249889284E-6    -4434.801305174243
4.7683062430905805E-6     -2.4422363570690465E-6   -5181.937623304566
4.884153121545289E-6      -2.5068324642488074E-6   -5900.745440327484
4.9999999999999996E-6     -2.5714285714285687E-6   -6617.270853185628
4.768306243090578E-6      -2.299379214211903E-6    -5649.232976492276
4.884153121545289E-6      -2.363975321391665E-6    -6330.229300842557
4.9999999999999996E-6     -2.428571428571426E-6    -7048.746283356499
4.8841531215452904E-6     -2.221118178534522E-6    -6867.851354889575
4.9999999999999996E-6     -2.2857142857142834E-6   -7482.575898434046
4.439482200373447E-6      -3.2293617394485973E-6   -1460.024838297657
4.551585760298758E-6      -3.297775105844592E-6    -1932.8411534354736
4.663689320224068E-6      -3.366188472240586E-6    -2320.1884628213747
4.775792880149378E-6      -3.4346018386365806E-6   -2705.588683837619
4.88789644007469E-6       -3.5030152050325758E-6   -3089.041816484287
4.9999999999999996E-6     -3.57142857142857E-6     -3365.072561616688
4.551585760298758E-6      -3.154917962987449E-6    -2127.037645811124
4.663689320224068E-6      -3.223331329383443E-6    -2629.3760502048835
4.775792880149378E-6      -3.291744695779438E-6    -3059.8280853234537
4.887896440074689E-6      -3.3601580621754317E-6   -3488.3310524972267
5.0E-6                    -3.4285714285714277E-6   -3914.8849517261315
4.663689320224068E-6      -3.0804741865263E-6      -2940.307466324158
4.775792880149381E-6      -3.148887552922296E-6    -3392.5780118076673
4.887896440074689E-6      -3.2173009193182893E-6   -3822.749260270002
4.9999999999999996E-6     -3.2857142857142836E-6   -4250.971440787469
4.775792880149378E-6      -3.0060304100651517E-6   -3756.5892233643563
4.887896440074689E-6      -3.074443776461147E-6    -4158.698867094605
4.9999999999999996E-6     -3.1428571428571404E-6   -4588.589328900702
4.88789644007469E-6       -2.931586633604004E-6    -4575.882916931732
4.9999999999999996E-6     -2.9999999999999984E-6   -4927.7386160657625
2.01329597022662E-6       -5.403931848421569E-7    39379.580989187896
2.0793120625971566E-6     -4.323145478737255E-7    39871.80057963066
2.1453281549676922E-6     -3.2423591090529403E-7   40484.457704090266
2.2113442473382287E-6     -2.161572739368627E-7    41098.73719030848
2.2773603397087656E-6     -1.080786369684314E-7    41714.63903828528
1.947560249746913E-6      -4.323145478737255E-7    42464.64145828269
2.013576342117449E-6      -3.2423591090529413E-7   43020.79919646459
2.0795924344879857E-6     -2.161572739368627E-7    43751.9850918671
2.1456085268585213E-6     -1.0807863696843132E-7   44485.321716501014
2.2116246192290586E-6     -2.999784780811404E-23   45220.8090703661
1.8818245292672053E-6     -3.2423591090529403E-7   45656.62669860716
1.9478406216377426E-6     -2.1615727393686276E-7   46357.55797552872
2.0138567140082783E-6     -1.080786369684313E-7    47096.20551221199
2.0798728063788147E-6     4.4996771712171057E-23   47837.00377812659
1.816088808787498E-6      -2.161572739368627E-7    48861.24291577145
1.8821049011580348E-6     -1.0807863696843138E-7   49707.089307922906
1.948120993528571E-6      4.4996771712171057E-23   50453.198485887006
1.7503530883077913E-6     -1.080786369684314E-7    52078.49010977573
1.8163691806783278E-6     5.999569561622807E-23    53069.39319364753
1.684617367828084E-6      0                        55446.20601763239
4.9999999999999996E-6     -4.2857142857142855E-6   -1636.600448140902
5.0E-6                    -4.142857142857143E-6    -2063.558204619795
4.9999999999999996E-6     -3.999999999999999E-6    -2334.9266772866104
4.9999999999999996E-6     -3.857142857142856E-6    -2607.1434612935573
5.0E-6                    -3.7142857142857133E-6   -2880.2085566404758
4.877630891464676E-6      -4.2179184973333045E-6   -1516.7291648218077
4.877630891464676E-6      -4.075061354476162E-6    -1827.3329903715403
4.877630891464676E-6      -3.932204211619018E-6    -2096.8651497453066
4.877630891464676E-6      -3.7893470687618747E-6   -2367.2456204591717
4.877630891464678E-6      -3.6464899259047328E-6   -2698.3341056321524
4.755261782929352E-6      -4.150122708952323E-6    -1314.2775977858207
4.755261782929354E-6      -4.0072655660951815E-6   -1589.173801534057
4.755261782929353E-6      -3.864408423238037E-6    -1856.8696476147752
4.755261782929352E-6      -3.721551280380893E-6    -2141.8837419108054
4.632892674394029E-6      -4.082326920571342E-6    -1109.8889613252643
4.63289267439403E-6       -3.939469777714199E-6    -1349.0806381073571
4.632892674394029E-6      -3.796612634857055E-6    -1588.0928204025722
4.510523565858707E-6      -4.014531132190361E-6    -903.5632554401766
4.510523565858707E-6      -3.871673989333218E-6    -1036.961341107528
4.388154457323384E-6      -3.94673534380938E-6     -601.6339292964603
4.552009123556424E-6      -4.5509521994226E-6      -429.5243531013413
4.6416072988451396E-6     -4.64076175953808E-6     -394.33618605733
4.731205474133854E-6      -4.7305713196535595E-6   -319.5465494184882
4.820803649422569E-6      -4.820380879769038E-6    -242.9594536894383
4.910401824711285E-6      -4.91019043988452E-6     -164.57489887000565
4.9999999999999996E-6     -4.999999999999999E-6    -84.39288496045658
4.6416072988451396E-6     -4.497904616680938E-6    -605.6401680033088
4.731205474133854E-6      -4.5877141767964175E-6   -580.4272763727058
4.820803649422568E-6      -4.6775237369118964E-6   -532.028937212549
4.910401824711284E-6      -4.767333297027375E-6    -481.8643090767637
5.0E-6                    -4.857142857142857E-6    -429.9333919650944
4.731205474133854E-6      -4.444857033939274E-6    -842.0539557685522
4.82080364942257E-6       -4.5346665940547545E-6   -790.3033492639152
4.910401824711285E-6      -4.624476154170233E-6    -741.449294481612
4.9999999999999996E-6     -4.714285714285713E-6    -690.828950723615
4.820803649422569E-6      -4.391809451197611E-6    -1079.6487987839025
4.910401824711285E-6      -4.481619011313091E-6    -1001.3340119793847
4.9999999999999996E-6     -4.57142857142857E-6     -952.024241574898
4.910401824711285E-6      -4.3387618684559485E-6   -1318.424697049336
4.9999999999999996E-6     -4.428571428571428E-6    -1213.5192645190946
1.3498340538820787E-6     -5.473594028379799E-7    48236.928089201196
1.41679071667128E-6       -4.3788752227038395E-7   49523.83012519449
1.4837473794604807E-6     -3.284156417027879E-7    50966.968780778785
1.5507040422496817E-6     -2.1894376113519192E-7   52415.129157731906
1.617660705038883E-6      -1.09471880567596E-7     53868.311256053916
1.2820241325963381E-6     -4.3788752227038395E-7   51480.63668373319
1.3489807953855391E-6     -3.2841564170278794E-7   52860.54388059427
1.41593745817474E-6       -2.1894376113519192E-7   54468.70890973486
1.4828941209639407E-6     -1.0947188056759593E-7   56082.505343350625
1.5498507837531422E-6     -3.0384550588790083E-23  57701.93318144139
1.2142142113105968E-6     -3.284156417027879E-7    54871.861127581455
1.2811708740997982E-6     -2.1894376113519198E-7   56440.50137281008
1.348127536888999E-6      -1.094718805675959E-7    58058.42741978002
1.4150841996782E-6        4.557682588318512E-23    59681.98487122508
1.1464042900248558E-6     -2.1894376113519192E-7   58276.67030810744
1.213360952814057E-6      -1.0947188056759599E-7   60034.349496209485
1.2803176156032578E-6     4.557682588318512E-23    61662.03656100885
1.0785943687391153E-6     -1.09471880567596E-7     61695.064225311144
1.145551031528316E-6      6.076910117758016E-23    63642.08825079248
1.0107844474533741E-6     0                        65292.706742996095
4.40811949545806E-6       -4.999999999999998E-6    47.509984524033314
4.526495596366448E-6      -4.999999999999999E-6    51.69785417351474
4.6448716972748354E-6     -4.999999999999998E-6    38.91133947479178
4.763247798183223E-6      -4.999999999999997E-6    26.124824776052144
4.881623899091612E-6      -4.999999999999999E-6    13.338310077323042
4.436897421077733E-6      -4.910190439884519E-6    -66.09875332788033
4.555273521986121E-6      -4.910190439884519E-6    -64.50530172400795
4.6736496228945085E-6     -4.910190439884518E-6    -78.52711514113253
4.792025723802896E-6      -4.910190439884519E-6    -92.54892855832622
4.465675346697404E-6      -4.8203808797690376E-6   -168.32546083751367
4.584051447605794E-6      -4.820380879769039E-6    -181.3504258536086
4.702427548514181E-6      -4.820380879769038E-6    -196.6075379891554
4.494453272317078E-6      -4.730571319653558E-6    -271.20064283852753
4.6128293732254665E-6     -4.7305713196535595E-6   -298.8375182152686
4.523231197936752E-6      -4.64076175953808E-6     -374.7242993307923
-4.537111228571029E-6     -4.6004885130288427E-7   -8342.166054569632
-4.495393472010987E-6     -3.680390810423074E-7    -7398.575710727919
-4.4536757154509454E-6    -2.760293107817305E-7    -6628.630633254628
-4.411957958890904E-6     -1.8401954052115367E-7   -5855.21114181301
-4.370240202330862E-6     -9.200977026057688E-8    -5078.3172364030215
-4.3285224457708205E-6    0                        -4325.269120849219
-4.629688982856823E-6     -3.680390810423074E-7    -10929.140443171551
-4.587971226296782E-6     -2.760293107817305E-7    -10153.446492598929
-4.54625346973674E-6      -1.8401954052115365E-7   -9434.820474300699
-4.504535713176697E-6     -9.200977026057682E-8    -8712.987756628709
-4.462817956616656E-6     -2.5537841358440847E-23  -7987.948339582951
-4.722266737142617E-6     -2.760293107817305E-7    -13662.531563465142
-4.680548980582576E-6     -1.840195405211537E-7    -13011.9454643512
-4.638831224022534E-6     -9.200977026057678E-8    -12296.618019114523
-4.597113467462491E-6     3.830676203766128E-23    -11578.083874504146
-4.814844491428411E-6     -1.8401954052115367E-7   -16405.649748420423
-4.77312673486837E-6      -9.200977026057685E-8    -15880.248281600347
-4.731408978308326E-6     3.830676203766128E-23    -15168.21940942533
-4.907422245714205E-6     -9.200977026057688E-8    -19158.494998037502
-4.865704489154164E-6     5.1075682716881707E-23   -18758.354944346513
-4.9999999999999996E-6    0                        -21921.06731231621
-4.629688982856823E-6     -5.108962238994494E-7    -10219.781230923996
-4.722266737142617E-6     -4.188864536388725E-7    -12746.90255132117
-4.81484449142841E-6      -3.2687668337829557E-7   -15359.271863225178
-4.9074222457142046E-6    -2.3486691311771874E-7   -17981.291458955675
-5.0E-6                   -1.4285714285714192E-7   -20612.961338512752
-4.722266737142617E-6     -5.617435964960143E-7    -11889.818051433676
-4.814844491428412E-6     -4.697338262354376E-7    -14500.572471079664
-4.907422245714205E-6     -3.777240559748606E-7    -17113.729252991187
-4.9999999999999996E-6    -2.8571428571428374E-7   -19736.536318729188
-4.814844491428411E-6     -6.125909690925792E-7    -13556.124886451813
-4.907422245714205E-6     -5.205811988320026E-7    -16250.424834095265
-4.9999999999999996E-6    -4.285714285714256E-7    -18864.369086014274
-4.907422245714205E-6     -6.634383416891445E-7    -15218.701735978342
-4.9999999999999996E-6    -5.714285714285676E-7    -17996.459640367804
-4.9999999999999996E-6    -7.142857142857094E-7    -16633.422230062675
-3.973864883672597E-6     -5.144197251829767E-7    4108.653128460526
-3.91002757761178E-6      -4.1153578014638136E-7   6042.9265756806435
-3.8461902715509616E-6    -3.0865183510978594E-7   7965.919588205366
-3.7823529654901453E-6    -2.0576789007319065E-7   9897.357709172622
-3.71851565942933E-6      -1.0288394503659538E-7   11837.240938582385
-3.6546783533685123E-6    0                        13820.637789726215
-4.044796396092242E-6     -4.1153578014638136E-7   2434.9604920882102
-3.980959090031425E-6     -3.0865183510978604E-7   4338.166752206049
-3.9171217839706075E-6    -2.0576789007319063E-7   6291.503402375328
-3.853284477909791E-6     -1.0288394503659531E-7   8253.11825007586
-3.789447171848974E-6     -2.855603116097431E-23   10223.011295307797
-4.115727908511886E-6     -3.0865183510978594E-7   763.6646858541535
-4.05189060245107E-6      -2.0576789007319068E-7   2655.2478059107216
-3.988053296390253E-6     -1.0288394503659527E-7   4609.625348867855
-3.924215990329435E-6     4.283404674146146E-23    6572.281089356233
-4.18665942093153E-6      -2.0576789007319065E-7   -914.0935447290613
-4.122822114870714E-6     -1.0288394503659533E-7   966.1324476597892
-4.058984808809897E-6     4.283404674146146E-23    2921.550883404766
-4.257590933351176E-6     -1.0288394503659538E-7   -2598.314199661425
-4.1937536272903595E-6    5.711206232194862E-23    -729.179322546765
-3.3231440296603888E-6    -5.395964068663797E-7    17867.65446104419
-3.2569174680480835E-6    -4.316771254931038E-7    20404.003177818282
-3.1906909064357765E-6    -3.2375784411982774E-7   22996.9027277775
-3.124464344823471E-6     -2.1583856274655181E-7   25601.18728018122
-3.0582377832111663E-6    -1.0791928137327597E-7   28216.856835029394
-2.9920112215988598E-6    0                        30922.92121913939
-3.3894508944020144E-6    -4.316771254931038E-7    17001.635646402217
-3.3232243327897083E-6    -3.237578441198278E-7    19568.849951327968
-3.2569977711774017E-6    -2.1583856274655181E-7   22240.931143332724
-3.1907712095650964E-6    -1.079192813732759E-7    24924.367451230584
-3.1245446479527907E-6    -2.995361774540292E-23   27619.15887502144
-3.4557577591436384E-6    -3.2375784411982774E-7   16204.301426090427
-3.3895311975313335E-6    -2.158385627465519E-7    18822.78176367136
-3.323304635919027E-6     -1.0791928137327587E-7   21499.244754060903
-3.257078074306721E-6     4.4930426618104395E-23   24187.06286034344
-3.5220646238852627E-6    -2.1583856274655181E-7   15403.931733912748
-3.455838062272958E-6     -1.0791928137327593E-7   18074.12205689119
-3.3896115006606513E-6    4.4930426618104395E-23   20754.96684566548
-3.5883714886268884E-6    -1.0791928137327597E-7   14600.52656986917
-3.5221449270145822E-6    5.990723549080586E-23    17322.870830987442
6.864063026242852E-7      -5.530077327602678E-7    54046.60243139463
7.512819315901031E-7      -4.4240618620821424E-7   56104.40866497105
8.161575605559207E-7      -3.3180463965616057E-7   58347.660278220676
8.810331895217383E-7      -2.2120309310410706E-7   60599.341062509724
9.459088184875564E-7      -1.1060154655205361E-7   62859.451017838204
6.165106719296591E-7      -4.4240618620821424E-7   57199.88225704596
6.813863008954768E-7      -3.318046396561607E-7    59371.238065372774
7.462619298612945E-7      -2.212030931041071E-7    61816.55615937633
8.111375588271122E-7      -1.1060154655205353E-7   64270.93966952634
8.760131877929303E-7      -3.0698095885310245E-23  66734.38859582283
5.466150412350327E-7      -3.3180463965616057E-7   60533.235168672836
6.114906702008507E-7      -2.2120309310410712E-7   62921.99921732214
6.763662991666683E-7      -1.106015465520535E-7    65378.83826110915
7.412419281324861E-7      4.604714382796536E-23    67844.74272104261
4.767194105404066E-7      -2.2120309310410706E-7   63880.10694243858
5.415950395062245E-7      -1.1060154655205356E-7   66486.73685269186
6.064706684720422E-7      4.604714382796536E-23    68955.09684626236
4.0682377984578054E-7     -1.1060154655205361E-7   67240.49757834325
4.716994088115983E-7      6.139619177062048E-23    70065.45097148228
3.3692814915115435E-7     0                        70793.36335460668
-2.3433764320792246E-6    0                        45917.8676817033
-2.473103389983152E-6     0                        43092.28984090486
-2.6028303478870785E-6    0                        40089.45259887214
-2.7325573057910054E-6    0                        37086.61535683948
-2.862284263694933E-6     0                        34083.77811480677
-2.4055659708889483E-6    -1.1077789843372116E-7   42748.438683382075
-2.535292928792875E-6     -1.1077789843372116E-7   39937.784176296846
-2.6650198866968017E-6    -1.1077789843372116E-7   36941.047941837736
-2.7947468446007287E-6    -1.1077789843372113E-7   33944.31170737863
-2.924473802504656E-6     -1.1077789843372116E-7   30817.567378667587
-2.467755509698671E-6     -2.2155579686744224E-7   39709.8620802692
-2.597482467602599E-6     -2.215557968674423E-7    36796.460877655605
-2.727209425506525E-6     -2.215557968674423E-7    33805.82565077006
-2.856936383410452E-6     -2.2155579686744224E-7   30776.80532643772
-2.5299450485083943E-6    -3.3233369530116333E-7   36684.364267523626
-2.6596720064123217E-6    -3.3233369530116343E-7   33668.31994498108
-2.789398964316248E-6     -3.3233369530116333E-7   30736.468227169717
-2.592134587318118E-6     -4.431115937348845E-7    33671.945245145456
-2.7218615452220453E-6    -4.431115937348846E-7    30696.55608086365
-2.654324126127841E-6     -5.538894921686056E-7    30753.709066500232
-1.988597658006358E-6     -5.543050860317742E-7    41754.22581496697
-1.927801599970684E-6     -4.4344406882541936E-7   44924.456921142686
-1.8670055419350098E-6    -3.3258305161906444E-7   48218.36893351437
-1.8062094838993357E-6    -2.2172203441270963E-7   51526.15272676863
-1.7454134258636623E-6    -1.1086101720635487E-7   54847.808300905526
-1.6846173678279882E-6    0                        58343.23194368122
-2.0595534128209318E-6    -4.4344406882541936E-7   42456.58330604009
-1.998757354785257E-6     -3.325830516190645E-7    45704.14819059651
-1.937961296749583E-6     -2.2172203441270957E-7   49153.77096612858
-1.8771652387139093E-6    -1.1086101720635481E-7   52617.516947954646
-1.8163691806782355E-6    -3.077011345896519E-23   56095.38613607494
-2.1305091676355043E-6    -3.3258305161906444E-7   43294.20982270918
-2.069713109599831E-6     -2.217220344127097E-7    46678.092764587556
-2.0089170515641566E-6    -1.1086101720635476E-7   50136.93144159798
-1.9481209935284823E-6    4.615517018844779E-23    53609.8933249025
-2.2014649224500778E-6    -2.2172203441270963E-7   44135.52777410657
-2.140668864414404E-6     -1.1086101720635485E-7   47656.34593524138
-2.0798728063787296E-6    4.615517018844779E-23    51124.40051373024
-2.272420677264651E-6     -1.1086101720635487E-7   44980.53716023221
-2.2116246192289773E-6    6.154022691793039E-23    48638.90770255779
1.929915374325996E-8      -5.562471187650409E-7    56403.842621712065
8.282495282483887E-8      -4.4499769501203277E-7   59073.32945572845
1.463507519064177E-7      -3.337482712590245E-7    61938.73978396011
2.0987655098799657E-7     -2.2249884750601633E-7   64815.345398009085
2.734023500695755E-7      -1.112494237530082E-7    67703.14629787543
-5.1946306835605155E-8    -4.4499769501203277E-7   59208.92133191035
1.1579492245973748E-8     -3.3374827125902454E-7   62000.0306119157
7.510529132755262E-8      -2.224988475060163E-7    65085.38480317007
1.386310904091315E-7      -1.1124942375300815E-7   68182.54343568624
2.021568894907104E-7      -3.087791793171762E-23   71291.50650946425
-1.231917674144702E-7     -3.337482712590245E-7    62208.2757333002
-5.966596833289132E-8     -2.2249884750601638E-7   65224.5364767872
3.8598307486875565E-9     -1.112494237530081E-7    68322.23457170368
6.738562983026643E-8      4.631687689757643E-23    71431.7371078819
-1.9443722799333524E-7    -2.2249884750601633E-7   65219.93990001526
-1.309114289117564E-7     -1.1124942375300818E-7   68461.92570772103
-6.738562983017749E-8     4.631687689757643E-23    71571.96770629959
-2.6568268857220034E-7    -1.112494237530082E-7    68243.91383205556
-2.021568894906215E-7     6.175583586343524E-23    71712.19830471733
-3.369281491510654E-7     0                        71455.05668564857
-1.322048261793784E-6     -5.557096924136764E-7    50045.897491457756
-1.2597954989256842E-6    -4.4456775393094116E-7   53293.58473820049
-1.1975427360575838E-6    -3.334258154482058E-7    56700.86756855011
-1.1352899731894837E-6    -2.2228387696547053E-7   60122.14412719713
-1.073037210321384E-6     -1.111419384827353E-7    63557.41441414166
-1.010784447453284E-6     0                        67194.16165007063
-1.394562083000625E-6     -4.4456775393094116E-7   51537.10710703331
-1.3323093201325247E-6    -3.3342581544820584E-7   54887.191726031626
-1.2700565572644248E-6    -2.2228387696547053E-7   58489.11454218932
-1.2078037943963247E-6    -1.1114193848273524E-7   62105.43679294588
-1.145551031528225E-6     -3.0848084776251357E-23  65736.15847830148
-1.4670759042074654E-6    -3.334258154482058E-7    53198.39807578132
-1.404823141339366E-6     -2.2228387696547058E-7   56727.553102435
-1.3425703784712656E-6    -1.111419384827352E-7    60340.51432818029
-1.2803176156031655E-6    4.627212716437704E-23    63967.87498852447
-1.5395897254143062E-6    -2.2228387696547053E-7   54866.711954508144
-1.4773369625462067E-6    -1.1114193848273529E-7   58575.591863414695
-1.4150841996781062E-6    4.627212716437704E-23    62199.59149874766
-1.6121035466211474E-6    -1.111419384827353E-7    56542.04874321375
-1.5498507837530475E-6    6.169616955250272E-23    60431.30800897064
-6.514011826465306E-7     -5.569035264732936E-7    55057.12649585569
-5.885065759474376E-7     -4.4552282117863496E-7   58131.85221599048
-5.256119692483445E-7     -3.341421158839761E-7    61393.34789357227
-4.6271736254925144E-7    -2.2276141058931743E-7   64667.932846252006
-3.9982275585015853E-7    -1.1138070529465875E-7   67955.60707402971
-7.232778356078813E-7     -4.4552282117863496E-7   57288.83378555962
-6.603832289087882E-7     -3.341421158839762E-7    60481.330080117965
-5.974886222096953E-7     -2.227614105893174E-7    63959.81640301698
-5.345940155106022E-7     -1.113807052946587E-7    67451.9215819016
-4.716994088115092E-7     -3.09143558792798E-23    70957.64561677189
-7.951544885692319E-7     -3.341421158839761E-7    59711.2824974846
-7.322598818701392E-7     -2.2276141058931748E-7   63115.59977982151
-6.693652751710458E-7     -1.1138070529465865E-7   66606.24857963805
-6.064706684719527E-7     4.63715338189197E-23     70110.51623544017
-8.670311415305825E-7     -2.2276141058931743E-7   62143.7966857108
-8.041365348314895E-7     -1.1138070529465873E-7   65760.57557737437
-7.412419281323964E-7     4.63715338189197E-23     69263.38685410847
-9.389077944919334E-7     -1.1138070529465875E-7   64586.376350238206
-8.760131877928403E-7     6.18287117585596E-23     68416.25747277674
3.8031762440844383E-6     -4.999999999999998E-6    124.77848668492668
3.924164894359163E-6      -4.9999999999999996E-6   123.04256915806621
4.045153544633886E-6      -4.999999999999998E-6    110.17467541633269
4.166142194908611E-6      -4.999999999999997E-6    97.30678167458865
4.287130845183336E-6      -4.999999999999998E-6    84.43888793284455
3.8525643897932045E-6     -4.898985252401912E-6    145.2446080488744
3.973553040067929E-6      -4.898985252401912E-6    144.74288329839965
4.0945416903426525E-6     -4.8989852524019115E-6   130.39750243524395
4.215530340617377E-6      -4.8989852524019115E-6   116.05212157205642
4.336518990892102E-6      -4.898985252401913E-6    77.03527914635924
3.901952535501969E-6      -4.797970504803824E-6    173.97648648128234
4.022941185776694E-6      -4.797970504803826E-6    165.2410658097615
4.143929836051418E-6      -4.797970504803825E-6    149.4181978252127
4.2649184863261415E-6     -4.797970504803824E-6    116.78500832514328
3.951340681210735E-6      -4.696955757205737E-6    201.51691045687858
4.07232933148546E-6       -4.696955757205739E-6    184.53711669221593
4.193317981760183E-6      -4.696955757205737E-6    158.27197988645185
4.0007288269195015E-6     -4.5959410096076524E-6   227.86587997578545
4.121717477194226E-6      -4.5959410096076524E-6   201.49619383011805
4.050116972628267E-6      -4.494926262009565E-6    257.2331022339615
-4.9999999999999996E-6    -1.4285714285714244E-6   -12430.656459261745
-4.876868508164855E-6     -1.3582718852146421E-6   -10991.086204277122
-4.7537370163297105E-6    -1.2879723418578594E-6   -9307.041854350218
-4.630605524494566E-6     -1.217672798501077E-6    -7617.601951599834
-4.507474032659424E-6     -1.147373255144295E-6    -5922.766496025952
-4.384342540824279E-6     -1.0770737117875122E-6   -3945.8551895811793
-5.0E-6                   -1.2857142857142814E-6   -13538.485365402747
-4.876868508164855E-6     -1.2154147423574989E-6   -11757.758656597804
-4.753737016329711E-6     -1.1451151990007164E-6   -9971.50534190479
-4.630605524494567E-6     -1.074815655643934E-6    -8179.725421323698
-4.507474032659424E-6     -1.0045161122871519E-6   -6221.99478934756
-4.9999999999999996E-6    -1.1428571428571381E-6   -14185.562714868895
-4.876868508164857E-6     -1.072557599500356E-6    -12399.97415354773
-4.753737016329711E-6     -1.0022580561435736E-6   -10608.858986338564
-4.630605524494567E-6     -9.319585127867909E-7    -8751.213153881785
-4.9999999999999996E-6    -9.999999999999953E-7    -14835.702518817303
-4.876868508164855E-6     -9.29700456643213E-7     -13045.252104979998
-4.7537370163297105E-6    -8.594009132864303E-7    -11287.9083695351
-5.0E-6                   -8.571428571428526E-7    -15488.904777248168
-4.876868508164856E-6     -7.8684331378607E-7      -13832.080436307526
3.4278073779945353E-6     -4.481139899944487E-6    1209.0495737445528
3.3702427295281803E-6     -4.58491191995559E-6     1003.5661660258374
3.3126780810618237E-6     -4.688683939966691E-6    802.75958297127
3.255113432595468E-6      -4.792455959977792E-6    600.658904083667
3.1975487841291135E-6     -4.896227979988896E-6    397.2641293628626
3.1399841356627573E-6     -4.999999999999998E-6    200.7598420693189
3.5028811512125158E-6     -4.58491191995559E-6     981.5480946446019
3.445316502746161E-6      -4.6886839399666916E-6   781.9889698588158
3.3877518542798042E-6     -4.792455959977795E-6    587.4689320862144
3.3301872058134485E-6     -4.896227979988895E-6    391.61293027942975
3.2726225573470936E-6     -4.9999999999999996E-6   194.42096443820967
3.577954924430496E-6      -4.688683939966691E-6    763.043130102862
3.520390275964141E-6      -4.792455959977795E-6    571.5131223249136
3.462825627497785E-6      -4.896227979988896E-6    377.29401856084223
3.4052609790314286E-6     -4.999999999999998E-6    181.7389507625597
3.653028697648477E-6      -4.792455959977792E-6    546.4855425777196
3.595464049182122E-6      -4.8962279799888955E-6   362.97510684224653
3.5378994007157653E-6     -4.999999999999997E-6    169.0569370867422
3.7281024708664577E-6     -4.896227979988896E-6    331.87533206932994
3.670537822400102E-6      -4.999999999999999E-6    156.37492341101688
-4.422839295168285E-6     -1.8248655239665024E-6   -3415.074033424204
-4.538271436134629E-6     -1.7456067048874869E-6   -5008.7085528023035
-4.653703577100971E-6     -1.666347885808471E-6    -6797.288150654924
-4.769135718067313E-6     -1.5870890667294552E-6   -8591.821500085967
-4.884567859033658E-6     -1.5078302476504401E-6   -10392.308601095354
-4.538271436134629E-6     -1.8884638477446297E-6   -4746.988018211355
-4.653703577100971E-6     -1.8092050286656142E-6   -6332.459503101918
-4.769135718067314E-6     -1.7299462095865987E-6   -8025.1205585974785
-4.884567859033656E-6     -1.6506873905075827E-6   -9723.572343530494
-5.0E-6                   -1.5714285714285676E-6   -11427.814857900888
-4.653703577100971E-6     -1.9520621715227566E-6   -5863.569584194324
-4.769135718067315E-6     -1.8728033524437417E-6   -7514.451344935058
-4.884567859033657E-6     -1.7935445333647258E-6   -9207.04610497084
-4.9999999999999996E-6    -1.71428571428571E-6     -10905.431594444108
-4.769135718067313E-6     -2.015660495300884E-6    -6976.604918893146
-4.884567859033658E-6     -1.9364016762218688E-6   -8692.821120077588
-4.9999999999999996E-6    -1.8571428571428529E-6   -10385.349584653592
-4.884567859033658E-6     -2.079258819079012E-6    -8086.0940223077705
-4.9999999999999996E-6    -1.999999999999997E-6    -9867.568828529484
-4.9999999999999996E-6    -2.1428571428571393E-6   -9021.792471220151
2.7667694508951286E-6     -4.463886398457988E-6    2230.7483732227206
2.7019437613534E-6        -4.57110911876639E-6     1836.8041945987925
2.6371180718116707E-6     -4.678331839074791E-6    1445.0917424240993
2.5722923822699414E-6     -4.785554559383193E-6    1052.1322526368426
2.5074666927282133E-6     -4.892777279691596E-6    657.9257252369889
2.4426410031864844E-6     -4.999999999999998E-6    267.99304555152435
2.8414123878486543E-6     -4.57110911876639E-6     1816.2187438388405
2.776586698306926E-6      -4.678331839074792E-6    1422.8471855863518
2.711761008765197E-6      -4.785554559383194E-6    1036.416032572708
2.6469353192234675E-6     -4.892777279691596E-6    648.657106264428
2.5821096296817395E-6     -4.9999999999999996E-6   259.5704066614611
2.9160553248021796E-6     -4.678331839074791E-6    1408.6022404585947
2.8512296352604516E-6     -4.785554559383195E-6    1022.5507531235835
2.786403945718722E-6      -4.892777279691596E-6    636.4192917808778
2.7215782561769933E-6     -4.999999999999998E-6    248.9600571436002
2.9906982617557054E-6     -4.785554559383193E-6    1002.9583276998651
2.9258725722139773E-6     -4.892777279691596E-6    624.1814772973303
2.861046882672248E-6      -4.999999999999997E-6    238.3497076255864
3.0653411987092315E-6     -4.892777279691596E-6    599.2870055626695
3.000515509167503E-6      -4.999999999999999E-6    227.73935810767045
-4.4355019414898776E-6    -2.512478685964133E-6    -2675.3298947797484
-4.5484015531919025E-6    -2.4385543773427343E-6   -3758.5185193477296
-4.6613011648939265E-6    -2.364630068721335E-6    -5026.6947947553335
-4.77420077659595E-6      -2.2907057600999364E-6   -6299.107807298985
-4.887100388297976E-6     -2.2167814514785383E-6   -7575.757556978685
-4.5484015531919025E-6    -2.5814115201998776E-6   -3530.48348151027
-4.6613011648939265E-6    -2.507487211578479E-6    -4637.920730744166
-4.774200776595951E-6     -2.4335629029570797E-6   -5838.840025799545
-4.887100388297975E-6     -2.3596385943356807E-6   -7043.885784639304
-5.0E-6                   -2.2857142857142826E-6   -8253.058007263435
-4.6613011648939265E-6    -2.650344354435622E-6    -4257.718431029039
-4.774200776595952E-6     -2.5764200458142233E-6   -5421.097303925272
-4.8871003882979755E-6    -2.5024957371928244E-6   -6621.724775567764
-4.9999999999999996E-6    -2.4285714285714254E-6   -7826.478710994641
-4.77420077659595E-6      -2.719277188671366E-6    -4981.956305719833
-4.887100388297976E-6     -2.6453528800499676E-6   -6201.230087748053
-4.9999999999999996E-6    -2.5714285714285687E-6   -7401.565735977725
-4.887100388297976E-6     -2.7882100229071104E-6   -5703.19710558263
-4.9999999999999996E-6    -2.714285714285712E-6    -6978.319082212562
-4.9999999999999996E-6    -2.8571428571428547E-6   -6290.6431785188715
2.0808967513758036E-6     -4.453695614929686E-6    3175.5148935987977
2.0136661158415695E-6     -4.562956491943749E-6    2603.217066799545
1.946435480307335E-6      -4.67221736895781E-6     2031.634562463818
1.8792048447731005E-6     -4.781478245971872E-6    1459.1234395108
1.8119742092388668E-6     -4.890739122985936E-6    885.6836979404854
1.7447435737046323E-6     -4.999999999999998E-6    315.8395505389333
2.15324560173794E-6       -4.562956491943749E-6    2587.3115356191574
2.086014966203706E-6      -4.6722173689578115E-6   2010.3915448942207
2.0187843306694713E-6     -4.7814782459718725E-6   1445.4424720349925
1.951553695135237E-6      -4.890739122985935E-6    879.4487884145356
1.884323059601003E-6      -4.9999999999999996E-6   312.41049403275076
2.2255944521000754E-6     -4.67221736895781E-6     2004.5156136110672
2.158363816565842E-6      -4.781478245971874E-6    1434.3422967634433
2.091133181031607E-6      -4.890739122985935E-6    869.7267410503018
2.023902545497373E-6      -4.999999999999998E-6    304.0665745759565
2.2979433024622117E-6     -4.781478245971872E-6    1423.5149153781126
2.2307126669279776E-6     -4.890739122985935E-6    860.0046936860672
2.163482031393743E-6      -4.999999999999997E-6    295.7226551190285
2.370292152824348E-6      -4.890739122985936E-6    844.3094409202804
2.303061517290114E-6      -4.999999999999999E-6    287.37873566221344
-4.4508188435431045E-6    -3.1974180958577964E-6   -1948.42765615779
-4.560655074834484E-6     -3.1293630481148084E-6   -2685.526759025891
-4.670491306125862E-6     -3.061308000371819E-6    -3548.988180148337
-4.780327537417241E-6     -2.993252952628831E-6    -4415.486759506262
-4.890163768708621E-6     -2.9251979048858436E-6   -5285.022497099737
-4.560655074834484E-6     -3.272220190971951E-6    -2482.650982974406
-4.670491306125863E-6     -3.2041651432289628E-6   -3218.6528602524168
-4.780327537417241E-6     -3.1361100954859744E-6   -4032.7194059880912
-4.89016376870862E-6      -3.0680550477429855E-6   -4849.747683085205
-5.0E-6                   -2.999999999999998E-6    -5669.737691543807
-4.670491306125862E-6     -3.347022286086105E-6    -2893.930790214349
-4.7803275374172425E-6    -3.278967238343118E-6    -3681.3070643451974
-4.89016376870862E-6      -3.2109121906001288E-6   -4494.955631799085
-4.9999999999999996E-6    -3.14285714285714E-6     -5311.565930614399
-4.780327537417241E-6     -3.42182438120026E-6     -3302.5729207501313
-4.89016376870862E-6      -3.353769333457272E-6    -4141.302002361463
-4.9999999999999996E-6    -3.285714285714283E-6    -4954.532591533551
-4.890163768708621E-6     -3.4966264763144157E-6   -3708.5773745818015
-4.9999999999999996E-6    -3.428571428571427E-6    -4598.637674301186
-4.9999999999999996E-6    -3.5714285714285697E-6   -3990.740820415657
-4.9999999999999996E-6    -4.285714285714285E-6    -2055.8731124678193
-4.876697329344216E-6     -4.220929680657503E-6    -1922.9794155669802
-4.753394658688431E-6     -4.15614507560072E-6     -1697.1710741359284
-4.630091988032648E-6     -4.091360470543939E-6    -1469.0404255172048
-4.506789317376866E-6     -4.026575865487157E-6    -1238.587469710804
-4.383486646721082E-6     -3.961791260430375E-6    -908.2436580974461
-5.0E-6                   -4.142857142857142E-6    -2529.783851251692
-4.876697329344216E-6     -4.07807253780036E-6     -2268.385585443555
-4.753394658688432E-6     -4.013287932743578E-6    -2004.6535659739584
-4.630091988032648E-6     -3.948503327686795E-6    -1738.5877928428145
-4.506789317376865E-6     -3.883718722630014E-6    -1383.6637949133992
-4.9999999999999996E-6    -3.999999999999998E-6    -2833.440988313434
-4.8766973293442174E-6    -3.9352153949432175E-6   -2569.617838660237
-4.753394658688432E-6     -3.870430789886434E-6    -2303.4609353455235
-4.630091988032648E-6     -3.805646184829652E-6    -1998.935528959054
-4.9999999999999996E-6    -3.857142857142855E-6    -3137.7517517635024
-4.876697329344217E-6     -3.792358252086074E-6    -2871.503718265185
-4.753394658688432E-6     -3.7275736470292916E-6   -2617.4439146828727
-5.0E-6                   -3.7142857142857133E-6   -3442.7161416017443
-4.876697329344217E-6     -3.6495011092289315E-6   -3239.1889520847626
-4.551435263938869E-6     -4.559700835937329E-6    -684.8145791840119
-4.6411482111510954E-6    -4.50490352589272E-6     -890.2495333487173
-4.73086115836332E-6      -4.4501062158481105E-6   -1158.0989082174494
-4.820574105575547E-6     -4.395308905803502E-6    -1427.4103606843717
-4.910287052787774E-6     -4.340511595758894E-6    -1698.1838907494603
-4.6411482111510954E-6    -4.647760668749862E-6    -642.7695815078087
-4.730861158363322E-6     -4.592963358705253E-6    -854.4030742330342
-4.8205741055755475E-6    -4.538166048660645E-6    -1092.37361642633
-4.910287052787772E-6     -4.483368738616035E-6    -1331.7850669080235
-5.0E-6                   -4.4285714285714274E-6   -1572.637425678222
-4.73086115836332E-6      -4.735820501562396E-6    -553.7513561502828
-4.820574105575548E-6     -4.681023191517789E-6    -794.4486924986072
-4.910287052787773E-6     -4.626225881473179E-6    -1031.9306745967715
-4.9999999999999996E-6    -4.571428571428569E-6    -1270.8535649833102
-4.820574105575547E-6     -4.8238803343749295E-6   -462.5638439459608
-4.910287052787773E-6     -4.769083024330322E-6    -732.343433695265
-4.9999999999999996E-6    -4.714285714285711E-6    -969.3368556982314
-4.910287052787774E-6     -4.9119401671874645E-6   -369.2070448947061
-4.9999999999999996E-6    -4.857142857142856E-6    -668.0872978227071
-4.9999999999999996E-6    -4.999999999999999E-6    -273.6809589967584
1.3805788913008633E-6     -4.449098658855317E-6    3921.0941289295492
1.3138323418852468E-6     -4.559278927084254E-6    3202.8011107969114
1.24708579246963E-6       -4.66945919531319E-6     2487.175332911161
1.1803392430540133E-6     -4.779639463542125E-6    1771.100897711758
1.1135926936383972E-6     -4.889819731771062E-6    1054.5778051986329
1.0468461442227802E-6     -4.999999999999998E-6    342.09311736064024
1.4534118277816172E-6     -4.559278927084254E-6    3193.1151556762225
1.3866652783660006E-6     -4.66945919531319E-6     2468.096751478947
1.3199187289503841E-6     -4.779639463542125E-6    1760.6574601499378
1.2531721795347672E-6     -4.889819731771061E-6    1052.6279193928685
1.1864256301191508E-6     -4.9999999999999996E-6   344.00812920762803
1.5262447642623706E-6     -4.66945919531319E-6     2470.901119942322
1.4594982148467545E-6     -4.779639463542127E-6    1753.8857304469348
1.3927516654311376E-6     -4.889819731771062E-6    1046.8520354042494
1.3260051160155208E-6     -4.999999999999998E-6    339.2280909334943
1.5990777007431245E-6     -4.779639463542125E-6    1750.2076019288916
1.5323311513275082E-6     -4.8898197317710616E-6   1041.0761514156266
1.4655846019118913E-6     -4.999999999999997E-6    334.44805265928926
1.6719106372238788E-6     -4.889819731771062E-6    1031.0346016359965
1.6051640878082619E-6     -4.999999999999999E-6    329.6680143851257
-4.408119495458056E-6     -4.999999999999998E-6    -129.55542317476977
-4.43678264915422E-6      -4.911940167187465E-6    -260.46090993685993
-4.465445802850382E-6     -4.8238803343749295E-6   -379.0171721687557
-4.4941089565465435E-6    -4.735820501562395E-6    -498.3190097988763
-4.522772110242707E-6     -4.647760668749863E-6    -618.3664228271928
-4.526495596366445E-6     -4.999999999999999E-6    -123.74818816751358
-4.555158750062607E-6     -4.911940167187464E-6    -258.60539995964245
-4.58382190375877E-6      -4.8238803343749295E-6   -394.2107263103626
-4.612485057454931E-6     -4.735820501562395E-6    -530.5641672196798
-4.644871697274834E-6     -4.999999999999998E-6    -137.8753977847574
-4.673534850970997E-6     -4.911940167187465E-6    -274.2005151685262
-4.702198004667159E-6     -4.8238803343749295E-6   -411.2737471108121
-4.763247798183221E-6     -4.999999999999997E-6    -152.00260740202089
-4.791910951879385E-6     -4.911940167187464E-6    -289.79563037740445
-4.881623899091611E-6     -4.999999999999999E-6    -166.12981701927205
6.772771311207213E-7      -4.445984651542606E-6    4399.546291000129
6.116114478447628E-7      -4.556787721234085E-6    3584.2094386757435
5.459457645688043E-7      -4.667590790925562E-6    2773.7549500982295
4.802800812928459E-7      -4.77839386061704E-6     1963.3817269328224
4.1461439801688745E-7     -4.88919693030852E-6     1153.0897691795024
3.48948714740929E-7       -4.999999999999998E-6    346.76173559691824
7.511909337411331E-7      -4.556787721234085E-6    3581.351444487719
6.855252504651748E-7      -4.667590790925563E-6    2758.7774107790283
6.198595671892161E-7      -4.778393860617042E-6    1957.029937457316
5.541938839132577E-7      -4.889196930308518E-6    1155.2079141320241
4.885282006372994E-7      -4.9999999999999996E-6   353.3113408031171
8.251047363615447E-7      -4.667590790925562E-6    2769.0248812800164
7.594390530855865E-7      -4.778393860617042E-6    1955.4244894320886
6.937733698096279E-7      -4.88919693030852E-6     1154.1246776862822
6.281076865336693E-7      -4.999999999999998E-6    352.7503159368946
8.990185389819565E-7      -4.77839386061704E-6     1957.8150515128248
8.333528557059982E-7      -4.889196930308519E-6    1153.041441240534
7.676871724300396E-7      -4.999999999999997E-6    352.1892910706455
9.729323416023687E-7      -4.88919693030852E-6     1147.7219551861785
9.072666583264101E-7      -4.999999999999999E-6    351.6282662044153
-4.04577938626469E-6      -4.529614373859652E-6    42.593540037820084
-4.118247408103364E-6     -4.623691499087723E-6    -0.993165290557954
-4.190715429942036E-6     -4.7177686243157905E-6   -38.545655943105885
-4.263183451780709E-6     -4.81184574954386E-6     -74.15139952675145
-4.335651473619383E-6     -4.90592287477193E-6     -107.81039604132138
-3.997258757828638E-6     -4.623691499087723E-6    16.85005440925852
-4.069726779667311E-6     -4.717768624315791E-6    -12.712602761543167
-4.1421948015059845E-6    -4.811845749543861E-6    -39.91475200813875
-4.214662823344658E-6     -4.90592287477193E-6     -65.16859866152117
-4.287130845183333E-6     -4.9999999999999996E-6   -88.47414272146789
-3.948738129392586E-6     -4.7177686243157905E-6   2.235089378331395
-4.021206151231261E-6     -4.811845749543861E-6    -21.79475156630724
-4.093674173069932E-6     -4.90592287477193E-6     -48.66275814223445
-4.166142194908606E-6     -4.999999999999998E-6    -73.58246212493226
-3.900217500956534E-6     -4.81184574954386E-6     -13.636811080849839
-3.972685522795208E-6     -4.90592287477193E-6     -32.156917622940455
-4.04515354463388E-6      -4.999999999999997E-6    -58.69078152822514
-3.8516968725204835E-6    -4.90592287477193E-6     -30.7656469684689
-3.924164894359157E-6     -4.999999999999999E-6    -43.799100931813804
-3.8031762440844315E-6    -4.999999999999998E-6    -39.01809865619943
-1.8394139178802885E-8    -4.443285118735925E-6    4569.957087955504
-8.450505429122693E-8     -4.55462809498874E-6     3716.156020695683
-1.5061596940365095E-7    -4.665971071241554E-6    2867.650670427374
-2.1672688451607498E-7    -4.777314047494369E-6    2019.7541404366339
-2.8283779962849905E-7    -4.888657023747184E-6    1172.466430723465
-3.4894871474092307E-7    -4.999999999999998E-6    328.68929948258847
5.507443160514353E-8      -4.55462809498874E-6     3720.0050011716894
-1.1036483507280533E-8    -4.665971071241556E-6    2858.5177582331844
-7.714739861970457E-8     -4.77731404749437E-6     2018.3318624844064
-1.432583137321286E-7     -4.888657023747184E-6    1178.5938882900464
-2.0936922884455266E-7    -4.9999999999999996E-6   339.3038356501243
1.285430023890899E-7      -4.665971071241554E-6    2874.9059060948725
6.243208727666587E-8      -4.777314047494371E-6    2022.1486528291498
-3.6788278357581948E-9    -4.888657023747184E-6    1182.4051856454305
-6.978974294818223E-8     -4.999999999999998E-6    343.10964001612734
2.0201157317303627E-7     -4.777314047494369E-6    2030.406444300771
1.3590065806061225E-7     -4.888657023747184E-6    1186.2164830008085
6.978974294818816E-8      -4.999999999999997E-6    346.91544438214913
2.7548014395698266E-7     -4.888657023747184E-6    1186.5066157893793
2.0936922884455864E-7     -4.999999999999999E-6    350.7212487481632
-3.4176490186584316E-6    -4.46267043554408E-6     1122.3407652551716
-3.4947544637436315E-6    -4.570136348435264E-6    861.5393118094144
-3.571859908828831E-6     -4.677602261326447E-6    631.5514754841533
-3.6489653539140313E-6    -4.78506817421763E-6     403.9534051046694
-3.726070798999232E-6     -4.892534087108815E-6    178.74510067103938
-3.362116042059297E-6     -4.570136348435264E-6    892.2159933640637
-3.439221487144497E-6     -4.6776022613264486E-6   657.3790945296169
-3.5163269322296967E-6    -4.78506817421763E-6     434.65394569871205
-3.593432377314896E-6     -4.892534087108815E-6    214.29047507561336
-3.6705378224000973E-6    -4.9999999999999996E-6   -3.711317339501511
-3.3065830654601613E-6    -4.677602261326447E-6    682.4537147284173
-3.3836885105453625E-6    -4.7850681742176325E-6   453.55500828943696
-3.460793955630562E-6     -4.892534087108815E-6    231.26107740126463
-3.5378994007157615E-6    -4.999999999999998E-6    11.328824720873866
-3.2510500888610262E-6    -4.78506817421763E-6     471.2566922991791
-3.328155533946227E-6     -4.892534087108815E-6    248.2316797269068
-3.4052609790314264E-6    -4.999999999999997E-6    26.368966781478626
-3.195517112261892E-6     -4.892534087108815E-6    258.6249260762361
-3.272622557347092E-6     -4.999999999999999E-6    41.40910884180156
-3.1399841356627564E-6    -4.999999999999998E-6    53.50609406388974
-7.165709301615734E-7     -4.439736812076191E-6    4427.488873770165
-7.826259729738138E-7     -4.551789449660953E-6    3593.4938962899305
-8.486810157860541E-7     -4.6638420872457124E-6   2765.0094323801595
-9.147360585982944E-7     -4.775894724830474E-6    1937.6405927385729
-9.80791101410535E-7      -4.887947362415237E-6    1111.3873773652044
-1.0468461442227751E-6    -4.999999999999998E-6    288.1193051032286
-6.430464870774435E-7     -4.551789449660953E-6    3604.577033088981
-7.091015298896838E-7     -4.663842087245714E-6    2762.7676919049854
-7.751565727019242E-7     -4.775894724830475E-6    1941.7328721202311
-8.412116155141643E-7     -4.887947362415235E-6    1121.6600846974584
-9.072666583264049E-7     -4.9999999999999996E-6   302.54932963673895
-5.695220439933132E-7     -4.6638420872457124E-6   2784.713805702353
-6.355770868055538E-7     -4.775894724830475E-6    1950.8227472295894
-7.01632129617794E-7      -4.887947362415237E-6    1130.1979580315779
-7.676871724300341E-7     -4.999999999999998E-6    310.53520119553286
-4.959976009091831E-7     -4.775894724830474E-6    1964.8773799889623
-5.620526437214236E-7     -4.887947362415237E-6    1138.7358313656769
-6.281076865336637E-7     -4.999999999999997E-6    318.5210727543867
-4.224731578250532E-7     -4.887947362415237E-6    1145.0677559487845
-4.885282006372935E-7     -4.999999999999999E-6    326.50694431320994
-2.7870343928425847E-6    -4.427277183017854E-6    2268.129067311911
-2.857624341406619E-6     -4.541821746414283E-6    1812.4077570816903
-2.928214289970653E-6     -4.65636630981071E-6     1368.90701472409
-2.9988042385346878E-6    -4.770910873207139E-6    927.6778936986748
-3.0693941870987225E-6    -4.885455436603569E-6    488.72039400554377
-2.7181557149113644E-6    -4.541821746414283E-6    1844.179412112891
-2.7887456634753987E-6    -4.656366309810712E-6    1392.1261993495082
-2.8593356120394327E-6    -4.770910873207139E-6    954.6183143213111
-2.9299255606034666E-6    -4.885455436603569E-6    519.3121899928447
-3.0005155091675018E-6    -4.9999999999999996E-6   86.20782636430408
-2.649277036980143E-6     -4.65636630981071E-6     1421.159319367829
-2.7198669855441776E-6    -4.770910873207141E-6    973.2798086391176
-2.790456934108212E-6     -4.885455436603569E-6    536.0461252977839
-2.8610468826722454E-6    -4.999999999999998E-6    101.01420265613982
-2.580398359048922E-6     -4.770910873207139E-6    996.6006883472992
-2.6509883076129564E-6    -4.885455436603569E-6    552.780060602674
-2.7215782561769903E-6    -4.999999999999997E-6    115.82057894814417
-2.511519681117702E-6     -4.885455436603569E-6    570.5035190512308
-2.582109629681736E-6     -4.999999999999999E-6    130.6269552400561
-2.4426410031864805E-6    -4.999999999999998E-6    147.66665368788952
-2.101435699342044E-6     -4.431074422363277E-6    3239.135211500637
-2.169676760110932E-6     -4.544859537890622E-6    2614.6248034296714
-2.2379178208798187E-6    -4.658644653417965E-6    1995.2117167771835
-2.306158881648706E-6     -4.772429768945308E-6    1377.7671064490496
-2.3743999424175937E-6    -4.886214884472655E-6    762.2909724453011
-2.0300972742145614E-6    -4.544859537890622E-6    2636.96652540838
-2.0983383349834487E-6    -4.658644653417965E-6    2006.421560779032
-2.1665793957523356E-6    -4.77242976894531E-6     1392.9497633880983
-2.2348204565212224E-6    -4.886214884472653E-6    781.3366829242186
-2.3030615172901106E-6    -4.9999999999999996E-6   171.58231938760977
-1.9587588490870774E-6    -4.658644653417965E-6    2035.281827958072
-2.0269999098559647E-6    -4.772429768945311E-6    1410.3696127225794
-2.095240970624852E-6     -4.886214884472654E-6    797.2055982331185
-2.1634820313937393E-6    -4.999999999999998E-6    185.9003006707386
-1.8874204239595939E-6    -4.772429768945308E-6    1432.4980487219646
-1.9556614847284816E-6    -4.886214884472654E-6    813.074513542002
-2.0239025454973685E-6    -4.999999999999997E-6    200.21828195398933
-1.8160819988321112E-6    -4.886214884472655E-6    828.6151876999893
-1.8843230596009985E-6    -4.999999999999999E-6    214.53626323710807
-1.7447435737046278E-6    -4.999999999999998E-6    226.9527424933459
-1.407055476788128E-6     -4.437405763477846E-6    3966.310379139373
-1.474593096171428E-6     -4.549924610782278E-6    3211.9265558214
-1.5421307155547278E-6    -4.662443458086706E-6    2463.0745133056803
-1.6096683349380277E-6    -4.774962305391136E-6    1715.8030717434958
-1.6772059543213283E-6    -4.887481152695568E-6    970.112231134889
-1.3350136102750576E-6    -4.549924610782278E-6    3228.325393752928
-1.4025512296583576E-6    -4.662443458086708E-6    2466.961875975885
-1.4700888490416575E-6    -4.774962305391138E-6    1724.9461722975566
-1.5376264684249573E-6    -4.887481152695568E-6    984.3738998770214
-1.6051640878082574E-6    -4.9999999999999996E-6   245.24505871440982
-1.2629717437619867E-6    -4.662443458086706E-6    2493.2885742490535
-1.3305093631452873E-6    -4.774962305391139E-6    1738.750424240703
-1.398046982528587E-6     -4.887481152695568E-6    997.1026863580546
-1.4655846019118868E-6    -4.999999999999998E-6    256.89837973317776
-1.190929877248916E-6     -4.774962305391136E-6    1757.704940224952
-1.2584674966322162E-6    -4.887481152695568E-6    1009.8314728390551
-1.326005116015516E-6     -4.999999999999997E-6    268.55170075204785
-1.1188880107358458E-6    -4.887481152695568E-6    1021.5744916805445
-1.186425630119146E-6     -4.999999999999999E-6    280.20502177078816
4.424038499559595E-6      -4.744255832714783E-7    -7097.370108442896
4.382213331023937E-6      -3.817070315608654E-7    -6517.107719406922
4.340388162488279E-6      -2.889884798502524E-7    -5930.510661961278
4.29856299395262E-6       -1.9626992813963947E-7   -5341.921641597342
4.310428710669982E-6      -4.85258407989892E-7     -4735.943964759821
4.268603542134325E-6      -3.9253985627927894E-7   -4150.334687136241
4.226778373598666E-6      -2.9982130456866606E-7   -3559.343145580169
4.19681892178037E-6       -4.960912327083056E-7    -2375.5283099839735
4.154993753244712E-6      -4.033726809976926E-7    -1784.6157103555888
4.0832091328907574E-6     -5.069240574267192E-7    -16.123144115359082
4.508178615087142E-6      -5.886382027193085E-7    -8589.349185376237
4.478708941725076E-6      -7.136836468855522E-7    -7552.463377169712
4.44923926836301E-6       -8.38729091051796E-7     -6520.824394113357
4.419769595000943E-6      -9.637745352180399E-7    -5494.432236207207
4.6006489573973E-6        -6.387767938658375E-7    -10010.263247519142
4.571179284035233E-6      -7.638222380320813E-7    -8856.841002129277
4.5417096106731676E-6     -8.888676821983251E-7    -7709.049192307513
4.693119299707458E-6      -6.889153850123665E-7    -11366.035839823075
4.663649626345392E-6      -8.139608291786103E-7    -10210.314637109645
4.7855896420176165E-6     -7.390539761588955E-7    -12719.05962626139
4.394568826197529E-6      -5.994710274377221E-7    -6171.307200778876
4.2809590373079165E-6     -6.103038521561357E-7    -3816.624802479335
4.167349248418304E-6      -6.211366768745494E-7    -1462.9093265042193
4.053739459528692E-6      -6.31969501592963E-7     900.2899691166349
4.365099152835463E-6      -7.245164716039659E-7    -5254.450213338492
4.251489363945851E-6      -7.353492963223795E-7    -2905.559155945288
4.137879575056238E-6      -7.461821210407932E-7    -526.8770951672195
4.335629479473397E-6      -8.495619157702097E-7    -4342.456440630323
4.222019690583784E-6      -8.603947404886234E-7    -1948.0362772638218
4.306159806111331E-6      -9.746073599364534E-7    -3363.1875771731593
4.761411818348997E-6      -1.4478862224316987E-6   -8675.652448150227
4.639471802676772E-6      -1.3799359325942703E-6   -7316.359839256616
4.5175317870045475E-6     -1.311985642756842E-6    -5953.173576871275
4.395591771332324E-6      -1.2440353529194138E-6   -4238.551800780574
4.6447636523702185E-6     -1.5351513061294007E-6   -6841.1900426950415
4.522823636697995E-6      -1.4672010162919722E-6   -5481.884669154553
4.40088362102577E-6       -1.3992507264545442E-6   -3961.7975736761646
4.5281154863914406E-6     -1.6224163898271022E-6   -5013.18220717732
4.406175470719216E-6      -1.5544660999896742E-6   -3687.0289176467986
4.411467320412663E-6      -1.7096814735248046E-6   -3414.2458326924643
3.648771492489016E-6      -2.077951416080893E-7    9943.540476041111
3.5798804334829247E-6     -3.12038906787152E-7     11032.333561430896
3.510989374476834E-6      -4.162826719662147E-7    12115.921802224388
3.442098315470744E-6      -5.205264371452774E-7    13194.120827630257
3.711755690615525E-6      -3.113465180371159E-7    8307.549632763366
3.6428646316094347E-6     -4.155902832161786E-7    9396.98793954376
3.5739735726033435E-6     -5.198340483952413E-7    10481.070955114461
3.7747398887420346E-6     -4.1489789446614243E-7   6677.976594018939
3.7058488297359443E-6     -5.191416596452052E-7    7767.946682626387
3.837724086868544E-6      -5.18449270895169E-7     5054.748010166049
3.5987656119267502E-6     -1.0385901897250195E-6   8284.232967893662
3.6729323583416294E-6     -9.344235282090422E-7    7098.327876067932
3.7470991047565082E-6     -8.302568666930648E-7    5914.955881814087
3.821265851171387E-6      -7.260902051770876E-7    4726.219618729405
3.895432597586266E-6      -6.219235436611102E-7    3532.1190868139083
3.541057101209029E-6      -9.351159169590783E-7    9823.400437117885
3.615223847623908E-6      -8.309492554431009E-7    8658.39827156846
3.6893905940387867E-6     -7.267825939271235E-7    7462.308615888991
3.7635573404536654E-6     -6.226159324111463E-7    6261.06741220756
3.4833485904913075E-6     -8.31641644193137E-7     11324.628161643794
3.5575153369061863E-6     -7.274749826771597E-7    10164.703630959462
3.631682083321065E-6      -6.233083211611824E-7    8968.844211012107
3.425640079773586E-6      -7.28167371427196E-7     12831.564492931928
3.4998068261884647E-6     -6.240007099112186E-7    11676.549692716282
3.367931569055865E-6      -6.246930986612547E-7    14344.209430982319
3.979572713113812E-6      -7.361361631089404E-7    2097.694514999592
3.905405966698933E-6      -8.403028246249177E-7    3279.0713292527
3.8312392202840544E-6     -9.44469486140895E-7     4454.871153846128
3.7570724738691756E-6     -1.0486361476568723E-6   5622.180522451747
4.063712828641359E-6      -8.503487825567705E-7    690.6333722924755
3.989546082226479E-6      -9.545154440727479E-7    1871.8089243831892
3.9153793358116015E-6     -1.058682105588725E-6    3048.269469694
4.147852944168905E-6      -9.645614020046007E-7    -710.1645507961512
4.0736861977540265E-6     -1.068728063520578E-6    475.40363254149406
4.231993059696452E-6      -1.0787740214524308E-6   -2096.4169890057738
3.825134584414229E-6      -1.6148622152309736E-6   3780.941349348144
3.9381676518591586E-6     -1.5096537680616358E-6   2280.675111506409
4.051200719304088E-6      -1.4044453208922977E-6   642.3201646222151
4.164233786749018E-6      -1.2992368737229596E-6   -1003.3907003259837
4.277266854193948E-6      -1.1940284265536215E-6   -2656.4574833382276
3.7798607899167336E-6     -1.499607810129783E-6    4718.235852008593
3.892893857361663E-6      -1.394399362960445E-6    3169.7865038422365
4.005926924806592E-6      -1.2891909157911068E-6   1424.5593623695404
4.118959992251522E-6      -1.1839824686217687E-6   -328.081046826288
3.7345869954192374E-6     -1.384353405028592E-6    5600.548365471977
3.847620062864166E-6      -1.2791449578592538E-6   3982.9092007847003
3.960653130309097E-6      -1.173936510689916E-6    2235.159997229317
3.6893132009217417E-6     -1.2690989999274013E-6   6486.516057776387
3.802346268366671E-6      -1.1638905527580632E-6   4799.402718211824
3.644039406424246E-6      -1.1538445948262104E-6   7376.138928921837
3.943459501552605E-6      -1.664869141596766E-6    2200.4725136176894
4.061784418690981E-6      -1.714876067962558E-6    793.7420907659398
4.180109335829357E-6      -1.7648829943283502E-6   -610.0526257745428
4.298434252967733E-6      -1.8148899206941425E-6   -2010.9116360037224
4.056492568997535E-6      -1.5596606944274279E-6   737.2365381834898
4.17481748613591E-6       -1.60966762079322E-6     -723.8195342008403
4.293142403274286E-6      -1.659674547159012E-6    -2181.8526215246166
4.169525636442464E-6      -1.4544522472580898E-6   -798.2137196617514
4.287850553580841E-6      -1.504459173623882E-6    -2260.7152355129656
4.282558703887393E-6      -1.349243800088752E-6    -2340.9625459118834
2.9902815442210146E-6     -2.1027441832573364E-7   25123.774472436766
2.9249094994952606E-6     -3.163050714724046E-7    25407.66193094677
2.8595374547695066E-6     -4.223357246190755E-7    25689.498026062585
2.794165410043753E-6      -5.283663777657465E-7    25967.49212107705
3.053923911568858E-6      -3.1451818350479634E-7   22898.393795129297
2.9885518668431046E-6     -4.205488366514673E-7    23185.750994187878
2.9231798221173506E-6     -5.265794897981382E-7    23470.120570924733
3.1175662789167017E-6     -4.1876194868385904E-7   20681.818455445027
3.0521942341909477E-6     -5.2479260183053E-7      20972.570999140644
3.181208646264546E-6      -5.230057138629218E-7    18474.843405724783
4.417560457630177E-6      -1.9987499418967574E-6   -2995.350697353116
4.418361745154245E-6      -2.13260303673358E-6     -2782.9925716799717
4.419163032678313E-6      -2.2664561315704018E-6   -2571.8588614275413
4.419964320202381E-6      -2.4003092264072246E-6   -2361.9495665958107
4.534208623608955E-6      -2.0543420010561983E-6   -4128.245551048874
4.535009911133023E-6      -2.1881950958930207E-6   -3794.8982026872063
4.535811198657091E-6      -2.322048190729843E-6    -3463.0806429201457
4.650856789587733E-6      -2.109934060215639E-6    -5079.141073332192
4.651658077111801E-6      -2.243787155052462E-6    -4743.18324648466
4.767504955566511E-6      -2.1655261193750804E-6   -6027.604344154236
3.830922190538805E-6      -1.7356370027011018E-6   3556.1355978325814
3.8367097966633805E-6     -1.8564117901712297E-6   3350.471258957312
3.842497402787956E-6      -1.977186577641358E-6    3145.3661837421223
3.848285008912532E-6      -2.097961365111486E-6    2940.820372187025
3.854072615037108E-6      -2.2187361525816142E-6   2715.506763115151
3.949247107677181E-6      -1.785643929066894E-6    2042.9545465006631
3.955034713801756E-6      -1.9064187165370218E-6   1950.6349134059928
3.960822319926333E-6      -2.02719350400715E-6     1858.5979003275197
3.9666099260509084E-6     -2.1479682914772784E-6   1685.8710922180335
4.067572024815556E-6      -1.835650855432686E-6    692.6025451114565
4.073359630940133E-6      -1.9564256429028144E-6   603.7811274136384
4.079147237064708E-6      -2.077200430372942E-6    498.3910344562091
4.1858969419539326E-6     -1.8856577817984781E-6   -654.9010287157516
4.191684548078508E-6      -2.0064325692686063E-6   -692.8671287740553
4.304221859092309E-6      -1.935664708164271E-6    -1887.9033974727704
3.967411213574976E-6      -2.2818213863141008E-6   1605.707242232913
4.080749812112844E-6      -2.3449066200465873E-6   622.414693454069
4.194088410650712E-6      -2.407991853779074E-6    -358.07403394189305
4.3074270091885805E-6     -2.4710770875115604E-6   -1335.7589399549452
4.079948524588776E-6      -2.211053525209765E-6    565.2378557966586
4.193287123126644E-6      -2.2741387589422515E-6   -471.565964145022
4.306625721664513E-6      -2.337223992674738E-6    -1505.5127826542139
4.192485835602576E-6      -2.1402856641054287E-6   -558.0784742148135
4.305824434140445E-6      -2.2033708978379156E-6   -1594.8396861775473
4.305023146616377E-6      -2.069517803001093E-6    -1685.0856319476752
4.77204956161998E-6       -2.866990526424242E-6    -4041.3408630622575
4.656202683165269E-6      -2.80239441924448E-6     -3424.856249213136
4.540355804710558E-6      -2.737798312064718E-6    -2806.132119345026
4.424508926255849E-6      -2.673202204884957E-6    -2025.9993876697622
4.659946001694668E-6      -2.9414343028853904E-6   -3172.017355338931
4.544099123239958E-6      -2.8768381957056287E-6   -2555.4760852737954
4.428252244785248E-6      -2.812242088525867E-6    -1881.4585505929826
4.5478424417693575E-6     -3.0158780793465385E-6   -2305.798826985738
4.4319955633146475E-6     -2.951281972166777E-6    -1737.66122170758
4.435738881844048E-6      -3.0903218558076875E-6   -1594.6074010135685
2.3417152528869365E-6     -2.1410929011510232E-7   38831.45795238055
2.2756991605164E-6        -3.221879270835337E-7    38333.75415357041
2.2096830681458635E-6     -4.302665640519651E-7    37837.14434904614
2.1436669757753274E-6     -5.383452010203965E-7    37338.39031765597
2.406070166065107E-6      -3.2013994326177327E-7   36118.94099158692
2.340054073694571E-6      -4.2821858023020465E-7   35627.311377335805
2.2740379813240343E-6     -5.36297217198636E-7     35135.3571572312
2.4704250792432777E-6     -4.2617059640844416E-7   33417.28927339977
2.4044089868727417E-6     -5.342492333768755E-7    32932.14283218048
2.534779992421448E-6      -5.322012495551152E-7    30728.74734250379
2.981718194746187E-6      -1.0406692878292924E-6   18172.874175006076
3.0474191674645785E-6     -9.367791954424967E-7    17689.32108861065
3.1131201401829694E-6     -8.328891030557009E-7    17245.374345463068
3.1788211129013607E-6     -7.28999010668905E-7     16798.909786313743
3.2445220856197524E-6     -6.251089182821092E-7    16349.927411162707
2.918404755390981E-6      -9.385660834101049E-7    20171.23289613074
2.984105728109372E-6      -8.346759910233092E-7    19697.176091252444
3.049806700827763E-6      -7.307858986365132E-7    19292.235102371902
3.115507673546154E-6      -6.268958062497175E-7    18885.055857976276
2.855091316035774E-6      -8.364628789909173E-7    22190.639227610576
2.920792288754165E-6      -7.325727866041215E-7    21779.139823323603
2.9864932614725573E-6     -6.286826942173257E-7    21376.937341033896
2.791777876680568E-6      -7.343596745717298E-7    24217.627664896852
2.8574788493989593E-6     -6.304695821849339E-7    23868.648287696065
2.7284644373253613E-6     -6.322564701525422E-7    26252.198207989597
3.302230596337473E-6      -7.285831910480505E-7    14794.398098126323
3.236529623619082E-6      -8.324732834348462E-7    15281.763815119753
3.1708286509006905E-6     -9.36363375821642E-7     15766.332155624848
3.1051276781823E-6        -1.0402534682084379E-6   16247.763196545466
3.3599391070551947E-6     -8.320574638139917E-7    13287.821723609035
3.2942381343368034E-6     -9.359475562007874E-7    13776.744413795397
3.228537161618412E-6      -1.0398376485875833E-6   14262.609378050525
3.4176476177729162E-6     -9.355317365799329E-7    11787.121860250361
3.351946645054525E-6      -1.0394218289667286E-6   12277.421959674915
3.475356128490638E-6      -1.039006009345874E-6    10292.200941418665
3.289939342749259E-6      -1.4377862026182533E-6   11303.331682954442
3.3517045965847574E-6     -1.3579470000396068E-6   10648.610315598322
3.4134698504202555E-6     -1.2781077974609597E-6   10071.785906589457
3.4752351042557536E-6     -1.198268594882313E-6    9492.689516572143
3.537000358091252E-6      -1.1184293923036662E-6   8911.32114554635
3.2282951131486446E-6     -1.3583628196604613E-6   12672.536875663176
3.2900603669841427E-6     -1.2785236170818144E-6   12052.218092343737
3.3518256208196408E-6     -1.1986844145031675E-6   11467.695085651925
3.4135908746551393E-6     -1.1188452119245208E-6   10880.990179799668
3.1666508835480302E-6     -1.278939436702669E-6    14019.470819542794
3.2284161373835283E-6     -1.199100234124022E-6    13446.604095045066
3.290181391219027E-6      -1.1192610315453755E-6   12863.014194962849
3.1050066539474155E-6     -1.1995160537448768E-6   15370.422350936553
3.1667719077829136E-6     -1.1196768511662298E-6   14845.005822080257
3.0433624243468016E-6     -1.1200926707870846E-6   16725.39146984453
3.3969783910822527E-6     -1.4732014051407977E-6   9659.040996170072
3.504017439415247E-6      -1.5086166076633414E-6   8158.19468339491
3.611056487748241E-6      -1.5440318101858856E-6   6659.537530999822
3.718095536081235E-6      -1.5794470127084295E-6   5163.069538984834
3.4587436449177517E-6     -1.3933622025621508E-6   9105.359990318591
3.565782693250745E-6      -1.4287774050846947E-6   7577.605466218829
3.6728217415837393E-6     -1.4641926076072386E-6   6052.109244921088
3.5205088987532493E-6     -1.3135229999835038E-6   8535.145636976347
3.6275479470862436E-6     -1.348938202506048E-6    7005.369464250667
3.5822741525887474E-6     -1.233683797404857E-6    7962.569220777637
3.295362370009259E-6      -1.5361385931610535E-6   10831.131692845032
3.3007853972692587E-6     -1.6344909837038532E-6   10335.600325857697
3.3062084245292586E-6     -1.7328433742466532E-6   9841.512857586244
3.3116314517892586E-6     -1.8311957647894532E-6   9348.869288030703
3.3170544790492585E-6     -1.929548155332253E-6    8840.008253503325
3.4024014183422526E-6     -1.5715537956835972E-6   9240.409293114004
3.4078244456022526E-6     -1.6699061862263972E-6   8837.194944977113
3.4132474728622525E-6     -1.7682585767691971E-6   8435.226667125089
3.4186705001222524E-6     -1.8666109673119975E-6   7968.083604084074
3.5094404666752465E-6     -1.6069689982061414E-6   7767.617664359427
3.514863493935247E-6      -1.7053213887489413E-6   7367.571437544439
3.5202865211952467E-6     -1.8036737792917413E-6   6953.742234675496
3.6164795150082407E-6     -1.6423842007286855E-6   6296.9460535629805
3.6219025422682406E-6     -1.7407365912714855E-6   5936.465658838199
3.723518563341235E-6      -1.6777994032512297E-6   4916.253876572198
3.7293061694658104E-6     -1.7985741907213576E-6   4685.2015971450055
3.627690148392816E-6      -1.8615113787416134E-6   5651.38671562007
3.5260741273198226E-6     -1.9244485667618692E-6   6614.671575638514
3.4244581062468282E-6     -1.9873857547821257E-6   7509.1543417241555
3.735093775590386E-6      -1.9193489781914858E-6   4367.125809174249
3.6334777545173923E-6     -1.9822861662117418E-6   5330.745968937588
3.5318617334443984E-6     -2.0452233542319974E-6   6272.759330331737
3.740881381714962E-6      -2.040123765661614E-6    4049.8859285074795
3.639265360641968E-6      -2.1030609536818695E-6   5039.358387113794
3.7466689878395383E-6     -2.160898553131742E-6    3808.9515120703372
2.350678797961102E-6      -1.0785403778852258E-6   26979.833285937984
2.413573237962913E-6      -9.688629554548517E-7    27186.389427716655
2.4764676779647234E-6     -8.591855330244773E-7    27471.395131924626
2.5393621179665344E-6     -7.495081105941032E-7    27756.658157885133
2.6022565579683445E-6     -6.398306881637289E-7    28042.178505598193
2.283202232414206E-6      -9.70910939276612E-7     29364.38034135076
2.346096672416016E-6      -8.612335168462378E-7    29608.124377728258
2.408991112417827E-6      -7.515560944158635E-7    29981.754583982754
2.471885552419638E-6      -6.418786719854892E-7    30356.043753802805
2.215725666867309E-6      -8.632815006679982E-7    31828.444652975628
2.2786201068691197E-6     -7.536040782376239E-7    32174.051454229062
2.3415145468709307E-6     -6.439266558072497E-7    32552.97215565841
2.148249101320413E-6      -7.556520620593845E-7    34302.184336172664
2.2111435413222234E-6     -6.459746396290102E-7    34749.727360487675
2.0807725357735165E-6     -6.480226234507706E-7    36785.59939094189
2.665569997323551E-6      -7.419338925829165E-7    25946.994157826062
2.60267555732174E-6       -8.516113150132907E-7    25749.63627757527
2.5397811173199292E-6     -9.612887374436648E-7    25552.134077263996
2.476886677318119E-6      -1.0709661598740393E-6   25344.747602760617
2.728883436678757E-6      -8.440370970021039E-7    23976.192938688153
2.665988996676947E-6      -9.537145194324782E-7    23782.86023540193
2.603094556675136E-6      -1.0633919418628525E-6   23585.261621070647
2.7921968760339633E-6     -9.461403014212915E-7    22013.011198861772
2.7293024360321527E-6     -1.055817723851666E-6    21825.224082213063
2.8555103153891704E-6     -1.0482435058404792E-6   20064.634986187903
3.333778991711836E-6      -2.4694906359528653E-6   6763.508723142318
3.437837716376891E-6      -2.4193397392786155E-6   6054.601234516407
3.541896441041945E-6      -2.369188842604365E-6    5248.430279810962
3.645955165706999E-6      -2.3190379459301147E-6   4440.253564599552
3.7500138903720536E-6     -2.2688870492558644E-6   3630.0710888821495
3.330434089179321E-6      -2.3615021398287434E-6   7174.653228603275
3.4344928138443754E-6     -2.3113512431544927E-6   6432.405928242665
3.5385515385094294E-6     -2.261200346480242E-6    5585.124853311458
3.6426102631744834E-6     -2.2110494498059923E-6   4735.7965668959
3.327089186646805E-6      -2.2535136437046206E-6   7587.6899591435895
3.4311479113118592E-6     -2.20336274703037E-6     6768.306263448869
3.5352066359769137E-6     -2.15321185035612E-6     5919.064559800858
3.3237442841142895E-6     -2.145525147580498E-6    8001.940846949634
3.427803008779344E-6      -2.0953742509062476E-6   7105.255122783979
3.3203993815817738E-6     -2.0375366514563755E-6   8417.405892021394
3.4297792743803175E-6     -2.5524212672730543E-6   5765.222584695566
3.525779557048799E-6      -2.635351898593243E-6    4865.1396044257535
3.6217798397172794E-6     -2.7182825299134318E-6   3968.3142013568513
3.7177801223857607E-6     -2.8012131612336203E-6   3074.7463754888818
3.813780405054242E-6      -2.8841437925538093E-6   2292.3752683236457
3.5338379990453716E-6     -2.502270370598804E-6    5059.537518407219
3.629838281713853E-6      -2.5852010019189926E-6   4110.722034469799
3.7258385643823334E-6     -2.6681316332391816E-6   3165.20190005518
3.821838847050816E-6      -2.7510622645593705E-6   2386.0548583629925
3.637896723710426E-6      -2.4521194739245534E-6   4293.143764593959
3.7338970063789074E-6     -2.5350501052447424E-6   3344.955990039747
3.829897289047388E-6      -2.6179807365649313E-6   2463.645129746523
3.7419554483754805E-6     -2.401968577250303E-6    3524.7857012530912
3.837955731043962E-6      -2.484899208570492E-6    2541.06750041932
3.846014173040535E-6      -2.3518176805760534E-6   2618.3219703813716
3.959352771578403E-6      -2.41490291430854E-6     1552.4950964530617
3.951294329581829E-6      -2.5479844423029787E-6   1578.0276438767814
3.943235887585257E-6      -2.681065970297418E-6    1603.1487686502478
3.935177445588683E-6      -2.814147498291857E-6    1545.012361641505
4.07269137011627E-6       -2.4779881480410265E-6   625.5602218612894
4.064632928119698E-6      -2.6110696760354653E-6   653.8965643303131
4.056574486123125E-6      -2.7441512040299044E-6   653.063514977237
4.186029968654139E-6      -2.5410733817735126E-6   -298.6240113971853
4.177971526657566E-6      -2.674154909767952E-6    -242.07538972910697
4.299368567192008E-6      -2.6041586155059996E-6   -1140.4043524775057
4.303111885721407E-6      -2.7431984991469094E-6   -1022.8528599415113
4.181714845186965E-6      -2.8131947934088616E-6   -181.98716267797863
4.060317804652523E-6      -2.8831910876708143E-6   655.7667899089947
3.938920764118083E-6      -2.953187381932767E-6    1411.9130187592013
4.306855204250806E-6      -2.8822383827878192E-6   -985.4628588499654
4.185458163716365E-6      -2.9522346770497723E-6   -147.8156603802072
4.0640611231819235E-6     -3.0222309713117245E-6   654.4769710000132
4.310598522780206E-6      -3.021278266428729E-6    -948.5810983580141
4.189201482245765E-6      -3.091274560690682E-6    -100.18903325951032
4.314341841309607E-6      -3.1603181500696397E-6   -852.0849940193807
3.952437992384781E-6      -3.5065666334671306E-6   994.9849871584353
4.049846833982515E-6      -3.451125654663424E-6    589.1077473033979
4.1472556755802476E-6     -3.395684675859717E-6    98.28456052308388
4.24466451717798E-6       -3.3402436970560103E-6   -394.2129047379283
4.342073358775714E-6      -3.284802718252304E-6    -888.38464847966
3.924706474918674E-6      -3.3820820652844665E-6   1277.4641834820902
4.022115316516406E-6      -3.3266410864807596E-6   791.7183787960284
4.119524158114139E-6      -3.2712001076770527E-6   265.53630739576283
4.216932999711873E-6      -3.2157591288733458E-6   -262.35728872727805
3.896974957452565E-6      -3.257597497101802E-6    1514.8534410777124
3.994383799050298E-6      -3.202156518298095E-6    971.2179129742199
4.091792640648032E-6      -3.146715539494389E-6    443.35188492999714
3.869243439986458E-6      -3.133112928919138E-6    1753.433943385371
3.966652281584191E-6      -3.077671950115431E-6    1151.7841332752168
3.8415119225203495E-6     -3.0086283607364734E-6   1993.2056904050883
4.765527331539366E-6      -3.578076559508737E-6    -2419.889418372114
4.653423771614055E-6      -3.509663193112743E-6    -2079.639919198522
4.541320211688744E-6      -3.4412498267167477E-6   -1737.4453112305364
4.4292166517634344E-6     -3.372836460320754E-6    -1283.6069214105655
4.6431582230040425E-6     -3.653137913984899E-6    -1819.8713686413548
4.531054663078732E-6      -3.5847245475889047E-6   -1479.4439497022795
4.418951103153421E-6      -3.51631118119291E-6     -1106.1410033555767
4.520789114468719E-6      -3.7281992684610612E-6   -1222.5852399999658
4.408685554543409E-6      -3.6597859020650665E-6   -929.6860876231876
4.398420005933396E-6      -3.803260622937223E-6    -754.2421742133929
4.039581285372501E-6      -3.5946003755355807E-6   631.1633971831557
4.126724578360222E-6      -3.6826341176040303E-6   299.78373293756795
4.213867871347943E-6      -3.7706678596724804E-6   -29.527186751842237
4.301011164335663E-6      -3.8587016017409296E-6   -356.7693618850635
4.136990126970234E-6      -3.5391593967318738E-6   200.49435719569374
4.2241334199579554E-6     -3.627193138800323E-6    -161.88139166862766
4.311276712945675E-6      -3.715226880868773E-6    -522.1972827268055
4.234398968567968E-6      -3.4837184179281664E-6   -256.00281241524317
4.321542261555688E-6      -3.5717521599966165E-6   -617.7274720861788
4.331807810165701E-6      -3.42827743912446E-6     -714.1370142647975
4.519238190309816E-6      -4.430108828299956E-6    -439.9632419899708
4.608836365598531E-6      -4.377061245558293E-6    -680.0390069429232
4.698434540887246E-6      -4.32401366281663E-6     -943.7548797213185
4.788032716175961E-6      -4.270966080074967E-6    -1208.6782731756234
4.4864672570632084E-6     -4.309265457177312E-6    -493.19012818103784
4.576065432351923E-6      -4.256217874435649E-6    -775.1494910230367
4.665663607640638E-6      -4.203170291693986E-6    -1040.0854495626736
4.4536963238166E-6        -4.188422086054668E-6    -545.6540470781997
4.543294499105315E-6      -4.135374503313005E-6    -869.5524616898583
4.420925390569992E-6      -4.067578714932024E-6    -597.3549986814471
1.68339642551859E-6       -2.1755051753602737E-7   50546.400845213364
1.616439762729389E-6      -3.2702239810362335E-7   49258.20661277192
1.5494830999401879E-6     -4.364942786712193E-7    47974.424418593015
1.482526437150987E-6      -5.459661592388153E-7    46692.1789149218
1.7491321459982973E-6     -3.256291545044587E-7    47475.25184558967
1.6821754832090963E-6     -4.3510103507205473E-7   46195.56075708922
1.6152188204198953E-6     -5.445729156396506E-7    44919.10648280219
1.8148678664780045E-6     -4.337077914728901E-7    44416.592246315544
1.7479112036888035E-6     -5.431796720404862E-7    43145.93374183384
1.8806035869577121E-6     -5.417864284413215E-7    41372.660692016754
1.688077442181047E-6      -1.0859961755605796E-6   34909.27914616523
1.7531211477901618E-6     -9.76875577416895E-7     35699.454773284095
1.8181648533992764E-6     -8.677549792732105E-7    36598.55334605423
1.883208559008391E-6      -7.58634381129526E-7     37500.37931798207
1.9482522646175058E-6     -6.495137829858414E-7    38404.93268906765
1.6204287645212534E-6     -9.782688210160596E-7    37453.047928393826
1.6854724701303682E-6     -8.691482228723751E-7    38311.2965011551
1.7505161757394826E-6     -7.600276247286904E-7    39329.30574325012
1.815559881348597E-6      -6.509070265850059E-7    40350.506688412555
1.5527800868614598E-6     -8.705414664715397E-7    40103.42849619361
1.6178237924705744E-6     -7.61420868327855E-7     41093.4096357481
1.682867498079689E-6      -6.523002701841706E-7    42118.34055729615
1.4851314092016661E-6     -7.628141119270197E-7    42764.17287351827
1.5501751148107805E-6     -6.536935137833352E-7    43886.07865775203
1.4174827315418723E-6     -6.550867573824998E-7    45435.281060367815
2.015728830164402E-6      -7.571432215944552E-7    35836.97410158235
1.9506851245552873E-6     -8.662638197381398E-7    35051.32188481964
1.8856414189461728E-6     -9.753844178818243E-7    34267.932763304954
1.8205977133370582E-6     -1.0845050160255088E-6   33484.65028801368
2.0832053957112985E-6     -8.64772660203069E-7     33456.26178951717
2.0181616901021837E-6     -9.738932583467537E-7    32676.59312938606
1.953117984493069E-6      -1.0830138564904381E-6   31898.31125383058
2.1506819612581944E-6     -9.724020988116829E-7    31085.151390838444
2.08563825564908E-6       -1.0815226969553673E-6   30311.874340775234
2.218158526805091E-6      -1.0800315374202967E-6   28725.339548847664
2.931902465485109E-6      -1.162782324957708E-6    17869.420986455938
2.8056945861280914E-6     -1.1703565429688947E-6   19711.01836480365
2.6794867067710746E-6     -1.177930760980081E-6    21461.70320667295
2.553278827414058E-6      -1.1855049789912678E-6   23211.860128885084
2.427070948057041E-6      -1.1930791970024546E-6   24854.262335375963
2.882086736224031E-6      -1.2848953620861234E-6   17612.70015560408
2.755878856867014E-6      -1.29246958009731E-6     19350.763735696935
2.6296709775099973E-6     -1.3000437981084966E-6   21097.209961578294
2.50346309815298E-6       -1.3076180161196833E-6   22817.826715966035
2.8322710069629533E-6     -1.4070083992145387E-6   17356.167946845657
2.706063127605936E-6      -1.4145826172257253E-6   18991.05714670863
2.579855248248919E-6      -1.422156835236912E-6    20789.84507627519
2.7824552777018755E-6     -1.5291214363429543E-6   17099.824360180643
2.6562473983448587E-6     -1.5366956543541408E-6   18770.317416303453
2.7326395484407974E-6     -1.6512344734713696E-6   16866.208786161875
3.1784793838875664E-6     -1.4804758567888767E-6   12586.298063621554
3.1168351542869525E-6     -1.4010524738310845E-6   13862.777886446858
3.0551909246863378E-6     -1.3216290908732923E-6   15164.177930148333
2.993546695085723E-6      -1.2422057079155E-6      16469.59742454425
3.0670194250258744E-6     -1.5231655109594998E-6   13696.734609266448
3.00537519542526E-6       -1.4437421280017076E-6   15012.821078884392
2.9437309658246457E-6     -1.3643187450439154E-6   16315.206174619841
2.955559466164182E-6      -1.5658551651301231E-6   14805.001360936869
2.8939152365635676E-6     -1.4864317821723307E-6   16160.644128763837
2.84409950730249E-6       -1.6085448193007462E-6   15911.098318632794
3.1839024111475668E-6     -1.5788282473316764E-6   12018.791648718427
3.072442452285874E-6      -1.6215179015022997E-6   13088.521406182625
2.960982493424182E-6      -1.664207555672923E-6    14156.131718255947
2.84952253456249E-6       -1.7068972098435464E-6   15142.591950858347
3.1893254384075663E-6     -1.6771806378744766E-6   11432.026190780503
3.0778654795458742E-6     -1.7198702920451E-6      12499.670754822651
2.9664055206841818E-6     -1.762559946215723E-6    13528.16353138007
3.194748465667566E-6      -1.7755330284172763E-6   10846.902459989491
3.083288506805874E-6      -1.8182226825878997E-6   11917.330382925447
3.200171492927566E-6      -1.8738854189600765E-6   10310.092505494486
2.8956587424491266E-6     -2.1988138464691225E-6   11705.203483865273
2.979937889769153E-6      -2.1449607082417487E-6   11176.05014060653
3.064217037089179E-6      -2.0911075700143745E-6   10612.85903692931
3.148496184409206E-6      -2.0372544317870007E-6   10048.088932607134
3.232775331729232E-6      -1.983401293559627E-6    9481.739827639987
2.863054903647461E-6      -2.089297971869572E-6    12766.770325380652
2.947334050967487E-6      -2.035444833642198E-6    12159.628870933397
3.031613198287513E-6      -1.981591695414824E-6    11560.254753350855
3.11589234560754E-6       -1.9277385571874503E-6   10959.299981254248
2.830451064845795E-6      -1.9797820972700212E-6   13762.927111823625
2.9147302121658212E-6     -1.9259289590426474E-6   13123.938744930321
2.9990093594858477E-6     -1.8720758208152737E-6   12523.859167342844
2.7978472260441293E-6     -1.8702662226704708E-6   14762.867823918114
2.8821263733641553E-6     -1.8164130844430968E-6   14091.91622687862
2.7652433872424633E-6     -1.7607503480709202E-6   15766.59246166416
2.983282792301669E-6      -2.252949204365871E-6    10621.68548127413
3.0709068421542105E-6     -2.3070845622626196E-6   9636.41737674877
3.1585308920067527E-6     -2.361219920159368E-6    8653.376261678564
3.2461549418592945E-6     -2.4153552780561167E-6   7672.562136063558
3.067561939621695E-6      -2.1990960661384973E-6   10129.335956945364
3.155185989474237E-6      -2.2532314240352454E-6   9107.835548684054
3.2428100393267787E-6     -2.3073667819319944E-6   8088.612451541267
3.1518410869417213E-6     -2.1452429279111235E-6   9601.282494138613
3.2394651367942635E-6     -2.199378285807872E-6    8579.442172847372
3.2361202342617477E-6     -2.0913897896837493E-6   9071.651684556007
2.0258039708399436E-6     -1.62286335450654E-6     24498.32963889968
2.0907789362641754E-6     -1.5139987591822773E-6   24910.228139098057
2.1557539016884067E-6     -1.4051341638580144E-6   25412.610333383855
2.2207288671126384E-6     -1.2962695685337514E-6   25916.004113168274
2.28570383253687E-6       -1.1874049732094886E-6   26420.40947845132
1.9582586651081642E-6     -1.515489918717348E-6    26489.999332725325
2.023233630532396E-6      -1.406625323393085E-6    26973.793944032255
2.0882085959566277E-6     -1.2977607280688222E-6   27556.82967984004
2.153183561380859E-6      -1.1888961327445592E-6   28141.24376254565
1.8907133593763848E-6     -1.4081164829281558E-6   28561.74120276956
1.9556883248006166E-6     -1.2992518876038928E-6   29135.257459317392
2.0206632902248483E-6     -1.19038729227963E-6     29723.080753315564
1.8231680536446059E-6     -1.3007430471389639E-6   30641.473990724753
1.8881430190688374E-6     -1.191878451814701E-6    31304.82409096964
1.7556227479128264E-6     -1.1933696113497715E-6   32729.197696590916
2.3620959826328093E-6     -1.3019437923267174E-6   24322.92104666176
2.2971210172085775E-6     -1.4108083876509801E-6   23899.451378111073
2.232146051784346E-6      -1.5196729829752429E-6   23476.6265336598
2.1671710863601145E-6     -1.628537578299506E-6    23058.233902104083
2.4384881327287484E-6     -1.416482611443946E-6    22372.746862081833
2.373513167304517E-6      -1.5253472067682089E-6   21953.613384133496
2.308538201880285E-6      -1.6342118020924718E-6   21536.39824512974
2.5148802828246875E-6     -1.5310214305611748E-6   20430.98328450293
2.4499053174004557E-6     -1.6398860258854376E-6   20014.928933853334
2.591272432920627E-6      -1.6455602496784038E-6   18493.82596827488
2.871430268685309E-6      -2.2907873012512543E-6   11337.230152833414
2.8472017949214914E-6     -2.382760756033386E-6    11025.902315039923
2.8229733211576743E-6     -2.4747342108155182E-6   10715.002792030406
2.7987448473938565E-6     -2.5667076655976496E-6   10404.531583804885
2.774516373630039E-6      -2.658681120379782E-6    10109.188701916093
2.9590543185378514E-6     -2.344922659148003E-6    10336.101470077745
2.9348258447740335E-6     -2.4368961139301346E-6   10084.9397563405
2.910597371010216E-6      -2.528869568712267E-6    9834.073748360253
2.8863688972463987E-6     -2.6208430234943986E-6   9550.55588774524
3.0466783683903927E-6     -2.3990580170447514E-6   9388.661810774604
3.0224498946265757E-6     -2.4910314718268836E-6   9139.436151553566
2.998221420862758E-6      -2.5830049266090154E-6   8879.770547706
3.134302418242935E-6      -2.4531933749414995E-6   8443.398819263266
3.1100739444791174E-6     -2.5451668297236317E-6   8207.604848390714
3.221926468095477E-6      -2.507328732838249E-6    7534.05878979938
3.2283629142758136E-6     -2.9424811639320443E-6   5948.748382419408
3.2494461297630184E-6     -2.847883058336209E-6    6067.679348526495
3.2705293452502223E-6     -2.753284952740373E-6    6235.233875645273
3.2916125607374275E-6     -2.6586868471445367E-6   6402.769616731679
3.312695776224632E-6      -2.5640887415487015E-6   6570.286571785715
3.137593606146659E-6      -2.8857211552215922E-6   6700.774417243962
3.158676821633863E-6      -2.791123049625756E-6    6897.421364003883
3.1797600371210675E-6     -2.69652494402992E-6     7120.78736448617
3.2008432526082723E-6     -2.6019268384340842E-6   7344.248604503207
3.0468242980175036E-6     -2.8289611465111393E-6   7536.819788288103
3.067907513504708E-6      -2.734363040915303E-6    7768.718296651844
3.0889907289919127E-6     -2.639764935319468E-6    7993.861769670044
2.956054989888349E-6      -2.7722011378006872E-6   8374.910785320104
2.9771382053755535E-6     -2.677603032204851E-6    8642.113951768366
2.865285681759194E-6      -2.7154411290902343E-6   9215.047408339997
3.3454464124314993E-6     -2.9308136896563976E-6   5259.0845262196835
3.462529910587185E-6      -2.91914621538075E-6     4528.096401474899
3.5796134087428707E-6     -2.9074787411051036E-6   3796.6513494331266
3.6966969068985564E-6     -2.8958112668294565E-6   3064.7493700943564
3.3665296279187037E-6     -2.8362155840605614E-6   5372.048047687547
3.4836131260743894E-6     -2.8245481097849147E-6   4636.491178582202
3.600696624230075E-6      -2.8128806355092675E-6   3900.464935912467
3.387612843405908E-6      -2.7416174784647257E-6   5483.657578957278
3.5046963415615937E-6     -2.7299500041890785E-6   4746.189714830469
3.4086960588931128E-6     -2.6470193728688896E-6   5595.134298627505
3.2681742549201144E-6     -3.039190777287299E-6    5504.579334032736
3.3079855955644143E-6     -3.135900390642553E-6    5002.532779904965
3.347796936208715E-6      -3.2326100039978075E-6   4502.215518808579
3.387608276853016E-6      -3.329319617353062E-6    4003.6275507436167
3.4274196174973162E-6     -3.426029230708316E-6    3498.9424027781174
3.3852577530757997E-6     -3.0275233030116515E-6   4769.707429525346
3.4250690937201E-6        -3.1242329163669055E-6   4283.233669666507
3.464880434364401E-6      -3.22094252972216E-6     3798.4420680445146
3.5046917750087016E-6     -3.3176521430774147E-6   3299.368992253915
3.502341251231485E-6      -3.0158558287360044E-6   4043.117694615553
3.5421525918757857E-6     -3.1125654420912588E-6   3558.384575252592
3.5819639325200865E-6     -3.209275055446513E-6    3073.3334885015956
3.6194247493871706E-6     -3.004188354460357E-6    3316.0834786761616
3.6592360900314714E-6     -3.100897967815612E-6    2845.000931758138
3.736508247542857E-6      -2.992520880184711E-6    2614.371322023526
3.847434317407288E-6      -3.490459152915368E-6    1460.3421207086503
3.81970279994118E-6       -3.3659745847327036E-6   1749.1265237027255
3.7919712824750725E-6     -3.241490016550039E-6    2044.8144999471551
3.764239765008964E-6      -3.117005448367375E-6    2341.818279492869
3.7424306424297955E-6     -3.474351672363605E-6    1966.3754504760318
3.714699124963687E-6      -3.3498671041809406E-6   2260.0332041663714
3.6869676074975797E-6     -3.225382535998276E-6    2557.8141322861447
3.6374269674523022E-6     -3.458244191811842E-6    2472.914590826227
3.6096954499861944E-6     -3.3337596236291777E-6   2771.4594828816116
3.532423292474809E-6      -3.442136711260079E-6    2979.959541759244
3.9062374213783765E-6     -3.6033993325498898E-6   1028.9210689385186
3.8012337464008837E-6     -3.587291851998127E-6    1548.2308427983478
3.69623007142339E-6       -3.5711843714463634E-6   2050.0985933619186
3.5912263964458977E-6     -3.5550768908946005E-6   2552.458366839527
3.486222721468405E-6      -3.538969410342838E-6    3074.523416993137
3.860036850371972E-6      -3.7002320316326485E-6   1120.6967308667708
3.7550331753944787E-6     -3.684124551080885E-6    1629.4045257974767
3.650029500416986E-6      -3.6680170705291226E-6   2129.887095978166
3.545025825439493E-6      -3.6519095899773596E-6   2644.918357230199
3.8138362793655674E-6     -3.7970647307154076E-6   1211.3026878664114
3.708832604388074E-6      -3.7809572501636443E-6   1709.4509396551166
3.6038289294105818E-6     -3.7648497696118817E-6   2217.477407292543
3.767635708359163E-6      -3.893897429798166E-6    1300.7389399374229
3.66263203338167E-6       -3.877789949246403E-6    1792.2005671801694
3.7214351373527582E-6     -3.990730128880925E-6    1381.5528458286444
3.993380714366097E-6      -3.6914330746183394E-6   709.7685478970016
3.947180143359692E-6      -3.7882657737010977E-6   811.3526552799594
3.900979572353288E-6      -3.885098472783857E-6    911.7246219471735
3.854779001346883E-6      -3.981931171866616E-6    1009.9443688524209
4.080524007353817E-6      -3.7794668166867886E-6   410.6277043719947
4.034323436347413E-6      -3.876299515769548E-6    512.8034586634076
3.988122865341009E-6      -3.973132214852307E-6    613.7419641974028
4.1676673003415376E-6     -3.867500558755239E-6    113.5644921531948
4.121466729335134E-6      -3.964333257837998E-6    217.22716615229388
4.254810593329259E-6      -3.955534300823689E-6    -179.60002528290607
4.11772446956729E-6       -4.385288078369529E-6    102.74434859267922
4.185331966506314E-6      -4.27564989472949E-6     -55.207212271517164
4.252939463445337E-6      -4.166011711089454E-6    -215.12563603031867
4.32054696038436E-6       -4.056373527449416E-6    -377.0109226837394
3.984380605573165E-6      -4.394087035383838E-6    486.1910206327525
4.051988102512189E-6      -4.284448851743799E-6    324.83973537460486
4.119595599451212E-6      -4.174810668103763E-6    159.25990544022898
4.1872030963902346E-6     -4.065172484463726E-6    -8.279660286777471
3.918644238518063E-6      -4.2932478087581085E-6   708.8044204516236
3.986251735457086E-6      -4.183609625118072E-6    551.1789025935927
4.05385923239611E-6       -4.073971441478035E-6    385.630538668878
3.852907871462962E-6      -4.192408582132381E-6    933.1523971442384
3.920515368401985E-6      -4.082770398492344E-6    779.233754070789
3.78717150440786E-6       -4.091569355506653E-6    1159.234950710596
4.451630693370793E-6      -4.5397470119399934E-6   -305.8905027371181
4.418859760124184E-6      -4.418903640817349E-6    -320.89520979926965
4.386088826877576E-6      -4.298060269694704E-6    -331.92356189780185
4.353317893630968E-6      -4.177216898572061E-6    -342.1334928218057
4.351252263185162E-6      -4.528541824457386E-6    -166.48969415204385
4.318481329938553E-6      -4.407698453334742E-6    -179.11695770068582
4.285710396691945E-6      -4.286855082212098E-6    -188.61028783449
4.25087383299953E-6       -4.5173366369747785E-6   -26.81372183811061
4.218102899752922E-6      -4.396493265852134E-6    -37.06107284375503
4.150495402813898E-6      -4.506131449492172E-6    113.1374142046871
4.42285276775112E-6       -4.629556572055472E-6    -212.9760011892513
4.322474337565489E-6      -4.618351384572866E-6    -75.4695782540332
4.2220959073798564E-6     -4.607146197090258E-6    62.30953938055245
4.394074842131447E-6      -4.719366132170951E-6    -123.87441418103003
4.2936964119458155E-6     -4.7081609446883454E-6   12.580044653105688
4.365296916511774E-6      -4.809175692286432E-6    -35.42780792336839
-4.424461959591343E-6     -4.709230260789028E-7    -5811.368514725553
-4.311812690611656E-6     -4.817972008549213E-7    -3326.17935971913
-4.199163421631969E-6     -4.926713756309397E-7    -842.0986173172091
-4.086514152652283E-6     -5.035455504069582E-7    1640.8737124802026
-4.3827442030313E-6       -3.7891325581832594E-7   -4998.366745904626
-4.2700949340516136E-6    -3.897874305943444E-7    -2505.4868528819934
-4.157445665071928E-6     -4.006616053703628E-7    -13.760376044323493
-4.341026446471259E-6     -2.86903485557749E-7     -4175.742607757566
-4.228377177491572E-6     -2.977776603337675E-7    -1678.2041401745737
-4.299308689911217E-6     -1.948937152971722E-7    -3349.3763410475585
-3.6522087946877042E-6    -2.1080322640987129E-7   12635.385668097399
-3.7160461007485213E-6    -3.136871714464666E-7    10727.329575531694
-3.779883406809338E-6     -4.1657111648306194E-7   8827.885502319645
-3.843720712870155E-6     -5.194550615196573E-7    6939.747812619184
-3.5859019299460794E-6    -3.187225077831472E-7    13489.421185705854
-3.6497392360068965E-6    -4.2160645281974257E-7   11584.223306949883
-3.7135765420677132E-6    -5.244903978563378E-7    9688.346768815023
-3.519595065204455E-6     -4.266417891564231E-7    14339.97727870608
-3.583432371265272E-6     -5.295257341930184E-7    12436.385244315246
-3.4532882004628302E-6    -5.345610705296991E-7    15183.863239119808
1.013718739773297E-6      -2.2007342711964955E-7   59314.3366178699
9.488431108074794E-7      -3.306749736717031E-7    57256.60928368874
8.839674818416616E-7      -4.4127652022375664E-7   55206.67487543993
8.190918528758439E-7      -5.518780667758102E-7    53161.79285732566
1.081528661059038E-6      -3.2954530768724553E-7   56086.091120178855
1.0166530320932205E-6     -4.401468542392991E-7    54038.92838596048
9.517774031274027E-7      -5.507484007913527E-7    51998.506570440775
1.149338582344779E-6      -4.390171882548415E-7    52871.124464659675
1.0844629533789612E-6     -5.49618734806895E-7     50835.165335238635
1.2171485036305201E-6     -5.484890688224375E-7    49671.769151719214
-2.9907003641169618E-6    -2.186971798069971E-7    28141.009997735193
-3.0569269257292675E-6    -3.2661646118027304E-7   25605.87560005061
-3.123153487341573E-6     -4.3453574255354893E-7   23082.156091361885
-3.1893800489538793E-6    -5.424550239268249E-7    20572.410435331283
-2.923162945022758E-6     -3.294750782407182E-7    28197.666028916046
-2.989389506635064E-6     -4.373943596139942E-7    25668.326717837088
-3.0556160682473695E-6    -5.453136409872701E-7    23151.002441110802
-2.8556255259285543E-6    -4.4025297667443933E-7   28254.19161520103
-2.9218520875408605E-6    -5.481722580477153E-7    25729.301260947926
-2.7880881068343506E-6    -5.510308751081605E-7    28307.306894842623
-2.3346102160743744E-6    -2.2163891564007596E-7   41850.63823587964
-2.3967997548840977E-6    -3.324168140737971E-7    38928.93779494723
-2.4589892936938213E-6    -4.4319471250751825E-7   36020.21256878259
-2.5211788325035445E-6    -5.539726109412394E-7    33124.56431967557
-2.263654461259801E-6     -3.324999328464308E-7    41141.993788544874
-2.3258440000695247E-6    -4.432778312801519E-7    38228.32180669093
-2.388033538879248E-6     -5.540557297138731E-7    35327.6473337114
-2.192698706445228E-6     -4.4336095005278564E-7   40436.42361400391
-2.2548882452549512E-6    -5.541388484865067E-7    37530.723227969895
-2.1217429516306546E-6    -5.542219672591405E-7    39733.79200245101
3.4329798076420164E-7     -2.2185097030506174E-7   64208.62206790264
2.7977218168262273E-7     -3.331003940580699E-7    61541.47055376631
2.1624638260104388E-7     -4.443498178110781E-7    58884.90517000281
1.52720583519465E-7       -5.555992415640863E-7    56237.27383952193
4.1319361145882783E-7     -3.324525168571153E-7    61066.865080580574
3.496678123772489E-7      -4.437019406101235E-7    58411.54468192466
2.861420132956701E-7      -5.549513643631317E-7    55766.22591350421
4.830892421534539E-7      -4.4305406340916886E-7   57938.16933411574
4.195634430718751E-7      -5.54303487162177E-7     55295.16375703492
5.529848728480802E-7      -5.536556099612224E-7    54824.08737011405
-1.6728996046568213E-6    -2.2200295568909013E-7   53095.153474661354
-1.7336956626924951E-6    -3.32863972895445E-7     49930.4992170153
-1.7944917207281692E-6    -4.437249901017998E-7    46779.46531484023
-1.8552877787638433E-6    -5.545860073081546E-7    43642.525854384185
-1.6003857834499803E-6    -3.3314489417182545E-7   51599.161237204375
-1.6611818414856543E-6    -4.4400591137818026E-7   48444.510583544106
-1.7219778995213284E-6    -5.548669285845351E-7    45303.59788378154
-1.5278719622431395E-6    -4.442868326545607E-7    50109.5374351286
-1.5886680202788138E-6    -5.551478498609155E-7    46964.65228767674
-1.455358141036299E-6     -5.55428771137296E-7     48625.68906606975
-1.0011605573600333E-6    -2.2252264377739402E-7   61004.9157372024
-1.0634133202281332E-6    -3.336645822601293E-7    57765.56937103514
-1.1256660830962333E-6    -4.4480652074286457E-7   54539.81102686378
-1.1879188459643334E-6    -5.559484592255999E-7    51328.15463738851
-9.292839043986825E-7     -3.339033490720527E-7    58774.78675858621
-9.915366672667826E-7     -4.4504528755478803E-7   55546.951324372734
-1.0537894301348828E-6    -5.561872260375232E-7    52332.854407897255
-8.574072514373319E-7     -4.4528405436671144E-7   56554.08263472299
-9.196600143054319E-7     -5.564259928494467E-7    53337.54558546154
-7.855305984759813E-7     -5.566647596613702E-7    54342.228170081355
-3.285772952712934E-7     -2.226301290476669E-7    64804.011680784424
-3.914719019703864E-7     -3.3401083434232563E-7   61734.37223540644
-4.5436650866947943E-7    -4.4539153963698436E-7   58677.29248423872
-5.172611153685725E-7     -5.567722449316431E-7    55632.450405433534
-2.5733183469242823E-7    -3.338795528006751E-7    62006.139962262685
-3.2022644139152135E-7    -4.452602580953338E-7    58948.647969109385
-3.831210480906143E-7     -5.566409633899925E-7    55903.61099487412
-1.860863741135632E-7     -4.4512897655368326E-7   59220.00440832894
-2.489809808126563E-7     -5.56509681848342E-7     56174.772492770644
-1.1484091353469817E-7    -5.563784003066914E-7    56445.93489912311
1.0389038066771454E-6     -1.0969906585630821E-6   40489.4204037299
1.1010898561181323E-6     -9.870644074180618E-7    41905.92919230838
1.1632759055591187E-6     -8.771381562730412E-7    43456.92024204763
1.2254619550001054E-6     -7.672119051280208E-7    45013.368435384036
1.287648004441092E-6      -6.572856539830004E-7    46575.273772317625
9.684043058665735E-7      -9.881940734025193E-7    43055.285409328724
1.03059035530756E-6       -8.782678222574987E-7    44554.85673369659
1.0927764047485466E-6     -7.683415711124783E-7    46255.32409212398
1.1549624541895333E-6     -6.584153199674578E-7    47961.73906493376
8.979048050560012E-7      -8.793974882419563E-7    45754.83222150127
9.600908544969879E-7      -7.694712370969359E-7    47411.98262201874
1.0222769039379745E-6     -6.595449859519154E-7    49120.91967385477
8.274053042454294E-7      -7.706009030813936E-7    48465.00431045093
8.895913536864158E-7      -6.60674651936373E-7     50280.04781796244
7.569058034348572E-7      -6.618043179208306E-7    51185.801676177725
1.3552966821008859E-6     -7.650130085275203E-7    43799.580016243155
1.293110632659899E-6      -8.749392596725406E-7    42387.28557434287
1.2309245832189123E-6     -9.84865510817561E-7     40979.95780525445
1.168738533777926E-6      -1.0947917619625815E-6   39573.67539902516
1.4229453597606793E-6     -8.727403630720402E-7    41261.290210689294
1.3607593103196928E-6     -9.826666142170606E-7    39856.61910697229
1.2985732608787062E-6     -1.092592865362081E-6    38455.37275077757
1.4905940374204731E-6     -9.804677176165602E-7    38733.17213677416
1.4284079879794865E-6     -1.0903939687615806E-6   37336.966221266855
1.5582427150802668E-6     -1.0881950721610802E-6   36218.45581049302
1.3871508510701146E-6     -1.6243830920704223E-6   29762.214229254576
1.4473361692923012E-6     -1.5167057087684539E-6   30697.884828521885
1.5075214875144875E-6     -1.409028325466485E-6    31729.64531812301
1.5677068057366741E-6     -1.3013509421645167E-6   32764.57048074512
1.6278921239588606E-6     -1.1936735588625482E-6   33802.66031638823
1.317501442191521E-6      -1.5189046053689545E-6   31796.076359482264
1.3776867604137072E-6     -1.4112272220669857E-6   32798.327781522785
1.4378720786358939E-6     -1.3035498387650171E-6   33935.91616828029
1.49805739685808E-6       -1.1958724554630488E-6   35077.03551660206
1.247852033312927E-6      -1.413426118667486E-6    33932.72665015135
1.3080373515351134E-6     -1.3057487353655175E-6   35047.23858109156
1.3682226697572998E-6     -1.1980713520635491E-6   36190.757845410255
1.178202624434333E-6      -1.307947631966018E-6    36077.39824462755
1.2383879426565195E-6     -1.2002702486640495E-6   37304.380683608055
1.1085532155557392E-6     -1.2024691452645501E-6   38230.091142910824
1.69543742969064E-6       -1.3010469946517403E-6   31637.008747964304
1.6352521114684533E-6     -1.4087243779537089E-6   30704.894262732374
1.5750667932462667E-6     -1.5164017612556772E-6   29775.578161978126
1.5148814750240804E-6     -1.624079144557646E-6    28848.68895907222
1.7629827354224192E-6     -1.4084204304409322E-6   29639.789279790428
1.7027974172002325E-6     -1.516097813742901E-6    28713.020548287903
1.6426120989780463E-6     -1.6237751970448692E-6   27788.888939550787
1.8305280411541984E-6     -1.5157938662301244E-6   27650.448531071277
1.770342722932012E-6      -1.623471249532093E-6    26729.07504094018
1.898073346885978E-6      -1.6231673020193165E-6   25669.247263240402
2.0809925857789626E-6     -1.7462510354029497E-6   22820.953472378027
2.1361812007179815E-6     -1.8696387162993593E-6   21172.146481145308
2.1913698156570004E-6     -1.993026397195769E-6    19530.3048062386
2.2465584305960194E-6     -2.1164140780921786E-6   17895.428447657927
2.3017470455350383E-6     -2.239801758988588E-6    16316.904636373638
2.2223597012991334E-6     -1.7519252591959157E-6   21380.0795585081
2.277548316238152E-6      -1.875312940092325E-6    19705.08159009347
2.3327369311771713E-6     -1.9987006209887345E-6   18037.027385656336
2.3879255461161902E-6     -2.1220883018851446E-6   16438.476879738326
2.3637268168193043E-6     -1.7575994829888815E-6   19859.691217974643
2.4189154317583228E-6     -1.880987163885291E-6    18188.65443995186
2.474104046697342E-6      -2.004374844781701E-6    16564.628259332447
2.5050939323394747E-6     -1.7632737067818472E-6   18339.652518941286
2.5602825472784936E-6     -1.886661387678257E-6    16689.885384957903
2.646461047859646E-6      -1.7689479305748134E-6   16814.24825661467
2.7768764030663092E-6     -2.2070114289730157E-6   12681.695038641325
2.7442725642646433E-6     -2.097495554373465E-6    13707.906983053452
2.7116687254629774E-6     -1.9879796797739145E-6   14737.548762624396
2.6790648866613114E-6     -1.8784638051743638E-6   15771.090785547
2.6580940636834914E-6     -2.2152090114769085E-6   13607.239005214293
2.6254902248818255E-6     -2.105693136877358E-6    14639.322954738218
2.5928863860801595E-6     -1.9961772622778077E-6   15671.308274996009
2.5393117243006736E-6     -2.2234065939808017E-6   14532.422730151713
2.5067078854990076E-6     -2.1138907193812513E-6   15570.366231813709
2.4205293849178557E-6     -2.231604176484695E-6    15457.246213453589
2.7526479293024914E-6     -2.2989848837551475E-6   12309.17977501305
2.6338655899196735E-6     -2.3071824662590407E-6   13229.269252870145
2.5150832505368557E-6     -2.3153800487629335E-6   14149.010942065419
2.3963009111540387E-6     -2.323577631266827E-6    14954.99692597054
2.728419455538674E-6      -2.390958338537279E-6    11937.695843388596
2.609637116155856E-6      -2.3991559210411725E-6   12855.859296954772
2.4908547767730383E-6     -2.4073535035450653E-6   13713.009786195576
2.704190981774856E-6      -2.482931793319411E-6    11566.772835575102
2.5854086423920387E-6     -2.4911293758233043E-6   12475.000357947623
2.679962508011039E-6      -2.5749052481015432E-6   11240.968641226678
1.695961466270719E-6      -2.0569074762996313E-6   22378.26142270293
1.761929967184564E-6      -1.9700986519410132E-6   22727.87496731477
1.827898468098409E-6      -1.8832898275823947E-6   23167.12025044835
1.8938669690122537E-6     -1.7964810032237767E-6   23606.940288828868
1.9598354699260985E-6     -1.7096721788651582E-6   24047.335082456324
1.6341993432305982E-6     -1.97040259945379E-6     23816.344427503507
1.700167844144443E-6      -1.8835937750951714E-6   24246.92269506766
1.7661363450582877E-6     -1.7967849507365529E-6   24720.354043412284
1.8321048459721328E-6     -1.7099761263779346E-6   25194.54915328101
1.5724372201904773E-6     -1.8838977226079478E-6   25279.507796687063
1.638405721104322E-6      -1.7970888982493293E-6   25776.159070740803
1.704374222018167E-6      -1.7102800738907112E-6   26252.259918899446
1.5106750971503564E-6     -1.7973928457621057E-6   26747.121623201958
1.5766435980642011E-6     -1.7105840214034875E-6   27309.957329865858
1.4489129741102355E-6     -1.710887968916264E-6    28219.18590704824
1.817118582123583E-6      -2.093486332837423E-6    21111.71275851226
1.938275697976447E-6      -2.1300651893752144E-6   19913.455745038198
2.0594328138293105E-6     -2.1666440459130055E-6   18717.018899578605
2.180589929682174E-6      -2.203222902450797E-6    17522.402222133485
1.8830870830374277E-6     -2.0066775084788044E-6   21523.784564731315
2.0042441988902916E-6     -2.0432563650165955E-6   20315.976143627056
2.1254013147431553E-6     -2.079835221554387E-6    19110.07646847031
1.9490555839512727E-6     -1.9198686841201863E-6   21929.167095589266
2.0702126998041363E-6     -1.9564475406579774E-6   20719.01248760638
2.0150240848651174E-6     -1.8330598597615678E-6   22334.935375416953
2.31302248473394E-6       -2.8443157062048046E-6   11825.670036589163
2.40532126251316E-6       -2.8071887890398003E-6   11565.666532172236
2.4976200402923796E-6     -2.7700618718747955E-6   11219.497908493324
2.5899188180715995E-6     -2.732934954709791E-6    10872.471904911179
2.682217595850819E-6      -2.695808037544786E-6    10524.588521425805
2.31076739689416E-6       -2.7234129167615613E-6   12753.316504463211
2.4030661746733796E-6     -2.6862859995965566E-6   12401.494115974565
2.495364952452599E-6      -2.649159082431552E-6    12030.368726373139
2.587663730231819E-6      -2.612032165266547E-6    11658.379531341881
2.308512309054379E-6      -2.602510127318318E-6    13631.683389948823
2.4008110868335987E-6     -2.5653832101533133E-6   13212.05776416205
2.4931098646128187E-6     -2.528256292988309E-6    12839.956010318383
2.306257221214599E-6      -2.4816073378750747E-6   14513.007820182582
2.3985559989938187E-6     -2.44448042071007E-6     14025.422728617923
2.3040021333748187E-6     -2.3607045484318315E-6   15397.289795164517
2.772240891285777E-6      -2.7859362967691926E-6   9476.189070309349
2.6799421135065576E-6     -2.8230632139341973E-6   9876.306880130493
2.5876433357273372E-6     -2.8601901310992016E-6   10199.023260396092
2.4953445579481177E-6     -2.8973170482642063E-6   10520.888686285063
2.403045780168898E-6      -2.934443965429211E-6    10811.916035095906
2.7699654089415157E-6     -2.9131914731586033E-6   8857.48851663247
2.6776666311622953E-6     -2.9503183903236076E-6   9186.081004591517
2.5853678533830757E-6     -2.9874453074886123E-6   9507.623634370824
2.493069075603856E-6      -3.024572224653617E-6    9843.842108412355
2.767689926597254E-6      -3.040446649548014E-6    8240.588940176503
2.6753911488180334E-6     -3.0775735667130184E-6   8497.806124546285
2.583092371038814E-6      -3.114700483878023E-6    8879.135797907791
2.765414444252992E-6      -3.1677018259374244E-6   7625.490340941455
2.6731156664737724E-6     -3.204828743102429E-6    7917.797103582241
2.76313896190873E-6       -3.294957002326835E-6    7038.049177574545
3.135318123802397E-6      -3.012976331611003E-6    6209.752686411808
3.0445488156732417E-6     -2.95621632290055E-6     6987.774981977699
2.953779507544087E-6      -2.899456314190097E-6    7789.7369901880975
2.863010199414932E-6      -2.842696305479645E-6    8593.691527905663
3.04227333332898E-6       -3.083471499289961E-6    6439.033228504723
2.951504025199825E-6      -3.026711490579508E-6    7246.591614433059
2.8607347170706705E-6     -2.969951481869056E-6    8047.944348877621
2.9492285428555635E-6     -3.153966666968919E-6    6666.731925953349
2.8584592347264086E-6     -3.097206658258466E-6    7503.848128797643
2.8561837523821468E-6     -3.2244618346478773E-6   6892.848778757675
3.1751294644466973E-6     -3.109685944966257E-6    5713.592246496237
3.0820846739732805E-6     -3.180181112645215E-6    5912.27493713474
2.989039883499864E-6      -3.250676280324173E-6    6109.354056575445
2.8959950930264475E-6     -3.3211714480031317E-6   6293.014911789941
3.2149408050909976E-6     -3.2063955583215114E-6   5197.261051269272
3.121896014617581E-6      -3.2768907260004696E-6   5395.491254581649
3.0288512241441646E-6     -3.347385893679428E-6    5585.045438342318
3.2547521457352984E-6     -3.3031051716767653E-6   4682.706283868258
3.1617073552618817E-6     -3.373600339355724E-6    4878.124325017773
3.294563486379599E-6      -3.39981478503202E-6     4172.251571816314
3.3590081527993677E-6     -3.528282717184484E-6    3479.0911515455227
3.2261520216816502E-6     -3.5020682715081877E-6   4155.225804468916
3.0932958905639327E-6     -3.475853825831891E-6    4854.602987947272
2.9604397594462157E-6     -3.449639380155595E-6    5554.99906039138
2.8275836283284986E-6     -3.4234249344792992E-6   6262.838788959361
3.290596688101419E-6      -3.6305362036606513E-6   3454.1951087023035
3.1577405569837013E-6     -3.6043217579843543E-6   4134.511965641391
3.0248844258659842E-6     -3.578107312308059E-6    4832.076881756484
2.892028294748267E-6      -3.551892866631763E-6    5535.531517968986
3.2221852234034703E-6     -3.7327896901368184E-6   3427.8599008195924
3.089329092285753E-6      -3.7065752444605223E-6   4112.4336828568485
2.9564729611680353E-6     -3.680360798784226E-6    4811.504662841184
3.153773758705521E-6      -3.835043176612986E-6    3400.085527897374
3.020917627587804E-6      -3.8088287309366902E-6   4090.758223575953
3.0853622940075724E-6     -3.9372966630891534E-6   3368.296279987246
3.417811256770456E-6      -3.6412228968190055E-6   3064.5167840375834
3.3493997920725066E-6     -3.7434763832951726E-6   3033.7830111980984
3.280988327374558E-6      -3.8457298697713405E-6   3001.535352236642
3.2125768626766096E-6     -3.947983356247508E-6    2968.1575858015694
3.4766143607415438E-6     -3.7541630764535267E-6   2629.9118800526885
3.4082028960435953E-6     -3.856416562929695E-6    2599.3348485958886
3.3397914313456467E-6     -3.958670049405863E-6    2567.7303786620146
3.5354174647126324E-6     -3.867103256088049E-6    2197.5000811800383
3.467006000014684E-6      -3.969356742564217E-6    2167.661873524469
3.594220568683721E-6      -3.980043435722571E-6    1767.952070388946
3.662709585481114E-6      -4.088812083093637E-6    1339.6995592946223
3.5354950168120767E-6     -4.078125389935283E-6    1735.2407373846531
3.4082804481430387E-6     -4.067438696776928E-6    2133.317390588397
3.2810658794740024E-6     -4.056752003618574E-6    2531.745711571268
3.1538513108049652E-6     -4.046065310460221E-6    2926.0234799270183
3.603984033609469E-6      -4.18689403730635E-6     1308.3533425297146
3.4767694649404315E-6     -4.176207344147996E-6    1700.587656335595
3.349554896271395E-6      -4.165520650989641E-6    2097.11976015831
3.2223403276023576E-6     -4.154833957831287E-6    2493.3480261512777
3.5452584817378244E-6     -4.284975991519062E-6    1275.6976701808126
3.418043913068787E-6      -4.274289298360707E-6    1664.6635102110622
3.29082934439975E-6       -4.263602605202354E-6    2062.8328147490824
3.48653292986618E-6       -4.3830579457317745E-6   1241.7325422478907
3.359318361197143E-6      -4.37237125257342E-6     1634.4778457204538
3.7284459525362155E-6     -4.189651309719366E-6    1117.8637533787896
3.6697204006645703E-6     -4.287733263932077E-6    1088.4397451628192
3.610994848792926E-6      -4.3858152181447905E-6   1057.6678908543208
3.5522692969212816E-6     -4.483897172357503E-6    1025.7620184801604
3.7941823195913166E-6     -4.290490536345093E-6    895.59760961764
3.7354567677196723E-6     -4.388572490557806E-6    866.3334950474764
3.676731215848028E-6      -4.486654444770518E-6    835.8221193659663
3.859918686646419E-6      -4.391329762970821E-6    675.0849353457561
3.8011931347747743E-6     -4.489411717183533E-6    645.9672515784281
3.925655053701521E-6      -4.492168989596549E-6    456.19741511755285
3.876266907992755E-6      -4.5931837371946356E-6   422.59660793449575
3.7518049890660084E-6     -4.59042646478162E-6     610.9545606388259
3.627343070139262E-6      -4.587669192368604E-6    799.3967398913533
3.826878762283989E-6      -4.694198484792722E-6    387.9433389124911
3.7024168433572426E-6     -4.691441212379707E-6    574.7745552576544
3.777490616575223E-6      -4.795213232390809E-6    352.109292605944
-4.506557491021679E-6     -5.834538233998099E-7    -7564.931357480387
-4.599135245307473E-6     -6.343011959963749E-7    -9230.557757937044
-4.691712999593267E-6     -6.851485685929399E-7    -10814.20370677167
-4.784290753879061E-6     -7.359959411895049E-7    -12394.207241366123
-4.476003753472329E-6     -7.068587954967355E-7    -6637.022530697199
-4.568581507758123E-6     -7.577061680933005E-7    -8169.982655253934
-4.661159262043917E-6     -8.085535406898656E-7    -9750.08336165482
-4.445450015922979E-6     -8.30263767593661E-7     -5712.900523466855
-4.5380277702087734E-6    -8.81111140190226E-7     -7113.653630555111
-4.414896278373629E-6     -9.536687396905867E-7    -4792.5653357893825
-4.3939082220419925E-6    -5.943279981758284E-7    -5009.553547508291
-4.363354484492643E-6     -7.177329702727539E-7    -4216.946382175616
-4.3328007469432925E-6    -8.411379423696795E-7    -3427.666777964346
-4.302247009393943E-6     -9.645429144666051E-7    -2524.843187755714
-4.281258953062306E-6     -6.052021729518468E-7    -2533.5771839420604
-4.250705215512956E-6     -7.286071450487725E-7    -1747.1506465937218
-4.220151477963607E-6     -8.52012117145698E-7     -896.8799563231914
-4.16860968408262E-6      -6.160763477278653E-7    -58.6642293998666
-4.138055946533269E-6     -7.394813198247909E-7    739.1778413937354
-4.055960415102933E-6     -6.269505225038838E-7    2383.3302053950483
-3.907600875356668E-6     -6.307096916363554E-7    4997.938359210924
-3.9896964067870046E-6    -7.432404889572625E-7    3318.112675074117
-4.071791938217341E-6     -8.557712862781695E-7    1725.518128919306
-4.153887469647678E-6     -9.683020835990767E-7    141.14242951007327
-4.235983001078015E-6     -1.0808328809199838E-6   -1435.6943009680144
-3.84133686704074E-6      -7.469996580897341E-7    5917.012793244401
-3.923432398471076E-6     -8.595304554106412E-7    4280.326957086218
-4.005527929901413E-6     -9.720612527315483E-7    2689.8389566251135
-4.0876234613317505E-6    -1.0845920500524554E-6   1106.6005855978576
-3.775072858724812E-6     -8.632896245431128E-7    6832.066386210512
-3.8571683901551485E-6    -9.758204218640197E-7    5238.117940708129
-3.939263921585486E-6     -1.088351219184927E-6    3648.4940054022827
-3.708808850408884E-6     -9.795795909964915E-7    7743.0991381092645
-3.790904381839221E-6     -1.0921103883173986E-6   6189.9859584452415
-3.642544842092956E-6     -1.0958695574498702E-6   8687.011376517987
-3.387024192146902E-6     -6.508510369830778E-7    15966.94668012525
-3.5171683629493437E-6    -6.458157006463971E-7    13297.950082784506
-3.647312533751785E-6     -6.407803643097165E-7    10558.154067189385
-3.7774567045542267E-6    -6.35745027973036E-7     7817.820923077008
-3.4509043546334157E-6    -7.621056670997758E-7    14128.876737059552
-3.581048525435857E-6     -7.570703307630952E-7    11423.633660551804
-3.7111926962382987E-6    -7.520349944264147E-7    8689.58128563248
-3.514784517119929E-6     -8.733602972164739E-7    12299.293915478009
-3.6449286879223706E-6    -8.683249608797934E-7    9557.723264443423
-3.5786646796064426E-6    -9.84614927333172E-7     10478.198215380644
-3.507677804377366E-6     -1.0998705393113903E-6   10903.496004874542
-3.3728107666617763E-6    -1.1038715211729104E-6   13038.714422007328
-3.2379437289461864E-6    -1.1078725030344303E-6   15173.577679551661
-3.1030766912305965E-6    -1.1118734848959504E-6   17308.085777507542
-2.9682096535150066E-6    -1.1158744667574705E-6   19365.041545147946
-3.4437976418908527E-6    -9.886159091946922E-7    12676.49969511669
-3.3089306041752624E-6    -9.926168910562123E-7    14818.478893820979
-3.1740635664596725E-6    -9.966178729177322E-7    16960.087167364276
-3.039196528744083E-6     -1.0006188547792525E-6   19013.066328639674
-3.379917479404339E-6     -8.773612790779939E-7    14460.446144696638
-3.2450504416887494E-6    -8.813622609395142E-7    16607.42840344594
-3.1101834039731595E-6    -8.853632428010342E-7    18724.262885766955
-3.3160373169178258E-6    -7.661066489612959E-7    16252.960811120538
-3.181170279202236E-6     -7.70107630822816E-7     18434.099683302848
-3.2521571544313123E-6    -6.548520188445979E-7    18142.576721247315
-2.717101231605274E-6     -6.662864870863786E-7    28388.703783296907
-2.8508652123117836E-6    -6.634278700259335E-7    25944.002718292075
-2.984629193018293E-6     -6.605692529654882E-7    23373.319037670382
-3.1183931737248025E-6    -6.577106359050431E-7    20802.354714275083
-2.7798783370827076E-6    -7.786834820041516E-7    26104.941656075905
-2.9136423177892166E-6    -7.758248649437064E-7    23594.124798097328
-3.0474062984957265E-6    -7.729662478832613E-7    21028.82933878088
-2.84265544256014E-6      -8.910804769219246E-7    23831.297744455896
-2.97641942326665E-6      -8.882218598614793E-7    21254.393272510857
-2.9054325480375736E-6    -1.0034774718396976E-6   21567.77204843698
3.8083127457770253E-7     -1.1084710087156947E-6   43590.1065425357
4.4194628018701907E-7     -9.973783535246093E-7    45532.13467025646
5.030612857963357E-7      -8.862856983335239E-7    47621.02942727999
5.641762914056521E-7      -7.751930431424386E-7    49717.761049700544
6.252912970149686E-7      -6.641003879513532E-7    51822.32953751816
3.0852485041081403E-7     -9.980262307255638E-7    45997.25206108249
3.696398560201305E-7      -8.869335755344785E-7    48028.68959361247
4.3075486162944704E-7     -7.758409203433931E-7    50286.00977548301
4.918698672387636E-7      -6.647482651523078E-7    52551.65988151878
2.362184262439255E-7      -8.875814527354331E-7    48551.493550189385
2.97333431853242E-7       -7.764887975443476E-7    50753.73368864859
3.584484374625586E-7      -6.653961423532624E-7    53020.525613806494
1.63912002077037E-7       -7.771366747453024E-7    51115.91790935971
2.2502700768635352E-7     -6.66044019554217E-7     53489.377744921614
9.160557791014845E-8      -6.666918967551716E-7    53690.52513859348
6.957907978255407E-7      -7.72896973111916E-7     48989.36780044045
6.346757922162241E-7      -8.839896283030014E-7    47053.599552411164
5.735607866069076E-7      -9.950822834940868E-7    45125.17511101069
5.124457809975912E-7      -1.1061749386851722E-6   43199.58066401284
7.662902986361128E-7      -8.81693558272479E-7     46427.16831983582
7.051752930267962E-7      -9.927862134635643E-7    44500.26051249878
6.440602874174797E-7      -1.1038788686546497E-6   42579.0455099823
8.367897994466848E-7      -9.904901434330418E-7    43875.28008516378
7.756747938373683E-7      -1.1015827986241272E-6   41958.44711130703
9.07289300257257E-7       -1.0992867285936046E-6   41337.78546798704
-2.2938597852087478E-6    -1.1066425017369939E-6   29000.94671573267
-2.23280735976827E-6      -9.9617501859595E-7      31454.02650253799
-2.171754934327792E-6     -8.85707535454906E-7     33989.08133827793
-2.1107025088873138E-6    -7.75240052313862E-7     36534.860703321094
-2.049650083446836E-6     -6.647725691728181E-7    39091.3645976675
-2.3659526533925667E-6    -9.960918998233163E-7    29264.40497613578
-2.3049002279520886E-6    -8.856244166822722E-7    31774.58652530741
-2.2438478025116104E-6    -7.751569335412283E-7    34416.73725580521
-2.1827953770711323E-6    -6.646894504001843E-7    37069.76051158446
-2.4380455215763852E-6    -8.855412979096385E-7    29622.155413064804
-2.376993096135907E-6     -7.750738147685946E-7    32222.78846996161
-2.315940670695429E-6     -6.646063316275507E-7    34871.29115469577
-2.5101383897602037E-6    -7.749906959959609E-7    29981.255203280394
-2.4490859643197256E-6    -6.64523212854917E-7     32672.814988847575
-2.5822312579440223E-6    -6.644400940822832E-7    30341.70434678257
-2.6450083634214557E-6    -7.768370890000563E-7    27992.13503759387
-2.7077854688988883E-6    -8.892340839178292E-7    25785.283432256347
-2.7705625743763217E-6    -1.0016310788356022E-6   23588.52186351258
-2.833339679853755E-6     -1.1140280737533754E-6   21400.557270527795
-2.5729154952376367E-6    -8.873876909137338E-7    27722.142397075455
-2.6356926007150697E-6    -9.99784685831507E-7     25520.69729934247
-2.698469706192503E-6     -1.1121816807492798E-6   23329.14712434749
-2.500822627053818E-6     -9.979382928274114E-7    27453.023888898402
-2.5635997325312512E-6    -1.1103352877451844E-6   25257.882040868553
-2.4287297588699997E-6    -1.1084888947410892E-6   27186.762020090995
-1.6245937051456912E-6    -1.106187836115862E-6    36592.99293206261
-1.5640846164753099E-6    -9.96092207375425E-7     39157.93247922612
-1.5035755278049284E-6    -8.859965786349877E-7    41834.909710944456
-1.443066439134547E-6     -7.759009498945507E-7    44522.814567008536
-1.3825573504641654E-6    -6.658053211541135E-7    47221.64704741837
-1.6973944957178247E-6    -9.958112860990445E-7    37510.083977487244
-1.6368854070474432E-6    -8.857156573586073E-7    40147.42284261304
-1.5763763183770615E-6    -7.756200286181701E-7    42962.11972450066
-1.5158672297066802E-6    -6.65524399877733E-7     45788.01079819811
-1.770195286289958E-6     -8.854347360822268E-7    38546.76366404842
-1.7096861976195764E-6    -7.753391073417898E-7    41308.00664165977
-1.649177108949195E-6     -6.652434786013527E-7    44130.613319874676
-1.8429960768620912E-6    -7.750581860654093E-7    39587.54407966969
-1.7824869881917097E-6    -6.649625573249721E-7    42473.199007666095
-1.9157968674342248E-6    -6.646816360485917E-7    40632.42522435111
-1.9768492928747025E-6    -7.751491191896357E-7    37990.123931047594
-2.03790171831518E-6      -8.856166023306796E-7    35541.74180829039
-2.0989541437556583E-6    -9.960840854717235E-7    33103.936218858114
-2.1600065691961365E-6    -1.1065515686127676E-6   30676.603581441203
-1.9040485023025694E-6    -8.855256692064532E-7    37069.33461743463
-1.965100927743047E-6     -9.959931523474972E-7    34628.03433378858
-2.026153353183525E-6     -1.106460635488541E-6    32197.286406171454
-1.8312477117304358E-6    -9.959022192232709E-7    36152.13819498227
-1.892300137170914E-6     -1.1063697023643147E-6   33717.9747421778
-1.7584469211583027E-6    -1.1062787692400886E-6   35238.66858946024
-2.857335585455318E-7     -1.1117768423434712E-6   44052.75468594377
-2.2472701608777342E-7    -1.000670897627785E-6    46368.17248415992
-1.6372047363001507E-7    -8.89564952912099E-7     48832.11479788498
-1.0271393117225674E-7    -7.78459008196413E-7     51305.62409413376
-4.170738871449837E-8     -6.673530634807269E-7    53788.7003729063
-3.5886708336573156E-7    -1.0008021791694356E-6   46100.7072662202
-2.978605409079732E-7     -8.896962344537495E-7    48508.15002228001
-2.3685399845021485E-7    -7.785902897380635E-7    51144.1683659415
-1.758474559924565E-7     -6.674843450223775E-7    53790.20661826911
-4.320006081859313E-7     -8.898275159954001E-7    48297.59946667653
-3.7099406572817293E-7    -7.787215712797141E-7    50873.53054678391
-3.0998752327041463E-7    -6.67615626564028E-7     53519.197878129395
-5.05134133006131E-7      -7.788528528213646E-7    50503.28424117593
-4.4412759054837266E-7    -6.677469081056786E-7    53248.19000055245
-5.782676578263309E-7     -6.678781896473291E-7    52717.76158971837
3.059903545239013E-8      -7.777978414708577E-7    51103.41859241624
-3.040750700536822E-8     -8.889037861865437E-7    48793.11723889109
-9.141404946312653E-8     -1.0000097309022297E-6   46491.92994174723
-1.5242059192088491E-7    -1.1111156756179159E-6   44198.56020278254
1.0290545961927866E-7     -8.882426194609885E-7    48700.41843888151
4.18989171615203E-8       -9.993485641766744E-7    46399.55911606646
-1.9107625296238025E-8    -1.1104545088923606E-6   44107.37148482006
1.7521188378616714E-7     -9.986873974511191E-7    46307.18406423662
1.142053413284088E-7      -1.1097933421668053E-6   44016.17866299444
2.4751830795305567E-7     -1.10913217544125E-6     43924.98173730567
-9.555653020374566E-7     -1.1097647125702186E-6   41696.885011289276
-8.947324781592715E-7     -9.991924753508337E-7    44222.80817597822
-8.338996542810862E-7     -8.886202381314486E-7    46884.624167272836
-7.73066830402901E-7      -7.780480009120636E-7    49557.03450390507
-7.122340065247158E-7     -6.674757636926786E-7    52240.03918587495
-1.0288618939887222E-6    -9.989537085389102E-7    43228.22506234661
-9.68029070110537E-7      -8.883814713195251E-7    45839.85246591543
-9.071962462323516E-7     -7.778092341001401E-7    48662.818292400414
-8.463634223541664E-7     -6.672369968807551E-7    51496.75179527853
-1.1021584859399875E-6    -8.881427045076018E-7    44898.8351728571
-1.0413256620618023E-6    -7.775704672882166E-7    47662.27148189774
-9.80492838183617E-7      -6.669982300688317E-7    50494.318421982185
-1.1754550778912532E-6    -7.773317004762934E-7    46576.115802513574
-1.114622254013068E-6     -6.667594632569082E-7    49491.87684995543
-1.2487516698425186E-6    -6.665206964449848E-7    48260.06695131604
-1.3092607585129001E-6    -7.76616325185422E-7     45459.97891621504
-1.3697698471832814E-6    -8.867119539258591E-7    42899.91206587803
-1.430278935853663E-6     -9.968075826662961E-7    40350.50627242263
-1.4907880245240444E-6    -1.1069032114067334E-6   37812.84863278204
-1.2359641665616344E-6    -8.874273292167304E-7    43928.20986644643
-1.296473255232016E-6     -9.975229579571675E-7    41376.56565741201
-1.3569823439023975E-6    -1.1076185866976046E-6   38835.884492310615
-1.162667574610369E-6     -9.982383332480388E-7    42402.5955028943
-1.2231766632807505E-6    -1.108333961988476E-6    39858.892063039835
-1.0893709826591035E-6    -1.1090493372793473E-6   40881.87134496968
-6.391004817045159E-7     -7.784504268667141E-7    49927.19703714634
-6.999333055827011E-7     -8.89022664086099E-7     47406.27489467644
-7.607661294608863E-7     -9.99594901305484E-7     44895.573766488604
-8.215989533390716E-7     -1.1101671385248692E-6   42395.81989182545
-5.659669568843162E-7     -8.894250900407496E-7    47881.79889120877
-6.267997807625015E-7     -9.999973272601347E-7    45370.14390453686
-6.876326046406867E-7     -1.1105695644795197E-6   42868.936861631446
-4.928334320641165E-7     -1.0003997532147852E-6   45844.706964092526
-5.536662559423017E-7     -1.11097199043417E-6     43342.04707599227
-4.1969990724391676E-7    -1.1113744163888207E-6   43815.15053490791
9.809259805841055E-7      -1.2094666998709697E-6   38852.76077330228
8.493114741642167E-7      -1.211762769901492E-6    39661.08731077682
7.17696967744328E-7       -1.2140588399320145E-6   40277.45508676024
5.860824613244395E-7      -1.216354909962537E-6    40893.76220227721
4.54467954904551E-7       -1.2186509799930598E-6   41306.9387718982
9.229481544910651E-7      -1.3219427411788569E-6   37300.96708547995
7.913336480711764E-7      -1.3242388112093796E-6   37986.173209641674
6.59719141651288E-7       -1.3265348812399019E-6   38601.115097063084
5.281046352313995E-7      -1.3288309512704246E-6   39136.765867095084
8.649703283980251E-7      -1.4344187824867444E-6   35754.642107779844
7.333558219781365E-7      -1.436714852517267E-6    36317.125536144194
6.017413155582479E-7      -1.4390109225477895E-6   36974.94342681407
8.069925023049849E-7      -1.5468948237946318E-6   34213.78584020205
6.753779958850964E-7      -1.5491908938251545E-6   34821.47145105518
7.490146762119448E-7      -1.6593708651025194E-6   32778.53317549625
1.050575389462699E-6      -1.3149451865724377E-6   36613.65061000519
9.92597563369659E-7       -1.427421227880325E-6    35190.09395799111
9.346197372766189E-7      -1.5398972691882124E-6   33771.60829858383
8.766419111835788E-7      -1.6523733104961E-6      32347.474788731728
1.120224798341293E-6      -1.4204236732739057E-6   34574.249852399174
1.062246972248253E-6      -1.5328997145817933E-6   33157.235711442525
1.0042691461552128E-6     -1.6453757558896806E-6   31741.312499618263
1.1898742072198867E-6     -1.5259021599753737E-6   32542.660399459528
1.1318963811268466E-6     -1.638378201283261E-6    31134.95477639116
1.2595236160984808E-6     -1.6313806466768418E-6   30528.40161905047
1.335210423661925E-6      -1.744142845248021E-6    28471.01955985647
1.207583188690291E-6      -1.7511403998544402E-6   29197.59760288571
1.0799559537186569E-6     -1.7581379544608596E-6   29795.91918891199
9.523287187470231E-7      -1.765135509067279E-6    30394.052631552673
8.247014837753892E-7      -1.7721330636736986E-6   30840.155744245905
1.2832699962537354E-6     -1.8639025984256194E-6   27235.514905071723
1.1556427612821014E-6     -1.8709001530320388E-6   27861.784958590844
1.0280155263104674E-6     -1.8778977076384584E-6   28458.628334335976
9.003882913388336E-7      -1.8848952622448778E-6   29000.972511441876
1.2313295688455458E-6     -1.983662351603218E-6    26004.20625128484
1.1037023338739119E-6     -1.990659906209637E-6    26530.48305402998
9.760750989022779E-7      -1.9976574608160567E-6   27168.825952387484
1.1793891414373561E-6     -2.1034221047808168E-6   24777.093598495812
1.0517619064657223E-6     -2.110419659387236E-6    25343.716067082736
1.1274487140291666E-6     -2.223181857958415E-6    23610.484148566564
1.5822589158224087E-6     -2.0901623526313882E-6   22754.717872120815
1.5204967927822878E-6     -2.0036574757855464E-6   24130.853354977597
1.4587346697421667E-6     -1.9171525989397045E-6   25530.54695418731
1.3969725467020458E-6     -1.8306477220938625E-6   26934.57958460779
1.468556365374098E-6      -2.123417228963145E-6    23001.1071437925
1.406794242333977E-6      -2.036912352117303E-6    24402.682667649693
1.3450321192938562E-6     -1.9504074752714615E-6   25802.310003561128
1.3548538149257876E-6     -2.1566721052949017E-6   23246.90637385159
1.2930916918856665E-6     -2.07016722844906E-6     24673.921684776127
1.241151264477477E-6      -2.1899269816266586E-6   23492.1155622981
1.6939428531849627E-6     -2.1851173819648873E-6   21162.563765962434
1.6919242400992063E-6     -2.313327287630143E-6    19904.788397962548
1.6899056270134497E-6     -2.4415371932953985E-6   18651.6165555982
1.6878870139276933E-6     -2.5697470989606545E-6   17403.04823886944
1.685868400841937E-6      -2.69795700462591E-6     16213.864842813515
1.8150999690378264E-6     -2.221696238502679E-6    19919.275317991618
1.8130813559520698E-6     -2.349906144167934E-6    18738.3186836582
1.8110627428663134E-6     -2.47811604983319E-6     17561.76783118114
1.8090441297805572E-6     -2.606325955498446E-6    16343.777778366484
1.93625708489069E-6       -2.2582750950404696E-6   18731.88665545889
1.9342384718049337E-6     -2.3864850007057256E-6   17554.59315131523
1.9322198587191773E-6     -2.5146949063709816E-6   16370.43584194571
2.057414200743554E-6      -2.294853951578261E-6    17546.229583007575
2.0553955876577978E-6     -2.423063857243517E-6    16395.788490585514
2.1785713165964183E-6     -2.3314328081160527E-6   16419.835724285906
1.580240302736652E-6      -2.218372258296644E-6    21437.69046375476
1.4665377522883415E-6     -2.2516271346284003E-6   21658.05917851089
1.352835201840031E-6      -2.2848820109601573E-6   21877.838105587492
1.2391326513917206E-6     -2.318136887291914E-6    22021.005308290856
1.5782216896508955E-6     -2.3465821639618994E-6   20106.24523966129
1.464519139202585E-6      -2.3798370402936563E-6   20326.099701800555
1.3508165887542747E-6     -2.4130919166254133E-6   20535.91699155388
1.576203076565139E-6      -2.4747920696271554E-6   18779.60128498256
1.4625005261168287E-6     -2.5080469459589123E-6   19055.847708574187
1.574184463479383E-6      -2.6030019752924114E-6   17580.797459351794
2.1875916679555395E-6     -2.8150439658890257E-6   12683.60401820061
2.185336580115759E-6      -2.694141176445782E-6    13623.829005006413
2.1830814922759787E-6     -2.5732383870025388E-6   14571.894679421064
2.1808264044361983E-6     -2.4523355975592955E-6   15523.074127063632
2.0621608511771386E-6     -2.7857722255732465E-6   13569.054938471
2.059905763337358E-6      -2.6648694361300032E-6   14513.988818313836
2.057650675497578E-6      -2.54396664668676E-6     15464.926408601646
1.936730034398738E-6      -2.756500485257468E-6    14455.661772333202
1.9344749465589577E-6     -2.6355976958142244E-6   15405.356748702534
1.8112992176203374E-6     -2.727228744941689E-6    15343.424519787222
2.2583863161379437E-6     -2.9414888939044253E-6   11374.30777671805
2.132955499359543E-6      -2.912217153588646E-6    12274.479661842031
2.007524682581142E-6      -2.882945413272867E-6    13156.220231894782
1.8820938658027412E-6     -2.8536736729570885E-6   14039.064512049883
1.756663049024341E-6      -2.8244019326413096E-6   14862.809930476516
2.2037501475419466E-6     -3.0386620816040457E-6   10991.93848163552
2.0783193307635457E-6     -3.0093903412882664E-6   11860.90315393877
1.9528885139851456E-6     -2.980118600972488E-6    12740.770350937775
1.8274576972067447E-6     -2.950846860656709E-6    13599.429986807132
2.14911397894595E-6       -3.135835269303666E-6    10609.69076854405
2.023683162167549E-6      -3.1065635289878868E-6   11447.601408871771
1.8982523453891485E-6     -3.0772917886721084E-6   12341.085206714963
2.094477810349953E-6      -3.2330084570032868E-6   10227.564637443631
1.9690469935715527E-6     -3.203736716687508E-6    11087.775590199984
2.0398416417539564E-6     -3.330181644702907E-6    9876.177237010283
2.3484096115729014E-6     -3.0316171531288314E-6   10430.682739201047
2.2937734429769042E-6     -3.1287903408284517E-6   10079.404967153547
2.2391372743809075E-6     -3.225963528528072E-6    9728.095596251898
2.1845011057849112E-6     -3.3231367162276932E-6   9374.393840233526
2.438432907007859E-6      -3.1217454123532374E-6   9509.8804171259
2.3837967384118628E-6     -3.2189186000528577E-6   9160.360328346449
2.3291605698158656E-6     -3.316091787752478E-6    8810.735925235547
2.528456202442817E-6      -3.2118736715776434E-6   8592.365785319033
2.4738200338468204E-6     -3.309046859277264E-6    8246.824871807452
2.6184794978777752E-6     -3.30200193080205E-6     7682.660679949231
2.414829254702552E-6      -3.902459442902144E-6    5388.505822890559
2.4844911961437876E-6     -3.7809589547870824E-6   5701.108059462327
2.5541531375850234E-6     -3.65945846667202E-6     6042.848855007839
2.623815079026259E-6      -3.5379579785569585E-6   6383.784300430507
2.693477020467494E-6      -3.416457490441897E-6    6723.914395730324
2.3398317321128328E-6     -3.7880038832622967E-6   6257.986749446659
2.4094936735540686E-6     -3.6665033951472348E-6   6593.5362169252785
2.4791556149953044E-6     -3.545002907032173E-6    6958.721612665085
2.5488175564365394E-6     -3.4235024189171114E-6   7323.270379062664
2.264834209523114E-6      -3.673548323622449E-6    7151.661068359018
2.334496150964349E-6      -3.552047835507387E-6    7516.288626846832
2.404158092405585E-6      -3.4305473473923257E-6   7882.985809998172
2.189836686933395E-6      -3.559092763982602E-6    8048.667294298648
2.25949862837463E-6       -3.4375922758675396E-6   8442.45423919538
2.114839164343676E-6      -3.4446372043427547E-6   8949.005427265554
2.548935862563556E-6      -3.909426886939546E-6    5001.878464402293
2.6830424704245605E-6     -3.916394330976947E-6    4594.3554583020305
2.8171490782855645E-6     -3.92336177501435E-6     4187.06099119319
2.9512556861465685E-6     -3.930329219051752E-6    3779.995063075766
2.618597804004792E-6      -3.787926398824484E-6    5318.794931435679
2.7527044118657955E-6     -3.794893842861886E-6    4909.804602340046
2.8868110197268E-6        -3.801861286899288E-6    4501.048122207023
2.6882597454460274E-6     -3.6664259107094218E-6   5636.591877233064
2.8223663533070313E-6     -3.6733933547468244E-6   5225.590511172071
2.7579216868872628E-6     -3.5449254225943603E-6   5953.414752126995
2.8304880195176173E-6     -4.358568451384221E-6    2452.4549987131
2.894206588140106E-6      -4.253250504310454E-6    2681.7404768280794
2.957925156762595E-6      -4.147932557236687E-6    2909.8686605551065
3.0216437253850833E-6     -4.04261461016292E-6     3136.839549894181
2.6963814116566133E-6     -4.351601007346819E-6    2851.1554813083776
2.760099980279102E-6      -4.246283060273052E-6    3077.160356473824
2.8238185489015907E-6     -4.1409651131992855E-6   3312.5839796096925
2.8875371175240794E-6     -4.035647166125519E-6    3546.9313744249794
2.625993372418098E-6      -4.239315616235651E-6    3480.3446383811824
2.6897119410405863E-6     -4.133997669161883E-6    3716.9011730956836
2.7534305096630754E-6     -4.028679722088117E-6    3952.900102182874
2.5556053331795827E-6     -4.127030225124481E-6    4111.9323725078675
2.6193239018020714E-6     -4.021712278050714E-6    4359.092058960985
2.4852172939410675E-6     -4.0147448340133125E-6   4745.918683688429
3.090132742182476E-6      -4.151383257533987E-6    2701.9155091148114
3.026414173559987E-6      -4.256701204607754E-6    2481.0713982535435
2.9626956049374988E-6     -4.362019151681521E-6    2258.988926936957
2.8989770363150097E-6     -4.467337098755288E-6    2036.0111592270127
3.1586217589798685E-6     -4.260151904905053E-6    2273.4885774099475
3.09490319035738E-6       -4.365469851978821E-6    2053.0462738221786
3.0311846217348916E-6     -4.470787799052587E-6    1831.5194059397998
3.227110775777261E-6      -4.36892055227612E-6     1847.2124289864787
3.1633922071547727E-6     -4.474238499349888E-6    1627.1353493561683
3.295599792574654E-6      -4.477689199647187E-6    1422.8589894761194
3.122905847175587E-6      -4.7890052596804935E-6   797.5088314584686
3.1804704956419427E-6     -4.685233239669391E-6    1007.1350869735043
3.2380351441082984E-6     -4.581461219658289E-6    1215.5091148566216
3.048262910222061E-6      -4.6817825393720915E-6   1208.4392707955071
3.105827558688417E-6      -4.578010519360989E-6    1418.3951322337725
2.973619973268536E-6      -4.5745598190636895E-6   1621.3877347390037
-3.910381231968471E-6     -1.5877532354043334E-6   3272.4807061413894
-3.856813953993368E-6     -1.489376499813441E-6    4415.481970255143
-3.803246676018265E-6     -1.390999764222548E-6    5465.485389619844
-3.749679398043162E-6     -1.2926230286316556E-6   6520.07297644221
-3.696112120068059E-6     -1.1942462930407627E-6   7579.24473072229
-4.005173493739633E-6     -1.4856173306809694E-6   1890.9025968715969
-3.95160621576453E-6      -1.3872405950900767E-6   2976.8176600553456
-3.898038937789426E-6     -1.2888638594991838E-6   4042.8868294810536
-3.844471659814324E-6     -1.190487123908291E-6    5113.443039779487
-4.099965755510795E-6     -1.3834814259576049E-6   496.254696966389
-4.046398477535691E-6     -1.2851046903667122E-6   1511.5661999806198
-3.992831199560589E-6     -1.1867279547758195E-6   2577.1653419858667
-4.194758017281957E-6     -1.2813455212342408E-6   -904.2671378333307
-4.141190739306853E-6     -1.1829687856433479E-6   40.502253701353766
-4.2895502790531176E-6    -1.1792096165108763E-6   -2310.662907527616
-4.7614363671985125E-6    -1.4375307042936576E-6   -8961.03967136789
-4.64600422623217E-6      -1.5167895233726731E-6   -7064.629322031042
-4.530572085265827E-6     -1.5960483424516887E-6   -5174.335746413508
-4.415139944299484E-6     -1.6753071615307046E-6   -3493.5385836651512
-4.638304875363369E-6     -1.367231160936875E-6    -7374.597476542673
-4.522872734397026E-6     -1.4464899800158907E-6   -5478.442170057591
-4.407440593430683E-6     -1.5257487990949062E-6   -3614.5042750926077
-4.515173383528224E-6     -1.2969316175800927E-6   -5782.890781958602
-4.399741242561882E-6     -1.3761904366591082E-6   -3735.2606543787297
-4.3920418916930805E-6    -1.2266320742233104E-6   -3855.8077215235007
-4.012872844608434E-6     -1.6351756931167674E-6   1748.7032981384173
-4.107665106379596E-6     -1.533039788393403E-6    471.2020656640416
-4.202457368150757E-6     -1.4309038836700386E-6   -855.1618577832123
-4.297249629921919E-6     -1.3287679789466743E-6   -2187.4611648150094
-4.115364457248397E-6     -1.682598150829201E-6    410.15353003847486
-4.210156719019558E-6     -1.5804622461058368E-6   -921.1684473708519
-4.30494898079072E-6      -1.4783263413824725E-6   -2249.3819271092434
-4.21785606988836E-6      -1.7300206085416348E-6   -925.49399387417
-4.312648331659521E-6     -1.6278847038182705E-6   -2310.5418768638556
-4.320347682528322E-6     -1.7774430662540687E-6   -2258.2392735994918
-3.787370328158175E-6     -1.6183025480635766E-6   4880.38417074807
-3.6643594243478783E-6    -1.6488518607228195E-6   6354.814950922036
-3.5413485205375814E-6    -1.6794011733820623E-6   7827.236556473659
-3.4183376167272845E-6    -1.7099504860413055E-6   9297.648987402914
-3.295326712916988E-6     -1.7404997987005483E-6   10640.35997392718
-3.7338030501830718E-6    -1.5199258124726839E-6   5896.954333852129
-3.6107921463727744E-6    -1.5504751251319268E-6   7397.1225724023025
-3.4877812425624784E-6    -1.5810244377911696E-6   8895.212022235211
-3.364770338752182E-6     -1.611573750450413E-6    10259.193960708064
-3.6802357722079683E-6    -1.421549076881791E-6    6933.042245738405
-3.557224868397672E-6     -1.452098389541034E-6    8435.830754291594
-3.4342139645873753E-6    -1.482647702200277E-6    9863.85873619542
-3.6266684942328652E-6    -1.3231723412908985E-6   7973.811451667287
-3.503657590422569E-6     -1.3537216539501414E-6   9466.276009249827
-3.5731012162577626E-6    -1.224795605700006E-6    9066.445779871288
-3.033633065395403E-6     -1.2407995331460862E-6   17551.15245753398
-3.168500103110993E-6     -1.236798551284566E-6    15497.52050678165
-3.303367140826583E-6     -1.2327975694230458E-6   13369.89626790494
-3.4382341785421727E-6    -1.2287965875615257E-6   11241.932635012308
-3.099056477275799E-6     -1.3657245995347017E-6   15788.644988665934
-3.2339235149913894E-6    -1.3617236176731816E-6   13698.604322649979
-3.368790552706979E-6     -1.3577226358116615E-6   11576.137752471022
-3.1644798891561956E-6    -1.4906496659233172E-6   14034.979737509315
-3.2993469268717855E-6    -1.486648684061797E-6    11908.485899744503
-3.229903301036592E-6     -1.6155747323119329E-6   12290.156704064158
-2.5999564669748125E-6    -1.658703532858175E-6    19298.075191618253
-2.6736071042828515E-6    -1.5501377196380343E-6   19245.75947568466
-2.74725774159089E-6      -1.4415719064178933E-6   19269.48994369528
-2.820908378898929E-6     -1.3330060931977523E-6   19292.86041234302
-2.8945590162069676E-6    -1.2244402799776115E-6   19315.870881627874
-2.739030516163248E-6     -1.6750627860266497E-6   17583.865051091503
-2.8126811534712865E-6    -1.5664969728065088E-6   17552.71506100361
-2.886331790779325E-6     -1.4579311595863678E-6   17528.35557587672
-2.959982428087364E-6     -1.349365346366227E-6    17503.28374335069
-2.878104565351683E-6     -1.6914220391951244E-6   15849.670310507916
-2.9517552026597215E-6    -1.5828562259749835E-6   15814.317745165019
-3.02540583996776E-6      -1.4742904127548427E-6   15785.79428554151
-3.017178614540118E-6     -1.707781292363599E-6    14116.698570016593
-3.0908292518481566E-6    -1.599215479143458E-6    14077.191501928988
-3.156252663728553E-6     -1.7241405455320739E-6   12384.949829617533
-2.5387371306216E-6       -1.5482913266339389E-6   21184.129969330203
-2.4775177942683866E-6    -1.4378791204097025E-6   23110.477786555588
-2.4162984579151736E-6    -1.3274669141854664E-6   25045.057061861946
-2.3550791215619607E-6    -1.21705470796123E-6     26987.867795249324
-2.6123877679296385E-6    -1.4397255134137981E-6   21184.083907581902
-2.5511684315764256E-6    -1.3293133071895615E-6   23177.33488033348
-2.4899490952232122E-6    -1.2189011009653254E-6   25178.888420179253
-2.686038405237677E-6     -1.331159700193657E-6    21255.818326278906
-2.624819068884464E-6     -1.2207474939694208E-6   23253.14727107595
-2.759689042545716E-6     -1.2225938869735161E-6   21327.54509364926
3.2247797198486475E-7     -1.2202994620881716E-6   41612.28350495049
1.891650053602179E-7      -1.2209606288137267E-6   41913.51061673072
5.585203873557098E-8      -1.221621795539282E-6    42003.538015565
-7.746092788907585E-8     -1.2222829622648373E-6   42093.56143282197
-2.107738945137227E-7     -1.2229441289903928E-6   41978.907095112314
2.641246693920269E-7      -1.3321279154606483E-6   39734.4052349314
1.3081170276738006E-7     -1.3327890821862036E-6   39908.069580566356
-2.501263857266791E-9     -1.333450248911759E-6    39997.78183050737
-1.3581423048191361E-7    -1.3341114156373142E-6   40009.14561806465
2.057713667991892E-7      -1.443956368833125E-6    37863.43880211223
7.245840017454228E-8      -1.4446175355586804E-6   37909.92489763658
-6.085456645010456E-8     -1.4452787022842357E-6   38046.9352353515
1.4741806420635136E-7     -1.555784822205602E-6    35999.38420649299
1.4105097581704516E-8     -1.5564459889311575E-6   36092.27594697285
8.906476161351359E-8      -1.667613275578079E-6    34251.73288481696
2.2105474453319984E-7     -1.665964793482967E-6    34141.06114072025
3.530447274528861E-7      -1.664316311387855E-6    33848.53728930741
4.850347103725723E-7      -1.6626678292927433E-6   33555.99008087353
6.170246932922586E-7      -1.6610193471976313E-6   33263.41951541864
2.7940804712603765E-7     -1.5541363401104901E-6   35873.86917085445
4.1139803004572384E-7     -1.5524878580153783E-6   35578.936440388745
5.433880129654101E-7      -1.5508393759202664E-6   35283.979587379225
3.3776134971887543E-7     -1.442307886738013E-6    37610.67508822729
4.6975133263856167E-7     -1.4406594046429013E-6   37314.97226469782
3.961146523117132E-7      -1.3304794333655363E-6   39354.00832676534
-1.9243856130385696E-6    -1.6497108159630127E-6   26103.882182547968
-1.864427231459994E-6     -1.5410062199935827E-6   28116.656337994587
-1.804468849881418E-6     -1.4323016240241525E-6   30202.786682021313
-1.7445104683028425E-6    -1.3235970280547223E-6   32297.335622322382
-1.684552086724267E-6     -1.2148924320852923E-6   34400.30315889782
-1.9982804474726053E-6    -1.541097153117809E-6    26606.956796135113
-1.9383220658940293E-6    -1.4323925571483788E-6   28670.050713403245
-1.8783636843154538E-6    -1.3236879611789486E-6   30851.04433254023
-1.8184053027368782E-6    -1.2149833652095186E-6   33040.62826648245
-2.072175281906641E-6     -1.4324834902726051E-6   27191.71717104062
-2.012216900328065E-6     -1.323778894303175E-6    29336.586195101867
-1.9522585187494895E-6    -1.215074298333745E-6    31523.012807102426
-2.1460701163406763E-6    -1.3238698274274015E-6   27778.37064483361
-2.0861117347621008E-6    -1.2151652314579712E-6   30005.402624011298
-2.219964950774712E-6     -1.2152561645821976E-6   28366.917217514067
-2.281184287127925E-6     -1.3256683708064337E-6   26362.8118360741
-2.342403623481138E-6     -1.43608057703067E-6     24487.747303396955
-2.403622959834351E-6     -1.5464927832549062E-6   22620.843119787532
-2.4648422961875642E-6    -1.6569049894791426E-6   20760.96719331834
-2.2072894526938893E-6    -1.4342820336516376E-6   25856.161873172943
-2.268508789047102E-6     -1.5446942398758738E-6   23985.87613969882
-2.329728125400315E-6     -1.6551064461001101E-6   22123.607157082126
-2.1333946182598536E-6    -1.5428956964968413E-6   25351.017160835858
-2.194613954613067E-6     -1.6533079027210777E-6   23486.351016338653
-2.0594997838258183E-6    -1.6515093593420452E-6   24849.198771087933
-1.2526634697743235E-6    -1.6570381470999844E-6   30940.604435795776
-1.1932438362269503E-6    -1.5475834601940313E-6   32985.11773491895
-1.1338242026795766E-6    -1.438128773288078E-6    35127.177783818144
-1.0744045691322034E-6    -1.3286740863821248E-6   37277.62374368332
-1.01498493558483E-6      -1.2192193994761717E-6   39436.45561451445
-1.3270495168485972E-6    -1.5468680849031601E-6   31974.3605308181
-1.2676298833012236E-6    -1.4374133979972066E-6   34079.691463011004
-1.2082102497538502E-6    -1.3279587110912535E-6   36338.01561063698
-1.148790616206477E-6     -1.2185040241853004E-6   38604.987411093505
-1.4014355639228705E-6    -1.4366980227063354E-6   33106.50900411878
-1.3420159303754971E-6    -1.3272433358003821E-6   35319.89933146855
-1.2825962968281237E-6    -1.217788648894429E-6    37584.830934777616
-1.4758216109971443E-6    -1.326527960509511E-6    34242.78640280192
-1.4164019774497707E-6    -1.2170732736035577E-6   36564.64742036995
-1.5502076580714176E-6    -1.2163578983126865E-6   35383.19272686752
-1.6101660396499934E-6    -1.3250624942821165E-6   33206.521008017764
-1.670124421228569E-6     -1.4337670902515467E-6   31199.340307914485
-1.7300828028071445E-6    -1.542471686220977E-6    29200.406485554628
-1.7900411843857205E-6    -1.6511762821904072E-6   27211.274319132986
-1.5357799925757199E-6    -1.435232556478941E-6    32174.40233071241
-1.5957383741542954E-6    -1.5439371524483712E-6   30173.234747772804
-1.655696755732871E-6     -1.6526417484178014E-6   28180.71839109215
-1.461393945501446E-6     -1.5454026186757655E-6   31146.0012837281
-1.5213523270800219E-6    -1.6541072146451957E-6   29150.10317622107
-1.3870078984271728E-6    -1.6555726808725901E-6   30119.42867451975
-5.806563716701523E-7     -1.6645322301575883E-6   33688.468351717194
-5.216718090452282E-7     -1.553981152594765E-6    35642.82114383467
-4.6268724642030403E-7    -1.4434300750319414E-6   37709.275501350625
-4.0370268379537997E-7    -1.332878997469118E-6    39783.60869674058
-3.4471812117045584E-7    -1.2223279199062946E-6   41865.82073000462
-6.556381577436131E-7     -1.5535787266401144E-6   35178.119609894624
-5.966535951186891E-7     -1.443027649077291E-6    37201.46350722318
-5.376690324937649E-7     -1.3324765715144673E-6   39397.55478534522
-4.786844698688408E-7     -1.221925493951644E-6    41601.86022094351
-7.30619943817074E-7      -1.4426252231226403E-6   36778.05505225362
-6.716353811921498E-7     -1.3320741455598168E-6   38926.68714336988
-6.126508185672258E-7     -1.2215230679969934E-6   41130.124002329765
-8.056017298905349E-7     -1.3316717196051664E-6   38384.05462568192
-7.466171672656108E-7     -1.221120642042343E-6    40658.38135131814
-8.805835159639957E-7     -1.2207182160876925E-6   39996.11833017955
-9.400031495113691E-7     -1.3301729029936456E-6   37755.73681963661
-9.994227830587424E-7     -1.4396275898995987E-6   35713.99341592417
-1.0588424166061157E-6    -1.5490822768055518E-6   33680.374181313055
-1.1182620501534893E-6    -1.6585369637115054E-6   31656.825252510935
-8.650213634379082E-7     -1.4411264065111195E-6   36269.33694989914
-9.244409969852816E-7     -1.5505810934170728E-6   34234.50188653245
-9.83860630532655E-7      -1.660035780323026E-6    32208.363204847396
-7.900395773644473E-7     -1.5520799100285934E-6   34788.59477049868
-8.494592109118207E-7     -1.6615345969345467E-6   32759.867809453346
-7.150577912909866E-7     -1.6630334135460677E-6   33311.3390663288
-4.467121450134191E-7     -1.6651484392416865E-6   33982.6697753309
-3.1276791835668587E-7    -1.6657646483257844E-6   34097.51824017782
-1.7882369169995277E-7    -1.6663808574098826E-6   34212.36460813834
-4.487946504321956E-8     -1.6669970664939808E-6   34327.20887921244
-3.87727582388495E-7      -1.554597361678863E-6    35918.57109121591
-2.537833557317618E-7     -1.555213570762961E-6    36034.20808689297
-1.1983912907502863E-7    -1.5558297798470591E-6   36149.84283182242
-3.2874301976357083E-7    -1.4440462841160393E-6   37862.91498311316
-1.947987931068377E-7     -1.4446624932001377E-6   37978.73285293972
-2.6975845713864676E-7    -1.333495206553216E-6    39814.80239328214
6.941384235221962E-7      -1.7742312129968994E-6   31251.06076785756
5.621484406025099E-7      -1.7758796950920114E-6   31709.7217100335
4.3015845768282364E-7     -1.777528177187123E-6    31999.903173856055
2.9816847476313746E-7     -1.7791766592822352E-6   32290.06204618038
1.6617849184345122E-7     -1.7808251413773472E-6   32421.732157745762
6.392621708324475E-7      -1.8890915608912795E-6   29801.31126045144
5.072721879127612E-7      -1.8907400429863914E-6   30158.96672565912
3.7528220499307504E-7     -1.8923885250815033E-6   30448.399404884025
2.432922220733888E-7      -1.8940370071766151E-6   30679.07391200209
5.843859181426989E-7      -2.0039519087856597E-6   28356.5594207205
4.5239593522301263E-7     -2.0056003908807714E-6   28613.54378290457
3.2040595230332644E-7     -2.0072488729758835E-6   28942.931415746116
5.295096654529502E-7      -2.1188122566800395E-6   26916.805248664743
3.9751968253326403E-7     -2.1204607387751516E-6   27213.30466897783
4.746334127632016E-7      -2.2336726045744197E-6   25572.370504660536
6.051964730163947E-7      -2.231574455251219E-6    25319.970988178517
7.357595332695876E-7      -2.229476305928018E-6    24931.579247173097
8.663225935227807E-7      -2.227378156604817E-6    24543.14730884319
9.968856537759735E-7      -2.225280007281616E-6    24154.675173188796
6.600727257061432E-7      -2.116714107356839E-6    26657.083404395526
7.906357859593362E-7      -2.114615958033638E-6    26266.010254810706
9.211988462125293E-7      -2.112517808710437E-6    25874.895868332962
7.149489783958919E-7      -2.0018537594624587E-6   27996.16349509453
8.45512038649085E-7       -1.9997556101392577E-6   27604.004208634222
7.698252310856405E-7      -1.8869934115680786E-6   29339.906879524024
1.0861651235506316E-6     -2.3402284857585595E-6   22432.502531552112
9.556020632974388E-7      -2.34232663508176E-6     22932.496249585918
8.250390030442456E-7      -2.344424784404961E-6    23318.3123575929
6.944759427910526E-7      -2.346522933728162E-6    23704.089307843824
5.639128825378597E-7      -2.348621083051363E-6    23973.194174233875
1.0448815330720967E-6     -2.4572751135587038E-6   21299.395191161282
9.143184728189036E-7      -2.4593732628819043E-6   21711.966522152965
7.837554125657106E-7      -2.4614714122051053E-6   22096.72395335332
6.531923523125176E-7      -2.4635695615283063E-6   22442.294424792017
1.0035979425935617E-6     -2.574321741358848E-6    20169.75285986755
8.730348823403686E-7      -2.5764198906820487E-6   20495.179305458492
7.424718220871757E-7      -2.5785180400052497E-6   20916.971539640268
9.623143521150267E-7      -2.691368369158992E-6    19043.57553767096
8.317512918618337E-7      -2.693466518482193E-6    19397.225518778625
9.210307616364917E-7      -2.8084149969591363E-6   17978.64102139875
1.1978490609131857E-6     -2.435183515092058E-6    20899.30236451481
1.1565654704346507E-6     -2.5522301428922024E-6   19856.808864888215
1.1152818799561157E-6     -2.6692767706923468E-6   18817.502872717356
1.0739982894775807E-6     -2.786323398492491E-6    17765.95667436
1.3095329982757397E-6     -2.530138544425557E-6    19485.03873029389
1.2682494077972047E-6     -2.6471851722257015E-6   18446.795361196037
1.2269658173186697E-6     -2.764231800025846E-6    17410.374344491735
1.4212169356382937E-6     -2.6250935737590562E-6   18075.573176618567
1.3799333451597587E-6     -2.7421402015592006E-6   17054.284083196613
1.532900873000848E-6      -2.7200486030925553E-6   16697.68589047464
1.3314323295204678E-6     -3.3300045287145953E-6   12132.088466936868
1.4023195437847616E-6     -3.2035950238968584E-6   12902.037347245754
1.4732067580490554E-6     -3.077185519079121E-6    13725.9536354074
1.5440939723133492E-6     -2.9507760142613844E-6   14551.459827470648
1.6149811865776432E-6     -2.824366509443647E-6    15378.555923435513
1.2493520159436726E-6     -3.2256866223635036E-6   13249.153769578497
1.3202392302079664E-6     -3.0992771175457662E-6   14062.40794856638
1.3911264444722602E-6     -2.972867612728029E-6    14947.879701862548
1.462013658736554E-6      -2.8464581079102923E-6   15835.232411493886
1.1672717023668774E-6     -3.1213687160124115E-6   14417.461296431607
1.2381589166311712E-6     -2.994959211194674E-6    15287.86273345004
1.309046130895465E-6      -2.8685497063769375E-6   16176.485002729323
1.0851913887900822E-6     -3.01705080966132E-6     15589.513801188874
1.156078603054376E-6      -2.890641304843583E-6    16517.236404167146
1.003111075213287E-6      -2.912732903310228E-6    16765.311283850297
1.8981597793072589E-6     -3.3301462215052454E-6   10384.040000411607
1.8273651311248547E-6     -3.203701293489845E-6    11596.53169448287
1.7565704829424507E-6     -3.077256365474446E-6    12813.953760350349
1.6857758347600467E-6     -2.9508114374590466E-6   14036.320934326102
1.7564779168605609E-6     -3.3301107983075823E-6   10837.784835120874
1.685683268678157E-6      -3.2036658702921827E-6   12052.087656593589
1.6148886204957531E-6     -3.0772209422767836E-6   13271.333361474577
1.6147960544138633E-6     -3.33007537510992E-6     11291.530659564662
1.5440014062314591E-6     -3.2036304470945205E-6   12507.644640091072
1.4731141919671654E-6     -3.330039951912258E-6    11745.277473742975
1.7091633044142874E-6     -3.89362879826708E-6     7110.317696830484
1.7752989718822214E-6     -3.7809393675542453E-6   7633.613659296496
1.841434639350155E-6      -3.6682499368414105E-6   8187.8628822995015
1.907570306818089E-6      -3.555560506128576E-6    8742.215672912302
1.973705974286023E-6      -3.442871075415742E-6    9296.672031134896
1.6336171094355236E-6     -3.7809039443565827E-6   8082.42265950368
1.6997527769034572E-6     -3.668214513643748E-6    8628.668417494875
1.765888444371391E-6      -3.555525082930914E-6    9213.503506757625
1.8320241118393248E-6     -3.4428356522180793E-6   9798.622455625842
1.5580709144567595E-6     -3.6681790904460857E-6   9083.29655454397
1.6242065819246933E-6     -3.5554896597332514E-6   9664.21288131316
1.6903422493926273E-6     -3.442800229020417E-6    10250.855816064279
1.4825247194779957E-6     -3.5554542365355888E-6   10087.378598093079
1.5486603869459293E-6     -3.4427648058227545E-6   10703.090134584974
1.4069785244992318E-6     -3.4427293826250923E-6   11094.668790151012
2.048703496875742E-6      -3.5573266350555886E-6   8372.655421591226
1.9825678294078078E-6     -3.6700160657684234E-6   7848.898930919766
1.9164321619398738E-6     -3.7827054964812573E-6   7325.065715862419
1.8502964944719406E-6     -3.8953949271940924E-6   6801.712775191729
2.1237010194654608E-6     -3.671782194695436E-6    7501.607445809865
2.0575653519975268E-6     -3.7844716254082705E-6   6979.412217926809
1.991429684529593E-6      -3.897161056121105E-6    6457.372123060313
2.1986985420551798E-6     -3.7862377543352834E-6   6633.810081656025
2.1325628745872466E-6     -3.898927185048118E-6    6113.081773643697
2.273696064644899E-6      -3.900693313975131E-6    5768.841726941883
2.1476832520411535E-6     -4.343448380524178E-6    3606.355031822033
2.2144697527065027E-6     -4.2332011461186694E-6   4052.928110521754
2.2812562533718526E-6     -4.122953911713161E-6    4498.76715172068
2.348042754037202E-6      -4.012706677307653E-6    4943.872155418814
2.0065500619835005E-6     -4.341682251597165E-6    3943.7295436957825
2.07333656264885E-6       -4.231435017191657E-6    4387.86452648129
2.1401230633141996E-6     -4.121187782786148E-6    4848.65735665596
2.2069095639795496E-6     -4.010940548380639E-6    5308.842556080212
1.932203372591197E-6      -4.229668888264644E-6    4728.1482182158925
1.9989898732565466E-6     -4.119421653859135E-6    5190.160448474891
2.0657763739218966E-6     -4.009174419453626E-6    5651.877754975668
1.8578566831988938E-6     -4.117655524932122E-6    5514.973587004104
1.9246431838642436E-6     -4.007408290526613E-6    5994.962197635881
1.7835099938065906E-6     -4.005642161599601E-6    6304.205650060425
2.418430793275718E-6      -4.124992068418821E-6    4296.347716903963
2.351644292610368E-6      -4.235239302824329E-6    3865.5048669392354
2.284857791945018E-6      -4.345486537229838E-6    3433.801572723349
2.218071291279669E-6      -4.455733771635347E-6    3001.5342154913965
2.4888188325142328E-6     -4.23727745952999E-6     3673.1548087840983
2.4220323318488832E-6     -4.347524693935499E-6    3243.0260239031886
2.3552458311835332E-6     -4.457771928341007E-6    2812.1701298980543
2.559206871752748E-6      -4.349562850641159E-6    3052.3089855285352
2.492420371087399E-6      -4.459810085046667E-6    2622.863908054608
2.6295949109912638E-6     -4.461848241752328E-6    2433.6155499610595
2.4351178423660774E-6     -4.783516402677533E-6    1238.8568427309515
2.499943531907806E-6      -4.676293682369131E-6    1638.21114801273
2.5647692214495344E-6     -4.569070962060729E-6    2036.399151364029
2.3627689920039406E-6     -4.6742555256634705E-6   1824.6359582326584
2.4275946815456696E-6     -4.5670328053550685E-6   2224.317905270457
2.2904201416418047E-6     -4.564994648649409E-6    2412.2938762311705
-3.889655147721085E-6     -1.7102850031940636E-6   3255.872594003171
-3.992146760361049E-6     -1.7577074609064973E-6   1864.0930538386856
-4.094638373001011E-6     -1.805129918618931E-6    581.0557897714498
-4.197129985640973E-6     -1.8525523763313647E-6   -699.1740694630807
-4.299621598280937E-6     -1.8999748340437988E-6   -1872.7491521003922
-3.8689290634737E-6       -1.8328167709837937E-6   3293.065296923669
-3.971420676113662E-6     -1.8802392286962274E-6   2021.9676667804524
-4.073912288753626E-6     -1.9276616864086615E-6   742.4717181020924
-4.176403901393588E-6     -1.9750841441210952E-6   -504.1361136130363
-3.848202979226315E-6     -1.955348538773524E-6    3330.14283286066
-3.950694591866277E-6     -2.0027709964859576E-6   2179.3998295753527
-4.05318620450624E-6      -2.0501934541983917E-6   859.8408162299474
-3.827476894978929E-6     -2.077880306563254E-6    3367.1052018141363
-3.929968507618892E-6     -2.125302764275688E-6    2219.1816374285727
-3.8067508107315436E-6    -2.200412074352984E-6    3367.71487046729
-3.7666442439107893E-6    -1.7408343158533067E-6   4811.197319514646
-3.7459181596634033E-6    -1.8633660836430366E-6   4727.38612972147
-3.7251920754160178E-6    -1.9858978514327668E-6   4643.7870561081345
-3.7044659911686327E-6    -2.108429619222497E-6    4650.16111308909
-3.6436333401004924E-6    -1.7713836285125494E-6   6258.647613234156
-3.6229072558531073E-6    -1.8939153963022797E-6   6170.973125359693
-3.6021811716057213E-6    -2.01644716409201E-6     6099.110802351474
-3.5206224362901955E-6    -1.8019329411717923E-6   7704.1583464262185
-3.4998963520428104E-6    -1.9244647089615224E-6   7553.965790952476
-3.3976115324798994E-6    -1.8324822538310356E-6   9014.726078892094
-4.771668247331632E-6     -2.1531831277004106E-6   -6643.255217972655
-4.658768635629608E-6     -2.2271074363218095E-6   -5299.566790668078
-4.545869023927583E-6     -2.301031744943208E-6    -3960.2253738512263
-4.432969412225559E-6     -2.3749560535646066E-6   -2811.0238539812144
-4.65623610636529E-6      -2.0895848039222833E-6   -5599.23804107288
-4.5433364946632656E-6    -2.1635091125436822E-6   -4255.696639786103
-4.430436882961241E-6     -2.2374334211650808E-6   -2965.713414935046
-4.540803965398946E-6     -2.0259864801441555E-6   -4551.750468295337
-4.427904353696922E-6     -2.0999107887655545E-6   -3120.615473690639
-4.425371824432604E-6     -1.9623881563660286E-6   -3275.7300302479725
-4.309751715338211E-6     -2.450065363641903E-6    -1643.1788437181854
-4.184001489186544E-6     -2.3876520413196736E-6   -429.1004851085745
-4.058251263034877E-6     -2.3252387189974434E-6   788.7316434054983
-3.9325010368832106E-6    -2.262825396675214E-6    2010.3175418240749
-4.3072191860738926E-6    -2.312542731242377E-6    -1727.903394451023
-4.181468959922225E-6     -2.250129408920147E-6    -455.13386694224573
-4.055718733770559E-6     -2.1877160865979175E-6   821.4918420860031
-4.304686656809574E-6     -2.175020098842851E-6    -1741.7270900501717
-4.178936430657907E-6     -2.112606776520621E-6    -464.6734176978134
-4.302154127545256E-6     -2.0374974664433247E-6   -1755.393218678466
-3.278955460204336E-6     -2.2861682493388684E-6   8263.907100129263
-3.2822297107468667E-6    -2.1770345592112045E-6   8729.375723046538
-3.285503961289397E-6     -2.06790086908354E-6     9191.782916563054
-3.2887782118319274E-6    -1.958767178955876E-6    9656.045247541388
-3.292052462374458E-6     -1.8496334888282125E-6   10122.162715981576
-3.3845145303097777E-6    -2.2690170143416917E-6   7369.4782963961625
-3.3877887808523082E-6    -2.1598833242140274E-6   7751.247480288366
-3.3910630313948383E-6    -2.0507496340863634E-6   8126.410998897682
-3.394337281937369E-6     -1.9416159439586995E-6   8503.236051699343
-3.490073600415219E-6     -2.2518657793445146E-6   6377.41175881735
-3.4933478509577493E-6    -2.1427320892168503E-6   6748.294853423937
-3.49662210150028E-6      -2.0335983990891868E-6   7120.97217033304
-3.5956326705206606E-6    -2.234714544347338E-6    5384.542616572913
-3.5989069210631908E-6    -2.1255808542196736E-6   5744.519735828999
-3.701191740626102E-6     -2.217563309350161E-6    4390.870869662832
-3.1857753423165068E-6    -2.259269175982316E-6    9196.440021050505
-3.092595224428677E-6     -2.2323701026257636E-6   10211.687486147754
-2.9994151065408475E-6    -2.2054710292692114E-6   11228.160676412004
-2.906234988653018E-6     -2.178571955912659E-6    12245.859591843277
-2.8130548707651886E-6    -2.151672882556107E-6    13319.414075896786
-3.1890495928590373E-6    -2.150135485854652E-6    9731.81204261005
-3.0958694749712074E-6    -2.1232364124981E-6      10759.519388852576
-3.002689357083378E-6     -2.0963373391415474E-6   11788.495868398353
-2.9095092391955486E-6    -2.0694382657849957E-6   12825.529366018553
-3.1923238434015674E-6    -2.041001795726988E-6    10281.803729072817
-3.099143725513738E-6     -2.0141027223704357E-6   11312.33809505462
-3.0059636076259086E-6    -1.9872036490138835E-6   12318.530206928059
-3.195598093944098E-6     -1.931868105599324E-6    10833.844156266889
-3.1024179760562685E-6    -1.9049690322427718E-6   11809.285413777747
-3.1988723444866285E-6    -1.8227344154716603E-6   11297.79498656761
-2.770435190007113E-6     -2.053079012616521E-6    14543.924021542665
-2.7278155092490385E-6    -1.954485142676934E-6    15719.695674953824
-2.685195828490963E-6     -1.8558912727373479E-6   16899.9864627498
-2.6425761477328875E-6    -1.7572974027977612E-6   18084.796384930647
-2.8668895584374735E-6    -1.970844395845409E-6    14015.334080419298
-2.824269877679398E-6     -1.8722505259058222E-6   15202.848132406158
-2.7816501969213226E-6    -1.773656655966236E-6    16394.859406750267
-2.963343926867833E-6     -1.888609779074297E-6    13476.519245195868
-2.920724246109758E-6     -1.7900159091347107E-6   14664.616893232542
-3.059798295298193E-6     -1.8063751623031852E-6   12935.54930729675
-2.695033841660018E-6     -2.1557845007769328E-6   14337.922126333271
-2.577012812554848E-6     -2.1598961189977578E-6   15297.06485536633
-2.4589917834496775E-6    -2.164007737218583E-6    16256.02396222045
-2.3409707543445075E-6    -2.168119355439409E-6    17214.799446895646
-2.222949725239337E-6     -2.1722309736602344E-6   18125.952075919562
-2.6524141609019435E-6    -2.057190630837346E-6    15498.727518305532
-2.534393131796773E-6     -2.0613022490581713E-6   16461.410402294194
-2.4163721026916025E-6    -2.0654138672789967E-6   17423.90288208426
-2.298351073586432E-6     -2.0695254854998226E-6   18314.42651272322
-2.6097944801438676E-6    -1.9585967608977595E-6   16665.528565541157
-2.4917734510386975E-6    -1.9627083791185853E-6   17630.399645880196
-2.373752421933527E-6     -1.9668199973394103E-6   18562.718962861443
-2.5671747993857925E-6    -1.860002890958173E-6    17836.870659189186
-2.449153770280622E-6     -1.864114509178999E-6    18811.23355627058
-2.5245551186277175E-6    -1.7614090210185869E-6   19059.970292950646
-2.1632369027991838E-6    -2.06772694212079E-6     19669.200694982963
-2.10352408035903E-6      -1.9632229105813454E-6   21254.088020451258
-2.0438112579188765E-6    -1.8587188790419015E-6   22845.148024307415
-1.9840984354787232E-6    -1.754214847502457E-6    24442.38070655144
-2.2386382511462784E-6    -1.9650214539603783E-6   19885.326210979245
-2.1789254287061247E-6    -1.8605174224209338E-6   21534.280887939145
-2.1192126062659715E-6    -1.7560133908814895E-6   23189.512098650375
-2.3140395994933734E-6    -1.862315965799966E-6    20176.359137420997
-2.25432677705322E-6      -1.757811934260522E-6    21828.637204891103
-2.3894409478404684E-6    -1.7596104776395544E-6   20467.86210089151
3.2162781304719085E-8     -1.7789793229160005E-6   32551.849403048924
-1.0178144535201408E-7    -1.7783631138319023E-6   32604.044986322377
-2.3572567200874726E-7    -1.777746904747804E-6    32489.966967321434
-3.6966989866548044E-7    -1.777130695663706E-6    32375.887005295262
-5.036141253222136E-7     -1.776514486579608E-6    32107.308404519274
-2.473919900407542E-8     -1.8903453702539218E-6   30932.956965074587
-1.586834256608086E-7     -1.8897291611698236E-6   30887.83221764932
-2.926276523175418E-7     -1.8891129520857257E-6   30773.913101763297
-4.265718789742749E-7     -1.8884967430016275E-6   30601.618447102635
-8.164117931286992E-8     -2.001711417591843E-6    29319.79195248714
-2.155854059696031E-7     -2.001095208507745E-6    29177.647122475446
-3.4952963262633626E-7    -2.0004789994236472E-6   29101.312583235253
-1.3854315962166445E-7    -2.113077464929765E-6    27712.354365286592
-2.724873862783976E-7     -2.112461255845667E-6    27606.390812917103
-1.9544513993045893E-7    -2.2244435122676862E-6   26197.77517339734
-6.142942939172682E-8     -2.226289330729033E-6    26213.865063483412
7.258628114700531E-8      -2.2281351491903794E-6   26091.72978919834
2.0660199168573742E-7     -2.2299809676517266E-6   25969.605850811364
3.4061770222446957E-7     -2.231826786113073E-6    25847.493248322462
-4.527449082932307E-9     -2.1149232833911113E-6   27716.486562323946
1.2948826145579983E-7     -2.116769101852458E-6    27595.36499422551
2.6350397199453193E-7     -2.118614920313805E-6    27474.25495884611
5.237453122586222E-8      -2.00355723605319E-6     29226.65252710308
1.8639024176459432E-7     -2.0054030545145367E-6   29105.13807417223
1.092765115346567E-7      -1.8921911887152684E-6   30742.24566915676
-1.8498053498896765E-6    -1.7592043467166402E-6   25297.0649423403
-1.90951817232983E-6      -1.8637083782560845E-6   23647.604398484462
-1.969230994769983E-6     -1.9682124097955288E-6   22115.42663786977
-2.028943817210137E-6     -2.072716441334973E-6    20589.31770027943
-2.0886566396502904E-6    -2.1772204728744178E-6   19072.936373029897
-1.775225086740783E-6     -1.8686978774702678E-6   24535.837758330395
-1.8349379091809366E-6    -1.973201909009712E-6    22962.870317854868
-1.8946507316210902E-6    -2.0777059405491564E-6   21434.79580716113
-1.9543635540612435E-6    -2.1822099720886007E-6   19913.680729976724
-1.7006448235918898E-6    -1.9781914082238955E-6   23776.869984042074
-1.7603576460320433E-6    -2.08269543976334E-6     22280.07238904468
-1.820070468472197E-6     -2.187199471302784E-6    20754.230771831062
-1.6260645604429967E-6    -2.0876849389775227E-6   23020.16161947533
-1.6857773828831504E-6    -2.1921889705169675E-6   21594.586498592922
-1.5514842972941034E-6    -2.1971784697311504E-6   22330.49564947239
-1.4917201317901476E-6    -2.0891504052049174E-6   23974.8663665235
-1.4319559662861914E-6    -1.981122340678684E-6    25688.87635801918
-1.3721918007822354E-6    -1.8730942761524508E-6   27409.438356104412
-1.3124276352782794E-6    -1.7650662116262176E-6   29136.552360779206
-1.5663003949390405E-6    -1.9796568744512898E-6   24705.65873367068
-1.5065362294350845E-6    -1.8716288099250563E-6   26502.880328713072
-1.4467720639311285E-6    -1.7636007453988231E-6   28306.840578147712
-1.6408806580879336E-6    -1.870163343697662E-6    25538.7995205993
-1.581116492583978E-6     -1.7621352791714289E-6   27340.710200348527
-1.715460921236827E-6     -1.7606698129440344E-6   26374.522975151627
-1.176779369079638E-6     -1.7681417026113061E-6   29703.416276648968
-1.2365435345835937E-6    -1.8761697671375391E-6   27914.5922217432
-1.2963077000875497E-6    -1.984197831663772E-6    26271.406559255993
-1.3560718655915057E-6    -2.0922258961900056E-6   24634.5862555556
-1.4158360310954619E-6    -2.200253960716239E-6    23006.98047247818
-1.1008952683849522E-6    -1.8792452581226277E-6   28529.11344657805
-1.1606594338889082E-6    -1.9872733226488607E-6   26832.6124782981
-1.2204235993928644E-6    -2.095301387175094E-6    25194.45934355317
-1.2801877648968202E-6    -2.203329451701327E-6    23563.459242430552
-1.025011167690267E-6     -1.9903488136339493E-6   27358.76633420071
-1.0847753331942227E-6    -2.0983768781601827E-6   25754.251382673807
-1.144539498698179E-6     -2.206404942686416E-6    24119.860002653175
-9.491270669955812E-7     -2.101452369145271E-6    26192.374939516994
-1.0088912324995372E-6    -2.2094804336715043E-6   24676.182753146026
-8.732429663008956E-7     -2.212555924656593E-6    25105.690936712344
-6.391736905963009E-7     -1.7741369690573893E-6   31883.760659400996
-7.735751102171352E-7     -1.7726381524458685E-6   31489.724127299563
-9.079765298379695E-7     -1.7711393358343475E-6   30940.744395834503
-1.0423779494588036E-6    -1.7696405192228267E-6   30391.732790161543
-6.976910095224496E-7     -1.88374170795719E-6     30160.498513051418
-8.320924291432839E-7     -1.8822428913456693E-6   29676.846161807665
-9.66493848764118E-7      -1.8807440747341485E-6   29128.986978670895
-7.562083284485983E-7     -1.993346446856991E-6    28443.55110390039
-8.906097480694326E-7     -1.99184763024547E-6     27870.5339547466
-8.147256473747469E-7     -2.102951185756792E-6    26732.918431947917
-7.376834010268084E-7     -2.2149334421788118E-6   25459.65249677842
-6.02123835752721E-7      -2.2173109597010303E-6   25679.87778456338
-4.6656427047863364E-7    -2.219688477223249E-6    25900.080050779925
-3.3100470520454623E-7    -2.2220659947454677E-6   26120.259295428037
-6.791660821006597E-7     -2.1053287032790106E-6   27071.95648604768
-5.436065168265722E-7     -2.107706220801229E-6    27294.425729482242
-4.0804695155248487E-7    -2.110083738323448E-6    27516.870875810808
-6.206487631745109E-7     -1.9957239643792094E-6   28692.84451099711
-4.850891979004236E-7     -1.9981014819014287E-6   28915.803432434623
-5.621314442483621E-7     -1.8861192254794086E-6   30319.796251912758
4.206536329666518E-7      -2.345531081081261E-6    24260.577163685135
2.866379224279196E-7      -2.3436852626199144E-6   24510.260132531297
1.5262221188918753E-7     -2.3418394441585676E-6   24633.40785339289
1.8606501350455427E-8     -2.339993625697221E-6    24756.566713331616
-1.1540920918827667E-7    -2.3381478072358745E-6   24757.995100045962
3.6667385317010194E-7     -2.4573895575881027E-6   23006.453908725707
2.3265814263136979E-7     -2.455543739126756E-6    23179.292967627574
9.864243209263769E-8      -2.4536979206654096E-6   23302.068822200898
-3.53732784460944E-8      -2.4518521022040624E-6   23378.381432761176
3.126940733735521E-7      -2.569248034094944E-6    21756.22554554671
1.7867836283481995E-7     -2.5674022156335974E-6   21852.488678755304
4.466265229608786E-8      -2.5655563971722507E-6   22003.42479635707
2.587142935770022E-7      -2.6811065106017857E-6   20509.89207414816
1.2469858303827013E-7     -2.679260692140439E-6    20633.12519083364
2.047345137804524E-7      -2.7929649871086272E-6   19336.869270072864
3.4799376335166026E-7     -2.796054989078729E-6    19173.50408195382
4.912530129228681E-7      -2.799144991048831E-6    18897.616268134723
6.34512262494076E-7       -2.8022349930189327E-6   18621.77066573755
7.777715120652839E-7      -2.8053249949890345E-6   18345.967274762283
4.019735431482101E-7      -2.6841965125718875E-6   20336.982753717934
5.452327927194179E-7      -2.687286514541989E-6    20062.050811982313
6.884920422906259E-7      -2.690376516512091E-6    19787.162040094583
4.5595332294475994E-7     -2.5723380360650456E-6   21506.54867765893
5.992125725159678E-7      -2.575428038035148E-6    21230.78526361968
5.099331027413098E-7      -2.4604795595582045E-6   22679.74150912929
6.156140439644729E-7      -3.3429078388653183E-6   13427.560641674601
6.766973874988766E-7      -3.236009270484082E-6    14289.840763444701
7.377807310332804E-7      -3.1291107021028454E-6   15197.304355984012
7.988640745676842E-7      -3.022212133721609E-6    16106.791364454297
8.599474181020879E-7      -2.915313565340373E-6    17018.30178885556
5.334381379276688E-7      -3.23291926851398E-6     14559.537676392578
5.945214814620725E-7      -3.1260207001327435E-6   15452.946030031153
6.556048249964763E-7      -3.019122131751507E-6    16414.079884692816
7.1668816853088E-7        -2.9122235633702706E-6   17377.452111672617
4.512622318908647E-7      -3.1229306981626417E-6   15740.137135089182
5.123455754252683E-7      -3.0160321297814052E-6   16690.18068795566
5.734289189596722E-7      -2.9091335614001688E-6   17654.298839411207
3.690863258540606E-7      -3.012942127811304E-6    16924.30902946085
4.3016966938846435E-7     -2.9060435594300674E-6   17931.186820145707
2.8691041981725646E-7     -2.9029535574599655E-6   18112.053359507572
9.420277316788832E-7      -3.0196314716914645E-6   15813.645052945038
8.809443881444792E-7      -3.126530040072701E-6    14955.962613540687
8.198610446100756E-7      -3.2334286084539375E-6   14100.088633680134
7.587777010756719E-7      -3.340327176835174E-6    13244.563919376571
1.0241080452556783E-6     -3.1239493780425562E-6   14694.904235083768
9.630247017212745E-7      -3.2308479464237927E-6   13839.93390257352
9.019413581868708E-7      -3.3377465148050292E-6   12986.335316223875
1.1061883588324735E-6     -3.228267284393648E-6    13579.734487197335
1.0451050152980699E-6     -3.3351658527748844E-6   12728.063013128074
1.1882686724092687E-6     -3.33258519074474E-6     12469.74701008917
1.0029122925370287E-6     -3.89226095747266E-6     8312.534157486883
1.0686162999337166E-6     -3.7798096717210476E-6   9044.5174573726
1.1343203073304042E-6     -3.6673583859694342E-6   9810.115641410166
1.200024314727092E-6      -3.5549071002178213E-6   10576.670276948133
1.26572832212378E-6       -3.4424558144662083E-6   11344.181363986501
9.254526428225176E-7      -3.782390333751192E-6    9299.441978153387
9.911566502192054E-7      -3.6699390479995786E-6   10057.846687825162
1.056860657615893E-6      -3.5574877622479656E-6   10861.196846641025
1.1225646650125809E-6     -3.4450364764963526E-6   11665.700687663495
8.479929931080063E-7      -3.6725197100297234E-6   10320.072512914896
9.136970005046942E-7      -3.5600684242781104E-6   11116.653561041549
9.79401007901382E-7       -3.4476171385264974E-6   11922.074821754952
7.705333433934953E-7      -3.562649086308255E-6    11343.48710465218
8.36237350790183E-7       -3.450197800556642E-6    12178.406240229739
6.93073693678984E-7       -3.4527784625867865E-6   12369.685753365247
1.3412745171025439E-6     -3.555180668376705E-6    10303.735741628323
1.275570509705856E-6      -3.6676319541283178E-6   9574.218534936776
1.2098665023091682E-6     -3.7800832398799308E-6   8845.460549039422
1.1441624949124805E-6     -3.8925345256315446E-6   8117.565465272009
1.4168207120813078E-6     -3.6679055222872013E-6   9331.476100803115
1.35111670468462E-6       -3.7803568080388147E-6   8603.87744016521
1.2854126972879321E-6     -3.892808093790428E-6    7877.075980383279
1.4923669070600716E-6     -3.7806303761976983E-6   8362.299967541987
1.426662899663384E-6      -3.893081661949312E-6    7636.592021075594
1.5679131020388358E-6     -3.893355230108196E-6    7396.113587348953
1.4462957739235482E-6     -4.33800468673767E-6     4541.186635477761
1.512012656546233E-6      -4.226910714620022E-6    5181.047116435621
1.5777295391689177E-6     -4.115816742502374E-6    5820.818245422166
1.6434464217916026E-6     -4.004722770384727E-6    6460.500022437405
1.3050455715480964E-6     -4.337731118578786E-6    4777.318534994458
1.3707624541707811E-6     -4.2266371464611385E-6   5415.398909726778
1.4364793367934659E-6     -4.1155431743434904E-6   6075.540254688612
1.5021962194161506E-6     -4.004449202225842E-6    6735.747229064002
1.2295122517953295E-6     -4.226363578302254E-6    5653.93527396147
1.295229134418014E-6      -4.115269606184607E-6    6313.8854947437585
1.360946017040699E-6      -4.00417563406696E-6     6975.192027261832
1.1539789320425627E-6     -4.1149960380257225E-6   6532.685765654871
1.2196958146652472E-6     -4.003902065908075E-6    7214.642240370747
1.0784456122897956E-6     -4.003628497749192E-6    7413.570010074665
1.7177931111839059E-6     -4.1167361337172484E-6   5651.324744515226
1.652076228561221E-6      -4.227830105834896E-6    5032.089739614292
1.586359345938536E-6      -4.338924077952544E-6    4412.610401357182
1.5206424633158515E-6     -4.450018050070191E-6    3793.052220439084
1.7921398005762091E-6     -4.22874949704977E-6     4880.264851301711
1.7264229179535242E-6     -4.339843469167417E-6    4262.050979297609
1.6607060353308394E-6     -4.4509374412850645E-6   3643.6565750363548
1.8664864899685121E-6     -4.340762860382291E-6    4111.512519457003
1.8007696073458274E-6     -4.451856832499939E-6    3494.281670457684
1.9408331793608156E-6     -4.452776223714813E-6    3344.927506703073
1.739141272758113E-6      -4.780558854757E-6       1607.492457699887
1.806371908292347E-6      -4.671297977742937E-6    2187.403353081559
1.873602543826581E-6      -4.562037100728874E-6    2766.5016219899426
1.6663083362773588E-6     -4.670378586528063E-6    2334.427948737772
1.7335389718115933E-6     -4.561117709514001E-6    2914.742067888347
1.5934753997966051E-6     -4.560198318299127E-6    3063.003033215896
-3.319234267547837E-6     -2.356237702112236E-6    7688.0208479119065
-3.4247933376532785E-6    -2.339086467115059E-6    6748.557514819853
-3.53035240775872E-6      -2.321935232117882E-6    5766.26862376142
-3.6359114778641615E-6    -2.3047839971207054E-6   4783.197014102223
-3.741470547969603E-6     -2.2876327621235287E-6   3824.106524557744
-3.359513074891338E-6     -2.4263071548856033E-6   7089.196888513543
-3.465072144996779E-6     -2.409155919888426E-6    6137.710456450595
-3.5706312151022208E-6    -2.3920046848912495E-6   5156.799324327127
-3.6761902852076623E-6    -2.374853449894073E-6    4184.499474575237
-3.3997918822348382E-6    -2.496376607658971E-6    6492.182875855267
-3.5053509523402797E-6    -2.479225372661794E-6    5528.669921813151
-3.610910022445721E-6     -2.4620741376646174E-6   4543.098857340987
-3.4400706895783395E-6    -2.5664460604323382E-6   5896.978809937078
-3.545629759683781E-6     -2.5492948254351615E-6   4899.904672855024
-3.48034949692184E-6      -2.636515513205706E-6    5260.618700849884
-3.935458199633516E-6     -2.8526192024292797E-6   1399.399151078754
-3.9097167218531214E-6    -2.7221777768140205E-6   1785.4677790514133
-3.883975244072727E-6     -2.5917363511987617E-6   2159.2821682241447
-3.858233766292333E-6     -2.461294925583502E-6    2535.48814824249
-3.8324922885119375E-6    -2.3308534999682433E-6   2914.0857191064206
-4.035466948004788E-6     -2.7845910991362503E-6   684.7447202505614
-4.009725470224394E-6     -2.654149673520991E-6    1031.6904000791765
-3.983983992443999E-6     -2.523708247905732E-6    1324.7742687596365
-3.958242514663605E-6     -2.3932668222904727E-6   1620.0549763916097
-4.13547569637606E-6      -2.716562995843221E-6    -124.5453166830157
-4.109734218595666E-6     -2.5861215702279618E-6   166.48255359003542
-4.0839927408152715E-6    -2.4556801446127026E-6   457.4220932403223
-4.235484444747333E-6     -2.6485348925501916E-6   -936.6313550937348
-4.209742966966939E-6     -2.5180934669349324E-6   -701.5594316214701
-4.335493193118605E-6     -2.5805067892571622E-6   -1751.5133949816172
-3.5713712374641753E-6    -2.6797362510504207E-6   4404.818828699216
-3.6366515002261155E-6    -2.5925155632798766E-6   4075.333357906158
-3.701931762988056E-6     -2.505294875509332E-6    3732.688400495492
-3.7672120257499973E-6    -2.4180741877387875E-6   3388.1880213202676
-3.66239297800651E-6      -2.7229569888951354E-6   3631.111570679212
-3.7276732407684506E-6    -2.635736301124591E-6    3274.069668183107
-3.7929535035303912E-6    -2.5485156133540467E-6   2930.0920221069646
-3.7534147185488453E-6    -2.76617772673985E-6     2859.132519581226
-3.8186949813107856E-6    -2.678957038969306E-6    2474.5823656333378
-3.844436459091181E-6     -2.8093984645845646E-6   2088.8816754052905
-4.777264157006596E-6     -2.856265070650099E-6    -4702.096445822401
-4.667427925715217E-6     -2.924320118393087E-6    -3783.3129867692496
-4.5575916944238374E-6    -2.9923751661360753E-6   -2867.642112825677
-4.447755463132459E-6     -3.0604302138790637E-6   -2099.011592860429
-4.664364545304571E-6     -2.787332236414354E-6    -4036.8756933675686
-4.554528314013193E-6     -2.8553872841573426E-6   -3117.972263707801
-4.444692082721813E-6     -2.923442331900331E-6    -2243.474333212642
-4.551464933602547E-6     -2.71839940217861E-6     -3368.7045806150745
-4.441628702311169E-6     -2.7864544499215983E-6   -2388.111192993276
-4.438565321900523E-6     -2.6494665679428656E-6   -2532.922172202333
-4.0385303284154335E-6    -2.921578981114983E-6    599.798152578267
-4.138539076786706E-6     -2.8535508778219537E-6   -93.45445990016924
-4.238547825157978E-6     -2.7855227745289243E-6   -848.9655213147853
-4.338556573529251E-6     -2.717494671235895E-6    -1607.2344469613163
-4.141602457197351E-6     -2.9905387598006864E-6   -71.1909872453507
-4.2416112055686234E-6    -2.9225106565076566E-6   -812.7722085638652
-4.341619953939896E-6     -2.8544825532146276E-6   -1568.2777749849083
-4.244674585979269E-6     -3.0594985384863897E-6   -739.4093330478454
-4.344683334350541E-6     -2.9914704351933603E-6   -1529.2671758402048
-4.347746714761187E-6     -3.128458317172093E-6    -1404.8568848291989
-3.3854230406972038E-6    -2.649379151954036E-6    5987.723828850978
-3.290496584472567E-6     -2.6622427907023658E-6   6649.701533125577
-3.195570128247931E-6     -2.6751064294506947E-6   7311.2237910814865
-3.1006436720232947E-6    -2.6879700681990246E-6   7972.290602718701
-3.0057172157986582E-6    -2.7008337069473544E-6   8589.36872998172
-3.3451442333537025E-6    -2.5793096991806685E-6   6563.200210675399
-3.2502177771290665E-6    -2.592173337928998E-6    7230.78625874576
-3.15529132090443E-6      -2.6050369766773277E-6   7897.906957524938
-3.060364864679794E-6     -2.6179006154256575E-6   8534.44945175638
-3.3048654260102017E-6    -2.5092402464073006E-6   7146.097520453652
-3.2099389697855656E-6    -2.5221038851556304E-6   7814.784516306467
-3.1150125135609296E-6    -2.53496752390396E-6     8456.723079042262
-3.2645866186667013E-6    -2.4391707936339327E-6   7730.808199980238
-3.1696601624420653E-6    -2.4520344323822625E-6   8378.222141040576
-3.2243078113232005E-6    -2.3691013408605657E-6   8298.94663775134
-3.131127693435371E-6     -2.3422022675040135E-6   9283.283451719293
-3.0764800445542354E-6    -2.4251353590257108E-6   9356.860702748783
-3.0218323956730997E-6    -2.508068450547407E-6    9429.742698310896
-2.9671847467919645E-6    -2.5910015420691053E-6   9520.172776514173
-3.0379475755475412E-6    -2.315303194147461E-6    10287.188194221855
-2.9832999266664055E-6    -2.398236285669158E-6    10359.055584062673
-2.9286522777852703E-6    -2.4811693771908554E-6   10446.581332956503
-2.9447674576597118E-6    -2.2884041207909086E-6   11292.275253755168
-2.8901198087785765E-6    -2.371337212312606E-6    11376.915982604882
-2.8515873397718823E-6    -2.2615050474343564E-6   12311.176725459343
-2.898664494237787E-6     -2.6990690705429608E-6   9354.693351814658
-2.791611772676916E-6     -2.6973044341385667E-6   10092.396434345781
-2.684559051116045E-6     -2.695539797734173E-6    10830.16622581859
-2.577506329555174E-6     -2.693775161329779E-6    11568.002726233082
-2.470453607994303E-6     -2.6920105249253855E-6   12274.714139193142
-2.8601320252310934E-6    -2.589236905664711E-6    10277.84296202362
-2.753079303670222E-6     -2.5874722692603173E-6   11017.338750572431
-2.6460265821093513E-6    -2.5857076328559236E-6   11756.903480269171
-2.5389738605484803E-6    -2.58394299645153E-6     12453.52382713565
-2.8215995562243992E-6    -2.4794047407864614E-6   11204.538961472284
-2.714546834663528E-6     -2.4776401043820678E-6   11946.211916615594
-2.607494113102657E-6     -2.475875467977674E-6    12670.566005258255
-2.7830670872177055E-6    -2.369572575908212E-6    12135.180363392337
-2.6760143656568344E-6    -2.3678079395038183E-6   12887.457175565267
-2.7445346182110113E-6    -2.259740411029963E-6    13104.197338056681
-2.27245050179033E-6      -2.2761868839132644E-6   16905.99397943791
-2.3904715308955003E-6    -2.272075265692439E-6    16005.030031496499
-2.5084925600006708E-6    -2.2679636474716136E-6   15049.739363933448
-2.6265135891058412E-6    -2.263852029250788E-6    14094.271856211122
-2.3219512783413234E-6    -2.380142794166295E-6    15736.931287684853
-2.439972307446494E-6     -2.376031175945469E-6    14802.349196193305
-2.557993336551664E-6     -2.371919557724644E-6    13849.204951176474
-2.3714520548923166E-6    -2.484098704419325E-6    14572.314245653042
-2.4894730839974867E-6    -2.4799870861984996E-6   13604.176020080278
-2.42095283144331E-6      -2.588054614672355E-6    13412.142853342486
-2.345812175428332E-6     -2.699375930748603E-6    12998.5692401538
-2.221170742862361E-6     -2.706741336571821E-6    13645.460118970888
-2.0965293102963895E-6    -2.7141067423950385E-6   14292.097005056068
-1.971887877730418E-6     -2.721472148218256E-6    14938.479898409332
-1.8472464451644469E-6    -2.728837554041474E-6    15520.504362572423
-2.2963113988773385E-6    -2.595420020495573E-6    14116.789563293849
-2.171669966311367E-6     -2.6027854263187908E-6   14768.215860041759
-2.047028533745396E-6     -2.6101508321420084E-6   15419.379534006124
-1.922387101179425E-6     -2.617516237965226E-6    15997.470572907347
-2.2468106223263453E-6    -2.4914641102425426E-6   15243.018454447327
-2.1221691897603744E-6    -2.4988295160657603E-6   15896.142797196624
-1.997527757194403E-6     -2.506194921888978E-6    16525.13113220316
-2.197309845775352E-6     -2.3875081999895126E-6   16373.630985853084
-2.0726684132093808E-6    -2.3948736058127302E-6   17053.76936822792
-2.1478090692243593E-6    -2.283552289736482E-6    17583.38528098164
-1.7880940155903784E-6    -2.622505737179409E-6    16826.59690502144
-1.7289415860163096E-6    -2.5161739203173443E-6   18181.245427779286
-1.6697891564422407E-6    -2.4098421034552795E-6   19540.920549693474
-1.6106367268681723E-6    -2.303510286593215E-6    20905.622270764055
-1.8632346716053561E-6    -2.5111844211031613E-6   17333.241966074696
-1.8040822420312873E-6    -2.4048526042410966E-6   18746.986071974374
-1.7449298124572188E-6    -2.298520787379032E-6    20165.89287832677
-1.9383753276203342E-6    -2.399863105026913E-6    17913.129269506662
-1.8792228980462656E-6    -2.2935312881648484E-6   19330.163492222095
-2.0135159836353123E-6    -2.2885417889506655E-6   18494.247000930525
-2.5325548014319277E-7    -2.334407644514959E-6    24760.967102039773
-3.8881504541728007E-7    -2.33203012699274E-6     24666.22725040108
-5.243746106913675E-7     -2.329652609470521E-6    24448.255946359168
-6.599341759654548E-7     -2.3272750919483026E-6   24230.262696286394
-7.954937412395422E-7     -2.324897574426084E-6    23896.11442545543
-3.1106582035592655E-7    -2.4443717767622313E-6   23386.02060479956
-4.4662538563001385E-7    -2.441994259240012E-6    23219.717482087155
-5.821849509041012E-7     -2.4396167417177935E-6   23002.201992079943
-7.177445161781886E-7     -2.437239224195575E-6    22739.75453130494
-3.6887616056866033E-7    -2.5543359090095037E-6   22015.621218656666
-5.044357258427477E-7     -2.551958391487285E-6    21777.99070387298
-6.39995291116835E-7      -2.5495808739650667E-6   21586.96513658247
-4.2668650078139417E-7    -2.664300041256776E-6    20649.768943611107
-5.622460660554815E-7     -2.6619225237345575E-6   20437.746241288045
-4.84496840994128E-7      -2.7742641735040488E-6   19353.288603620054
-3.4665057003921196E-7    -2.7780043362249643E-6   19453.63049367015
-2.088042990842958E-7     -2.7817444989458802E-6   19450.171392609955
-7.095802812937977E-8     -2.7854846616667958E-6   19446.71064172141
6.688824282553634E-8      -2.7892248243877113E-6   19443.248241004512
-2.888402298264781E-7     -2.668040203977692E-6    20740.53560772517
-1.5099395887156198E-7    -2.671780366698608E-6    20739.16013514736
-1.3147687916645929E-8    -2.675520529419523E-6    20737.782637823213
-2.3102988961374424E-7    -2.558076071730419E-6    22034.797002303396
-9.31836186588282E-8      -2.561816234451335E-6    22033.377976361753
-1.7321954940101045E-7    -2.448111939483147E-6    23333.369628976478
-1.7125782460411188E-6    -2.734589159353863E-6    16105.25924040107
-1.5779100469177902E-6    -2.7403407646662523E-6   16599.255589258355
-1.4432418477944621E-6    -2.746092369978641E-6    17093.099588543773
-1.308573648671134E-6     -2.7518439752910304E-6   17586.79123825733
-1.1739054495478057E-6    -2.7575955806034196E-6   17992.590426873827
-1.65342581646705E-6      -2.6282573424917983E-6   17396.805088296012
-1.5187576173437218E-6    -2.634008947804187E-6    17894.843913028388
-1.3840894182203935E-6    -2.6397605531165764E-6   18392.72519360535
-1.2494212190970654E-6    -2.6455121584289656E-6   18801.886747310185
-1.594273386892981E-6     -2.521925525629733E-6    18696.97216379264
-1.459605187769653E-6     -2.5276771309421228E-6   19196.335007589878
-1.3249369886463248E-6    -2.533428736254512E-6    19670.201807521647
-1.5351209573189126E-6    -2.4155937087676688E-6   20002.029737149238
-1.4004527581955843E-6    -2.421345314080058E-6    20540.88081246335
-1.475968527744844E-6     -2.3092618919056044E-6   21413.923762135335
-1.1137729528984237E-6    -2.648587649414054E-6    19347.974407661248
-1.0536404562490416E-6    -2.5395797182246887E-6   20765.363378208585
-9.935079595996596E-7     -2.4305717870353233E-6   22187.785527145017
-9.333754629502776E-7     -2.321563855845958E-6    23615.240854470565
-1.1892887224476833E-6    -2.5365042272396006E-6   20195.365993154952
-1.1291562257983013E-6    -2.4274962960502347E-6   21682.635137146826
-1.0690237291489192E-6    -2.3184883648608697E-6   23175.13199656906
-1.2648044919969428E-6    -2.424420805065146E-6    21130.877566322415
-1.2046719953475607E-6    -2.315412873875781E-6    22622.119540263622
-1.3403202615462022E-6    -2.3123373828906926E-6   22069.032113375517
-8.556262378889241E-7     -2.4339055056154495E-6   22418.07406167415
-9.157587345383062E-7     -2.5429134368048146E-6   21061.00541396798
-9.75891231187688E-7      -2.65192136799418E-6     19708.775407609606
-1.0360237278370703E-6    -2.7609292991835455E-6   18363.896739919655
-7.778770128275705E-7     -2.5462471553849404E-6   21337.027479555647
-8.380095094769525E-7     -2.655255086574306E-6    19984.049093891063
-8.981420061263346E-7     -2.7642630177636713E-6   18636.641831933273
-7.001277877662171E-7     -2.6585888051544317E-6   20259.27248029367
-7.602602844155991E-7     -2.767596736343797E-6    18909.338427616523
-6.223785627048636E-7     -2.770930454923923E-6    19181.986526969406
-4.766861098052837E-6     -3.5746990141147762E-6   -2952.4781062126212
-4.6435584273970534E-6    -3.6527715519151368E-6   -2279.8919209732435
-4.52025575674127E-6      -3.7308440897154977E-6   -1610.6093986731598
-4.396953086085487E-6     -3.8089166275158595E-6   -1101.6687949901002
-4.657024866761458E-6     -3.4998969190006214E-6   -2598.0054451823053
-4.533722196105674E-6     -3.5779694568009823E-6   -1925.2018563543852
-4.410419525449891E-6     -3.6560419946013433E-6   -1313.0139133602352
-4.5471886354700785E-6    -3.4250948238864666E-6   -2240.9166968202426
-4.4238859648142956E-6    -3.503167361686828E-6    -1525.2919586094295
-4.4373524041787E-6       -3.350292728772312E-6    -1738.502930737688
-4.517845540495312E-6     -4.440118920835939E-6    -703.4791571154465
-4.484255817051754E-6     -4.320537005734547E-6    -770.597399227915
-4.450666093608197E-6     -4.200955090633157E-6    -836.6375705945834
-4.4170763701646396E-6    -4.081373175531766E-6    -901.599671215447
-4.607558487707537E-6     -4.385321610791329E-6    -977.8349983095904
-4.57396876426398E-6      -4.265739695689938E-6    -1086.3488619573882
-4.5403790408204225E-6    -4.146157780588547E-6    -1193.834078742404
-4.697271434919764E-6     -4.33052430074672E-6     -1276.4573761381048
-4.663681711476206E-6     -4.2109423856453295E-6   -1386.3539701653726
-4.78698438213199E-6      -4.275726990702112E-6    -1576.5630008745202
-8.38702058196475E-8      -3.334307533062801E-6    13927.484276403455
-2.6149261899627524E-8    -3.226039023871966E-6    14957.850051192978
3.157168202039246E-8      -3.117770514681131E-6    16037.444290976026
8.929262594041243E-8      -3.0095020054902967E-6   17119.94921017703
1.4701356986043242E-7     -2.901233496299462E-6    18205.364808796003
-1.6399553285454362E-7    -3.2222988611510506E-6   14963.012174852007
-1.0627458893452362E-7    -3.1140303519602154E-6   16026.250031372623
-4.8553645014503635E-8    -3.0057618427693807E-6   17161.020137696796
9.167298905516338E-9      -2.897493333578546E-6    18298.907750121965
-2.441208598894397E-7     -3.1102901892393E-6      16047.023337362407
-1.8639991596941972E-7    -3.0020216800484648E-6   17166.53818091523
-1.2867897204939974E-7    -2.8937531708576305E-6   18304.461188094774
-3.2424618692433576E-7    -2.9982815173275497E-6   17133.994345924766
-2.665252430043158E-7     -2.8900130081367145E-6   18310.013351157177
-4.043715139592319E-7     -2.886272845415799E-6    18223.92520053911
2.2918947589723651E-7     -3.0112220666508003E-6   16983.341558282482
1.7146853197721652E-7     -3.1194905758416346E-6   15953.396304160899
1.1374758805719654E-7     -3.2277590850324693E-6   14926.154902774215
5.602664413717657E-8      -3.3360275942233044E-6   13902.580674942943
3.113653819340406E-7      -3.121210637002138E-6    15852.67993329631
2.536444380140206E-7      -3.2294791461929733E-6   14825.76840462026
1.9592349409400064E-7     -3.3377476553838076E-6   13801.824249379493
3.9354128797084473E-7     -3.2311992073534764E-6   14725.391705394683
3.3582034405082476E-7     -3.339467716544311E-6    13701.077474890088
4.7571719400764877E-7     -3.3411877777048147E-6   13600.340351474717
3.0183181895323667E-7     -3.8908174148143865E-6   8929.42317996645
3.6458826395548393E-7     -3.781235499624573E-6    9793.374902558495
4.2734470895773115E-7     -3.6716535844347593E-6   10691.890397489658
4.901011539599785E-7      -3.5620716692449456E-6   11592.070153551407
5.528575989622256E-7      -3.452489754055132E-6    12493.914170743743
2.2469141399865984E-7     -3.7795154384640693E-6   9893.32718979349
2.87447859000907E-7       -3.6699335232742557E-6   10783.196577431432
3.5020430400315424E-7     -3.5603516080844416E-6   11720.011752956752
4.1296074900540156E-7     -3.4507696928946284E-6   12658.680836603537
1.47551009044083E-7       -3.668213462113752E-6    10891.698518026078
2.1030745404633022E-7     -3.5586315469239384E-6   11820.814439637492
2.730638990485775E-7      -3.449049631734125E-6    12759.800789566014
7.041060408950617E-8      -3.556911485763435E-6    11892.380676913694
1.3316704909175337E-7     -3.4473295705736212E-6   12860.930245748148
-6.729800865070683E-9     -3.4456095094131176E-6   12895.37366645634
6.303172486767368E-7      -3.5623603777766E-6      11439.912690742121
5.675608036744895E-7      -3.671942292966414E-6    10576.623431981316
5.048043586722424E-7      -3.7815242081562275E-6   9714.808787360193
4.420479136699951E-7      -3.891106123346041E-6    8854.577728204891
7.07776898391248E-7       -3.672231001498069E-6    10452.189734837251
6.450204533890007E-7      -3.7818129166878824E-6   9590.947434335236
5.822640083867536E-7      -3.8913948318776965E-6   8731.213547978143
7.852365481057591E-7      -3.782101625219537E-6    9467.089086912121
7.224801031035119E-7      -3.89168354040935E-6     8607.852323269148
8.626961978202704E-7      -3.891972248941006E-6    8484.494054077895
7.424041634039829E-7      -4.335239912728616E-6    5161.99211414033
8.075311956872443E-7      -4.224495173914627E-6    5945.1506244061065
8.726582279705057E-7      -4.113750435100638E-6    6728.86252486318
9.377852602537672E-7      -4.0030056962866495E-6   7513.127815511559
6.021880686872244E-7      -4.334951204196962E-6    5283.105324969067
6.673151009704858E-7      -4.224206465382973E-6    6064.854118736674
7.324421332537474E-7      -4.113461726568983E-6    6870.640024772951
7.975691655370088E-7      -4.002716987754994E-6    7677.14777225707
5.270990062537274E-7      -4.223917756851318E-6    6188.164483444839
5.922260385369888E-7      -4.113173018037329E-6    6992.957198074118
6.573530708202504E-7      -4.0024282792233395E-6   7800.023129247835
4.5200994382023054E-7     -4.112884309505674E-6    7094.903872752711
5.171369761034919E-7      -4.002139570691685E-6    7922.901391672226
3.769208813867335E-7      -4.00185086216003E-6     8003.323492892687
1.0133185800065342E-6     -4.11437323656318E-6     6611.26283472914
9.481915477232727E-7      -4.2251179753771695E-6   5849.868456634464
8.83064515440011E-7       -4.335862714191159E-6    5088.859017474541
8.179374831567498E-7      -4.446607453005148E-6    4328.355158357556
1.088851899759301E-6      -4.225740776839712E-6    5752.542703977873
1.0237248674760396E-6     -4.336485515653701E-6    4992.334965290743
9.58597835192778E-7       -4.44723025446769E-6     4232.551955241486
1.164385219512068E-6      -4.337108317116243E-6    4895.8199180693655
1.0992581872288065E-6     -4.447853055930233E-6    4136.757673661443
1.239918539264835E-6      -4.448475857392775E-6    4040.9723136174225
1.039678891017985E-6      -4.779016662079583E-6    1868.2874145398569
1.1064254404336015E-6     -4.668836393850647E-6    2592.7820583029097
1.1731719898492183E-6     -4.55865612562171E-6     3316.9696368666955
9.657650883975733E-7      -4.668213592388104E-6    2687.0866157895107
1.03251163781319E-6       -4.558033324159168E-6    3412.0551047609383
8.918512857771613E-7      -4.557410522696626E-6    3507.1494107648027
-3.463066087602853E-6     -2.73635898711573E-6     5074.367047982437
-3.554087828145188E-6     -2.779579724960445E-6    4287.036073451976
-3.645109568687523E-6     -2.822800462805159E-6    3541.5290605142163
-3.736131309229858E-6     -2.866021200649874E-6    2797.702074247214
-3.827153049772194E-6     -2.909241938494589E-6    2117.4741425286993
-3.445782678283866E-6     -2.8362024610257536E-6   4909.966199251374
-3.536804418826201E-6     -2.8794231988704682E-6   4180.723717622599
-3.6278261593685363E-6    -2.922643936715183E-6    3437.193206729513
-3.7188478999108714E-6    -2.9658646745598975E-6   2722.2694132834085
-3.428499268964879E-6     -2.936045934935777E-6    4745.84437428099
-3.519521009507214E-6     -2.9792666727804915E-6   4074.577696358053
-3.6105427500495496E-6    -3.022487410625206E-6    3324.9801983531124
-3.411215859645892E-6     -3.035889408845801E-6    4582.001573071308
-3.5022376001882274E-6    -3.0791101466905157E-6   3925.606497737815
-3.393932450326905E-6     -3.1357328827558244E-6   4418.827584581867
-3.368139631378216E-6     -2.7492226258640593E-6   5770.722985383849
-3.3508562220592294E-6    -2.8490660997740826E-6   5548.506296667774
-3.3335728127402426E-6    -2.9489095736841067E-6   5326.681320908245
-3.316289403421256E-6     -3.048753047594131E-6    5185.304189235761
-3.27321317515358E-6      -2.762086264612389E-6    6426.489444517138
-3.2559297658345933E-6    -2.861929738522413E-6    6202.568906673068
-3.2386463565156066E-6    -2.9617732124324366E-6   6018.930725838616
-3.1782867189289436E-6    -2.7749499033607185E-6   7081.8103603042355
-3.161003309609957E-6     -2.8747933772707422E-6   6855.863531923115
-3.083360262704308E-6     -2.7878135421090487E-6   7696.102607489242
-3.8583151945908205E-6    -3.5088035326558588E-6   1247.9430977443878
-3.976815924381278E-6     -3.4465264452962464E-6   721.9670255554038
-4.095316654171734E-6     -3.3842493579366337E-6   89.84526168323237
-4.213817383962191E-6     -3.3219722705770214E-6   -544.8275801177945
-4.332318113752647E-6     -3.2596951832174087E-6   -1182.0514998476829
-3.963349485016873E-6     -3.5994010782107622E-6   700.0375807877874
-4.08185021480733E-6      -3.5371239908511495E-6   178.8097834876162
-4.200350944597786E-6     -3.4748469034915368E-6   -410.2206131372441
-4.318851674388243E-6     -3.4125698161319245E-6   -1001.7552077494329
-4.068383775442925E-6     -3.6899986237656653E-6   265.93012287788406
-4.186884505233382E-6     -3.6277215364060526E-6   -303.5648741478235
-4.305385235023838E-6     -3.5654444490464403E-6   -891.8744444877884
-4.173418065868977E-6     -3.7805961693205683E-6   -165.00608175262823
-4.291918795659434E-6     -3.7183190819609556E-6   -782.7371521996392
-4.278452356295029E-6     -3.871193714875472E-6    -592.7710331037406
-3.920029598624977E-6     -2.9838560684745958E-6   1357.299680274391
-4.023101727406894E-6     -3.0528158471602987E-6   600.5608084424202
-4.126173856188812E-6     -3.1217756258460024E-6   -19.58612026353876
-4.2292459849707294E-6    -3.1907354045317053E-6   -637.0142423146099
-3.9046009976164375E-6    -3.1150929345199114E-6   1327.8742257980975
-4.007673126398355E-6     -3.1840527132056143E-6   660.5234990535901
-4.110745255180273E-6     -3.253012491891318E-6    42.884677631634986
-3.889172396607899E-6     -3.246329800565227E-6    1298.3232959490197
-3.9922445253898165E-6    -3.3152895792509304E-6   720.1856397074826
-3.873743795599359E-6     -3.377566666610543E-6    1268.6468907271674
-3.4868089991796882E-6    -3.2103470127358313E-6   3694.772145989547
-3.59511414904101E-6      -3.1537242766705227E-6   3193.443800781456
-3.703419298902332E-6     -3.097101540605213E-6    2628.0824679523957
-3.8117244487636544E-6    -3.0404788045399044E-6   2060.65880660708
-3.5796855480324713E-6    -3.2849611427158383E-6   3056.4566682671502
-3.687990697893793E-6     -3.2283384066505288E-6   2507.0184310568557
-3.7962958477551153E-6    -3.17171567058522E-6     1941.9740420194357
-3.6725620968852544E-6    -3.3595752726958453E-6   2420.8263724992603
-3.780867246746576E-6     -3.3029525366305357E-6   1823.3388766434937
-3.7654386457380375E-6    -3.434189402675852E-6    1787.8812586859103
-2.9546826261320835E-6    -2.8085840440268626E-6   8327.084750643557
-3.032325673037733E-6     -2.8955638791885565E-6   7482.944856770666
-3.109968719943382E-6     -2.9825437143502505E-6   6684.840475583034
-3.1876117668490314E-6    -3.069523549511944E-6    5889.99476549232
-3.265254813754681E-6     -3.1565033846736387E-6   5115.849757845647
-2.9036480364655088E-6    -2.916334381106371E-6    8116.4544353092115
-2.9812910833711577E-6    -3.0033142162680643E-6   7310.012454295367
-3.0589341302768074E-6    -3.0902940514297587E-6   6513.782083639396
-3.1365771771824567E-6    -3.1772738865914526E-6   5728.597392876371
-2.8526134467989336E-6    -3.0240847181858787E-6   7905.622962626958
-2.9302564937045834E-6    -3.1110645533475726E-6   7136.722274807438
-3.0078995406102327E-6    -3.198044388509267E-6    6340.51505754901
-2.801578857132359E-6     -3.131835055265387E-6    7694.590332596788
-2.8792219040380082E-6    -3.2188148904270812E-6   6951.602751863539
-2.750544267465784E-6     -3.239585392344895E-6    7488.3221511602
-2.8476299045712125E-6    -2.8068194076224686E-6   9105.916518641108
-2.7965953149046373E-6    -2.9145697447019764E-6   8857.494161016082
-2.7455607252380626E-6    -3.0223200817814846E-6   8609.02726570786
-2.694526135571488E-6     -3.1300704188609933E-6   8409.443696034758
-2.740577183010341E-6     -2.8050547712180745E-6   9842.035921785762
-2.6895425933437667E-6    -2.9128051082975828E-6   9591.645424197444
-2.6385080036771916E-6    -3.020555445377091E-6    9360.331002598496
-2.6335244614494704E-6    -2.803290134813681E-6    10578.219801665851
-2.5824898717828952E-6    -2.911040471893189E-6    10315.117390076804
-2.5264717398885993E-6    -2.8015254984092873E-6   11273.802858469717
-2.6260698680591247E-6    -3.2473375786040602E-6   8060.3557368147085
-2.501595468652465E-6     -3.255089764863225E-6    8573.48432927432
-2.3771210692458053E-6    -3.26284195112239E-6     9086.354498678073
-2.2526466698391454E-6    -3.270594137381555E-6    9598.96624502596
-2.128172270432486E-6     -3.27834632364072E-6     10058.232995252001
-2.5700517361648284E-6    -3.137822605120158E-6    8975.925675412307
-2.4455773367581685E-6    -3.145574791379323E-6    9493.214567441013
-2.3211029373515086E-6    -3.153326977638488E-6    10010.238235439188
-2.1966285379448495E-6    -3.1610791638976533E-6   10471.815224753464
-2.5140336042705316E-6    -3.028307631636256E-6    9898.743160577902
-2.3895592048638726E-6    -3.0360598178954213E-6   10417.769480854215
-2.2650848054572127E-6    -3.043812004154586E-6    10918.844771577487
-2.4580154723762358E-6    -2.9187926581523543E-6   10825.402588593826
-2.3335410729695763E-6    -2.9265448444115194E-6   11366.188644932761
-2.40199734048194E-6      -2.8092776846684524E-6   11813.846844819276
-1.9034316102180548E-6    -2.838739307961323E-6    14380.434222503849
-2.028073042784026E-6     -2.8313739021381054E-6   13798.140126004328
-2.1527144753499972E-6    -2.8240084963148878E-6   13156.268690075982
-2.2773559079159685E-6    -2.81664309049167E-6     12514.151891467354
-1.9596167752716623E-6    -2.9486410618811724E-6   13285.302418596966
-2.0842582078376336E-6    -2.9412756560579547E-6   12666.816496087247
-2.208899640403605E-6     -2.933910250234737E-6    12026.636405757657
-2.01580194032527E-6      -3.0585428158010213E-6   12194.21944368424
-2.1404433728912414E-6    -3.0511774099778036E-6   11539.647710785823
-2.071987105378878E-6     -3.168444569720871E-6    11107.18529776568
-1.9955795730625728E-6    -3.2834186516582553E-6   10536.440723361726
-1.8629868756926594E-6    -3.2884909796757895E-6   10953.329274108135
-1.730394178322746E-6     -3.293563307693325E-6    11370.079026835867
-1.5978014809528331E-6    -3.2986356357108595E-6   11786.689981544929
-1.4652087835829198E-6    -3.3037079637283946E-6   12145.205406098592
-1.9393944080089646E-6    -3.1735168977384056E-6   11581.279965205136
-1.8068017106390517E-6    -3.17858922575594E-6     12001.232433374245
-1.6742090132691383E-6    -3.1836615537734752E-6   12421.042193486795
-1.5416163158992254E-6    -3.1887338817910107E-6   12782.171989281218
-1.883209242955357E-6     -3.0636151438185563E-6   12632.098006268396
-1.750616545585444E-6     -3.0686874718360913E-6   13053.505509948121
-1.6180238482155306E-6    -3.0737597998536263E-6   13459.922216967807
-1.8270240779017492E-6    -2.953713389898707E-6    13686.858860704286
-1.694431380531836E-6     -2.9587857179162424E-6   14138.798512527577
-1.7708389128481417E-6    -2.843811635978858E-6    14818.800875960529
-1.2321661163548286E-6    -2.8668180572284147E-6   16774.147661658513
-1.366834315478157E-6     -2.8610664519160254E-6   16361.562685895407
-1.501502514601485E-6     -2.855314846603636E-6    15871.868686721327
-1.6361707137248131E-6    -2.849563241291247E-6    15382.027532558928
-1.2904267831618513E-6    -2.9760405338534098E-6   15601.500137605004
-1.4250949822851796E-6    -2.97028892854102E-6     15144.83161270432
-1.559763181408508E-6     -2.9645373232286313E-6   14656.427196426579
-1.348687449968874E-6     -3.0852630104784044E-6   14432.789925056337
-1.4833556490922023E-6    -3.0795114051660156E-6   13932.188961745722
-1.406948116775897E-6     -3.1944854871034E-6      13268.017024012519
-1.3281349841907483E-6    -3.3072808773774528E-6   12481.72239807474
-1.1910611847985767E-6    -3.310853791026511E-6    12749.575308327165
-1.0539873854064054E-6    -3.3144267046755684E-6   13017.364275870332
-9.169135860142337E-7     -3.3179996183246266E-6   13285.08930070425
-7.798397866220622E-7     -3.3215725319736848E-6   13485.81199940276
-1.2698743173837252E-6    -3.1980584007524577E-6   13596.876083044073
-1.1328005179915538E-6    -3.2016313144015155E-6   13866.965107971897
-9.957267185993823E-7     -3.2052042280505733E-6   14136.98829429211
-8.586529192072109E-7     -3.208777141699632E-6    14341.923799475067
-1.2116136505767025E-6    -3.0888359241274626E-6   14717.522475279873
-1.074539851184531E-6     -3.092408837776521E-6    14988.555901978265
-9.374660517923596E-7     -3.0959817514255782E-6   15243.791409070649
-1.1533529837696798E-6    -2.9796134475024676E-6   15841.955068292838
-1.0162791843775084E-6    -2.9831863611515258E-6   16147.730333476575
-1.0950923169626572E-6    -2.8703909708774725E-6   17053.740572692855
-7.207711974964754E-7     -3.2121108602797578E-6   14609.332638816439
-6.617026083708885E-7     -3.10264918858583E-6     15779.288371590716
-6.026340192453016E-7     -2.9931875168919033E-6   16952.831512802164
-5.435654301197148E-7     -2.883725845197976E-6    18129.962062450788
-7.995843300816242E-7     -3.0993154700057045E-6   15496.80360015341
-7.405157409560373E-7     -2.989853798311777E-6    16720.481153406923
-6.814471518304504E-7     -2.88039212661785E-6     17947.934616705974
-8.783974626667727E-7     -2.9865200797316508E-6   16451.0278081901
-8.193288735411859E-7     -2.877058408037724E-6    17677.772198353472
-9.572105952519215E-7     -2.8737246894575983E-6   17407.56308721904
-4.6344010308481873E-7    -2.9957345171097265E-6   17005.862955256423
-5.225086922104056E-7     -3.1051961888036535E-6   15882.838655572657
-5.815772813359924E-7     -3.21465786049758E-6     14763.213262717687
-6.406458704615793E-7     -3.324119532191508E-6    13648.362370884439
-3.833147760499226E-7     -3.1077431890214763E-6   15972.584799292435
-4.4238336517550946E-7    -3.2172048607154037E-6   14852.634762787404
-5.014519543010964E-7     -3.326666532409331E-6    13736.448565654951
-3.0318944901502654E-7    -3.219751860933227E-6    14942.039314733018
-3.622580381406134E-7     -3.329213532627154E-6    13824.5183773858
-2.2306412198013044E-7    -3.3317605328449776E-6   13912.57180607698
-3.778057838710085E-6     -4.079859127559132E-6    932.6435949400172
-3.7941093098862324E-6    -3.965648008578477E-6    975.4379447846788
-3.810160781062379E-6     -3.851436889597823E-6    1040.5889468893217
-3.826212252238526E-6     -3.737225770617168E-6    1105.5113326113249
-3.842263723414674E-6     -3.6230146516365133E-6   1170.2051019506755
-3.899143600312285E-6     -4.056245554133381E-6    633.4452272345097
-3.915195071488432E-6     -3.942034435152726E-6    639.4889992818225
-3.931246542664579E-6     -3.827823316172072E-6    638.2289433320425
-3.947298013840726E-6     -3.7136121971914163E-6   636.6456700549143
-4.020229361914484E-6     -4.032631980707629E-6    259.4375464030352
-4.036280833090631E-6     -3.918420861726974E-6    256.8116981016278
-4.052332304266778E-6     -3.80420974274632E-6     253.37733148996904
-4.141315123516684E-6     -4.009018407281878E-6    -115.44331035946658
-4.1573665946928305E-6    -3.894807288301222E-6    -126.75088009981118
-4.2624008851188825E-6    -3.985404833856127E-6    -491.19734305300375
-4.450304088404033E-6     -4.553683543521794E-6    -546.9407994805001
-4.349172912869197E-6     -4.547666251106258E-6    -397.555017155161
-4.248041737334362E-6     -4.541648958690723E-6    -247.9925373365465
-4.146910561799526E-6     -4.535631666275187E-6    -98.25336002465411
-4.416714364960476E-6     -4.434101628420403E-6    -575.0364295623622
-4.31558318942564E-6      -4.428084336004867E-6    -423.63220726828513
-4.214452013890805E-6     -4.422067043589332E-6    -272.0497799596833
-4.113320838355969E-6     -4.416049751173797E-6    -119.66518532589544
-4.383124641516918E-6     -4.314519713319012E-6    -600.3426750617982
-4.281993465982082E-6     -4.308502420903477E-6    -447.13934731054906
-4.180862290447247E-6     -4.302485128487941E-6    -295.93594276320164
-4.349534918073361E-6     -4.194937798217621E-6    -624.5214259324202
-4.248403742538525E-6     -4.188920505802086E-6    -474.4711810174904
-4.315945194629804E-6     -4.075355883116231E-6    -655.2709000887717
-3.831602148221007E-6     -4.169810176819236E-6    791.4582975949083
-3.9526879098232054E-6    -4.146196603393485E-6    437.82516097456687
-4.073773671425405E-6     -4.122583029967733E-6    71.75480948941458
-4.194859433027604E-6     -4.098969456541981E-6    -295.1766168365484
-3.885146457731927E-6     -4.25976122607934E-6     602.8019740270402
-4.0062322193341265E-6    -4.236147652653589E-6    250.6943691811639
-4.127317980936326E-6     -4.212534079227837E-6    -113.93396264450712
-3.938690767242848E-6     -4.349712275339444E-6    415.6584867921165
-4.0597765288450476E-6    -4.326098701913693E-6    65.07224118455542
-3.992235076753769E-6     -4.439663324599548E-6    230.02783589016144
-4.42164093470787E-6      -4.641743376334327E-6    -441.331216013984
-4.3929777810117076E-6    -4.729803209146861E-6    -338.12655873887206
-4.364314627315546E-6     -4.817863041959395E-6    -235.66493770155114
-4.320509759173034E-6     -4.635726083918792E-6    -293.421287105426
-4.2918466054768725E-6    -4.7237859167313254E-6   -191.47314873553387
-4.219378583638199E-6     -4.629708791503257E-6    -145.33616822484146
-3.973449497513874E-7     -3.8840138880914575E-6   8963.315125910989
-3.3465000096503946E-7    -3.774072617085726E-6    9919.987147653197
-2.7195505217869145E-7    -3.664131346079995E-6    10910.79694462249
-2.0926010339234345E-7    -3.554190075074263E-6    11903.926555542788
-1.4656515460599545E-7    -3.444248804068532E-6    12899.375980414086
-4.738439171255224E-7     -3.771525616867903E-6    9833.759750459987
-4.1114896833917437E-7    -3.661584345862171E-6    10816.316981171345
-3.4845401955282637E-7    -3.55164307485644E-6     11845.348369146044
-2.8575907076647837E-7    -3.4417018038507085E-6   12876.881745614179
-5.503428844996573E-7     -3.6590373456443484E-6   10738.262437178357
-4.876479357133092E-7     -3.5490960746386167E-6   11758.929290656828
-4.2495298692696134E-7    -3.4391548036328857E-6   12790.150257764135
-6.268418518737923E-7     -3.546549074420794E-6    11644.423591157822
-5.641469030874443E-7     -3.436607803415062E-6    12703.40295195882
-7.033408192479272E-7     -3.4340608031972393E-6   12552.243212398389
-6.942474965141865E-8     -3.555550780418849E-6    11869.61834967016
-1.3211969843776662E-7    -3.6654920514245803E-6   10912.69621098617
-1.948146472241146E-7     -3.7754333224303116E-6   9957.911711710733
-2.575095960104626E-7     -3.885374593436044E-6    9005.770712300367
7.715655303158194E-9      -3.666852756769166E-6    10906.205871426573
-5.4979293483189795E-8    -3.7767940277748975E-6   9951.41465797221
-1.1767424226953777E-7    -3.8867352987806284E-6   8998.909334714546
8.485606025773502E-8      -3.7781547331194834E-6   9944.917110588422
2.2161111471387032E-8     -3.888096004125215E-6    8992.047511348661
1.6199646521231186E-7     -3.889456709469801E-6    8985.185242202715
4.5651052447605025E-8     -4.3327915779516175E-6   5420.125027318869
1.0969624407401293E-7     -4.222298037167309E-6    6291.622590558012
1.7374143570042085E-7     -4.1118044963830024E-6   7164.277271040257
2.3778662732682876E-7     -4.001310955598694E-6    8038.089068765614
-9.418430129331979E-8     -4.331430872607032E-6    5427.371842583443
-3.013910966691188E-8     -4.220937331822724E-6    6297.170464016951
3.390608195949603E-8      -4.110443791038416E-6    7191.65970413866
9.795127358590394E-8      -3.999950250254109E-6    8087.475688549576
-1.699744634078367E-7     -4.219576626478138E-6    6306.107091653688
-1.0592927178142879E-7    -4.10908308569383E-6     7198.895460574154
-4.188408015502088E-8     -3.998589544909522E-6    8094.703458309295
-2.457646255223536E-7     -4.107722380349244E-6    7185.97458265395
-1.8171943389594568E-7    -3.997228839564937E-6    8101.930830154122
-3.215547876368705E-7     -3.9958681342203505E-6   8066.974315584237
3.128756897603257E-7      -4.112344402944338E-6    7109.329449132536
2.4883049813391775E-7     -4.222837943728645E-6    6258.781962206962
1.8478530650750987E-7     -4.333331484512953E-6    5409.221965478383
1.2074011488110196E-7     -4.443825025297261E-6    4560.752113224003
3.879647521938226E-7      -4.223377850289982E-6    6224.247629012367
3.239195605674147E-7      -4.333871391074289E-6    5374.952279525222
2.5987436894100683E-7     -4.444364931858597E-6    4526.674541306822
4.6305381462731946E-7     -4.3344112976356256E-6   5340.685156295722
3.9900862300091157E-7     -4.444904838419933E-6    4492.599521430193
5.381428770608165E-7      -4.445444744981269E-6    4458.5270535941145
3.4114582723294106E-7     -4.777853954055704E-6    2001.4864862266506
4.068115105088995E-7      -4.667050884364226E-6    2820.2246020585185
4.7247719378485796E-7     -4.556247814672748E-6    3639.1997987181717
2.676772564489947E-7      -4.66651097780289E-6     2853.846915661774
3.3334293972495317E-7     -4.555707908111412E-6    3673.083466723683
1.9420868566504833E-7     -4.555168001550075E-6    3706.969676086621
-3.664489440946753E-6     -4.029103180540794E-6    1309.4885205597636
-3.55092104318342E-6      -3.978347233522456E-6    1780.83478904524
-3.4373526454200872E-6    -3.927591286504118E-6    2253.998559610072
-3.323784247656755E-6     -3.8768353394857804E-6   2728.979832254282
-3.210215849893422E-6     -3.826079392467442E-6    3266.9411424857217
-3.6805409121228993E-6    -3.91489206156014E-6     1424.9525139473226
-3.566972514359567E-6     -3.8641361145418016E-6   1922.1661416718944
-3.453404116596234E-6     -3.8133801675234633E-6   2421.235749302309
-3.339835718832902E-6     -3.762624220505126E-6    2989.621753629948
-3.6965923832990466E-6    -3.8006809425794845E-6   1556.398649488463
-3.5830239855357144E-6    -3.7499249955611466E-6   2055.670663256993
-3.4694555877723813E-6    -3.699169048542809E-6    2587.747174522065
-3.712643854475194E-6     -3.68646982359883E-6     1687.7107695916675
-3.599075456711861E-6     -3.635713876580492E-6    2183.4633544017047
-3.728695325651341E-6     -3.5722587046181754E-6   1776.7702932688633
-3.3571891302402088E-6    -3.2738021846981485E-6   4155.760333441636
-3.450065679092992E-6     -3.3484163146781546E-6   3489.4971346315215
-3.5429422279457745E-6    -3.4230304446581615E-6   2901.9241119168164
-3.6358187767985576E-6    -3.4976445746381685E-6   2316.975637799901
-3.320445810153512E-6     -3.4118714866404717E-6   3933.950101839301
-3.4133223590062946E-6    -3.4864856166204782E-6   3345.775797803164
-3.506198907859078E-6     -3.561099746600485E-6    2760.5183943023158
-3.283702490066815E-6     -3.549940788582795E-6    3711.9198253865607
-3.376579038919598E-6     -3.624554918562802E-6    3201.6374763997646
-3.2469591699801188E-6    -3.6880100905251186E-6   3489.669504083401
-3.2285114936679843E-6    -3.294572686615962E-6    4833.028110643458
-3.1917681735812875E-6    -3.4326419885582856E-6   4532.7413269683875
-3.1550248534945907E-6    -3.570711290500609E-6    4232.431438167537
-3.1182815334078947E-6    -3.708780592442933E-6    4011.100253829967
-3.09983385709576E-6      -3.3153431885337762E-6   5433.417446610501
-3.0630905370090635E-6    -3.4534124904760995E-6   5130.427386422814
-3.0263472169223667E-6    -3.5914817924184235E-6   4860.273064983948
-2.971156220523536E-6     -3.33611369045159E-6     6032.993968840376
-2.9344129004368395E-6    -3.4741829923939138E-6   5713.920824224062
-2.842478583951312E-6     -3.356884192369405E-6    6572.043531550296
-2.6926654818575845E-6    -3.360558236817255E-6    7064.007556327868
-2.784599798343112E-6     -3.4778570368417638E-6   6175.793555149821
-2.87653411482864E-6      -3.595155836866273E-6    5366.0388441613795
-2.968468431314167E-6     -3.712454636890783E-6    4560.663395182892
-3.060402747799695E-6     -3.829753436915293E-6    3760.8097198795754
-2.634786696249385E-6     -3.481531081289614E-6    6687.093701805601
-2.726721012734912E-6     -3.5988298813141235E-6   5838.794544639668
-2.81865532922044E-6      -3.7161286813386337E-6   5031.073492122245
-2.9105896457059674E-6    -3.833427481363143E-6    4228.186663477789
-2.5769079106411844E-6    -3.6025039257619743E-6   6309.908943708198
-2.6688422271267125E-6    -3.719802725786483E-6    5501.332354237042
-2.7607765436122397E-6    -3.837101525810993E-6    4695.415266939781
-2.519029125032985E-6     -3.723476770234334E-6    5932.453282035668
-2.610963441518513E-6     -3.840775570258844E-6    5162.495530265555
-2.461150339424785E-6     -3.844449614706694E-6    5585.817975117989
-2.1947678842309458E-6    -3.391566981853915E-6    9127.02961438555
-2.3192422836376052E-6    -3.3838147955947494E-6   8664.307347240225
-2.443716683044265E-6     -3.3760626093355847E-6   8155.819048410512
-2.5681910824509246E-6    -3.3683104230764195E-6   7647.079127499607
-2.2613634980294056E-6    -3.5047876400671095E-6   8227.374248591954
-2.385837897436065E-6     -3.4970354538079444E-6   7737.092407892725
-2.510312296842725E-6     -3.4892832675487793E-6   7230.318287209036
-2.3279591118278654E-6    -3.618008298280304E-6    7331.21950931791
-2.452433511234525E-6     -3.610256112021139E-6    6813.478819660651
-2.3945547256263253E-6    -3.7312289564934987E-6   6438.565396563445
-2.0575102751562372E-6    -3.3949834337576384E-6   9475.032203280974
-2.1241058889546967E-6    -3.5082040919708326E-6   8549.966094875526
-2.1907015027531565E-6    -3.6214247501840276E-6   7681.322522869892
-2.2572971165516163E-6    -3.7346454083972218E-6   6816.078852787925
-2.3238927303500766E-6    -3.847866066610417E-6    5955.219689844242
-1.986848279879988E-6     -3.511620543874556E-6    8911.055571332558
-2.053443893678448E-6     -3.6248412020877507E-6   8018.389777687247
-2.1200395074769082E-6    -3.7380618603009457E-6   7151.48424776964
-2.1866351212753676E-6    -3.85128251851414E-6     6288.2708238629275
-1.9161862846037394E-6    -3.628257653991474E-6    8347.24954075152
-1.9827818984021993E-6    -3.7414783122046688E-6   7486.786253217506
-2.0493775122006595E-6    -3.854698970417863E-6    6621.220570204485
-1.8455242893274907E-6    -3.7448947641083927E-6   7783.614111537856
-1.9121199031259506E-6    -3.858115422321588E-6    6954.068928868903
-1.7748622940512418E-6    -3.86153187422531E-6     7248.006050999126
-1.5271394856765844E-6    -3.415272745827778E-6    11130.639615901619
-1.6597321830464974E-6    -3.410200417810243E-6    10769.265295555608
-1.7923248804164107E-6    -3.4051280897927076E-6   10355.663364270224
-1.9249175777863237E-6    -3.4000557617751726E-6   9941.926545004055
-1.5890701877702487E-6    -3.526837527927161E-6    10148.204836757577
-1.7216628851401618E-6    -3.5217651999096257E-6   9757.938760513389
-1.854255582510075E-6     -3.516692871892091E-6    9345.74479081538
-1.6510008898639131E-6    -3.638402310026544E-6    9168.958506282786
-1.7835935872338263E-6    -3.6333299820090088E-6   8749.931446642906
-1.7129315919575776E-6    -3.7499670921259273E-6   8192.900624477279
-1.389612318002231E-6     -3.4178391545598677E-6   11371.075032295115
-1.4515430200958953E-6    -3.5294039366592507E-6   10359.666119095316
-1.5134737221895596E-6    -3.6409687187586334E-6   9409.432254537413
-1.575404424283224E-6     -3.7525335008580165E-6   8462.256066146292
-1.6373351263768887E-6    -3.864098282957401E-6    7518.902566495279
-1.3140158524215418E-6    -3.5319703453913404E-6   10617.77392034047
-1.3759465545152062E-6    -3.6435351274907234E-6   9641.47523852492
-1.4378772566088707E-6    -3.7550999095901065E-6   8693.14257106761
-1.4998079587025351E-6    -3.86666469168949E-6     7748.060297201144
-1.238419386840853E-6     -3.646101536222813E-6    9865.369309723006
-1.3003500889345171E-6    -3.7576663183221957E-6   8923.974251231828
-1.3622807910281818E-6    -3.869231100421579E-6    7977.164322791241
-1.162822921260164E-6     -3.7602327270542857E-6   9113.861200442712
-1.2247536233538284E-6    -3.871797509153669E-6    8206.214643265572
-1.087226455679475E-6     -3.8743639178857584E-6   8393.126864118796
-1.0257491218679925E-6    -3.763805640703344E-6    9376.558672760293
-9.642717880565098E-7     -3.6532473635209286E-6   10391.93879783316
-9.027944542450274E-7     -3.542689086338514E-6    11410.147177471437
-8.413171204335448E-7     -3.4321308091560997E-6   12431.183811675131
-1.1013455874486814E-6    -3.649674449871871E-6    10120.97728177827
-1.0398682536371989E-6    -3.5391161726894564E-6   11171.971787943483
-9.783909198257163E-7     -3.4285578955070415E-6   12225.954812742091
-1.1769420530293703E-6    -3.535543259040398E-6    10907.35804664316
-1.115464719217888E-6     -3.4249849818579833E-6   11960.429390229037
-1.2525385186100592E-6    -3.4214120682089255E-6   11694.841920905073
-7.648181530594098E-7     -3.544619080379654E-6    11500.072630670329
-8.262954868708923E-7     -3.6551773575620687E-6   10514.966655239563
-8.877728206823749E-7     -3.765735634744483E-6    9532.528670306194
-9.492501544938576E-7     -3.876293911926899E-6    8553.406286294203
-6.883191856852748E-7     -3.657107351603208E-6    10630.65140914036
-7.497965194967574E-7     -3.7676656287856237E-6   9647.618020674838
-8.112738533082399E-7     -3.878223905968038E-6    8667.421897356347
-6.118202183111399E-7     -3.769595622826763E-6    9762.685770316064
-6.732975521226225E-7     -3.880153900009178E-6    8781.416373770287
-5.35321250937005E-7      -3.882083894050318E-6    8895.389715536017
-3.7059760746997547E-6    -4.156421389156122E-6    974.5594741023019
-3.7595203842106753E-6    -4.246372438416226E-6    810.3463096788
-3.813064693721596E-6     -4.336323487676329E-6    621.3814318173245
-3.8666090032325174E-6    -4.426274536936433E-6    433.9335628249519
-3.9201533127434385E-6    -4.516225586196538E-6    248.12252358681735
-3.6338943106894238E-6    -4.232983650753111E-6    1022.674007983876
-3.687438620200345E-6     -4.322934700013215E-6    839.3283514572468
-3.740982929711266E-6     -4.412885749273319E-6    650.1384314171464
-3.794527239222187E-6     -4.502836798533423E-6    461.79249729706817
-3.561812546679093E-6     -4.3095459123501E-6      1069.336306263071
-3.6153568561900136E-6    -4.3994969616102045E-6   866.8282829062346
-3.6689011657009346E-6    -4.489448010870309E-6    675.9433775187779
-3.489730782668762E-6     -4.3861081739470905E-6   1114.5463689398725
-3.5432750921796835E-6    -4.476059223207195E-6    890.5751642519385
-3.5924076769364216E-6    -4.105665442137784E-6    1393.1787155885204
-3.520325912926091E-6     -4.182227703734773E-6    1459.3303921504494
-3.44824414891576E-6      -4.258789965331762E-6    1524.0597078370788
-3.37616238490543E-6      -4.335352226928752E-6    1570.6759080541033
-3.478839279173089E-6     -4.054909495119445E-6    1839.8457036346972
-3.4067575151627585E-6    -4.131471756716435E-6    1905.1270729524804
-3.3346757511524276E-6    -4.208034018313425E-6    1982.6638980496127
-3.3652708814097563E-6    -4.004153548101108E-6    2288.2917159337603
-3.2931891173994255E-6    -4.080715809698097E-6    2396.7548800494487
-3.251702483646424E-6     -3.95339760108277E-6     2812.948854053637
-3.871632684307387E-6     -4.6103027114246065E-6   228.0751209089517
-3.823112055871335E-6     -4.704379836652676E-6    206.67404374130092
-3.7745914274352828E-6    -4.798456961880745E-6    184.03911296898718
-3.746006610786135E-6     -4.596913923761492E-6    439.36481220375754
-3.697485982350083E-6     -4.690991048989562E-6    416.37629645486777
-3.620380537264883E-6     -4.583525136098378E-6    651.1313336245812
-6.527257340795363E-7     -4.328592227279244E-6    5312.784934494135
-5.888805379974989E-7     -4.2174476424822975E-6   6218.6307036003745
-5.250353419154618E-7     -4.106303057685351E-6    7126.181504657454
-4.611901458334246E-7     -3.995158472888404E-6    8035.437337665382
-7.907020352651538E-7     -4.3266622332381045E-6   5201.124881108601
-7.268568391831165E-7     -4.215517648441157E-6    6105.350186295214
-6.630116431010792E-7     -4.104373063644211E-6    7033.234140307451
-5.991664470190421E-7     -3.993228478847264E-6    7962.985317167236
-8.648331403687341E-7     -4.213587654400017E-6    5995.124098068121
-8.009879442866969E-7     -4.1024430696030715E-6   6920.89604085918
-7.371427482046596E-7     -3.991298484806124E-6    7850.068298368207
-9.389642454723144E-7     -4.100513075561931E-6    6789.630112116431
-8.751190493902771E-7     -3.989368490764984E-6    7737.130611000157
-1.0130953505758947E-6    -3.987438496723845E-6    7584.642923253534
-3.8539998371890766E-7    -4.107012719017297E-6    7136.316791025733
-4.492451798009449E-7     -4.218157303814244E-6    6249.385596021203
-5.13090375882982E-7      -4.3293018886111905E-6   5363.997242070798
-5.769355719650193E-7     -4.440446473408138E-6    4480.276196087741
-3.096098216043908E-7     -4.218866965146191E-6    6278.594684955243
-3.73455017686428E-7      -4.330011549943138E-6    5392.913864751474
-4.3730021376846515E-7    -4.441156134740084E-6    4508.808484070029
-2.338196594898739E-7     -4.330721211275084E-6    5421.826689722015
-2.9766485557191116E-7    -4.4418657960720315E-6   4537.337039551581
-1.58029497375357E-7      -4.442575457403979E-6    4565.861862532395
-3.563622427126291E-7     -4.7766043861624225E-6   1997.4195068319618
-2.9025132760020505E-7    -4.665261409909607E-6    2852.746925466831
-2.2414041248778103E-7    -4.553918433656793E-6    3708.8440631024177
-4.298866857967592E-7     -4.66455174857766E-6     2824.8843176866476
-3.637757706843352E-7     -4.5532087723248455E-6   3680.696216735042
-5.034111288808891E-7     -4.552499110992898E-6    3652.5447030763094
-3.291526093495262E-6     -4.455591785038835E-6    1344.737128373531
-3.1654031683320927E-6    -4.4485131345335895E-6   1574.9112639550829
-3.0392802431689232E-6    -4.441434484028344E-6    1805.3235924153132
-2.913157318005754E-6     -4.434355833523098E-6    2035.9741137542242
-3.25003945974226E-6      -4.328273576423507E-6    1786.3183594770908
-3.1239165345790905E-6    -4.321194925918261E-6    2018.8929954179239
-2.9977936094159215E-6    -4.314116275413016E-6    2251.7090612823013
-2.8716706842527524E-6    -4.307037624907772E-6    2478.5055361332693
-3.208552825989258E-6     -4.200955367808179E-6    2230.9047473477403
-3.082429900826089E-6     -4.1938767173029345E-6   2465.7092099147612
-2.9563069756629197E-6    -4.186798066797689E-6    2690.741025659091
-3.167066192236256E-6     -4.073637159192852E-6    2677.599841361178
-3.040943267073087E-6     -4.066558508687607E-6    2901.0003517784244
-3.125579558483255E-6     -3.946318950577525E-6    3109.2835144912706
-2.721857582159025E-6     -4.310711669355622E-6    2928.128542874124
-2.656680771475465E-6     -4.19414615569339E-6     3587.140773924044
-2.591503960791905E-6     -4.077580642031158E-6    4248.900100531248
-2.526327150108345E-6     -3.961015128368926E-6    4913.406522695759
-2.8064938735691924E-6    -4.190472111245539E-6    3140.337388075202
-2.7413170628856324E-6    -4.073906597583307E-6    3811.2582726003116
-2.6761402522020724E-6    -3.957341083921075E-6    4485.007168771624
-2.8911301649793597E-6    -4.070232553135457E-6    3349.385145525329
-2.8259533542957997E-6    -3.953667039473225E-6    4020.871353784022
-2.975766456389527E-6     -3.949992995025374E-6    3556.5900933485136
-2.6499146541424767E-6    -4.428036630886938E-6    2476.6411269180526
-2.5127949154423682E-6    -4.428796078756023E-6    2671.3454789427815
-2.3756751767422606E-6    -4.4295555266251075E-6   2866.0262540373847
-2.238555438042152E-6     -4.430314974494192E-6    3060.6834522018708
-2.5847378434589167E-6    -4.311471117224706E-6    3123.415599545704
-2.4476181047588082E-6    -4.312230565093791E-6    3319.9970909414997
-2.3104983660587E-6       -4.3129900129628755E-6   3516.5547389374897
-2.1733786273585926E-6    -4.31374946083196E-6     3696.164986251805
-2.5195610327753567E-6    -4.194905603562474E-6    3772.905643633958
-2.3824412940752486E-6    -4.195665051431559E-6    3971.308277809696
-2.2453215553751406E-6    -4.1964244993006435E-6   4168.036534447823
-2.4543842220917967E-6    -4.078340089900242E-6    4425.0618671905795
-2.3172644833916886E-6    -4.079099537769327E-6    4639.0686463995835
-2.389207411408237E-6     -3.96177457623801E-6     5109.26132210709
-1.8401769751094026E-6    -3.975440383852904E-6    6427.178330690226
-1.977434584184111E-6     -3.97202393194918E-6     6130.565379468198
-2.1146921932588196E-6    -3.968607480045457E-6    5800.022430132093
-2.251949802333528E-6     -3.965191028141734E-6    5469.38009497556
-1.9054916561675628E-6    -4.0893488934804966E-6   5622.714494855323
-2.042749265242271E-6     -4.085932441576773E-6    5310.802909316833
-2.18000687431698E-6      -4.0825159896730504E-6   4981.87697189509
-1.970806337225723E-6     -4.2032574031080905E-6   4820.786231127449
-2.108063946300432E-6     -4.199840951204367E-6    4493.69492581741
-2.0361210182838836E-6    -4.317165912735684E-6    4021.393539506627
-1.7013009305986193E-6    -3.9767066520758175E-6   6579.940892286441
-1.7666156116567795E-6    -4.0906151617034106E-6   5755.851974335677
-1.83193029271494E-6      -4.204523671331004E-6    4969.355393559759
-1.8972449737731003E-6    -4.318432180958598E-6    4185.275470345964
-1.962559654831261E-6     -4.432340690586191E-6    3403.7728596608513
-1.6277395671459965E-6    -4.0918814299263246E-6   5922.544537008374
-1.6930542482041565E-6    -4.205789939553918E-6    5118.012142493733
-1.758368929262317E-6     -4.319698449181511E-6    4332.567170545979
-1.8236836103204775E-6    -4.433606958809105E-6    3549.570149376541
-1.5541782036933737E-6    -4.207056207776832E-6    5264.98199596596
-1.6194928847515341E-6    -4.320964717404425E-6    4479.82822287073
-1.6848075658096946E-6    -4.434873227032018E-6    3695.3371354309625
-1.4806168402407506E-6    -4.322230985627339E-6    4607.253269159196
-1.5459315212989113E-6    -4.436139495254933E-6    3841.073817824116
-1.3430896725663975E-6    -4.324797394359429E-6    4830.473395464513
-1.279123868344667E-6     -4.212189025241011E-6    5713.784913848702
-1.2151580641229362E-6    -4.0995806561225934E-6   6599.270097278173
-1.1511922599012056E-6    -3.986972287004176E-6    7486.9289457529285
-1.4166510360190203E-6    -4.209622616508921E-6    5488.424280406373
-1.3526852317972895E-6    -4.097014247390504E-6    6391.719439928598
-1.288719427575559E-6     -3.9844058782720855E-6   7297.333389564831
-1.490212399471643E-6     -4.094447838658414E-6    6165.4936637080955
-1.4262465952499126E-6    -3.981839469539997E-6    7069.980369150728
-1.5637737629242657E-6    -3.979273060807906E-6    6842.574763262162
-1.0770611547976252E-6    -4.100046865842262E-6    6675.688787071926
-1.1410269590193558E-6    -4.21265523496068E-6     5808.292522676424
-1.2049927632410866E-6    -4.325263604079097E-6    4942.924798257454
-1.268958567462817E-6     -4.4378719731975156E-6   4079.655877093346
-1.002930049694045E-6     -4.2131214446803485E-6   5902.478385743079
-1.0668958539157756E-6    -4.325729813798766E-6    5036.262360071725
-1.1308616581375061E-6    -4.4383381829171835E-6   4172.091202898709
-9.287989445904645E-7     -4.326196023518435E-6    5129.592863014795
-9.927647488121952E-7     -4.438804392636852E-6    4264.519558955429
-8.546678394868844E-7     -4.439270602356522E-6    4356.940945263503
-3.235993116896127E-6     -4.563057697930018E-6    1129.9961854765083
-3.180460140296992E-6     -4.670523610821201E-6    912.9885466902783
-3.1249271636978568E-6    -4.777989523712385E-6    694.6106626391315
-3.1098701917329576E-6    -4.555979047424773E-6    1358.2612616270712
-3.054337215133823E-6     -4.6634449603159566E-6   1139.5152371429372
-2.983747266569788E-6     -4.548900396919527E-6    1586.7612936114433
-1.0528329679236053E-6    -4.7754285151108066E-6   1852.7501366791937
-9.86777925111365E-7      -4.663375877526044E-6    2686.1807654917006
-9.207228822991245E-7     -4.551323239941282E-6    3520.880610478608
-1.124874834436676E-6     -4.662909667806375E-6    2595.4616006173546
-1.0588197916244355E-6    -4.550857030221614E-6    3429.3372131431092
-1.1969167009497466E-6    -4.550390820501945E-6    3337.7869351815093
-2.443278620348814E-6     -4.771670321076225E-6    1190.6438415213042
-2.3750375595799267E-6    -4.65788520554888E-6     1811.8728765692254
-2.3067964988110394E-6    -4.544100090021536E-6    2435.1801473387086
-2.5121572982800348E-6    -4.657125757679796E-6    1620.7497865425494
-2.443916237511148E-6     -4.5433406421524516E-6   2242.3177350690094
-2.5810359762112555E-6    -4.542581194283367E-6    2049.432012338879
-1.748544379448811E-6     -4.773696037168224E-6    1578.850408983356
-1.6810067600655108E-6    -4.661177189863793E-6    2331.131642066803
-1.613469140682211E-6     -4.548658342559362E-6    3085.130645799531
-1.8198828045762943E-6    -4.659910921640879E-6    2188.1664566455197
-1.7523451851929944E-6    -4.547392074336449E-6    2940.84404855351
-1.8912212297037775E-6    -4.546125806113535E-6    2796.527491860201
