4.536092289992154E-6      -4.6367547755766075E-7   -13645.37854615482
4.628873831993724E-6      -3.7094038204612864E-7   -16231.468785553265
4.721655373995292E-6      -2.782052865345964E-7    -18992.1659864591
4.814436915996861E-6      -1.8547019102306427E-7   -21763.379463086967
4.907218457998431E-6      -9.273509551153217E-8    -24545.10921543693
4.9999999999999996E-6     0                        -27337.355243508857
4.494587627602447E-6      -3.7094038204612864E-7   -13185.674726064186
4.5873691696040156E-6     -2.7820528653459643E-7   -15956.233314380535
4.6801507116055855E-6     -1.8547019102306424E-7   -18848.431610450476
4.772932253607154E-6      -9.273509551153211E-8    -21751.350112329066
4.865713795608724E-6      -2.573915955692899E-23   -24664.98882001652
4.453082965212738E-6      -2.782052865345964E-7    -12896.037543057206
4.545864507214308E-6      -1.854701910230643E-7    -15743.568502216382
4.638646049215876E-6      -9.273509551153208E-8    -18640.846154143976
4.731427591217444E-6      3.86087393353935E-23     -21548.844011880326
4.41157830282303E-6       -1.8547019102306427E-7   -12605.493210303839
4.5043598448246E-6        -9.273509551153215E-8    -15530.342195958776
4.5971413868261675E-6     3.86087393353935E-23     -18432.699203744087
4.370073640433323E-6      -9.273509551153217E-8    -12314.041727804091
4.4628551824348925E-6     5.1478319113858E-23      -15316.554395607793
4.328568978043615E-6      0                        -12076.499400385377
4.628873831993724E-6      -5.137975249032706E-7    -15076.404128725211
4.721655373995292E-6      -5.639195722488804E-7    -16336.779009516435
4.814436915996861E-6      -6.140416195944901E-7    -17594.590508435103
4.907218457998431E-6      -6.641636669401001E-7    -18849.838625481214
4.9999999999999996E-6     -7.142857142857099E-7    -19885.20700097491
4.721655373995292E-6      -4.2106242939173845E-7   -17629.69503114572
4.814436915996861E-6      -4.7118447673734827E-7   -18962.204559440263
4.9072184579984305E-6     -5.21306524082958E-7     -20292.129523538955
5.0E-6                    -5.714285714285679E-7    -21619.46992344165
4.814436915996863E-6      -3.2832733388020635E-7   -20263.57461391422
4.907218457998431E-6      -3.784493812258161E-7    -21595.688263377753
4.9999999999999996E-6     -4.2857142857142587E-7   -22925.21734864548
4.907218457998431E-6      -2.3559223836867416E-7   -22907.766542318
4.9999999999999996E-6     -2.8571428571428395E-7   -24239.484312950568
4.9999999999999996E-6     -1.4285714285714197E-7   -25562.27081635716
3.968620815904623E-6      -5.164574878136055E-7    -2255.7541119202847
4.040610448332422E-6      -4.131659902508845E-7    -4170.5732097162445
4.112600080760219E-6      -3.098744926881633E-7    -6118.6285646324795
4.184589713188018E-6      -2.065829951254422E-7    -8075.308865792245
4.256579345615817E-6      -1.0329149756272114E-7   -10040.614113195516
3.905840182162169E-6      -4.131659902508845E-7    -886.2549555990481
3.977829814589968E-6      -3.0987449268816334E-7   -2837.2780549002855
4.049819447017765E-6      -2.0658299512544216E-7   -4831.863465186443
4.1218090794455636E-6     -1.0329149756272107E-7   -6834.952727349825
4.193798711873363E-6      -2.866914971053655E-23   -8846.54584139052
3.843059548419714E-6      -3.098744926881633E-7    463.19842587072344
3.915049180847513E-6      -2.065829951254422E-7    -1505.7899730203553
3.987038813275311E-6      -1.0329149756272103E-7   -3502.122896941961
4.0590284457031095E-6     4.300372456580483E-23    -5506.959672740832
3.780278914677259E-6      -2.065829951254422E-7    1817.9791359906903
3.852268547105058E-6      -1.032914975627211E-7    -169.2930665340682
3.9242581795328564E-6     4.300372456580483E-23    -2167.3735040911583
3.7174982809348056E-6     -1.0329149756272114E-7   3178.0871747608744
3.789487913362604E-6      5.73382994210731E-23     1172.212664558572
3.654717647192351E-6      0                        4544.511166773263
4.9999999999999996E-6     -1.428571428571425E-6    -14274.522847277049
5.0E-6                    -1.285714285714282E-6    -15630.365783909398
4.9999999999999996E-6     -1.1428571428571388E-6   -16576.36144952222
4.9999999999999996E-6     -9.999999999999957E-7    -17528.394754344146
5.0E-6                    -8.571428571428529E-7    -18486.465698375163
4.876493585461872E-6      -1.3607036268881862E-6   -13216.03353795383
4.876493585461872E-6      -1.217846484031043E-6    -14259.45952235368
4.876493585461872E-6      -1.0749893411738997E-6   -15202.948662133515
4.876493585461872E-6      -9.321321983167569E-7    -16152.475441122424
4.876493585461873E-6      -7.892750554596141E-7    -17234.373257676394
4.7529871709237435E-6     -1.292835825204947E-6    -11928.783015248857
4.752987170923745E-6      -1.1499786823478042E-6   -12884.809016888725
4.752987170923744E-6      -1.007121539490661E-6    -13825.791630835552
4.7529871709237435E-6     -8.642643966335179E-7    -14809.641419723193
4.629480756385616E-6      -1.2249680235217082E-6   -10637.83366420109
4.629480756385617E-6      -1.0821108806645654E-6   -11506.41426751445
4.629480756385616E-6      -9.392537378074221E-7    -12392.493968932935
4.505974341847491E-6      -1.1571002218384696E-6   -9343.185484810532
4.50597434184749E-6       -1.0142430789813264E-6   -9982.93090530574
4.382467927309362E-6      -1.0892324201552306E-6   -7790.954090540364
4.9999999999999996E-6     -2.14285714285714E-6     -9995.594355342739
5.0E-6                    -1.9999999999999974E-6   -10970.539992277108
4.9999999999999996E-6     -1.8571428571428541E-6   -11677.583583765274
4.9999999999999996E-6     -1.7142857142857109E-6   -12388.907795081592
5.0E-6                    -1.5714285714285683E-6   -13104.512626226235
4.883277014624597E-6      -2.089302390439602E-6    -9260.593787233658
4.883277014624597E-6      -1.9464452475824593E-6   -10033.52508278226
4.8832770146245955E-6     -1.8035881047253156E-6   -10738.352324493742
4.8832770146245955E-6     -1.6607309618681728E-6   -11447.460186033397
4.883277014624597E-6      -1.51787381901103E-6     -12304.27064769734
4.766554029249191E-6      -2.035747638022064E-6    -8373.060149074834
4.766554029249192E-6      -1.8928904951649212E-6   -9094.246840943397
4.766554029249191E-6      -1.7500333523077775E-6   -9796.857732878192
4.766554029249191E-6      -1.6071762094506343E-6   -10548.654876396085
4.649831043873788E-6      -1.982192885604526E-6    -7483.290958696254
4.649831043873789E-6      -1.8393357427473827E-6   -8152.705266760398
4.649831043873788E-6      -1.6964785998902394E-6   -8799.733078258882
4.533108058498387E-6      -1.928638133186988E-6    -6591.286216097889
4.533108058498386E-6      -1.7857809903298446E-6   -7057.505253285863
4.4163850731229826E-6     -1.8750833807694493E-6   -5539.696298657258
3.3105780420795752E-6     -5.206423764934914E-7    10920.28346131215
3.379405963102131E-6      -4.165139011947931E-7    9635.854015686089
3.448233884124685E-6      -3.1238542589609477E-7   8375.990740864154
3.5170618051472406E-6     -2.082569505973965E-7    7110.205202235118
3.5858897261697963E-6     -1.0412847529869831E-7   5838.497399798976
3.246871069794565E-6      -4.165139011947931E-7    12917.591348870023
3.3156989908171198E-6     -3.123854258960948E-7    11642.70706144104
3.384526911839675E-6      -2.082569505973965E-7    10384.606271031053
3.4533548328622295E-6     -1.0412847529869825E-7   9120.85538353789
3.5221827538847856E-6     -2.890145769893168E-23   7851.454398961506
3.1831640975095534E-6     -3.1238542589609477E-7   14919.570856763632
3.2519920185321095E-6     -2.0825695059739655E-7   13676.059356500944
3.3208199395546643E-6     -1.0412847529869821E-7   12419.06491777489
3.3896478605772187E-6     4.3352186548397515E-23   11156.420381965638
3.119457125224543E-6      -2.082569505973965E-7    16929.60443250268
3.1882850462470988E-6     -1.0412847529869826E-7   15717.274452011909
3.257112967269653E-6      4.3352186548397515E-23   14461.386364969743
3.0557501529395324E-6     -1.0412847529869831E-7   18947.69207608716
3.124578073962088E-6      5.780291539786335E-23    17766.352347973952
2.9920431806545217E-6     0                        21015.40269477856
2.6654871359081703E-6     -5.295456912159808E-7    23340.57065157035
2.730798344857441E-6      -4.236365529727847E-7    22822.79760113376
2.7961095538067104E-6     -3.177274147295884E-7    22368.01215369782
2.861420762755981E-6      -2.1181827648639228E-7   21910.52488381002
2.926731971705252E-6      -1.0590913824319619E-7   21450.335791470374
2.601069983700199E-6      -4.236365529727847E-7    25850.691374082187
2.666381192649469E-6      -3.177274147295885E-7    25361.335657850716
2.7316924015987387E-6     -2.118182764863923E-7    24960.318060197867
2.7970036105480085E-6     -1.0590913824319613E-7   24556.996842919532
2.8623148194972797E-6     -2.9395690948951276E-23  24151.372006015717
2.536652831492226E-6      -3.177274147295884E-7    28409.771221179857
2.601964040441497E-6      -2.1181827648639236E-7   28000.441885520755
2.667275249390767E-6      -1.0590913824319609E-7   27603.474503938094
2.7325864583400364E-6     4.409353642342691E-23    27204.203502729935
2.4722356792842543E-6     -2.1181827648639228E-7   30979.30984057131
2.5375468882335245E-6     -1.0590913824319618E-7   30649.952164956656
2.6028580971827944E-6     4.409353642342691E-23    30257.034999444153
2.4078185270762825E-6     -1.0590913824319619E-7   33559.307232256535
2.4731297360255524E-6     5.879138189790254E-23    33309.86649615835
2.34340137486831E-6       0                        36231.662728247386
4.420402569984796E-6      -2.536868621024526E-6    -3868.744634543296
4.536322055987836E-6      -2.6009234682481925E-6   -4575.331632679945
4.652241541990877E-6      -2.6649783154718576E-6   -5148.468979638305
4.768161027993917E-6      -2.729033162695523E-6    -5719.521316485532
4.88408051399696E-6       -2.7930880099191896E-6   -6288.488643221677
4.9999999999999996E-6     -2.857142857142855E-6    -6737.274514785476
4.536322055987836E-6      -2.4580663253910492E-6   -4946.128577046264
4.652241541990877E-6      -2.5221211726147148E-6   -5654.189746050489
4.7681610279939175E-6     -2.5861760198383808E-6   -6273.147242681394
4.884080513996958E-6      -2.650230867062046E-6    -6890.010441612923
5.0E-6                    -2.7142857142857127E-6   -7504.77934284512
4.652241541990877E-6      -2.3792640297575715E-6   -6167.929464350105
4.768161027993919E-6      -2.443318876981238E-6    -6812.909222536552
4.884080513996958E-6      -2.5073737242049035E-6   -7431.442180509506
4.9999999999999996E-6     -2.5714285714285687E-6   -8047.880840783109
4.768161027993917E-6      -2.3004617341240943E-6   -7394.092167727904
4.884080513996958E-6      -2.3645165813477603E-6   -7975.842916920357
4.9999999999999996E-6     -2.428571428571426E-6    -8593.95133623536
4.88408051399696E-6       -2.2216594384906174E-6   -8624.616687179738
4.9999999999999996E-6     -2.2857142857142834E-6   -9142.990829201975
4.436834839491999E-6      -3.2314348327326134E-6   -2587.779085697143
4.549467871593599E-6      -3.2994335804718054E-6   -2985.099951259949
4.6621009036952E-6        -3.3674323282109956E-6   -3300.904731746559
4.7747339357968E-6        -3.4354310759501875E-6   -3614.8901718569537
4.8873669678984005E-6     -3.5034298236893794E-6   -3927.0562715911306
4.9999999999999996E-6     -3.57142857142857E-6     -4138.649314391424
4.549467871593599E-6      -3.156576437614662E-6    -3279.9375838107144
4.6621009036952E-6        -3.2245751853538536E-6   -3705.2834160153207
4.774733935796799E-6      -3.2925739330930443E-6   -4061.3197170519998
4.887366967898399E-6      -3.3605726808322358E-6   -4415.5455683498385
5.0E-6                    -3.4285714285714277E-6   -4767.960969908758
4.6621009036952E-6        -3.0817180424967104E-6   -4111.175980643598
4.774733935796801E-6      -3.1497167902359023E-6   -4488.809448616437
4.8873669678984E-6        -3.217715537975093E-6    -4844.475282162848
4.9999999999999996E-6     -3.2857142857142836E-6   -5198.330665970405
4.7747339357968E-6        -3.0068596473787586E-6   -4945.530574114027
4.8873669678984E-6        -3.07485839511795E-6     -5275.345307727184
4.9999999999999996E-6     -3.1428571428571404E-6   -5630.640673783302
4.8873669678984005E-6     -2.9320012522608073E-6   -5783.001364222011
4.9999999999999996E-6     -2.9999999999999984E-6   -6064.890993347574
2.013605716843557E-6      -5.398823370871786E-7    34587.5832905955
2.0795648484485077E-6     -4.3190586966974297E-7   34817.73097004663
2.145523980053458E-6      -3.239294022523071E-7    35154.00832002584
2.2114831116584086E-6     -2.159529348348714E-7    35490.83645766693
2.27744224326336E-6       -1.0797646741743576E-7   35828.215382969945
1.9478116595796385E-6     -4.3190586966974297E-7   37499.25552616916
2.0137707911845894E-6     -3.239294022523072E-7    37784.86497318492
2.0797299227895394E-6     -2.159529348348714E-7    38222.97380485513
2.14568905439449E-6       -1.0797646741743569E-7   38662.14888182466
2.211648185999441E-6      -2.996949006113129E-23   39102.390204093455
1.882017602315719E-6      -3.239294022523071E-7    40504.077043498204
1.9479767339206706E-6     -2.1595293483487149E-7   40918.38286150833
2.0139358655256207E-6     -1.0797646741743565E-7   41363.3178160624
2.079894997130571E-6      4.4954235091696934E-23   41809.319015915695
1.8162235450518003E-6     -2.159529348348714E-7    43521.388369999426
1.882182676656751E-6      -1.0797646741743574E-7   44064.486750300115
1.9481418082617015E-6     4.4954235091696934E-23   44516.24782773803
1.7504294877878818E-6     -1.0797646741743576E-7   46551.18950567277
1.8163886193928323E-6     5.993898012226258E-23    47223.17663956031
1.6846354305239629E-6     0                        49715.84552927228
4.9999999999999996E-6     -4.2857142857142855E-6   -2019.253364283966
5.0E-6                    -4.142857142857143E-6    -2518.2641204845595
4.9999999999999996E-6     -3.999999999999999E-6    -2872.355922136323
4.9999999999999996E-6     -3.857142857142856E-6    -3227.5328161521848
5.0E-6                    -3.7142857142857133E-6   -3583.794802532104
4.877684830382203E-6      -4.217914311150779E-6    -1951.0044048786706
4.877684830382203E-6      -4.0750571682936365E-6   -2341.1193863192802
4.877684830382202E-6      -3.932200025436493E-6    -2693.536449820229
4.877684830382201E-6      -3.7893428825793504E-6   -3047.0386056853176
4.877684830382203E-6      -3.6464857397222084E-6   -3457.818705268013
4.755369660764403E-6      -4.150114336587272E-6    -1805.6851184885936
4.755369660764404E-6      -4.007257193730131E-6    -2162.1405796778954
4.755369660764404E-6      -3.864400050872987E-6    -2512.882905028104
4.755369660764403E-6      -3.7215429080158443E-6   -2880.1133795425985
4.633054491146605E-6      -4.082314362023767E-6    -1658.5202663417513
4.633054491146606E-6      -3.939457219166625E-6    -1981.3277005604177
4.633054491146605E-6      -3.796600076309481E-6    -2305.0922016116474
4.510739321528808E-6      -4.014514387460262E-6    -1509.5098484381765
4.510739321528808E-6      -3.871657244603119E-6    -1732.755171475198
4.38842415191101E-6       -3.9467144128967555E-6   -1269.4481438694686
4.552009123590828E-6      -4.550952199287679E-6    -711.825725965864
4.641607298872663E-6      -4.640761759430142E-6    -621.7169007220241
4.731205474154497E-6      -4.730571319572607E-6    -495.0708330138277
4.82080364943633E-6       -4.8203808797150705E-6   -366.6984266712225
4.9104018247181665E-6     -4.910190439857535E-6    -236.59968169410513
4.9999999999999996E-6     -4.999999999999999E-6    -104.77459808263046
4.641607298872663E-6      -4.497904616573E-6       -911.283769831519
4.731205474154497E-6      -4.587714176715465E-6    -831.3967410754367
4.820803649436331E-6      -4.6775237368579286E-6   -729.2584822648237
4.910401824718166E-6      -4.767333297000392E-6    -625.4349110844532
5.0E-6                    -4.857142857142857E-6    -519.9260275343568
4.731205474154497E-6      -4.444857033858321E-6    -1168.2691019211254
4.820803649436333E-6      -4.534666594000787E-6    -1063.4601589806134
4.910401824718166E-6      -4.62447615414325E-6     -960.8553988540953
4.9999999999999996E-6     -4.714285714285713E-6    -856.5653263577806
4.82080364943633E-6       -4.391809451143643E-6    -1426.4254744503098
4.9104018247181665E-6     -4.481619011286108E-6    -1296.6626564569851
4.9999999999999996E-6     -4.57142857142857E-6     -1193.591395014546
4.9104018247181665E-6     -4.338761868428965E-6    -1685.7528874191175
4.9999999999999996E-6     -4.428571428571428E-6    -1531.0042335045437
1.35013951365563E-6       -5.471197875598115E-7    43970.39272526634
1.4170386970292968E-6     -4.3769583004784923E-7   44978.8861170073
1.483937880402963E-6      -3.2827187253588686E-7   46130.292401856845
1.5508370637766296E-6     -2.1884791502392456E-7   47285.732738675026
1.6177362471502963E-6     -1.0942395751196233E-7   48445.20712746175
1.2822706683442184E-6     -4.3769583004784923E-7   47102.49259043133
1.349169851717885E-6      -3.2827187253588686E-7   48195.29289712926
1.4160690350915514E-6     -2.1884791502392454E-7   49495.516714859186
1.4829682184652175E-6     -1.0942395751196227E-7   50800.3837371245
1.5498674018388847E-6     -3.037124926884635E-23   52109.89396392504
1.2144018230328066E-6     -3.2827187253588686E-7   50368.51969729255
1.2813010064064733E-6     -2.188479150239246E-7    51635.45938022274
1.3482001897801396E-6     -1.0942395751196223E-7   52945.01420837867
1.415099373153806E-6      4.555687390326953E-23    54259.21224106998
1.1465329777213947E-6     -2.1884791502392456E-7   53648.30041427761
1.2134321610950612E-6     -1.094239575119623E-7    55089.64467963281
1.2803313444687275E-6     4.555687390326953E-23    56408.5305182148
1.0786641324099829E-6     -1.0942395751196233E-7   56941.83474138671
1.1455633157836496E-6     6.07424985376927E-23     58557.84879535985
1.010795287098571E-6      0                        60402.29375761372
4.40811949545806E-6       -4.999999999999998E-6    22.080138413383708
4.526495596366448E-6      -4.999999999999999E-6    24.585901417974373
4.6448716972748354E-6     -4.999999999999998E-6    11.970501658204288
4.763247798183223E-6      -4.999999999999997E-6    -0.6448981015814736
4.881623899091612E-6      -4.999999999999999E-6    -13.260297861357623
4.436897421084614E-6      -4.910190439857534E-6    -141.7341963444337
4.555273521993002E-6      -4.910190439857534E-6    -141.32730587018614
4.673649622901389E-6      -4.910190439857534E-6    -155.1509273268175
4.792025723809777E-6      -4.910190439857534E-6    -168.97454878351164
4.465675346711167E-6      -4.82038087971507E-6     -294.87463188041966
4.584051447619557E-6      -4.820380879715071E-6    -307.88959165302913
4.7024275485279426E-6     -4.82038087971507E-6     -322.9214348065361
4.49445327233772E-6       -4.730571319572606E-6    -448.6768891802926
4.612829373246109E-6      -4.730571319572607E-6    -475.10095593053484
4.523231197964276E-6      -4.640761759430143E-6    -603.1409682439248
-4.537127568574407E-6     -4.6030916016281736E-7   -3510.80939905036
-4.495415850468249E-6     -3.682473281302539E-7    -2396.740530319672
-4.453704132362088E-6     -2.7618549609769033E-7   -1445.8536581265616
-4.411992414255929E-6     -1.841236640651269E-7    -490.7438753009865
-4.370280696149772E-6     -9.20618320325635E-8     468.5888181570608
-4.328568978043613E-6     0                        1418.896836899289
-4.629702054859526E-6     -3.682473281302539E-7    -5855.442110906992
-4.587990336753367E-6     -2.761854960976904E-7    -4890.4206026961265
-4.546278618647207E-6     -1.841236640651269E-7    -3976.866716075958
-4.504566900541047E-6     -9.206183203256343E-8    -3059.3352661795234
-4.462855182434891E-6     -2.5552291402931435E-23  -2137.8262530067996
-4.7222765411446444E-6    -2.7618549609769033E-7   -8324.892844670552
-4.680564823038486E-6     -1.8412366406512695E-7   -7473.793311733739
-4.638853104932327E-6     -9.206183203256341E-8    -6562.903262420992
-4.597141386826167E-6     3.832843710439715E-23    -5648.035649831926
-4.814851027429762E-6     -1.841236640651269E-7    -10803.60943507602
-4.773139309323603E-6     -9.206183203256346E-8    -10066.47125866243
-4.731427591217444E-6     3.832843710439715E-23    -9158.245046657024
-4.907425513714883E-6     -9.20618320325635E-8     -13291.591882123348
-4.865713795608724E-6     5.110458280586287E-23    -12668.45444348222
-4.9999999999999996E-6    0                        -15788.840185812474
-4.629702054859526E-6     -5.111044709873958E-7    -5456.379867162425
-4.7222765411446444E-6    -4.190426389548323E-7    -7734.0157881174855
-4.814851027429762E-6     -3.2698080692226884E-7   -10093.38181221002
-4.907425513714881E-6     -2.3491897488970538E-7   -12461.974311695209
-5.0E-6                   -1.4285714285714192E-7   -14839.793286573185
-4.7222765411446444E-6    -5.618997818119742E-7    -7193.455726272707
-4.814851027429764E-6     -4.6983794977941076E-7   -9553.040577772445
-4.907425513714881E-6     -3.7777611774684725E-7   -11913.580030160629
-4.9999999999999996E-6    -2.8571428571428374E-7   -14283.34595794147
-4.814851027429762E-6     -6.126950926365525E-7    -8926.535003699113
-4.907425513714881E-6     -5.206332606039892E-7    -11367.961664738948
-4.9999999999999996E-6    -4.285714285714256E-7    -13729.674545422757
-4.907425513714883E-6     -6.63490403461131E-7     -10655.617699441607
-4.9999999999999996E-6    -5.714285714285676E-7    -13178.779049016986
-4.9999999999999996E-6    -7.142857142857094E-7    -12141.040864575063
-3.973791294455147E-6     -5.139889724408415E-7    8396.241238160788
-3.909976565002586E-6     -4.111911779526732E-7    10453.017270592434
-3.846161835550024E-6     -3.0839338346450484E-7   12508.856713434769
-3.782347106097462E-6     -2.0559558897633655E-7   14573.972416049437
-3.7185323766449014E-6    -1.0279779448816833E-7   16648.36437843634
-3.6547176471923397E-6    0                        18778.394634036926
-4.044746831172841E-6     -4.111911779526732E-7    7001.594486246613
-3.98093210172028E-6      -3.0839338346450484E-7   9034.927645437701
-3.9171173722677175E-6    -2.0559558897633652E-7   11135.761630934632
-3.853302642815156E-6     -1.0279779448816826E-7   13245.74707027982
-3.789487913362595E-6     -2.853211958036235E-23   15364.883963473227
-4.115702367890534E-6     -3.0839338346450484E-7   5620.161811250098
-4.051887638437973E-6     -2.0559558897633657E-7   7657.105678936288
-3.9880729089854106E-6    -1.0279779448816822E-7   9759.858807121842
-3.924258179532849E-6     4.279817937054354E-23    11871.763389155585
-4.186657904608227E-6     -2.0559558897633655E-7   4233.110785783447
-4.122843175155665E-6     -1.0279779448816829E-7   6273.970543963849
-4.059028445703104E-6     4.279817937054354E-23    8378.642814837982
-4.25761344132592E-6      -1.0279779448816833E-7   2840.4414098466714
-4.193798711873358E-6     5.706423916072472E-23    4885.522240520358
-3.3244117852001282E-6    -5.391987566533018E-7    21335.340036996302
-3.257938064291004E-6     -4.313590053226415E-7    23935.841144391336
-3.191464343381879E-6     -3.23519253991981E-7     26604.300040436272
-3.1249906224727543E-6    -2.1567950266132069E-7   29284.897530669463
-3.0585169015636308E-6    -1.0783975133066041E-7   31977.63361509092
-2.9920431806545064E-6    0                        34771.76584010082
-3.3904729575985707E-6    -4.313590053226415E-7    20755.462449518236
-3.3239992366894463E-6    -3.2351925399198105E-7   23393.728903633604
-3.257525515780322E-6     -2.1567950266132069E-7   26155.207208989435
-3.1910517948711968E-6    -1.0783975133066033E-7   28928.84735530339
-3.1245780739620732E-6    -2.9931543724287623E-23  31714.64934257558
-3.4565341299970123E-6    -3.23519253991981E-7     20254.17067977793
-3.3900604090878888E-6    -2.1567950266132074E-7   22957.954738743712
-3.3235866881787636E-6    -1.078397513306603E-7    25724.779789973625
-3.2571129672696392E-6    4.489731558643144E-23    28503.766682161564
-3.5225953023954543E-6    -2.1567950266132069E-7   19750.927961971465
-3.456121581486331E-6     -1.0783975133066034E-7   22520.712224643772
-3.3896478605772056E-6    4.489731558643144E-23    25292.884021747697
-3.5886564747938976E-6    -1.0783975133066041E-7   19245.734296098803
-3.522182753884773E-6     5.986308744857525E-23    22082.00136133369
6.870317240511338E-7      -5.522108266540166E-7    50591.17500656497
7.517844366606213E-7      -4.4176866132321325E-7   52373.42673973459
8.165371492701085E-7      -3.3132649599240983E-7   54331.12595963257
8.812898618795961E-7      -2.2088433066160654E-7   56296.43075967084
9.460425744890836E-7      -1.1044216533080335E-7   58269.3411398494
6.170117317141444E-7      -4.4176866132321325E-7   53704.27200206592
6.817644443236319E-7      -3.3132649599240993E-7   55593.17214207921
7.465171569331192E-7      -2.2088433066160657E-7   57739.24754011819
8.112698695426066E-7      -1.1044216533080326E-7   59893.577267663146
8.760225821520942E-7      -3.065385870992901E-23   62056.16132471416
5.469917393771546E-7      -3.3132649599240983E-7   56985.66419079392
6.117444519866423E-7      -2.2088433066160662E-7   59080.62600995784
6.764971645961296E-7      -1.1044216533080325E-7   61238.029207139065
7.412498772056168E-7      4.598078806489352E-23    63403.68673382629
4.76971747040165E-7       -2.2088433066160654E-7   60281.031067261836
5.417244596496526E-7      -1.1044216533080331E-7   62582.48114661495
6.064771722591398E-7      4.598078806489352E-23    64751.21214293841
4.069517547031755E-7      -1.1044216533080335E-7   63590.37263146976
4.717044673126629E-7      6.130771741985803E-23    66098.73755205057
3.369317623661858E-7      0                        67084.1685497125
-2.6588301767234924E-6    -5.557691042322971E-7    33116.75308187951
-2.5957444163524684E-6    -4.446152833858377E-7    36050.548981431806
-2.532658655981443E-6     -3.3346146253937817E-7   39092.71091221445
-2.4695728956104186E-6    -2.223076416929188E-7    42148.666523634856
-2.4064871352393946E-6    -1.1115382084645945E-7   45218.41581569305
-2.34340137486837E-6      0                        48428.445339588354
-2.7254727775096955E-6    -4.446152833858377E-7    33342.999278126634
-2.662387017138671E-6     -3.334614625393782E-7    36336.83725272903
-2.5993012567676458E-6    -2.2230764169291877E-7   39507.29988962628
-2.5362154963966213E-6    -1.1115382084645937E-7   42691.71732931265
-2.4731297360255977E-6    -3.085138279469973E-23   45890.08957178841
-2.792115378295898E-6     -3.3346146253937817E-7   33678.39628170832
-2.729029617924874E-6     -2.2230764169291883E-7   36783.99477701222
-2.665943857553849E-6     -1.1115382084645935E-7   39962.588693144855
-2.602858097182824E-6     4.6277074192049606E-23   43155.13741206654
-2.858757979082101E-6     -2.223076416929188E-7    34015.50919632394
-2.7956722187110765E-6    -1.1115382084645943E-7   37233.460056976925
-2.7325864583400512E-6    4.6277074192049606E-23   40420.185252344934
-2.925400579868304E-6     -1.1115382084645945E-7   34354.33802197331
-2.8623148194972797E-6    6.170276558939947E-23    37685.23309262309
-1.990880278209387E-6     -5.54915366728583E-7     43010.26691956877
-1.9296313086723055E-6    -4.4393229338286645E-7   46117.43894071851
-1.8683823391352233E-6    -3.3294922003714976E-7   49356.541828178684
-1.8071333695981417E-6    -2.2196614669143317E-7   52609.889637598615
-1.7458844000610603E-6    -1.1098307334571665E-7   55877.48236897809
-1.6846354305239785E-6    0                        59323.30078435643
-2.061384497541184E-6     -4.4393229338286645E-7   43954.44488499626
-2.0001355280041024E-6    -3.3294922003714986E-7   47143.807247945675
-1.9388865584670204E-6    -2.2196614669143317E-7   50545.853557124945
-1.877637588929938E-6     -1.1098307334571659E-7   53962.45085107453
-1.8163886193928573E-6    -3.080399084301927E-23   57393.59912979447
-2.13188871687298E-6      -3.3294922003714976E-7   45040.95943085487
-2.0706397473358994E-6    -2.2196614669143322E-7   48376.77501142355
-2.0093907777988174E-6    -1.1098307334571655E-7   51788.88899224795
-1.948141808261735E-6     4.6205986264528906E-23   55215.55395784258
-2.2023929362047762E-6    -2.2196614669143317E-7   46132.414655912886
-2.141143966667695E-6     -1.109830733457166E-7    49615.32713342123
-2.079894997130613E-6     4.6205986264528906E-23   53037.50878589064
-2.2728971555365736E-6    -1.1098307334571665E-7   47228.81056017048
-2.211648185999492E-6     6.160798168603854E-23    50859.46361393889
1.8731945748410818E-8     -5.560804302713438E-7    53970.04216987267
8.237190907196583E-8      -4.4486434421707507E-7   56392.64732439499
1.460118723955208E-7      -3.3364825816280625E-7   59004.32327098868
2.0965183571907577E-7     -2.2243217210853748E-7   61626.62758978532
2.7329179904263085E-7     -1.1121608605426881E-7   64259.56028078491
-5.2400795874511316E-8    -4.4486434421707507E-7   56814.425554970105
1.1239167449043687E-8     -3.336482581628063E-7    59353.870225994855
7.487913077259868E-8      -2.2243217210853748E-7   62176.33270540922
1.385190940961537E-7      -1.1121608605426874E-7   65010.06084276363
2.021590574197087E-7      -3.086866486153549E-23   67855.05463805815
-1.2353353749743343E-7    -3.3364825816280625E-7   59845.90336078037
-5.989357417387843E-8     -2.2243217210853754E-7   62603.89974809072
3.746389149676566E-9      -1.112160860542687E-7    65438.80774198236
6.738635247323156E-8      4.6302997292303236E-23   68284.98139381403
-1.9466627912035556E-7    -2.2243217210853748E-7   62890.4517852303
-1.3102631579680056E-7    -1.1121608605426878E-7   65867.55464120102
-6.738635247324554E-8     4.6302997292303236E-23   68714.90814956995
-2.6579902074327766E-7    -1.1121608605426881E-7   65948.0708283199
-2.021590574197227E-7     6.173732972307098E-23    69144.83490532589
-3.369317623661998E-7     0                        69189.85836183741
-1.3228619468566217E-6    -5.556971603812644E-7    50073.48246523729
-1.2604486149050145E-6    -4.445577283050115E-7    53180.61377865207
-1.198035282953407E-6     -3.3341829622875855E-7   56450.93468075749
-1.1356219510017998E-6    -2.222788641525057E-7    59735.278228394614
-1.0732086190501928E-6    -1.1113943207625289E-7   63033.644421563535
-1.0107952870985854E-6    0                        66532.03941126178
-1.3952166435900933E-6    -4.445577283050115E-7    51751.51038914691
-1.332803311638486E-6     -3.334182962287586E-7    54962.9123551047
-1.2703899796868786E-6    -2.222788641525057E-7    58429.34090609266
-1.2079766477352712E-6    -1.1113943207625282E-7   61910.24659333296
-1.1455633157836642E-6    -3.0847389108704907E-23  65405.62941682559
-1.4675713403235644E-6    -3.3341829622875855E-7   53601.14901937886
-1.4051580083719574E-6    -2.2227886415250575E-7   56996.38292179813
-1.34274467642035E-6      -1.1113943207625278E-7   60474.47171263686
-1.2803313444687424E-6    4.6271083663057354E-23   63967.03763972797
-1.5399260370570358E-6    -2.222788641525057E-7    55458.96500220866
-1.4775127051054288E-6    -1.1113943207625288E-7   59038.69683194082
-1.4150993731538211E-6    4.6271083663057354E-23   62528.44586263026
-1.6122807337905074E-6    -1.1113943207625289E-7   57324.9583376362
-1.5498674018389002E-6    6.16947782174098E-23     61089.85408553259
-6.52019026206691E-7      -5.568282269872811E-7    53813.38911229991
-5.890015734385928E-7     -4.4546258158982484E-7   56686.52839080736
-5.259841206704944E-7     -3.3409693619236855E-7   59745.0310853009
-4.629666679023962E-7     -2.2273129079491237E-7   62816.3450370334
-3.9994921513429807E-7    -1.1136564539745624E-7   65900.47024600487
-7.2377427838507E-7       -4.4546258158982484E-7   56162.50989759968
-6.607568256169717E-7     -3.3409693619236866E-7   59152.032150950516
-5.977393728488733E-7     -2.227312907949124E-7    62423.45854335965
-5.347219200807751E-7     -1.1136564539745616E-7   65708.26570203697
-4.71704467312677E-7      -3.0910175918124115E-23  69006.45362698259
-7.955295305634487E-7     -3.3409693619236855E-7   58699.27942648453
-7.325120777953507E-7     -2.2273129079491245E-7   61899.54237708877
-6.694946250272522E-7     -1.1136564539745613E-7   65183.50737968587
-6.06477172259154E-7      4.636526387718618E-23    68480.85314855115
-8.672847827418274E-7     -2.2273129079491237E-7   61247.109039834686
-8.042673299737294E-7     -1.1136564539745621E-7   64658.74905733469
-7.412498772056311E-7     4.636526387718618E-23    67955.25267011975
-9.390400349202065E-7     -1.1136564539745624E-7   63805.99873765021
-8.760225821521083E-7     6.182035183624824E-23    67429.6521916884
3.8031762440844383E-6     -4.999999999999998E-6    100.03831661641698
3.924164894359163E-6      -4.9999999999999996E-6   96.82277232515452
4.045153544633886E-6      -4.999999999999998E-6    83.8049743400179
4.166142194908611E-6      -4.999999999999997E-6    70.7871763548712
4.287130845183336E-6      -4.999999999999998E-6    57.769378369724464
3.85286692372055E-6       -4.898924743881006E-6    56.2670263504765
3.973855573995275E-6      -4.898924743881006E-6    54.661184703493745
4.094844224269999E-6      -4.898924743881005E-6    40.16648515938505
4.215832874544723E-6      -4.898924743881004E-6    25.671785615244517
4.336821524819448E-6      -4.898924743881007E-6    -12.067985657319696
3.902557603356662E-6      -4.797849487762013E-6    20.084758780677475
4.023546253631388E-6      -4.797849487762015E-6    11.262465548570617
4.144534903906111E-6      -4.797849487762013E-6    -4.7091355544998805
4.2655235541808345E-6     -4.797849487762013E-6    -36.96388101210505
3.952248282992774E-6      -4.6967742316430216E-6   -17.333396938544865
4.073236933267498E-6      -4.696774231643022E-6    -33.373385139610036
4.194225583542222E-6      -4.6967742316430216E-6   -60.16812903299342
4.001938962628886E-6      -4.595698975524031E-6    -55.98744080707684
4.122927612903611E-6      -4.5956989755240314E-6   -81.6807297201467
4.051629642264998E-6      -4.49462371940504E-6     -92.02419232174661
-4.9999999999999996E-6    -1.4285714285714244E-6   -9172.771858288223
-4.876883878982215E-6     -1.358560121986671E-6    -7662.61416061855
-4.753767757964427E-6     -1.2885488154019173E-6   -5910.19412242906
-4.6306516369466405E-6    -1.2185375088171638E-6   -4152.039890313385
-4.507535515928856E-6     -1.1485262022324107E-6   -2388.1514642714747
-4.384419394911069E-6     -1.078514895647657E-6    -350.98618880146904
-5.0E-6                   -1.2857142857142814E-6   -10030.23331431333
-4.876883878982215E-6     -1.2157029791295278E-6   -8183.529919777198
-4.7537677579644274E-6    -1.1456916725447743E-6   -6330.932031254044
-4.6306516369466405E-6    -1.0756803659600207E-6   -4472.439648743884
-4.507535515928856E-6     -1.0056690593752676E-6   -2447.1326321818906
-4.9999999999999996E-6    -1.1428571428571381E-6   -10435.145973615305
-4.876883878982215E-6     -1.072845836272385E-6    -8582.911938483296
-4.7537677579644274E-6    -1.0028345296876315E-6   -6724.783409364329
-4.630651636946641E-6     -9.328232231028777E-7    -4798.400349877658
-4.9999999999999996E-6    -9.999999999999953E-7    -10842.030468784462
-4.876883878982214E-6     -9.29988693415242E-7     -8984.265793056686
-4.7537677579644274E-6    -8.599773868304882E-7    -7157.006077496049
-5.0E-6                   -8.571428571428526E-7    -11250.886799821012
-4.876883878982214E-6     -7.871315505580989E-7    -9522.949815037024
3.4296241189707978E-6     -4.4784548424257356E-6   828.7995774253574
3.37169612230919E-6       -4.582763873940589E-6    695.586667255142
3.3137681256475807E-6     -4.68707290545544E-6     566.5218198750808
3.2558401289859727E-6     -4.7913819369702924E-6   436.0781741976607
3.1979121323243656E-6     -4.895690968485146E-6    304.2557302227665
3.1399841356627573E-6     -4.999999999999998E-6    178.5081894527767
3.504334543993526E-6      -4.582763873940589E-6    673.0101328555438
3.4464065473319186E-6     -4.68707290545544E-6     546.0165345919213
3.3884785506703094E-6     -4.791381936970293E-6    422.264063838993
3.330550554008701E-6      -4.895690968485145E-6    297.10083976455553
3.2726225573470936E-6     -4.9999999999999996E-6   170.5268623684012
3.5790449690162536E-6     -4.68707290545544E-6     525.6205688446107
3.521116972354646E-6      -4.791381936970294E-6    405.69389811698784
3.4631889756930378E-6     -4.895690968485146E-6    282.21091639584574
3.4052609790314286E-6     -4.999999999999998E-6    157.31718135319986
3.6537553940389816E-6     -4.7913819369702924E-6   380.1785569932608
3.5958273973773745E-6     -4.8956909684851456E-6   267.32099302714596
3.5378994007157653E-6     -4.999999999999997E-6    144.10750033781574
3.7284658190617103E-6     -4.895690968485146E-6    236.68409730156327
3.670537822400102E-6      -4.999999999999999E-6    130.8978193226755
-4.426479068124328E-6     -1.8342223014489764E-6   -906.3859724139041
-4.5411832544994626E-6    -1.7530921268734661E-6   -2356.245839755874
-4.655887440874596E-6     -1.6719619522979554E-6   -3994.7231220882722
-4.770591627249731E-6     -1.590831777722445E-6    -5639.0931665719445
-4.885295813624865E-6     -1.509701603146935E-6    -7289.355973206835
-4.5411832544994626E-6    -1.8959492697306094E-6   -2267.589165690699
-4.655887440874596E-6     -1.8148190951550988E-6   -3713.459645227913
-4.77059162724973E-6      -1.7336889205795883E-6   -5257.234503418767
-4.885295813624864E-6     -1.6525587460040777E-6   -6806.759482748905
-5.0E-6                   -1.5714285714285676E-6   -8362.034583218254
-4.655887440874596E-6     -1.9576762380122412E-6   -3424.628732576716
-4.7705916272497315E-6    -1.8765460634367317E-6   -4932.071752908889
-4.885295813624865E-6     -1.7954158888612208E-6   -6476.1007962830445
-4.9999999999999996E-6    -1.71428571428571E-6     -8025.87996079649
-4.770591627249731E-6     -2.019403206293874E-6    -4578.04330608399
-4.885295813624865E-6     -1.938273031718364E-6    -6146.968469277945
-4.9999999999999996E-6    -1.8571428571428529E-6   -7691.2516978353815
-4.885295813624865E-6     -2.081130174575507E-6    -5727.832886212529
-4.9999999999999996E-6    -1.999999999999997E-6    -7358.149794335017
-4.9999999999999996E-6    -2.1428571428571393E-6   -6709.030027003894
2.772305261693565E-6      -4.462256428621296E-6    1828.1779205670562
2.7063724099921494E-6     -4.569805142897037E-6    1513.1738426681363
2.640439558290732E-6      -4.677353857172776E-6    1198.0586455964994
2.574506706589316E-6      -4.784902571448516E-6    881.556956156237
2.508573854887901E-6      -4.892451285724258E-6    563.6687743472726
2.4426410031864844E-6     -4.999999999999998E-6    249.44549661701353
2.845841036487404E-6      -4.569805142897037E-6    1492.1629011084228
2.779908184785988E-6      -4.677353857172777E-6    1176.8112706136453
2.713975333084571E-6      -4.784902571448517E-6    865.7897579028104
2.648042481383155E-6      -4.892451285724258E-6    553.3100120815388
2.5821096296817395E-6     -4.9999999999999996E-6   239.37203314970074
2.9193768112812414E-6     -4.677353857172776E-6    1160.1026392100239
2.8534439595798262E-6     -4.784902571448517E-6    850.8802832826041
2.7875111078784097E-6     -4.892451285724258E-6    540.1107196848261
2.7215782561769933E-6     -4.999999999999998E-6    227.882922976662
2.99291258607508E-6       -4.784902571448516E-6    830.0377371403424
2.9269797343736644E-6     -4.892451285724258E-6    526.911427288147
2.861046882672248E-6      -4.999999999999997E-6    216.39381280349045
3.0664483608689195E-6     -4.892451285724258E-6    501.9681948994448
3.000515509167503E-6      -4.999999999999999E-6    204.90470263039552
-4.436748944010279E-6     -2.513254982398011E-6    -882.0817114852665
-4.549399155208222E-6     -2.439175414489837E-6    -1868.6188457427638
-4.662049366406167E-6     -2.3650958465816617E-6   -3032.8165534236887
-4.7746995776041105E-6    -2.2910162786734875E-6   -4201.1556342532285
-4.887349788802056E-6     -2.216936710765314E-6    -5373.6360882313875
-4.549399155208222E-6     -2.58203255734698E-6     -1777.5698926707769
-4.662049366406168E-6     -2.5079529894388054E-6   -2786.9174733397567
-4.7746995776041105E-6    -2.4338734215306307E-6   -3886.13263319631
-4.887349788802055E-6     -2.3597938536224564E-6   -4989.393268705982
-5.0E-6                   -2.2857142857142826E-6   -6096.699379868809
-4.662049366406167E-6     -2.6508101322959482E-6   -2549.234149284446
-4.774699577604112E-6     -2.5767305643877744E-6   -3613.2478858522027
-4.887349788802055E-6     -2.5026509964796E-6      -4712.315919491601
-4.9999999999999996E-6    -2.4285714285714254E-6   -5815.42942878406
-4.7746995776041105E-6    -2.7195877072449168E-6   -3317.744952351679
-4.887349788802055E-6     -2.6455081393367434E-6   -4436.364374410638
-4.9999999999999996E-6    -2.5714285714285687E-6   -5535.285281832868
-4.887349788802056E-6     -2.788365282193886E-6    -4083.102301872463
-4.9999999999999996E-6    -2.714285714285712E-6    -5256.266939015088
-4.9999999999999996E-6    -2.8571428571428547E-6   -4716.682474205595
2.0801677158324723E-6     -4.451228224921373E-6    2798.9299558651073
2.013082887406904E-6      -4.560982579937099E-6    2299.6323297480453
1.945998058981336E-6      -4.6707369349528235E-6   1800.461628935258
1.878913230555768E-6      -4.780491289968548E-6    1300.2221546910437
1.8118284021302005E-6     -4.890245644984274E-6    798.9139070152919
1.7447435737046323E-6     -4.999999999999998E-6    301.2204895367194
2.152662373303275E-6      -4.560982579937099E-6    2282.4636772651183
2.0855775448777072E-6     -4.6707369349528235E-6   1778.7383480054577
2.0184927164521386E-6     -4.780491289968548E-6    1285.891122747602
1.951407888026571E-6      -4.890245644984272E-6    791.8661285578155
1.884323059601003E-6      -4.9999999999999996E-6   296.6633654358899
2.225157030774077E-6      -4.6707369349528235E-6   1771.189140279775
2.1580722023485095E-6     -4.780491289968549E-6    1273.612816042385
2.0909873739229413E-6     -4.890245644984274E-6    781.0875907146337
2.023902545497373E-6      -4.999999999999998E-6    287.3845964549061
2.2976516882448795E-6     -4.780491289968548E-6    1261.809960617788
2.2305668598193117E-6     -4.890245644984273E-6    770.3090528714492
2.163482031393743E-6      -4.999999999999997E-6    278.10582747377794
2.370146345715682E-6      -4.890245644984274E-6    754.326138279278
2.303061517290114E-6      -4.999999999999999E-6    268.8270584928274
-4.449553743134084E-6     -3.1987332786458887E-6   -733.7554133540897
-4.559642994507267E-6     -3.1304151943452824E-6   -1401.5688030831368
-4.66973224588045E-6      -3.062097110044675E-6    -2193.1258525212725
-4.779821497253633E-6     -2.993779025744068E-6    -2987.689487010641
-4.889910748626817E-6     -2.925460941443462E-6    -3785.259706551228
-4.559642994507267E-6     -3.273272337202425E-6    -1313.411759118032
-4.6697322458804504E-6    -3.204954252901818E-6    -1980.0385530575359
-4.779821497253633E-6     -3.136636168601211E-6    -2723.147188244515
-4.889910748626816E-6     -3.068318084300604E-6    -3469.195923097752
-5.0E-6                   -2.999999999999998E-6    -4218.184757617222
-4.66973224588045E-6      -3.3478113957589605E-6   -1772.2359725438998
-4.779821497253635E-6     -3.2794933114583546E-6   -2489.2012723867992
-4.889910748626817E-6     -3.211175227157747E-6    -3231.9889855938673
-4.9999999999999996E-6    -3.14285714285714E-6     -3977.7167984672033
-4.779821497253633E-6     -3.4223504543154966E-6   -2228.295588855309
-4.889910748626817E-6     -3.3540323700148907E-6   -2995.5643582457615
-4.9999999999999996E-6    -3.285714285714283E-6    -3738.031149472945
-4.889910748626817E-6     -3.4968895128720335E-6   -2681.5906080522573
-4.9999999999999996E-6    -3.428571428571427E-6    -3499.1278106344143
-4.9999999999999996E-6    -3.5714285714285697E-6   -3013.2084937415625
-4.9999999999999996E-6    -4.285714285714285E-6    -1580.5654541493157
-4.877121060873298E-6     -4.220861613175675E-6    -1411.4956426819456
-4.754242121746594E-6     -4.156008940637065E-6    -1151.2475420324677
-4.6313631826198925E-6    -4.091156268098456E-6    -888.6185912490153
-4.508484243493191E-6     -4.026303595559846E-6    -623.6087903316611
-4.385605304366487E-6     -3.961450923021236E-6    -263.77267925100875
-5.0E-6                   -4.142857142857142E-6    -1952.7958311392322
-4.877121060873297E-6     -4.078004470318533E-6    -1657.9590608360013
-4.754242121746595E-6     -4.013151797779922E-6    -1360.7223105970625
-4.6313631826198925E-6    -3.948299125241312E-6    -1061.0855804223393
-4.50848424349319E-6      -3.883446452702703E-6    -676.0058746093412
-4.9999999999999996E-6    -3.999999999999998E-6    -2157.761628631006
-4.877121060873299E-6     -3.935147327461389E-6    -1860.3845924487796
-4.754242121746595E-6     -3.870294654922779E-6    -1560.607576330798
-4.6313631826198925E-6    -3.8054419823841693E-6   -1224.545655401483
-4.9999999999999996E-6    -3.857142857142855E-6    -2363.1814927643354
-4.877121060873297E-6     -3.7922901846042463E-6   -2063.264190703041
-4.754242121746594E-6     -3.7274375120656355E-6   -1776.2761615034135
-5.0E-6                   -3.7142857142857133E-6   -2569.055423538988
-4.877121060873298E-6     -3.6494330417471034E-6   -2331.197392915056
-4.550961782116148E-6     -4.5603763792879315E-6   -400.01906660336647
-4.640769425692919E-6     -4.505443960573202E-6    -569.0366490593041
-4.730577069269689E-6     -4.4505115418584715E-6   -798.7487076018945
-4.820384712846459E-6     -4.395579123143743E-6    -1029.9309741194768
-4.91019235642323E-6      -4.340646704429014E-6    -1262.5834486120584
-4.640769425692919E-6     -4.648301103430346E-6    -411.89905447192814
-4.730577069269689E-6     -4.593368684715615E-6    -586.7111576432235
-4.820384712846459E-6     -4.538436266000886E-6    -787.175304305103
-4.910192356423229E-6     -4.483503847286155E-6    -989.0935012170412
-5.0E-6                   -4.4285714285714274E-6   -1192.465748378976
-4.730577069269689E-6     -4.736225827572758E-6    -377.3203664241628
-4.82038471284646E-6      -4.68129340885803E-6     -580.7259889527522
-4.91019235642323E-6      -4.6263609901433E-6      -780.7154209265009
-4.9999999999999996E-6    -4.571428571428569E-6    -982.1589031503572
-4.820384712846459E-6     -4.824150551715171E-6    -340.52658872711527
-4.91019235642323E-6      -4.769218133000442E-6    -572.535323081278
-4.9999999999999996E-6    -4.714285714285711E-6    -772.0500403669394
-4.91019235642323E-6      -4.9120752758575854E-6   -301.5177213806578
-4.9999999999999996E-6    -4.857142857142856E-6    -562.1391600287752
-4.9999999999999996E-6    -4.999999999999999E-6    -260.2937643849397
1.3779967046652507E-6     -4.448124613318724E-6    3581.555191503979
1.3117665925767566E-6     -4.558499690654979E-6    2929.422853570735
1.2455364804882621E-6     -4.6688747679912335E-6   2280.078509733752
1.1793063683997679E-6     -4.779249845327488E-6    1630.1359769344162
1.1130762563112743E-6     -4.889624922663744E-6    979.5952551726955
1.0468461442227802E-6     -4.999999999999998E-6    333.1435941740778
1.451346078473127E-6      -4.558499690654979E-6    2917.9946058314035
1.3851159663846328E-6     -4.668874767991235E-6    2260.0183598648982
1.3188858542961387E-6     -4.779249845327488E-6    1618.6866581050454
1.2526557422076445E-6     -4.889624922663744E-6    976.6203029326098
1.1864256301191508E-6     -4.9999999999999996E-6   333.8192943475311
1.524695452281003E-6      -4.6688747679912335E-6   2260.7189840602077
1.4584653401925094E-6     -4.77924984532749E-6     1610.5943494520325
1.3922352281040149E-6     -4.889624922663744E-6    969.6701989118801
1.3260051160155208E-6     -4.999999999999998E-6    328.0113949591634
1.5980448260888793E-6     -4.779249845327488E-6    1605.1046203473243
1.5318147140003857E-6     -4.889624922663744E-6    962.7200948911523
1.4655846019118913E-6     -4.999999999999997E-6    322.2034955706998
1.671394199896756E-6      -4.889624922663744E-6    951.1515146927977
1.6051640878082619E-6     -4.999999999999999E-6    316.39559618236746
-4.408119495458056E-6     -4.999999999999998E-6    -113.99313699540811
-4.436687952789675E-6     -4.912075275857585E-6    -190.53997555304431
-4.465256410121293E-6     -4.8241505517151705E-6   -255.07032212891227
-4.493824867452911E-6     -4.736225827572757E-6    -320.32898187497176
-4.52239332478453E-6      -4.648301103430345E-6    -386.31595479102134
-4.526495596366445E-6     -4.999999999999999E-6    -109.46554098195928
-4.555064053698063E-6     -4.912075275857585E-6    -190.01890859473951
-4.583632511029682E-6     -4.8241505517151705E-6   -271.3086155874789
-4.6122009683613E-6       -4.736225827572757E-6    -353.3346619601198
-4.644871697274834E-6     -4.999999999999998E-6    -124.13947239496444
-4.673440154606453E-6     -4.9120752758575854E-6   -206.17335075658048
-4.70200861193807E-6      -4.824150551715171E-6    -288.9435684980799
-4.763247798183221E-6     -4.999999999999997E-6    -138.81340380798835
-4.791816255514842E-6     -4.9120752758575854E-6   -222.32779291841507
-4.881623899091611E-6     -4.999999999999999E-6    -153.4873352210002
6.772004093822619E-7      -4.4463070440161206E-6   4115.3161117886375
6.115500704539953E-7      -4.557045635212896E-6    3356.740005077346
5.458997315257286E-7      -4.6677842264096715E-6   2602.647314938996
4.802493925974621E-7      -4.778522817606446E-6    1848.4732163018966
4.145990536691956E-7      -4.889261408803222E-6    1094.21770916605
3.48948714740929E-7       -4.999999999999998E-6    343.91734241518117
7.511295563503657E-7      -4.557045635212896E-6    3352.0213222342563
6.854792174220991E-7      -4.6677842264096715E-6   2586.7561473516093
6.198288784938324E-7      -4.778522817606447E-6    1841.0941027359936
5.541785395655658E-7      -4.889261408803222E-6    1095.1970530847402
4.885282006372994E-7      -4.9999999999999996E-6   349.0649983978345
8.250587033184691E-7      -4.6677842264096715E-6   2594.5735037737927
7.594083643902028E-7      -4.778522817606449E-6    1838.084929564738
6.93758025461936E-7       -4.889261408803222E-6    1092.8741034025045
6.281076865336693E-7      -4.999999999999998E-6    347.42827220464164
8.989878502865728E-7      -4.778522817606446E-6    1838.4043096467872
8.333375113583063E-7      -4.889261408803222E-6    1090.551153720271
7.676871724300396E-7      -4.999999999999997E-6    345.7915460114153
9.729169972546767E-7      -4.889261408803222E-6    1083.5137398532343
9.072666583264101E-7      -4.999999999999999E-6    344.15481981825945
-4.048237927020798E-6     -4.527762897093598E-6    319.85500446088554
-4.12021424070825E-6      -4.622210317674879E-6    223.83488346306876
-4.1921905543957004E-6    -4.716657738256157E-6    134.0420218210029
-4.264166868083152E-6     -4.811105158837437E-6    46.206270578332806
-4.336143181770604E-6     -4.905552579418718E-6    -39.67237026486782
-3.999225590433524E-6     -4.622210317674879E-6    242.84739220650454
-4.071201904120976E-6     -4.716657738256159E-6    159.7379909111678
-4.143178217808428E-6     -4.8111051588374385E-6   80.09546741991107
-4.215154531495879E-6     -4.905552579418718E-6    2.4039470390143833
-4.287130845183333E-6     -4.9999999999999996E-6   -73.33657023122763
-3.95021325384625E-6      -4.716657738256157E-6    176.69650044917944
-4.022189567533703E-6     -4.811105158837439E-6    98.48265709046427
-4.094165881221154E-6     -4.905552579418718E-6    19.181020104650088
-4.166142194908606E-6     -4.999999999999998E-6    -58.16961377081244
-3.901200917258977E-6     -4.811105158837437E-6    109.30758806802532
-3.97317723094643E-6      -4.905552579418718E-6    35.95809317022213
-4.04515354463388E-6      -4.999999999999997E-6    -43.002657310204526
-3.8521885806717046E-6    -4.905552579418718E-6    40.68065506286348
-3.924164894359157E-6     -4.999999999999999E-6    -27.83570084987371
-3.8031762440844315E-6    -4.999999999999998E-6    -20.2294611992774
-1.4367636374582253E-8    -4.443933904013813E-6    4367.516538052563
-8.128385204785045E-8     -4.555147123211051E-6    3555.28844377191
-1.4820006772111858E-7    -4.666360342408286E-6    2747.8256884986636
-2.1511628339438675E-7    -4.777573561605523E-6    1940.8097692195188
-2.820324990676549E-7     -4.8887867808027615E-6   1134.240685934481
-3.4894871474092307E-7    -4.999999999999998E-6    331.34022296422995
5.8295633848520026E-8     -4.555147123211051E-6    3557.4057228072693
-8.620581824748163E-9     -4.666360342408287E-6    2737.838109135161
-7.553679749801634E-8     -4.777573561605525E-6    1938.5839158371664
-1.4245301317128447E-7    -4.88878678080276E-6     1139.6138768592791
-2.0936922884455266E-7    -4.9999999999999996E-6   340.92799220150994
1.3095890407162227E-7     -4.666360342408286E-6    2752.0165962407705
6.40426883983541E-8       -4.777573561605525E-6    1941.0137651240839
-2.87352727491408E-9      -4.8887867808027615E-6   1142.2116075003794
-6.978974294818223E-8     -4.999999999999998E-6    343.69360419678446
2.036221742947245E-7      -4.777573561605523E-6    1947.4067921385997
1.3670595862145633E-7     -4.888786780802761E-6    1144.8093381414742
6.978974294818816E-8      -4.999999999999997E-6    346.4592161920637
2.7628544451782675E-7     -4.8887867808027615E-6   1143.5763105007654
2.0936922884455864E-7     -4.999999999999999E-6    349.22482818734466
-3.4340933576735363E-6    -4.459868819962067E-6    1370.9663702617784
-3.507909934955716E-6     -4.567895055969654E-6    1068.9327828277956
-3.5817265122378943E-6    -4.675921291977239E-6    792.2593583761618
-3.655543089520073E-6     -4.783947527984824E-6    517.8777831536081
-3.729359666802253E-6     -4.891973763992413E-6    245.78805716014995
-3.3752715132713805E-6    -4.567895055969654E-6    1100.4995747806165
-3.4490880905535597E-6    -4.67592129197724E-6     819.3425355270429
-3.522904667835739E-6     -4.783947527984827E-6    548.2015410632066
-3.5967212451179173E-6    -4.8919737639924115E-6   279.3145117564345
-3.6705378224000973E-6    -4.9999999999999996E-6   12.6814476067885
-3.316449668869224E-6     -4.675921291977239E-6    844.0593442363297
-3.390266246151404E-6     -4.783947527984827E-6    566.9866621242527
-3.4640828234335822E-6    -4.891973763992412E-6    296.207689323106
-3.5378994007157615E-6    -4.999999999999998E-6    27.68268167895125
-3.257627824467068E-6     -4.783947527984824E-6    586.1652978151678
-3.331444401749248E-6     -4.8919737639924115E-6   313.10086688977844
-3.4052609790314264E-6    -4.999999999999997E-6    42.6839157512988
-3.1988059800649122E-6    -4.891973763992413E-6    326.81743551715044
-3.272622557347092E-6     -4.999999999999999E-6    57.68514982340409
-3.1399841356627564E-6    -4.999999999999998E-6    73.38025795266633
-7.085467883817491E-7     -4.44033044101811E-6     4327.638486254064
-7.762066595499543E-7     -4.552264352814488E-6    3514.885335017424
-8.438665307181594E-7     -4.664198264610865E-6    2708.037323206626
-9.115264018863646E-7     -4.776132176407241E-6    1902.1700764029774
-9.7918627305457E-7       -4.888066088203621E-6    1097.2835946064934
-1.0468461442227751E-6    -4.999999999999998E-6    295.7008282336289
-6.36627173653584E-7      -4.552264352814488E-6    3523.964464685229
-7.042870448217893E-7     -4.664198264610865E-6    2704.084848775063
-7.719469159899945E-7     -4.776132176407243E-6    1905.0789967265982
-8.396067871581994E-7     -4.88806608820362E-6     1106.8935709439352
-9.072666583264049E-7     -4.9999999999999996E-6   309.52857142715425
-5.647075589254187E-7     -4.664198264610865E-6    2724.613361068632
-6.323674300936241E-7     -4.776132176407244E-6    1912.9035997632209
-7.000273012618292E-7     -4.8880660882036204E-6   1114.337774984579
-7.676871724300341E-7     -4.999999999999998E-6    316.592376471749
-4.927879441972535E-7     -4.776132176407241E-6    1925.4904398061074
-5.604478153654587E-7     -4.8880660882036204E-6   1121.7819790252115
-6.281076865336638E-7     -4.999999999999997E-6    323.6561815163869
-4.208683294690884E-7     -4.888066088203621E-6    1126.5957008976343
-4.885282006372935E-7     -4.999999999999999E-6    330.7199865609895
-2.800674591062011E-6     -4.429401726904472E-6    2447.7934912369888
-2.86853649998216E-6      -4.5435213815235775E-6   1964.0206483640864
-2.936398408902309E-6     -4.657641036142682E-6    1488.2400318951704
-3.004260317822458E-6     -4.771760690761787E-6    1014.5975841749942
-3.072122226742608E-6     -4.885880345380893E-6    543.0933052036926
-2.729067873486905E-6     -4.5435213815235775E-6   1994.6201801797902
-2.7969297824070545E-6    -4.657641036142682E-6    1510.279178317276
-2.8647916913272026E-6    -4.7717606907617885E-6   1038.9978830659256
-2.932653600247352E-6     -4.885880345380893E-6    569.7747255851737
-3.0005155091675018E-6    -4.9999999999999996E-6   102.60970587526546
-2.6574611559117986E-6    -4.657641036142682E-6    1538.152863431249
-2.725323064831948E-6     -4.7717606907617885E-6   1057.1516774421634
-2.7931849737520965E-6    -4.885880345380893E-6    586.1018461242438
-2.8610468826722454E-6    -4.999999999999998E-6    117.11015257693442
-2.5858544383366924E-6    -4.771760690761787E-6    1080.2166395080103
-2.6537163472568418E-6    -4.885880345380893E-6    602.4289666633076
-2.7215782561769903E-6    -4.999999999999997E-6    131.61059927879322
-2.514247720761587E-6     -4.885880345380893E-6    620.8115084099286
-2.582109629681736E-6     -4.999999999999999E-6    146.11104598048192
-2.4426410031864805E-6    -4.999999999999998E-6    164.10141102804633
-2.105122059674417E-6     -4.436101273472565E-6    3318.4132539309226
-2.17262584837683E-6      -4.5488810187780524E-6   2682.5080711274613
-2.2401296370792423E-6    -4.661660764083538E-6    2050.577208912906
-2.307633425781655E-6     -4.774440509389024E-6    1420.4899713536252
-2.3751372144840683E-6    -4.887220254694512E-6    792.2463584496559
-2.0330463624804596E-6    -4.5488810187780524E-6   2702.707227634458
-2.1005501511828727E-6    -4.661660764083538E-6    2059.794687592528
-2.168053939885285E-6     -4.774440509389025E-6    1433.5519837601623
-2.235557728587697E-6     -4.887220254694512E-6    809.0341141380886
-2.3030615172901106E-6    -4.9999999999999996E-6   186.24107872650387
-1.9609706652865014E-6    -4.661660764083538E-6    2087.4981333871924
-2.028474453988915E-6     -4.774440509389026E-6    1450.181185028352
-2.0959782426913267E-6    -4.887220254694512E-6    824.2546077305324
-2.1634820313937393E-6    -4.999999999999998E-6    200.0528646430261
-1.8888949680925432E-6    -4.774440509389024E-6    1471.3475231405132
-1.9563987567949563E-6    -4.8872202546945115E-6   839.475101322957
-2.0239025454973685E-6    -4.999999999999997E-6    213.8646505596605
-1.8168192708985863E-6    -4.887220254694512E-6    854.2553968943666
-1.8843230596009985E-6    -4.999999999999999E-6    227.67643647617865
-1.7447435737046278E-6    -4.999999999999998E-6    239.39219340151718
-1.4068747147783777E-6    -4.4387108930978975E-6   3964.095145894864
-1.474448486563628E-6     -4.550968714478319E-6    3212.6137038778024
-1.5420222583488777E-6    -4.663226535858736E-6    2466.8631463205925
-1.6095960301341275E-6    -4.7754843572391565E-6   1722.568039639537
-1.677169801919378E-6     -4.887742178619578E-6    979.7283838346489
-1.3348690006672575E-6    -4.550968714478319E-6    3227.856897535189
-1.4024427724525075E-6    -4.663226535858737E-6    2469.4805703997617
-1.4700165442377575E-6    -4.775484357239157E-6    1730.5614612220406
-1.537590316023007E-6     -4.887742178619578E-6    992.9532052683921
-1.6051640878082574E-6    -4.9999999999999996E-6   256.6558025388909
-1.2628632865561369E-6    -4.663226535858736E-6    2494.512398624619
-1.3304370583413873E-6    -4.775484357239158E-6    1743.3209834364643
-1.398010830126637E-6     -4.887742178619578E-6    1004.7943321916036
-1.4655846019118868E-6    -4.999999999999998E-6    267.578534170788
-1.190857572445016E-6     -4.7754843572391565E-6   1760.8078925917678
-1.2584313442302662E-6    -4.887742178619578E-6    1016.6354591148029
-1.326005116015516E-6     -4.999999999999997E-6    278.5012658027785
-1.1188518583338958E-6    -4.887742178619578E-6    1026.7433794366175
-1.186425630119146E-6     -4.999999999999999E-6    289.42399743468536
4.422597995174648E-6      -4.7423187960884974E-7   -11376.790143483144
4.38109333278494E-6       -3.814967840973175E-7    -11015.238260721511
4.339588670395232E-6      -2.8876168858578536E-7   -10649.226868758124
4.298084008005524E-6      -1.9602659307425326E-7   -10281.962671395399
4.3091037003571415E-6     -4.847882816600386E-7    -9100.562063865918
4.267599037967434E-6      -3.920531861485065E-7    -8734.918751500612
4.226094375577726E-6      -2.9931809063697435E-7   -8364.426165565965
4.195609405539636E-6      -4.953446837112277E-7    -6825.327311450046
4.154104743149927E-6      -4.0260958819969545E-7   -6455.635700346302
4.08211511072213E-6       -5.059010857624166E-7    -4551.085886235531
4.505367417455596E-6      -5.887868660771747E-7    -12568.541773489249
4.474642544919037E-6      -7.138982545966886E-7    -11339.769100535232
4.443917672382479E-6      -8.390096431162026E-7    -10117.404675854694
4.413192799845921E-6      -9.641210316357166E-7    -8901.448499447672
4.598148959457165E-6      -6.389089134227845E-7    -13810.249360775775
4.567424086920606E-6      -7.640203019422985E-7    -12480.590005378857
4.536699214384048E-6      -8.891316904618124E-7    -11157.702397247118
4.690930501458734E-6      -6.890309607683944E-7    -14996.27732541053
4.660205628922175E-6      -8.141423492879084E-7    -13664.801580191484
4.7837120434603025E-6     -7.391530081140041E-7    -16179.76309049609
4.391873122638089E-6      -5.993432681283637E-7    -10243.722050517483
4.2783788278205834E-6     -6.098996701795526E-7    -7972.98994698442
4.164884533003077E-6      -6.204560722307415E-7    -5703.208039787481
4.051390238185571E-6      -6.310124742819306E-7    -3410.730212508259
4.361148250101531E-6      -7.244546566478776E-7    -9119.905410635987
4.247653955284025E-6      -7.350110586990666E-7    -6855.0590475546815
4.134159660466519E-6      -7.455674607502555E-7    -4561.870661168192
4.330423377564973E-6      -8.495660451673916E-7    -8002.133520036262
4.216929082747466E-6      -8.601224472185805E-7    -5707.932952407751
4.299698505028414E-6      -9.746774336869055E-7    -6848.917086226929
4.759770600086468E-6      -1.4500060173277912E-6   -11248.756261137054
4.636264185548341E-6      -1.3821382156445522E-6   -10046.166481504497
4.512757771010213E-6      -1.3142704139613131E-6   -8839.923289095726
4.389251356472086E-6      -1.2464026122780743E-6   -7290.278871225206
4.643047614711065E-6      -1.5393084077673957E-6   -9394.391427440109
4.519541200172938E-6      -1.471440606084157E-6    -8191.568933953049
4.39603478563481E-6       -1.403572804400918E-6    -6834.322179076109
4.526324629335662E-6      -1.6286107982070008E-6   -7546.964553033907
4.402818214797535E-6      -1.5607429965237618E-6   -6381.478841301951
4.409601643960259E-6      -1.7179131886466058E-6   -5931.748857902736
3.6486703599122503E-6     -2.0741997286141937E-7   4471.513755357126
3.579842438889695E-6      -3.1154844816011764E-7   5744.19549453535
3.5110145178671398E-6     -4.156769234588159E-7    7010.682803182615
3.442186596844585E-6      -5.198053987575142E-7    8270.89354565075
3.7114509936547043E-6     -3.1071147042414047E-7   3094.3243931111647
3.6426230726321495E-6     -4.1483994572283874E-7   4366.779602855666
3.5737951516095947E-6     -5.18968421021537E-7     5632.90579592775
3.774231627397159E-6      -4.1400296798686156E-7   1722.78086355923
3.705403706374604E-6      -5.181314432855598E-7    2994.8263003633947
3.837012261139614E-6      -5.172944655495828E-7    356.655058957687
3.6006683610928848E-6     -1.0381523134310036E-6   4348.134510329995
3.674258852055233E-6      -9.338133483075241E-7    3035.637882928132
3.74784934301758E-6       -8.294743831840444E-7    1721.1714325339635
3.821439833979928E-6      -7.251354180605648E-7    400.5690453945772
3.895030324942275E-6      -6.207964529370851E-7    -926.1692784900333
3.542650297290223E-6      -9.346503260435012E-7    5686.468126612975
3.6162407882525708E-6     -8.303113609200216E-7    4390.03812417289
3.689831279214918E-6      -7.259723957965419E-7    3051.4574165198064
3.7634217701772656E-6     -6.216334306730623E-7    1706.9203588668497
3.484632233487561E-6      -8.311483386559987E-7    6980.440349373957
3.5582227244499083E-6     -7.26809373532519E-7     5678.661418000862
3.6318132154122563E-6     -6.224704084090394E-7    4339.630412428762
3.4266141696848994E-6     -7.276463512684962E-7    8279.58227564837
3.5002046606472466E-6     -6.233073861450166E-7    6972.252513277441
3.368596105882237E-6      -6.241443638809938E-7    9583.893905436205
3.977799747223223E-6      -7.353514394054101E-7    -2078.35197338332
3.9042092562608755E-6     -8.396904045288897E-7    -775.9353741673476
3.830618765298528E-6      -9.440293696523693E-7    520.1657015581004
3.7570282743361807E-6     -1.048368334775849E-6    1805.927238913918
4.060569169504171E-6      -8.499064258737352E-7    -3224.8632576397868
3.986978678541823E-6      -9.542453909972149E-7    -1923.4635972432152
3.913388187579476E-6      -1.0585843561206945E-6   -627.538101317642
4.143338591785119E-6      -9.6446141234206E-7      -4365.994762341081
4.069748100822771E-6      -1.0688003774655397E-6   -3059.9488392018593
4.226108014066067E-6      -1.0790163988103852E-6   -5491.304974738734
3.809108408337655E-6      -1.6144978761956562E-6   1020.4619155202148
3.923780312131997E-6      -1.5094447849875713E-6   -560.2496857319084
4.038452215926338E-6      -1.404391693779486E-6    -2298.9315895041173
4.153124119720679E-6      -1.2993386025714009E-6   -4045.65208784726
4.267796023515021E-6      -1.1942855113633157E-6   -5800.411180761364
3.7674203988887013E-6     -1.4992287636427259E-6   1735.655294351608
3.882092302683042E-6      -1.3941756724346407E-6   93.53641643137212
3.996764206477384E-6      -1.2891225812265554E-6   -1756.4553801195098
4.111436110271725E-6      -1.1840694900184703E-6   -3614.588672926712
3.7257323894397467E-6     -1.3839596510897953E-6   2383.4936201613955
3.8404042932340885E-6     -1.27890655988171E-6     660.5171588024541
3.95507619702843E-6       -1.1738534686736248E-6   -1192.8134912905102
3.684044379990793E-6      -1.2686905385368647E-6   3034.1193836103093
3.7987162837851344E-6     -1.1636374473287794E-6   1229.9727613369414
3.642356370541839E-6      -1.1534214259839342E-6   3687.5325846983615
3.930563741294721E-6      -1.666614977110415E-6    -477.53132302770564
4.0520190742517855E-6     -1.7187320780251737E-6   -1800.2069415486344
4.173474407208852E-6      -1.770849178939932E-6    -3119.849459494605
4.294929740165917E-6      -1.8229662798546907E-6   -4436.4588768656085
4.0452356450890616E-6     -1.56156188590233E-6     -2031.0764092145637
4.166690978046127E-6      -1.6136789868170883E-6   -3409.507272423507
4.288146311003193E-6      -1.665796087731847E-6    -4784.822495314322
4.159907548883403E-6      -1.4565087946942444E-6   -3662.9589327707254
4.281362881840469E-6      -1.5086258956090032E-6   -5042.56145500021
4.274579452677745E-6      -1.3514557034861593E-6   -5302.777149212427
2.990438943990262E-6      -2.1003761354189443E-7   19396.372538666852
2.925127735040992E-6      -3.159467517850906E-7    19909.744886129993
2.8598165260917215E-6     -4.2185589002828673E-7   20420.017208314857
2.7945053171424513E-6     -5.27765028271483E-7     20925.7449837709
3.0541459162752724E-6     -3.141660888405927E-7    17410.838011533735
2.9888347073260025E-6     -4.2007522708378885E-7   17926.87957475464
2.9235234983767322E-6     -5.259843653269851E-7    18439.006775526777
3.1178528885602835E-6     -4.18294564139291E-7     15433.548819640408
3.0525416796110132E-6     -5.242037023824871E-7    15952.083228566611
3.1815598608452942E-6     -5.224230394379893E-7    13464.974342890397
4.417188572495345E-6      -2.0074404288204646E-6   -5205.701168313359
4.417992071867708E-6      -2.13979747687148E-6     -4866.137358139531
4.41879557124007E-6       -2.2721545249224954E-6   -4528.390870311749
4.419599070612433E-6      -2.4045115729735107E-6   -4192.461704830008
4.533911557870748E-6      -2.0609951812380027E-6   -6212.280499853327
4.534715057243111E-6      -2.193352229289018E-6    -5759.109044608699
4.535518556615474E-6      -2.3257092773400334E-6   -5308.055278781728
4.650634543246152E-6      -2.114549933655541E-6    -7052.401679835646
4.651438042618515E-6      -2.246906981706556E-6    -6596.930476127015
4.767357528621555E-6      -2.1681046860730794E-6   -7890.315087722536
3.854003950335177E-6      -2.2166249574648893E-6   486.70706225892144
3.966480174892738E-6      -2.148316642125801E-6    -570.2094989230313
4.078956399450299E-6      -2.080008326786713E-6    -1781.1505334850926
4.1914326240078604E-6     -2.0117000114476254E-6   -2995.9144194875253
4.303908848565421E-6      -1.9433916961085374E-6   -4214.501156930361
3.845024841935673E-6      -2.0961995412110428E-6   600.1808718255184
3.957501066493233E-6      -2.0278912258719547E-6   -509.6311982310044
4.069977291050795E-6      -1.9595829105328666E-6   -1783.6170031830502
4.182453515608355E-6      -1.8912745951937788E-6   -3061.525764964863
3.8360457335361684E-6     -1.975774124957196E-6    697.1379758794601
3.948521958093729E-6      -1.907465809618108E-6    -522.3002103088274
4.06099818265129E-6       -1.8391574942790201E-6   -1799.771912932827
3.827066625136664E-6      -1.8553487087033494E-6   794.2798932083842
3.939542849694225E-6      -1.7870403933642613E-6   -535.0675000689862
3.818087516737159E-6      -1.734923292449503E-6    891.6066238122812
3.967283674265101E-6      -2.2806736901768165E-6   -509.2558771899296
4.080563398195024E-6      -2.344722422888744E-6    -1388.1648099829808
4.193843122124948E-6      -2.4087711556006715E-6   -2264.358705616463
4.3071228460548715E-6     -2.4728198883125984E-6   -3137.837564090344
4.079759898822662E-6      -2.2123653748377285E-6   -1576.9621806628165
4.193039622752586E-6      -2.2764141075496557E-6   -2507.8092928740352
4.306319346682509E-6      -2.3404628402615834E-6   -3435.899870644216
4.192236123380222E-6      -2.1440570594986404E-6   -2728.0689706745943
4.305515847310146E-6      -2.208105792210568E-6    -3658.640711053573
4.304712347937784E-6      -2.0757487441595523E-6   -3882.898506737358
4.771447481895359E-6      -2.867946405037141E-6    -5337.015756910478
4.655527995892318E-6      -2.803891557813475E-6    -4814.108707896901
4.539608509889277E-6      -2.739836710589809E-6    -4289.125936360489
4.423689023886236E-6      -2.6757818633661434E-6   -3608.1459274928693
4.658814449793758E-6      -2.9428048001550922E-6   -4451.824494373755
4.542894963790718E-6      -2.8787499529314267E-6   -3928.7516099287277
4.426975477787677E-6      -2.814695105707761E-6    -3348.591010943409
4.5461814176921585E-6     -3.017663195273044E-6    -3569.855798602476
4.430261931689118E-6      -2.953608348049378E-6    -3090.2782627604024
4.433548385590559E-6      -3.092521590390996E-6    -2833.2076829438624
2.3418593954713312E-6     -2.138856056606319E-7    33186.1833413352
2.2759002638663808E-6     -3.2186207307806764E-7   32950.217374157044
2.2099411322614303E-6     -4.298385404955033E-7    32714.28673700341
2.1439820006564794E-6     -5.378150079129391E-7    32475.53939364995
2.4062765476793034E-6     -3.197947439038281E-7    30687.429357139183
2.340317416074353E-6      -4.277712113212638E-7    30456.84007400392
2.2743582844694024E-6     -5.357476787386995E-7    30225.00052237248
2.4706936998872755E-6     -4.257038821470242E-7    28199.188865764867
2.404734568282325E-6      -5.336803495644599E-7    27974.265705452475
2.5351108520952477E-6     -5.316130203902204E-7    25723.334942889946
2.9824689617724455E-6     -1.0395348868835304E-6   14112.28076666726
3.0480907778338717E-6     -9.357563848055227E-7    13456.26335966044
3.1137125938952975E-6     -8.319778827275148E-7    12829.316960005865
3.1793344099567237E-6     -7.28199380649507E-7     12199.023421107973
3.244956226018149E-6      -6.244208785714991E-7    11565.38274296678
2.9190725965995907E-6     -9.375370477500206E-7    15928.184214688683
2.9846944126610165E-6     -8.337585456720127E-7    15274.444719953453
3.050316228722442E-6      -7.299800435940048E-7    14674.532706667676
3.115938044783868E-6      -6.26201541515997E-7     14071.532374281138
2.8556762314267355E-6     -8.355392086165105E-7    17753.98213071924
2.921298047488161E-6      -7.317607065385027E-7    17150.59474935016
2.986919863549587E-6      -6.279822044604949E-7    16552.794963482527
2.7922798662538803E-6     -7.335413694830007E-7    19586.98781593272
2.857901682315306E-6      -6.297628674049927E-7    19033.879996805787
2.728883501081025E-6      -6.315435303494907E-7    21427.20127032914
3.3029742898208115E-6     -7.279228659590017E-7    10226.582388662631
3.2373524737593854E-6     -8.317013680370095E-7    10886.55766847989
3.171730657697959E-6      -9.354798701150172E-7    11542.926988911327
3.106108841636534E-6      -1.0392583721930252E-6   12195.506400058002
3.360992353623473E-6      -8.314248533465041E-7    8917.863126171513
3.295370537562047E-6      -9.352033554245119E-7    9578.733208429108
3.2297487215006212E-6     -1.0389818575025197E-6   10235.83996791926
3.4190104174261353E-6     -9.349268407340066E-7    7614.515469258615
3.353388601364709E-6      -1.0387053428120145E-6   8276.150409027905
3.4770284812287974E-6     -1.038428828121509E-6    6316.437723383952
3.289552880483774E-6      -1.4346281515650317E-6   7950.572024998544
3.3517759766055963E-6     -1.3553329839382263E-6   7190.657770236001
3.413999072727418E-6      -1.2760378163114205E-6   6498.60009866323
3.4762221688492405E-6     -1.1967426486846148E-6   5803.853036788292
3.538445264971063E-6      -1.1174474810578092E-6   5106.41658461115
3.2281360967415084E-6     -1.3556094986287315E-6   9185.083605941121
3.2903591928633308E-6     -1.2763143310019257E-6   8445.929428365234
3.3525822889851527E-6     -1.1970191633751203E-6   7738.683059523633
3.414805385106975E-6      -1.1177239957483145E-6   7028.818593016541
3.1667193129992425E-6     -1.2765908456924311E-6   10390.952887887655
3.2289424091210644E-6     -1.1972956780656255E-6   9691.964957011727
3.291165505242887E-6      -1.11800051043882E-6     8985.30175938825
3.105302529256977E-6      -1.197572192756131E-6    11600.604839530068
3.167525625378799E-6      -1.1182770251293253E-6   10941.762630943007
3.0438857455147115E-6     -1.1185535398198308E-6   12814.039460868407
3.39346398605455E-6       -1.4706020964911569E-6   6423.048087255236
3.4973750916253264E-6     -1.5065760414172814E-6   5039.522407779492
3.6012861971961025E-6     -1.5425499863434065E-6   3658.1514926450513
3.705197302766879E-6      -1.5785239312695313E-6   2278.9353418519427
3.4556870821763727E-6     -1.391306928864351E-6    5763.895715759063
3.5595981877471484E-6     -1.4272808737904758E-6   4352.351851940723
3.663509293317925E-6      -1.463254818716601E-6    2943.0279040134665
3.5179101782981947E-6     -1.3120117612375454E-6   5085.789521591934
3.621821283868971E-6      -1.3479857061636704E-6   3672.4252666922766
3.5801332744200166E-6     -1.2327165936107396E-6   4404.922644485949
3.294812088846551E-6      -1.5325451208820388E-6   7609.218749146794
3.300071297209328E-6      -1.6304620901990456E-6   7251.632628262367
3.3053305055721046E-6     -1.7283790595160525E-6   6895.08239834489
3.310589713934882E-6      -1.8262960288330596E-6   6539.568059394388
3.3158489222976587E-6     -1.9242129981500664E-6   6167.793539814945
3.3987231944173274E-6     -1.5685190658081636E-6   6138.577116638178
3.403982402780104E-6      -1.6664360351251705E-6   5871.133110945783
3.4092416111428807E-6     -1.7643530044421774E-6   5604.522930445969
3.414500819505658E-6      -1.8622699737591846E-6   5273.060449720821
3.5026342999881035E-6     -1.6044930107342885E-6   4784.246244596415
3.5078935083508805E-6     -1.7024099800512957E-6   4519.799253076741
3.513152716713657E-6      -1.8003269493683024E-6   4239.984558194743
3.6065454055588795E-6     -1.6404669556604133E-6   3432.0049853461956
3.6118046139216565E-6     -1.7383839249774204E-6   3203.8831767844936
3.710456511129656E-6      -1.6764409005865384E-6   2164.756305490096
3.71943561952916E-6       -1.796866316840385E-6    2040.3814392314162
3.6207837223211608E-6     -1.8588093412312667E-6   3027.156715057892
3.5221318251131613E-6     -1.920752365622149E-6    4010.9516014773526
3.4234799279051628E-6     -1.9826953900130313E-6   4928.149236664098
3.7284147279286644E-6     -1.9172917330942314E-6   1833.5715106024509
3.6297628307206654E-6     -1.9792347574851134E-6   2817.569988778301
3.531110933512666E-6      -2.0411777818759953E-6   3781.0804082546515
3.7373938363281686E-6     -2.037717149348078E-6    1627.2294862057715
3.6387419391201696E-6     -2.09966017373896E-6     2636.988640116788
3.7463729447276737E-6     -2.1581425656019248E-6   1495.8739322505003
2.3511804075298147E-6     -1.0771169946006044E-6   23052.948351979398
2.4140417532054858E-6     -9.676027339236798E-7    23050.33569218279
2.476903098881157E-6      -8.58088473246755E-7     23115.543690615108
2.539764444556828E-6      -7.485742125698303E-7    23180.114375084384
2.602625790232499E-6      -6.390599518929055E-7    23244.047745590626
2.283665469392563E-6      -9.696700630979193E-7    25274.939465388314
2.3465268150682343E-6     -8.601558024209947E-7    25303.87095305992
2.4093881607439054E-6     -7.506415417440698E-7    25444.566082326215
2.4722495064195765E-6     -6.411272810671451E-7    25585.011770828758
2.2161505312553117E-6     -8.622231315952341E-7    27566.259954798523
2.2790118769309824E-6     -7.527088709183093E-7    27683.98406923563
2.341873222606654E-6      -6.431946102413847E-7    27829.39432711593
2.14863559311806E-6       -7.54776200092549E-7     29867.03698963169
2.2114969387937313E-6     -6.452619394156241E-7    30073.589537357504
2.0811206549808083E-6     -6.473292685898638E-7    32177.27056988783
2.6660221554053544E-6     -7.410577910264154E-7    21351.685630261854
2.6031608097296833E-6     -8.505720517033402E-7    21362.731006954047
2.540299464054012E-6      -9.600863123802649E-7    21372.75119648391
2.477438118378341E-6      -1.0696005730571897E-6   21373.39840341112
2.729418520578209E-6      -8.430556301599253E-7    19562.997958145355
2.666557174902538E-6      -9.525698908368502E-7    19577.474333417416
2.603695829226867E-6      -1.0620841515137748E-6   19587.352254466543
2.7928148857510644E-6     -9.450534692934352E-7    17781.590606335732
2.7299535400753933E-6     -1.05456772997036E-6     17800.724292254396
2.8562112509239196E-6     -1.0470513084269453E-6   16013.514516774714
3.347087128440663E-6      -2.4510182562347646E-6   4628.06766183739
3.448470492819566E-6      -2.40413959648079E-6     3890.353328252203
3.5498538571984686E-6     -2.3572609367268144E-6   3066.7723053557816
3.6512372215773712E-6     -2.3103822769728394E-6   2241.2438285095313
3.7526205859562743E-6     -2.2635036172188643E-6   1413.7678977134358
3.3408394872120624E-6     -2.3456572046178254E-6   4925.420083465842
3.442222851590965E-6      -2.29877854486385E-6     4158.605545738336
3.5436062159698676E-6     -2.2518998851098745E-6   3297.8630251950844
3.64498958034877E-6       -2.2050212253559E-6      2435.1253427688516
3.3345918459834613E-6     -2.2402961530008855E-6   5232.872066343929
3.435975210362364E-6      -2.19341749324691E-6     4393.150630446769
3.537358574741267E-6      -2.1465388334929353E-6   3530.3359529161644
3.3283442047548603E-6     -2.1349351013839455E-6   5541.251071375461
3.429727569133763E-6      -2.0880564416299704E-6   4628.4595734801205
3.3220965635262597E-6     -2.029574049767006E-6    5850.5570985604245
3.4407080227179917E-6     -2.540428327470787E-6    3740.720267808445
3.53432891699532E-6       -2.6298383987068087E-6   2948.23795408612
3.6279498112726485E-6     -2.7192484699428312E-6   2159.0613427214894
3.7215707055499772E-6     -2.8086585411788533E-6   1373.190433714586
3.815191599827306E-6      -2.8980686124148754E-6   700.4005852684558
3.5420913870968944E-6     -2.493549667716812E-6    3013.155300717809
3.6357122813742227E-6     -2.5829597389528337E-6   2173.7556262664107
3.729333175651551E-6      -2.6723698101888557E-6   1337.6833137953709
3.82295406992888E-6       -2.7617798814248787E-6   668.5731510466044
3.643474751475797E-6      -2.4466710079628365E-6   2225.602993125447
3.7370956457531257E-6     -2.5360810791988586E-6   1387.1426933186176
3.830716540030454E-6      -2.6254911504348807E-6   618.8543168294946
3.7448581158546996E-6     -2.3997923482088615E-6   1436.1509395163994
3.838479010132028E-6      -2.489202419444884E-6    568.4318832364188
3.846241480233603E-6      -2.352913688454887E-6    517.3058502673589
3.959521204163527E-6      -2.4169624211668137E-6   -436.9365107895337
3.9517587340619524E-6     -2.5532511521568112E-6   -285.8954693277301
3.943996263960377E-6      -2.689539883146808E-6    -135.8104932924134
3.936233793858804E-6      -2.825828614136806E-6    -69.86005713166082
4.07280092809345E-6       -2.4810111538787414E-6   -1261.0120423450153
4.065038457991876E-6      -2.6172998848687385E-6   -1107.3511508960423
4.0572759878903014E-6     -2.7535886158587356E-6   -984.1974485798012
4.186080652023374E-6      -2.5450598865906686E-6   -2082.4140340223844
4.1783181819218E-6        -2.681348617580666E-6    -1901.9623639280971
4.299360375953297E-6      -2.609108619302596E-6    -2823.1548031765287
4.302646829854739E-6      -2.7480218616442132E-6   -2586.98184729712
4.1816046358232405E-6     -2.820261859922283E-6    -1723.0721041873076
4.060562441791742E-6      -2.892501858200353E-6    -862.4951833550649
3.939520247760245E-6      -2.9647418564784232E-6   -78.20959817402058
4.305933283756179E-6      -2.8869351039858305E-6   -2429.8023956902252
4.184891089724681E-6      -2.959175102263901E-6    -1569.358594732077
4.063848895693183E-6      -3.0314151005419703E-6   -742.5731996472323
4.3092197376576195E-6     -3.0258483463274483E-6   -2273.628765710735
4.188177543626122E-6      -3.098088344605518E-6    -1404.3795154536524
4.31250619155906E-6       -3.164761588669066E-6    -2063.6285455932684
3.954842291878174E-6      -3.507529852623381E-6    -56.07798079764361
4.051240801400939E-6      -3.4523108486452273E-6   -482.18175436052366
4.147639310923704E-6      -3.3970918446670737E-6   -988.7024603704494
4.244037820446469E-6      -3.34187284068892E-6     -1496.9260958470854
4.340436329969234E-6      -3.286653836710767E-6    -2006.8526607904528
3.926912153468E-6         -3.38563760458168E-6     117.51418196922077
4.023310662990765E-6      -3.3304186006035263E-6   -383.8342249156526
4.11970917251353E-6       -3.2751995966253727E-6   -923.7418918532694
4.216107682036295E-6      -3.219980592647219E-6    -1465.3958614906765
3.898982015057827E-6      -3.263745356539979E-6    249.95998250748698
3.995380524580592E-6      -3.2085263525618253E-6   -307.03351335637035
4.091779034103357E-6      -3.1533073485836717E-6   -848.697667329815
3.871051876647653E-6      -3.1418531084982774E-6   383.28770213567395
3.967450386170418E-6      -3.086634104520124E-6    -229.47814223369824
3.84312173823748E-6       -3.019960860456577E-6    517.4973408537971
4.4271527019758014E-6     -3.374490748765442E-6    -2319.85760073265
4.4174705644596035E-6     -3.51754666479827E-6     -2049.814906612217
4.4077884269434055E-6     -3.6606025808310983E-6   -1781.073501048685
4.3981062894272076E-6     -3.8036584968639273E-6   -1513.6333840420439
4.539785734077401E-6      -3.442489496504633E-6    -2698.6383026672975
4.530103596561203E-6      -3.5855454125374617E-6   -2353.2729895889224
4.520421459045005E-6      -3.72860132857029E-6     -2009.336753360999
4.652418766179001E-6      -3.510488244243824E-6    -2972.257618332278
4.642736628662804E-6      -3.653544160276653E-6    -2625.308828472659
4.765051798280601E-6      -3.5784869919830157E-6   -3244.048702983707
4.041558663884741E-6      -3.595366764678056E-6    -338.34865729970306
4.128275035891308E-6      -3.683203676732731E-6    -592.8975569241102
4.214991407897875E-6      -3.7710405887874055E-6   -845.5061065816317
4.3017077799044425E-6     -3.858877500842081E-6    -1096.174306272243
4.137957173407506E-6      -3.5401477606999023E-6   -789.0249816554506
4.2246735454140725E-6     -3.6279846727545773E-6   -1071.6474080417452
4.3113899174206405E-6     -3.715821584809252E-6    -1352.3505109683856
4.234355682930271E-6      -3.4849287567217483E-6   -1263.1985800288348
4.321072054936838E-6      -3.5727656687764237E-6   -1545.1043726704502
4.330754192453036E-6      -3.429709752743595E-6    -1739.031734635857
4.519292129254865E-6      -4.430104642009494E-6    -800.3999451899704
4.608890304536699E-6      -4.377057059294815E-6    -1060.554303437048
4.698488479818533E-6      -4.324009476580136E-6    -1343.2403325083487
4.788086655100367E-6      -4.2709618938654585E-6   -1627.1293628876579
4.486575134918901E-6      -4.30925708473131E-6     -929.1004723178567
4.576173310200734E-6      -4.256209502016631E-6    -1229.8212626082905
4.665771485482569E-6      -4.203161919301952E-6    -1513.752575792826
4.453858140582937E-6      -4.1884095274531244E-6   -1057.1696032937857
4.543456315864771E-6      -4.135361944738446E-6    -1398.51872966061
4.4211411462469735E-6     -4.06756197017494E-6     -1184.6073381177482
1.683530304414215E-6      -2.1740042492939804E-7   45322.49854407768
1.6166311210405483E-6     -3.2682438244136036E-7   44311.69866074941
1.549731937666882E-6      -4.3624833995332263E-7   43304.323676822954
1.4828327542932155E-6     -5.45672297465285E-7     42297.659091161404
1.7493243616781338E-6     -3.2537689234683375E-7   42422.729716977934
1.6824251783044673E-6     -4.348008498587961E-7    41419.89951152033
1.6155259949308008E-6     -5.442248073707584E-7    40419.363952933476
1.8151184189420526E-6     -4.3335335976426947E-7   39535.354507754106
1.7482192355683863E-6     -5.427773172762317E-7    38540.95318641233
1.8809124762059715E-6     -5.413298271817052E-7    36662.42679159797
1.6877399962224018E-6     -1.0853312871412585E-6   31289.687600695655
1.752913140346633E-6      -9.762414971304426E-7    31857.247426009388
1.8180862844708637E-6     -8.671517071196265E-7    32522.585982214827
1.8832594285950949E-6     -7.580619171088105E-7    33189.81488569664
1.9484325727193256E-6     -6.489721270979946E-7    33858.93413645486
1.6202198997090475E-6     -9.776889872249691E-7    33714.81755544072
1.6853930438332785E-6     -8.685991972141532E-7    34343.211125332484
1.7505661879575094E-6     -7.595094072033371E-7    35114.61794711322
1.8157393320817404E-6     -6.504196171925211E-7    35888.37446093228
1.5526998031956932E-6     -8.700466873086798E-7    36235.24910328767
1.617872947319924E-6      -7.609568972978637E-7    36983.2592116895
1.683046091444155E-6      -6.518671072870478E-7    37761.160956154345
1.4851797066823389E-6     -7.624043873923904E-7    38766.05236586934
1.5503528508065696E-6     -6.533145973815742E-7    39633.837033253476
1.4176596101689844E-6     -6.547620874761009E-7    41307.22734318572
2.0159475108565775E-6     -7.564190586006797E-7    31472.372634170322
1.9507743667323464E-6     -8.655088486114958E-7    30909.23253263299
1.8856012226081152E-6     -9.745986386223116E-7    30347.5234336101
1.8204280784838845E-6     -1.0836884286331277E-6   29785.107511161885
2.0834624489938286E-6     -8.638659901033649E-7    29251.775281917955
2.018289304869598E-6      -9.729557801141808E-7    28694.12229718641
1.953116160745367E-6      -1.082045570124997E-6    28137.009148360725
2.1509773871310805E-6     -9.7131292160605E-7      27040.59866856528
2.0858042430068498E-6     -1.0804027116168662E-6   26488.793352414763
2.218492325268332E-6      -1.0787598531087354E-6   24840.460123323996
2.9325018267731043E-6     -1.1611524927741187E-6   14013.185674621776
2.8062441159245775E-6     -1.1686689143175334E-6   15867.135691310968
2.679986405076051E-6      -1.1761853358609481E-6   17645.006838732093
2.5537286942275252E-6     -1.183701757404363E-6    19422.32122363328
2.4274709833789993E-6     -1.191218178947778E-6    21106.77380174694
2.8825346917737626E-6     -1.2827700986647068E-6   13953.609679339579
2.7562769809252362E-6     -1.2902865202081215E-6   15714.3914175985
2.63001927007671E-6       -1.2978029417515364E-6   17487.748566835995
2.5037615592281844E-6     -1.3053193632949513E-6   19239.3519504086
2.8325675567744213E-6     -1.404387704555295E-6    13893.370540870103
2.706309845925895E-6      -1.4119041260987097E-6   15561.332637578973
2.5800521350773686E-6     -1.4194205476421247E-6   17380.07966104739
2.7826004217750796E-6     -1.526005310445883E-6    13832.46825921331
2.6563427109265537E-6     -1.533521731989298E-6    15528.956933663354
2.7326332867757383E-6     -1.6476229163364714E-6   13782.299195414354
3.1781689617421667E-6     -1.4772271045193198E-6   9279.42459492539
3.1167521779999012E-6     -1.3982084515830194E-6   10423.779951340177
3.0553353942576353E-6     -1.319189798646719E-6    11591.27129607767
2.9939186105153694E-6     -1.2401711457104186E-6   12762.565834922152
3.06678504300056E-6       -1.5198260574736075E-6   10443.23554603097
3.0053682592582936E-6     -1.4408074045373073E-6   11625.545692710528
2.943951475516028E-6      -1.361788751601007E-6    12794.242175720818
2.9554011242589523E-6     -1.5624250104278956E-6   11604.70064104193
2.893984340516687E-6      -1.4834063574915952E-6   12824.906736451938
2.8440172055173455E-6     -1.6050239633821835E-6   12763.81987995826
3.1834281701049438E-6     -1.5751440738363265E-6   8850.429058723686
3.0720442513633366E-6     -1.6177430267906144E-6   9975.131206064958
2.9606603326217294E-6     -1.6603419797449025E-6   11097.546338845921
2.8492764138801226E-6     -1.7029409326991904E-6   12139.082192798494
3.188687378467721E-6      -1.6730610431533335E-6   8403.338685047602
3.0773034597261136E-6     -1.7156599961076216E-6   9525.681680616528
2.9659195409845064E-6     -1.7582589490619094E-6   10608.81363941566
3.1939465868304974E-6     -1.7709780124703404E-6   7957.486268112842
3.0825626680888906E-6     -1.8135769654246283E-6   9082.12369285218
3.199205795193275E-6      -1.8688949817873475E-6   7559.01235310805
2.899017603467005E-6      -2.1870159017440235E-6   9319.706611894051
2.982383867233136E-6      -2.134455321025232E-6    8733.648519200615
3.0657501309992665E-6     -2.0818947403064407E-6   8112.813732194048
3.149116394765397E-6      -2.029334159587649E-6    7490.276697106574
3.232482658531528E-6      -1.976773578868858E-6    6866.037413938184
2.865740740128752E-6      -2.079137304662513E-6    10244.49128158862
2.9491070038948822E-6     -2.0265767239437215E-6   9579.240128594623
3.032473267661013E-6      -1.9740161432249303E-6   8922.92245429978
3.1158395314271437E-6     -1.9214555625061387E-6   8264.893377533794
2.832463876790498E-6      -1.9712587075810027E-6   11102.570314832124
2.915830140556629E-6      -1.918698126862211E-6    10403.033912673538
2.99919640432276E-6       -1.8661375461434199E-6   9745.761294469805
2.799187013452245E-6      -1.8633801104994922E-6   11964.067935782266
2.8825532772183756E-6     -1.8108195297807006E-6   11230.117179318799
2.765910150113992E-6      -1.7555015134179818E-6   12828.984144439077
2.988631508461737E-6      -2.239816372642172E-6    8285.036631888863
3.078245413456468E-6      -2.29261684354032E-6     7350.23434702214
3.1678593184512E-6        -2.345417314438468E-6    6417.631749788076
3.257473223445931E-6      -2.3982177853366166E-6   5487.228840186693
3.0719977722278675E-6     -2.1872557919233807E-6   7736.421991368812
3.161611677222599E-6      -2.2400562628215287E-6   6766.529926587682
3.25122558221733E-6       -2.2928567337196766E-6   5798.885016975764
3.155364035993998E-6      -2.1346952112045887E-6   7149.847085489941
3.24497794098873E-6       -2.187495682102737E-6    6179.6869584570995
3.2387302997601285E-6     -2.0821346304857975E-6   6561.579085920386
2.025969374111132E-6      -1.6206419343406354E-6   21508.064786228515
2.0910115807948685E-6     -1.5119369463926293E-6   21743.058238522142
2.1560537874786047E-6     -1.4032319584446231E-6   22058.549740053837
2.2210959941623418E-6     -1.294526970496617E-6    22374.35500005221
2.286138200846078E-6      -1.1858219825486106E-6   22690.474018517278
1.958323498533386E-6      -1.51357980490076E-6     23383.226938232685
2.0233657052171225E-6     -1.4048748169527539E-6   23683.421344636758
2.0884079119008587E-6     -1.2961698290047475E-6   24068.969634828434
2.1534501185845954E-6     -1.1874648410567414E-6   24455.188337461383
1.8906776229556398E-6     -1.4065176754608847E-6   25328.48880130751
1.9557198296393765E-6     -1.2978126875128785E-6   25708.62062718132
2.0207620363231127E-6     -1.1891076995648721E-6   26098.552059465022
1.8230317473778938E-6     -1.2994555460210093E-6   27281.650068352174
1.8880739540616303E-6     -1.190750558073003E-6    27741.80340737642
1.7553858718001478E-6     -1.192393416581134E-6    29242.710739366685
2.3624287766952627E-6     -1.299923166895784E-6    20768.63573530886
2.297386570011526E-6      -1.40862815484379E-6     20522.759817630496
2.2323443633277894E-6     -1.5173331427917965E-6   20276.841004444213
2.167302156644053E-6      -1.6260381307398026E-6   20033.9808377804
2.4387193525444473E-6     -1.4140243512429573E-6   18976.178071362723
2.373677145860711E-6      -1.5227293391909636E-6   18734.158299953888
2.3086349391769744E-6     -1.6314343271389698E-6   18493.2262017576
2.5150099283936324E-6     -1.5281255355901306E-6   17191.86280383057
2.4499677217098957E-6     -1.636830523538137E-6    16952.842043396875
2.591300504242817E-6      -1.6422267199373042E-6   15412.828362698237
2.877085977470084E-6      -2.284675921982899E-6    9013.903028729279
2.8551543514731627E-6     -2.3823359422217746E-6   8765.270373272582
2.8332227254762417E-6     -2.47999596246065E-6     8516.950246685454
2.8112910994793204E-6     -2.5776559826995252E-6   8268.942648967906
2.7893594734823994E-6     -2.6753160029384005E-6   8035.897586609538
2.9666998824648154E-6     -2.3374763928810472E-6   8063.413911670192
2.9447682564678944E-6     -2.4351364131199225E-6   7878.222061110024
2.9228366304709735E-6     -2.532796433358798E-6    7693.193908540219
2.9009050044740526E-6     -2.6304564535976736E-6   7470.26612445546
3.0563137874595467E-6     -2.390276863779195E-6    7165.4679752450165
3.0343821614626258E-6     -2.4879368840180705E-6   6982.310755463694
3.012450535465705E-6      -2.5855969042569462E-6   6787.489343313709
3.1459276924542785E-6     -2.443077334677343E-6    6269.67425891594
3.1239960664573575E-6     -2.540737354916219E-6    6102.985992004303
3.2355415974490103E-6     -2.495877805575492E-6    5416.756070527242
3.2352408433199705E-6     -2.945041657593154E-6    4288.976415799021
3.2576101003441094E-6     -2.8462369773214763E-6   4314.143670777846
3.2799793573682475E-6     -2.7474322970497982E-6   4389.3743684998435
3.302348614392386E-6      -2.64862761677812E-6     4464.2924009601065
3.3247178714165245E-6     -2.5498229365064426E-6   4538.897768158632
3.1460645693524563E-6     -2.891096526662203E-6    4964.747137103203
3.1684338263765948E-6     -2.792291846390525E-6    5067.959967576395
3.1908030834007333E-6     -2.6934871661188476E-6   5197.991646667166
3.2131723404248718E-6     -2.5946824858471695E-6   5327.83145026553
3.056888295384942E-6      -2.8371513957312525E-6   5717.653068920641
3.0792575524090806E-6     -2.7383467154595745E-6   5854.1016063011075
3.101626809433219E-6      -2.639542035187897E-6    5985.856897944328
2.967712021417428E-6      -2.783206264800302E-6    6472.452591309677
2.9900812784415664E-6     -2.684401584528624E-6    6642.182548759017
2.8785357474499136E-6     -2.729261133869351E-6    7229.145704270339
3.3512309946214378E-6     -2.9356470485574983E-6   3602.0317598340016
3.4672211459229046E-6     -2.926252439521843E-6    2884.350916009473
3.5832112972243715E-6     -2.9168578304861864E-6   2166.2945781732187
3.6992014485258387E-6     -2.9074632214505313E-6   1447.8627463252287
3.373600251645576E-6      -2.8368423682858203E-6   3623.628717106347
3.489590402947043E-6      -2.8274477592501648E-6   2902.3414460701406
3.6055805542485095E-6     -2.818053150214509E-6    2180.667895862187
3.3959695086697143E-6     -2.7380376880141423E-6   3643.730157543094
3.5119596599711816E-6     -2.7286430789784867E-6   2920.3909980379576
3.418338765693853E-6      -2.6392330077424642E-6   3663.398142948776
3.2745173067346537E-6     -3.0420558830456125E-6   3937.304196738618
3.3137937701493366E-6     -3.1390701084980708E-6   3528.4390725972835
3.3530702335640194E-6     -3.2360843339505294E-6   3121.139408699143
3.3923466969787026E-6     -3.3330985594029876E-6   2715.4052050442133
3.4316231603933854E-6     -3.430112784855446E-6    2303.7185316605605
3.3905074580361206E-6     -3.0326612740099566E-6   3209.800616443349
3.4297839214508034E-6     -3.1296754994624152E-6   2820.1373222369966
3.4690603848654862E-6     -3.2266897249148735E-6   2431.9798154104146
3.50833684828017E-6       -3.323703950367332E-6    2027.2996406865059
3.5064976093375874E-6     -3.023266664974301E-6    2495.4845014803614
3.5457740727522707E-6     -3.1202808904267593E-6   2107.6313973928027
3.5850505361669535E-6     -3.217295115879218E-6    1720.0452315812518
3.6224877606390543E-6     -3.013872055938645E-6    1780.8036776656618
3.6617642240537375E-6     -3.1108862813911037E-6   1410.274666001158
3.738477911940522E-6      -3.00447744690299E-6     1097.987943946212
3.850198465581216E-6      -3.492046439069794E-6    379.89653176363925
3.822268327171043E-6      -3.370154191028093E-6    562.0941997081318
3.794338188760869E-6      -3.248261942986392E-6    750.4595354866797
3.766408050350695E-6      -3.1263696949446906E-6   939.8340498816906
3.745554639284259E-6      -3.476563025516207E-6    856.8777995484392
3.7176245008740848E-6     -3.3546707774745058E-6   1043.9868515376056
3.6896943624639116E-6     -3.232778529432805E-6    1234.3831206132854
3.6409108129873007E-6     -3.46107961196262E-6     1334.3459589234621
3.6129806745771267E-6     -3.339187363920919E-6    1526.3791801046918
3.5362669866903435E-6     -3.445596198409033E-6    1812.3010098887173
3.908299057636292E-6      -3.6036768607919638E-6   49.687656748120844
3.8036552313393345E-6     -3.588193447238377E-6    537.3248172833253
3.6990114050423765E-6     -3.5727100336847897E-6   1010.0564455367198
3.5943675787454184E-6     -3.557226620131203E-6    1483.2621802329513
3.489723752448461E-6      -3.541743206577616E-6    1979.4074929389294
3.86175582339441E-6       -3.6998238689605467E-6   208.58453700795326
3.7571119970974518E-6     -3.6843404554069594E-6   688.3174651501563
3.6524681708004945E-6     -3.6688570418533726E-6   1159.6799046196948
3.5478243445035365E-6     -3.653373628299786E-6    1646.0736216727619
3.815212589152528E-6      -3.795970877129129E-6    366.17166622704735
3.71056876285557E-6       -3.7804874635755424E-6   838.0329645817296
3.605924936558612E-6      -3.7650040500219555E-6   1314.716732672303
3.7686693549106456E-6     -3.8921178852977125E-6   522.4490444053804
3.664025528613688E-6      -3.876634471744126E-6    985.3368259375507
3.7221261206687632E-6     -3.988264893466295E-6    667.1661721039399
3.995015429642859E-6      -3.6915137728466388E-6   -192.951794379258
3.9484721954009765E-6     -3.7876607810152217E-6   -27.059567321042778
3.901928961159094E-6      -3.883807789183805E-6    137.4903060909437
3.855385726917213E-6      -3.979954797352388E-6    300.0439025219989
4.081731801649426E-6      -3.7793506849013134E-6   -418.25023030786724
4.035188567407544E-6      -3.875497693069897E-6    -251.89770006041908
3.988645333165662E-6      -3.971644701238479E-6    -86.86693992272558
4.168448173655993E-6      -3.867187596955989E-6    -641.587289762354
4.121904939414111E-6      -3.963334605124571E-6    -474.07402415453134
4.25516454566256E-6       -3.955024509010664E-6    -861.5773501734118
4.118988544194201E-6      -4.385041858103383E-6    -309.2975781392943
4.186347446123403E-6      -4.275459996801726E-6    -531.6923014918893
4.253706348052605E-6      -4.165878135500069E-6    -756.1398707225108
4.321065249981807E-6      -4.056296274198413E-6    -982.6402858311635
3.985728937945751E-6      -4.393351954217291E-6    64.42577578175633
4.0530878398749535E-6     -4.283770092915634E-6    -160.75467219191148
4.120446741804155E-6      -4.174188231613977E-6    -391.8420335141268
4.187805643733358E-6      -4.06460637031232E-6     -624.9877186515282
3.919828233626504E-6      -4.292080189029542E-6    214.1822393422117
3.987187135555706E-6      -4.182498327727885E-6    -9.015970473911693
4.0545460374849085E-6     -4.0729164664262285E-6   -240.16561932106026
3.853927529307257E-6      -4.190808423841793E-6    365.61259501842414
3.921286431236459E-6      -4.0812265625401355E-6   144.3655799858243
3.78802682498801E-6       -4.089536658654044E-6    518.7168428103832
4.451933227325662E-6      -4.539686503311151E-6    -602.0032762452895
4.419216232989698E-6      -4.418838946032966E-6    -693.6452886505795
4.386499238653734E-6      -4.297991388754782E-6    -781.5167771709603
4.3537822443177704E-6     -4.177143831476596E-6    -868.6949655063472
4.351857331060496E-6      -4.528420807334622E-6    -476.0461766933736
4.319140336724532E-6      -4.407573250056438E-6    -565.2868493660826
4.286423342388568E-6      -4.2867256927782534E-6   -651.6504472090874
4.25178143479533E-6       -4.517155111358095E-6    -349.8163322147351
4.219064440459366E-6      -4.396307554079911E-6    -436.6532968526917
4.151705538530164E-6      -4.505889415381567E-6    -223.3137428093694
4.423155301699109E-6      -4.629496063453614E-6    -457.010956206042
4.3230794054339425E-6     -4.618230367477087E-6    -332.98271145500416
4.223003509168776E-6      -4.606964671500559E-6    -208.68409007941318
4.394377376072554E-6      -4.719305623596079E-6    -315.770424899674
4.294301479807388E-6      -4.7080399276195506E-6   -192.77758589431323
4.365599450446001E-6      -4.809115183738542E-6    -175.20445862627594
-4.424460313750555E-6     -4.710451226184222E-7    -1070.2716800555957
-4.311793058926703E-6     -4.81781085074027E-7     1305.780864475777
-4.199125804102851E-6     -4.925170475296319E-7    3680.738208436883
-4.086458549278999E-6     -5.032530099852367E-7    6054.600351827714
-4.382748595644396E-6     -3.789832905858587E-7    -91.15041084609402
-4.270081340820544E-6     -3.897192530414635E-7    2293.687393200824
-4.157414085996692E-6     -4.0045521549706835E-7   4677.385483050952
-4.341036877538237E-6     -2.869214585532952E-7    899.0316477431334
-4.228369622714385E-6     -2.9765742100890003E-7   3288.4954899205695
-4.299325159432078E-6     -1.9485962652073175E-7   1893.6819643209674
-3.652471204246459E-6     -2.1063754581882868E-7   17137.627890087453
-3.7162859336990203E-6    -3.1343534030699694E-7   15109.832912987506
-3.7801006631515816E-6    -4.1623313479516526E-7   13091.439001583843
-3.843915392604143E-6     -5.190309292833336E-7    11086.031765293847
-3.5864100318480165E-6    -3.1847729714948905E-7   17707.728809817803
-3.6502247613005783E-6    -4.2127509163765737E-7   15683.705029886907
-3.7140394907531396E-6    -5.240728861258256E-7    13670.116430264055
-3.520348859449574E-6     -4.2631704848014937E-7   18275.396182625842
-3.584163588902136E-6     -5.291148429683177E-7    16253.649328153444
-3.4542876870511324E-6    -5.341567998108098E-7    18836.630458961994
1.0139114198004954E-6     -2.1986612284276563E-7   54858.12630309991
9.491587071910078E-7      -3.3030828817356894E-7   53073.81510508812
8.844059945815204E-7      -4.4075045350437226E-7   51296.46073785085
8.196532819720332E-7      -5.511926188351756E-7    49523.75369056633
1.0817802651119073E-6     -3.2929008035472795E-7   51740.18405861932
1.0170275525024199E-6     -4.3973224568553126E-7   49966.1261650441
9.522748398929323E-7      -5.501744110163346E-7    48198.125927750065
1.149649110423319E-6      -4.387140378666902E-7    48635.73021806977
1.0848963978138315E-6     -5.491562031974936E-7    46872.439434456275
1.2175179557347308E-6     -5.481379953786525E-7    45546.69421068496
-2.991874300777428E-6     -2.189935721771198E-7    31594.001459025545
-3.0583480216865524E-6    -3.2683332350778016E-7   28995.773642331922
-3.1248217425956764E-6    -4.346730748384405E-7    26409.661173056673
-3.1912954635048016E-6    -5.425128261691008E-7    23839.21679906775
-2.9252316999912253E-6    -3.301473930235792E-7    31366.7746748888
-2.9917054209003497E-6    -4.379871443542396E-7    28775.335968946358
-3.058179141809474E-6     -5.458268956848999E-7    26196.937303049956
-2.858589099205022E-6     -4.413012138700386E-7    31140.671957138205
-2.9250628201141466E-6    -5.49140965200699E-7     28554.33294757785
-2.79194649841882E-6      -5.524550347164981E-7    30911.403732651408
-2.3359829159075976E-6    -2.2213689419217604E-7   44061.92328029555
-2.399068676278622E-6     -3.3329071503863544E-7   41121.62327333117
-2.4621544366496465E-6    -4.444445358850948E-7    38194.95582485312
-2.525240197020672E-6     -5.555983567315543E-7    35281.689356225805
-2.2654786965758015E-6    -3.3311996753789265E-7   43112.15789456469
-2.328564456946826E-6     -4.442737883843521E-7    40180.81550151202
-2.3916502173178504E-6    -5.554276092308115E-7    37263.05054661626
-2.1949744772440046E-6    -4.4410304088360924E-7   42166.68950871288
-2.258060237615029E-6     -5.552568617300686E-7    39244.4254659291
-2.1244702579122085E-6    -5.550861142293259E-7    41225.81411416434
3.4331179137962043E-7     -2.2165825138507208E-7   60822.28629224762
2.796718280560654E-7      -3.3287433743934085E-7   58400.75149411237
2.1603186473251043E-7     -4.440904234936096E-7    55989.207782442885
1.5239190140895544E-7     -5.553065095478784E-7    53585.75927568812
4.1333178371661E-7        -3.321004167158754E-7    57720.31407317182
3.4969182039305504E-7     -4.4331650277014416E-7   55310.56157808323
2.8605185706950007E-7     -5.545325888244129E-7    52910.119590224946
4.833517760535996E-7      -4.425425820466787E-7    54631.889960797416
4.1971181273004457E-7     -5.537586681009475E-7    52234.45556782307
5.533717683905893E-7      -5.52984747377482E-7     51558.767208482495
-1.6735297033275887E-6    -2.221225054219695E-7    53929.68065478276
-1.7347786728646705E-6    -3.331055787676861E-7    50826.30544468672
-1.7960276424017521E-6    -4.440886521134027E-7    47736.86909373955
-1.8572766119388341E-6    -5.550717254591193E-7    44661.64870363952
-1.6011750065941172E-6    -3.332619374982224E-7    52247.920643256875
-1.6624239761311992E-6    -4.44245010843939E-7     49155.275078748935
-1.7236729456682807E-6    -5.552280841896556E-7    46076.64050468079
-1.528820309860646E-6     -4.4440136957447524E-7   50573.671993477285
-1.590069279397728E-6     -5.553844429201918E-7    47491.623628131725
-1.4564656131271748E-6    -5.555408016507281E-7    48906.598073992354
-1.0014533668718138E-6    -2.2250507747370909E-7   60363.42793927321
-1.0638666988234208E-6    -3.33644509549962E-7     57262.41729304074
-1.1262800307750283E-6    -4.4478394162621484E-7   54174.974801619384
-1.1886933627266357E-6    -5.559233737024677E-7    51101.59289353998
-9.296981146934349E-7     -3.338707228711653E-7    58016.012224271355
-9.92111446645042E-7      -4.4501015494741817E-7   54927.00073450236
-1.0545247785966493E-6    -5.56149587023671E-7     51851.70581994948
-8.57942862515056E-7      -4.4523636826862156E-7   55679.02022409244
-9.203561944666633E-7     -5.563758003448744E-7    52601.812591193055
-7.861876103366771E-7     -5.566020136660778E-7    53351.91320727073
-3.288164735113759E-7     -2.22581731451725E-7     62717.376267428444
-3.918339262794741E-7     -3.3394737684918124E-7   59847.15416684646
-4.548513790475724E-7     -4.453130222466374E-7    56989.173814474125
-5.178688318156707E-7     -5.566786676440937E-7    54143.07410221919
-2.5768373188845376E-7    -3.3379781750599377E-7   59879.3519335001
-3.2070118465655203E-7    -4.4516346290345E-7      57021.508835521425
-3.837186374246503E-7     -5.565291083009061E-7    54175.78757180068
-1.8655099026553165E-7    -4.4501390356026254E-7   57053.843465836544
-2.495684430336299E-7     -5.563795489577188E-7    54208.50066038252
-1.1541824864260955E-7    -5.562299896145313E-7    54241.21336796471
1.038303591462001E-6      -1.096530614250594E-6    37389.06396520308
1.1006707759007269E-6     -9.866484489124374E-7    38582.12274956152
1.1630379603394527E-6     -8.76766283574281E-7     39900.75919982274
1.2254051447781785E-6     -7.668841182361245E-7    41224.13763848438
1.2877723292169043E-6     -6.57001952897968E-7     42552.25806554648
9.680492179798276E-7      -9.876666567312785E-7    39892.29905025143
1.0304164024185534E-6     -8.77784491393122E-7     41162.174220461115
1.092783586857279E-6      -7.679023260549654E-7    42619.085814311904
1.1551507712960048E-6     -6.58020160716809E-7     44081.2356207977
8.977948444976541E-7      -8.78802699211963E-7     42519.65845292539
9.6016202893638E-7        -7.689205338738064E-7    43937.41122290009
1.0225292133751057E-6     -6.5903836853565E-7      45402.56312512328
8.275404710154807E-7      -7.699387416926475E-7    45157.9179800273
8.899076554542065E-7      -6.60056576354491E-7     46723.83454266119
7.572860975333073E-7      -6.61074784173332E-7     47807.077631557164
1.3552924257302588E-6     -7.646442528142574E-7    39914.00580784092
1.2929252412915326E-6     -8.745264181524139E-7    38724.205385706
1.230558056852807E-6      -9.844085834905703E-7    37538.650727736924
1.1681908724140814E-6     -1.094290748828727E-6    36353.61843618423
1.4228125222436129E-6     -8.722865527305468E-7    37493.56120853587
1.3604453378048873E-6     -9.821687180687032E-7    36311.05350764176
1.2980781533661615E-6     -1.09205088340686E-6     35131.29332106341
1.4903326187569672E-6     -9.799288526468363E-7    35083.33030349321
1.4279654343182416E-6     -1.0898110179849928E-6   33908.847338435044
1.5578527152703217E-6     -1.0875711525631256E-6   32686.280488299137
1.3861719980463605E-6     -1.6235824486908594E-6   27076.877698712855
1.4464855976815687E-6     -1.5159322163809392E-6   27833.954845094766
1.506799197316777E-6      -1.408281984071019E-6    28679.415839517573
1.5671127969519852E-6     -1.3006317517610989E-6   29527.446469966108
1.6274263965871936E-6     -1.1929815194511787E-6   30378.046736440374
1.3165983167294885E-6     -1.5181720818028064E-6   29035.57170943715
1.3769119163646967E-6     -1.4105218494928862E-6   29852.957657959152
1.437225515999905E-6      -1.302871617182966E-6    30795.451606906594
1.4975391156351133E-6     -1.1952213848730458E-6   31740.88168221529
1.2470246354126166E-6     -1.4127617149147533E-6   31088.323549068595
1.3073382350478248E-6     -1.305111482604833E-6    32010.281057591194
1.3676518346830334E-6     -1.197461250294913E-6    32958.46214213007
1.1774509540957447E-6     -1.3073513480267003E-6   33149.21047157228
1.2377645537309529E-6     -1.19970111571678E-6     34175.926851083044
1.107877272778873E-6      -1.201940981138647E-6    35218.23247694824
1.6950722721649396E-6     -1.300043648891054E-6    28344.77916011233
1.634758672529731E-6      -1.4076938812009743E-6   27591.282368377128
1.5744450728945228E-6     -1.5153441135108944E-6   26839.988722332106
1.5141314732593147E-6     -1.6229943458208146E-6   26090.23141981689
1.7627181477426854E-6     -1.4071057783309295E-6   26464.465628971768
1.7024045481074772E-6     -1.5147560106408496E-6   25715.993512371337
1.642090948472269E-6      -1.6224062429507698E-6   24969.424283281078
1.8303640233204314E-6     -1.5141679077708048E-6   24591.967408120283
1.7700504236852232E-6     -1.621818140080725E-6    23848.587374638406
1.8980098988981776E-6     -1.6212300372106802E-6   22727.720693888863
2.082807340556619E-6      -1.7438954144845912E-6   19960.194631574806
2.1396453070021057E-6     -1.8671488946285471E-6   18437.714717704253
2.1964832734475924E-6     -1.9904023747725025E-6   16922.049880584316
2.253321239893079E-6      -2.1136558549164587E-6   15413.20012021503
2.310159206338566E-6      -2.2369093350604144E-6   13956.933458238724
2.22414012308954E-6       -1.7492916108837584E-6   18488.64872379839
2.2809780895350265E-6     -1.8725450910277141E-6   16946.981372869668
2.3378160559805133E-6     -1.99579857117167E-6     15412.080327024603
2.3946540224260004E-6     -2.119052051315626E-6    13939.837658131983
2.365472905622461E-6      -1.7546878072829256E-6   16950.11116622544
2.4223108720679483E-6     -1.8779412874268813E-6   15412.631867056487
2.479148838513435E-6      -2.0011947675708373E-6   13920.933771172138
2.5068056881553824E-6     -1.7600840036820927E-6   15411.92735560962
2.5636436546008696E-6     -1.8833374838260485E-6   13900.523040668533
2.648138470688304E-6      -1.76548020008126E-6     13878.605466621168
2.7812459240413173E-6     -2.196994588407302E-6    10300.410675794836
2.7479690607030634E-6     -2.0891159913257914E-6   11191.00001486287
2.7146921973648103E-6     -1.9812373942442806E-6   12084.823530825444
2.6814153340265572E-6     -1.8733587971627704E-6   12982.19473963495
2.6634742446156292E-6     -2.20697327507058E-6     11229.3262391322
2.6301973812773757E-6     -2.0990946779890694E-6   12126.38689343784
2.5969205179391226E-6     -1.991216080907559E-6    13022.624586863782
2.5457025651899416E-6     -2.216951961733858E-6    12157.781037860523
2.512425701851688E-6      -2.1090733646523473E-6   13061.296798483798
2.4279308857642535E-6     -2.226930648397136E-6    13085.775071979802
2.7593142980443955E-6     -2.294654608646177E-6    9987.445138494913
2.641542618618708E-6      -2.304633295309455E-6    10910.151732033666
2.52377093919302E-6       -2.314611981972733E-6    11832.413769883346
2.4059992597673325E-6     -2.324590668636012E-6    12642.480793865041
2.7373826720474746E-6     -2.392314628885052E-6    9675.254476896163
2.619610992621787E-6      -2.4022933155483304E-6   10595.809238410551
2.5018393131960993E-6     -2.4122720022116088E-6   11458.462294794215
2.7154510460505536E-6     -2.489974649123928E-6    9363.525175046198
2.597679366624866E-6      -2.499953335787206E-6    10278.680512611114
2.6935194200536327E-6     -2.5876346693628036E-6   9103.135447315737
1.69404864015547E-6       -2.0552366307223056E-6   20058.770584653517
1.7604327869466023E-6     -1.9683176914459715E-6   20280.193465935743
1.8268169337377347E-6     -1.8813987521696374E-6   20585.67685355062
1.893201080528867E-6      -1.7944798128933036E-6   20891.343059781728
1.9595852273199994E-6     -1.7075608736169693E-6   21197.19208462907
1.6324733117336482E-6     -1.9689057943160165E-6   21430.721593317307
1.6988574585247805E-6     -1.8819868550396822E-6   21725.30126234196
1.7652416053159127E-6     -1.795067915763348E-6    22059.21893433231
1.831625752107045E-6      -1.708148976487014E-6    22393.50414362492
1.5708979833118261E-6     -1.882574957909727E-6    22819.395618696355
1.6372821301029583E-6     -1.795656018633393E-6    23175.48498466245
1.7036662768940909E-6     -1.7087370793570589E-6   23511.88611499119
1.5093226548900043E-6     -1.796244121503438E-6    24212.54215698369
1.5757068016811365E-6     -1.7093251822271037E-6   24630.23943643394
1.4477473264681823E-6     -1.7099132850971485E-6   25610.161208179383
1.8172707533920893E-6     -2.0915711715899277E-6   18775.97158976419
1.940492866628708E-6      -2.127905712457549E-6    17570.083294672306
2.0637149798653276E-6     -2.1642402533251706E-6   16366.12840550967
2.1869370931019467E-6     -2.2005747941927927E-6   15164.106922276289
1.8836549001832214E-6     -2.004652232313593E-6    19061.519536708325
2.0068770134198405E-6     -2.040986773181215E-6    17844.364635230937
2.1300991266564596E-6     -2.0773213140488366E-6   16629.233957966833
1.950039046974354E-6      -1.917733293037259E-6    19338.631336149065
2.073261160210973E-6      -1.9540678339048812E-6   18119.05567253463
2.016423193765486E-6      -1.830814353760925E-6    19615.74123552
2.3189149939442596E-6     -2.8487539800607404E-6   10079.135771212761
2.4130038898518878E-6     -2.8140663846362724E-6   9755.93967564247
2.5070927857595155E-6     -2.7793787892118045E-6   9343.0137542878
2.6011816816671436E-6     -2.7446911937873365E-6   8929.16729654685
2.6952705775747717E-6     -2.7100035983628685E-6   8514.400302419614
2.317163836423121E-6      -2.7263850510606754E-6   10880.119311457318
2.4112527323307487E-6     -2.6916974556362075E-6   10465.497161602972
2.5053416282383764E-6     -2.657009860211739E-6    10029.269341962343
2.599430524146004E-6      -2.6223222647872715E-6   9592.108175323507
2.315412678901982E-6      -2.60401612206061E-6     11638.463062341918
2.4095015748096097E-6     -2.5693285266361417E-6   11151.404908548382
2.5035904707172383E-6     -2.534640931211674E-6    10713.885588116298
2.3136615213808434E-6     -2.4816471930605447E-6   12399.4880596164
2.407750417288471E-6      -2.4469595976360763E-6   11839.815966576096
2.311910363859705E-6      -2.3592782640604794E-6   13163.194303280798
2.784414538037999E-6      -2.8000567011634855E-6   7555.5016968928085
2.690325642130371E-6      -2.8347442965879534E-6   8016.254020689468
2.596236746222743E-6      -2.869431892012421E-6    8407.553128665908
2.502147850315115E-6      -2.9041194874368894E-6   8797.944510867992
2.408058954407487E-6      -2.9388070828613573E-6   9158.039101671537
2.779469602593598E-6      -2.9247973993885704E-6   7087.74499341996
2.6853807066859703E-6     -2.959484994813038E-6    7479.6316059208875
2.5912918107783426E-6     -2.9941725902375063E-6   7869.498846464891
2.4972029148707145E-6     -3.028860185661974E-6    8271.730062336102
2.7745246671491973E-6     -3.049538097613655E-6    6621.279215072465
2.6804357712415696E-6     -3.0842256930381224E-6   6944.449632335783
2.5863468753339415E-6     -3.1189132884625908E-6   7388.752167327187
2.769579731704797E-6      -3.1742787958387397E-6   6156.104361850314
2.6754908357971693E-6     -3.2089663912632077E-6   6509.105416644825
2.7646347962603963E-6     -3.2990194940638242E-6   5710.819181241912
3.141119633908056E-6      -3.015837224887288E-6    4622.19844778148
3.0519433599405414E-6     -2.9618920939563374E-6   5318.837291132422
2.962767085973027E-6      -2.9079469630253864E-6   6039.695718960586
2.873590812005513E-6      -2.8540018320944357E-6   6762.402024198755
3.046998424496141E-6      -3.0866327921814223E-6   4917.1329404635635
2.9578221505286264E-6     -3.0326876612504713E-6   5644.139433439966
2.8686458765611127E-6     -2.978742530319521E-6    6364.462451633677
2.9528772150842257E-6     -3.157428359475556E-6    5210.27856261992
2.8637009411167115E-6     -3.103483228544605E-6    5967.664288135812
2.8587560056723113E-6     -3.2282239267696904E-6   5501.635314250536
3.180396097322739E-6      -3.1128514503397468E-6   4216.047603925597
3.086274887910824E-6      -3.1836470176338806E-6   4479.438383488817
2.9921536784989086E-6     -3.2544425849280144E-6   4741.028709612277
2.8980324690869945E-6     -3.325238152222149E-6    4988.217992969063
3.2196725607374216E-6     -3.209865675792205E-6    3789.1501861091183
3.1255513513255067E-6     -3.280661243086339E-6    4051.9003118133887
3.0314301419135922E-6     -3.3514568103804726E-6   4305.647736292078
3.2589490241521045E-6     -3.3068799012446632E-6   3363.8779013992626
3.16482781474019E-6       -3.3776754685387975E-6   3624.1545444372355
3.298225487566788E-6      -3.403894126697122E-6    2943.738417404541
3.3629927472799176E-6     -3.529201418384412E-6    2371.507928759378
3.2295950744533194E-6     -3.5029827602260874E-6   3016.9559055404634
3.0961974016267213E-6     -3.4767641020677625E-6   3690.2556195418883
2.9627997288001235E-6     -3.450545443909438E-6    4364.603475802831
2.829402055973526E-6      -3.4243267857511146E-6   5052.920708485804
3.294362334166449E-6      -3.628290051913377E-6    2432.2348378064253
3.160964661339851E-6      -3.6020713937550525E-6   3085.1183633173687
3.0275669885132534E-6     -3.575852735596728E-6    3756.642160703365
2.8941693156866552E-6     -3.5496340774384036E-6   4437.964986877228
3.2257319210529806E-6     -3.7273786854423424E-6   2491.356908046152
3.092334248226382E-6      -3.701160027284018E-6    3151.7334583437496
2.9589365753997847E-6     -3.674941369125694E-6    3826.082018990846
3.1571015079395123E-6     -3.826467318971308E-6    2548.874139478554
3.0237038351129146E-6     -3.800248660812984E-6    3217.271804826643
3.0884710948260436E-6     -3.925555952500273E-6    2601.366750570217
3.421093339334993E-6      -3.6408318401065815E-6   2055.010281869476
3.3524629262215237E-6     -3.7399204736355466E-6   2106.485284369008
3.2838325131080555E-6     -3.8390091071645125E-6   2156.2979720044386
3.215202099994588E-6      -3.938097740693478E-6    2204.030117077322
3.479193931390068E-6      -3.752462261828751E-6    1713.7276689748724
3.4105635182766E-6        -3.851550895357717E-6    1765.1622302721826
3.341933105163131E-6      -3.950639528886682E-6    1815.0260313928634
3.5372945234451435E-6     -3.86409268355092E-6     1374.4636850363931
3.468664110331675E-6      -3.9631813170798865E-6   1426.4507936602813
3.5953951155002196E-6     -3.975723105273091E-6    1038.3044038795865
3.6636257203291702E-6     -4.086302883258184E-6    693.9626987517577
3.536894715160626E-6      -4.073761095064979E-6    1074.7586934322655
3.410163709992082E-6      -4.0612193068717745E-6   1460.8566803032634
3.283432704823538E-6      -4.048677518678571E-6    1847.3751665815585
3.1567016996549946E-6     -4.036135730485366E-6    2234.950218651628
3.6051253199895772E-6     -4.184340873050071E-6    729.6121850828958
3.478394314821033E-6      -4.171799084856867E-6    1108.748245498435
3.351663309652489E-6      -4.159257296663662E-6    1493.2909147564687
3.224932304483945E-6      -4.146715508470459E-6    1880.379359252618
3.546624919649984E-6      -4.28237886284196E-6     763.8545706571012
3.4198939144814398E-6     -4.269837074648755E-6    1141.3591339036293
3.2931629093128958E-6     -4.25729528645555E-6     1527.9648918768062
3.4881245193103908E-6     -4.380416852633848E-6    796.689855474352
3.361393514141847E-6      -4.367875064440643E-6    1177.7068165242003
3.729526424648417E-6      -4.187574648445931E-6    546.1012497457396
3.6710260243088236E-6     -4.28561263823782E-6     581.939155286931
3.6125256239692306E-6     -4.383650628029708E-6    616.3415229752227
3.554025223629638E-6      -4.481688617821597E-6    649.4920639203317
3.7954271289676634E-6     -4.288846413633681E-6    395.06324344628047
3.736926728628071E-6      -4.3868844034255686E-6   430.98495154551347
3.6784263282884774E-6     -4.4849223932174565E-6   465.56404691167154
3.861327833286911E-6      -4.39011817882143E-6     245.7301726365713
3.802827432947318E-6      -4.488156168613318E-6    281.7368317175426
3.927228537606158E-6      -4.491389944009179E-6    98.0104183379576
3.877537857970046E-6      -4.59246520012817E-6     130.52534790381878
3.7531367533112058E-6     -4.58923142473231E-6     312.8044253901596
3.6287356486523655E-6     -4.585997649336448E-6    495.18331398481405
3.827847178333934E-6      -4.693540456247161E-6    161.8972516828785
3.7034460736750943E-6     -4.6903066808513015E-6   342.6362258736176
3.7781564986978222E-6     -4.794615712366154E-6    192.03451069647318
-4.50658593384174E-6      -5.839503072597853E-7    -2975.506733318789
-4.5991604201268575E-6    -6.347456180843637E-7    -4713.2269596248225
-4.691734906411976E-6     -6.85540928908942E-7     -6365.476815954717
-4.784309392697095E-6     -7.363362397335205E-7    -8013.837211605356
-4.4760442991090715E-6    -7.075914543567532E-7    -2301.191936442854
-4.56861878539419E-6      -7.583867651813315E-7    -3900.8962807322605
-4.661193271679309E-6     -8.0918207600591E-7      -5549.095636530856
-4.445502664376405E-6     -8.31232601453721E-7     -1629.7140274328995
-4.538077150661523E-6     -8.820279122782995E-7    -3091.8914582296784
-4.414961029643737E-6     -9.54873748550689E-7     -961.073006288967
-4.393918679017887E-6     -5.946862697153901E-7    -527.1338901677555
-4.36337704428522E-6      -7.18327416812358E-7     7.06344898696625
-4.332835409552552E-6     -8.419685639093258E-7    538.9128687996758
-4.3022937748198855E-6    -9.656097110062938E-7    1201.4075334429272
-4.281251424194036E-6     -6.054222321709949E-7    1838.607356742691
-4.2507097894613675E-6    -7.290633792679629E-7    2366.652619661506
-4.220168154728701E-6     -8.527045263649307E-7    2965.0540613995945
-4.168584169370183E-6     -6.161581946265997E-7    4203.2979167094
-4.138042534637516E-6     -7.397993417235677E-7    4737.688243555767
-4.055916914546332E-6     -6.268941570822046E-7    6519.310079911409
-3.907641795753682E-6     -6.305611362764495E-7    9020.71247212784
-3.989767415844866E-6     -7.434663209178127E-7    7194.800430624229
-4.07189303593605E-6      -8.563715055591756E-7    5476.272950314975
-4.154018656027235E-6     -9.692766902005388E-7    3766.815232218625
-4.2361442761184195E-6    -1.082181874841902E-6    2066.5015695724496
-3.841492297052215E-6     -7.471333001120575E-7    9683.431213707476
-3.9236179171434E-6       -8.600384847534206E-7    7914.381920806529
-4.005743537234584E-6     -9.729436693947838E-7    6198.823946559241
-4.087869157325769E-6     -1.0858488540361467E-6   4491.760134031997
-3.77534279835075E-6      -8.637054639476655E-7    10343.058557050643
-3.857468418441934E-6     -9.766106485890286E-7    8630.426840637296
-3.9395940385331184E-6    -1.0895158332303917E-6   6916.62871089699
-3.709193299649284E-6     -9.802776277832736E-7    10999.594502157364
-3.7913189197404687E-6    -1.0931828124246368E-6   9341.107300167416
-3.6430438009478186E-6    -1.0968497916188816E-6   11698.623749357677
-3.388138188349667E-6     -6.507289636464177E-7    19330.100342653994
-3.51801409020067E-6      -6.456870068039256E-7    16845.1208866574
-3.6478899920516736E-6    -6.406450499614335E-7    14270.285006738917
-3.7777658939026774E-6    -6.356030931189415E-7    11694.920468222881
-3.4518645914992043E-6    -7.622591706395337E-7    17399.355972411104
-3.581740493350208E-6     -7.572172137970416E-7    14866.773242480655
-3.711616395201212E-6     -7.521752569545496E-7    12297.577335613218
-3.5155909946487425E-6    -8.737893776326497E-7    15477.812293436662
-3.6454668964997463E-6    -8.687474207901575E-7    12897.587976882143
-3.5793173977982804E-6    -9.853195846257657E-7    13565.469305730672
-3.5090519786108222E-6    -1.1010166406332854E-6   13765.293839959164
-3.3750601562738254E-6    -1.1051834896476892E-6   15738.839967450582
-3.241068333936828E-6     -1.109350338662093E-6    17712.028715906585
-3.1070765115998318E-6    -1.1135171876764968E-6   19684.860085327193
-2.973084689262835E-6     -1.1176840366909007E-6   21563.117226611303
-3.445325575461284E-6     -9.894864336401695E-7    15616.919439301022
-3.311333753124287E-6     -9.936532826545731E-7    17597.47930748097
-3.17734193078729E-6      -9.97820131668977E-7     19577.66582397148
-3.043350108450294E-6     -1.001986980683381E-6    21454.213491190258
-3.3815991723117457E-6    -8.779562266470534E-7    17480.766546991304
-3.247607349974749E-6     -8.821230756614573E-7    19466.15040752083
-3.1136155276377525E-6    -8.862899246758611E-7    21417.96845174319
-3.3178727691622075E-6    -7.664260196539374E-7    19353.85265864021
-3.183880946825211E-6     -7.705928686683413E-7    21381.42443102322
-3.25414636601267E-6      -6.548958126608216E-7    21344.58142903036
-2.7216810792313613E-6    -6.681520907240178E-7    30711.977975830443
-2.8547974009266884E-6    -6.648380212082187E-7    28501.98907964337
-2.987913722622015E-6     -6.615239516924197E-7    26152.63199224406
-3.121030044317342E-6     -6.582098821766205E-7    23802.963993633923
-2.7845319817392294E-6    -7.805350772157385E-7    28394.005191572156
-2.9176483034345565E-6    -7.772210076999394E-7    26107.586358694643
-3.0507646251298836E-6    -7.739069381841404E-7    23763.342810216323
-2.847382884247098E-6     -8.929180637074592E-7    26086.680812527193
-2.980499205942425E-6     -8.896039941916601E-7    23723.905996682817
-2.9102337867549665E-6    -1.00530105019918E-6     23790.004838695626
3.7995568668848616E-7     -1.1081247237493858E-6   41203.94327276518
4.413708941610158E-7      -9.96941944330312E-7     42939.21346284877
5.027861016335452E-7      -8.857591649112381E-7    44815.292503187135
5.642013091060748E-7      -7.745763854921642E-7    46698.67457211048
6.256165165786044E-7      -6.633936060730903E-7    48589.35966961879
3.077109385004711E-7      -9.977158650537773E-7    43606.9800098678
3.691261459730006E-7      -8.865330856347036E-7    45427.763637988064
4.3054135344553015E-7     -7.753503062156296E-7    47464.20136580429
4.919565609180596E-7      -6.641675267965558E-7    49508.45364042175
2.35466190312456E-7       -8.87307006358169E-7     46150.364898098866
2.968813977849855E-7      -7.761242269390951E-7    48135.384958132774
3.5829660525751505E-7     -6.649414475200212E-7    50181.2808891111
1.6322144212444096E-7     -7.768981476625607E-7    48704.43003670902
2.2463664959697048E-7     -6.657153682434867E-7    50854.084876849054
9.097669393642587E-8      -6.664892889669522E-7    51269.17542569829
6.958708900607776E-7      -7.72257563592406E-7     45832.297241169406
6.344556825882482E-7      -8.834403430114797E-7    44102.280603004765
5.730404751157187E-7      -9.946231224305536E-7    42379.055475208785
5.116252676431891E-7      -1.1058059018496274E-6   40658.26177480513
7.661252635429511E-7      -8.811215211117213E-7    43332.092205416004
7.047100560704216E-7      -9.923043005307953E-7    41610.82050584673
6.432948485978922E-7      -1.103487079949869E-6    39894.71144603575
8.363796370251246E-7      -9.899854786310369E-7    40842.50110119628
7.749644295525951E-7      -1.1011682580501107E-6   39131.080047763775
9.066340105072981E-7      -1.0988494361503523E-6   38367.36757998926
-2.301469906665523E-6     -1.1088646352964607E-6   30300.169883308205
-2.239351980974296E-6     -9.980747815828852E-7    32738.006414333893
-2.1772340552830687E-6    -8.872849278693097E-7    35264.588570197426
-2.1151161295918412E-6    -7.764950741557341E-7    37802.328472323185
-2.052998203900614E-6     -6.657052204421585E-7    40351.22612071116
-2.372941960677117E-6     -9.982455290836281E-7    30767.853596336856
-2.3108240349858897E-6    -8.874556753700524E-7    33266.23259363412
-2.2487061092946626E-6    -7.766658216564769E-7    35908.174095283706
-2.186588183603435E-6     -6.658759679429014E-7    38561.46659926848
-2.4444140146887107E-6    -8.876264228707953E-7    31337.37809948428
-2.382296088997483E-6     -7.768365691572197E-7    33935.145362348245
-2.3201781633062565E-6    -6.660467154436442E-7    36584.17028114966
-2.5158860687003046E-6    -7.770073166579625E-7    31909.232143824112
-2.453768143009077E-6     -6.66217462944387E-7     34606.88709033358
-2.5873581227118985E-6    -6.663882104451298E-7    32483.415729356355
-2.650209025219767E-6     -7.787711969368506E-7    30096.344565812156
-2.7130599277276355E-6    -8.911541834285712E-7    27866.049151221676
-2.775910830235504E-6     -1.0035371699202918E-6   25646.32818812093
-2.838761732743373E-6     -1.1159201564120127E-6   23435.731420861557
-2.5787369712081727E-6    -8.893903031496832E-7    29621.598558908816
-2.6415878737160416E-6    -1.001773289641404E-6    27397.43703837473
-2.70443877622391E-6      -1.1141562761331246E-6   25183.590255272684
-2.5072649171965788E-6    -1.000009409362516E-6    29148.682675119046
-2.5701158197044477E-6    -1.1123923958542367E-6   26931.580342808695
-2.4357928631849853E-6    -1.1106285155753488E-6   28679.701683469586
-1.6293691976415438E-6    -1.1068751798040257E-6   36991.08328511716
-1.5680677474845595E-6    -9.966395759194735E-7    39478.08500867894
-1.506766297327575E-6     -8.864039720349212E-7    42081.656691235796
-1.4454648471705906E-6    -7.761683681503689E-7    44696.32049601405
-1.384163397013606E-6     -6.659327642658166E-7    47322.07642301369
-1.7016714137551126E-6    -9.964832171889372E-7    38074.25848695943
-1.640369963598128E-6     -8.862476133043848E-7    40636.36277516626
-1.5790685134411435E-6    -7.760120094198325E-7    43381.594801355386
-1.5177670632841592E-6    -6.657764055352803E-7    46138.22769048014
-1.7739736298686812E-6    -8.860912545738486E-7    39280.878198829494
-1.7126721797116967E-6    -7.758556506892963E-7    41972.64936677833
-1.6513707295547123E-6    -6.656200468047441E-7    44726.369842774344
-1.8462758459822498E-6    -7.756992919587601E-7    40492.542236987356
-1.7849743958252653E-6    -6.654636880742077E-7    43314.50371016878
-1.9185780620958185E-6    -6.653073293436716E-7    41709.250601433036
-1.9806959877870455E-6    -7.760971830572471E-7    39072.40336639396
-2.0428139134782726E-6    -8.868870367708227E-7    36639.89931277459
-2.1049318391694997E-6    -9.976768904843983E-7    34218.35974934436
-2.167049764860727E-6     -1.1084667441979737E-6   31807.295605167063
-1.908393771673477E-6     -8.864891456723356E-7    37985.65143685298
-1.970511697364704E-6     -9.97278999385911E-7     35560.87853722195
-2.032629623055931E-6     -1.1080688530994868E-6   33146.949353979864
-1.8360915555599083E-6    -9.968811082874241E-7    36903.42040810915
-1.8982094812511354E-6    -1.1076709620009996E-6   34486.62524353359
-1.7637893394463397E-6    -1.1072730709025127E-6   35826.32327382827
-2.869703213088685E-7     -1.1116163867151417E-6   42528.97384193689
-2.2582986789741264E-7    -1.0005091954263822E-6   44666.060937573835
-1.6468941448595674E-7    -8.894020041376225E-7    46948.88494216265
-1.035489610745009E-7     -7.78294812848863E-7     49240.93837369763
-4.2408507663045034E-8    -6.671876215601033E-7    51542.22123217877
-3.5998006228843297E-7    -1.0006587547695696E-6   44635.10494683852
-2.9883960887697715E-7    -8.8955156348081E-7      46862.07197235102
-2.3769915546552123E-7    -7.784443721920503E-7    49312.197361089056
-1.765587020540654E-7     -6.673371809032908E-7    51772.031994135876
-4.329898032679975E-7     -8.897011228239974E-7    46886.41842469543
-3.718493498565416E-7     -7.785939315352377E-7    49278.98069600944
-3.1070889644508577E-7    -6.674867402464783E-7    51738.94670100227
-5.05999544247562E-7      -7.787434908784253E-7    49147.22587870208
-4.448590908361061E-7     -6.676362995896656E-7    51705.86103660136
-5.790092852271265E-7     -6.677858589328532E-7    51417.527308858465
2.983624052497004E-8      -7.775964802557119E-7    48869.39395796758
-3.1304212886485825E-8    -8.887036715444714E-7    46736.05227775778
-9.244466629794168E-8     -9.99810862833231E-7     44611.46020713144
-1.5358511970939755E-7    -1.1109180541219906E-6   42494.28339711405
1.0208098871298511E-7     -8.880053389513202E-7    46469.744269766496
4.0940535301529253E-8     -9.991125302400799E-7    44345.92336520828
-2.019991810992659E-8     -1.1102197215288393E-6   42230.38840028283
1.7432573690100013E-7     -9.984141976469286E-7    44080.37648375194
1.1318528348954428E-7     -1.1095213889356883E-6   41966.48372180638
2.4657048508901525E-7     -1.108823056342537E-6    41702.569361684684
-9.57621962857537E-7      -1.1097584674898014E-6   41132.23182494715
-8.965013755273678E-7     -9.991724193892973E-7    43522.12541407517
-8.353807881971985E-7     -8.885863712887933E-7    46049.11543977869
-7.742602008670295E-7     -7.780003231882893E-7    48586.59231801427
-7.131396135368602E-7     -6.674142750877852E-7    51134.55604878192
-1.030669959657354E-6     -9.98946206068094E-7     42780.61465553711
-9.695493723271846E-7     -8.883601579675899E-7    45256.47314501316
-9.084287849970155E-7     -7.777741098670858E-7    47943.87826352406
-8.473081976668463E-7     -6.671880617665817E-7    50642.178707121275
-1.1037179564571708E-6    -8.881339446463866E-7    44567.816615116826
-1.0425973691270016E-6    -7.775478965458825E-7    47196.966937240235
-9.814767817968325E-7     -6.669618484453784E-7    49893.84445187656
-1.1767659532569878E-6    -7.773216832246792E-7    46362.54283094902
-1.1156453659268185E-6    -6.667356351241751E-7    49145.504329592724
-1.2498139500568047E-6    -6.665094218029717E-7    48164.79330303372
-1.3111154002137892E-6    -7.76745025687524E-7     45438.58245767795
-1.3724168503707738E-6    -8.869806295720762E-7    42955.52003106544
-1.433718300527758E-6     -9.972162334566286E-7    40483.24098596002
-1.4950197506847426E-6    -1.107451837341181E-6    38022.65045730819
-1.2380674034139722E-6    -8.875572871092314E-7    43790.094234994336
-1.2993688535709567E-6    -9.977928909937838E-7    41315.93593351504
-1.360670303727941E-6     -1.108028494878336E-6    38852.8228268753
-1.1650194066141554E-6    -9.983695485309388E-7    42148.61092469019
-1.2263208567711397E-6    -1.1086051524154912E-6   39682.976092149634
-1.0919714098143384E-6    -1.1091818099526464E-6   40513.11025313119
-6.401298725572957E-7     -7.783719070333573E-7    48765.5463405353
-7.012504598874648E-7     -8.889579551338613E-7    46378.89144426467
-7.62371047217634E-7      -9.995440032343655E-7    44002.31492797175
-8.234916345478033E-7     -1.1101300513348694E-6   41636.486195568985
-5.671201315777312E-7     -8.893295389789294E-7    46661.504014199716
-6.282407189079004E-7     -9.999155870794335E-7    44284.398310635544
-6.893613062380696E-7     -1.1105016351799376E-6   41917.585247082985
-4.941103905981667E-7     -1.0002871709245015E-6   44566.478023229996
-5.552309779283359E-7     -1.1108732190250054E-6   42198.68081089436
-4.211006496186022E-7     -1.1112448028700737E-6   42479.772887003106
9.801923451002633E-7      -1.2090326936463671E-6   35939.76770837513
8.485227641455603E-7      -1.2113515155461253E-6   36878.44100170784
7.168531831908572E-7      -1.2136703374458836E-6   37637.58594453101
5.851836022361543E-7      -1.215989159345642E-6    38396.653183637405
4.5351402128145144E-7     -1.2183079812454006E-6   38961.94697864776
9.220810987385256E-7      -1.3215347730421401E-6   34568.97305583341
7.904115177838225E-7      -1.3238535949418983E-6   35391.04559232411
6.587419368291196E-7      -1.3261724168416568E-6   36148.360954133495
5.270723558744167E-7      -1.328491238741415E-6    36829.814335969044
8.639698523767878E-7      -1.4340368524379129E-6   33203.14548218124
7.323002714220848E-7      -1.4363556743376712E-6   33909.025003317045
6.006306904673818E-7      -1.4386744962374296E-6   34706.349119246355
8.0585860601505E-7        -1.546538931833686E-6    31842.28498741866
6.741890250603471E-7      -1.5488577537334444E-6   32591.551328479654
7.477473596533123E-7      -1.6590410112294588E-6   30581.700114540294
1.0497660264171352E-6     -1.3144430605344202E-6   33788.983535367006
9.916547800553973E-7      -1.426945139930193E-6    32539.337263314315
9.335435336936596E-7      -1.539447219325966E-6    31294.25032866408
8.75432287331922E-7       -1.6519492987217391E-6   30043.410536325857
1.119339707734007E-6      -1.419853427422473E-6    31825.59778103625
1.0612284613722692E-6     -1.5323555068182462E-6   30582.32871364439
1.0031172150105316E-6     -1.644857586214019E-6    29339.744367107138
1.1889133890508789E-6     -1.5252637943105263E-6   29870.15979859012
1.1308021426891411E-6     -1.6377658737062993E-6   28635.840027506172
1.2584870703677508E-6     -1.6306741611985793E-6   27931.69751752299
1.3340921574557546E-6     -1.7435981578575956E-6   25945.121373900583
1.206407229777145E-6      -1.7506898703653155E-6   26760.669995769098
1.0787223020985353E-6     -1.7577815828730354E-6   27456.53860744489
9.510373744199256E-7      -1.7648732953807551E-6   28152.178178390757
8.233524467413161E-7      -1.7719650078884752E-6   28703.566329550955
1.2820123168651488E-6     -1.8636138670243317E-6   24865.3126103881
1.1543273891865391E-6     -1.8707055795320516E-6   25584.676513437687
1.0266424615079295E-6     -1.8777972920397715E-6   26278.727064653292
8.989575338293198E-7      -1.884889004547491E-6    26921.178866733047
1.2299324762745428E-6     -1.9836295761910674E-6   23789.24306867741
1.1022475485959333E-6     -1.9907212886987873E-6   24412.745000023024
9.745626209173236E-7      -1.9978130012065073E-6   25146.03520203199
1.177852635683937E-6      -2.1036452853578036E-6   22716.91274876851
1.0501677080053275E-6     -2.110736997865524E-6    23378.1353354478
1.1257727950933311E-6     -2.2236609945245397E-6   21697.262094004847
1.5803934711430423E-6     -2.0889215034827527E-6   20516.817043361465
1.5188181427212203E-6     -2.002590667076463E-6    21823.28923461846
1.4572428142993983E-6     -1.9162598306701737E-6   23153.0419948593
1.3956674858775765E-6     -1.8299289942638846E-6   24487.169051465728
1.4667383021306145E-6     -2.1226063762431993E-6   20844.06988059984
1.4051629737087925E-6     -2.03627553983691E-6     22176.13853550708
1.3435876452869706E-6     -1.9499447034306208E-6   23505.996269212774
1.3530831331181869E-6     -2.1562912490036464E-6   21170.580886002233
1.2915078046963646E-6     -2.069960412597357E-6    22528.239961646603
1.239427964105759E-6      -2.189976121764093E-6    21496.350059568606
1.6930648999131585E-6     -2.1838097593972005E-6   18961.08694253584
1.6920811596708467E-6     -2.3123828880720946E-6   17826.7111117759
1.6910974194285352E-6     -2.440956016746989E-6    16696.696788131674
1.6901136791862235E-6     -2.5695291454218837E-6   15571.043971603205
1.689129938943912E-6      -2.6981022740967782E-6   14499.10389685495
1.8162870131497775E-6     -2.2201443002648218E-6   17709.598818744784
1.8153032729074658E-6     -2.3487174289397163E-6   16655.803965494953
1.8143195326651543E-6     -2.477290557614611E-6    15606.152782581088
1.8133357924228428E-6     -2.605863686289506E-6    14508.845112139388
1.9395091263863966E-6     -2.2564788411324435E-6   16516.401948170285
1.938525386144085E-6      -2.385051969807338E-6    15466.45267518937
1.9375416459017736E-6     -2.5136250984822325E-6   14407.467171919794
2.0627312396230157E-6     -2.292813382000065E-6    15325.047665240976
2.061747499380704E-6      -2.4213865106749597E-6   14304.281853140998
2.185953352859635E-6      -2.3291479228676873E-6   14199.289155803
1.5794097309007306E-6     -2.2174946321576468E-6   19319.22838423364
1.4657545618883028E-6     -2.251179504918094E-6    19620.185371437194
1.352099392875875E-6      -2.2848643776785405E-6   19920.406569717845
1.2384442238634475E-6     -2.3185492504389876E-6   20145.64083086638
1.5784259906584189E-6     -2.3460677608325413E-6   18107.312796383063
1.4647708216459912E-6     -2.3797526335929884E-6   18407.465423737172
1.3511156526335634E-6     -2.4134375063534355E-6   18698.917287201984
1.5774422504161073E-6     -2.474640889507436E-6    16899.976552427957
1.4637870814036797E-6     -2.508325762267883E-6    17257.432839206263
1.5764585101737958E-6     -2.6032140181823308E-6   15821.187486879237
2.1929579829441904E-6     -2.818623638867948E-6    10932.951513808235
2.1912068254230514E-6     -2.6962547098678825E-6   11756.854675415057
2.1894556679019124E-6     -2.573885780867817E-6    12589.391382462261
2.1877045103807734E-6     -2.4515168518677526E-6   13424.787271206947
2.067000971944121E-6      -2.7884932976751558E-6   11825.062937937708
2.065249814422982E-6      -2.6661243686750904E-6   12655.590231931386
2.0634986569018428E-6     -2.543755439675025E-6    13491.175391993465
1.941043960944051E-6      -2.758362956482363E-6    12718.446566291408
1.939292803422912E-6      -2.6359940274822975E-6   13555.653658218216
1.8150869499439814E-6     -2.7282326152895707E-6   13613.102398869352
2.263390306094613E-6      -2.9458877428774497E-6   9730.966691193064
2.1374332950945435E-6     -2.9157574016846568E-6   10629.317015859226
2.0114762840944735E-6     -2.8856270604918647E-6   11515.893801219903
1.885519273094404E-6      -2.8554967192990717E-6   12403.687125258532
1.7595622620943347E-6     -2.8253663781062796E-6   13243.568306087607
2.2078656182449662E-6     -3.0430215056941586E-6   9448.288320459396
2.081908607244896E-6      -3.0128911645013657E-6   10319.895448617046
1.955951596244827E-6      -2.9827608233085736E-6   11204.513274580904
1.8299945852447574E-6     -2.952630482115781E-6    12073.336909010126
2.1523409303953193E-6     -3.1401552685108676E-6   9165.450297052847
2.0263839193952497E-6     -3.1100249273180746E-6   10010.461175824585
1.90042690839518E-6       -3.0798945861252825E-6   10908.157980365533
2.0968162425456724E-6     -3.2372890313275765E-6   8882.452620973421
1.970859231545603E-6      -3.2071586901347844E-6   9748.031520153809
2.0412915546960255E-6     -3.3344227941442854E-6   8625.826722335993
2.35253426655784E-6       -3.0359408456780662E-6   8872.68168898667
2.2970095787081932E-6     -3.133074608494775E-6    8616.40674213051
2.2414848908585463E-6     -3.230208371311484E-6    8359.825195478865
2.1859602030089E-6        -3.3273421341281934E-6   8100.842292561655
2.441678227021067E-6      -3.1259939484786828E-6   8030.6526031427875
2.3861535391714207E-6     -3.223127711295392E-6    7775.996843052433
2.330628851321774E-6      -3.320261474112101E-6    7520.977987199942
2.5308221874842946E-6     -3.2160470512792997E-6   7191.8893556779685
2.475297499634648E-6      -3.3131808140960086E-6   6940.841325456967
2.6199661479475224E-6     -3.3061001540799166E-6   6360.432307332732
2.410513110969352E-6      -3.895227271569047E-6    4628.535379977929
2.4813374480275614E-6     -3.7759857160680026E-6   4833.135083171181
2.5521617850857698E-6     -3.656744160566958E-6    5060.801161232578
2.6229861221439786E-6     -3.537502605065913E-6    5287.326573088432
2.6938104592021875E-6     -3.418261049564869E-6    5512.71131873874
2.336668799714687E-6      -3.7830663760840945E-6   5406.223813656002
2.4074931367728954E-6     -3.6638248205830503E-6   5628.670088661144
2.4783174738311043E-6     -3.544583265082005E-6    5874.9271901287575
2.549141810889313E-6      -3.425341709580961E-6    6120.194716599451
2.2628244884600215E-6     -3.6709054805991422E-6   6201.355538103182
2.33364882551823E-6       -3.5516639250980976E-6   6448.753176900553
2.4044731625764392E-6     -3.4324223695970533E-6   6696.286310228996
2.1889801772053565E-6     -3.55874458511419E-6     6999.701689248599
2.259804514263565E-6      -3.4395030296131453E-6   7272.112326044024
2.1151358659506906E-6     -3.4465836896292377E-6   7801.262267092261
2.546104707740691E-6      -3.9012930077552925E-6   4236.691129502341
2.6816963045120287E-6     -3.907358743941537E-6    3829.1115091084603
2.817287901283367E-6      -3.913424480127783E-6    3421.7424889823096
2.9528794980547053E-6     -3.9194902163140286E-6   3014.584069123878
2.6169290447988992E-6     -3.7820514522542478E-6   4444.917791182674
2.7525206415702375E-6     -3.788117188440493E-6    4035.6439055742376
2.888112238341576E-6      -3.7941829246267382E-6   3626.585448191241
2.6877533818571077E-6     -3.662809896753203E-6    4653.184265752061
2.823344978628447E-6      -3.6688756329394487E-6   4241.825768196995
2.7585777189153165E-6     -3.5435683412521584E-6   4860.158982907275
2.835538428320061E-6      -4.354916333397091E-6    1977.4054705909402
2.8987715949465565E-6     -4.247576238172886E-6    2134.799891489568
2.962004761573052E-6      -4.140236142948683E-6    2290.8809294593466
3.025237928199548E-6      -4.032896047724478E-6    2445.648584500274
2.6999468315487227E-6     -4.348850597210846E-6    2374.8781365924124
2.7631799981752182E-6     -4.241510501986642E-6    2528.8888233957778
2.826413164801714E-6      -4.134170406762437E-6    2692.0753132949394
2.8896463314282093E-6     -4.026830311538232E-6    2854.0224106155997
2.62758840140388E-6       -4.235444765800396E-6    2932.0920133336394
2.6908215680303755E-6     -4.128104670576191E-6    3096.0623983927735
2.7540547346568714E-6     -4.020764575351987E-6    3259.795164417481
2.555229971259037E-6      -4.1220389343899465E-6   3491.803143545248
2.618463137885533E-6      -4.014698839165742E-6    3665.77369052936
2.482871541114195E-6      -4.008633102979496E-6    4054.011527227245
3.0934685330284986E-6     -4.143475825709571E-6    2087.9336646493575
3.0302353664020027E-6     -4.250815920933774E-6    1938.8936709834252
2.967002199775507E-6      -4.358156016157979E-6    1788.466304038302
2.9037690331490116E-6     -4.465496111382184E-6    1636.9543473817025
3.1616991378574492E-6     -4.254055603694662E-6    1735.1859024960177
3.098465971230954E-6      -4.361395698918867E-6    1586.4797966294027
3.035232804604458E-6      -4.468735794143072E-6    1436.543044838958
3.2299297426864E-6        -4.364635381679755E-6    1384.5984534168256
3.1666965760599047E-6     -4.47197547690396E-6     1236.235793380311
3.2981603475153512E-6     -4.475215159664848E-6    1036.032593005757
3.1243763575305266E-6     -4.788142254209405E-6    628.6619232403563
3.182304354192135E-6      -4.683833222694552E-6    765.7527483000772
3.2402323508537425E-6     -4.5795241911797E-6      901.4967300865396
3.050840582736688E-6      -4.680593539933664E-6    962.831737489164
3.1087685793982963E-6     -4.576284508418812E-6    1100.2119660867588
2.9773048079428498E-6     -4.573044825657924E-6    1299.030140058851
-3.908509427888632E-6     -1.5916810280442525E-6   5867.437246717226
-3.85541630250047E-6      -1.4927147807591784E-6   7085.524970865205
-3.8023231771123065E-6    -1.3937485334741043E-6   8219.423649976143
-3.749230051724144E-6     -1.29478228618903E-6     9358.376025471089
-3.696136926335981E-6     -1.1958160389039557E-6   10502.382097350084
-4.0036914212931196E-6    -1.4890478015649336E-6   4675.947348703255
-3.950598295904957E-6     -1.3900815542798593E-6   5850.741913799984
-3.897505170516794E-6     -1.291115306994785E-6    7008.607244577737
-3.844412045128631E-6     -1.1921490597097109E-6   8171.453076717167
-4.098873414697607E-6     -1.3864145750856143E-6   3481.385597923929
-4.045780289309444E-6     -1.28744832780054E-6     4594.660220171703
-3.992687163921281E-6     -1.1884820805154659E-6   5752.549384076005
-4.194055408102095E-6     -1.2837813486062952E-6   2281.4220491415726
-4.140962282713932E-6     -1.1848151013212208E-6   3333.2715365082695
-4.289237401506582E-6     -1.181148122126976E-6    1076.056702356159
-4.762179692607079E-6     -1.4396902965621814E-6   -5788.1939135364155
-4.6474755062319446E-6    -1.5208204711376917E-6   -4043.314645937313
-4.53277131985681E-6      -1.601950645713202E-6    -2304.470781501437
-4.4180671334816765E-6    -1.6830808202887128E-6   -773.5537285336977
-4.639063571589293E-6     -1.3696789899774276E-6   -4131.046515469352
-4.5243593852141585E-6    -1.4508091645529382E-6   -2386.7926782548275
-4.409655198839024E-6     -1.5319393391284485E-6   -680.3902767579821
-4.515947450571507E-6     -1.299667683392674E-6    -2468.3252235369146
-4.401243264196373E-6     -1.3807978579681846E-6   -585.8758238536357
-4.392831329553721E-6     -1.2296563768079208E-6   -490.01036982065307
-4.012103355935772E-6     -1.6401892827251975E-6   4332.657888735812
-4.107285349340258E-6     -1.5375560562458784E-6   3241.849290526141
-4.2024673427447456E-6    -1.434922829766559E-6    2106.7325656876055
-4.297649336149233E-6     -1.33228960328724E-6     966.1192348781406
-4.11569728398291E-6      -1.6886975374061422E-6   2976.1881398233354
-4.210879277387398E-6     -1.5860643109268229E-6   1832.8727247171264
-4.306061270791886E-6     -1.4834310844475038E-6   695.6572498438691
-4.21929121203005E-6      -1.7372057920870868E-6   1622.8214783975045
-4.314473205434536E-6     -1.6345725656077676E-6   427.10791559553763
-4.322885140077189E-6     -1.7857140467680317E-6   272.5579044583401
-3.785616785104726E-6     -1.6213510344826693E-6   7357.42371835103
-3.662724142320819E-6     -1.6510210409210857E-6   8710.929348527672
-3.539831499536913E-6     -1.680691047359502E-6    10062.551471636256
-3.416938856753007E-6     -1.7103610537979186E-6   11412.290087676765
-3.2940462139691005E-6    -1.7400310602363352E-6   12632.354772188608
-3.7325236597165626E-6    -1.522384787197595E-6    8450.226781491878
-3.609631016932657E-6     -1.5520547936360114E-6   9828.972693862273
-3.4867383741487505E-6    -1.5817248000744277E-6   11205.77106144845
-3.363845731364844E-6     -1.6113948065128445E-6   12443.521863962087
-3.6794305343284E-6       -1.4234185399125207E-6   9562.662204481865
-3.556537891544494E-6     -1.453088546350937E-6    10943.88767927155
-3.4336452487605876E-6    -1.4827585527893538E-6   12251.774018279622
-3.6263374089402376E-6    -1.3244522926274464E-6   10680.224518878174
-3.503444766156331E-6     -1.3541222990658631E-6   12058.662481881218
-3.573244283552075E-6     -1.2254860453423725E-6   11864.187254766892
-3.0372769942040882E-6    -1.2421534413999877E-6   19699.68508812133
-3.1712688165410846E-6    -1.2379865923855837E-6   17823.67436569993
-3.3052606388780814E-6    -1.2338197433711799E-6   15857.944578465638
-3.439252461215078E-6     -1.229652894356776E-6    13891.873384849965
-3.101469299145341E-6     -1.3666228461090744E-6   17897.4639706963
-3.2354611214823375E-6    -1.3624559970946706E-6   15975.308830214442
-3.3694529438193347E-6    -1.3582891480802667E-6   14014.522822135552
-3.165661604086594E-6     -1.4910922508181615E-6   16104.52493861911
-3.2996534264235908E-6    -1.4869254018037574E-6   14136.224656205715
-3.2298539090278472E-6    -1.6155616555272483E-6   14320.867991889796
-2.616671249413849E-6     -1.665373978292503E-6    20472.182722910016
-2.6879539373836462E-6    -1.5558359899721825E-6   20609.843614940197
-2.7592366253534435E-6    -1.446298001651862E-6    20838.62425130646
-2.8305193133232404E-6    -1.3367600133315416E-6   21067.91724994588
-2.9018020012930377E-6    -1.2272220250112211E-6   21297.72261085846
-2.752146242324899E-6     -1.6803053946812696E-6   18938.44078111762
-2.8234289302946964E-6    -1.5707674063609487E-6   19100.01596536662
-2.8947116182644932E-6    -1.4612294180406282E-6   19269.979037977733
-2.9659943062342905E-6    -1.3516914297203078E-6   19440.076192752127
-2.8876212352359497E-6    -1.6952368110700358E-6   17368.41252644927
-2.9589039232057465E-6    -1.5856988227497153E-6   17527.167715488496
-3.0301866111755442E-6    -1.4761608344293948E-6   17693.10407140291
-3.0230962281469994E-6    -1.7101682274588024E-6   15799.437271492136
-3.0943789161167967E-6    -1.6006302391384817E-6   15955.414759272648
-3.15857122105805E-6      -1.7250996438475688E-6   14231.515016246205
-2.553630980864184E-6     -1.5540721096932946E-6   22366.363429583253
-2.4905907123145187E-6    -1.442770241094086E-6    24319.72742959537
-2.427550443764853E-6     -1.3314683724948776E-6   26281.8193610768
-2.364510175215188E-6     -1.220166503895669E-6    28252.63922402756
-2.624913668833981E-6     -1.444534121372974E-6    22566.49044280071
-2.5618734002843156E-6    -1.3332322527737653E-6   24596.09113866365
-2.4988331317346504E-6    -1.221930384174557E-6    26634.529808562165
-2.696196356803778E-6     -1.3349961330526535E-6   22854.863374555152
-2.633156088254113E-6     -1.223694264453445E-6    24889.265518747823
-2.767479044773575E-6     -1.225458144732333E-6    23144.12694869262
3.214346252834828E-7      -1.2199710964503165E-6   39390.45630584264
1.880494236840118E-7      -1.2206694290434676E-6   39854.941491847305
5.466422208454085E-8      -1.2213677616366186E-6   40117.25952693911
-7.872097951493004E-8     -1.2220660942297697E-6   40379.56823827359
-2.1210618111440096E-7    -1.2227644268229212E-6   40442.57736817091
2.6291356387847933E-7     -1.3318174691512469E-6   37671.64628504367
1.2952836227900837E-7     -1.3325158017443982E-6   38012.9941470875
-3.856839320462539E-9     -1.3332141343375494E-6   38274.58725194909
-1.3724204091993344E-7    -1.3339124669307005E-6   38459.60009931192
2.0439250247347595E-7     -1.4436638418521775E-6   35959.39334981089
7.100730087400498E-8      -1.4443621744453285E-6   36178.00608916598
-6.237790072546594E-8     -1.4450605070384798E-6   36484.66188389339
1.458714410684725E-7      -1.5555102145531082E-6   34253.69750014429
1.2486239469001584E-8     -1.5562085471462595E-6   34517.762721915366
8.73503796634691E-8       -1.6673565872540386E-6   32661.34180980524
2.1942977566143774E-7     -1.6656934720491229E-6   32421.640659272158
3.515091716594064E-7      -1.6640303568442067E-6   32007.658911400496
4.83588567657375E-7       -1.6623672416392907E-6   31593.643415829516
6.156679636553437E-7      -1.660704126434375E-6    31179.59417255921
2.7795083706644115E-7     -1.553847099348192E-6    34000.910962294656
4.1003023306440984E-7     -1.5521839841432761E-6   33584.216728256186
5.421096290623784E-7      -1.55052086893836E-6     33167.48754824885
3.3647189847144456E-7     -1.4420007266472615E-6   35583.86950332524
4.6855129446941325E-7     -1.4403376114423458E-6   35166.04595183709
3.9499295987644797E-7     -1.330154353946331E-6    37172.98292864986
-1.9397738327994415E-6    -1.6524687831367075E-6   26626.141290158615
-1.877692905767862E-6     -1.5433500624701713E-6   28606.611013046968
-1.8156119787362826E-6    -1.4342313418036346E-6   30668.949053054886
-1.753531051704703E-6     -1.3251126211370984E-6   32739.97785930404
-1.6914501246731233E-6    -1.215993900470562E-6    34819.69743179445
-2.012113047572658E-6     -1.5437479535686582E-6   27275.04862776211
-1.9500321205410783E-6    -1.4346292329021218E-6   29311.92734744651
-1.8879511935094984E-6    -1.3255105122355853E-6   31474.697220971204
-1.8258702664779192E-6    -1.216391791569049E-6    33646.366860987015
-2.084452262345874E-6     -1.4350271240006088E-6   28014.775300044286
-2.0223713353142943E-6    -1.3259084033340723E-6   30140.4787560312
-1.960290408282715E-6     -1.216789682667536E-6    32309.22540707041
-2.15679147711909E-6      -1.3263062944325595E-6   28757.17164750078
-2.0947105500875103E-6    -1.217187573766023E-6    30972.10515162595
-2.2291306918923065E-6    -1.21758546486451E-6     29502.237670131613
-2.2921709604419716E-6    -1.3288873334637186E-6   27467.0549081554
-2.3552112289916367E-6    -1.440189202062927E-6    25573.2584596043
-2.4182514975413023E-6    -1.5514910706621353E-6   23688.079899956185
-2.4812917660909674E-6    -1.6627929392613439E-6   21809.737143052862
-2.219831745668755E-6     -1.4376081630317678E-6   26811.015549730047
-2.2828720142184207E-6    -1.5489100316309762E-6   24922.58718292489
-2.3459122827680862E-6    -1.6602119002301848E-6   23042.506855082007
-2.147492530895539E-6     -1.5463289925998171E-6   26157.24055464322
-2.2105327994452042E-6    -1.6576308611990257E-6   24275.41711825195
-2.075153316122323E-6     -1.6550498221678666E-6   25508.46793256269
-1.2595481821249493E-6    -1.6575794383164354E-6   30792.178567772167
-1.199162938271467E-6     -1.5480152441511086E-6   32751.144643819476
-1.1387776944179843E-6    -1.4384510499857817E-6   34810.85372004503
-1.0783924505645018E-6    -1.3288868558204551E-6   36878.96178253019
-1.0180072067110195E-6    -1.2193226616551282E-6   38955.46883127495
-1.3335123852282683E-6    -1.5474385866139536E-6   31932.343778792172
-1.2731271413747856E-6    -1.4378743924486267E-6   33953.94439812376
-1.2127418975213033E-6    -1.3283101982832997E-6   36131.30006522105
-1.1523566536678209E-6    -1.2187460041179731E-6   38317.34792567872
-1.407476588331587E-6     -1.4372977349114714E-6   33172.41179534507
-1.3470913444781045E-6    -1.3277335407461445E-6   35305.229668723885
-1.2867061006246222E-6    -1.218169346580818E-6    37489.56645565934
-1.481440791434906E-6     -1.3271568832089894E-6   34417.31066475471
-1.4210555475814236E-6    -1.2175926890436625E-6   36661.76673343416
-1.555404994538225E-6     -1.2170160315065077E-6   35667.04038702109
-1.6174859215698044E-6    -1.326134752173044E-6    33513.2688343597
-1.6795668486013837E-6    -1.4352534728395802E-6   31534.887419671788
-1.7416477756329633E-6    -1.5443721935061164E-6   29564.987770975185
-1.803728702664543E-6     -1.653490914172653E-6    27604.719113281408
-1.5435217184664853E-6    -1.436275603875526E-6    32375.082230109674
-1.605602645498065E-6     -1.5453943245420623E-6   30403.1659167222
-1.6676835725296447E-6    -1.6545130452085986E-6   28440.0522141392
-1.4695575153631665E-6    -1.5464164555780079E-6   31241.30553746294
-1.5316384423947461E-6    -1.6555351762445441E-6   29275.348315835683
-1.3955933122598478E-6    -1.6565573072804899E-6   30110.607418370866
-5.837385876656836E-7     -1.6645122478944386E-6   32800.73757189963
-5.243849343943206E-7     -1.5539330756585794E-6   34628.8928609886
-4.6503128112295754E-7    -1.4433539034227198E-6   36568.998121192264
-4.056776278515946E-7     -1.3327747311868604E-6   38516.79562582528
-3.463239745802315E-7     -1.222195558951001E-6    40472.28537488765
-6.585152627040543E-7     -1.5535614918135112E-6   34355.07082859457
-5.991616094326913E-7     -1.4429823195776518E-6   36251.66845137634
-5.398079561613282E-7     -1.3324031473417922E-6   38319.41909123087
-4.804543028899652E-7     -1.2218239751059328E-6   40395.22207623204
-7.332919377424249E-7     -1.4426107357325836E-6   36018.23395228178
-6.739382844710619E-7     -1.3320315634967242E-6   38039.73836644914
-6.145846311996989E-7     -1.2214523912608648E-6   40115.063065359456
-8.080686127807956E-7     -1.3316599796516564E-6   37688.084509431385
-7.487149595094326E-7     -1.2210808074157968E-6   39834.9007491508
-8.828452878191663E-7     -1.2207092235707288E-6   39364.62250004342
-9.432305316726488E-7     -1.3302734177360558E-6   37208.355053493375
-1.0036157755261313E-6    -1.4398376119013823E-6   35250.30601366489
-1.0640010193796136E-6    -1.5494018060667093E-6   33300.362752995155
-1.1243862632330963E-6    -1.6589660002320362E-6   31360.359336228168
-8.68453856634278E-7      -1.441224173816983E-6    35657.16598722519
-9.288391004877606E-7     -1.55078836798231E-6     33706.32307107777
-9.892243443412429E-7     -1.6603525621476367E-6   31764.147483530054
-7.936771815959074E-7     -1.5521749298979106E-6   34112.259320252895
-8.540624254493899E-7     -1.6617391240632373E-6   32167.912612675656
-7.189005065575368E-7     -1.6631256859788382E-6   32571.65472366497
-2.7145983438576395E-7    -1.3333435990587806E-6   38408.761164008916
-3.3081348765712703E-7    -1.4439227712946397E-6   36581.56736123872
-3.9016714092849E-7       -1.5545019435304991E-6   34761.70570218048
-4.495207941998531E-7     -1.6650811157663587E-6   32949.99593543103
-1.9659569419129649E-7    -1.4444916391665599E-6   36556.007643350735
-2.559493474626595E-7     -1.5550708114024193E-6   34736.31826484295
-3.153030007340225E-7     -1.6656499836382786E-6   32924.232814854855
-1.2173155399682896E-7    -1.5556396792743392E-6   34710.932406032065
-1.81085207268192E-7      -1.6662188515101986E-6   32898.47127236919
-4.6867413802361457E-8    -1.666787719382119E-6    32872.71130797404
6.927816876466021E-7      -1.773850630432392E-6    29198.329244303364
5.607022916486334E-7      -1.7755137456373078E-6   29770.201865481828
4.286228956506647E-7      -1.7771768608422237E-6   30181.57816400401
2.965434996526961E-7      -1.7788399760471395E-6   30592.921913096416
1.644641036547275E-7      -1.7805030912520559E-6   30851.42869795222
6.378160156398917E-7      -1.8886602496353246E-6   27888.45834250116
5.057366196419231E-7      -1.8903233648402406E-6   28363.50877084522
3.736572236439544E-7      -1.891986480045157E-6    28773.797689875497
2.4157782764598584E-7     -1.8936495952500725E-6   29127.192444872977
5.828503436331815E-7      -2.0034698688382576E-6   26583.228139382998
4.507709476352128E-7      -2.0051329840431736E-6   26961.80134332347
3.1869155163724424E-7     -2.0067960992480895E-6   27409.805012464814
5.278846716264712E-7      -2.1182794880411906E-6   25282.638634948904
3.9580527562850264E-7     -2.1199426032461066E-6   25699.266400727727
4.72918999619761E-7       -2.2330891072441236E-6   24073.690478445107
6.034897587144751E-7      -2.231203484700207E-6    23731.97358230327
7.340605178091891E-7      -2.22931786215629E-6     23260.513476217602
8.646312769039031E-7      -2.2274322396123733E-6   22789.00803733078
9.952020359986172E-7      -2.2255466170684565E-6   22317.457265642806
6.584554307211853E-7      -2.1163938654972743E-6   24934.1770673676
7.890261898158992E-7      -2.114508242953357E-6    24459.963094156483
9.195969489106134E-7      -2.1126226204094403E-6   23985.702476824095
7.134211027278956E-7      -2.001584246294341E-6    26138.336964823582
8.439918618226096E-7      -1.999698623750424E-6    25662.7382611152
7.683867747346057E-7      -1.8867746270914078E-6   27346.792592532776
1.0847653016245131E-6     -2.34043302609337E-6     20636.3351077825
9.541945425297992E-7      -2.3423186486372867E-6   21216.762282668977
8.236237834350851E-7      -2.344204271181203E-6    21685.606047341407
6.93053024340371E-7       -2.34608989372512E-6     22154.405790532808
5.624822652456571E-7      -2.347975516269037E-6    22511.048772557566
1.0437578081556952E-6     -2.4572050576621998E-6   19622.900836917877
9.13187049060981E-7       -2.459090680206116E-6    20117.74142403625
7.826162899662671E-7      -2.4609763027500333E-6   20585.249940961556
6.520455308715531E-7      -2.46286192529395E-6     21015.172589956524
1.0027503146868772E-6     -2.5739770892310296E-6   18612.62680114124
8.721795555921631E-7      -2.5758627117749463E-6   19022.166715727937
7.416087964974491E-7      -2.577748334318863E-6    19525.13765154061
9.617428212180592E-7      -2.69074912079986E-6     17605.513000452607
8.311720621233452E-7      -2.6926347433437766E-6   18040.943957309828
9.207353277492412E-7      -2.8075211523686896E-6   16656.738455229806
1.1974367303946295E-6     -2.4353212820078174E-6   19143.59277343411
1.1564292369258113E-6     -2.5520933135766476E-6   18218.670184062594
1.1154217434569933E-6     -2.668865345145477E-6    17296.621914542608
1.0744142499881755E-6     -2.7856373767143072E-6   16362.737729140215
1.3101081591647454E-6     -2.530209537922265E-6    17767.415744484642
1.2691006656959274E-6     -2.646981569491095E-6    16846.753496585232
1.2280931722271094E-6     -2.7637536010599253E-6   15927.795796400922
1.4227795879348617E-6     -2.6250977938367127E-6   16396.264632201055
1.3817720944660437E-6     -2.7418698254055425E-6   15492.24426627393
1.5354510167049778E-6     -2.7199860497511606E-6   15056.08313875924
1.330375374395908E-6      -3.3363826126467283E-6   11005.0185140981
1.402126287305509E-6      -3.208726544936739E-6    11661.167518228613
1.4738772002151096E-6     -3.081070477226748E-6    12368.62543156145
1.5456281131247104E-6     -2.9534144095167583E-6   13077.2805980755
1.617379026034311E-6      -2.825758341806768E-6    13787.133017770779
1.2484473650665748E-6     -3.2306103205911208E-6   12084.77968482437
1.3201982779761755E-6     -3.1029542528811305E-6   12782.502219548162
1.3919491908857761E-6     -2.9752981851711403E-6   13547.517696132049
1.463700103795377E-6      -2.84764211746115E-6     14314.025903261027
1.1665193557372414E-6     -3.1248380285355125E-6   13214.100735676184
1.238270268646842E-6      -2.9971819608255226E-6   13966.879839094538
1.3100211815564429E-6     -2.8695258931155328E-6   14735.006457661777
1.084591346407908E-6      -3.019065736479905E-6    14347.388387486908
1.1563422593175085E-6     -2.8914096687699147E-6   15155.388263713889
1.0026633370785746E-6     -2.9132934444242975E-6   15484.642640256556
1.899108318636002E-6      -3.3348147578447742E-6   9151.263970178494
1.8286759954855792E-6     -3.2075506538352724E-6   10276.32540839844
1.7582436723351565E-6     -3.080286549825771E-6    11406.506898997823
1.6878113491847338E-6     -2.9530224458162695E-6   12541.671574541633
1.7569250825759786E-6     -3.3352067215452626E-6   9630.368148759237
1.6864927594255557E-6     -3.207942617535761E-6    10757.589395015442
1.6160604362751332E-6     -3.0806785135262598E-6   11889.80530070054
1.614741846515955E-6      -3.335598685245751E-6    10109.460138894956
1.544309523365532E-6      -3.2083345812362496E-6   11238.840802676776
1.4725586104559317E-6     -3.33599064894624E-6     10588.539940585659
1.7068414749558206E-6     -3.893180364689549E-6    6370.428804681555
1.7737314909038616E-6     -3.7814288505804964E-6   6795.756417085246
1.8406215068519024E-6     -3.6696773364714434E-6   7248.122242489307
1.9075115227999434E-6     -3.557925822362391E-6    7700.299514291609
1.9744015387479843E-6     -3.446174308253338E-6    8152.28823249215
1.6315482548438382E-6     -3.7818208142809852E-6   7268.5023697242505
1.698438270791879E-6      -3.670069300171932E-6    7713.54617610839
1.7653282867399199E-6     -3.5583177860628793E-6   8192.849153886746
1.8322183026879611E-6     -3.4465662719538268E-6   8672.13404105511
1.5562550347318555E-6     -3.6704612638724207E-6   8191.94187620917
1.6231450506798965E-6     -3.558709749763368E-6    8668.464204813725
1.6900350666279376E-6     -3.4469582356543156E-6   9149.430959333706
1.4809618146198732E-6     -3.5591017134638565E-6   9118.6060445931
1.547851830567914E-6      -3.4473501993548036E-6   9626.71607967791
1.4056685945078906E-6     -3.4477421630552924E-6   10048.494874876047
2.0482458500026498E-6     -3.5583352037382902E-6   7330.2268467390895
1.981355834054609E-6      -3.6700867178473428E-6   6905.2429067446665
1.9144658181065677E-6     -3.7818382319563953E-6   6479.899950156711
1.8475758021585269E-6     -3.893589746065449E-6    6054.316383578391
2.122090161257315E-6      -3.6704960992232425E-6   6553.8553458284005
2.055200145309274E-6      -3.7822476133322955E-6   6130.261882423891
1.988310129361233E-6      -3.893999127441348E-6    5706.358606023252
2.1959344725119803E-6     -3.782656994708195E-6    5780.636637410114
2.1290444565639395E-6     -3.894408508817248E-6    5358.413389016801
2.269778783766646E-6      -3.894817890193147E-6    5010.480732559037
2.1462367948598483E-6     -4.340028034250908E-6    3153.7367375645827
2.2123058738872242E-6     -4.228827843580442E-6    3523.3603179251863
2.2783749529146E-6        -4.117627652909977E-6    3892.0817674284244
2.344444031941976E-6      -4.006427462239512E-6    4259.901086074296
2.005502467657142E-6      -4.339618652875009E-6    3494.930829985592
2.071571546684518E-6      -4.2284184622045435E-6   3862.5313004633144
2.137640625711894E-6      -4.117218271534078E-6    4245.933193131421
2.20370970473927E-6       -4.0060180808636126E-6   4628.553007521593
1.9308372194818116E-6     -4.228009080828644E-6    4206.42442767538
1.9969062985091876E-6     -4.116808890158178E-6    4590.597849816282
2.0629753775365635E-6     -4.005608699487713E-6    4974.8865277661525
1.8561719713064813E-6     -4.1163995087822786E-6   4920.398114456059
1.922241050333857E-6      -4.005199318111813E-6    5321.232346389028
1.781506723131151E-6      -4.004789936735914E-6    5636.851890327629
2.4168024620868185E-6     -4.119833293649962E-6    3683.0828370572526
2.3507333830594425E-6     -4.231033484320427E-6    3329.0784251744644
2.2846643040320666E-6     -4.342233674990893E-6    2974.0518298548914
2.218595225004691E-6      -4.453433865661358E-6    2618.2995569176646
2.489160892231661E-6      -4.233239125060411E-6    3131.052077422406
2.4230918132042853E-6     -4.344439315730877E-6    2777.730940118112
2.3570227341769093E-6     -4.455639506401342E-6    2423.5281191391177
2.561519322376504E-6      -4.3466449564708614E-6   2581.4781075887195
2.495450243349128E-6      -4.457845147141327E-6    2228.8239757436777
2.6338777525213467E-6     -4.460050787881311E-6    2034.187126731345
2.436079197417098E-6      -4.7826969307085325E-6   1072.3167800645554
2.5020120491185142E-6     -4.675148216432791E-6    1394.1970469720695
2.5679449008199303E-6     -4.567599502157051E-6    1714.762562252718
2.3635845399462955E-6     -4.6729425756928075E-6   1585.7742617673468
2.4295173916477116E-6     -4.565393861417067E-6    1907.9483600093258
2.2910898824754933E-6     -4.563188220677082E-6    2101.200689324762
-3.887862424638484E-6     -1.7133611526104207E-6   5711.034092189409
-3.991456352685622E-6     -1.7618694072913655E-6   4301.407206080119
-4.0950502807327615E-6    -1.8103776619723098E-6   2999.13100984182
-4.198644208779901E-6     -1.8588859166532545E-6   1699.8492318893768
-4.302238136827041E-6     -1.9073941713341997E-6   500.2996295285211
-3.867215421388335E-6     -1.8350412771765885E-6   5601.415220369183
-3.970809349435474E-6     -1.883549531857533E-6    4309.117668091205
-4.074403277482613E-6     -1.932057786538478E-6    3010.626957665255
-4.177997205529753E-6     -1.9805660412194227E-6   1743.1049495998232
-3.846568418138186E-6     -1.9567214017427563E-6   5492.277022266357
-3.950162346185325E-6     -2.005229656423701E-6    4316.977754111106
-4.053756274232464E-6     -2.053737911104646E-6    2981.5488275789694
-3.825921414888038E-6     -2.0784015263089245E-6   5383.619497880951
-3.929515342935177E-6     -2.126909780989869E-6    4215.631263465975
-3.805274411637889E-6     -2.2000816508750922E-6   5246.737199661998
-3.764969781854577E-6     -1.743031159048837E-6    7144.322780244349
-3.744322778604428E-6     -1.8647112836150049E-6   6917.528097120881
-3.72367577535428E-6      -1.9863914081811726E-6   6691.545137423404
-3.7030287721041314E-6    -2.108071532747341E-6    6556.868177923832
-3.642077139070671E-6     -1.7727011654872535E-6   8471.435727362265
-3.621430135820522E-6     -1.8943812900534214E-6   8241.00908095452
-3.600783132570374E-6     -2.0160614146195894E-6   8028.653793277693
-3.519184496286764E-6     -1.80237117192567E-6     9796.729205128277
-3.4985374930366155E-6    -1.924051296491838E-6    9506.582364182017
-3.3962918535028585E-6    -1.8320411783640866E-6   10990.653890636804
-4.772645602426921E-6     -2.155209742483681E-6    -4394.913935355742
-4.659995391228976E-6     -2.229289310391855E-6    -3157.761870664028
-4.547345180031032E-6     -2.30336887830003E-6     -1924.8470766163882
-4.434694968833089E-6     -2.377448446208204E-6    -875.0644919580154
-4.657941416051786E-6     -2.0934827742020486E-6   -3306.6175208571003
-4.5452912048538424E-6    -2.167562342110223E-6    -2069.8210620499995
-4.432640993655899E-6     -2.241641910018397E-6    -887.0816325522683
-4.543237229676652E-6     -2.031755805920416E-6    -2214.786510912927
-4.430587018478708E-6     -2.10583537382859E-6     -898.725600036154
-4.428533043301519E-6     -1.9700288376387836E-6   -909.9963944096717
-4.3104540375358005E-6    -2.450620316093427E-6    176.03742439965345
-4.184159131061322E-6     -2.3879856497888437E-6   1408.0747448815455
-4.057864224586845E-6     -2.3253509834842597E-6   2644.0151966943013
-3.931569318112367E-6     -2.262716317179676E-6    3883.8587798379444
-4.308400062358611E-6     -2.3148137799036206E-6   230.072804293839
-4.1821051558841325E-6    -2.2521791135990363E-6   1518.1226315420608
-4.055810249409654E-6     -2.1895444472944527E-6   2810.1900510414744
-4.306346087181421E-6     -2.1790072437138132E-6   351.6565221572382
-4.1800511807069425E-6    -2.1163725774092297E-6   1644.2320277832405
-4.30429211200423E-6      -2.0432007075240062E-6   473.97804967069897
-3.2785588606728225E-6    -2.28617212664423E-6     9760.170297782133
-3.2816563313320784E-6    -2.176943913362651E-6    10325.064256227672
-3.2847538019913334E-6    -2.0677157000810724E-6   10883.528614932793
-3.2878512726505892E-6    -1.958487486799493E-6    11444.28834460895
-3.290948743309845E-6     -1.8492592735179143E-6   12007.343445256192
-3.3839019708658363E-6    -2.2689540314904024E-6   8941.972128663954
-3.3869994415250913E-6    -2.1597258182088234E-6   9424.430284683285
-3.390096912184347E-6     -2.0504976049272443E-6   9901.217382339088
-3.3931943828436026E-6    -1.9412693916456652E-6   10380.108810021728
-3.4892450810588492E-6    -2.251735936336575E-6    8028.1243576231445
-3.4923425517181047E-6    -2.1425077230549957E-6   8499.537653075946
-3.49544002237736E-6      -2.033279509773417E-6    8973.963727988437
-3.5945881912518626E-6    -2.2345178411827475E-6   7113.498602018016
-3.597685661911118E-6     -2.125289627901168E-6    7573.848376413429
-3.699931301444876E-6     -2.21729974602892E-6     6198.094861848556
-3.1855263997934018E-6    -2.2593383729660826E-6   10652.574823391278
-3.09249393891398E-6      -2.2325046192879354E-6   11620.486425585257
-2.999461478034559E-6     -2.205670865609788E-6    12589.603783290153
-2.906429017155138E-6     -2.1788371119316404E-6   13559.926896505987
-2.8133965562757167E-6    -2.152003358253493E-6    14573.809356029276
-3.1886238704526568E-6    -2.1501101596845035E-6   11279.093105004875
-3.095591409573235E-6     -2.123276406006356E-6    12257.834189460413
-3.0025589486938144E-6    -2.0964426523282084E-6   13237.825494586501
-2.9095264878143933E-6    -2.0696088986500613E-6   14224.365894518402
-3.191721341111912E-6     -2.040881946402925E-6    11919.723661211785
-3.098688880232491E-6     -2.0140481927247773E-6   12901.3147048631
-3.0056564193530703E-6    -1.9872144390466298E-6   13862.996796064248
-3.1948188117711676E-6    -1.9316537331213454E-6   12562.840629333921
-3.1017863508917465E-6    -1.9048199794431982E-6   13499.76794899415
-3.197916282430424E-6     -1.8224255198397667E-6   13134.6793533081
-2.774051494903343E-6     -2.054677482261295E-6    15781.083837951266
-2.7347064335309696E-6    -1.957351606269097E-6    16943.49640329641
-2.695361372158596E-6     -1.8600257302768988E-6   18110.430759705974
-2.6560163107862225E-6    -1.7626998542847009E-6   19281.886907180007
-2.8701814264420197E-6    -1.972283022657863E-6    15402.151962900025
-2.8308363650696458E-6    -1.874957146665665E-6    16579.152664092613
-2.7914913036972726E-6    -1.7776312706734673E-6   17760.66687223141
-2.9663113579806967E-6    -1.8898885630544316E-6   15015.198112069884
-2.9269662966083228E-6    -1.7925626870622337E-6   16193.072108142425
-3.062441289519373E-6     -1.807494103451E-6       14626.488049813563
-2.6985387025520496E-6    -2.154675744574217E-6    15484.997945783223
-2.5836808488283825E-6    -2.1573481308949415E-6   16337.32056606407
-2.468822995104715E-6     -2.160020517215666E-6    17189.532772474562
-2.353965141381048E-6     -2.1626929035363906E-6   18041.634565014687
-2.2391072876573807E-6    -2.165365289857115E-6    18850.619329043402
-2.659193641179676E-6     -2.0573498685820195E-6   16630.174586454603
-2.5443357874560085E-6    -2.060022254902744E-6    17485.416496060752
-2.4294779337323414E-6    -2.062694641223468E-6    18340.543802416963
-2.3146200800086743E-6    -2.065367027544193E-6    19125.175001811655
-2.619848579807302E-6     -1.9600239925898213E-6   17780.89699013641
-2.5049907260836354E-6    -1.9626963789105457E-6   18638.163579046704
-2.390132872359968E-6     -1.96536876523127E-6     19464.290326664126
-2.580503518434929E-6     -1.8626981165976232E-6   18936.149469000855
-2.465645664711262E-6     -1.8653705029183477E-6   19804.016063345083
-2.5411584570625554E-6    -1.7653722406054254E-6   20144.352211854544
-2.179240596685793E-6     -2.062785988513034E-6    20355.136054150196
-2.1193739057142047E-6    -1.960206687168952E-6    21899.943573950404
-2.059507214742617E-6     -1.8576273858248705E-6   23450.870609285335
-1.999640523771029E-6     -1.7550480844807889E-6   25007.917160154982
-2.2547533890370863E-6    -1.962787726200111E-6    20659.532604516415
-2.1948866980654987E-6    -1.8602084248560293E-6   22270.514380676923
-2.1350200070939107E-6    -1.7576291235119478E-6   23887.738826581575
-2.3302661813883803E-6    -1.8627894638871884E-6   21041.485378309935
-2.2703994904167923E-6    -1.7602101625431073E-6   22655.948337742837
-2.405778973739674E-6     -1.762791201574266E-6    21424.292862435992
3.018129755835061E-8      -1.7787239849229883E-6   31081.39681928415
-1.0403649590747995E-7    -1.778155117051068E-6    31268.493313265815
-2.382542893733105E-7     -1.777586249179148E-6    31294.63196726166
-3.72472082839141E-7      -1.777017381307228E-6    31320.77219891181
-5.066898763049716E-7     -1.7764485134353082E-6   31194.851545775786
-2.6987784546767888E-8    -1.8900913825919373E-6   29578.75581869139
-1.6120557801259845E-7    -1.8895225147200174E-6   29670.9123434559
-2.95423371478429E-7      -1.8889536468480975E-6   29696.881722391005
-4.2964116494425953E-7    -1.8883847789761776E-6   29665.178084857667
-8.415686665188637E-8     -2.001458780260887E-6    28081.611154815182
-2.183746601177169E-7     -2.000889912388967E-6    28079.144254465366
-3.525924535835475E-7     -2.000321044517047E-6    28141.33867123233
-1.4132594875700486E-7    -2.1128261779298362E-6   26589.962827655538
-2.7554374222283543E-7    -2.1122573100579163E-6   26623.33330489981
-1.9849503086212335E-7    -2.2241935755987857E-6   25189.75292641393
-6.421222476574649E-8     -2.2259726819278533E-6   25102.955826787766
7.00705813306304E-8       -2.227751788256921E-6    24882.59069092681
2.0435338742700723E-7     -2.2295308945859885E-6   24662.245575640656
3.386361935233841E-7      -2.231310000915056E-6    24441.920480929315
-7.043142660627983E-9     -2.1146052842589042E-6   26492.606867735456
1.2723966343574891E-7     -2.1163843905879714E-6   26272.868429982344
2.615224695321257E-7      -2.118163496917039E-6    26053.150546916804
5.0125939444490524E-8     -2.0032378865899544E-6   27889.43288025839
1.8440874554086738E-7     -2.0050169929190224E-6   27669.009733819308
1.0729502154960901E-7     -1.891870488921005E-6    29291.438685395024
-1.8648491988865566E-6    -1.7615713333668314E-6   25734.35010845433
-1.9247158898581442E-6    -1.8641506347109128E-6   24125.836188969595
-1.9845825808297322E-6    -1.9667299360549944E-6   22636.064045400435
-2.04444927180132E-6      -2.0693092373990755E-6   21152.2882631565
-2.104315962772908E-6     -2.1718885387431575E-6   19679.686707598565
-1.7899245649736717E-6    -1.8706738835969551E-6   24887.667870467325
-1.8497912559452593E-6    -1.9732531849410365E-6   23357.940531571498
-1.9096579469168473E-6    -2.075832486285118E-6    21872.503413796
-1.969524637888435E-6     -2.1784117876291996E-6   20394.459147462585
-1.7149999310607864E-6    -1.979776433827079E-6    24043.75411922034
-1.7748666220323744E-6    -2.0823557351711606E-6   22592.483019163334
-1.8347333130039622E-6    -2.184935036515242E-6    21109.0045823357
-1.6400752971479015E-6    -2.0888789840572027E-6   23202.608854713377
-1.6999419881194895E-6    -2.1914582854012847E-6   21823.323012217916
-1.5651506632350166E-6    -2.197981534287327E-6    22429.70561725461
-1.5040301670130034E-6    -2.0899011150931487E-6   24022.135123812855
-1.4429096707909898E-6    -1.98182069589897E-6     25687.40907103147
-1.3817891745689761E-6    -1.873740276704792E-6    27359.291352377295
-1.3206686783469627E-6    -1.7656598575106138E-6   29037.78196785033
-1.578954800925888E-6     -1.980798564863025E-6    24836.83085972751
-1.5178343047038747E-6    -1.8727181456688462E-6   26587.491844606287
-1.456713808481861E-6     -1.764637726474668E-6    28344.973584804502
-1.653879434838773E-6     -1.8716960146329004E-6   25756.744524092544
-1.5927589386167596E-6    -1.7636155954387223E-6   27512.3830375343
-1.728804068751658E-6     -1.7625934644027767E-6   26679.757016947664
-1.183512301975664E-6     -1.7686132187731808E-6   29491.201899229396
-1.2446327981976775E-6    -1.876693637967359E-6    27751.837071679853
-1.3057532944196909E-6    -1.984774057161537E-6    26159.47798874737
-1.3668737906417043E-6    -2.0928544763557152E-6   24573.51481874982
-1.427994286863718E-6     -2.200934895549894E-6    22996.76758199739
-1.1074764218263788E-6    -1.879646999229926E-6    28256.00659788627
-1.1685969180483922E-6    -1.987727418424104E-6    26609.7724928551
-1.2297174142704059E-6    -2.0958078376182822E-6   25022.71059098147
-1.290837910492419E-6     -2.203888256812461E-6    23442.869357095173
-1.0314405416770936E-6    -1.990680779686671E-6    27025.28572368894
-1.092561037899107E-6     -2.0987611988808492E-6   25471.841540467998
-1.1536815341211204E-6    -2.2068416180750274E-6   23888.908800834928
-9.554046615278083E-7     -2.1017145601434162E-6   25799.0392766374
-1.0165251577498217E-6    -2.2097949793375944E-6   24334.88591321665
-8.79368781378523E-7      -2.2127483406001614E-6   24652.076599179592
-8.202427426359551E-7     -2.103101122059017E-6    26192.33071663313
-7.611167038933873E-7     -1.9934539035178724E-6   27816.88321093565
-7.019906651508194E-7     -1.8838066849767278E-6   29447.655080136217
-6.428646264082515E-7     -1.7741594664355831E-6   31084.646324234825
-8.962786227852405E-7     -1.9920673416022717E-6   27390.558394740776
-8.371525840426725E-7     -1.8824201230611272E-6   29110.438149080586
-7.780265453001046E-7     -1.7727729045199823E-6   30836.810149084777
-9.723145029345256E-7     -1.8810335611455264E-6   28709.621502297312
-9.131884641919578E-7     -1.7713863426043818E-6   30435.16597709885
-1.0483503830838108E-6    -1.7699997806887812E-6   30033.49983770774
-5.658159150475395E-7     -1.8860957319764527E-6   29495.796091753833
-6.249419537901073E-7     -1.9957429505175972E-6   27954.749604304052
-6.840679925326752E-7     -2.1053901690587417E-6   26419.649620985925
-7.431940312752431E-7     -2.2150373875998863E-6   24892.92232379238
-4.887672036868274E-7     -1.998031997517322E-6    28066.246974694004
-5.478932424293952E-7     -2.1076792160584666E-6   26530.936962784763
-6.070192811719632E-7     -2.217326434599611E-6    25002.33274352817
-4.1171849232611533E-7    -2.1099682630581915E-6   26642.212943624552
-4.708445310686832E-7     -2.219615481599336E-6    25111.732419117376
-3.346697809654033E-7     -2.221904528599061E-6    25221.121350559988
4.1896370383294465E-7     -2.3448187576075904E-6   22869.393407429292
2.8468089773656773E-7     -2.343039651278523E-6    23212.547119285573
1.5039809164019087E-7     -2.341260544949455E-6    23433.541546967055
1.611528554381403E-8      -2.3394814386203873E-6   23654.555461110587
-1.1816752055256283E-7    -2.33770233229132E-6     23757.127107311535
3.650084080461283E-7      -2.456548407971057E-6    21720.328944097204
2.307256019497514E-7      -2.4547693016419893E-6   21989.040397104352
9.644279585337455E-8      -2.4529901953129217E-6   22209.391682736612
-3.784001024300229E-8     -2.451211088983854E-6    22384.283876099544
3.1105311225931197E-7     -2.5682780583345232E-6   20574.913080089602
1.7677030616293506E-7     -2.5664989520054557E-6   20769.4596706274
4.2487500066558224E-8     -2.564719845676388E-6    21016.41871053745
2.570978164724956E-7      -2.68000770869799E-6     19433.145815406486
1.2281501037611877E-7     -2.6782286023689225E-6   19653.53161062525
2.0314252068567927E-7     -2.7917373590614565E-6   18362.249193887303
3.466610820983917E-7      -2.794894117722903E-6    18124.883670191062
4.901796435111041E-7      -2.7980508763843497E-6   17779.274748223666
6.336982049238164E-7      -2.8012076350457963E-6   17433.723235344754
7.772167663365288E-7      -2.804364393707243E-6    17088.22913155433
4.00616377885208E-7       -2.6831644673594367E-6   19186.523251223043
5.441349392979203E-7      -2.686321226020883E-6    18841.573191428324
6.876535007106328E-7      -2.6894779846823295E-6   18496.682026645834
4.5457167367202435E-7     -2.57143481699597E-6     20253.956308828012
5.980902350847367E-7      -2.5745915756574165E-6   19907.91636599544
5.085269694588407E-7      -2.459705166632503E-6    21324.760569377628
6.126282905185089E-7      -3.3445024282995047E-6   12558.509567562085
6.742496979646554E-7      -3.2371061731133416E-6   13331.036975399587
7.358711054108018E-7      -3.1297099179271785E-6   14148.229573075072
7.974925128569482E-7      -3.0223136627410154E-6   14967.213242055881
8.591139203030947E-7      -2.9149174075548527E-6   15787.987982342018
5.30731136551943E-7       -3.233949414451895E-6    13670.566020754044
5.923525439980894E-7      -3.126553159265732E-6    14473.892178798182
6.539739514442358E-7      -3.0191569040795688E-6   15342.38259934086
7.155953588903823E-7      -2.9117606488934057E-6   16212.885443668078
4.4883398258537703E-7     -3.1233964006042853E-6   14829.424430761555
5.104553900315234E-7      -3.016000145418122E-6    15687.666702905437
5.720767974776699E-7      -2.908603890231959E-6    16559.150405874596
3.6693682861881115E-7     -3.0128433867566755E-6   15992.12064080096
4.2855823606495755E-7     -2.9054471315705124E-6   16905.47129124583
2.8503967465224517E-7     -2.902290372909066E-6    17158.65465087227
9.410419296324282E-7      -3.02068969961046E-6     14623.22012501959
8.794205221862816E-7      -3.1280859547966233E-6   13853.896009769576
8.177991147401352E-7      -3.2354822099827864E-6   13086.141613345673
7.561777072939888E-7      -3.3428784651689495E-6   12319.078920686694
1.0229699389617614E-6     -3.126461991666068E-6    13540.943086826283
9.613485315156152E-7      -3.233858246852231E-6    12774.322351213239
8.997271240694685E-7      -3.3412545020383943E-6   12008.995004825892
1.1048979482910947E-6     -3.2322342837216756E-6   12462.468445477793
1.0432765408449485E-6     -3.3396305389078387E-6   11698.877265617735
1.1868259576204284E-6     -3.338006575777284E-6    11388.725703062215
1.0006453552822071E-6     -3.893443320235819E-6    7670.70478803075
1.0665913591049474E-6     -3.7820311787180012E-6   8308.44151018081
1.1325373629276874E-6     -3.670619037200183E-6    8977.314712905705
1.1984833667504276E-6     -3.5592068956823645E-6   9646.86932103912
1.2644293705731679E-6     -3.447794754164547E-6    10317.105334581058
9.230419423294675E-7      -3.7836551418485564E-6   8614.355338410362
9.889879461522077E-7      -3.6722430003307383E-6   9276.304310484527
1.054933949974948E-6      -3.5608308588129197E-6   9979.880684670039
1.120879953797688E-6      -3.4494187172951016E-6   10684.330982891952
8.454385293767277E-7      -3.6738669634612935E-6   9589.191169619531
9.11384533199468E-7       -3.562454821943475E-6    10287.177479548995
9.773305370222082E-7      -3.4510426804256572E-6   10992.753498623171
7.678351164239882E-7      -3.5640787850740306E-6   10566.96738977095
8.337811202467283E-7      -3.452666643556212E-6    11301.143011262644
6.902317034712486E-7      -3.4542906066867677E-6   11547.683998864622
1.3397225906851504E-6     -3.5591543045731105E-6   9357.166813656071
1.27377658686241E-6       -3.6705664460909287E-6   8721.822166428425
1.20783058303967E-6       -3.781978587608747E-6    8086.966405981417
1.14188457921693E-6       -3.893390729126566E-6    7452.580896178817
1.4150158107971327E-6     -3.6705138549816747E-6   8459.113899858183
1.3490698069743927E-6     -3.781925996499493E-6    7825.572055117109
1.2831238031516525E-6     -3.893338138017311E-6    7192.512151519735
1.4903090309091153E-6     -3.7818734053902384E-6   7564.176463699447
1.424363027086375E-6      -3.893285546908057E-6    6932.442190716103
1.565602251021098E-6      -3.893232955798803E-6    6672.371013767919
1.4437656587233646E-6     -4.337135763592889E-6    4123.3351403452725
1.5095346127814786E-6     -4.226146913867055E-6    4683.10594553876
1.5753035668395926E-6     -4.1151580641412185E-6   5242.592385083068
1.6410725208977066E-6     -4.004169214415384E-6    5801.794458978191
1.302526434788642E-6      -4.337188354702143E-6    4378.334884515906
1.368295388846756E-6      -4.226199504976308E-6    4936.643794278384
1.4340643429048698E-6     -4.115210655250473E-6    5515.359943693229
1.4998332969629838E-6     -4.004221805524638E-6    6093.9411863857495
1.2270561649120333E-6     -4.226252096085562E-6    5194.121616669965
1.292825118970147E-6      -4.115263246359727E-6    5772.904265268693
1.358594073028261E-6      -4.004274396633892E-6    6352.743065989138
1.1515858950354245E-6     -4.115315837468982E-6    6012.160638240752
1.2173548490935383E-6     -4.004326987743146E-6    6611.543753856755
1.0761156251588157E-6     -4.0043795788524E-6      6832.451949228278
1.7157377690730367E-6     -4.1157787864617485E-6   5066.438016535676
1.6499688150149227E-6     -4.226767636187584E-6    4526.328891230283
1.5841998609568088E-6     -4.337756485913419E-6    3985.7859413488436
1.518430906898695E-6      -4.448745335639254E-6    3444.914824970213
1.790403017248367E-6      -4.227388358508114E-6    4366.817461123561
1.7246340631902533E-6     -4.338377208233949E-6    3827.6796736384167
1.6588651091321393E-6     -4.449366057959783E-6    3288.1490898499683
1.8650682654236974E-6     -4.338997930554479E-6    3669.5891366734377
1.7992993113655837E-6     -4.449986780280313E-6    3131.3989189273234
1.9397335135990282E-6     -4.450607502600843E-6    2974.664312202277
1.7384790283223239E-6     -4.779870567648018E-6    1454.9833410875347
1.8055638567478919E-6     -4.670116212632293E-6    1962.4738657290231
1.8726486851734598E-6     -4.5603618576165684E-6   2469.004612439593
1.6651296545144477E-6     -4.6694954903117635E-6   2116.5562948100437
1.7322144829400155E-6     -4.559741135296038E-6    2624.4456117935333
1.5917802807065714E-6     -4.559120412975508E-6    2779.90200879722
-3.3188062646354375E-6    -2.3562569454979344E-6   9146.46555284824
-3.4241493748284504E-6    -2.3390388503441068E-6   8287.64474680666
-3.5294924850214634E-6    -2.321820755190279E-6    7383.789527606253
-3.634835595214477E-6     -2.3046026600364515E-6   6479.174984332378
-3.7401787054074905E-6    -2.2873845648826242E-6   5587.13091814788
-3.3590536685980517E-6    -2.426341764351639E-6    8516.038292863082
-3.4643967787910646E-6    -2.409123669197811E-6    7643.01943295128
-3.5697398889840784E-6    -2.3919055740439835E-6   6740.472927768049
-3.6750829991770913E-6    -2.3746874788901562E-6   5839.626595755382
-3.3993010725606662E-6    -2.496426583205343E-6    7887.533747360045
-3.504644182753679E-6     -2.4792084880515155E-6   7000.320798707429
-3.6099872929466925E-6    -2.4619903928976882E-6   6090.5984844805025
-3.439548476523281E-6     -2.5665114020590475E-6   7260.951916339138
-3.544891586716294E-6     -2.54929330690522E-6     6340.046584323261
-3.479795880485895E-6     -2.636596220912752E-6    6598.704337503805
-3.936151870514243E-6     -2.8525702258621956E-6   2745.7184348585306
-3.909976378738972E-6     -2.722072510864775E-6    3236.830803001397
-3.883800886963702E-6     -2.591574795867354E-6    3716.4208514893926
-3.857625395188431E-6     -2.4610770808699337E-6   4198.897382477586
-3.8314499034131595E-6    -2.3305793658725127E-6   4684.260395965963
-4.03627128521345E-6      -2.784707177169359E-6    2113.700389081545
-4.01009579343818E-6      -2.654209462171938E-6    2568.8848258120815
-3.983920301662908E-6     -2.523711747174517E-6    2975.179505181375
-3.957744809887638E-6     -2.3932140321770967E-6   3384.173043320832
-4.136390699912657E-6     -2.7168441284765216E-6   1394.082781684041
-4.110215208137386E-6     -2.586346413479101E-6    1796.2406341303385
-4.084039716362116E-6     -2.4558486984816802E-6   2200.639691338096
-4.236510114611864E-6     -2.648981079783685E-6    671.7903854226697
-4.210334622836593E-6     -2.518483364786264E-6    1020.895009765909
-4.336629529311071E-6     -2.5811180310908477E-6   -53.17679970260633
-3.5710670784915648E-6    -2.6797910219026408E-6   5749.811319741051
-3.6361627847219636E-6    -2.5924881078951087E-6   5521.4048581305615
-3.701258490952362E-6     -2.5051851938875767E-6   5281.54265276144
-3.7663541971827607E-6    -2.4178822798800447E-6   5040.082942123852
-3.662338276497234E-6     -2.7229858228925292E-6   4978.206955532138
-3.7274339827276325E-6    -2.6356829088849972E-6   4724.073318753661
-3.7925296889580318E-6    -2.5483799948774652E-6   4482.779271167165
-3.753609474502904E-6     -2.766180623882418E-6    4208.357881230557
-3.818705180733302E-6     -2.678877709874886E-6    3928.549706440681
-3.844880672508573E-6     -2.809375424872307E-6    3440.2640968363326
-4.7772605374288726E-6    -2.856683366494493E-6    -3155.7515074240346
-4.667171286055689E-6     -2.9250014507950996E-6   -2309.9101150023725
-4.557082034682506E-6     -2.9933195350957063E-6   -1467.1417930168773
-4.4469927833093234E-6    -3.0616376193963134E-6   -767.9467374497399
-4.664610326230928E-6     -2.787905791545524E-6    -2445.0757893641567
-4.554521074857745E-6     -2.856223875846131E-6    -1599.2236871025925
-4.444431823484561E-6     -2.9245419601467377E-6   -797.7020200157331
-4.5519601150329835E-6    -2.7191282165965554E-6   -1731.307088165384
-4.441870863659801E-6     -2.7874463008971625E-6   -827.2269677117838
-4.43930990383504E-6      -2.6503506416475864E-6   -856.521580537883
-4.038832245038211E-6     -2.9218028364189343E-6   1923.301501673453
-4.138951659737418E-6     -2.8539397877260973E-6   1315.0696190928538
-4.239071074436626E-6     -2.7860767390332603E-6   646.4953053576246
-4.3391904891358315E-6    -2.7182136903404234E-6   -24.727153422674746
-4.141512619562179E-6     -2.9910354469756726E-6   1225.997252342304
-4.241632034261386E-6     -2.9231723982828356E-6   570.9624500767459
-4.3417514489605935E-6    -2.855309349589999E-6    -97.69953211891698
-4.244192994086147E-6     -3.0602680575324117E-6   531.5649072717079
-4.344312408785354E-6     -2.9924050088395743E-6   -170.20973409817998
-4.346873368610116E-6     -3.12950066808915E-6     -159.99553353831334
-3.3849662876220517E-6    -2.649474678871406E-6    7268.701259461253
-3.2901366947582075E-6    -2.6623531368300596E-6   7872.657329064514
-3.195307101894364E-6     -2.6752315947887133E-6   8476.175774655698
-3.10047750903052E-6      -2.688110052747368E-6    9079.256596234793
-3.0056479161666764E-6    -2.7009885107060215E-6   9635.409903632273
-3.344718883659437E-6     -2.5793898600177016E-6   7873.292863009277
-3.249889290795593E-6     -2.5922683179763553E-6   8482.95355965201
-3.1550596979317493E-6    -2.605146775935009E-6    9092.167325455946
-3.060230105067906E-6     -2.6180252338936635E-6   9665.499519394925
-3.304471479696822E-6     -2.509305041163997E-6    8485.41566936735
-3.209641886832979E-6     -2.522183499122651E-6    9096.116178975823
-3.114812293969135E-6     -2.5350619570813046E-6   9677.96278050798
-3.2642240757342075E-6    -2.439220222310293E-6    9099.457225078124
-3.1693944828703642E-6    -2.4520986802689466E-6   9689.905581188646
-3.223976671771594E-6     -2.3691354034565886E-6   9701.327921436961
-3.130944210892172E-6     -2.342301649778441E-6    10644.28393477643
-3.0763620219909427E-6    -2.425264926590799E-6    10623.934070036337
-3.0217798330897135E-6    -2.508228203403157E-6    10603.151091849062
-2.967197644188485E-6     -2.591191480215516E-6    10604.294622155743
-3.037911750012751E-6     -2.3154678961002935E-6   11602.49084717185
-2.983329561111522E-6     -2.3984311729126515E-6   11580.415815698992
-2.9287473722102924E-6    -2.48139444972501E-6     11573.192503765546
-2.94487928913333E-6      -2.288634142422146E-6    12561.859049918558
-2.8902971002321007E-6    -2.3715974192345044E-6   12546.27401262605
-2.8518468282539087E-6    -2.261800388743999E-6    13523.53914873729
-2.8990011832194674E-6    -2.6983285909882717E-6   10346.654084005711
-2.792354450272258E-6     -2.695668671270521E-6    11025.743882232058
-2.685707717325049E-6     -2.6930087515527707E-6   11704.929700974772
-2.5790609843778393E-6    -2.6903488318350204E-6   12384.211540233851
-2.4724142514306302E-6    -2.68768891211727E-6     13028.600311582153
-2.8605509112412753E-6    -2.5885315604977653E-6   11307.11118060804
-2.753904178294066E-6     -2.585871640780015E-6    11987.667426849068
-2.6472574453468568E-6    -2.5832117210622647E-6   12668.322982819964
-2.5406107123996477E-6    -2.580551801344515E-6    13305.138300607496
-2.8221006392630833E-6    -2.4787345300072593E-6   12271.034680730456
-2.715453906315874E-6     -2.47607461028951E-6     12953.691334438645
-2.6088071733686647E-6    -2.473414690571759E-6    13620.124728968118
-2.7836503672848912E-6    -2.3689374995167537E-6   13239.146924984638
-2.677003634337682E-6     -2.366277579799004E-6    13935.393694851175
-2.7452000953066992E-6    -2.2591404690262485E-6   14250.945198256652
-2.285768680412031E-6     -2.2698300143091464E-6   17633.319104205693
-2.4006265341356975E-6    -2.2671576279884216E-6   16838.356514444942
-2.5154843878593646E-6    -2.2644852416676972E-6   15989.15806183498
-2.630342241583032E-6     -2.2618128553469725E-6   15139.853384734222
-2.3324300731666804E-6    -2.3742947387611773E-6   16470.6810673193
-2.4472879268903476E-6    -2.3716223524404525E-6   15641.35231591676
-2.562145780614015E-6     -2.368949966119728E-6    14794.170971974958
-2.3790914659213305E-6    -2.4787594632132083E-6   15312.586524939748
-2.4939493196449976E-6    -2.4760870768924835E-6   14448.966395333182
-2.42575285867598E-6      -2.583224187665239E-6    14159.035477067038
-2.349204236026279E-6     -2.6954580784234187E-6   13664.006170989327
-2.2259942206219277E-6    -2.7032272447295664E-6   14219.699875047867
-2.1027842052175767E-6    -2.710996411035715E-6    14775.15155772272
-1.9795741898132253E-6    -2.7187655773418626E-6   15330.36121901388
-1.8563641744088742E-6    -2.726534743648011E-6    15819.958825411792
-2.302542843271629E-6     -2.590993353971387E-6    14774.410119676817
-2.179332827867278E-6     -2.5987625202775354E-6   15334.738354940768
-2.0561228124629266E-6    -2.606531686583684E-6    15894.816005116998
-1.9329127970585756E-6    -2.6143008528898316E-6   16380.715223456667
-2.255881450516979E-6     -2.486528629519356E-6    15893.24598426466
-2.132671435112628E-6     -2.4942977958255045E-6   16455.092739678137
-2.009461419708277E-6     -2.502066962131653E-6    16993.815283542986
-2.209220057762329E-6     -2.382063905067325E-6    17016.550559921543
-2.086010042357978E-6     -2.3898330713734735E-6   17608.36009858917
-2.1625586650076793E-6    -2.2775991806152945E-6   18224.349668595216
-1.6233933654697884E-6    -2.3036921761594638E-6   21044.53479113069
-1.758184690354261E-6     -2.2971689272734212E-6   20431.859531734404
-1.8929760152387337E-6    -2.2906456783873787E-6   19722.91664938026
-2.0277673401232064E-6    -2.2841224295013366E-6   19013.755302316433
-1.6816360677045597E-6    -2.4094028180316003E-6   19719.784325206936
-1.8164273925890326E-6    -2.4028795691455577E-6   19051.68608541849
-1.9512187174735055E-6    -2.396356320259516E-6    18344.354455910994
-1.7398787699393312E-6    -2.5151134599037372E-6   18400.02990150461
-1.874670094823804E-6     -2.508590211017695E-6    17676.662033742952
-1.7981214721741027E-6    -2.620824101775874E-6    17085.271520023714
-2.5659775447479724E-7    -2.3342720074494975E-6   23838.21153681032
-3.9277250457807714E-7    -2.3319829604497727E-6   23851.14974661375
-5.289472546813571E-7     -2.329693913450048E-6    23743.62162401775
-6.651220047846371E-7     -2.327404866450323E-6    23636.083374087553
-8.01296754887917E-7      -2.325115819450598E-6    23413.185747119587
-3.147004780874711E-7     -2.4443504393002094E-6   22546.067845744667
-4.50875228190751E-7      -2.4420613923004845E-6   22488.40185123311
-5.87049978294031E-7      -2.4397723453007597E-6   22381.068877636644
-7.232247283973109E-7     -2.437483298301035E-6    22228.91227605692
-3.7280320170014496E-7    -2.5544288711509212E-6   21258.324736961247
-5.089779518034248E-7     -2.5521398241511964E-6   21130.305016432514
-6.451527019067048E-7     -2.5498507771514715E-6   21048.611092881856
-4.309059253128189E-7     -2.664507303001633E-6    19974.982210460075
-5.670806754160988E-7     -2.662218256001908E-6    19872.282197594417
-4.890086489254927E-7     -2.774585734852345E-6    18759.887198218097
-3.5057841500325835E-7    -2.778016059694167E-6    18782.046613587554
-2.1214818108102386E-7    -2.7814463845359896E-6   18702.188515072983
-7.371794715878953E-8     -2.7848767093778118E-6   18622.34370840997
6.471228676344491E-8      -2.788307034219634E-6    18542.51219359852
-2.9247569139058444E-7    -2.6679376278434556E-6   19987.92387382935
-1.5404545746835E-7       -2.6713679526852778E-6   19909.68856344928
-1.5615223546115625E-8    -2.6747982775271E-6      19831.46669930474
-2.3437296777791052E-7    -2.5578591959927434E-6   21200.687596204123
-9.594273385567615E-8     -2.561289520834566E-6    21122.17187841652
-1.7627024416523666E-7    -2.447780764142032E-6    22417.60142256329
-1.7211456546186739E-6    -2.7327552974487363E-6   16316.7963707485
-1.5859271348284735E-6    -2.738975851249462E-6    16719.68176285655
-1.450708615038273E-6     -2.745196405050187E-6    17122.42532503597
-1.3154900952480723E-6    -2.7514169588509127E-6   17525.02705728676
-1.180271575457872E-6     -2.757637512651638E-6    17838.725676412392
-1.6629029523839023E-6    -2.6270446555765998E-6   17566.97995518691
-1.5276844325937018E-6    -2.633265209377325E-6    17973.948040512936
-1.3924659128035014E-6    -2.63948576317805E-6     18380.76926021315
-1.257247393013301E-6     -2.6457063169787758E-6   18698.855673689264
-1.6046602501491308E-6    -2.5213340137044624E-6   18826.116224084777
-1.4694417303589305E-6    -2.527554567505188E-6    19234.189725228644
-1.3342232105687299E-6    -2.5337751213059136E-6   19617.046022478866
-1.546417547914359E-6     -2.415623371832326E-6    20090.095182785088
-1.4111990281241587E-6    -2.4218439256330515E-6   20538.005677116045
-1.4881748456795878E-6    -2.309912729960189E-6    21461.73463760083
-1.1200910166420022E-6    -2.6486596782413428E-6   19134.87169245367
-1.0599104578261323E-6    -2.5396818438310472E-6   20492.565344746286
-9.997298990102627E-7     -2.430704009420752E-6    21855.228176917743
-9.395493401943928E-7     -2.3217261750104565E-6   23222.860188968047
-1.1970668341974312E-6    -2.53672848256848E-6     20032.861024957074
-1.1368862753815614E-6    -2.427750648158185E-6    21460.63543538306
-1.0767057165656916E-6    -2.3187728137478895E-6   22893.590964368937
-1.27404265175286E-6      -2.424797286895618E-6    21018.716264919683
-1.2138620929369905E-6    -2.315819452485323E-6    22450.637964188223
-1.351018469308289E-6     -2.312866091222756E-6    22007.625124036487
-8.614773137037867E-7     -2.4340936538608937E-6   21996.048451088973
-9.216578725196565E-7     -2.5430714882711888E-6   20699.017645959742
-9.818384313355263E-7     -2.652049322681484E-6    19406.74408202828
-1.0420189901513961E-6    -2.7610271570917795E-6   18121.792481945256
-7.834052872131806E-7     -2.54646113271133E-6     20886.55458934897
-8.435858460290504E-7     -2.655438967121625E-6    19593.76764448787
-9.037664048449203E-7     -2.7644168015319206E-6   18306.50218005458
-7.053332607225746E-7     -2.658828611561767E-6    19780.75466813737
-7.655138195384444E-7     -2.767806445972062E-6    18491.176738748567
-6.272612342319685E-7     -2.7711960904122033E-6   18675.816158027228
-4.7670318095001144E-6    -3.5748939831905673E-6   -1995.6977631448312
-4.644152870373412E-6     -3.6528984535091003E-6   -1391.3831833942613
-4.521273931246709E-6     -3.730902923827633E-6    -790.3154357994313
-4.3983949921200065E-6    -3.808907394146167E-6    -345.61753468953475
-4.65694255812693E-6      -3.5003549246340304E-6   -1592.8690352995618
-4.5340636190002285E-6    -3.5783593949525637E-6   -988.4313917290601
-4.411184679873526E-6     -3.656363865271097E-6    -443.2516748417802
-4.546853306753748E-6     -3.4258158660774942E-6   -1187.3107466956717
-4.423974367627045E-6     -3.5038203363960276E-6   -541.4541043239806
-4.436764055380565E-6     -3.351276807520958E-6    -640.2248231361377
-4.517890486566217E-6     -4.440591288034593E-6    -347.5165250589116
-4.484819191016284E-6     -4.3208061967812534E-6   -342.35472731765503
-4.451747895466352E-6     -4.201021105527914E-6    -336.02802338112224
-4.418676599916419E-6     -4.081236014274575E-6    -328.5364132492973
-4.6076981301429865E-6    -4.385658869319863E-6    -582.9982311677359
-4.5746268345930534E-6    -4.265873778066524E-6    -617.2929700216328
-4.541555539043121E-6     -4.1460886868131845E-6   -650.4666855276055
-4.697505773719756E-6     -4.330726450605133E-6    -842.8470182449596
-4.664434478169825E-6     -4.210941359351794E-6    -878.5052884409188
-4.7873134172965265E-6    -4.275794031890404E-6    -1104.182171022133
-9.005849653957945E-8     -3.335314792976253E-6    13325.248819066817
-3.141829309452771E-8     -3.2265993061932937E-6   14282.187842692525
2.7221910350524046E-8     -3.117883819410334E-6    15287.656293753045
8.586211379557579E-8      -3.009168332627375E-6    16295.876970999809
1.4450231724062755E-7     -2.9004528458444156E-6   17306.849874432824
-1.698485270167621E-7     -3.2231689813514716E-6   14362.357968983688
-1.1120832357171036E-7    -3.114453494568512E-6    15352.079806646088
-5.2568120126658607E-8    -3.0057380077855525E-6   16411.596303235823
6.072083318393133E-9      -2.8970225210025934E-6   17474.08253501015
-2.496385574939448E-7     -3.11102316972669E-6     15447.66577379559
-1.90998354048893E-7      -3.00230768294373E-6     16492.82125874544
-1.3235815060384128E-7    -2.893592196160771E-6    17555.562522325687
-3.2942858797112737E-7    -2.9988773581019082E-6   16536.24219565605
-2.707883845260756E-7     -2.8901618713189487E-6   17637.055647108773
-4.092186184483101E-7     -2.886731546477126E-6    17628.08723456507
2.2639947120719347E-7     -3.0110058596920253E-6   16106.293128845558
1.677592677621417E-7      -3.119721346474985E-6    15149.659772916282
1.0911906431708997E-7     -3.228436833257944E-6    14195.56113417488
5.047886087203823E-8      -3.3371523200409035E-6   13245.009970747586
3.082966251737594E-7      -3.121558873539635E-6    14995.147729818334
2.4965642172870765E-7     -3.2302743603225946E-6   14041.595624857368
1.9101621828365592E-7     -3.3389898471055537E-6   13090.869458148112
3.901937791403253E-7      -3.232111887387245E-6    13887.647866621752
3.315535756952735E-7      -3.3408273741702043E-6   12936.746334949747
4.7209093310689125E-7     -3.3426649012348545E-6   12782.640601152485
2.984689032319428E-7      -3.891615178221725E-6    8442.237759760974
3.61300780689256E-7       -3.7821926282372814E-6   9231.792629389947
4.241326581465693E-7      -3.672770078252837E-6    10054.36637039358
4.869645356038825E-7      -3.5633475282683933E-6   10878.401225614421
5.497964130611957E-7      -3.4539249782839486E-6   11703.897195052472
2.2076342327763837E-7     -3.780355101172631E-6    9384.024742148622
2.8359530073495156E-7     -3.670932551188187E-6    10198.598683219405
3.4642717819226477E-7     -3.5615100012037422E-6   11057.908284125282
4.0925905564957793E-7     -3.4520874512192984E-6   11918.871277401857
1.430579433233339E-7      -3.6690950241235363E-6   10359.111910612366
2.0588982078064715E-7     -3.559672474139092E-6    11211.694532536918
2.6872169823796036E-7     -3.4502499241546477E-6   12073.178398718313
6.535246336902947E-8      -3.5578349470744422E-6   11336.728675612221
1.2818434082634268E-7     -3.4484123970899975E-6   12227.502547755043
-1.2353016585275014E-8    -3.4465748700253473E-6   12316.875037148191
6.273998260139353E-7      -3.563713156671212E-6    10696.075924727098
5.64567948556622E-7       -3.6731357066556558E-6   9907.55220859906
5.017360710993089E-7      -3.7825582566401E-6      9120.297328534733
4.389041936419957E-7      -3.891980806624544E-6    8334.44473946725
7.050032389666749E-7      -3.6735013350584744E-6   9751.727058390245
6.421713615093617E-7      -3.7829238850429187E-6   8965.229444638508
5.793394840520486E-7      -3.8923464350273625E-6   8180.043390943669
7.826066519194145E-7      -3.7832895134457378E-6   8810.166607288691
7.197747744621013E-7      -3.892712063430182E-6    8025.647001790487
8.602100648721543E-7      -3.893077691833001E-6    7871.255572007696
7.41889398562251E-7       -4.33573429926006E-6     4807.448823117077
8.0657838774224E-7        -4.225161554504E-6       5519.285455287065
8.71267376922229E-7       -4.11458880974794E-6     6231.490536033463
9.359563661022181E-7      -4.00401606499188E-6     6944.064065356272
6.014541081521981E-7      -4.3353686708572415E-6   4958.61391621422
6.661430973321871E-7      -4.224795926101181E-6    5669.197597143327
7.30832086512176E-7       -4.114223181345121E-6    6402.636195105122
7.955210756921651E-7      -4.00365043658906E-6     7136.6091869216625
5.257078069221342E-7      -4.224430297698362E-6    5822.829454535167
5.903967961021232E-7      -4.113857552942302E-6    6555.643322045506
6.550857852821122E-7      -4.003284808186242E-6    7290.353917929244
4.4996150569207043E-7     -4.113491924539483E-6    6688.903861737044
5.146504948720594E-7      -4.002919179783423E-6    7444.103521131181
3.742152044620066E-7      -4.002553551380604E-6    7556.837137819857
1.0114266359788267E-6     -4.1149523236084606E-6   6103.607356911045
9.467376467988376E-7      -4.22552506836452E-6     5412.856568652236
8.820486576188486E-7      -4.3360978131205805E-6   4722.308283691502
8.173596684388596E-7      -4.446670557876642E-6    4032.030184747319
1.0868969058554353E-6     -4.225888582225041E-6    5304.081472453694
1.0222079166754466E-6     -4.336461326981102E-6    4614.4915668323465
9.575189274954574E-7      -4.447034071737162E-6    3925.126807930957
1.1623671757320441E-6     -4.336824840841622E-6    4506.681149232038
1.0976781865520552E-6     -4.4473975855976825E-6   3818.229671425683
1.237837445608653E-6      -4.447761099458204E-6    3711.338775231497
1.0391471093431706E-6     -4.778886331466968E-6    1737.609834323793
1.1053772214316646E-6     -4.668511254130712E-6    2395.958668466993
1.1716073335201587E-6     -4.558136176794458E-6    3053.8457780980298
9.652179623750669E-7      -4.668147740270192E-6    2501.0193719799736
1.031448074463561E-6      -4.557772662933938E-6    3159.8441565476737
8.912888154069633E-7      -4.557409149073416E-6    3265.848716360637
-3.4624279227510408E-6    -2.736738268198668E-6    6339.838055712744
-3.55369912075671E-6      -2.779933069188557E-6    5554.605464623679
-3.644970318762379E-6     -2.8231278701784455E-6   4809.358517436356
-3.736241516768049E-6     -2.866322671168334E-6    4065.8142229997848
-3.827512714773719E-6     -2.9095174721582233E-6   3382.830769694627
-3.4450599650161866E-6    -2.8368803154845843E-6   6098.422345121281
-3.536331163021855E-6     -2.880075116474473E-6    5369.667665417368
-3.6276023610275254E-6    -2.9232699174643617E-6   4626.482802301025
-3.718873559033195E-6     -2.9664647184542507E-6   3910.1148567350556
-3.4276920072813315E-6    -2.9370223627705006E-6   5857.532320957442
-3.518963205287001E-6     -2.9802171637603895E-6   5185.139683631932
-3.6102344032926708E-6    -3.0234119647502784E-6   4435.402673418133
-3.4103240495464774E-6    -3.037164410056417E-6    5617.16798322123
-3.501595247552147E-6     -3.0803592110463057E-6   4958.694219743866
-3.392956091811623E-6     -3.137306457342333E-6    5378.849920162321
-3.367598329887197E-6     -2.749616726157322E-6    6976.216588985624
-3.3502303721523425E-6    -2.8497587734432384E-6   6678.761020487005
-3.332862414417488E-6     -2.9499008207291547E-6   6381.947007422755
-3.315494456682634E-6     -3.050042868015071E-6    6164.203182586577
-3.2727687370233534E-6    -2.762495184115976E-6    7573.883813922159
-3.255400779288499E-6     -2.862637231401892E-6    7274.804214830561
-3.238032821553644E-6     -2.962779278687809E-6    7014.563567224038
-3.1779391441595092E-6    -2.77537364207463E-6     8171.122721673335
-3.160571186424655E-6     -2.875515689360546E-6    7868.325432797367
-3.083109551295666E-6     -2.788252100033284E-6    8725.488779306546
-3.86193755623269E-6      -3.5091387383859964E-6   2090.774930766113
-3.979460793612968E-6     -3.4470576464379748E-6   1635.688995634216
-4.0969840309932476E-6    -3.384976554489953E-6    1077.5740522683989
-4.214507268373526E-6     -3.3228954625419315E-6   517.0072099623003
-4.332030505753805E-6     -3.2608143705939103E-6   -46.01153128408396
-3.96667110585945E-6      -3.5996011753130447E-6   1506.5919670109956
-4.084194343239728E-6     -3.5375200833650226E-6   1055.2992631916786
-4.201717580620007E-6     -3.4754389914170006E-6   538.8042496574762
-4.319240818000285E-6     -3.4133578994689793E-6   19.89557894720747
-4.071404655486209E-6     -3.690063612240092E-6    1032.4500564566333
-4.188927892866487E-6     -3.6279825202920705E-6   533.9901996465123
-4.306451130246767E-6     -3.5659014283440492E-6   18.122843739924065
-4.176138205112968E-6     -3.7805260491671404E-6   561.5590181334524
-4.2936614424932465E-6    -3.7184449572191183E-6   15.976928909705748
-4.280871754739728E-6     -3.870988486094188E-6    93.91885204146092
-3.921309007657932E-6     -2.983883928366956E-6    2602.176431649913
-4.0239893821819E-6       -3.053116538923694E-6    1821.9833280085404
-4.126669756705868E-6     -3.122349149480433E-6    1174.0739959591938
-4.229350131229837E-6     -3.191581760037171E-6    528.9734875897702
-3.906466144801622E-6     -3.115197630871716E-6    2472.0054150996966
-4.0091465193255895E-6    -3.184430241428454E-6    1778.4198081833183
-4.111826893849558E-6     -3.2536628519851932E-6   1133.1901421912398
-3.891623281945311E-6     -3.246511333376476E-6    2342.073444960328
-3.994303656469279E-6     -3.3157439439332144E-6   1734.9166560882131
-3.876780419089E-6        -3.377825035881236E-6    2212.3805212318193
-3.4867523846958366E-6    -3.2116729135510657E-6   4631.819497579367
-3.59539154043636E-6      -3.1547256672550383E-6   4205.692216049672
-3.704030696176884E-6     -3.0977784209590106E-6   3716.3261132981515
-3.812669851917408E-6     -3.040831174662983E-6    3224.979167802263
-3.5805486775800496E-6    -3.2860393697597982E-6   3970.5913541786445
-3.6891878333205736E-6    -3.2290921234637705E-6   3497.8408301532054
-3.7978269890610976E-6    -3.1721448771677436E-6   3008.6871026208228
-3.674344970464263E-6     -3.360405825968531E-6    3312.1136530463455
-3.782984126204787E-6     -3.303458579672503E-6    2792.8127625309617
-3.7681412633484764E-6    -3.434772282177264E-6    2656.3863941825016
-2.954440656584967E-6     -2.8096467828464043E-6   9289.189574913806
-3.031902291713956E-6     -2.896910372173666E-6    8427.253502439857
-3.109363926842945E-6     -2.984173961500928E-6    7612.504390075092
-3.1868255619719343E-6    -3.0714375508281907E-6   6801.096940147068
-3.2642871971009243E-6    -3.1587011401554532E-6   6010.516698146244
-2.903233397003257E-6     -2.918305054986786E-6    8993.75505770872
-2.9806950321322463E-6    -3.0055686443140483E-6   8171.420139597789
-3.0581566672612362E-6    -3.0928322336413104E-6   7358.734387636236
-3.1356183023902253E-6    -3.1800958229685734E-6   6556.798914146876
-2.8520261374215478E-6    -3.026963327127169E-6    8698.445997683097
-2.929487772550537E-6     -3.1142269164544306E-6   7915.54415784774
-3.0069494076795264E-6    -3.201490505781693E-6    7102.268993327693
-2.800818877839838E-6     -3.135621599267551E-6    8403.262394836926
-2.8782805129688275E-6    -3.2228851885948134E-6   7646.926935688682
-2.7496116182581285E-6    -3.244279871407933E-6    8113.895939328908
-2.8477939236377575E-6    -2.8069868631286536E-6   10010.768259684839
-2.7965866640560477E-6    -2.915645135269036E-6    9675.898309242559
-2.7453794044743383E-6    -3.0243034074094182E-6   9341.321892067179
-2.694172144892629E-6     -3.132961679549801E-6    9057.69312378738
-2.741147190690548E-6     -2.804326943410903E-6    10688.594378086289
-2.689939931108839E-6     -2.9129852155512856E-6   10351.826788366627
-2.6387326715271292E-6    -3.0216434876916684E-6   10033.932719272103
-2.634500457743339E-6     -2.8016670236931526E-6   11366.51322779059
-2.5832931981616296E-6    -2.9103252958335353E-6   11014.27974370746
-2.52785372479613E-6      -2.799007103975403E-6    11998.734197093458
-2.625709078258225E-6     -3.2516822029549277E-6   8627.750183737622
-2.501806538258321E-6     -3.259084534501922E-6    9081.396901407314
-2.3779039982584175E-6    -3.2664868660489166E-6   9534.814589798656
-2.2540014582585135E-6    -3.2738891975959108E-6   9988.003248911647
-2.13009891825861E-6      -3.2812915291429054E-6   10385.336748834174
-2.570269604892725E-6     -3.140364011096795E-6    9566.241410678345
-2.4463670648928214E-6    -3.1477663426437893E-6   10023.900489165588
-2.322464524892918E-6     -3.1551686741907835E-6   10481.32447487778
-2.1985619848930143E-6    -3.1625710057377786E-6   10881.14667699271
-2.5148301315272257E-6    -3.029045819238662E-6    10512.040469346404
-2.390927591527322E-6     -3.0364481507856567E-6   10971.33313928742
-2.267025051527418E-6     -3.0438504823326514E-6   11412.770296023195
-2.459390658161726E-6     -2.9177276273805295E-6   11461.872842791205
-2.335488118161822E-6     -2.925129958927524E-6    11945.150991373905
-2.4039511847962264E-6    -2.8064094355223974E-6   12478.288763044853
-1.9111111231788214E-6    -2.83748610074699E-6     14683.206696116464
-2.034321138583173E-6     -2.8297169344408417E-6   14193.317382308858
-2.157531153987524E-6     -2.821947768134693E-6    13642.7247109112
-2.280741169391875E-6     -2.814178601828545E-6    13091.898581833895
-1.9658580719487685E-6    -2.948437457845969E-6    13593.49586144419
-2.0890680873531196E-6    -2.940668291539821E-6    13065.885466545416
-2.212278102757471E-6     -2.9328991252336723E-6   12516.810901393445
-2.0206050207187157E-6    -3.0593888149449476E-6   12507.914905176587
-2.1438150361230667E-6    -3.051619648638799E-6    11942.706334499288
-2.075351969488663E-6     -3.1703401720439267E-6   11426.463827313659
-1.9976813739458085E-6    -3.286333409312831E-6    10801.309002121714
-1.8652638296330071E-6    -3.2913752894827563E-6   11153.900747497075
-1.7328462853202054E-6    -3.2964171696526815E-6   11506.369682645607
-1.600428741007404E-6     -3.3014590498226075E-6   11858.71580756731
-1.4680111966946025E-6    -3.3065009299925328E-6   12151.76611951639
-1.9429344251758613E-6    -3.175382052213852E-6    11838.990558981006
-1.8105168808630598E-6    -3.1804239323837776E-6   12194.51190937555
-1.6780993365502582E-6    -3.185465812553703E-6    12549.906824659487
-1.5456817922374571E-6    -3.190507692723629E-6    12845.785798898742
-1.8881874764059141E-6    -3.064430695114873E-6    12882.74837946834
-1.7557699320931126E-6    -3.069472575284799E-6    13239.569849198817
-1.623352387780311E-6     -3.074514455454724E-6    13581.80843154297
-1.833440527635967E-6     -2.9534793380158946E-6   13930.513173047662
-1.7010229833231657E-6    -2.9585212181858198E-6   14319.358082032892
-1.77869357886602E-6      -2.8425279809169154E-6   15058.43475036851
-1.2378194997052182E-6    -2.867410196119817E-6    16651.217555207146
-1.3730380194954185E-6    -2.8611896423190914E-6   16330.62543371534
-1.5082565392856191E-6    -2.8549690885183662E-6   15932.08193704769
-1.6434750590758195E-6    -2.848748534717641E-6    15533.401646148573
-1.2953674239525644E-6    -2.977182879587996E-6    15510.666348610295
-1.4305859437427647E-6    -2.9709623257872706E-6   15145.123130363787
-1.565804463532965E-6     -2.964741771986545E-6    14747.670663273479
-1.3529153481999103E-6    -3.0869555630561745E-6   14374.0411342788
-1.4881338679901107E-6    -3.0807350092554493E-6   13963.713416780209
-1.4104632724472565E-6    -3.196728246524354E-6    13241.341912212658
-1.3312379170979707E-6    -3.3098964657121206E-6   12425.172365731116
-1.1944646375013382E-6    -3.3132920014317075E-6   12629.521127231084
-1.057691357904706E-6     -3.3166875371512953E-6   12833.820989377866
-9.209180783080739E-7     -3.320083072870883E-6    13038.07195217145
-7.841447987114418E-7     -3.3234786085904704E-6   13175.324316477236
-1.273689992850624E-6     -3.200123782243941E-6    13507.533453721171
-1.136916713253992E-6     -3.2035193179635288E-6   13713.862538222364
-1.00014343365736E-6      -3.2069148536831157E-6   13920.141171260093
-8.633701540607278E-7     -3.210310389402704E-6    14061.694328103102
-1.216142068603278E-6     -3.0903510987757623E-6   14595.281111718006
-1.079368789006646E-6     -3.09374663449535E-6     14802.36756347665
-9.425955094100139E-7     -3.097142170214937E-6    14994.25058718538
-1.1585941443559319E-6    -2.980578415307583E-6    15686.788164477523
-1.0218208647592998E-6    -2.983973951027171E-6    15929.24409379368
-1.1010462201085859E-6    -2.8708057318394044E-6   16866.674847928025
-7.25117568754252E-7      -3.2137000338428455E-6   14242.143953196322
-6.660903387970622E-7     -3.10392145909522E-6     15355.824924884
-6.070631088398723E-7     -2.994142884347595E-6    16472.997589998184
-5.480358788826826E-7     -2.88436430959997E-6     17593.66194853888
-8.043429241035381E-7     -3.1005318146550786E-6   15160.471296639715
-7.453156941463481E-7     -2.990753239907453E-6    16327.616015267069
-6.862884641891583E-7     -2.8809746651598283E-6   17498.453459253906
-8.83568279452824E-7      -2.987363595467312E-6    16145.752979690717
-8.245410494956343E-7     -2.877585020719687E-6    17316.10107414199
-9.6279363480211E-7       -2.8741953762795455E-6   17133.714949009434
-4.6824584840549987E-7    -2.996510121224752E-6    16467.490803493878
-5.272730783626896E-7     -3.106288695972377E-6    15400.659708710591
-5.863003083198795E-7     -3.216067270720002E-6    14337.11927542081
-6.453275382770694E-7     -3.325845845467627E-6    13278.145436671824
-3.884558179283172E-7     -3.1086559328495328E-6   15431.474112088352
-4.47483047885507E-7      -3.2184345075971585E-6   14367.813846080731
-5.065102778426969E-7     -3.3282130823447835E-6   13307.799614993874
-3.0866578745113455E-7    -3.220801744474315E-6    14398.501718515927
-3.676930174083244E-7     -3.3305803192219398E-6   13337.447409016248
-2.2887575697395192E-7    -3.3329475560990965E-6   13367.088818738943
-3.7885461220616933E-6    -4.077002310592382E-6    1415.1676516083257
-3.8032244088958927E-6    -3.963429596151105E-6    1531.7209958176877
-3.817902695730091E-6     -3.849856881709828E-6    1668.2187848301942
-3.832580982564291E-6     -3.7362841672685505E-6   1804.6917443066673
-3.84725926939849E-6      -3.6227114528272735E-6   1941.1398742471054
-3.907957958522652E-6     -4.053892033078153E-6    1145.3274999867253
-3.922636245356851E-6     -3.940319318636876E-6    1224.8804775366425
-3.93731453219105E-6      -3.826746604195598E-6    1297.9757232571078
-3.95199281902525E-6      -3.713173889754321E-6    1370.9500022356183
-4.027369794983611E-6     -4.030781755563924E-6    804.4019356141439
-4.04204808181781E-6      -3.917209041122647E-6    875.5572418346051
-4.056726368652009E-6     -3.803636326681369E-6    946.5672115563957
-4.146781631444569E-6     -4.0076714780496944E-6   462.6435129615212
-4.161459918278769E-6     -3.8940987636084165E-6   525.390372531178
-4.266193467905528E-6     -3.984561200535465E-6    120.05223202884758
-4.450417011097079E-6     -4.553853682849065E-6    -263.0433223098064
-4.349872240078008E-6     -4.547330986410198E-6    -115.40271790397134
-4.249327469058938E-6     -4.540808289971331E-6    32.42858904483472
-4.148782698039868E-6     -4.534285593532465E-6    180.45059853661462
-4.417345715547146E-6     -4.434068591595726E-6    -220.93083373454647
-4.316800944528075E-6     -4.427545895156858E-6    -71.27203963925786
-4.216256173509006E-6     -4.421023198717992E-6    78.57914195851117
-4.1157114024899365E-6    -4.4145005022791255E-6   229.61964640916358
-4.384274419997214E-6     -4.314283500342386E-6    -175.87658357283362
-4.283729648978144E-6     -4.30776080390352E-6     -24.41834231016037
-4.1831848779590735E-6    -4.301238107464653E-6    126.13860221195955
-4.3512031244472815E-6    -4.194498409089048E-6    -129.61354436846887
-4.250658353428211E-6     -4.18797571265018E-6     20.49833531850618
-4.31813182889735E-6      -4.074713317835709E-6    -87.3011542711929
-3.840484483053514E-6     -4.167154427892626E-6    1229.925484699183
-3.959896319514473E-6     -4.144044150378396E-6    909.6188509347444
-4.079308155975432E-6     -4.120933872864167E-6    576.4144527748876
-4.19871999243639E-6      -4.097823595349937E-6    242.38797165633332
-3.892422844045335E-6     -4.257306545192869E-6    1000.9555704049908
-4.0118346805062935E-6    -4.234196267678639E-6    681.7658640899738
-4.131246516967253E-6     -4.21108599016441E-6     349.9702368120561
-3.944361205037156E-6     -4.347458662493112E-6    773.5015914356254
-4.0637730414981146E-6    -4.324348384978882E-6    455.4317743649108
-3.996299566028977E-6     -4.437610779793355E-6    547.5635477911082
-4.42184855376546E-6      -4.6417784069914775E-6   -211.14523550990862
-4.3932800964338415E-6    -4.72970313113389E-6     -161.70040821409202
-4.364711639102223E-6     -4.817627855276304E-6    -112.9758678785405
-4.321303782746389E-6     -4.635255710552611E-6    -64.97061715876134
-4.292735325414771E-6     -4.723180434695024E-6    -16.77303339555783
-4.220759011727319E-6     -4.628733014113744E-6    81.39301877585058
-3.968212462141754E-7     -3.885559780588328E-6    8653.334930194384
-3.3546869627925623E-7    -3.775510783065913E-6    9552.513743715745
-2.74116146344337E-7      -3.6654617855434975E-6   10485.197159379339
-2.1276359640941782E-7    -3.5554127880210827E-6   11420.04930785324
-1.5141104647449863E-7    -3.445363790498668E-6    12357.07018913746
-4.742859567136287E-7     -3.7731435461887563E-6   9523.837976399605
-4.129334067787095E-7     -3.663094548666341E-6    10448.511007989406
-3.5158085684379025E-7    -3.553045551143926E-6    11418.519654274683
-2.902283069088711E-7     -3.4429965536215113E-6   12390.88398984529
-5.51750667213082E-7      -3.660727311789185E-6    10427.941809860742
-4.903981172781627E-7     -3.5506783142667693E-6   11390.029705527942
-4.290455673432436E-7     -3.4406293167443545E-6   12362.278276495563
-6.292153777125353E-7     -3.548311077389613E-6    11333.960801428637
-5.678628277776161E-7     -3.438262079867198E-6    12333.666492771166
-7.066800882119886E-7     -3.435894842990042E-6    12241.894951103302
-7.370556652019418E-8     -3.5566238675477625E-6   11350.525443605993
-1.3505811645511338E-7    -3.6666728650701772E-6   10451.126313762943
-1.964106663900326E-7     -3.776721862592592E-6    9553.708960255168
-2.5776321632495177E-7    -3.886770860115007E-6    8658.71169047843
3.999913434110273E-9      -3.667883944596857E-6    10408.741168929057
-5.735263650080892E-8     -3.7779329421192717E-6   9511.504571637772
-1.1870518643572811E-7    -3.8879819396416864E-6   8616.379185522499
8.170539338841471E-8      -3.779144021645951E-6    9469.303921423714
2.035284345349552E-8      -3.889193019168367E-6    8574.050401106755
1.5941087334271918E-7     -3.890404098695046E-6    8531.725337231197
4.819967154672276E-8      -4.333470158855395E-6    5161.37601666005
1.1076697946802778E-7     -4.223006413696978E-6    5976.139033760356
1.7333428738933278E-7     -4.11254266853856E-6     6791.8965469672385
2.359015953106378E-7      -4.0020789233801425E-6   7608.648556280699
-9.085835834250088E-8     -4.332259079328716E-6    5203.274195282578
-2.829105042119587E-8     -4.221795334170299E-6    6016.236023445486
3.427625750010915E-8      -4.1113315890118805E-6   6853.405427724205
9.684356542141414E-8      -4.000867843853463E-6    7691.739077699842
-1.6734908031041952E-7    -4.2205842546436186E-6   6060.266660011488
-1.047817723891145E-7     -4.110120509485201E-6    6895.688910782255
-4.221446446780948E-8     -3.999656764326784E-6    7734.197805307325
-2.4383980227833816E-7    -4.108909429958522E-6    6918.601635157343
-1.8127249435703312E-7    -3.998445684800104E-6    7776.660235591817
-3.203305242462568E-7     -3.9972346052734244E-6   7778.27912072015
3.116478965407016E-7      -4.113017296539022E-6    6720.908052741844
2.490805886193966E-7      -4.223481041697439E-6    5926.824572887697
1.8651328069809158E-7     -4.333944786855856E-6    5133.565839549779
1.239459727767866E-7      -4.444408532014274E-6    4341.218416441845
3.873941977707654E-7      -4.223955669697901E-6    5875.506309270029
3.248268898494604E-7      -4.334419414856318E-6    5082.684962762447
2.6225958192815545E-7     -4.444883160014736E-6    4290.713214855497
4.631404990008292E-7      -4.33489404285678E-6     5031.807829376572
4.005731910795242E-7      -4.445357788015197E-6    4240.211733388782
5.388868002308932E-7      -4.44583241601566E-6     4189.7139720417
3.419357834460933E-7      -4.778048189605985E-6    1902.1047148624716
4.075861223743599E-7      -4.66730959840921E-6     2664.53606554414
4.7323646130262644E-7     -4.556571007212434E-6    3427.039604263957
2.6927251322299104E-7     -4.666834970408748E-6    2714.2327420599936
3.3492285215125764E-7     -4.5560963792119725E-6   3477.1677022919307
1.9660924299988882E-7     -4.555621751211512E-6    3527.2994971577004
-3.674530912446302E-6     -4.027653211388119E-6    1799.9204664328763
-3.560515702830911E-6     -3.978304112183856E-6    2273.1221290300773
-3.44650049321552E-6      -3.9289550129795935E-6   2748.08348690611
-3.3324852836001287E-6    -3.879605913775331E-6    3224.804540060989
-3.2184700739847376E-6    -3.830256814571068E-6    3755.1721602036196
-3.689209199280501E-6     -3.914080496946842E-6    1984.6856914645832
-3.57519398966511E-6      -3.864731397742579E-6    2481.0905051053514
-3.461178780049719E-6     -3.815382298538316E-6    2979.2963529203907
-3.347163570434328E-6     -3.7660331993340536E-6   3543.7073233461288
-3.7038874861147005E-6    -3.8005077825055643E-6   2184.5887026654527
-3.5898722764993093E-6    -3.7511586833013022E-6   2683.0814712012198
-3.475857066883918E-6     -3.7018095840970394E-6   3212.5977272137884
-3.7185657729489E-6       -3.6869350680642872E-6   2384.5630215362035
-3.6045505633335087E-6    -3.6375859688600248E-6   2879.178874376588
-3.7332440597830993E-6    -3.573362353623011E-6    2543.4507648345384
-3.358058888246246E-6     -3.27589652878808E-6     5021.016704714005
-3.451855181130459E-6     -3.3502629849968124E-6   4329.9573190686715
-3.5456514740146725E-6    -3.424629441205545E-6    3718.0582736472134
-3.639447766898886E-6     -3.4989958974142776E-6   3108.8367944883976
-3.323161684680869E-6     -3.414486600233827E-6    4702.917505412632
-3.416957977565082E-6     -3.4888530564425596E-6   4089.3475678377035
-3.5107542704492958E-6    -3.563219512651292E-6    3479.94200268064
-3.288264481115492E-6     -3.5530766716795738E-6   4385.018387985603
-3.382060773999705E-6     -3.6274431278883064E-6   3848.7322654089958
-3.2533672775501147E-6    -3.691666743125321E-6    4067.3193524329254
-3.2293899935355467E-6    -3.2972912116012E-6      5631.952589052582
-3.1944927899701696E-6    -3.4358812830469468E-6   5236.308649414905
-3.1595955864047925E-6    -3.574471354492694E-6    4841.070424723658
-3.1246983828394158E-6    -3.713061425938441E-6    4527.4665253561725
-3.100721098824848E-6     -3.31868589441432E-6     6165.609103067939
-3.065823895259471E-6     -3.457275965860067E-6    5767.416390899969
-3.030926691694094E-6     -3.5958660373058137E-6   5403.620509249904
-2.9720522041141493E-6    -3.34008057722744E-6     6698.469020721304
-2.937155000548772E-6     -3.478670648673187E-6    6284.362271659614
-2.8433833094034503E-6    -3.3614752600405606E-6   7169.691812585279
-2.69243667784453E-6      -3.365460587810573E-6    7620.982514193523
-2.786208368989852E-6     -3.4826559764431995E-6   6706.18198090799
-2.8799800601351734E-6    -3.5998513650758265E-6   5870.561038299022
-2.973751751280495E-6     -3.717046753708453E-6    5039.40898907696
-3.0675234424258174E-6    -3.834242142341081E-6    4214.115778809488
-2.635261737430932E-6     -3.4866413042132123E-6   7176.655232711657
-2.7290334285762536E-6    -3.603836692845839E-6    6303.353239755084
-2.8228051197215754E-6    -3.721032081478466E-6    5469.965630398853
-2.9165768108668972E-6    -3.8382274701110925E-6   4641.6142420918695
-2.5780867970173335E-6    -3.6078220206158517E-6   6732.3722750579545
-2.671858488162655E-6     -3.7250174092484782E-6   5900.365059699155
-2.765630179307977E-6     -3.842212797881106E-6    5068.958401990241
-2.520911856603735E-6     -3.729002737018491E-6    6288.133641232435
-2.614683547749057E-6     -3.846198125651118E-6    5496.148258504594
-2.4637369161901368E-6    -3.85018345342113E-6     5875.245260037464
-2.1968265178449156E-6    -3.3950699139985505E-6   9446.023641389074
-2.320729057844819E-6     -3.387667582451556E-6    9044.04465767692
-2.4446315978447227E-6    -3.3802652509045613E-6   8594.81714139399
-2.5685341378446262E-6    -3.372862919357567E-6    8145.366659329413
-2.263554117431221E-6     -3.5088482988541953E-6   8538.453825207169
-2.3874566574311243E-6    -3.5014459673072007E-6   8107.589720353221
-2.5113591974310283E-6    -3.4940436357602065E-6   7659.9567045299755
-2.330281717017526E-6     -3.62262668370984E-6     7634.426217154828
-2.4541842570174295E-6    -3.6152243521628454E-6   7174.794836289901
-2.3970093166038316E-6    -3.7364050685654856E-6   6733.940817232079
-2.0584454397335172E-6    -3.399327798578066E-6    9747.561903823029
-2.125173039319823E-6     -3.513106183433711E-6    8814.571444902595
-2.191900638906128E-6     -3.626884568289356E-6    7939.386777554671
-2.258628238492433E-6     -3.740662953145001E-6    7067.626473205488
-2.325355838078739E-6     -3.854441338000646E-6    6200.581788880654
-1.9867919612084245E-6    -3.5173640680132265E-6   9129.69788243081
-2.0535195607947296E-6    -3.6311424528688713E-6   8230.413033406077
-2.1202471603810352E-6    -3.744920837724517E-6    7357.133893290646
-2.1869747599673404E-6    -3.858699222580162E-6    6487.6525285683065
-1.9151384826833317E-6    -3.635400337448387E-6    8512.312675724184
-1.981866082269637E-6     -3.749178722304032E-6    7646.52284011038
-2.0485936818559425E-6    -3.862957107159677E-6    6774.607050769915
-1.843485004158239E-6     -3.753436606883548E-6    7895.40628370316
-1.9102126037445445E-6    -3.867214991739193E-6    7061.445355485481
-1.7718315256331461E-6    -3.871472876318708E-6    7305.690290875849
-1.5287752624823115E-6    -3.4194953192577683E-6   11147.456593413772
-1.6611928067951128E-6    -3.4144534390878423E-6   10850.688882508677
-1.7936103511079141E-6    -3.409411558917917E-6    10501.226217814434
-1.9260278954207157E-6    -3.404369678747991E-6    10151.644367777133
-1.5895393282700198E-6    -3.532489708523003E-6    10174.865849038993
-1.7219568725828214E-6    -3.5274478283530774E-6   9848.80129444937
-1.854374416895623E-6     -3.522405948183152E-6    9500.599854066888
-1.6503033940577288E-6    -3.645484097788238E-6    9205.461236446701
-1.7827209383705301E-6    -3.6404422176183125E-6   8850.244751527005
-1.7110674598454374E-6    -3.7584784870534733E-6   8239.242755636908
-1.6345364580460512E-6    -3.87289636297566E-6     7538.867362227955
-1.4972413904589562E-6    -3.874319849632611E-6    7731.98968821513
-1.3599463228718612E-6    -3.875743336289562E-6    7925.086373138182
-1.222651255284766E-6     -3.877166822946513E-6    8118.157416997117
-1.085356187697671E-6     -3.878590309603464E-6    8269.293956480085
-1.5737723922583424E-6    -3.7599019737104244E-6   8472.389921253884
-1.4364773246712474E-6    -3.7613254603673755E-6   8666.8471838692
-1.2991822570841522E-6    -3.7627489470243266E-6   8861.278238962255
-1.1618871894970574E-6    -3.764172433681278E-6    9015.336529862823
-1.5130083264706336E-6    -3.6469075844451892E-6   9409.361162683153
-1.3757132588835386E-6    -3.6483310711021403E-6   9604.839427205301
-1.2384181912964436E-6    -3.649754557759092E-6    9792.671977616385
-1.4522442606829248E-6    -3.5339131951799537E-6   10349.373622540435
-1.3149491930958299E-6    -3.5353366818369052E-6   10571.192797536292
-1.3914801948952165E-6    -3.4209188059147194E-6   11350.898989622548
-8.443870765086877E-7     -3.4345009487930693E-6   12159.274548133893
-9.811603561053199E-7     -3.4311054130734815E-6   12016.417156984971
-1.117933635701952E-6     -3.427709877353894E-6    11814.115678039343
-1.254706915298584E-6     -3.4243143416343064E-6   11611.766851850802
-9.046293543059335E-7     -3.5455232889956677E-6   11175.371196850348
-1.0414026339025657E-6    -3.54212775327608E-6     10999.703746587873
-1.1781759134991978E-6    -3.538732217556493E-6    10798.13189996698
-9.648716321031793E-7     -3.6565456291982666E-6   10194.202704984122
-1.1016449116998116E-6    -3.6531500934786792E-6   9985.89468532374
-1.0251139099004251E-6    -3.7675679694008654E-6   9215.76907253524
-7.669223660092344E-7     -3.5469171831926403E-6   11227.956521008513
-8.271646438064802E-7     -3.657939523395239E-6    10279.737148184233
-8.87406921603726E-7      -3.768961863597838E-6    9334.083145061624
-9.47649199400972E-7      -3.879984203800437E-6    8391.45484345929
-6.89457655509781E-7      -3.659333417592212E-6    10357.74746094575
-7.49699933307027E-7      -3.7703557577948107E-6   9411.672375142447
-8.099422111042727E-7     -3.8813780979974095E-6   8468.283826076347
-6.119929450103278E-7     -3.7717496519917833E-6   9489.250627391812
-6.722352228075737E-7     -3.882771992194383E-6    8545.102115208949
-5.345282345108745E-7     -3.884165886391355E-6    8621.9097108571
-3.717655569184062E-6     -4.153575612466319E-6    1407.4978475259568
-3.7695939301758827E-6    -4.243727729766562E-6    1202.4412460293934
-3.821532291167704E-6     -4.333879847066805E-6    973.5858411413028
-3.873470652159524E-6     -4.424031964367048E-6    746.243409783161
-3.925409013151346E-6     -4.514184081667292E-6    520.4724976777882
-3.6467650163064304E-6    -4.230148914340255E-6    1407.310192599317
-3.698703377298251E-6     -4.320301031640498E-6    1185.639914921232
-3.7506417382900725E-6    -4.410453148940742E-6    956.6071760067243
-3.802580099281893E-6     -4.500605266240985E-6    728.3769144111892
-3.5758744634287987E-6    -4.306722216214193E-6    1405.7668764805885
-3.6278128244206198E-6    -4.396874333514436E-6    1167.4458099379744
-3.679751185412441E-6     -4.487026450814679E-6    936.7519401681266
-3.504983910551168E-6     -4.38329551808813E-6     1402.8678991697539
-3.556922271542989E-6     -4.4734476353883726E-6   1145.5975749485983
-3.6036403595686705E-6    -4.104226513262056E-6    1831.6459050328995
-3.5327498066910392E-6    -4.1807998151359925E-6   1846.9863166245577
-3.4618592538134076E-6    -4.25737311700993E-6     1861.0081797071325
-3.3909687009357768E-6    -4.333946418883867E-6    1861.6508726547559
-3.489625149953279E-6     -4.054877414057793E-6    2282.8240958447213
-3.4187345970756485E-6    -4.13145071593173E-6     2297.2562317995735
-3.3478440441980164E-6    -4.208024017805668E-6    2323.0122610147146
-3.375609940337888E-6     -4.00552831485353E-6     2735.720643039939
-3.304719387460257E-6     -4.082101616727468E-6    2786.583467664541
-3.2615947307224975E-6    -3.956179215649268E-6    3252.36449260425
-3.8763966765640715E-6    -4.6086315022485715E-6   449.4971943053424
-3.827384339976798E-6     -4.703078922829851E-6    377.2565340619035
-3.7783720033895258E-6    -4.797526343411132E-6    303.809062670284
-3.75356776269462E-6      -4.595052686822265E-6    655.0974720500003
-3.704555426107347E-6     -4.689500107403545E-6    581.321714751607
-3.6307388488251673E-6    -4.581473871395959E-6    861.1641001340431
-6.462016799482344E-7     -4.3293763089321534E-6   5171.905167849458
-5.838565715147196E-7     -4.218422176846197E-6    6035.928230432571
-5.215114630812049E-7     -4.107468044760241E-6    6901.502985579262
-4.591663546476901E-7     -3.996513912674284E-6    7768.629433289536
-7.839086682449336E-7     -4.32798241473518E-6     5097.027326898187
-7.215635598114188E-7     -4.217028282649224E-6    5959.407498342341
-6.59218451377904E-7      -4.106074150563268E-6    6845.005867116379
-5.968733429443892E-7     -3.995120018477311E-6    7732.3211681247585
-8.592705481081179E-7     -4.215634388452251E-6    5885.849181694443
-7.969254396746031E-7     -4.104680256366295E-6    6769.343866579233
-7.345803312410884E-7     -3.993726124280338E-6    7656.255668076656
-9.346324279713022E-7     -4.103286362169322E-6    6675.386703834272
-8.722873195377874E-7     -3.992332230083366E-6    7580.179758891074
-1.0099943078344865E-6    -3.990938335886393E-6    7465.639893317681
-3.8267563267977154E-7    -4.108188737359381E-6    6890.788581741783
-4.450207411132863E-7     -4.219142869445337E-6    6045.531743489407
-5.07365849546801E-7      -4.330097001531294E-6    5201.661358129831
-5.697109579803158E-7     -4.44105113361725E-6     4359.300627794308
-3.0618491071185287E-7    -4.2198635620444775E-6   6053.861139301002
-3.685300191453677E-7     -4.330817694130435E-6    5209.881557697438
-4.308751275788824E-7     -4.44177182621639E-6     4367.319611867996
-2.2969418874393428E-7    -4.331538386729575E-6    5218.100280221311
-2.92039297177449E-7      -4.442492518815531E-6    4375.337159702388
-1.5320346677601564E-7    -4.4432132114146724E-6   4383.353271297481
-3.539521137958201E-7     -4.776852869006383E-6    1937.8597720680093
-2.8703589812255196E-7    -4.665639649809146E-6    2752.363843074663
-2.201196824492838E-7     -4.554426430611909E-6    3567.4774317494043
-4.2587172852398534E-7    -4.664918957210005E-6    2744.6510549195514
-3.589555128507172E-7     -4.5537057380127686E-6   3559.658950694839
-4.977913432521506E-7     -4.5529850454136275E-6   3551.8390742053957
-3.3074096043512315E-6    -4.453775401350548E-6    1582.3387112680807
-3.180725851028926E-6     -4.447681982739029E-6    1798.4885966316251
-3.054042097706621E-6     -4.441588564127509E-6    2014.8374497006116
-2.9273583443843156E-6    -4.435495145515991E-6    2231.3852704750434
-3.264284947613471E-6     -4.327853000272348E-6    2067.732650908936
-3.137601194291166E-6     -4.3217595816608285E-6   2286.0768331690306
-3.0109174409688613E-6    -4.315666163049309E-6    2504.622797809182
-2.884233687646556E-6     -4.309572744437791E-6    2713.2654789794665
-3.2211602908757113E-6    -4.201930599194148E-6    2555.9353592473417
-3.0944765375534065E-6    -4.195837180582629E-6    2776.4177980906516
-2.9677927842311018E-6    -4.18974376197111E-6     2987.0034585783214
-3.1780356341379514E-6    -4.076008198115948E-6    3046.341345017563
-3.0513518808156466E-6    -4.0699147795044294E-6   3259.0173891892127
-3.1349109774001923E-6    -3.950085797037749E-6    3529.3072708121476
-2.733287056087636E-6     -4.313558072207804E-6    3124.626278583033
-2.6658995211132615E-6    -4.197714417511136E-6    3806.401684590064
-2.598511986138886E-6     -4.081870762814467E-6    4490.956043023629
-2.5311244511645117E-6    -3.966027108117799E-6    5178.289353883727
-2.816846152672181E-6     -4.193729089741123E-6    3396.8253825303236
-2.7494586176978063E-6    -4.077885435044454E-6    4093.366816187158
-2.6820710827234314E-6    -3.962041780347786E-6    4792.784714100038
-2.9004052492567265E-6    -4.073900107274442E-6    3671.295474433972
-2.833017714282352E-6     -3.958056452577774E-6    4368.56251528137
-2.9839643458412717E-6    -3.954071124807761E-6    3944.1889217162457
-2.392013944886993E-6     -3.967367017431418E-6    5354.014793636649
-2.459401479861368E-6     -4.083210672128086E-6    4646.4814311686405
-2.5267890148357423E-6    -4.199054326824754E-6    3974.3526900363613
-2.594176549810117E-6     -4.314897981521423E-6    3304.9053895010784
-2.661564084784492E-6     -4.430741636218091E-6    2638.2473531905757
-2.3202909735838486E-6    -4.084550581441704E-6    4841.862647945439
-2.3876785085582235E-6    -4.2003942361383725E-6   4152.456513537125
-2.4550660435325984E-6    -4.316237890835041E-6    3481.296898014378
-2.5224535785069733E-6    -4.4320815455317094E-6   2812.8175922992677
-2.2485680022807047E-6    -4.201734145451992E-6    4329.097905964932
-2.3159555372550796E-6    -4.317577800148659E-6    3657.648436700614
-2.3833430722294545E-6    -4.433421454845328E-6    2987.3483070625307
-2.176845030977561E-6     -4.3189177094622784E-6   3815.7205676951253
-2.2442325659519358E-6    -4.434761364158947E-6    3161.839497480364
-2.038463952866163E-6     -4.323175594041794E-6    4095.121729359633
-1.971805846057909E-6     -4.210249914611023E-6    4890.735595733138
-1.9051477392496545E-6    -4.097324235180251E-6    5688.815391478231
-1.8384896324414002E-6    -3.98439855574948E-6     6489.361116594908
-2.1101869241693068E-6    -4.205992030031507E-6    4609.213606010059
-2.0435288173610523E-6    -4.093066350600735E-6    5423.5425507574255
-1.976870710552798E-6     -3.980140671169964E-6    6240.467964072552
-2.1819098954724506E-6    -4.08880846602122E-6     5140.542119349052
-2.1152517886641966E-6    -3.975882786590449E-6    5956.0052625468425
-2.2536328667755945E-6    -3.971624902010933E-6    5671.428599314443
-1.6988401634621927E-6    -3.9849204796745466E-6   6623.362189344023
-1.7654982702704468E-6    -4.097846159105318E-6    5804.312346986622
-1.8321563770787006E-6    -4.210771838536089E-6    5022.720542812847
-1.898814483886955E-6     -4.32369751796686E-6     4243.4641288144685
-1.965472590695209E-6     -4.436623197397632E-6    3466.613063411446
-1.6258488012912388E-6    -4.098368083030384E-6    5954.0883075467245
-1.6925069080994929E-6    -4.211293762461155E-6    5154.596340904731
-1.759165014907747E-6     -4.324219441891927E-6    4374.116499358057
-1.8258231217160015E-6    -4.4371451213226975E-6   3595.9883281295497
-1.5528574391202851E-6    -4.211815686386222E-6    5284.871377911056
-1.619515545928539E-6     -4.324741365816993E-6    4504.757511052528
-1.6861736527367935E-6    -4.437667045247764E-6    3725.3523648137552
-1.4798660769493314E-6    -4.325263289742059E-6    4615.7114004370105
-1.5465241837575857E-6    -4.438188969172831E-6    3854.7051734640636
-1.3425710093622364E-6    -4.326686776399011E-6    4804.624528005708
-1.278267303946095E-6     -4.214662659700124E-6    5663.906440220868
-1.2139635985299538E-6    -4.102638543001238E-6    6525.243030926118
-1.1496598931138123E-6    -3.990614426302351E-6    7388.634300121464
-1.4155623715331901E-6    -4.2132391730431736E-6   5473.122341101658
-1.3512586661170488E-6    -4.101215056344286E-6    6352.416099011302
-1.2869549607009073E-6    -3.9891909396454E-6      7233.916910705057
-1.4885537337041438E-6    -4.0997915696873345E-6   6161.603108041967
-1.4242500282880023E-6    -3.987767452988449E-6    7042.131294193441
-1.5615450958750975E-6    -3.986343966331497E-6    6850.320603075834
-1.074298013250628E-6     -4.10296245258528E-6     6582.19398217721
-1.1386017186667694E-6    -4.214986569284166E-6    5739.103921483158
-1.2029054240829107E-6    -4.327010685983054E-6    4897.916163985167
-1.2672091294990522E-6    -4.43903480268194E-6     4058.6812914356083
-9.989361333874434E-7     -4.215310478868209E-6    5813.328627334402
-1.063239838803585E-6     -4.327334595567096E-6    4971.457607100937
-1.1275435442197263E-6    -4.439358712265982E-6    4131.501318031749
-9.235742535242592E-7     -4.327658505151138E-6    5044.995083103784
-9.878779589404007E-7     -4.439682621850024E-6    4204.317430037259
-8.48212373661075E-7      -4.440006531434068E-6    4277.129627452141
-3.2485877599490753E-6    -4.561801637358134E-6    1322.4594681236372
-3.189765915546919E-6     -4.6698278733657196E-6   1060.5970237914703
-3.130944071144763E-6     -4.777854109373306E-6    797.3568695373035
-3.1219040066267697E-6    -4.555708218746614E-6    1536.853434864807
-3.0630821622246143E-6    -4.6637344547542004E-6   1273.2911122235964
-2.995220253304465E-6     -4.549614800135096E-6    1751.443554636805
-1.0511919871656905E-6    -4.7758082668232E-6      1836.3124503584716
-9.835321159974852E-7     -4.663874355026822E-6    2648.75583163015
-9.158722448292801E-7     -4.5519404432304445E-6   3462.340316650293
-1.123197701276811E-6     -4.663550445442779E-6    2577.313001521137
-1.0555378301086058E-6    -4.5516165336464025E-6   3390.231827258142
-1.1952034153879314E-6    -4.55129262406236E-6     3318.1194757976355
-2.446743932059174E-6     -4.773100600075406E-6    1254.6120231383068
-2.379240143356761E-6     -4.660320854769919E-6    1888.3195317592229
-2.3117363546543484E-6    -4.547541109464432E-6    2523.9894554803245
-2.5183506496342798E-6    -4.6589809454563005E-6   1717.2023454773657
-2.450846860931867E-6     -4.546201200150814E-6    2351.2392988574215
-2.589957367209386E-6     -4.544861290837195E-6    2178.450063370714
-1.7492454991133357E-6    -4.774962433314092E-6    1601.6149487373111
-1.6816717273280855E-6    -4.662704611933671E-6    2351.014747129383
-1.6140979555428355E-6    -4.550446790553251E-6    3102.014594049646
-1.8213211963072934E-6    -4.662182688008604E-6    2224.094757292951
-1.7537474245220435E-6    -4.549924866628185E-6    2973.904903129659
-1.8933968935012512E-6    -4.549402942703118E-6    2845.78411499098
