3.6538461538460086E-6     0                        51484.06748465967
3.65197000679322E-6       -2.4999999999995525E-9   51636.54852262403
3.6500938597404307E-6     -4.999999999999105E-9    51789.12395203523
3.6482177126876416E-6     -7.499999999998658E-9    51941.73089529958
3.646341565634853E-6      -9.99999999999821E-9     52094.294932233046
3.6554686069340603E-6     -2.4999999999995525E-9   51344.542824695935
3.6535924598812708E-6     -4.999999999999105E-9    51497.00671732649
3.651716312828482E-6      -7.499999999998658E-9    51649.56258126935
3.6498401657756934E-6     -9.99999999999821E-9     51802.149910490865
3.657091060022112E-6      -4.999999999999105E-9    51204.96624883599
3.655214912969323E-6      -7.499999999998658E-9    51357.39289249648
3.653338765916534E-6      -9.99999999999821E-9     51509.92157286352
3.658713513110164E-6      -7.499999999998658E-9    51065.413114547715
3.6568373660573747E-6     -9.99999999999821E-9     51217.80255215786
3.660335966198215E-6      -9.99999999999821E-9     50926.02142609875
3.662210016606667E-6      -7.499999999998658E-9    50769.63971044122
3.6640840670151197E-6     -4.999999999999105E-9    50613.17493472101
3.6659581174235717E-6     -2.4999999999995525E-9   50456.74138780056
3.6678321678320237E-6     0                        50300.31672411545
3.660587563518616E-6      -4.999999999999105E-9    50909.014969979384
3.6624616139270683E-6     -2.4999999999995525E-9   50752.56751328062
3.66433566433552E-6       0                        50596.15133835381
3.658965110430564E-6      -2.4999999999995525E-9   51048.5310271808
3.660839160839016E-6      0                        50892.056515869655
3.6573426573425123E-6     0                        51188.070483034
3.669456717564412E-6      -2.4999999999995525E-9   50156.21547135776
3.6675826671559597E-6     -4.999999999999105E-9    50312.62544667139
3.665708616747508E-6      -7.499999999998658E-9    50469.076429762856
3.6638345663390565E-6     -9.99999999999821E-9     50625.55858868183
3.6710812672968006E-6     -4.999999999999105E-9    50012.15665249201
3.6692072168883485E-6     -7.499999999998658E-9    50168.504273668485
3.6673331664798965E-6     -9.99999999999821E-9     50324.928266324874
3.6727058170291894E-6     -7.499999999998658E-9    49868.12115433247
3.670831766620737E-6      -9.99999999999821E-9     50024.40646756328
3.674330366761578E-6      -9.99999999999821E-9     49724.27426822323
3.676202320525693E-6      -7.499999999998658E-9    49563.3958475643
3.678074274289808E-6      -4.999999999999105E-9    49402.40781591466
3.6799462280539235E-6     -2.4999999999995525E-9   49241.450711187455
3.681818181818039E-6      0                        49080.44358086225
3.674577770793304E-6      -4.999999999999105E-9    49707.22523919289
3.67644972455742E-6       -2.4999999999995525E-9   49546.27979454007
3.6783216783215346E-6     0                        49385.36533353697
3.672953221060916E-6      -2.4999999999995525E-9   49851.19856596641
3.6748251748250313E-6     0                        49690.22626743818
3.6713286713285275E-6     0                        49995.19516725461
3.683444828194764E-6      -2.4999999999995525E-9   48931.470134481075
3.6815728744306486E-6     -4.999999999999105E-9    49092.4640972566
3.679700920666534E-6      -7.499999999998658E-9    49253.463916334156
3.6778289669024187E-6     -9.99999999999821E-9     49414.49460560673
3.6850714745714895E-6     -4.999999999999105E-9    48782.60426874341
3.6831995208073746E-6     -7.499999999998658E-9    48943.518998491
3.681327567043259E-6      -9.99999999999821E-9     49104.49203431926
3.6866981209482146E-6     -7.499999999998658E-9    48633.761591304865
3.6848261671840997E-6     -9.99999999999821E-9     48794.59713704904
3.68832476732494E-6       -9.99999999999821E-9     48485.12482187793
3.7097902097900687E-6     0                        46521.19169119196
3.7079224493146275E-6     -2.4999999999995525E-9   46692.49299210252
3.706054688839186E-6      -4.999999999999105E-9    46863.675518342665
3.7041869283637444E-6     -7.499999999998658E-9    47034.88832741488
3.702319167888303E-6      -9.99999999999821E-9     47205.96368213933
3.7114210494554684E-6     -2.4999999999995525E-9   46361.973305575375
3.7095532889800264E-6     -4.999999999999105E-9    46533.26298972445
3.7076855285045844E-6     -7.499999999998658E-9    46704.51709625436
3.7058177680291433E-6     -9.99999999999821E-9     46875.801422960365
3.713051889120867E-6      -4.999999999999105E-9    46202.93879622167
3.7111841286454253E-6     -7.499999999998658E-9    46374.13086430198
3.7093163681699837E-6     -9.99999999999821E-9     46545.35863652723
3.7146827287862658E-6     -7.499999999998658E-9    46043.92718128059
3.712814968310824E-6      -9.99999999999821E-9     46215.02168688747
3.716313568451665E-6      -9.99999999999821E-9     45885.13717694604
3.700690424867241E-6      -7.499999999998658E-9    47359.60975029631
3.702558185342682E-6      -4.999999999999105E-9    47188.51654871284
3.704425945818124E-6      -2.4999999999995525E-9   47017.37517613561
3.7062937062935653E-6     0                        46846.26414904641
3.6990616818461784E-6     -4.999999999999105E-9    47513.47204626051
3.70092944232162E-6       -2.4999999999995525E-9   47342.288601903085
3.7027972027970616E-6     0                        47171.12081388244
3.6974329388251166E-6     -2.4999999999995525E-9   47667.35738800821
3.6993006993005578E-6     0                        47496.08364940017
3.695804195804054E-6      0                        47821.39557988158
3.6939343386842757E-6     -2.4999999999995525E-9   47987.41243422548
3.692064481564497E-6      -4.999999999999105E-9    48153.33843727609
3.690194624444719E-6      -7.499999999998658E-9    48319.29505117387
3.6955630817053384E-6     -4.999999999999105E-9    47833.362028770905
3.6936932245855593E-6     -7.499999999998658E-9    47999.348030794594
3.691823367465781E-6      -9.99999999999821E-9     48165.36458373493
3.6971918247264E-6        -7.499999999998658E-9    47679.38624424214
3.6953219676066215E-6     -9.99999999999821E-9     47845.34568229176
3.6988205677474623E-6     -9.99999999999821E-9     47525.43355697337
3.6885679780679924E-6     -4.999999999999105E-9    48467.914006067025
3.6904378351877715E-6     -2.4999999999995525E-9   48302.01725496715
3.6923076923075506E-6     0                        48136.15117464501
3.686941331691268E-6      -2.4999999999995525E-9   48616.67764253272
3.6888111888110464E-6     0                        48450.75425121417
3.6853146853145426E-6     0                        48765.46441827316
3.7237762237760843E-6     0                        45178.63705061735
3.7219105599449794E-6     -2.4999999999995525E-9   45355.38624921687
3.7200448961138745E-6     -4.999999999999105E-9    45531.99771411184
3.71817923228277E-6       -7.499999999998658E-9    45708.63912383907
3.72540916008582E-6       -2.4999999999995525E-9   45014.18117192749
3.723543496254715E-6      -4.999999999999105E-9    45190.91916848792
3.72167783242361E-6       -7.499999999998658E-9    45367.609800398684
3.719812168592505E-6      -9.99999999999821E-9     45544.33031217651
3.727042096395556E-6      -4.999999999999105E-9    44849.930262834525
3.7251764325644513E-6     -7.499999999998658E-9    45026.56634084693
3.7233107687333464E-6     -9.99999999999821E-9     45203.23087703726
3.7286750327052918E-6     -7.499999999998658E-9    44685.70208903044
3.726809368874187E-6      -9.99999999999821E-9     44862.2363039162
3.7303079690150273E-6     -9.99999999999821E-9     44521.69712897474
3.7165483926173707E-6     -4.999999999999105E-9    45867.41149054647
3.7184140564484756E-6     -2.4999999999995525E-9   45690.84909747214
3.7202797202795805E-6     0                        45514.316714195185
3.714917552951972E-6      -2.4999999999995525E-9   46026.32569620067
3.7167832167830767E-6     0                        45849.73712200824
3.713286713286573E-6      0                        46185.2627426721
3.732171536201795E-6      -7.499999999998658E-9    44339.68534997296
3.734035103388563E-6      -4.999999999999105E-9    44157.52790144135
3.735898670575331E-6      -2.4999999999995525E-9   43975.400051460645
3.737762237762099E-6      0                        43793.12216461017
3.7305385998920596E-6     -4.999999999999105E-9    44503.67293191097
3.7324021670788274E-6     -2.4999999999995525E-9   44321.599094535326
3.734265734265596E-6      0                        44139.55492262055
3.728905663582324E-6      -2.4999999999995525E-9   44667.799399692754
3.730769230769092E-6      0                        44485.69962370113
3.727272727272588E-6      0                        44831.94854734214
3.7393972707161716E-6     -2.4999999999995525E-9   43623.41569254257
3.737533703529404E-6      -4.999999999999105E-9    43805.68251440139
3.735670136342636E-6      -7.499999999998658E-9    43987.894131544715
3.733806569155868E-6      -9.99999999999821E-9     44170.13528032889
3.7410323036702447E-6     -4.999999999999105E-9    43453.92792960668
3.739168736483477E-6      -7.499999999998658E-9    43636.09056419517
3.7373051692967087E-6     -9.99999999999821E-9     43818.27633181902
3.7426673366243173E-6     -7.499999999998658E-9    43284.462736057176
3.7408037694375495E-6     -9.99999999999821E-9     43466.52124036415
3.74430236957839E-6       -9.99999999999821E-9     43115.219925242855
3.7657342657341293E-6     0                        40892.86024209421
3.7638748918360352E-6     -2.4999999999995525E-9   41086.20699084903
3.7620155179379408E-6     -4.999999999999105E-9    41279.39241984938
3.7601561440398463E-6     -7.499999999998658E-9    41472.606735772744
3.7582967701417522E-6     -9.99999999999821E-9     41665.67718415836
3.7673734919768753E-6     -2.4999999999995525E-9   40712.74169478595
3.7655141180787816E-6     -4.999999999999105E-9    40906.077421490045
3.763654744180687E-6      -7.499999999998658E-9    41099.34998295946
3.7617953702825927E-6     -9.99999999999821E-9     41292.65136147461
3.769012718219622E-6      -4.999999999999105E-9    40532.8545593609
3.767153344321528E-6      -7.499999999998658E-9    40726.08576702086
3.7652939704234336E-6     -9.99999999999821E-9     40919.332989781484
3.7706519444623685E-6     -7.499999999998658E-9    40352.98964454183
3.768792570564274E-6      -9.99999999999821E-9     40546.116392620126
3.772291170705115E-6      -9.99999999999821E-9     40173.340116916865
3.7566596405433425E-6     -7.499999999998658E-9    41840.14416099496
3.758519014441437E-6      -4.999999999999105E-9    41647.05700987227
3.7603783883395314E-6     -2.4999999999995525E-9   41453.929661476584
3.762237762237625E-6      0                        41260.83126988113
3.755022510944933E-6      -4.999999999999105E-9    42014.83069717138
3.7568818848430277E-6     -2.4999999999995525E-9   41821.63886087079
3.7587412587411217E-6     0                        41628.48607870225
3.7533853813465235E-6     -2.4999999999995525E-9   42189.53963091704
3.755244755244618E-6      0                        41996.24305111129
3.751748251748114E-6      0                        42364.47562414308
3.7498867812056834E-6     -2.4999999999995525E-9   42552.30160999826
3.7480253106632523E-6     -4.999999999999105E-9    42739.97012281463
3.746163840120821E-6      -7.499999999998658E-9    42927.66788110926
3.7515239108040927E-6     -4.999999999999105E-9    42377.35462936664
3.749662440261662E-6      -7.499999999998658E-9    42565.10939769582
3.7478009697192304E-6     -9.99999999999821E-9     42752.8933429685
3.753161040402502E-6      -7.499999999998658E-9    42202.540789043414
3.751299569860071E-6      -9.99999999999821E-9     42390.269960527265
3.7547981700009114E-6     -9.99999999999821E-9     42027.74940461673
3.744528807166748E-6      -4.999999999999105E-9    43096.89364058399
3.7463902777091796E-6     -2.4999999999995525E-9   42909.281976967264
3.7482517482516103E-6     0                        42721.69962736354
3.7428937742126754E-6     -2.4999999999995525E-9   43266.254864225964
3.7447552447551066E-6     0                        43078.61751146373
3.7412587412586028E-6     0                        43435.638600265505
3.87762237762225E-6       0                        27654.168392530435
3.875779776878851E-6      -2.4999999999995525E-9   27887.827892210364
3.873937176135451E-6      -4.999999999999105E-9    28121.350569650524
3.872094575392052E-6      -7.499999999998658E-9    28354.899181567067
3.8702519746486516E-6     -9.99999999999821E-9     28588.343907751547
3.879278377019691E-6      -2.4999999999995525E-9   27435.971175057646
3.8774357762762925E-6     -4.999999999999105E-9    27669.618547351158
3.875593175532892E-6      -7.499999999998658E-9    27903.211525085884
3.873750574789493E-6      -9.99999999999821E-9     28136.830363610272
3.880934376417132E-6      -4.999999999999105E-9    27217.978229476954
3.879091775673733E-6      -7.499999999998658E-9    27451.54082486291
3.877249174930333E-6      -9.99999999999821E-9     27685.11063666181
3.882590375814573E-6      -7.499999999998658E-9    27000.005972126062
3.880747775071174E-6      -9.99999999999821E-9     27233.48385405411
3.884246375212014E-6      -9.99999999999821E-9     26782.19723584242
5.0804195804195456E-6     0                        -151600.08586413378
5.078757291089114E-6      -2.4999999999995525E-9   -151466.7838587359
5.077095001758683E-6      -4.999999999999105E-9    -151333.81267571542
5.075432712428252E-6      -7.499999999998658E-9    -151200.8409178267
5.073770423097821E-6      -9.99999999999821E-9     -151068.10713330304
5.082255891229955E-6      -2.4999999999995525E-9   -151733.2849217364
5.080593601899524E-6      -4.999999999999105E-9    -151599.9907519011
5.0789313125690925E-6     -7.499999999998658E-9    -151466.88814738597
5.077269023238661E-6      -9.99999999999821E-9     -151333.78504206223
5.084092202040364E-6      -4.999999999999105E-9    -151866.16467732622
5.082429912709933E-6      -7.499999999998658E-9    -151733.02250978805
5.080767623379502E-6      -9.99999999999821E-9     -151599.9203284773
5.085928512850773E-6      -7.499999999998658E-9    -151999.04419461315
5.084266223520343E-6      -9.99999999999821E-9     -151866.05394381203
5.0877648236611835E-6     -9.99999999999821E-9     -152131.68005086103
5.052447552447515E-6      0                        -149334.73908615846
5.050781069828411E-6      -2.4999999999995525E-9   -149185.83873131796
5.049114587209306E-6      -4.999999999999105E-9    -149037.23674521653
5.047448104590202E-6      -7.499999999998658E-9    -148888.63360275418
5.045781621971096E-6      -9.99999999999821E-9     -148740.24073951878
5.054279669969251E-6      -2.4999999999995525E-9   -149485.51633735694
5.052613187350147E-6      -4.999999999999105E-9    -149336.6237187097
5.050946704731041E-6      -7.499999999998658E-9    -149187.90435161433
5.049280222111937E-6      -9.99999999999821E-9     -149039.18390176148
5.056111787490987E-6      -4.999999999999105E-9    -149636.00396835967
5.054445304871883E-6      -7.499999999998658E-9    -149487.248367049
5.052778822252777E-6      -9.99999999999821E-9     -149338.53006270033
5.057943905012723E-6      -7.499999999998658E-9    -149786.49065588412
5.056277422393618E-6      -9.99999999999821E-9     -149637.87198732683
5.059776022534458E-6      -9.99999999999821E-9     -149936.76017034487
5.071936208931749E-6      -7.499999999998658E-9    -150926.47050274065
5.07359849826218E-6       -4.999999999999105E-9    -151059.2076160917
5.07526078759261E-6       -2.4999999999995525E-9   -151192.04819121043
5.076923076923041E-6      0                        -151324.88811740128
5.070101994765676E-6      -4.999999999999105E-9    -150784.6037554663
5.071764284096107E-6      -2.4999999999995525E-9   -150917.48500319436
5.073426573426538E-6      0                        -151050.32616618252
5.0682677805996034E-6     -2.4999999999995525E-9   -150642.73641584814
5.069930069930034E-6      0                        -150775.76188305827
5.06643356643353E-6       0                        -150500.5648969781
5.064769180458761E-6      -2.4999999999995525E-9   -150359.32243638497
5.063104794483994E-6      -4.999999999999105E-9    -150218.39429573616
5.0614404085092264E-6     -7.499999999998658E-9    -150077.46528950677
5.066603394624835E-6      -4.999999999999105E-9    -150501.50178247987
5.064939008650067E-6      -7.499999999998658E-9    -150360.44942481394
5.0632746226752995E-6     -9.99999999999821E-9     -150219.39627542577
5.068437608790907E-6      -7.499999999998658E-9    -150643.51349732594
5.06677322281614E-6       -9.99999999999821E-9     -150502.46188327557
5.07027182295698E-6       -9.99999999999821E-9     -150785.5245347235
5.0596082909874905E-6     -4.999999999999105E-9    -149927.19913167885
5.061272676962259E-6      -2.4999999999995525E-9   -150068.00415832177
5.062937062937027E-6      0                        -150208.80824552555
5.0577761734657546E-6     -2.4999999999995525E-9   -149776.84922134888
5.059440559440523E-6      0                        -149917.65515517973
5.0559440559440195E-6     0                        -149626.49845212366
5.024475524475485E-6      0                        -146814.3476741462
5.022804848567706E-6      -2.4999999999995525E-9   -146650.95007655467
5.0211341726599276E-6     -4.999999999999105E-9    -146487.820468546
5.019463496752149E-6      -7.499999999998658E-9    -146324.68912315264
5.017792820844371E-6      -9.99999999999821E-9     -146161.74299641183
5.026303448708548E-6      -2.4999999999995525E-9   -146981.2766007649
5.024632772800769E-6      -4.999999999999105E-9    -146817.8864928606
5.02296209689299E-6       -7.499999999998658E-9    -146654.6524230025
5.0212914209852114E-6     -9.99999999999821E-9     -146491.4166887157
5.028131372941609E-6      -4.999999999999105E-9    -147147.94354128075
5.0264606970338315E-6     -7.499999999998658E-9    -146984.67644769454
5.024790021126053E-6      -9.99999999999821E-9     -146821.44407413038
5.029959297174671E-6      -7.499999999998658E-9    -147314.60884575732
5.028288621266893E-6      -9.99999999999821E-9     -147151.4646831164
5.031787221407734E-6      -9.99999999999821E-9     -147481.08083651736
5.0439516010936975E-6     -7.499999999998658E-9    -148581.69612362594
5.045618083712802E-6      -4.999999999999105E-9    -148730.09239696298
5.047284566331907E-6      -2.4999999999995525E-9   -148878.57839439344
5.048951048951012E-6      0                        -149027.06316185938
5.042121580216299E-6      -4.999999999999105E-9    -148422.9465987779
5.043788062835404E-6      -2.4999999999995525E-9   -148571.47248083726
5.0454545454545085E-6     0                        -148719.95970337308
5.0402915593389E-6        -2.4999999999995525E-9   -148264.19578247907
5.041958041958005E-6      0                        -148412.85135726386
5.038461538461501E-6      0                        -148105.16939575836
5.0367929591980585E-6     -2.4999999999995525E-9   -147948.88644366665
5.035124379934617E-6      -4.999999999999105E-9    -147792.88640844304
5.033455800671175E-6      -7.499999999998658E-9    -147636.8849262005
5.038622980075457E-6      -4.999999999999105E-9    -148107.92039005825
5.036954400812016E-6      -7.499999999998658E-9    -147951.80952109885
5.035285821548574E-6      -9.99999999999821E-9     -147795.69727842128
5.040453000952856E-6      -7.499999999998658E-9    -148266.80105434978
5.038784421689415E-6      -9.99999999999821E-9     -148110.69156576268
5.042283021830256E-6      -9.99999999999821E-9     -148425.68034318706
5.0316278764381135E-6     -4.999999999999105E-9    -147470.41639872274
5.033296455701555E-6      -2.4999999999995525E-9   -147626.3072815693
5.034965034964997E-6      0                        -147782.19664409608
5.029799952205052E-6      -2.4999999999995525E-9   -147303.87387030892
5.031468531468493E-6      0                        -147459.76629456668
5.027972027971989E-6      0                        -147137.32978922885
3.6447212091911387E-6     -7.499999999998658E-9    52229.7246864396
3.6465973562439274E-6     -4.999999999999105E-9    52077.14638520517
3.648473503296716E-6      -2.4999999999995525E-9   51924.519771128646
3.6503496503495048E-6     0                        51771.92471947972
3.6431008527474236E-6     -4.999999999999105E-9    52365.27430629493
3.6449769998002123E-6     -2.4999999999995525E-9   52212.696076881984
3.646853146853001E-6      0                        52060.04222246022
3.641480496303709E-6      -2.4999999999995525E-9   52500.847475395596
3.643356643356497E-6      0                        52348.26927866571
3.639860139859994E-6      0                        52636.230747884074
3.637981896162868E-6      -2.4999999999995525E-9   52785.70734890761
3.636103652465742E-6      -4.999999999999105E-9    52935.403299035985
3.6342254087686165E-6     -7.499999999998658E-9    53085.13102816332
3.6323471650714902E-6     -9.99999999999821E-9     53234.87636378081
3.639602252606583E-6      -4.999999999999105E-9    52650.30306923624
3.6377240089094573E-6     -7.499999999998658E-9    52799.92485911964
3.6358457652123307E-6     -9.99999999999821E-9     52949.578384581255
3.641222609050298E-6      -7.499999999998658E-9    52514.72981276696
3.6393443653531716E-6     -9.99999999999821E-9     52664.3242422535
3.6428429654940125E-6     -9.99999999999821E-9     52379.18014468145
3.630728905272112E-6      -7.499999999998658E-9    53367.059978129226
3.6326071489692385E-6     -4.999999999999105E-9    53217.30444181299
3.6344853926663643E-6     -2.4999999999995525E-9   53067.50246077643
3.63636363636349E-6       0                        52917.73230215958
3.6291106454727343E-6     -4.999999999999105E-9    53499.3003382295
3.63098888916986E-6       -2.4999999999995525E-9   53349.600384578385
3.6328671328669863E-6     0                        53199.770994901504
3.6274923856733567E-6     -2.4999999999995525E-9   53631.56434013977
3.6293706293704825E-6     0                        53481.9199343948
3.6258741258739787E-6     0                        53763.43265699721
3.6239937855325162E-6     -2.4999999999995525E-9   53911.28084012911
3.6221134451910533E-6     -4.999999999999105E-9    54059.53427565488
3.6202331048495905E-6     -7.499999999998658E-9    54207.819731753465
3.618352764508128E-6      -9.99999999999821E-9     54356.21438079634
3.6256120453318942E-6     -4.999999999999105E-9    53779.38554474848
3.6237317049904313E-6     -7.499999999998658E-9    53927.48294755581
3.6218513646489684E-6     -9.99999999999821E-9     54075.612333569756
3.627230305131272E-6      -7.499999999998658E-9    53647.17698116088
3.6253499647898093E-6     -9.99999999999821E-9     53795.24686574435
3.6288485649306498E-6     -9.99999999999821E-9     53514.992094142195
3.5839160839159337E-6     0                        57116.73063817463
3.58202945364146E-6       -2.4999999999995525E-9   57276.62993117798
3.580142823366987E-6      -4.999999999999105E-9    57438.417272170576
3.5782561930925137E-6     -7.499999999998658E-9    57600.23716726876
3.576369562818041E-6      -9.99999999999821E-9     57762.915547139324
3.585528053782301E-6      -2.4999999999995525E-9   56988.39758104451
3.5836414235078275E-6     -4.999999999999105E-9    57148.216101622675
3.581754793233354E-6      -7.499999999998658E-9    57309.17781691936
3.5798681629588817E-6     -9.99999999999821E-9     57470.17207481877
3.5871400236486684E-6     -4.999999999999105E-9    56858.00457271185
3.5852533933741955E-6     -7.499999999998658E-9    57018.31184819352
3.583366763099722E-6      -9.99999999999821E-9     57179.245721268824
3.5887519935150355E-6     -7.499999999998658E-9    56727.63536839631
3.5868653632405626E-6     -9.99999999999821E-9     56888.4314154744
3.590363963381403E-6      -9.99999999999821E-9     56596.8396773694
3.616736601353087E-6      -7.499999999998658E-9    54486.18733638355
3.61861694169455E-6       -4.999999999999105E-9    54337.7897288687
3.620497282036012E-6      -2.4999999999995525E-9   54189.34816428649
3.622377622377475E-6      0                        54040.93865764329
3.6151204381980458E-6     -4.999999999999105E-9    54616.1210673942
3.6170007785395087E-6     -2.4999999999995525E-9   54467.86329174935
3.618881118880971E-6      0                        54319.39417054425
3.613504275043005E-6      -2.4999999999995525E-9   54746.07851541723
3.6153846153844673E-6     0                        54597.9605419748
3.6118881118879635E-6     0                        54875.32498716885
3.6100056749021636E-6     -2.4999999999995525E-9   55023.57565022669
3.608123237916365E-6      -4.999999999999105E-9    55172.51493982051
3.6062408009305653E-6     -7.499999999998658E-9    55321.48646356723
3.6043583639447657E-6     -9.99999999999821E-9     55470.70886917665
3.6116218380572053E-6     -4.999999999999105E-9    54894.29265028935
3.609739401071406E-6      -7.499999999998658E-9    55042.94975141864
3.607856964085606E-6      -9.99999999999821E-9     55191.63905648042
3.613238001212246E-6      -7.499999999998658E-9    54764.47490722201
3.6113555642264467E-6     -9.99999999999821E-9     54913.10435448162
3.614854164367287E-6      -9.99999999999821E-9     54634.68091083462
3.5922484970115397E-6     -7.499999999998658E-9    56443.48529473242
3.5941330306416755E-6     -4.999999999999105E-9    56290.608066421715
3.5960175642718117E-6     -2.4999999999995525E-9   56137.76325240418
3.5979020979019484E-6     0                        55986.05602348656
3.5906365271451713E-6     -4.999999999999105E-9    56574.31935160242
3.5925210607753084E-6     -2.4999999999995525E-9   56420.958329651636
3.5944055944054446E-6     0                        56267.629743716985
3.589024557278805E-6      -2.4999999999995525E-9   56705.177392639394
3.5909090909089413E-6     0                        56551.78859359233
3.587412587412438E-6      0                        56836.059221000614
3.5995161644126526E-6     -2.4999999999995525E-9   55858.164065242556
3.5976316307825164E-6     -4.999999999999105E-9    56009.818785973046
3.59574709715238E-6       -7.499999999998658E-9    56162.17984170147
3.593862563522243E-6      -9.99999999999821E-9     56314.573290000146
3.6011302309233573E-6     -4.999999999999105E-9    55729.05920311041
3.599245697293221E-6      -7.499999999998658E-9    55880.98590721657
3.5973611636630844E-6     -9.99999999999821E-9     56033.31919947671
3.6027442974340615E-6     -7.499999999998658E-9    55599.97811314605
3.600859763803925E-6      -9.99999999999821E-9     55752.17682434204
3.604626734419861E-6      -4.999999999999105E-9    55450.76650439028
3.60650917140566E-6       -2.4999999999995525E-9   55301.5127349822
3.60839160839146E-6       0                        55152.29122994751
3.6030126679091564E-6     -2.4999999999995525E-9   55580.11968406671
3.604895104894956E-6      0                        55430.83823381261
3.601398601398452E-6      0                        55709.49661219666
3.7797202797201444E-6     0                        39378.69128466664
3.777863002466387E-6      -2.4999999999995525E-9   39577.49627489048
3.7760057252126297E-6     -4.999999999999105E-9    39776.1387893504
3.7741484479588727E-6     -7.499999999998658E-9    39974.80982784691
3.781361602607228E-6      -2.4999999999995525E-9   39193.45750391503
3.7795043253534706E-6     -4.999999999999105E-9    39392.25136608505
3.777647048099713E-6      -7.499999999998658E-9    39590.98072810134
3.775789770845956E-6      -9.99999999999821E-9     39789.73854318356
3.783002925494311E-6      -4.999999999999105E-9    39008.45650854138
3.7811456482405536E-6     -7.499999999998658E-9    39207.14705493775
3.7792883709867963E-6     -9.99999999999821E-9     39405.851340948735
3.7846442483813945E-6     -7.499999999998658E-9    38823.4775523491
3.7827869711276367E-6     -9.99999999999821E-9     39022.0648433886
3.786285571268477E-6      -9.99999999999821E-9     38638.70889254673
3.7725092217161255E-6     -4.999999999999105E-9    40154.44300911423
3.774366498969883E-6      -2.4999999999995525E-9   39955.858649766116
3.77622377622364E-6       0                        39757.302885425146
3.7708699954733795E-6     -2.4999999999995525E-9   40334.20362961783
3.772727272727137E-6      0                        40135.5940968271
3.769230769230633E-6      0                        40513.9864112651
3.7881407518778975E-6     -7.499999999998658E-9    38434.80514776299
3.789995932487318E-6      -4.999999999999105E-9    38230.764639791836
3.791851113096739E-6      -2.4999999999995525E-9   38026.7522896552
3.793706293706159E-6      0                        37822.578225044075
3.7864994289908144E-6     -4.999999999999105E-9    38619.55785698059
3.7883546096002347E-6     -2.4999999999995525E-9   38415.602925389874
3.790209790209655E-6      0                        38211.676223477305
3.7848581061037313E-6     -2.4999999999995525E-9   38804.433724829505
3.7867132867131516E-6     0                        38600.45388424699
3.7832167832166474E-6     0                        38989.331571442926
3.7953497132375797E-6     -2.4999999999995525E-9   37632.312328069245
3.7934945326281586E-6     -4.999999999999105E-9    37836.47515638609
3.7916393520187383E-6     -7.499999999998658E-9    38040.5732542093
3.7897841714093172E-6     -9.99999999999821E-9     38244.69943802336
3.7969931327689995E-6     -4.999999999999105E-9    37442.27846704594
3.795137952159579E-6      -7.499999999998658E-9    37646.339800955044
3.793282771550158E-6      -9.99999999999821E-9     37850.41308924891
3.7986365523004197E-6     -7.499999999998658E-9    37252.266459929226
3.7967813716909986E-6     -9.99999999999821E-9     37456.22636064061
3.8002799718318394E-6     -9.99999999999821E-9     37062.4588798046
3.96153846153834E-6       0                        16227.33361899022
3.9597084406609615E-6     -2.4999999999995525E-9   16484.865251576462
3.957878419783583E-6      -4.999999999999105E-9    16742.29388195624
3.9560483989062045E-6     -7.499999999998658E-9    16999.746258400337
3.954218378028826E-6      -9.99999999999821E-9     17257.12845041174
3.963207040801803E-6      -2.4999999999995525E-9   15985.682204416567
3.9613770199244234E-6     -4.999999999999105E-9    16243.201315543625
3.959546999047046E-6      -7.499999999998658E-9    16500.681765701196
3.957716978169666E-6      -9.99999999999821E-9     16758.185889852524
3.964875620065265E-6      -4.999999999999105E-9    15744.196488077523
3.963045599187886E-6      -7.499999999998658E-9    16001.649207587674
3.961215578310508E-6      -9.99999999999821E-9     16259.108147458606
3.966544199328727E-6      -7.499999999998658E-9    15502.730252778998
3.964714178451348E-6      -9.99999999999821E-9     15760.116643726296
3.968212778592189E-6      -9.99999999999821E-9     15261.388379508788
4.129370629370521E-6      0                        -9420.486207299184
4.127565768225185E-6      -2.4999999999995525E-9   -9131.881587629823
4.125760907079848E-6      -4.999999999999105E-9    -8843.325790360852
4.1239560459345115E-6     -7.499999999998658E-9    -8554.750321821977
4.1221511847891756E-6     -9.99999999999821E-9     -8266.195848913989
4.1310643683660254E-6     -2.4999999999995525E-9   -9695.609792540276
4.129259507220689E-6      -4.999999999999105E-9    -9407.017241304207
4.127454646075352E-6      -7.499999999998658E-9    -9118.438494980706
4.125649784930016E-6      -9.99999999999821E-9     -8829.840143051943
4.13275810736153E-6       -4.999999999999105E-9    -9970.632388458685
4.130953246216193E-6      -7.499999999998658E-9    -9682.077772724968
4.1291483850708565E-6     -9.99999999999821E-9     -9393.517356509205
4.134451846357034E-6      -7.499999999998658E-9    -10245.637906753527
4.132646985211698E-6      -9.99999999999821E-9     -9957.12116679316
4.136145585352538E-6      -9.99999999999821E-9     -10520.576746193097
3.868598071895547E-6      -7.499999999998658E-9    28801.782382664544
3.870440672638947E-6      -4.999999999999105E-9    28568.32367321966
3.872283273382347E-6      -2.4999999999995525E-9   28334.845181749373
3.874125874125746E-6      0                        28101.392698442156
3.866944169142443E-6      -4.999999999999105E-9    29015.39130812809
3.868786769885843E-6      -2.4999999999995525E-9   28781.84497661829
3.8706293706292424E-6     0                        28548.34321305071
3.865290266389339E-6      -2.4999999999995525E-9   29229.021120568395
3.867132867132739E-6      0                        28995.38710368043
3.863636363636235E-6      0                        29442.861319662523
3.861791666248498E-6      -2.4999999999995525E-9   29671.97768282359
3.859946968860762E-6      -4.999999999999105E-9    29900.95187634967
3.858102271473026E-6      -7.499999999998658E-9    30129.952374906217
3.85625757408529E-6       -9.99999999999821E-9     30358.843083923635
3.863445569001602E-6      -4.999999999999105E-9    29458.125458961094
3.861600871613866E-6      -7.499999999998658E-9    29687.173055630516
3.85975617422613E-6       -9.99999999999821E-9     29916.246883636457
3.865099471754707E-6      -7.499999999998658E-9    29244.407790548077
3.863254774366971E-6      -9.99999999999821E-9     29473.43194452552
3.866753374507811E-6      -9.99999999999821E-9     29030.711072424892
3.8076923076921747E-6     0                        36225.27980163991
3.8058392237270915E-6     -2.4999999999995525E-9   36434.713289615596
3.803986139762007E-6      -4.999999999999105E-9    36643.9873017334
3.8021330557969235E-6     -7.499999999998658E-9    36853.289103064126
3.809337823867931E-6      -2.4999999999995525E-9   36030.0769698013
3.807484739902848E-6      -4.999999999999105E-9    36239.49910089281
3.805631655937764E-6      -7.499999999998658E-9    36448.85709523059
3.80377857197268E-6       -9.99999999999821E-9     36658.2428062598
3.8109833400436884E-6     -4.999999999999105E-9    35835.103741533414
3.809130256078605E-6      -7.499999999998658E-9    36044.426656044794
3.8072771721135208E-6     -9.99999999999821E-9     36253.76011039592
3.8126288562194453E-6     -7.499999999998658E-9    35640.152178592936
3.8107757722543617E-6     -9.99999999999821E-9     35849.37593838415
3.814274372395202E-6      -9.99999999999821E-9     35445.39858470117
3.800489636265503E-6      -4.999999999999105E-9    37043.081097447444
3.802342720230586E-6      -2.4999999999995525E-9   36833.86310463766
3.804195804195671E-6      0                        36624.672973562265
3.798846216734083E-6      -2.4999999999995525E-9   37232.99183973158
3.8006993006991667E-6     0                        37023.749205757646
3.7972027972026633E-6     0                        37422.92437471224
3.854605767976523E-6      -7.499999999998658E-9    30567.78703217577
3.8564504653642585E-6     -4.999999999999105E-9    30338.882131058483
3.858295162751994E-6      -2.4999999999995525E-9   30109.95485639346
3.8601398601397315E-6     0                        29881.053960453002
3.852953961867755E-6      -4.999999999999105E-9    30776.90846773325
3.854798659255491E-6      -2.4999999999995525E-9   30547.912921319694
3.856643356643227E-6      0                        30318.962098404627
3.8513021557589874E-6     -2.4999999999995525E-9   30986.05098767904
3.853146853146724E-6      0                        30756.96473287277
3.84965034965022E-6       0                        31195.409629720194
3.847803555618147E-6      -2.4999999999995525E-9   31419.826245717377
3.845956761586073E-6      -4.999999999999105E-9    31644.095655074983
3.844109967554E-6         -7.499999999998658E-9    31868.391740724706
3.842263173521927E-6      -9.99999999999821E-9     32092.57220660438
3.849455361726915E-6      -4.999999999999105E-9    31210.455697634057
3.847608567694841E-6      -7.499999999998658E-9    31434.801505367916
3.8457617736627675E-6     -9.99999999999821E-9     31659.173915797903
3.8511071678356816E-6     -7.499999999998658E-9    31001.222298655106
3.849260373803608E-6      -9.99999999999821E-9     31225.5443874989
3.852758973944449E-6      -9.99999999999821E-9     30792.010047161122
3.8161253597159495E-6     -7.499999999998658E-9    35231.08643654444
3.8179763470366956E-6     -4.999999999999105E-9    35016.647560112666
3.8198273343574425E-6     -2.4999999999995525E-9   34802.23610264408
3.8216783216781894E-6     0                        34587.668585618994
3.8144798435401918E-6     -4.999999999999105E-9    35425.82481204091
3.816330830860938E-6      -2.4999999999995525E-9   35211.467499596816
3.818181818181685E-6      0                        34997.13767914244
3.812834327364435E-6      -2.4999999999995525E-9   35620.677389627104
3.814685314685182E-6      0                        35406.29570656236
3.8111888111886785E-6     0                        35815.551570680895
3.823325934498283E-6      -2.4999999999995525E-9   34387.6333932073
3.821474947177536E-6      -4.999999999999105E-9    34602.189317877856
3.81962395985679E-6       -7.499999999998658E-9    34816.68251497692
3.817772972536043E-6      -9.99999999999821E-9     35031.20305801254
3.8249735473183765E-6     -4.999999999999105E-9    34187.82412612888
3.8231225599976295E-6     -7.499999999998658E-9    34402.283413046694
3.8212715726768835E-6     -9.99999999999821E-9     34616.752342141175
3.826621160138471E-6      -7.499999999998658E-9    33988.03633298248
3.824770172817724E-6      -9.99999999999821E-9     34202.399044529375
3.828268772958564E-6      -9.99999999999821E-9     33788.4399492725
3.8406134640574964E-6     -7.499999999998658E-9    32296.90064683652
3.84246025808957E-6       -4.999999999999105E-9    32072.705712387422
3.844307052121643E-6      -2.4999999999995525E-9   31848.485846737352
3.8461538461537155E-6     0                        31624.292730975394
3.838963754593066E-6      -4.999999999999105E-9    32501.41357995136
3.8408105486251386E-6     -2.4999999999995525E-9   32277.125060733226
3.842657342657212E-6      0                        32052.881371412506
3.837314045128635E-6      -2.4999999999995525E-9   32705.94779322196
3.839160839160708E-6      0                        32481.56562644497
3.8356643356642046E-6     0                        32910.70336867037
3.833815444987795E-6      -2.4999999999995525E-9   33130.268242380465
3.831966554311385E-6      -4.999999999999105E-9    33349.681227576206
3.830117663634975E-6      -7.499999999998658E-9    33569.12126055613
3.835465154452226E-6      -4.999999999999105E-9    32925.50092713506
3.833616263775816E-6      -7.499999999998658E-9    33144.99313155616
3.831767373099405E-6      -9.99999999999821E-9     33364.51231038246
3.837114863916656E-6      -7.499999999998658E-9    32720.87289583555
3.835265973240246E-6      -9.99999999999821E-9     32940.34110611591
3.838764573381087E-6      -9.99999999999821E-9     32516.266207481793
3.828470050814881E-6      -4.999999999999105E-9    33768.70282448418
3.830318941491291E-6      -2.4999999999995525E-9   33549.34183354258
3.832167832167701E-6      0                        33330.00796376416
3.826822437994786E-6      -2.4999999999995525E-9   33968.39421231544
3.828671328671197E-6      0                        33749.009123425065
3.825174825174694E-6      0                        34168.10701169689
3.9525518954097E-6        -7.499999999998658E-9    17494.870232535766
3.95438191628708E-6       -4.999999999999105E-9    17237.47544754221
3.956211937164457E-6      -2.4999999999995525E-9   16980.074711681
3.958041958041837E-6      0                        16722.697793954667
3.950885412790575E-6      -4.999999999999105E-9    17732.742407945836
3.952715433667954E-6      -2.4999999999995525E-9   17475.278560568284
3.9545454545453324E-6     0                        17217.8562072962
3.9492189301714506E-6     -2.4999999999995525E-9   17970.634266393856
3.951048951048828E-6      0                        17713.101293402782
3.947552447552325E-6      0                        18208.698159349242
3.945720330030609E-6      -2.4999999999995525E-9   18462.655648370703
3.9438882125088945E-6     -4.999999999999105E-9    18716.50468910196
3.94205609498718E-6       -7.499999999998658E-9    18970.377835080457
3.940223977465464E-6      -9.99999999999821E-9     19224.17542123496
3.947386812649735E-6      -4.999999999999105E-9    18224.57927276516
3.94555469512802E-6       -7.499999999998658E-9    18478.483127731055
3.943722577606305E-6      -9.99999999999821E-9     18732.411015464433
3.949053295268861E-6      -7.499999999998658E-9    17986.618121643754
3.947221177747145E-6      -9.99999999999821E-9     18240.500192138745
3.9507197778879855E-6     -9.99999999999821E-9     17748.676716789898
3.938559591490676E-6      -7.499999999998658E-9    19458.188405025376
3.940391709012391E-6      -4.999999999999105E-9    19204.37801295516
3.942223826534106E-6      -2.4999999999995525E-9   18950.559501525502
3.944055944055821E-6      0                        18696.765167823083
3.936895205515888E-6      -4.999999999999105E-9    19692.338156510377
3.9387273230376025E-6     -2.4999999999995525E-9   19438.45565910365
3.940559440559317E-6      0                        19184.615255997036
3.935230819541099E-6      -2.4999999999995525E-9   19926.50779292408
3.937062937062814E-6      0                        19672.553126811246
3.9335664335663106E-6     0                        20160.855953720224
3.931732219400259E-6      -2.4999999999995525E-9   20411.078123553343
3.929898005234206E-6      -4.999999999999105E-9    20661.18617361642
3.928063791068154E-6      -7.499999999998658E-9    20911.31869063693
3.9262295769021014E-6     -9.99999999999821E-9     21161.370275499998
3.9333966053750465E-6     -4.999999999999105E-9    20176.71749509745
3.931562391208994E-6      -7.499999999998658E-9    20426.883397781447
3.929728177042942E-6      -9.99999999999821E-9     20677.07369457868
3.935060991349835E-6      -7.499999999998658E-9    19942.475522034867
3.933226777183782E-6      -9.99999999999821E-9     20192.619365099526
3.936725377324624E-6      -9.99999999999821E-9     19708.253497270765
3.924567287571651E-6      -7.499999999998658E-9    21391.525551775947
3.926401501737703E-6      -4.999999999999105E-9    21141.460949061708
3.9282357159037545E-6     -2.4999999999995525E-9   20891.386104609555
3.930069930069806E-6      0                        20641.335799959044
3.9229049982411984E-6     -4.999999999999105E-9    21621.824019726097
3.92473921240725E-6       -2.4999999999995525E-9   21371.684275129603
3.926573426573302E-6      0                        21121.58726384979
3.921242708910746E-6      -2.4999999999995525E-9   21852.142574246413
3.923076923076798E-6      0                        21601.927624299293
3.919580419580295E-6      0                        22082.64607069858
3.917744108769906E-6      -2.4999999999995525E-9   22328.970986601005
3.915907797959517E-6      -4.999999999999105E-9    22575.176138800667
3.914071487149127E-6      -7.499999999998658E-9    22821.406121992804
3.912235176338739E-6      -9.99999999999821E-9     23067.549559767212
3.919406398100357E-6      -4.999999999999105E-9    22098.455141439095
3.917570087289968E-6      -7.499999999998658E-9    22344.721234430453
3.915733776479579E-6      -9.99999999999821E-9     22591.012085258073
3.9210686874308095E-6     -7.499999999998658E-9    21868.06121283822
3.9192323766204205E-6     -9.99999999999821E-9     22114.30497027185
3.922730976761261E-6      -9.99999999999821E-9     21637.68743427591
3.9105749836526235E-6     -7.499999999998658E-9    23293.717821424463
3.9124112944630125E-6     -4.999999999999105E-9    23047.561079801835
3.914247605273401E-6      -2.4999999999995525E-9   22801.391857125913
3.91608391608379E-6       0                        22555.24753859893
3.908914790966509E-6      -4.999999999999105E-9    23520.03598061311
3.910751101776898E-6      -2.4999999999995525E-9   23273.80097490929
3.912587412587287E-6      0                        23027.609309556297
3.907254598280395E-6      -2.4999999999995525E-9   23746.37442759936
3.909090909090784E-6      0                        23500.06109429514
3.90559440559428E-6       0                        23972.904357638337
3.903755998139554E-6      -2.4999999999995525E-9   24215.169534807537
3.901917590684828E-6      -4.999999999999105E-9    24457.309176680297
3.900079183230102E-6      -7.499999999998658E-9    24699.474015668136
3.898240775775377E-6      -9.99999999999821E-9     24941.546583537336
3.905416190825669E-6      -4.999999999999105E-9    23988.627331930235
3.903577783370943E-6      -7.499999999998658E-9    24230.831038843728
3.901739375916218E-6      -9.99999999999821E-9     24473.059869465345
3.907076383511783E-6      -7.499999999998658E-9    23762.210387936735
3.905237976057058E-6      -9.99999999999821E-9     24004.391482766343
3.908736576197898E-6      -9.99999999999821E-9     23535.81379526014
3.896582679733599E-6      -7.499999999998658E-9    25163.59910160186
3.898421087188325E-6      -4.999999999999105E-9    24921.5130084317
3.900259494643051E-6      -2.4999999999995525E-9   24679.41205415231
3.902097902097776E-6      0                        24437.336370394813
3.8949245836918215E-6     -4.999999999999105E-9    25385.808293998638
3.8967629911465475E-6     -2.4999999999995525E-9   25143.64079937721
3.898601398601273E-6      0                        24901.517126088685
3.893266487650043E-6      -2.4999999999995525E-9   25608.037974817584
3.8951048951047685E-6     0                        25365.789015229275
3.891608391608265E-6      0                        25830.465527078108
3.889767887509203E-6      -2.4999999999995525E-9   26068.508567675075
3.88792738341014E-6       -4.999999999999105E-9    26306.420428690853
3.886086879311077E-6      -7.499999999998658E-9    26544.35785475588
3.89142598355098E-6       -4.999999999999105E-9    25846.068808232063
3.889585479451918E-6      -7.499999999998658E-9    26084.04783633996
3.887744975352855E-6      -9.99999999999821E-9     26322.052355909746
3.893084079592758E-6      -7.499999999998658E-9    25623.757492490047
3.891243575493695E-6      -9.99999999999821E-9     25861.713631632567
3.8947421756345365E-6     -9.99999999999821E-9     25401.466728685922
3.884430879913636E-6      -4.999999999999105E-9    26762.15279746319
3.8862713840126995E-6     -2.4999999999995525E-9   26524.282358291613
3.888111888111762E-6      0                        26286.437557756522
3.882774880516195E-6      -2.4999999999995525E-9   26980.040511715204
3.8846153846152576E-6     0                        26742.147076966874
3.881118881118754E-6      0                        27197.948850747507
3.06688515855605E-6       0                        25829.09834372128
3.064808054410445E-6      -2.4999999999995525E-9   25835.38768702829
3.0627309502648403E-6     -4.999999999999105E-9    25841.861451885372
3.060653846119236E-6      -7.499999999998658E-9    25848.34235165223
3.058576741973631E-6      -9.99999999999821E-9     25855.093317174193
3.068306654551286E-6      -2.4999999999995525E-9   25828.69534386731
3.0662295504056816E-6     -4.999999999999105E-9    25834.980889626488
3.0641524462600763E-6     -7.499999999998658E-9    25841.28228781706
3.062075342114472E-6      -9.99999999999821E-9     25847.5907989651
3.0697281505465216E-6     -4.999999999999105E-9    25828.035583110224
3.0676510464009167E-6     -7.499999999998658E-9    25834.401959385294
3.0655739422553123E-6     -9.99999999999821E-9     25840.69846033081
3.0711496465417576E-6     -7.499999999998658E-9    25827.37918073132
3.0690725423961528E-6     -9.99999999999821E-9     25833.82640075784
3.0725711425369932E-6     -9.99999999999821E-9     25826.40957239743
3.057160984494688E-6      -7.499999999998658E-9    25858.78467902016
3.0592380886402925E-6     -4.999999999999105E-9    25851.973607039647
3.061315192785897E-6      -2.4999999999995525E-9   25845.320304227072
3.0633922969315022E-6     0                        25838.67415827659
3.0557452270157447E-6     -4.999999999999105E-9    25862.184473843183
3.057822331161349E-6      -2.4999999999995525E-9   25855.448776751546
3.059899435306954E-6      0                        25848.790562267037
3.0543294695368014E-6     -2.4999999999995525E-9   25865.587651900038
3.0564065736824063E-6     0                        25858.927317130037
3.052913712057858E-6      0                        25868.747941878533
3.0508308693959605E-6     -2.4999999999995525E-9   25878.58038957094
3.048748026734063E-6      -4.999999999999105E-9    25888.58835758292
3.0466651840721654E-6     -7.499999999998658E-9    25898.60360542097
3.0445823414102683E-6     -9.99999999999821E-9     25908.871272255972
3.052246626874904E-6      -4.999999999999105E-9    25875.41601893853
3.0501637842130063E-6     -7.499999999998658E-9    25885.261592992156
3.0480809415511087E-6     -9.99999999999821E-9     25895.114425812404
3.053662384353847E-6      -7.499999999998658E-9    25872.088149969903
3.0515795416919496E-6     -9.99999999999821E-9     25881.928759118186
3.05507814183279E-6       -9.99999999999821E-9     25868.763676802322
3.043172322447618E-6      -7.499999999998658E-9    25915.029078876403
3.045255165109515E-6      -4.999999999999105E-9    25904.704371014697
3.0473380077714123E-6     -2.4999999999995525E-9   25894.526695508892
3.04942085043331E-6       0                        25884.356320888604
3.0417623034849674E-6     -4.999999999999105E-9    25920.914993138253
3.043845146146865E-6      -2.4999999999995525E-9   25910.66054498034
3.045927988808762E-6      0                        25900.47789191924
3.040352284522317E-6      -2.4999999999995525E-9   25926.80431272703
3.042435127184214E-6      0                        25916.620112346114
3.038942265559666E-6      0                        25932.46368632712
3.036853684381476E-6      -2.4999999999995525E-9   25945.566725174765
3.034765103203286E-6      -4.999999999999105E-9    25958.836833729874
3.032676522025096E-6      -7.499999999998658E-9    25972.1143640714
3.030587940846906E-6      -9.99999999999821E-9     25985.628253533952
3.038263703344127E-6      -4.999999999999105E-9    25939.903048777625
3.0361751221659363E-6     -7.499999999998658E-9    25953.01991754132
3.0340865409877465E-6     -9.99999999999821E-9     25966.14418789713
3.039673722306777E-6      -7.499999999998658E-9    25934.083925190054
3.037585141128587E-6      -9.99999999999821E-9     25947.195764622647
3.0410837412694274E-6     -9.99999999999821E-9     25928.26821885619
3.029183660400548E-6      -7.499999999998658E-9    25994.02583264431
3.0312722415787383E-6     -4.999999999999105E-9    25980.457583525073
3.0333608227569286E-6     -2.4999999999995525E-9   25967.026782258807
3.0354494039351184E-6     0                        25953.603422973283
3.02777937995419E-6       -4.999999999999105E-9    26002.169454111623
3.02986796113238E-6       -2.4999999999995525E-9   25988.66663977898
3.03195654231057E-6       0                        25975.230798242592
3.026375099507832E-6      -2.4999999999995525E-9   26010.316500363027
3.0284636806860224E-6     0                        25996.879109503883
3.0249708190614742E-6     0                        26018.24558457316
3.0228764993669913E-6     -2.4999999999995525E-9   26034.37484479329
3.0207821796725088E-6     -4.999999999999105E-9    26050.663051982556
3.0186878599780263E-6     -7.499999999998658E-9    26066.958820048967
3.0165935402835433E-6     -9.99999999999821E-9     26083.476273676395
3.0242807798133492E-6     -4.999999999999105E-9    26026.44133758372
3.0221864601188663E-6     -7.499999999998658E-9    26042.58464925371
3.0200921404243842E-6     -9.99999999999821E-9     26058.735502444863
3.025685060259707E-6      -7.499999999998658E-9    26018.359664442498
3.0235907405652247E-6     -9.99999999999821E-9     26034.497885479024
3.0270893407060656E-6     -9.99999999999821E-9     26010.28142739845
3.015194998353478E-6      -7.499999999998658E-9    26093.91129660912
3.017289318047961E-6      -4.999999999999105E-9    26077.341762967106
3.019383637742444E-6      -2.4999999999995525E-9   26060.901070733908
3.021477957436926E-6      0                        26044.467958733832
3.013796456423413E-6      -4.999999999999105E-9    26104.108763578042
3.0158907761178958E-6     -2.4999999999995525E-9   26087.600109787854
3.0179850958123783E-6     0                        26071.154317629676
3.0123979144933476E-6     -2.4999999999995525E-9   26114.30967227336
3.0144922341878305E-6     0                        26097.861887609986
3.0109993725632823E-6     0                        26124.303881032716
3.008899314352507E-6      -2.4999999999995525E-9   26143.23945320551
3.006799256141732E-6      -4.999999999999105E-9    26162.32611638128
3.0046991979309567E-6     -7.499999999998658E-9    26181.42047673899
3.002599139720181E-6      -9.99999999999821E-9     26200.72307792008
3.0102978562825724E-6     -4.999999999999105E-9    26133.240752169073
3.008197798071797E-6      -7.499999999998658E-9    26152.19019835604
3.006097739861022E-6      -9.99999999999821E-9     26171.14732318132
3.0116963982126376E-6     -7.499999999998658E-9    26123.10066360608
3.0095963400018624E-6     -9.99999999999821E-9     26142.044960873565
3.013094940142703E-6      -9.99999999999821E-9     26112.964027494505
3.001206336306408E-6      -7.499999999998658E-9    26213.014219626508
3.0033063945171837E-6     -4.999999999999105E-9    26193.6615777443
3.005406452727959E-6      -2.4999999999995525E-9   26174.429974149003
3.007506510938734E-6      0                        26155.20608627928
2.9998135328926355E-6     -4.999999999999105E-9    26225.082835851586
3.0019135911034107E-6     -2.4999999999995525E-9   26205.786810153597
3.0040136493141864E-6     0                        26186.550049933667
2.9984207294788625E-6     -2.4999999999995525E-9   26237.15490834649
3.0005207876896386E-6     0                        26217.915488671213
2.9970279260650904E-6     0                        26249.031028763693
2.9949221293380225E-6     -2.4999999999995525E-9   26270.574161628276
2.9928163326109546E-6     -4.999999999999105E-9    26292.26081213915
2.9907105358838867E-6     -7.499999999998658E-9    26313.955293432227
2.988604739156819E-6      -9.99999999999821E-9     26335.845651690423
2.996314932751795E-6      -4.999999999999105E-9    26258.693489874466
2.994209136024727E-6      -7.499999999998658E-9    26280.250097323038
2.9921033392976593E-6     -9.99999999999821E-9     26301.814517797346
2.9977077361655676E-6     -7.499999999998658E-9    26246.677975734445
2.9956019394384997E-6     -9.99999999999821E-9     26268.229378890544
2.99910053957934E-6       -9.99999999999821E-9     26234.66592802576
2.987217674259339E-6      -7.499999999998658E-9    26349.829744180886
2.9893234709864064E-6     -4.999999999999105E-9    26327.891302498578
2.9914292677134743E-6     -2.4999999999995525E-9   26306.06675420902
2.993535064440542E-6      0                        26284.250054458134
2.9858306093618587E-6     -4.999999999999105E-9    26363.605151724703
2.9879364060889265E-6     -2.4999999999995525E-9   26341.719383990225
2.9900422028159944E-6     0                        26319.889625230488
2.9844435444643788E-6     -2.4999999999995525E-9   26377.38402779401
2.9865493411914462E-6     0                        26355.550924385745
2.9830564795668985E-6     0                        26390.97723665812
2.980944944323538E-6      -2.4999999999995525E-9   26414.947547585725
2.9788334090801773E-6     -4.999999999999105E-9    26439.054177903297
2.9767218738368167E-6     -7.499999999998658E-9    26463.168769977943
2.974610338593456E-6      -9.99999999999821E-9     26487.46783270827
2.9823320092210178E-6     -4.999999999999105E-9    26401.349722373365
2.9802204739776576E-6     -7.499999999998658E-9    26425.33307607632
2.978108938734297E-6      -9.99999999999821E-9     26449.324374542568
2.983719074118498E-6      -7.499999999998658E-9    26387.623464248216
2.9816075388751375E-6     -9.99999999999821E-9     26411.60156109895
2.9851061390159784E-6     -9.99999999999821E-9     26373.900684270175
2.973229012212269E-6      -7.499999999998658E-9    26502.99752977096
2.9753405474556295E-6     -4.999999999999105E-9    26478.652347878946
2.9774520826989897E-6     -2.4999999999995525E-9   26454.414457488878
2.9795636179423507E-6     0                        26430.18454584967
2.9718476858310814E-6     -4.999999999999105E-9    26518.331351380013
2.973959221074442E-6      -2.4999999999995525E-9   26494.03524981688
2.9760707563178025E-6     0                        26469.792097867554
2.970466359449894E-6      -2.4999999999995525E-9   26533.668651589054
2.9725778946932547E-6     0                        26509.421621250396
2.9690850330687065E-6     0                        26548.830123823598
2.9669677593090533E-6     -2.4999999999995525E-9   26575.063589563662
2.9648504855494E-6        -4.999999999999105E-9    26601.42664157469
2.962733211789747E-6      -7.499999999998658E-9    26627.79778376934
2.960615938030094E-6      -9.99999999999821E-9     26654.342821794213
2.968349085690241E-6      -4.999999999999105E-9    26559.89741850936
2.9662318119305876E-6     -7.499999999998658E-9    26586.143621279272
2.9641145381709348E-6     -9.99999999999821E-9     26612.39789797799
2.969730412071428E-6      -7.499999999998658E-9    26544.609144388924
2.9676131383117752E-6     -9.99999999999821E-9     26570.850040463672
2.9711117384526157E-6     -9.99999999999821E-9     26529.32435797286
2.9551135865705146E-6     0                        26721.399386616835
2.9529905742945687E-6     -2.4999999999995525E-9   26749.746452719675
2.9508675620186227E-6     -4.999999999999105E-9    26778.21680548486
2.9487445497426768E-6     -7.499999999998658E-9    26806.69537438696
2.9466215374667312E-6     -9.99999999999821E-9     26835.338040843508
2.9564891744354096E-6     -2.4999999999995525E-9   26704.804343958625
2.9543661621594636E-6     -4.999999999999105E-9    26733.146609535113
2.9522431498835176E-6     -7.499999999998658E-9    26761.50618596692
2.950120137607572E-6      -9.99999999999821E-9     26789.873962996746
2.9578647623003045E-6     -4.999999999999105E-9    26688.0428318548
2.9557417500243585E-6     -7.499999999998658E-9    26716.43082687839
2.9536187377484126E-6     -9.99999999999821E-9     26744.785049395847
2.9592403501651994E-6     -7.499999999998658E-9    26671.284806346408
2.9571173378892534E-6     -9.99999999999821E-9     26699.71853942606
2.9613576239248527E-6     -4.999999999999105E-9    26644.695623851683
2.9634748976845055E-6     -2.4999999999995525E-9   26618.207612869996
2.9655921714441584E-6     0                        26591.727708326747
2.9599820360599573E-6     -2.4999999999995525E-9   26661.49943134426
2.9620993098196106E-6     0                        26635.006110376322
2.958606448195063E-6      0                        26678.306716823303
2.9452516881181294E-6     -7.499999999998658E-9    26853.571420089764
2.947374700394075E-6      -4.999999999999105E-9    26824.886533524317
2.949497712670021E-6      -2.4999999999995525E-9   26796.297170822014
2.951620724945967E-6      0                        26767.71603979554
2.943881838769527E-6      -4.999999999999105E-9    26871.631911638382
2.946004851045473E-6      -2.4999999999995525E-9   26842.989751436544
2.9481278633214187E-6     0                        26814.395032891967
2.942511989420925E-6      -2.4999999999995525E-9   26889.695895796744
2.944635001696871E-6      0                        26861.096453824037
2.9411421400723227E-6     0                        26907.60221742386
2.9390133892800845E-6     -2.4999999999995525E-9   26937.926209379293
2.936884638487846E-6      -4.999999999999105E-9    26968.367583608622
2.934755887695607E-6      -7.499999999998658E-9    26998.817297527894
2.932627136903369E-6      -9.99999999999821E-9     27029.421963376648
2.9403832386286863E-6     -4.999999999999105E-9    26920.015013754797
2.9382544878364476E-6     -7.499999999998658E-9    26950.351320647464
2.9361257370442094E-6     -9.99999999999821E-9     26980.695952384765
2.9417530879772885E-6     -7.499999999998658E-9    26901.99370506806
2.93962433718505E-6       -9.99999999999821E-9     26932.324613360935
2.9431229373258903E-6     -9.99999999999821E-9     26883.97589712554
2.9271706935741308E-6     0                        27106.451301021505
2.9250362042656E-6        -2.4999999999995525E-9   27138.626970325295
2.9229017149570685E-6     -4.999999999999105E-9    27170.914412775295
2.9207672256485376E-6     -7.499999999998658E-9    27203.21031613886
2.9186327363400063E-6     -9.99999999999821E-9     27235.652676189242
2.9285348044064408E-6     -2.4999999999995525E-9   27087.344857941906
2.9264003150979094E-6     -4.999999999999105E-9    27119.515585266003
2.924265825789378E-6      -7.499999999998658E-9    27151.703308937736
2.9221313364808467E-6     -9.99999999999821E-9     27183.899479349693
2.92989891523875E-6       -4.999999999999105E-9    27068.089071213304
2.9277644259302185E-6     -7.499999999998658E-9    27100.299599851303
2.9256299366216876E-6     -9.99999999999821E-9     27132.48188268475
2.93126302607106E-6       -7.499999999998658E-9    27048.836781221493
2.9291285367625285E-6     -9.99999999999821E-9     27081.08711885345
2.933391776863298E-6      -4.999999999999105E-9    27018.19168759244
2.9355205276555363E-6     -2.4999999999995525E-9   26987.63689087562
2.9376492784477745E-6     0                        26957.09044869403
2.932027666030988E-6      -2.4999999999995525E-9   27037.483828201104
2.9341564168232267E-6     0                        27006.923632268918
2.9306635551986786E-6     0                        27056.779457866494
2.91727436402399E-6       -7.499999999998658E-9    27256.14881017361
2.9194088533325208E-6     -4.999999999999105E-9    27223.667689279835
2.9215433426410517E-6     -2.4999999999995525E-9   27191.272053612418
2.923677831949583E-6      0                        27158.884893031885
2.9159159917079726E-6     -4.999999999999105E-9    27276.49205955399
2.918050481016504E-6      -2.4999999999995525E-9   27244.04808896133
2.920184970325035E-6      0                        27211.647013103367
2.914557619391956E-6      -2.4999999999995525E-9   27296.838808000903
2.916692108700487E-6      0                        27264.43198046439
2.913199247075939E-6      0                        27317.044032434995
2.9110590192511153E-6     -2.4999999999995525E-9   27350.956432296705
2.9089187914262917E-6     -4.999999999999105E-9    27384.975293375006
2.906778563601468E-6      -7.499999999998658E-9    27419.002734329883
2.904638335776644E-6      -9.99999999999821E-9     27453.168720014797
2.9124173915671325E-6     -4.999999999999105E-9    27330.74622250264
2.910277163742309E-6      -7.499999999998658E-9    27364.670366957555
2.9081369359174845E-6     -9.99999999999821E-9     27398.603077766733
2.913775763883149E-6      -7.499999999998658E-9    27310.436576588807
2.9116355360583254E-6     -9.99999999999821E-9     27344.35524033009
2.915134136199166E-6      -9.99999999999821E-9     27290.130436986445
2.899227800577747E-6      0                        27538.553631631283
2.8970818342366307E-6     -2.4999999999995525E-9   27574.097034947707
2.8949358678955144E-6     -4.999999999999105E-9    27609.74182147019
2.8927899015543976E-6     -7.499999999998658E-9    27645.395304638438
2.8906439352132818E-6     -9.99999999999821E-9     27681.179960489128
2.9005804343774715E-6     -2.4999999999995525E-9   27517.34220224149
2.898434468036355E-6      -4.999999999999105E-9    27552.880594031234
2.8962885016952385E-6     -7.499999999998658E-9    27588.435371869
2.8941425353541222E-6     -9.99999999999821E-9     27623.998833460937
2.9019330681771953E-6     -4.999999999999105E-9    27495.99667026719
2.899787101836079E-6      -7.499999999998658E-9    27531.569619135735
2.8976411354949627E-6     -9.99999999999821E-9     27567.118878666784
2.90328570197692E-6       -7.499999999998658E-9    27474.654637978027
2.901139735635803E-6      -9.99999999999821E-9     27510.26215075371
2.9054259298017435E-6     -4.999999999999105E-9    27440.45142003691
2.907566157626567E-6      -2.4999999999995525E-9   27406.329250800198
2.9097063854513907E-6     0                        27372.21567496241
2.904073296002019E-6      -2.4999999999995525E-9   27461.828055690145
2.906213523826843E-6      0                        27427.700407603672
2.902720662202295E-6      0                        27483.208184200183
2.88929703992985E-6       -7.499999999998658E-9    27703.571943307652
2.891443006270966E-6      -4.999999999999105E-9    27667.751490242452
2.893588972612083E-6      -2.4999999999995525E-9   27632.007988532438
2.8957349389531988E-6     0                        27596.273196359783
2.8879501446464184E-6     -4.999999999999105E-9    27725.828452124857
2.8900961109875347E-6     -2.4999999999995525E-9   27690.040214937053
2.892242077328651E-6      0                        27654.29119795489
2.8866032493629865E-6     -2.4999999999995525E-9   27748.08845961724
2.8887492157041032E-6     0                        27712.332431877338
2.885256354079555E-6      0                        27770.221347709474
2.8831046492221456E-6     -2.4999999999995525E-9   27807.298311241186
2.880952944364737E-6      -4.999999999999105E-9    27844.471861267462
2.8788012395073276E-6     -7.499999999998658E-9    27881.654222579476
2.876649534649919E-6      -9.99999999999821E-9     27918.960858830225
2.8844515445055775E-6     -4.999999999999105E-9    27785.160421366418
2.882299839648169E-6      -7.499999999998658E-9    27822.248396172665
2.8801481347907595E-6     -9.99999999999821E-9     27859.3451699842
2.8857984397890094E-6     -7.499999999998658E-9    27762.932584898655
2.8836467349316004E-6     -9.99999999999821E-9     27800.01500600945
2.887145335072441E-6      -9.99999999999821E-9     27740.70825353556
2.87530837788278E-6       -7.499999999998658E-9    27942.182162792098
2.877460082740189E-6      -4.999999999999105E-9    27904.84104272583
2.8796117875975983E-6     -2.4999999999995525E-9   27867.573098074838
2.881763492455007E-6      0                        27830.313976990037
2.873967221115641E-6      -4.999999999999105E-9    27965.275906184408
2.87611892597305E-6       -2.4999999999995525E-9   27927.964749308267
2.878270630830459E-6      0                        27890.69125512331
2.872626064348502E-6      -2.4999999999995525E-9   27988.3731456924
2.874777769205911E-6      0                        27951.091945958724
2.871284907581363E-6      0                        28011.349859740916
2.869127464207661E-6      -2.4999999999995525E-9   28049.87044268628
2.8669700208339598E-6     -4.999999999999105E-9    28088.483044368364
2.864812577460258E-6      -7.499999999998658E-9    28127.104569909567
2.862655134086557E-6      -9.99999999999821E-9     28165.84391381105
2.8704686209748002E-6     -4.999999999999105E-9    28026.88877234504
2.868311177601099E-6      -7.499999999998658E-9    28065.419978719925
2.8661537342273977E-6     -9.99999999999821E-9     28103.96009726564
2.8718097777419394E-6     -7.499999999998658E-9    28003.821452558503
2.869652334368238E-6      -9.99999999999821E-9     28042.34707197841
2.8731509345090786E-6     -9.99999999999821E-9     27980.75763493528
3.074642508166306E-6      -7.499999999998658E-9    25823.478199361
3.0767138737956176E-6     -4.999999999999105E-9    25820.836337197405
3.07878523942493E-6       -2.4999999999995525E-9   25818.20146198225
3.080856605054242E-6      0                        25815.760585835076
3.0732210121710694E-6     -4.999999999999105E-9    25824.384418172052
3.0752923778003815E-6     -2.4999999999995525E-9   25821.559394718708
3.0773637434296937E-6     0                        25818.74138108776
3.0717995161758338E-6     -2.4999999999995525E-9   25825.121719040235
3.073870881805146E-6      0                        25822.29185307968
3.070378020180598E-6      0                        25825.86236505104
3.08228383956577E-6       -2.4999999999995525E-9   25818.406846825186
3.0802124739364584E-6     -4.999999999999105E-9    25820.844191332755
3.078141108307146E-6      -7.499999999998658E-9    25823.295944404734
3.0760697426778337E-6     -9.99999999999821E-9     25825.75466155122
3.0837110740772985E-6     -4.999999999999105E-9    25820.781620062822
3.0816397084479863E-6     -7.499999999998658E-9    25823.30591363818
3.079568342818674E-6      -9.99999999999821E-9     25825.752840475558
3.0851383085888268E-6     -7.499999999998658E-9    25823.15972392787
3.0830669429595146E-6     -9.99999999999821E-9     25825.77098050416
3.0865655431003555E-6     -9.99999999999821E-9     25825.200791347637
3.0886311702133754E-6     -7.499999999998658E-9    25826.4298578886
3.090696797326395E-6      -4.999999999999105E-9    25827.969905423895
3.0927624244394148E-6     -2.4999999999995525E-9   25829.51678880886
3.094828051552434E-6      0                        25831.267771322407
3.0872039357018467E-6     -4.999999999999105E-9    25824.322182884585
3.0892695628148666E-6     -2.4999999999995525E-9   25825.667621564542
3.091335189927886E-6      0                        25827.019919919738
3.0857767011903184E-6     -2.4999999999995525E-9   25822.03109831139
3.087842328303338E-6      0                        25823.37176704766
3.08434946667879E-6       0                        25819.743330432448
3.0962610245802544E-6     -2.4999999999995525E-9   25837.294749796296
3.094195397467235E-6      -4.999999999999105E-9    25835.540452445974
3.092129770354216E-6      -7.499999999998658E-9    25833.799002221625
3.090064143241196E-6      -9.99999999999821E-9     25832.064364021375
3.0976939976080758E-6     -4.999999999999105E-9    25843.035036975467
3.0956283704950563E-6     -7.499999999998658E-9    25841.374502852428
3.093562743382037E-6      -9.99999999999821E-9     25839.628300874774
3.0991269706358968E-6     -7.499999999998658E-9    25848.778623996765
3.0970613435228777E-6     -9.99999999999821E-9     25847.21186776249
3.100559943663718E-6      -9.99999999999821E-9     25854.158806010277
3.1786567305415854E-6     0                        26724.827983578023
3.1766255345263216E-6     -2.4999999999995525E-9   26687.434860889105
3.174594338511058E-6      -4.999999999999105E-9    26650.297446033284
3.172563142495794E-6      -7.499999999998658E-9    26613.1658886804
3.1705319464805303E-6     -9.99999999999821E-9     26576.545086879112
3.180124134667162E-6      -2.4999999999995525E-9   26761.696011458418
3.1780929386518983E-6     -4.999999999999105E-9    26724.30218936578
3.1760617426366345E-6     -7.499999999998658E-9    26686.87882756691
3.1740305466213707E-6     -9.99999999999821E-9     26649.46129299617
3.1815915387927387E-6     -4.999999999999105E-9    26798.186284036925
3.179560342777475E-6      -7.499999999998658E-9    26760.94252726104
3.177529146762211E-6      -9.99999999999821E-9     26723.514941154765
3.183058942918316E-6      -7.499999999998658E-9    26834.67959908618
3.181027746903052E-6      -9.99999999999821E-9     26797.58592742907
3.1845263470438925E-6     -9.99999999999821E-9     26870.557637076523
3.1690702808712463E-6     -7.499999999998658E-9    26547.45706948902
3.1711014768865096E-6     -4.999999999999105E-9    26583.990133682924
3.173132672901774E-6      -2.4999999999995525E-9   26620.835682351375
3.1751638689170376E-6     0                        26657.68711879756
3.167608615261962E-6      -4.999999999999105E-9    26517.812095050926
3.1696398112772256E-6     -2.4999999999995525E-9   26554.484032070195
3.1716710072924894E-6     0                        26591.325324964684
3.166146949652678E-6      -2.4999999999995525E-9   26488.170215527745
3.1681781456679416E-6     0                        26524.981006534144
3.1646852840433934E-6     0                        26458.164297596395
3.162648349511837E-6      -2.4999999999995525E-9   26428.372884095457
3.1606114149802805E-6     -4.999999999999105E-9    26398.8324332463
3.158574480448724E-6      -7.499999999998658E-9    26369.29801209418
3.1565375459171676E-6     -9.99999999999821E-9     26340.228831204437
3.164110015121122E-6      -4.999999999999105E-9    26458.37719603267
3.162073080589565E-6      -7.499999999998658E-9    26428.56981880058
3.160036146058008E-6      -9.99999999999821E-9     26398.76844216785
3.1655716807304054E-6     -7.499999999998658E-9    26488.157862741
3.163534746198849E-6      -9.99999999999821E-9     26458.34616293296
3.16703334633969E-6       -9.99999999999821E-9     26517.9416432025
3.1507138375452015E-6     0                        26245.799941734385
3.1486711644973524E-6     -2.4999999999995525E-9   26222.80549075963
3.1466284914495032E-6     -4.999999999999105E-9    26200.054615444664
3.144585818401654E-6      -7.499999999998658E-9    26177.309938190105
3.1425431453538053E-6     -9.99999999999821E-9     26154.991182301823
3.1521697646381932E-6     -2.4999999999995525E-9   26269.793998729598
3.150127091590344E-6      -4.999999999999105E-9    26246.79728493908
3.148084418542495E-6      -7.499999999998658E-9    26223.79676727474
3.146041745494646E-6      -9.99999999999821E-9     26200.802419704458
3.1536256917311846E-6     -4.999999999999105E-9    26293.4391913278
3.151583018683336E-6      -7.499999999998658E-9    26270.57080047901
3.1495403456354867E-6     -9.99999999999821E-9     26247.565866340687
3.1550816188241763E-6     -7.499999999998658E-9    26317.087527202308
3.153038945776327E-6      -9.99999999999821E-9     26294.347477217583
3.1571185533557327E-6     -4.999999999999105E-9    26346.073434345442
3.159155487887289E-6      -2.4999999999995525E-9   26375.34087100492
3.1611924224188452E-6     0                        26404.614366459093
3.155662626262741E-6      -2.4999999999995525E-9   26322.553504221036
3.1576995607942975E-6     0                        26351.81658929253
3.1542066991697493E-6     0                        26299.0366994506
3.1410929567771063E-6     -7.499999999998658E-9    26137.09441454422
3.1431356298249554E-6     -4.999999999999105E-9    26159.333896105796
3.1451783028728046E-6     -2.4999999999995525E-9   26181.82887638003
3.1472209759206537E-6     0                        26204.330082681023
3.1396427682004077E-6     -4.999999999999105E-9    26118.733812054496
3.141685441248257E-6      -2.4999999999995525E-9   26141.091984856866
3.1437281142961056E-6     0                        26163.582521992495
3.1381925796237086E-6     -2.4999999999995525E-9   26100.376397329095
3.1402352526715578E-6     0                        26122.853244322243
3.1367423910470096E-6     0                        26081.68579056812
3.134693979482868E-6      -2.4999999999995525E-9   26064.80523422702
3.1326455679187263E-6     -4.999999999999105E-9    26048.159270171796
3.130597156354585E-6      -7.499999999998658E-9    26031.519668851368
3.128548744790443E-6      -9.99999999999821E-9     26015.271703751176
3.136144168059567E-6      -4.999999999999105E-9    26083.493150289705
3.134095756495425E-6      -7.499999999998658E-9    26066.613218131402
3.1320473449312835E-6     -9.99999999999821E-9     26049.739621831293
3.137594356636266E-6      -7.499999999998658E-9    26101.969176162525
3.135545945072124E-6      -9.99999999999821E-9     26085.08473782223
3.1390445452129645E-6     -9.99999999999821E-9     26120.448406849668
3.1227709445488177E-6     0                        25960.706584897704
3.120716794468383E-6      -2.4999999999995525E-9   25949.354236909836
3.118662644387949E-6      -4.999999999999105E-9    25938.226569925628
3.1166084943075145E-6     -7.499999999998658E-9    25927.105426789392
3.1145543442270804E-6     -9.99999999999821E-9     25916.345782360626
3.124215394609224E-6      -2.4999999999995525E-9   25974.69089987333
3.12216124452879E-6       -4.999999999999105E-9    25963.33560064636
3.120107094448356E-6      -7.499999999998658E-9    25951.98820585899
3.118052944367921E-6      -9.99999999999821E-9     25940.64730909467
3.1256598446696304E-6     -4.999999999999105E-9    25988.35771340697
3.123605694589196E-6      -7.499999999998658E-9    25977.112016414336
3.1215515445087617E-6     -9.99999999999821E-9     25965.760029762205
3.1271042947300367E-6     -7.499999999998658E-9    26002.027755511983
3.125050144649602E-6      -9.99999999999821E-9     25990.891676971347
3.1291527062941786E-6     -4.999999999999105E-9    26018.199949826598
3.13120111785832E-6       -2.4999999999995525E-9   26034.605531751913
3.1332495294224614E-6     0                        26051.017503288618
3.127708256233772E-6      -2.4999999999995525E-9   26004.63958744095
3.1297566677979136E-6     0                        26021.040638768834
3.126263806173366E-6      0                        25991.082437408993
3.1131156326829663E-6     -7.499999999998658E-9    25907.250526614385
3.115169782763401E-6      -4.999999999999105E-9    25917.9375447946
3.117223932843835E-6      -2.4999999999995525E-9   25928.83891204556
3.1192780829242695E-6     0                        25939.746828969437
3.111676921138853E-6      -4.999999999999105E-9    25897.762403047564
3.1137310712192876E-6     -2.4999999999995525E-9   25908.550808308726
3.1157852212997217E-6     0                        25919.447561437722
3.110238209594739E-6      -2.4999999999995525E-9   25888.277545356104
3.1122923596751735E-6     0                        25899.167322275913
3.1087994980506258E-6     0                        25878.490680397575
3.106739609453899E-6      -2.4999999999995525E-9   25872.15987053388
3.104679720857172E-6      -4.999999999999105E-9    25866.04345773018
3.1026198322604454E-6     -7.499999999998658E-9    25859.93372644327
3.1081783209980126E-6     -4.999999999999105E-9    25881.943599212256
3.1061184324012854E-6     -7.499999999998658E-9    25875.620497362223
3.104058543804559E-6      -9.99999999999821E-9     25869.304052220337
3.1096170325421263E-6     -7.499999999998658E-9    25891.529769009758
3.1075571439453995E-6     -9.99999999999821E-9     25885.201993485178
3.11105574408624E-6       -9.99999999999821E-9     25901.119220104927
3.101186859232624E-6      -4.999999999999105E-9    25854.483905398647
3.103246747829351E-6      -2.4999999999995525E-9   25860.38690264674
3.1053066364260776E-6     0                        25866.296606220276
3.0997538862048026E-6     -2.4999999999995525E-9   25848.83415416102
3.10181377480153E-6       0                        25854.732457550715
3.0983209131769816E-6     0                        25843.187688104055
3.346314088519889E-6      0                        40228.77054536477
3.3443517547001365E-6     -2.4999999999995525E-9   39870.23123648014
3.342389420880384E-6      -4.999999999999105E-9    39509.03276006595
3.340427087060632E-6      -7.499999999998658E-9    39147.83771662088
3.3384647532408795E-6     -9.99999999999821E-9     38789.92045169827
3.3478503548409774E-6     -2.4999999999995525E-9   40631.63423568619
3.345888021021225E-6      -4.999999999999105E-9    40273.16696672023
3.3439256872014723E-6     -7.499999999998658E-9    39911.50590410033
3.3419633533817204E-6     -9.99999999999821E-9     39549.84822979744
3.3493866211620655E-6     -4.999999999999105E-9    41036.82808683134
3.347424287342313E-6      -7.499999999998658E-9    40678.55831408724
3.345461953522561E-6      -9.99999999999821E-9     40316.89460820268
3.3509228874831536E-6     -7.499999999998658E-9    41442.02397013972
3.3489605536634013E-6     -9.99999999999821E-9     41083.95172346928
3.3524591538042417E-6     -9.99999999999821E-9     41842.7352935886
3.3544157491077014E-6     -7.499999999998658E-9    42292.700833110386
3.356372344411161E-6      -4.999999999999105E-9    42746.81172768543
3.3583289397146207E-6     -2.4999999999995525E-9   43200.925836309434
3.3602855350180807E-6     0                        43651.332280037874
3.3528794827866133E-6     -4.999999999999105E-9    41892.134151561724
3.3548360780900725E-6     -2.4999999999995525E-9   42345.84507935557
3.3567926733935326E-6     0                        42799.55926272547
3.351343216465525E-6      -2.4999999999995525E-9   41487.13588442
3.3532998117689848E-6     0                        41940.84425904232
3.349806950144437E-6      0                        41082.139619589965
3.361827539855462E-6      -2.4999999999995525E-9   44169.16836336252
3.359870944552002E-6      -4.999999999999105E-9    43718.82602869696
3.357914349248542E-6      -7.499999999998658E-9    43264.31204882341
3.355957753945082E-6      -9.99999999999821E-9     42809.80124147159
3.363369544692843E-6      -4.999999999999105E-9    44690.48256564087
3.3614129493893827E-6     -7.499999999998658E-9    44240.36699202633
3.359456354085923E-6      -9.99999999999821E-9     43785.85051298542
3.364911549530224E-6      -7.499999999998658E-9    45211.79871157235
3.3629549542267635E-6     -9.99999999999821E-9     44761.90992408484
3.3664535543676044E-6     -9.99999999999821E-9     45727.39815089097
3.336934225436084E-6      -7.499999999998658E-9    38475.306118365195
3.3388965592558364E-6     -4.999999999999105E-9    38833.25019433271
3.3408588930755883E-6     -2.4999999999995525E-9   39193.982545834915
3.342821226895341E-6      0                        39554.71837495854
3.335403697631288E-6      -4.999999999999105E-9    38157.139987859
3.3373660314510405E-6     -2.4999999999995525E-9   38515.29128940002
3.339328365270793E-6      0                        38876.020936552435
3.3338731698264923E-6     -2.4999999999995525E-9   37838.97599190202
3.3358355036462447E-6     0                        38197.334487468885
3.332342642021697E-6      0                        37522.25460315346
3.3303745696856523E-6     -2.4999999999995525E-9   37233.413087731504
3.328406497349607E-6      -4.999999999999105E-9    36942.77744222114
3.326438425013562E-6      -7.499999999998658E-9    36652.145454345395
3.324470352677517E-6      -9.99999999999821E-9     36364.134352401445
3.3319050974904473E-6     -4.999999999999105E-9    37550.200795917386
3.3299370251544023E-6     -7.499999999998658E-9    37259.06424263383
3.3279689528183573E-6     -9.99999999999821E-9     36967.93130166609
3.333435625295243E-6      -7.499999999998658E-9    37868.57189297107
3.331467552959198E-6      -9.99999999999821E-9     37577.43254240871
3.334966153100039E-6      -9.99999999999821E-9     38186.94515612169
3.322945563389014E-6      -7.499999999998658E-9    36114.30523702652
3.324913635725059E-6      -4.999999999999105E-9    36402.269988243905
3.326881708061104E-6      -2.4999999999995525E-9   36692.4009602376
3.3288497803971487E-6     0                        36982.53563518481
3.321420774100511E-6      -4.999999999999105E-9    35861.63190301147
3.323388846436556E-6      -2.4999999999995525E-9   36149.81924208859
3.325356918772601E-6      0                        36439.94735401348
3.319895984812008E-6      -2.4999999999995525E-9   35608.960809610086
3.3218640571480528E-6     0                        35897.37070495788
3.318371195523505E-6      0                        35357.087725724006
3.3163973846711677E-6     -2.4999999999995525E-9   35121.74055924089
3.31442357381883E-6       -4.999999999999105E-9    34885.25625579116
3.3124497629664923E-6     -7.499999999998658E-9    34648.77583422777
3.3104759521141545E-6     -9.99999999999821E-9     34414.417818954804
3.317922173959671E-6      -4.999999999999105E-9    35373.66931869712
3.3159483631073327E-6     -7.499999999998658E-9    35136.670011426955
3.313974552254995E-6      -9.99999999999821E-9     34899.67454135443
3.319446963248173E-6      -7.499999999998658E-9    35626.562875638934
3.3174731523958355E-6     -9.99999999999821E-9     35389.5606155697
3.320971752536676E-6      -9.99999999999821E-9     35879.45870478346
3.513986013985858E-6      0                        64665.37655397071
3.5120889004897004E-6     -2.4999999999995525E-9   65911.02355269695
3.5101917869935433E-6     -4.999999999999105E-9    67584.74200918851
3.5082946734973858E-6     -7.499999999998658E-9    69258.49246969953
3.5063975600012287E-6     -9.99999999999821E-9     72145.33477111557
3.5155875006305413E-6     -2.4999999999995525E-9   65075.55111436345
3.513690387134384E-6      -4.999999999999105E-9    66023.37706789628
3.5117932736382262E-6     -7.499999999998658E-9    67190.38155665099
3.509896160142069E-6      -9.99999999999821E-9     68357.41821488015
3.5171889872752247E-6     -4.999999999999105E-9    64935.73646928056
3.515291873779067E-6      -7.499999999998658E-9    65970.45485937229
3.5133947602829096E-6     -9.99999999999821E-9     67137.4319243735
3.518790473919908E-6      -7.499999999998658E-9    64795.94525013194
3.51689336042375E-6       -9.99999999999821E-9     65917.55602676122
3.520391960564591E-6      -9.99999999999821E-9     64609.511762307455
3.3684044111547714E-6     -7.499999999998658E-9    46299.38567689367
3.3703552679419383E-6     -4.999999999999105E-9    46876.66687720857
3.3723061247291053E-6     -2.4999999999995525E-9   47453.95108989609
3.3742569815162727E-6     0                        48026.45599965477
3.3668624063173906E-6     -4.999999999999105E-9    45784.10478085239
3.368813263104558E-6      -2.4999999999995525E-9   46361.04725967729
3.3707641198917245E-6     0                        46937.99278480492
3.3653204014800097E-6     -2.4999999999995525E-9   45263.01550264217
3.3672712582671767E-6     0                        45839.95556389402
3.3637783966426285E-6     0                        44741.92814300928
3.3758047248699466E-6     -2.4999999999995525E-9   48697.567608076555
3.373853868082779E-6      -4.999999999999105E-9    48125.08985978875
3.371903011295612E-6      -7.499999999998658E-9    47547.46699670979
3.369952154508445E-6      -9.99999999999821E-9     46969.84711207381
3.3773524682236197E-6     -4.999999999999105E-9    49373.473007137014
3.3754016114364523E-6     -7.499999999998658E-9    48801.3682588667
3.3734507546492853E-6     -9.99999999999821E-9     48223.74301538348
3.3789002115772936E-6     -7.499999999998658E-9    50049.38029379348
3.3769493547901258E-6     -9.99999999999821E-9     49477.64856028809
3.3804479549309667E-6     -9.99999999999821E-9     50717.944647535645
3.4301427675090403E-6     0                        82654.33932680111
3.4282148647870437E-6     -2.4999999999995525E-9   81044.24803715524
3.426286962065047E-6      -4.999999999999105E-9    79454.44098806253
3.4243590593430505E-6     -7.499999999998658E-9    77864.63703735979
3.422431156621054E-6      -9.99999999999821E-9     76290.07308418739
3.4317134649278846E-6     -2.4999999999995525E-9   84474.99525088379
3.4297855622058876E-6     -4.999999999999105E-9    82863.61837513349
3.4278576594838905E-6     -7.499999999998658E-9    81267.88919181372
3.425929756761895E-6      -9.99999999999821E-9     79672.16326237876
3.4332841623467284E-6     -4.999999999999105E-9    86282.38640101021
3.431356259624732E-6      -7.499999999998658E-9    84682.65614704767
3.429428356902735E-6      -9.99999999999821E-9     83086.92385860746
3.4348548597655727E-6     -7.499999999998658E-9    88089.7806734849
3.4329269570435757E-6     -9.99999999999821E-9     86501.69681874117
3.4364255571844165E-6     -9.99999999999821E-9     89874.99630010228
3.4208661977185023E-6     -7.499999999998658E-9    74846.62781384707
3.4227941004404993E-6     -4.999999999999105E-9    76421.18111905234
3.4247220031624964E-6     -2.4999999999995525E-9   78005.0634678371
3.4266499058844926E-6     0                        79588.94875951702
3.419301238815951E-6      -4.999999999999105E-9    73386.85589847557
3.4212291415379478E-6     -2.4999999999995525E-9   74966.22525408454
3.4231570442599444E-6     0                        76550.10487456253
3.4177362799133996E-6     -2.4999999999995525E-9   71927.0863651394
3.419664182635396E-6      0                        73511.27187933185
3.4161713210108484E-6     0                        70469.05601776652
3.4142376797725595E-6     -2.4999999999995525E-9   69230.20566626318
3.4123040385342702E-6     -4.999999999999105E-9    67993.054999837
3.410370397295981E-6      -7.499999999998658E-9    66755.90714046088
3.4084367560576916E-6     -9.99999999999821E-9     65530.28592935074
3.4158026386751107E-6     -4.999999999999105E-9    70687.60399997303
3.4138689974368214E-6     -7.499999999998658E-9    69448.43607023021
3.411935356198532E-6      -9.99999999999821E-9     68209.271010996
3.417367597577662E-6      -7.499999999998658E-9    72152.18985382876
3.4154339563393725E-6     -9.99999999999821E-9     70913.01935771585
3.4189325564802134E-6     -9.99999999999821E-9     73616.77798154013
3.4021998745126565E-6     0                        60984.76646688642
3.400260494758075E-6      -2.4999999999995525E-9   60032.34470385422
3.398321115003493E-6      -4.999999999999105E-9    59075.74269689624
3.396381735248911E-6      -7.499999999998658E-9    58119.143449271774
3.394442355494329E-6      -9.99999999999821E-9     57171.362781785334
3.403759094898916E-6      -2.4999999999995525E-9   62119.89208639377
3.4018197151443334E-6     -4.999999999999105E-9    61167.19284096834
3.399880335389752E-6      -7.499999999998658E-9    60209.89932630039
3.3979409556351694E-6     -9.99999999999821E-9     59252.60858177673
3.405318315285174E-6      -4.999999999999105E-9    63260.813503066194
3.4033789355305923E-6     -7.499999999998658E-9    62310.13666728271
3.4014395557760103E-6     -9.99999999999821E-9     61352.84080355149
3.4068775356714327E-6     -7.499999999998658E-9    64401.736948713515
3.404938155916851E-6      -9.99999999999821E-9     63453.08248022029
3.408811176909722E-6      -4.999999999999105E-9    65628.21852603677
3.4107448181480113E-6     -2.4999999999995525E-9   66863.34936139647
3.4126784593863E-6        0                        68098.48294034717
3.407251956523463E-6      -2.4999999999995525E-9   64489.31740621452
3.4091855977617525E-6     0                        65724.44585104566
3.4056927361372047E-6     0                        63350.418357718976
3.3823930732018414E-6     -7.499999999998658E-9    51451.92008813644
3.3843381914727156E-6     -4.999999999999105E-9    52192.70792703243
3.3862833097435903E-6     -2.4999999999995525E-9   52933.498614597804
3.3882284280144646E-6     0                        53668.91820830471
3.380845329848168E-6      -4.999999999999105E-9    50783.90364176647
3.382790448119042E-6      -2.4999999999995525E-9   51524.32872565467
3.384735566389917E-6      0                        52264.75667663304
3.379297586494494E-6      -2.4999999999995525E-9   50108.36943275184
3.3812427047653686E-6     0                        50848.792199112584
3.3777498431408204E-6     0                        49432.83709658608
3.3928888736243627E-6     -7.499999999998658E-9    56301.38861549223
3.3948282533789443E-6     -4.999999999999105E-9    57249.97587071534
3.3967676331335267E-6     -2.4999999999995525E-9   58205.88368227613
3.3987070128881083E-6     0                        59161.79424235948
3.3913353917543965E-6     -4.999999999999105E-9    55421.927862688564
3.3932747715089785E-6     -2.4999999999995525E-9   56371.33818538856
3.3952141512635605E-6     0                        57327.24370872161
3.3897819098844308E-6     -2.4999999999995525E-9   54542.46900681882
3.3917212896390124E-6     0                        55492.70240235054
3.3878367916135565E-6     -4.999999999999105E-9    53806.97984657181
3.385891673342682E-6      -7.499999999998658E-9    53065.82642552341
3.383946555071807E-6      -9.99999999999821E-9     52324.675834723195
3.3893902734835223E-6     -7.499999999998658E-9    54687.2617490779
3.387445155212648E-6      -9.99999999999821E-9     53946.106013605706
3.3909437553534885E-6     -9.99999999999821E-9     55567.54554316269
3.486028553501808E-6      0                        153115.19576351333
3.484123604844982E-6      -2.4999999999995525E-9   145197.6261766373
3.482218656188156E-6      -4.999999999999105E-9    142377.62854318187
3.48031370753133E-6       -7.499999999998658E-9    139557.6433925607
3.4784087588745037E-6     -9.99999999999821E-9     136993.77135568022
3.4876222049858218E-6     -2.4999999999995525E-9   148787.27768369595
3.4857172563289963E-6     -4.999999999999105E-9    139991.83879560625
3.48381230767217E-6       -7.499999999998658E-9    136392.5650368562
3.4819073590153438E-6     -9.99999999999821E-9     132793.3054988641
3.489215856469837E-6      -4.999999999999105E-9    140496.11386241936
3.487310907813011E-6      -7.499999999998658E-9    132736.35951412751
3.485405959156185E-6      -9.99999999999821E-9     129137.069662848
3.490809507953851E-6      -7.499999999998658E-9    132204.96935693995
3.4889045592970255E-6     -9.99999999999821E-9     125480.89720544209
3.492403159437866E-6      -9.99999999999821E-9     126269.95280285488
7.0749697036586485E-6     -9.99999999999821E-9     -85430.65444108188
7.078468303799488E-6      -9.99999999999821E-9     -85473.12371731891
7.08196690394033E-6       -9.99999999999821E-9     -85515.74223588112
7.085465504081171E-6      -9.99999999999821E-9     -85558.35795622997
7.088964104222011E-6      -9.99999999999821E-9     -85600.76189771276
7.075920641317946E-6      -7.499999999998658E-9    -85442.43138333439
7.079419241458787E-6      -7.499999999998658E-9    -85485.02907020604
7.082917841599628E-6      -7.499999999998658E-9    -85527.64680333348
7.086416441740468E-6      -7.499999999998658E-9    -85570.19362848015
7.076871578977244E-6      -4.999999999999105E-9    -85454.31273211612
7.080370179118084E-6      -4.999999999999105E-9    -85496.93420284928
7.083868779258925E-6      -4.999999999999105E-9    -85539.54782283909
7.077822516636542E-6      -2.4999999999995525E-9   -85466.19385716823
7.081321116777382E-6      -2.4999999999995525E-9   -85508.90058351148
7.0787734542958385E-6     0                        -85478.17590186943
7.07528059267129E-6       0                        -85435.07900581797
7.071787731046743E-6      0                        -85392.13125315397
7.068294869422195E-6      0                        -85349.18062662228
7.064802007797647E-6      0                        -85306.02473382367
7.074329655011993E-6      -2.4999999999995525E-9   -85423.22187226618
7.070836793387446E-6      -2.4999999999995525E-9   -85380.27331110541
7.067343931762898E-6      -2.4999999999995525E-9   -85337.26055454763
7.073378717352696E-6      -4.999999999999105E-9    -85411.36451149914
7.0698858557281475E-6     -4.999999999999105E-9    -85368.41868802597
7.072427779693398E-6      -7.499999999998658E-9    -85399.575323627
7.060975303095286E-6      -9.99999999999821E-9     -85257.34337236015
7.0644739032361254E-6     -9.99999999999821E-9     -85300.61395199175
7.067972503376967E-6      -9.99999999999821E-9     -85344.03346629953
7.071471103517807E-6      -9.99999999999821E-9     -85387.45004950205
7.061931979270875E-6      -7.499999999998658E-9    -85269.41060166697
7.065430579411715E-6      -7.499999999998658E-9    -85312.80927823579
7.068929179552556E-6      -7.499999999998658E-9    -85356.22796653913
7.062888655446467E-6      -4.999999999999105E-9    -85281.5818163823
7.066387255587307E-6      -4.999999999999105E-9    -85325.00437191133
7.063845331622057E-6      -2.4999999999995525E-9   -85293.75279503467
7.0613091461731E-6        0                        -85262.12459933077
7.057816284548552E-6      0                        -85218.37383774924
7.054323422924004E-6      0                        -85174.6200703425
7.050830561299456E-6      0                        -85130.66112522433
7.06035246999751E-6       -2.4999999999995525E-9   -85249.97771973812
7.056859608372961E-6      -2.4999999999995525E-9   -85206.22610920029
7.053366746748413E-6      -2.4999999999995525E-9   -85162.41019941417
7.059395793821919E-6      -4.999999999999105E-9    -85237.83060058823
7.055902932197371E-6      -4.999999999999105E-9    -85194.08146250238
7.058439117646328E-6      -7.499999999998658E-9    -85225.75116444782
7.046980902531923E-6      -9.99999999999821E-9     -85080.80221673039
7.050479502672764E-6      -9.99999999999821E-9     -85124.88025624436
7.053978102813605E-6      -9.99999999999821E-9     -85169.10717267224
7.057476702954445E-6      -9.99999999999821E-9     -85213.3310256918
7.047943317223807E-6      -7.499999999998658E-9    -85093.16432946036
7.051441917364646E-6      -7.499999999998658E-9    -85137.37005125909
7.0549405175054876E-6     -7.499999999998658E-9    -85181.5961008411
7.048905731915689E-6      -4.999999999999105E-9    -85105.62981466902
7.052404332056531E-6      -4.999999999999105E-9    -85149.8596011747
7.049868146607574E-6      -2.4999999999995525E-9   -85118.09505127603
7.047337699674909E-6      0                        -85085.95130669221
7.043844838050361E-6      0                        -85041.3908508909
7.0403519764258135E-6     0                        -84996.8272579026
7.036859114801265E-6      0                        -84952.05869649648
7.0463752849830255E-6     -2.4999999999995525E-9   -85073.51036756123
7.042882423358478E-6      -2.4999999999995525E-9   -85028.94902207641
7.039389561733929E-6      -2.4999999999995525E-9   -84984.32320737629
7.045412870291142E-6      -4.999999999999105E-9    -85061.06917632619
7.041920008666595E-6      -4.999999999999105E-9    -85016.50982402876
7.044450455599259E-6      -7.499999999998658E-9    -85048.69481720054
7.032986501968561E-6      -9.99999999999821E-9     -84901.0039677492
7.036485102109403E-6      -9.99999999999821E-9     -84945.89591562172
7.039983702250242E-6      -9.99999999999821E-9     -84990.93695848458
7.043482302391083E-6      -9.99999999999821E-9     -85035.97480624107
7.033954655176739E-6      -7.499999999998658E-9    -84913.66544882901
7.037453255317578E-6      -7.499999999998658E-9    -84958.68482669903
7.040951855458418E-6      -7.499999999998658E-9    -85003.72496160984
7.034922808384914E-6      -4.999999999999105E-9    -84926.42982085815
7.038421408525754E-6      -4.999999999999105E-9    -84971.47347994107
7.0358909615930895E-6     -2.4999999999995525E-9   -84939.1939315421
7.033366253176717E-6      0                        -84906.53248827624
7.02987339155217E-6       0                        -84861.15555361297
7.026380529927622E-6      0                        -84815.77535101409
7.022887668303074E-6      0                        -84770.19032976434
7.032398099968542E-6      -2.4999999999995525E-9   -84893.79290445155
7.028905238343993E-6      -2.4999999999995525E-9   -84848.41503911796
7.025412376719444E-6      -2.4999999999995525E-9   -84802.97253601067
7.0314299467603655E-6     -4.999999999999105E-9    -84881.05305577198
7.027937085135817E-6      -4.999999999999105E-9    -84835.67674649539
7.030461793552189E-6      -7.499999999998658E-9    -84868.37927209109
7.018992101405199E-6      -9.99999999999821E-9     -84717.92114845601
7.022490701546039E-6      -9.99999999999821E-9     -84763.63377103629
7.0259893016868795E-6     -9.99999999999821E-9     -84809.49593098563
7.029487901827721E-6      -9.99999999999821E-9     -84855.35476475302
7.019965993129668E-6      -7.499999999998658E-9    -84730.88646750202
7.023464593270508E-6      -7.499999999998658E-9    -84776.72650685765
7.026963193411348E-6      -7.499999999998658E-9    -84822.58771749222
7.020939884854136E-6      -4.999999999999105E-9    -84743.95443742923
7.024438484994977E-6      -4.999999999999105E-9    -84789.81897190302
7.021913776578605E-6      -2.4999999999995525E-9   -84757.02213306405
6.72948729184106E-6       0                        -80133.62664759264
6.728392891274442E-6      -2.4999999999995525E-9   -80112.71637311422
6.727298490707823E-6      -4.999999999999105E-9    -80091.91290055127
6.726204090141206E-6      -7.499999999998658E-9    -80071.10883783529
6.7251096895745874E-6     -9.99999999999821E-9     -80050.41341592767
6.731891491415283E-6      -2.4999999999995525E-9   -80178.1692672997
6.7307970908486646E-6     -4.999999999999105E-9    -80157.27213049418
6.729702690282046E-6      -7.499999999998658E-9    -80136.43959328711
6.728608289715429E-6      -9.99999999999821E-9     -80115.60646935536
6.734295690989505E-6      -4.999999999999105E-9    -80222.62565173383
6.7332012904228875E-6     -7.499999999998658E-9    -80201.79589494033
6.732106889856269E-6      -9.99999999999821E-9     -80180.96463149518
6.736699890563728E-6      -7.499999999998658E-9    -80267.07928185983
6.73560548999711E-6       -9.99999999999821E-9     -80246.3168944794
6.73910409013795E-6       -9.99999999999821E-9     -80311.44553683758
6.7227112285166584E-6     -7.499999999998658E-9    -80005.42451101073
6.723805629083277E-6      -4.999999999999105E-9    -80026.13335764635
6.724900029649895E-6      -2.4999999999995525E-9   -80046.9083709816
6.725994430216512E-6      0                        -80067.6827907355
6.720312767458729E-6      -4.999999999999105E-9    -79960.3473077261
6.721407168025347E-6      -2.4999999999995525E-9   -79981.12364810893
6.722501568591964E-6      0                        -80001.89994704109
6.717914306400799E-6      -2.4999999999995525E-9   -79915.26731000764
6.719008706967416E-6      0                        -79936.11115457982
6.715515845342869E-6      0                        -79870.10049148585
6.714415706259958E-6      -2.4999999999995525E-9   -79848.73991235573
6.713315567177047E-6      -4.999999999999105E-9    -79827.48668710284
6.712215428094136E-6      -7.499999999998658E-9    -79806.2328547945
6.711115289011225E-6      -9.99999999999821E-9     -79785.0883597303
6.716814167317887E-6      -4.999999999999105E-9    -79893.91957870744
6.715714028234976E-6      -7.499999999998658E-9    -79872.6369102237
6.714613889152065E-6      -9.99999999999821E-9     -79851.35363809444
6.719212628375817E-6      -7.499999999998658E-9    -79939.0670963132
6.718112489292906E-6      -9.99999999999821E-9     -79917.78572912412
6.721611089433747E-6      -9.99999999999821E-9     -79984.21180904278
6.708722566469588E-6      -7.499999999998658E-9    -79739.46856214441
6.709822705552499E-6      -4.999999999999105E-9    -79760.6266082809
6.710922844635409E-6      -2.4999999999995525E-9   -79781.85101237975
6.7120229837183215E-6     0                        -79803.07480601298
6.706329843927951E-6      -4.999999999999105E-9    -79693.75951912801
6.707429983010862E-6      -2.4999999999995525E-9   -79714.98539673671
6.708530122093773E-6      0                        -79736.2111137415
6.7039371213863145E-6     -2.4999999999995525E-9   -79648.04764256909
6.705037260469226E-6      0                        -79669.34136193305
6.701544398844678E-6      0                        -79602.24828890646
6.700438521245475E-6      -2.4999999999995525E-9   -79580.42773672284
6.69933264364627E-6       -4.999999999999105E-9    -79558.71519128288
6.6982267660470675E-6     -7.499999999998658E-9    -79537.0020217461
6.697120888447863E-6      -9.99999999999821E-9     -79515.3991142693
6.702831243787111E-6      -4.999999999999105E-9    -79626.23988056442
6.701725366187907E-6      -7.499999999998658E-9    -79604.49757684067
6.700619488588703E-6      -9.99999999999821E-9     -79582.75465241019
6.7052239663287476E-6     -7.499999999998658E-9    -79672.01961465104
6.704118088729544E-6      -9.99999999999821E-9     -79650.27863960566
6.707616688870384E-6      -9.99999999999821E-9     -79717.79650491204
6.743458738339251E-6      0                        -80392.89651675499
6.742370076288926E-6      -2.4999999999995525E-9   -80372.42724244785
6.7412814142386006E-6     -4.999999999999105E-9    -80352.06429372715
6.740192752188275E-6      -7.499999999998658E-9    -80331.70077161197
6.745868676429766E-6      -2.4999999999995525E-9   -80436.8229332524
6.744780014379441E-6      -4.999999999999105E-9    -80416.36727846236
6.743691352329115E-6      -7.499999999998658E-9    -80395.97570774883
6.7426026902787906E-6     -9.99999999999821E-9     -80375.58356708575
6.7482786145202815E-6     -4.999999999999105E-9    -80480.66364483882
6.747189952469956E-6      -7.499999999998658E-9    -80460.2753775818
6.746101290419631E-6      -9.99999999999821E-9     -80439.88505295903
6.750688552610797E-6      -7.499999999998658E-9    -80524.50164325452
6.749599890560472E-6      -9.99999999999821E-9     -80504.18075277712
6.753098490701313E-6      -9.99999999999821E-9     -80568.25311684901
6.737788552614053E-6      -4.999999999999105E-9    -80287.3477587424
6.738877214664379E-6      -2.4999999999995525E-9   -80307.68267436366
6.739965876714704E-6      0                        -80328.01701314532
6.73538435303983E-6       -2.4999999999995525E-9   -80242.9614824123
6.7364730150901555E-6     0                        -80263.29765617824
6.732980153465607E-6      0                        -80198.572462373
7.09274490079403E-6       0                        -85647.14070859703
7.089252039169482E-6      0                        -85604.84052889068
7.085759177544935E-6      0                        -85562.68915680048
7.082266315920387E-6      0                        -85520.53504337938
7.091799701651026E-6      -2.4999999999995525E-9   -85635.44445354203
7.088306840026477E-6      -2.4999999999995525E-9   -85593.26907391015
7.08481397840193E-6       -2.4999999999995525E-9   -85551.11693350776
7.090854502508021E-6      -4.999999999999105E-9    -85623.84898309258
7.087361640883473E-6      -4.999999999999105E-9    -85581.69740385076
7.089909303365017E-6      -7.499999999998658E-9    -85612.25330104065
7.092462704362851E-6      -9.99999999999821E-9     -85642.43587782257
7.095961304503692E-6      -9.99999999999821E-9     -85684.25939862733
7.099459904644533E-6      -9.99999999999821E-9     -85726.08025468272
7.102958504785373E-6      -9.99999999999821E-9     -85767.69074525038
7.093407903505856E-6      -7.499999999998658E-9    -85654.05558808241
7.096906503646697E-6      -7.499999999998658E-9    -85695.87836374262
7.100405103787538E-6      -7.499999999998658E-9    -85737.63122328688
7.094353102648862E-6      -4.999999999999105E-9    -85665.67509021598
7.097851702789702E-6      -4.999999999999105E-9    -85707.49434512148
7.095298301791867E-6      -2.4999999999995525E-9   -85677.35609838275
7.106716347292222E-6      0                        -85812.94424974971
7.103223485667674E-6      0                        -85771.43439922441
7.099730624043126E-6      0                        -85730.07310805185
7.096237762418578E-6      0                        -85688.70920864813
7.10577688666551E-6       -2.4999999999995525E-9   -85801.52952965575
7.102284025040961E-6      -2.4999999999995525E-9   -85760.14445993814
7.098791163416412E-6      -2.4999999999995525E-9   -85718.7824403558
7.104837426038798E-6      -4.999999999999105E-9    -85790.21551774642
7.1013445644142495E-6     -4.999999999999105E-9    -85748.85431750349
7.103897965412085E-6      -7.499999999998658E-9    -85778.90130615489
7.106457104926213E-6      -9.99999999999821E-9     -85808.57576498263
7.109955705067054E-6      -9.99999999999821E-9     -85849.61022924253
7.1134543052078935E-6     -9.99999999999821E-9     -85890.64216277283
7.116952905348736E-6      -9.99999999999821E-9     -85931.46507134459
7.107396565552925E-6      -7.499999999998658E-9    -85819.91406206749
7.110895165693767E-6      -7.499999999998658E-9    -85860.94782118661
7.114393765834608E-6      -7.499999999998658E-9    -85901.91250498217
7.108336026179638E-6      -4.999999999999105E-9    -85831.2521629365
7.1118346263204794E-6     -4.999999999999105E-9    -85872.28291704168
7.109275486806351E-6      -2.4999999999995525E-9   -85842.65202656161
7.120687793790412E-6      0                        -85975.6107693236
7.1171949321658635E-6     0                        -85934.8850540597
7.113702070541317E-6      0                        -85894.30786578527
7.11020920891677E-6       0                        -85853.72820292614
7.119754071679992E-6      -2.4999999999995525E-9   -85964.47309022145
7.116261210055446E-6      -2.4999999999995525E-9   -85923.87221426066
7.112768348430897E-6      -2.4999999999995525E-9   -85883.29433718928
7.118820349569574E-6      -4.999999999999105E-9    -85953.43618952669
7.115327487945027E-6      -4.999999999999105E-9    -85912.85918303681
7.1178866274591545E-6     -7.499999999998658E-9    -85942.39910086291
7.120451505489577E-6      -9.99999999999821E-9     -85971.56747274018
7.1239501056304175E-6     -9.99999999999821E-9     -86011.81891604274
7.127448705771258E-6      -9.99999999999821E-9     -86052.06796317549
7.130947305912098E-6      -9.99999999999821E-9     -86092.10842655685
7.121385227599996E-6      -7.499999999998658E-9    -85982.62863529872
7.124883827740835E-6      -7.499999999998658E-9    -86022.87941317068
7.128382427881677E-6      -7.499999999998658E-9    -86063.06134290362
7.122318949710415E-6      -4.999999999999105E-9    -85993.68961334389
7.125817549851255E-6      -4.999999999999105E-9    -86033.93755422723
7.123252671820833E-6      -2.4999999999995525E-9   -86004.81252996279
7.134445906052939E-6      -9.99999999999821E-9     -86131.43407393403
7.137944506193779E-6      -9.99999999999821E-9     -86170.90839909614
7.14144310633462E-6       -9.99999999999821E-9     -86210.38046317271
7.14494170647546E-6       -9.99999999999821E-9     -86249.64347033303
7.131875289506225E-6      -7.499999999998658E-9    -86102.76978357977
7.135373889647066E-6      -7.499999999998658E-9    -86142.22232000681
7.138872489787906E-6      -7.499999999998658E-9    -86181.69601914793
7.142371089928747E-6      -7.499999999998658E-9    -86221.10055214285
7.132803273100351E-6      -4.999999999999105E-9    -86113.53405792985
7.136301873241192E-6      -4.999999999999105E-9    -86153.01039306025
7.139800473382032E-6      -4.999999999999105E-9    -86192.4811036693
7.133731256694477E-6      -2.4999999999995525E-9   -86124.29815581624
7.137229856835318E-6      -2.4999999999995525E-9   -86163.8604874754
7.134659240288604E-6      0                        -86135.16320788465
7.1311663786640554E-6     0                        -86095.21584852677
7.127673517039508E-6      0                        -86055.41714011575
7.12418065541496E-6       0                        -86015.61609129896
7.130238395069929E-6      -2.4999999999995525E-9   -86084.47570923748
7.1267455334453816E-6     -2.4999999999995525E-9   -86044.67635134651
7.129310411475803E-6      -4.999999999999105E-9    -86073.73539003998
7.1486306867867955E-6     0                        -86291.62368743423
7.145137825162247E-6      0                        -86252.44915602387
7.141644963537699E-6      0                        -86213.4234661185
7.138152101913152E-6      0                        -86174.39557050279
7.147708441708961E-6      -2.4999999999995525E-9   -86281.0270324511
7.144215580084414E-6      -2.4999999999995525E-9   -86241.97748830874
7.140722718459867E-6      -2.4999999999995525E-9   -86202.95118793777
7.146786196631128E-6      -4.999999999999105E-9    -86270.53154427273
7.14329333500658E-6       -4.999999999999105E-9    -86231.50565199484
7.145863951553294E-6      -7.499999999998658E-9    -86260.03589092821
7.1484403066163E-6        -9.99999999999821E-9     -86288.19765381589
7.151938906757141E-6      -9.99999999999821E-9     -86326.9004369335
7.1554375068979824E-6     -9.99999999999821E-9     -86365.60109456004
7.158936107038823E-6      -9.99999999999821E-9     -86404.09197311274
7.149362551694135E-6      -7.499999999998658E-9    -86298.71714087349
7.152861151834976E-6      -7.499999999998658E-9    -86337.41933707305
7.1563597519758175E-6     -7.499999999998658E-9    -86376.05193217685
7.150284796771968E-6      -4.999999999999105E-9    -86309.23646619733
7.15378339691281E-6       -4.999999999999105E-9    -86347.93545740425
7.1512070418498034E-6     -2.4999999999995525E-9   -86319.81788369268
7.162434707179665E-6      -9.99999999999821E-9     -86441.87980805582
7.165933307320505E-6      -9.99999999999821E-9     -86479.81632339268
7.169431907461346E-6      -9.99999999999821E-9     -86517.75084932786
7.1729305076021856E-6     -9.99999999999821E-9     -86555.47496373284
7.159852613600363E-6      -7.499999999998658E-9    -86414.21928835814
7.1633512137412045E-6     -7.499999999998658E-9    -86452.1344909451
7.166849813882044E-6      -7.499999999998658E-9    -86490.07045815347
7.170348414022885E-6      -7.499999999998658E-9    -86527.9364975781
7.160769120161904E-6      -4.999999999999105E-9    -86424.45027631814
7.164267720302745E-6      -4.999999999999105E-9    -86462.38902317756
7.167766320443585E-6      -4.999999999999105E-9    -86500.32164907295
7.161685626723445E-6      -2.4999999999995525E-9   -86434.68111020126
7.165184226864286E-6      -2.4999999999995525E-9   -86472.70577132198
7.162602133284986E-6      0                        -86445.01332840604
7.159109271660439E-6      0                        -86406.60638603976
7.15561641003589E-6       0                        -86368.34844499863
7.152123548411343E-6      0                        -86330.08843344421
7.1581927650988964E-6     -2.4999999999995525E-9   -86396.39923371418
7.154699903474351E-6      -2.4999999999995525E-9   -86358.14072091262
7.157276258537357E-6      -4.999999999999105E-9    -86386.19192389165
6.694733904422519E-6      -7.499999999998658E-9    -79469.13968127713
6.695839782021723E-6      -4.999999999999105E-9    -79490.75623729051
6.696945659620927E-6      -2.4999999999995525E-9   -79512.43966331627
6.69805153722013E-6       0                        -79534.12246185518
6.692346920397175E-6      -4.999999999999105E-9    -79422.79009118522
6.6934527979963785E-6     -2.4999999999995525E-9   -79444.47498672358
6.694558675595582E-6      0                        -79466.15975281037
6.689959936371831E-6      -2.4999999999995525E-9   -79376.43762946539
6.691065813971034E-6      0                        -79398.19087465029
6.687572952346487E-6      0                        -79329.99695583718
6.68646133623099E-6       -2.4999999999995525E-9   -79307.70644434828
6.685349720115493E-6      -4.999999999999105E-9    -79285.52472735645
6.684238103999996E-6      -7.499999999998658E-9    -79263.34236909306
6.6831264878845E-6        -9.99999999999821E-9     -79241.27127749179
6.688848320256334E-6      -4.999999999999105E-9    -79354.159997055
6.6877367041408375E-6     -7.499999999998658E-9    -79331.94823829152
6.686625088025342E-6      -9.99999999999821E-9     -79309.7358416249
6.691235304281679E-6      -7.499999999998658E-9    -79400.58082426187
6.690123688166182E-6      -9.99999999999821E-9     -79378.37042140006
6.693622288307023E-6      -9.99999999999821E-9     -79446.99876971931
6.680745242375449E-6      -7.499999999998658E-9    -79194.3629504987
6.681856858490946E-6      -4.999999999999105E-9    -79216.4477851224
6.682968474606441E-6      -2.4999999999995525E-9   -79238.60011613173
6.684080090721939E-6      0                        -79260.7518025011
6.678363996866398E-6      -4.999999999999105E-9    -79147.3635912722
6.679475612981895E-6      -2.4999999999995525E-9   -79169.51735419685
6.680587229097391E-6      0                        -79191.67105225685
6.675982751357346E-6      -2.4999999999995525E-9   -79100.36132336104
6.677094367472843E-6      0                        -79122.58402454402
6.673601505848296E-6      0                        -79053.27005311438
6.672484151216506E-6      -2.4999999999995525E-9   -79030.49936656223
6.671366796584717E-6      -4.999999999999105E-9    -79007.83835456046
6.670249441952927E-6      -7.499999999998658E-9    -78985.17668398483
6.6691320873211376E-6     -9.99999999999821E-9     -78962.6272135703
6.674865396725557E-6      -4.999999999999105E-9    -79077.60364030974
6.673748042093768E-6      -7.499999999998658E-9    -79054.9122934619
6.672630687461978E-6      -9.99999999999821E-9     -79032.22029138528
6.6772466422346084E-6     -7.499999999998658E-9    -79124.67486238145
6.6761292876028185E-6     -9.99999999999821E-9     -79101.98489848651
6.67962788774366E-6       -9.99999999999821E-9     -79171.74316581117
6.666756580328379E-6      -7.499999999998658E-9    -78915.06029585926
6.667873934960169E-6      -4.999999999999105E-9    -78937.62361204102
6.668991289591959E-6      -2.4999999999995525E-9   -78960.254962026
6.670108644223748E-6      0                        -78982.88565009204
6.664381073335621E-6      -4.999999999999105E-9    -78867.40149891068
6.66549842796741E-6       -2.4999999999995525E-9   -78890.03430596294
6.6666157825992E-6        0                        -78912.66704981116
6.662005566342863E-6      -2.4999999999995525E-9   -78819.73975725615
6.663122920974653E-6      0                        -78842.44206496948
6.659630059350105E-6      0                        -78771.98819927657
6.658506966202022E-6      -2.4999999999995525E-9   -78748.72680116422
6.65738387305394E-6       -4.999999999999105E-9    -78725.57597519942
6.656260779905858E-6      -7.499999999998658E-9    -78702.42447323675
6.655137686757776E-6      -9.99999999999821E-9     -78679.38609824255
6.660882473194781E-6      -4.999999999999105E-9    -78796.49142104827
6.659759380046699E-6      -7.499999999998658E-9    -78773.3099202454
6.658636286898616E-6      -9.99999999999821E-9     -78750.12774676447
6.663257980187539E-6      -7.499999999998658E-9    -78844.22267932116
6.662134887039457E-6      -9.99999999999821E-9     -78821.04258833884
6.665633487180297E-6      -9.99999999999821E-9     -78891.95098309746
6.65276791828131E-6       -7.499999999998658E-9    -78631.15044585161
6.653891011429393E-6      -4.999999999999105E-9    -78654.20278982166
6.655014104577475E-6      -2.4999999999995525E-9   -78677.32363093238
6.656137197725557E-6      0                        -78700.44379272556
6.650398149804845E-6      -4.999999999999105E-9    -78582.82199384081
6.651521242952927E-6      -2.4999999999995525E-9   -78605.9443774594
6.652644336101009E-6      0                        -78629.06663905701
6.648028381328379E-6      -2.4999999999995525E-9   -78534.49056214429
6.649151474476462E-6      0                        -78557.68299503266
6.6456586128519135E-6     0                        -78486.06849640979
6.644529781187538E-6      -2.4999999999995525E-9   -78462.30547589032
6.643400949523163E-6      -4.999999999999105E-9    -78438.65394395556
6.6422721178587875E-6     -7.499999999998658E-9    -78415.0017184838
6.641143286194413E-6      -9.99999999999821E-9     -78391.46358199223
6.646899549664004E-6      -4.999999999999105E-9    -78510.74060699047
6.645770717999629E-6      -7.499999999998658E-9    -78487.05803307852
6.644641886335254E-6      -9.99999999999821E-9     -78463.37476892205
6.64926931814047E-6       -7.499999999998658E-9    -78559.1421039622
6.648140486476095E-6      -9.99999999999821E-9     -78535.46096654251
6.651639086616935E-6      -9.99999999999821E-9     -78607.54061162687
6.533887040866384E-6      0                        -76020.49658586404
6.532712301071667E-6      -2.4999999999995525E-9   -75992.26895233878
6.531537561276949E-6      -4.999999999999105E-9    -75964.16199493886
6.530362821482231E-6      -7.499999999998658E-9    -75936.05420041684
6.529188081687513E-6      -9.99999999999821E-9     -75908.06943259374
6.536210901212508E-6      -2.4999999999995525E-9   -76074.71894769315
6.535036161417789E-6      -4.999999999999105E-9    -76046.50333908401
6.5338614216230715E-6     -7.499999999998658E-9    -76018.36144352178
6.532686681828354E-6      -9.99999999999821E-9     -75990.21871383379
6.5385347615586305E-6     -4.999999999999105E-9    -76128.8428888013
6.537360021763913E-6      -7.499999999998658E-9    -76100.70219306117
6.536185281969195E-6      -9.99999999999821E-9     -76072.56193876111
6.540858621904753E-6      -7.499999999998658E-9    -76182.96360874338
6.5396838821100355E-6     -9.99999999999821E-9     -76154.89781771165
6.543182482250876E-6      -9.99999999999821E-9     -76236.98192456209
6.526869959857683E-6      -7.499999999998658E-9    -75853.26481315002
6.5280446996524005E-6     -4.999999999999105E-9    -75881.26562542343
6.529219439447118E-6      -2.4999999999995525E-9   -75909.33849299338
6.530394179241836E-6      0                        -75937.4105204448
6.524551838027853E-6      -4.999999999999105E-9    -75798.35630243714
6.525726577822571E-6      -2.4999999999995525E-9   -75826.43295954488
6.5269013176172885E-6     0                        -75854.50747659094
6.5222337161980235E-6     -2.4999999999995525E-9   -75743.44454528703
6.523408455992741E-6      0                        -75771.59705519227
6.519915594368193E-6      0                        -75688.43314943805
6.518735116057183E-6      -2.4999999999995525E-9   -75659.58258699432
6.517554637746172E-6      -4.999999999999105E-9    -75630.85422260276
6.5163741594351614E-6     -7.499999999998658E-9    -75602.12500285769
6.5151936811241515E-6     -9.99999999999821E-9     -75573.52045329085
6.521053237887013E-6      -4.999999999999105E-9    -75714.60610619251
6.519872759576002E-6      -7.499999999998658E-9    -75685.84231795766
6.518692281264993E-6      -9.99999999999821E-9     -75657.07767731752
6.523371359716842E-6      -7.499999999998658E-9    -75769.59373223824
6.522190881405832E-6      -9.99999999999821E-9     -75740.8316095774
6.525689481546673E-6      -9.99999999999821E-9     -75824.57810388348
6.547858487364576E-6      0                        -76346.98633530615
6.546689486086151E-6      -2.4999999999995525E-9   -76319.36584077292
6.545520484807726E-6      -4.999999999999105E-9    -76291.86461661418
6.544351483529301E-6      -7.499999999998658E-9    -76264.36257352332
6.550188086226992E-6      -2.4999999999995525E-9   -76400.43541358507
6.549019084948566E-6      -4.999999999999105E-9    -76372.82698750327
6.547850083670141E-6      -7.499999999998658E-9    -76345.29131058695
6.5466810823917164E-6     -9.99999999999821E-9     -76317.75481778024
6.552517685089408E-6      -4.999999999999105E-9    -76453.78719311922
6.551348683810982E-6      -7.499999999998658E-9    -76426.25288491
6.550179682532557E-6      -9.99999999999821E-9     -76398.71882462436
6.554847283951824E-6      -7.499999999998658E-9    -76507.13577787053
6.553678282673398E-6      -9.99999999999821E-9     -76479.67557917949
6.557176882814239E-6      -9.99999999999821E-9     -76560.38345939865
6.542027623183178E-6      -4.999999999999105E-9    -76210.36004472303
6.543196624461603E-6      -2.4999999999995525E-9   -76237.82764660906
6.544365625740028E-6      0                        -76265.29442652117
6.539703762837055E-6      -2.4999999999995525E-9   -76156.31421336882
6.54087276411548E-6       0                        -76183.78344039654
6.537379902490932E-6      0                        -76102.26516900914
6.55834014557637E-6       -7.499999999998658E-9    -76587.17493336066
6.5595034083385024E-6     -4.999999999999105E-9    -76614.08641755252
6.560666671100635E-6      -2.4999999999995525E-9   -76640.99710095084
6.561829933862767E-6      0                        -76668.02579632754
6.556010546713955E-6      -4.999999999999105E-9    -76533.94273681741
6.557173809476087E-6      -2.4999999999995525E-9   -76560.8203209596
6.55833707223822E-6       0                        -76587.69710122354
6.55368094785154E-6       -2.4999999999995525E-9   -76480.66824545001
6.5548442106136715E-6     0                        -76507.5474300886
6.551351348989124E-6      0                        -76427.39056765403
6.564165271241475E-6      -2.4999999999995525E-9   -76720.71668599051
6.563002008479343E-6      -4.999999999999105E-9    -76693.70029918666
6.561838745717211E-6      -7.499999999998658E-9    -76666.75570385245
6.560675482955079E-6      -9.99999999999821E-9     -76639.81031080926
6.566500608620183E-6      -4.999999999999105E-9    -76773.31130072213
6.565337345858051E-6      -7.499999999998658E-9    -76746.36842579966
6.56417408309592E-6       -9.99999999999821E-9     -76719.42542216028
6.568835945998892E-6      -7.499999999998658E-9    -76825.90274815683
6.56767268323676E-6       -9.99999999999821E-9     -76799.03337657098
6.5711712833776005E-6     -9.99999999999821E-9     -76878.39471466794
6.5723288076234405E-6     -7.499999999998658E-9    -76904.61128449507
6.57348633186928E-6       -4.999999999999105E-9    -76930.94680129344
6.574643856115119E-6      -2.4999999999995525E-9   -76957.28153537615
6.575801380360958E-6      0                        -76983.73310808656
6.569993470244731E-6      -4.999999999999105E-9    -76852.13449305235
6.571150994490571E-6      -2.4999999999995525E-9   -76878.43669475708
6.572308518736411E-6      0                        -76904.73811062108
6.567658132866023E-6      -2.4999999999995525E-9   -76799.61653281462
6.568815657111863E-6      0                        -76825.92031007446
6.565322795487314E-6      0                        -76747.0954138248
6.578142456255959E-6      -2.4999999999995525E-9   -77035.68028159483
6.57698493201012E-6       -4.999999999999105E-9    -77009.24133253629
6.575827407764281E-6      -7.499999999998658E-9    -76982.87327114918
6.574669883518441E-6      -9.99999999999821E-9     -76956.5044301714
6.580483532150961E-6      -4.999999999999105E-9    -77087.5321700754
6.5793260079051215E-6     -7.499999999998658E-9    -77061.16620786815
6.578168483659282E-6      -9.99999999999821E-9     -77034.79971295045
6.582824608045962E-6      -7.499999999998658E-9    -77139.38091983934
6.581667083800123E-6      -9.99999999999821E-9     -77113.08793575154
6.585165683940963E-6      -9.99999999999821E-9     -77191.13147724031
6.63877925623424E-6       -7.499999999998658E-9    -78342.5485551816
6.6399080878986155E-6     -4.999999999999105E-9    -78366.10082224995
6.641036919562991E-6      -2.4999999999995525E-9   -78389.72201945414
6.642165751227365E-6      0                        -78413.34251982889
6.636415226274068E-6      -4.999999999999105E-9    -78293.53973314058
6.6375440579384435E-6     -2.4999999999995525E-9   -78317.16261302322
6.638672889602818E-6      0                        -78340.78525713686
6.634051196313895E-6      -2.4999999999995525E-9   -78244.5278974825
6.63518002797827E-6       0                        -78268.22139962875
6.6316871663537224E-6     0                        -78195.42457040725
6.630552596173055E-6      -2.4999999999995525E-9   -78171.14849703718
6.629418025992386E-6      -4.999999999999105E-9    -78146.98490093113
6.628283455811718E-6      -7.499999999998658E-9    -78122.8205936403
6.62714888563105E-6       -9.99999999999821E-9     -78098.77140742564
6.632916626133227E-6      -4.999999999999105E-9    -78220.26486928613
6.631782055952559E-6      -7.499999999998658E-9    -78196.06984746215
6.63064748577189E-6       -9.99999999999821E-9     -78171.87411771662
6.6352806560934E-6        -7.499999999998658E-9    -78269.34734325437
6.634146085912731E-6      -9.99999999999821E-9     -78245.15378438626
6.637644686053571E-6      -9.99999999999821E-9     -78318.42679415613
6.586317469670509E-6      -7.499999999998658E-9    -77216.78682104626
6.587469255400056E-6      -4.999999999999105E-9    -77242.5602108118
6.588621041129602E-6      -2.4999999999995525E-9   -77268.33283586983
6.589772826859149E-6      0                        -77294.2211835505
6.583976393775508E-6      -4.999999999999105E-9    -77165.05116007061
6.585128179505055E-6      -2.4999999999995525E-9   -77190.79179720124
6.586279965234601E-6      0                        -77216.53166646132
6.581635317880507E-6      -2.4999999999995525E-9   -77113.2753722894
6.582787103610054E-6      0                        -77139.01755975274
6.5792942419855055E-6     0                        -77061.49645452344
6.5921196412704444E-6     -2.4999999999995525E-9   -77345.43842646913
6.5909678555408975E-6     -4.999999999999105E-9    -77319.56295218783
6.5898160698113506E-6     -7.499999999998658E-9    -77293.75756196817
6.588664284081804E-6      -9.99999999999821E-9     -77267.95141020394
6.594466455681738E-6      -4.999999999999105E-9    -77396.56135588657
6.593314669952191E-6      -7.499999999998658E-9    -77370.758338262
6.592162884222644E-6      -9.99999999999821E-9     -77344.95448901122
6.596813270093032E-6      -7.499999999998658E-9    -77447.68117625335
6.5956614843634846E-6     -9.99999999999821E-9     -77421.95060636965
6.599160084504326E-6      -9.99999999999821E-9     -77498.70395657975
6.624790594187171E-6      -7.499999999998658E-9    -78049.16579520123
6.625925164367838E-6      -4.999999999999105E-9    -78073.22928919403
6.6270597345485075E-6     -2.4999999999995525E-9   -78097.36218419252
6.628194304729175E-6      0                        -78121.49436474295
6.622432302743291E-6      -4.999999999999105E-9    -77999.46532984439
6.6235668729239585E-6     -2.4999999999995525E-9   -78023.60004865887
6.624701443104627E-6      0                        -78047.73441677555
6.620074011299411E-6      -2.4999999999995525E-9   -77949.76181799424
6.621208581480079E-6      0                        -77973.96777090474
6.617715719855531E-6      0                        -77899.96591136314
6.616575411158571E-6      -2.4999999999995525E-9   -77875.16487697583
6.61543510246161E-6       -4.999999999999105E-9    -77850.47737153829
6.614294793764649E-6      -7.499999999998658E-9    -77825.78913716666
6.6131544850676885E-6     -9.99999999999821E-9     -77801.21707750468
6.6189337026024496E-6     -4.999999999999105E-9    -77924.97381309887
6.61779339390549E-6       -7.499999999998658E-9    -77900.25447972903
6.61665308520853E-6       -9.99999999999821E-9     -77875.5344206572
6.62129199404633E-6       -7.499999999998658E-9    -77974.7485751254
6.6201516853493695E-6     -9.99999999999821E-9     -77950.03073095415
6.623650285490211E-6      -9.99999999999821E-9     -78024.5202813844
6.600306131717579E-6      -7.499999999998658E-9    -77523.81125623538
6.601452178930833E-6      -4.999999999999105E-9    -77549.03571196325
6.6025982261440865E-6     -2.4999999999995525E-9   -77574.25942091348
6.60374427335734E-6       0                        -77599.59773892151
6.597959317306285E-6      -4.999999999999105E-9    -77472.80315448744
6.599105364519539E-6      -2.4999999999995525E-9   -77497.99535959911
6.600251411732793E-6      0                        -77523.18681473439
6.595612502894992E-6      -2.4999999999995525E-9   -77421.75576573596
6.596758550108245E-6      0                        -77446.94949569076
6.593265688483697E-6      0                        -77370.70527684962
6.606096826284928E-6      -2.4999999999995525E-9   -77650.09809625702
6.604950779071673E-6      -4.999999999999105E-9    -77624.77277262506
6.60380473185842E-6       -7.499999999998658E-9    -77599.51680022423
6.602658684645166E-6      -9.99999999999821E-9     -77574.2600842444
6.608449379212514E-6      -4.999999999999105E-9    -77700.50512281514
6.6073033319992614E-6     -7.499999999998658E-9    -77675.25166968441
6.606157284786008E-6      -9.99999999999821E-9     -77649.99721249094
6.610801932140102E-6      -7.499999999998658E-9    -77750.90907106626
6.609655884926848E-6      -9.99999999999821E-9     -77725.7274793402
6.611942240837063E-6      -4.999999999999105E-9    -77775.49561612462
6.613082549534023E-6      -2.4999999999995525E-9   -77800.15203569795
6.614222858230983E-6      0                        -77824.80772310504
6.609589687909475E-6      -2.4999999999995525E-9   -77725.16351317136
6.610729996606436E-6      0                        -77749.8214318452
6.607237134981888E-6      0                        -77674.82834100764
6.512881297810614E-6      -7.499999999998658E-9    -75517.91297110886
6.514061776121625E-6      -4.999999999999105E-9    -75546.53380718132
6.515242254432635E-6      -2.4999999999995525E-9   -75575.22761394145
6.516422732743646E-6      0                        -75603.92056239984
6.510568914497076E-6      -4.999999999999105E-9    -75462.20014524621
6.511749392808087E-6      -2.4999999999995525E-9   -75490.89781154586
6.5129298711190975E-6     0                        -75519.59329179008
6.5082565311835385E-6     -2.4999999999995525E-9   -75406.48404879638
6.509437009494549E-6      0                        -75435.25855308576
6.505944147870001E-6      0                        -75350.66702054006
6.504757931042699E-6      -2.4999999999995525E-9   -75321.17719174332
6.503571714215395E-6      -4.999999999999105E-9    -75291.81115220385
6.502385497388093E-6      -7.499999999998658E-9    -75262.4442390484
6.501199280560789E-6      -9.99999999999821E-9     -75233.20356303743
6.507070314356235E-6      -4.999999999999105E-9    -75377.00641406732
6.505884097528932E-6      -7.499999999998658E-9    -75347.60440087898
6.504697880701629E-6      -9.99999999999821E-9     -75318.20151697204
6.509382697669773E-6      -7.499999999998658E-9    -75432.7993645733
6.50819648084247E-6       -9.99999999999821E-9     -75403.3990409355
6.511695080983311E-6      -9.99999999999821E-9     -75488.58903672957
6.491972701371811E-6      0                        -75007.06302111004
6.490780746028215E-6      -2.4999999999995525E-9   -74976.91686730477
6.4895887906846185E-6     -4.999999999999105E-9    -74946.89608688377
6.488396835341022E-6      -7.499999999998658E-9    -74916.874414564
6.487204879997426E-6      -9.99999999999821E-9     -74886.98055610231
6.494279346169056E-6      -2.4999999999995525E-9   -75063.70320190213
6.49308739082546E-6       -4.999999999999105E-9    -75033.56923261128
6.491895435481864E-6      -7.499999999998658E-9    -75003.51187512121
6.490703480138267E-6      -9.99999999999821E-9     -74973.45362857598
6.4965859909663E-6        -4.999999999999105E-9    -75120.24113225308
6.495394035622704E-6      -7.499999999998658E-9    -75090.184941455
6.494202080279108E-6      -9.99999999999821E-9     -75060.12929714043
6.4988926357635445E-6     -7.499999999998658E-9    -75176.77576899788
6.497700680419948E-6      -9.99999999999821E-9     -75146.79734913468
6.5000788525908484E-6     -4.999999999999105E-9    -75206.03297329413
6.501265069418151E-6      -2.4999999999995525E-9   -75235.36392329758
6.502451286245454E-6      0                        -75264.69399678783
6.497772207793603E-6      -2.4999999999995525E-9   -75149.57609145861
6.498958424620906E-6      0                        -75178.90873861211
6.495465562996359E-6      0                        -75093.11592357482
6.484903973716474E-6      -7.499999999998658E-9    -74829.71426303667
6.486095929060071E-6      -4.999999999999105E-9    -74859.6248931477
6.487287884403667E-6      -2.4999999999995525E-9   -74889.60999852388
6.488479839747263E-6      0                        -74919.59420915763
6.482603067435523E-6      -4.999999999999105E-9    -74772.33954815622
6.483795022779119E-6      -2.4999999999995525E-9   -74802.32884124998
6.484986978122715E-6      0                        -74832.31566708349
6.48030216115457E-6       -2.4999999999995525E-9   -74714.96151779167
6.481494116498167E-6      0                        -74745.0294812177
6.478001254873619E-6      0                        -74657.47988062601
6.47680356101373E-6       -2.4999999999995525E-9   -74626.65949421699
6.475605867153841E-6      -4.999999999999105E-9    -74595.96608308486
6.474408173293952E-6      -7.499999999998658E-9    -74565.27176176217
6.4732104794340634E-6     -9.99999999999821E-9     -74534.70699516422
6.479104467294682E-6      -4.999999999999105E-9    -74684.15328581419
6.477906773434793E-6      -7.499999999998658E-9    -74653.42266882573
6.476709079574904E-6      -9.99999999999821E-9     -74622.69114443361
6.481405373575634E-6      -7.499999999998658E-9    -74741.6100024861
6.480207679715744E-6      -9.99999999999821E-9     -74710.88112193014
6.483706279856586E-6      -9.99999999999821E-9     -74799.06339632443
6.470915311669404E-6      -7.499999999998658E-9    -74476.58326481382
6.472113005529293E-6      -4.999999999999105E-9    -74507.1650214745
6.473310699389182E-6      -2.4999999999995525E-9   -74537.82214668475
6.474508393249072E-6      0                        -74568.47835891758
6.468620143904746E-6      -4.999999999999105E-9    -74418.34943258784
6.469817837764635E-6      -2.4999999999995525E-9   -74449.01082241419
6.471015531624523E-6      0                        -74479.66969101384
6.466324976140086E-6      -2.4999999999995525E-9   -74360.1122641511
6.467522669999975E-6      0                        -74390.85329428043
6.464029808375428E-6      0                        -74301.77008473572
6.462826375999246E-6      -2.4999999999995525E-9   -74270.25678756935
6.461622943623065E-6      -4.999999999999105E-9    -74238.87210391456
6.460419511246883E-6      -7.499999999998658E-9    -74207.48649178035
6.459216078870702E-6      -9.99999999999821E-9     -74176.23232055035
6.465121543763905E-6      -4.999999999999105E-9    -74328.61114762862
6.463918111387724E-6      -7.499999999998658E-9    -74297.18861051655
6.462714679011542E-6      -9.99999999999821E-9     -74265.76514765203
6.467416711528564E-6      -7.499999999998658E-9    -74386.92797228329
6.4662132791523825E-6     -9.99999999999821E-9     -74355.50719447562
6.469711879293223E-6      -9.99999999999821E-9     -74445.24145358996
5.765457483465871E-6      0                        -42549.14469632704
5.763967125275048E-6      -2.4999999999995525E-9   -42433.6333928279
5.762476767084225E-6      -4.999999999999105E-9    -42318.372649654404
5.760986408893403E-6      -7.499999999998658E-9    -42203.11043230392
5.75949605070258E-6       -9.99999999999821E-9     -42088.0274476768
5.7674657254158884E-6     -2.4999999999995525E-9   -42700.78998560113
5.765975367225066E-6      -4.999999999999105E-9    -42585.302931900194
5.764485009034243E-6      -7.499999999998658E-9    -42469.933783026056
5.762994650843421E-6      -9.99999999999821E-9     -42354.56315806558
5.769473967365906E-6      -4.999999999999105E-9    -42852.16031883181
5.767983609175084E-6      -7.499999999998658E-9    -42736.78774676091
5.766493250984261E-6      -9.99999999999821E-9     -42621.42060668684
5.771482209315924E-6      -7.499999999998658E-9    -43003.5279149205
5.769991851125102E-6      -9.99999999999821E-9     -42888.26982811853
5.773490451265942E-6      -9.99999999999821E-9     -43154.71075037559
5.757493547268856E-6      -7.499999999998658E-9    -41934.57749616778
5.758983905459678E-6      -4.999999999999105E-9    -42049.64137497733
5.760474263650501E-6      -2.4999999999995525E-9   -42164.79517475287
5.7619646218413235E-6     0                        -42279.94750226092
5.7554910438351304E-6     -4.999999999999105E-9    -41780.959851123574
5.7569814020259524E-6     -2.4999999999995525E-9   -41896.13076400498
5.758471760216775E-6      0                        -42011.28656261573
5.753488540401405E-6      -2.4999999999995525E-9   -41627.33949525503
5.754978898592227E-6      0                        -41742.617439588976
5.75148603696768E-6       0                        -41473.41158732323
5.749989940260564E-6      -2.4999999999995525E-9   -41355.93287365051
5.748493843553449E-6      -4.999999999999105E-9    -41238.71694918655
5.746997746846334E-6      -7.499999999998658E-9    -41121.499541002224
5.745501650139218E-6      -9.99999999999821E-9     -41004.43506150267
5.75199244369429E-6       -4.999999999999105E-9    -41509.889884623495
5.750496346987174E-6      -7.499999999998658E-9    -41392.557463866506
5.749000250280058E-6      -9.99999999999821E-9     -41275.223558363796
5.7539949471280145E-6     -7.499999999998658E-9    -41663.617278432765
5.7524988504208986E-6     -9.99999999999821E-9     -41546.286862998924
5.755997450561739E-6      -9.99999999999821E-9     -41817.34196403694
6.268429557400752E-6      0                        -68577.24989589845
6.267145785796471E-6      -2.4999999999995525E-9   -68533.5283440557
6.265862014192189E-6      -4.999999999999105E-9    -68489.96785649881
6.264578242587908E-6      -7.499999999998658E-9    -68446.40619277782
6.2632944709836275E-6     -9.99999999999821E-9     -68403.01052687189
6.2706443859373115E-6     -2.4999999999995525E-9   -68650.2595684797
6.269360614333031E-6      -4.999999999999105E-9    -68606.55024916708
6.268076842728749E-6      -7.499999999998658E-9    -68562.93994696722
6.266793071124468E-6      -9.99999999999821E-9     -68519.32847009362
6.272859214473871E-6      -4.999999999999105E-9    -68723.13827371909
6.27157544286959E-6       -7.499999999998658E-9    -68679.52779967398
6.270291671265308E-6      -9.99999999999821E-9     -68635.91952584671
6.27507404301043E-6       -7.499999999998658E-9    -68796.01348014754
6.27379027140615E-6       -9.99999999999821E-9     -68752.50184768283
6.27728887154699E-6       -9.99999999999821E-9     -68868.74714427337
6.261085380963361E-6      -7.499999999998658E-9    -68328.99576816702
6.262369152567642E-6      -4.999999999999105E-9    -68372.41387128539
6.263652924171923E-6      -2.4999999999995525E-9   -68415.92572294176
6.264936695776204E-6      0                        -68459.4363969434
6.258876290943095E-6      -4.999999999999105E-9    -68254.8365854598
6.2601600625473755E-6     -2.4999999999995525E-9   -68298.35521998238
6.2614438341516565E-6     0                        -68341.86910109938
6.256667200922828E-6      -2.4999999999995525E-9   -68180.67390197437
6.257950972527109E-6      0                        -68224.29307130308
6.254458110902562E-6      0                        -68106.37786517055
6.253168600781987E-6      -2.4999999999995525E-9   -68061.55733749013
6.251879090661414E-6      -4.999999999999105E-9    -68016.90083843027
6.250589580540839E-6      -7.499999999998658E-9    -67972.24314679831
6.249300070420265E-6      -9.99999999999821E-9     -67927.7545252189
6.255377690802255E-6      -4.999999999999105E-9    -68135.86555368864
6.25408818068168E-6       -7.499999999998658E-9    -68091.15809529574
6.252798670561106E-6      -9.99999999999821E-9     -68046.44944569911
6.257586780822521E-6      -7.499999999998658E-9    -68210.12878560541
6.2562972707019466E-6     -9.99999999999821E-9     -68165.42337029817
6.259795870842787E-6      -9.99999999999821E-9     -68284.38851334192
6.2470967189162915E-6     -7.499999999998658E-9    -67852.41896025614
6.2483862290368655E-6     -4.999999999999105E-9    -67896.93045137454
6.24967573915744E-6       -2.4999999999995525E-9   -67941.53718566339
6.2509652492780136E-6     0                        -67986.14272601187
6.244893367412317E-6      -4.999999999999105E-9    -67776.93600107456
6.246182877532891E-6      -2.4999999999995525E-9   -67821.5497343127
6.247472387653465E-6      0                        -67866.15851230884
6.242690015908343E-6      -2.4999999999995525E-9   -67701.44954051124
6.243979526028917E-6      0                        -67746.16551898039
6.24048666440437E-6       0                        -67625.82730129975
6.239191415767503E-6      -2.4999999999995525E-9   -67579.86994973004
6.237896167130636E-6      -4.999999999999105E-9    -67534.07961182244
6.23660091849377E-6       -7.499999999998658E-9    -67488.28806521348
6.235305669856903E-6      -9.99999999999821E-9     -67442.6687451651
6.241394767271477E-6      -4.999999999999105E-9    -67655.50429964894
6.24009951863461E-6       -7.499999999998658E-9    -67609.66181415129
6.238804269997743E-6      -9.99999999999821E-9     -67563.8181211931
6.243598118775451E-6      -7.499999999998658E-9    -67731.09301880827
6.242302870138584E-6      -9.99999999999821E-9     -67685.25259038307
6.245801470279424E-6      -9.99999999999821E-9     -67806.67823347467
6.233108056869222E-6      -7.499999999998658E-9    -67365.97097541142
6.234403305506088E-6      -4.999999999999105E-9    -67411.6136179074
6.235698554142955E-6      -2.4999999999995525E-9   -67457.35301831225
6.236993802779822E-6      0                        -67503.09120877496
6.230910443881541E-6      -4.999999999999105E-9    -67289.12274542126
6.232205692518408E-6      -2.4999999999995525E-9   -67334.86939099227
6.233500941155274E-6      0                        -67380.61084861465
6.228712830893861E-6      -2.4999999999995525E-9   -67212.27101482492
6.230008079530727E-6      0                        -67258.12166628568
6.226515217906179E-6      0                        -67135.28106272136
6.225214230753019E-6      -2.4999999999995525E-9   -67088.14732683919
6.223913243599859E-6      -4.999999999999105E-9    -67041.18366596132
6.222612256446699E-6      -7.499999999998658E-9    -66994.21878055457
6.22131126929354E-6       -9.99999999999821E-9     -66947.42944278986
6.2274118437406996E-6     -4.999999999999105E-9    -67165.14929621038
6.22611085658754E-6       -7.499999999998658E-9    -67118.13228085333
6.224809869434381E-6      -9.99999999999821E-9     -67071.11404207526
6.2296094567283815E-6     -7.499999999998658E-9    -67242.10504578623
6.228308469575221E-6      -9.99999999999821E-9     -67195.09010073662
6.2318070697160625E-6     -9.99999999999821E-9     -67319.05729194114
6.212543771407987E-6      0                        -66634.40829751926
6.2112370457385335E-6     -2.4999999999995525E-9   -66586.0568192408
6.209930320069082E-6      -4.999999999999105E-9    -66537.87860680182
6.208623594399629E-6      -7.499999999998658E-9    -66489.6991543322
6.207316868730178E-6      -9.99999999999821E-9     -66441.69873946469
6.214735645879376E-6      -2.4999999999995525E-9   -66712.80926057437
6.213428920209923E-6      -4.999999999999105E-9    -66664.46972124076
6.212122194540471E-6      -7.499999999998658E-9    -66616.23696442251
6.21081546887102E-6       -9.99999999999821E-9     -66568.00296854312
6.2169275203507636E-6     -4.999999999999105E-9    -66791.06954088836
6.215620794681312E-6      -7.499999999998658E-9    -66742.83588766593
6.214314069011859E-6      -9.99999999999821E-9     -66694.60521361255
6.2191193948221515E-6     -7.499999999998658E-9    -66869.32632276567
6.217812669152701E-6      -9.99999999999821E-9     -66821.19855314208
6.220420381975311E-6      -4.999999999999105E-9    -66916.1394974922
6.221721369128471E-6      -2.4999999999995525E-9   -66963.05102918595
6.223022356281631E-6      0                        -67009.96133524287
6.218228507503923E-6      -2.4999999999995525E-9   -66837.98858641468
6.219529494657083E-6      0                        -66884.90218807409
6.216036633032535E-6      0                        -66759.83417941308
6.205130732775083E-6      -7.499999999998658E-9    -66362.1453180777
6.206437458444534E-6      -4.999999999999105E-9    -66410.17016301805
6.207744184113987E-6      -2.4999999999995525E-9   -66458.29507123903
6.2090509097834395E-6     0                        -66506.41873845973
6.202944596819987E-6      -4.999999999999105E-9    -66282.434941067
6.20425132248944E-6       -2.4999999999995525E-9   -66330.56766035715
6.205558048158892E-6      0                        -66378.69465050414
6.200758460864892E-6      -2.4999999999995525E-9   -66202.72106919825
6.202065186534345E-6      0                        -66250.96166504265
6.198572324909797E-6      0                        -66122.8640011133
6.197259860724052E-6      -2.4999999999995525E-9   -66073.25149404872
6.195947396538306E-6      -4.999999999999105E-9    -66023.81562228293
6.1946349323525606E-6     -7.499999999998658E-9    -65974.37849533514
6.193322468166815E-6      -9.99999999999821E-9     -65925.1240635112
6.199445996679147E-6      -4.999999999999105E-9    -66153.12045732488
6.198133532493401E-6      -7.499999999998658E-9    -66103.6288738661
6.196821068307655E-6      -9.99999999999821E-9     -66054.1360360506
6.2016321326342415E-6     -7.499999999998658E-9    -66232.94221824045
6.200319668448496E-6      -9.99999999999821E-9     -66183.45272920033
6.203818268589337E-6      -9.99999999999821E-9     -66312.76048209336
6.1846008784116055E-6     0                        -65600.28807135858
6.183282675709567E-6      -2.4999999999995525E-9   -65549.36937558447
6.181964473007529E-6      -4.999999999999105E-9    -65498.6308717255
6.180646270305491E-6      -7.499999999998658E-9    -65447.89109790836
6.179328067603453E-6      -9.99999999999821E-9     -65397.33772986018
6.186781275850408E-6      -2.4999999999995525E-9   -65681.64823818256
6.185463073148369E-6      -4.999999999999105E-9    -65630.74143166926
6.1841448704463314E-6     -7.499999999998658E-9    -65579.9460519091
6.1828266677442935E-6     -9.99999999999821E-9     -65529.14940286642
6.18896167328921E-6       -4.999999999999105E-9    -65762.86261329247
6.187643470587172E-6      -7.499999999998658E-9    -65712.06583598374
6.186325267885134E-6      -9.99999999999821E-9     -65661.27256146609
6.191142070728013E-6      -7.499999999998658E-9    -65844.0734985464
6.1898238680259745E-6     -9.99999999999821E-9     -65793.38674855152
6.192454534913758E-6      -4.999999999999105E-9    -65893.35301928993
6.1937669990995045E-6     -2.4999999999995525E-9   -65942.73443402366
6.195079463285249E-6      0                        -65992.11459275003
6.1902741374749554E-6     -2.4999999999995525E-9   -65812.25214917952
6.191586601660701E-6      0                        -65861.63565698556
6.188093740036153E-6      0                        -65731.14779110427
6.177153408680943E-6      -7.499999999998658E-9    -65314.74121929689
6.1784716113829815E-6     -4.999999999999105E-9    -65365.320378776945
6.1797898140850195E-6     -2.4999999999995525E-9   -65416.003275504394
6.181108016787057E-6      0                        -65466.68490159807
6.174978749758433E-6      -4.999999999999105E-9    -65231.98099676385
6.176296952460471E-6      -2.4999999999995525E-9   -65282.67237621302
6.17761515516251E-6       0                        -65333.35737631883
6.172804090835923E-6      -2.4999999999995525E-9   -65149.21729081504
6.174122293537962E-6      0                        -65200.0208918046
6.170629431913414E-6      0                        -65066.30507734473
6.169305490695083E-6      -2.4999999999995525E-9   -65014.03315971102
6.167981549476752E-6      -4.999999999999105E-9    -64961.94514309947
6.166657608258421E-6      -7.499999999998658E-9    -64909.85584215464
6.16533366704009E-6       -9.99999999999821E-9     -64857.95663904139
6.171480149617593E-6      -4.999999999999105E-9    -65096.9572377225
6.170156208399262E-6      -7.499999999998658E-9    -65044.811127688474
6.168832267180932E-6      -9.99999999999821E-9     -64992.663733841306
6.173654808540103E-6      -7.499999999998658E-9    -65179.83317704365
6.172330867321772E-6      -9.99999999999821E-9     -65127.689182219816
6.175829467462613E-6      -9.99999999999821E-9     -65262.70563137758
6.163164746633874E-6      -7.499999999998658E-9    -64773.763456822424
6.164488687852204E-6      -4.999999999999105E-9    -64825.68914598354
6.165812629070535E-6      -2.4999999999995525E-9   -64877.72035163403
6.167136570288866E-6      0                        -64929.750272431134
6.160995826227657E-6      -4.999999999999105E-9    -64689.40312267958
6.162319767445988E-6      -2.4999999999995525E-9   -64741.4432124926
6.163643708664319E-6      0                        -64793.47653096127
6.158826905821441E-6      -2.4999999999995525E-9   -64605.03931301243
6.160150847039772E-6      0                        -64657.19380472402
6.156657985415223E-6      0                        -64520.524187107134
6.155328305680599E-6      -2.4999999999995525E-9   -64466.85018630274
6.153998625945976E-6      -4.999999999999105E-9    -64413.363840523205
6.152668946211353E-6      -7.499999999998658E-9    -64359.876196462355
6.151339266476728E-6      -9.99999999999821E-9     -64306.582306647695
6.157497226086817E-6      -4.999999999999105E-9    -64551.377100344915
6.156167546352192E-6      -7.499999999998658E-9    -64497.83136532634
6.154837866617567E-6      -9.99999999999821E-9     -64444.284332385374
6.159666146493033E-6      -7.499999999998658E-9    -64635.85532338779
6.158336466758409E-6      -9.99999999999821E-9     -64582.31171266458
6.161835066899248E-6      -9.99999999999821E-9     -64720.330069659714
6.149176084586804E-6      -7.499999999998658E-9    -64220.739967626476
6.150505764321427E-6      -4.999999999999105E-9    -64274.06099413634
6.151835444056052E-6      -2.4999999999995525E-9   -64327.48924638721
6.153165123790675E-6      0                        -64380.91619999797
6.14701290269688E-6       -4.999999999999105E-9    -64134.72697352381
6.148342582431504E-6      -2.4999999999995525E-9   -64188.16451407653
6.149672262166128E-6      0                        -64241.59488769279
6.1448497208069555E-6     -2.4999999999995525E-9   -64048.71051325233
6.1461794005415805E-6     0                        -64102.264568764185
6.1426865389170315E-6     0                        -63962.539869971486
6.141351120666115E-6      -2.4999999999995525E-9   -63907.41310328765
6.140015702415199E-6      -4.999999999999105E-9    -63852.47771144849
6.138680284164282E-6      -7.499999999998658E-9    -63797.54100783362
6.137344865913366E-6      -9.99999999999821E-9     -63742.80173038541
6.143514302556038E-6      -4.999999999999105E-9    -63993.59540923439
6.142178884305123E-6      -7.499999999998658E-9    -63938.59925552264
6.140843466054207E-6      -9.99999999999821E-9     -63883.601790226945
6.145677484445963E-6      -7.499999999998658E-9    -64079.728395571416
6.144342066195047E-6      -9.99999999999821E-9     -64024.73437433137
6.147840666335888E-6      -9.99999999999821E-9     -64165.85791482328
6.12871509241884E-6       0                        -63391.932029959826
6.127373935651632E-6      -2.4999999999995525E-9   -63335.29982435669
6.126032778884421E-6      -4.999999999999105E-9    -63278.862643113265
6.124691622117213E-6      -7.499999999998658E-9    -63222.42413707989
6.123350465350003E-6      -9.99999999999821E-9     -63166.186778776006
6.130872535792472E-6      -2.4999999999995525E-9   -63479.81254482817
6.129531379025262E-6      -4.999999999999105E-9    -63423.191858842045
6.128190222258053E-6      -7.499999999998658E-9    -63366.692487180146
6.126849065490844E-6      -9.99999999999821E-9     -63310.19179074723
6.133029979166103E-6      -4.999999999999105E-9    -63567.535989997195
6.1316888223988945E-6     -7.499999999998658E-9    -63511.03388798669
6.130347665631685E-6      -9.99999999999821E-9     -63454.536656038545
6.135187422539735E-6      -7.499999999998658E-9    -63655.25597982881
6.1338462657725254E-6     -9.99999999999821E-9     -63598.87246121275
6.136522840790651E-6      -4.999999999999105E-9    -63710.02298140577
6.137858259041567E-6      -2.4999999999995525E-9   -63764.89891986254
6.139193677292484E-6      0                        -63819.773546351855
6.1343653974170195E-6     -2.4999999999995525E-9   -63622.42156424932
6.135700815667936E-6      0                        -63677.299631700575
6.132207954043389E-6      0                        -63534.81669233649
6.1211987604926645E-6     -7.499999999998658E-9    -63076.88150449989
6.122539917259875E-6      -4.999999999999105E-9    -63133.147139535016
6.1238810740270836E-6     -2.4999999999995525E-9   -63189.52345113506
6.125222230794293E-6      0                        -63245.89843792613
6.119047055635327E-6      -4.999999999999105E-9    -62987.398330485456
6.120388212402536E-6      -2.4999999999995525E-9   -63043.784588388065
6.121729369169746E-6      0                        -63100.16303566795
6.116895350777989E-6      -2.4999999999995525E-9   -62897.91171345131
6.118236507545198E-6      0                        -62954.41859446229
6.11474364592065E-6       0                        -62808.26507519188
6.1133967506371476E-6     -2.4999999999995525E-9   -62750.072616647405
6.112049855353646E-6      -4.999999999999105E-9    -62692.07884036434
6.110702960070143E-6      -7.499999999998658E-9    -62634.083726784025
6.1093560647866405E-6     -9.99999999999821E-9     -62576.29354241846
6.115548455494486E-6      -4.999999999999105E-9    -62839.73063581748
6.114201560210984E-6      -7.499999999998658E-9    -62781.67319396916
6.112854664927481E-6      -9.99999999999821E-9     -62723.61441466428
6.117700160351824E-6      -7.499999999998658E-9    -62929.33788627637
6.1163532650683215E-6     -9.99999999999821E-9     -62871.28259042429
6.119851865209162E-6      -9.99999999999821E-9     -63018.94169347458
5.774975070940473E-6      -7.499999999998658E-9    -43267.47209360036
5.7764596906150024E-6     -4.999999999999105E-9    -43380.43200513844
5.777944310289532E-6      -2.4999999999995525E-9   -43493.390448997154
5.779428929964062E-6      0                        -43606.594541597646
5.772966828990453E-6      -4.999999999999105E-9    -43116.28061583483
5.774451448664985E-6      -2.4999999999995525E-9   -43229.13741999921
5.7759360683395145E-6     0                        -43341.99275902841
5.770958587040436E-6      -2.4999999999995525E-9   -42965.02750023693
5.772443206714966E-6      0                        -43077.88630842352
5.768950345090418E-6      0                        -42813.77164385833
5.781442910430373E-6      -2.4999999999995525E-9   -43755.71095428973
5.779958290755844E-6      -4.999999999999105E-9    -43642.52761998717
5.778473671081313E-6      -7.499999999998658E-9    -43529.46608274875
5.7769890514067835E-6     -9.99999999999821E-9     -43416.40307528716
5.783456890896683E-6      -4.999999999999105E-9    -43904.572827012234
5.781972271222154E-6      -7.499999999998658E-9    -43791.510705148154
5.780487651547624E-6      -9.99999999999821E-9     -43678.45118338206
5.785470871362994E-6      -7.499999999998658E-9    -44053.43193272782
5.783986251688465E-6      -9.99999999999821E-9     -43940.49102767621
5.787484851829305E-6      -9.99999999999821E-9     -44202.0936856576
5.788963732987542E-6      -7.499999999998658E-9    -44312.32544316559
5.790442614145779E-6      -4.999999999999105E-9    -44422.77019858909
5.791921495304016E-6      -2.4999999999995525E-9   -44533.21349067192
5.793400376462253E-6      0                        -44643.90135630516
5.786949752521231E-6      -4.999999999999105E-9    -44163.66355982273
5.788428633679467E-6      -2.4999999999995525E-9   -44274.00885758157
5.789907514837705E-6      0                        -44384.35269498563
5.784935772054921E-6      -2.4999999999995525E-9   -44014.925667345866
5.786414653213157E-6      0                        -44125.27297700341
5.782921791588609E-6      0                        -43866.18500348806
5.795420095444857E-6      -2.4999999999995525E-9   -44790.32907464511
5.793941214286619E-6      -4.999999999999105E-9    -44679.659367787404
5.792462333128383E-6      -7.499999999998658E-9    -44569.116633527214
5.790983451970145E-6      -9.99999999999821E-9     -44458.57243294074
5.797439814427461E-6      -4.999999999999105E-9    -44936.51539411558
5.795960933269223E-6      -7.499999999998658E-9    -44825.9727519664
5.794482052110986E-6      -9.99999999999821E-9     -44715.43204210652
5.7994595334100645E-6     -7.499999999998658E-9    -45082.6989141525
5.797980652251827E-6      -9.99999999999821E-9     -44972.28334159703
5.8014792523926675E-6     -9.99999999999821E-9     -45228.675698663756
5.802952395034611E-6      -7.499999999998658E-9    -45336.25586146966
5.804425537676555E-6      -4.999999999999105E-9    -45444.0598801717
5.8058986803185E-6        -2.4999999999995525E-9   -45551.86243839566
5.807371822960444E-6      0                        -45659.91017587207
5.800932676052008E-6      -4.999999999999105E-9    -45190.28592359724
5.8024058186939515E-6     -2.4999999999995525E-9   -45297.99312241934
5.803878961335897E-6      0                        -45405.69886404087
5.798912957069404E-6      -2.4999999999995525E-9   -45044.22947039175
5.8003860997113485E-6     0                        -45151.938690851835
5.796893238086801E-6      0                        -44898.17021286725
5.809397280459341E-6      -2.4999999999995525E-9   -45803.54844601952
5.807924137817396E-6      -4.999999999999105E-9    -45695.51688257513
5.806450995175452E-6      -7.499999999998658E-9    -45587.61752095954
5.804977852533509E-6      -9.99999999999821E-9     -45479.71669558831
5.811422737958236E-6      -4.999999999999105E-9    -45946.954160811954
5.809949595316293E-6      -7.499999999998658E-9    -45839.054529593064
5.808476452674348E-6      -9.99999999999821E-9     -45731.15720282617
5.813448195457133E-6      -7.499999999998658E-9    -46090.357041968295
5.811975052815189E-6      -9.99999999999821E-9     -45982.58934819332
5.815473652956029E-6      -9.99999999999821E-9     -46233.54626586411
5.8169410570816806E-6     -7.499999999998658E-9    -46338.409957339965
5.818408461207333E-6      -4.999999999999105E-9    -46443.505623165554
5.819875865332984E-6      -2.4999999999995525E-9   -46548.599830427804
5.821343269458636E-6      0                        -46653.94038383981
5.8149155995827845E-6     -4.999999999999105E-9    -46195.23321923414
5.8163830037084365E-6     -2.4999999999995525E-9   -46300.234075776956
5.817850407834089E-6      0                        -46405.23347720912
5.812890142083888E-6      -2.4999999999995525E-9   -46051.96227326461
5.81435754620954E-6       0                        -46156.96516239896
5.810864684584993E-6      0                        -45908.68848844063
5.823374465473825E-6      -2.4999999999995525E-9   -46794.73029737458
5.821907061348174E-6      -4.999999999999105E-9    -46689.40442317979
5.820439657222522E-6      -7.499999999998658E-9    -46584.21542373579
5.81897225309687E-6       -9.99999999999821E-9     -46479.02496227579
5.8254056614890136E-6     -4.999999999999105E-9    -46935.2938664407
5.823938257363362E-6      -7.499999999998658E-9    -46830.10384107079
5.822470853237711E-6      -9.99999999999821E-9     -46724.916887866624
5.827436857504204E-6      -7.499999999998658E-9    -47075.854566522714
5.825969453378551E-6      -9.99999999999821E-9     -46970.800395387465
5.829468053519392E-6      -9.99999999999821E-9     -47216.19660387144
5.905171948447782E-6      0                        -52150.12747403993
5.903738975419888E-6      -2.4999999999995525E-9   -52060.89659628628
5.902306002391993E-6      -4.999999999999105E-9    -51971.91182790743
5.900873029364099E-6      -7.499999999998658E-9    -51882.925610043276
5.8994400563362046E-6     -9.99999999999821E-9     -51794.18775328159
5.907237575560727E-6      -2.4999999999995525E-9   -52273.86072092391
5.905804602532833E-6      -4.999999999999105E-9    -52184.6410927482
5.9043716295049384E-6     -7.499999999998658E-9    -52095.570033916156
5.902938656477046E-6      -9.99999999999821E-9     -52006.49752245546
5.909303202673674E-6      -4.999999999999105E-9    -52397.38809042413
5.90787022964578E-6       -7.499999999998658E-9    -52308.31288230472
5.9064372566178855E-6     -9.99999999999821E-9     -52219.24393795244
5.911368829786619E-6      -7.499999999998658E-9    -52520.912377520115
5.909935856758727E-6      -9.99999999999821E-9     -52431.98159426578
5.913434456899566E-6      -9.99999999999821E-9     -52644.21195011079
5.8973801677395515E-6     -7.499999999998658E-9    -51668.12480487135
5.898813140767446E-6      -4.999999999999105E-9    -51756.8915244873
5.90024611379534E-6       -2.4999999999995525E-9   -51845.791435795196
5.901679086823235E-6      0                        -51934.68990076134
5.895320279142898E-6      -4.999999999999105E-9    -51541.83610561045
5.896753252170793E-6      -2.4999999999995525E-9   -51630.74720209167
5.898186225198687E-6      0                        -51719.64921491964
5.893260390546245E-6      -2.4999999999995525E-9   -51415.54435825231
5.8946933635741395E-6     0                        -51504.59982655579
5.891200501949591E-6      0                        -51289.04385869382
5.889761790405404E-6      -2.4999999999995525E-9   -51197.221850923524
5.888323078861217E-6      -4.999999999999105E-9    -51105.647329931926
5.886884367317029E-6      -7.499999999998658E-9    -51014.07135723082
5.885445655772842E-6      -9.99999999999821E-9     -50922.74359792442
5.891821679002058E-6      -4.999999999999105E-9    -51323.73373639955
5.89038296745787E-6       -7.499999999998658E-9    -51232.07156715838
5.888944255913682E-6      -9.99999999999821E-9     -51140.40794291503
5.893881567598711E-6      -7.499999999998658E-9    -51450.169858363945
5.892442856054524E-6      -9.99999999999821E-9     -51358.50979342674
5.895941456195363E-6      -9.99999999999821E-9     -51576.60293727403
5.877229055451399E-6      0                        -50406.36368762283
5.875784605390919E-6      -2.4999999999995525E-9   -50311.89923179186
5.874340155330439E-6      -4.999999999999105E-9    -50217.68308059829
5.87289570526996E-6       -7.499999999998658E-9    -50123.46547594252
5.871451255209479E-6      -9.99999999999821E-9     -50029.49513143865
5.87928320553176E-6       -2.4999999999995525E-9   -50535.67544911259
5.877838755471281E-6      -4.999999999999105E-9    -50441.22266741618
5.8763943054108E-6        -7.499999999998658E-9    -50346.91752992052
5.87494985535032E-6       -9.99999999999821E-9     -50252.610935547214
5.881337355612121E-6      -4.999999999999105E-9    -50664.77554707497
5.879892905551641E-6      -7.499999999998658E-9    -50570.46662862252
5.87844845549116E-6       -9.99999999999821E-9     -50476.16358454479
5.883391505692482E-6      -7.499999999998658E-9    -50793.872632043116
5.881947055632001E-6      -9.99999999999821E-9     -50699.70758207328
5.884830217236668E-6      -4.999999999999105E-9    -50885.22794447983
5.886268928780857E-6      -2.4999999999995525E-9   -50976.71625231208
5.887707640325043E-6      0                        -51068.203111727504
5.882776067156308E-6      -2.4999999999995525E-9   -50756.27472555374
5.884214778700496E-6      0                        -50847.76512436343
5.8807219170759484E-6     0                        -50627.31848839471
5.83092971912875E-6       -7.499999999998658E-9    -47318.317701372755
5.832391384738109E-6      -4.999999999999105E-9    -47420.67678217017
5.833853050347467E-6      -2.4999999999995525E-9   -47523.03440578008
5.835314715956826E-6      0                        -47625.63949412151
5.828898523113562E-6      -4.999999999999105E-9    -47177.99267085111
5.83036018872292E-6       -2.4999999999995525E-9   -47280.25859534136
5.831821854332279E-6      0                        -47382.52306618028
5.8268673270983725E-6     -2.4999999999995525E-9   -47037.56782301226
5.8283289927077315E-6     0                        -47139.835791750826
5.824836131083184E-6      0                        -46897.140100779725
5.8373516504883085E-6     -2.4999999999995525E-9   -47763.55248121216
5.835889984878949E-6      -4.999999999999105E-9    -47660.960961327655
5.8344283192695914E-6     -7.499999999998658E-9    -47558.51019881601
5.8329666536602325E-6     -9.99999999999821E-9     -47456.05797558079
5.839388585019791E-6      -4.999999999999105E-9    -47901.24377830676
5.837926919410432E-6      -7.499999999998658E-9    -47798.791162741516
5.836465253801073E-6      -9.99999999999821E-9     -47696.34245834754
5.841425519551273E-6      -7.499999999998658E-9    -48038.93217043182
5.839963853941914E-6      -9.99999999999821E-9     -47936.61846467333
5.843462454082755E-6      -9.99999999999821E-9     -48176.3983895698
5.8694028436454115E-6     -7.499999999998658E-9    -49897.77999223117
5.870847293705892E-6      -4.999999999999105E-9    -49991.77612308494
5.8722917437663724E-6     -2.4999999999995525E-9   -50085.90472440228
5.873736193826852E-6      0                        -50180.03187567271
5.867354432081344E-6      -4.999999999999105E-9    -49765.839127564555
5.868798882141824E-6      -2.4999999999995525E-9   -49859.97809136823
5.870243332202305E-6      0                        -49954.10877248256
5.865306020517276E-6      -2.4999999999995525E-9   -49633.89528561778
5.866750470577757E-6      0                        -49728.17707698569
5.863257608953209E-6      0                        -49501.73676620106
5.861807420376436E-6      -2.4999999999995525E-9   -49404.58661669755
5.860357231799663E-6      -4.999999999999105E-9    -49307.685023829596
5.858907043222889E-6      -7.499999999998658E-9    -49210.781976106824
5.8574568546461165E-6     -9.99999999999821E-9     -49114.12428610227
5.863855831940503E-6      -4.999999999999105E-9    -49536.75725261495
5.86240564336373E-6       -7.499999999998658E-9    -49439.76534166303
5.860955454786957E-6      -9.99999999999821E-9     -49342.771972352595
5.865904243504571E-6      -7.499999999998658E-9    -49668.84392429232
5.864454054927798E-6      -9.99999999999821E-9     -49571.85409530392
5.867952655068639E-6      -9.99999999999821E-9     -49800.92762407546
5.855414181598342E-6      -7.499999999998658E-9    -48979.53952609044
5.856864370175115E-6      -4.999999999999105E-9    -49076.22072109216
5.858314558751888E-6      -2.4999999999995525E-9   -49173.03343340229
5.859764747328661E-6      0                        -49269.84469436125
5.853371508550567E-6      -4.999999999999105E-9    -48844.73030945785
5.854821697127341E-6      -2.4999999999995525E-9   -48941.55270817076
5.856271885704114E-6      0                        -49038.36748861942
5.8513288355027936E-6     -2.4999999999995525E-9   -48709.91815164508
5.8527790240795654E-6     0                        -48806.881748595595
5.849286162455018E-6      0                        -48574.88805889022
5.847830235361951E-6      -2.4999999999995525E-9   -48475.01959421177
5.846374308268886E-6      -4.999999999999105E-9    -48375.39938119963
5.8449183811758205E-6     -7.499999999998658E-9    -48275.77771215419
5.849872908409728E-6      -4.999999999999105E-9    -48610.06241975611
5.848416981316661E-6      -7.499999999998658E-9    -48510.350525297785
5.846961054223595E-6      -9.99999999999821E-9     -48410.63717125811
5.8519155814575015E-6     -7.499999999998658E-9    -48745.01577778889
5.850459654364436E-6      -9.99999999999821E-9     -48645.30595345154
5.853958254505276E-6      -9.99999999999821E-9     -48879.96620011504
5.842881446644339E-6      -4.999999999999105E-9    -48138.332113257085
5.844337373737405E-6      -2.4999999999995525E-9   -48237.86208339142
5.84579330083047E-6       0                        -48337.39060104049
5.840844512112857E-6      -2.4999999999995525E-9   -48000.78262902537
5.8423004392059226E-6     0                        -48100.31465536391
5.838807577581374E-6      0                        -47863.230234336734
6.100772199422458E-6      0                        -62211.08739924487
6.099419565622663E-6      -2.4999999999995525E-9   -62151.27784876629
6.0980669318228685E-6     -4.999999999999105E-9    -62091.67066426566
6.096714298023073E-6      -7.499999999998658E-9    -62032.062130494334
6.095361664223278E-6      -9.99999999999821E-9     -61972.662369648395
6.102918165763503E-6      -2.4999999999995525E-9   -62302.55831735827
6.101565531963709E-6      -4.999999999999105E-9    -62242.760025168485
6.100212898163914E-6      -7.499999999998658E-9    -62183.08767868335
6.098860264364118E-6      -9.99999999999821E-9     -62123.41398258401
6.105064132104549E-6      -4.999999999999105E-9    -62393.866217622875
6.1037114983047545E-6     -7.499999999998658E-9    -62334.1906233678
6.10235886450496E-6       -9.99999999999821E-9     -62274.520428177435
6.107210098445594E-6      -7.499999999998658E-9    -62485.170688680315
6.1058574646458E-6        -9.99999999999821E-9     -62425.617792463614
6.108556993729098E-6      -4.999999999999105E-9    -62542.98967100992
6.1099038890126E-6        -2.4999999999995525E-9   -62600.9211142665
6.111250784296102E-6      0                        -62658.851220385375
6.106411027388052E-6      -2.4999999999995525E-9   -62451.80788809322
6.107757922671555E-6      0                        -62509.741472746915
6.1042650610470065E-6     0                        -62360.622675865714
6.093221436398525E-6      -7.499999999998658E-9    -61879.66210416914
6.0945740701983194E-6     -4.999999999999105E-9    -61939.09115993565
6.095926703998115E-6      -2.4999999999995525E-9   -61998.63452620669
6.097279337797911E-6      0                        -62058.176543550435
6.091081208573772E-6      -4.999999999999105E-9    -61786.476467814646
6.092433842373568E-6      -2.4999999999995525E-9   -61846.03029722936
6.093786476173363E-6      0                        -61905.57580962276
6.088940980749019E-6      -2.4999999999995525E-9   -61693.2874175673
6.0902936145488145E-6     0                        -61752.96602017799
6.086800752924267E-6      0                        -61599.93228894408
6.085442380608178E-6      -2.4999999999995525E-9   -61538.44688728635
6.084084008292091E-6      -4.999999999999105E-9    -61477.16756808033
6.082725635976003E-6      -7.499999999998658E-9    -61415.88688818988
6.081367263659916E-6      -9.99999999999821E-9     -61354.8188092355
6.087582608432932E-6      -4.999999999999105E-9    -61631.81319005614
6.086224236116844E-6      -7.499999999998658E-9    -61570.467196495156
6.0848658638007565E-6     -9.99999999999821E-9     -61509.119841716834
6.089722836257684E-6      -7.499999999998658E-9    -61725.12702296319
6.088364463941597E-6      -9.99999999999821E-9     -61663.78318498848
6.091863064082437E-6      -9.99999999999821E-9     -61818.437442429844
6.072829306426076E-6      0                        -60974.318772978826
6.071465195593696E-6      -2.4999999999995525E-9   -60911.096869921654
6.070101084761315E-6      -4.999999999999105E-9    -60848.084756781274
6.0687369739289345E-6     -7.499999999998658E-9    -60785.07127212845
6.067372863096553E-6      -9.99999999999821E-9     -60722.27417680015
6.074963795734536E-6      -2.4999999999995525E-9   -61069.6196440187
6.073599684902154E-6      -4.999999999999105E-9    -61006.40884557525
6.072235574069774E-6      -7.499999999998658E-9    -60943.32852021999
6.070871463237394E-6      -9.99999999999821E-9     -60880.246822624875
6.0770982850429965E-6     -4.999999999999105E-9    -61164.75132893304
6.075734174210615E-6      -7.499999999998658E-9    -61101.66737862074
6.074370063378234E-6      -9.99999999999821E-9     -61038.58921211456
6.079232774351457E-6      -7.499999999998658E-9    -61259.87961677547
6.0778686635190756E-6     -9.99999999999821E-9     -61196.922515398444
6.080591146667545E-6      -4.999999999999105E-9    -61320.97744213665
6.081949518983632E-6      -2.4999999999995525E-9   -61382.191441386596
6.083307891299719E-6      0                        -61443.404080485016
6.0784566573590845E-6     -2.4999999999995525E-9   -61225.97599421408
6.079815029675172E-6      0                        -61287.1921432976
6.0763221680506235E-6     0                        -61130.97114841527
6.065244112304386E-6      -7.499999999998658E-9    -60625.33300257492
6.0666082231367665E-6     -4.999999999999105E-9    -60688.16025184216
6.067972333969148E-6      -2.4999999999995525E-9   -60751.105517213524
6.069336444801529E-6      0                        -60814.04941179971
6.063115361512219E-6      -4.999999999999105E-9    -60528.19903467082
6.0644794723445995E-6     -2.4999999999995525E-9   -60591.15515513833
6.065843583176981E-6      0                        -60654.102573019474
6.060986610720052E-6      -2.4999999999995525E-9   -60431.06168802302
6.062350721552433E-6      0                        -60494.14667853179
6.058857859927885E-6      0                        -60333.75205061392
6.057488010579212E-6      -2.4999999999995525E-9   -60268.731203112606
6.056118161230538E-6      -4.999999999999105E-9    -60203.923812742534
6.054748311881864E-6      -7.499999999998658E-9    -60139.11504064214
6.053378462533191E-6      -9.99999999999821E-9     -60074.52642081969
6.05961676137138E-6       -4.999999999999105E-9    -60366.05186798443
6.058246912022705E-6      -7.499999999998658E-9    -60301.174714621666
6.056877062674031E-6      -9.99999999999821E-9     -60236.29617860222
6.061745512163546E-6      -7.499999999998658E-9    -60463.31809322681
6.0603756628148724E-6     -9.99999999999821E-9     -60398.44310092724
6.063874262955712E-6      -9.99999999999821E-9     -60560.58094088448
6.051255450257316E-6      -7.499999999998658E-9    -59975.5188754205
6.05262529960599E-6       -4.999999999999105E-9    -60040.13804120686
6.053995148954663E-6      -2.4999999999995525E-9   -60104.8770424577
6.055364998303337E-6      0                        -60169.61466290447
6.049132437981442E-6      -4.999999999999105E-9    -59876.314847656715
6.050502287330115E-6      -2.4999999999995525E-9   -59941.06489435336
6.051872136678789E-6      0                        -60005.80604973681
6.047009425705567E-6      -2.4999999999995525E-9   -59777.1074609834
6.048379275054241E-6      0                        -59841.98838707487
6.044886413429693E-6      0                        -59677.724672147284
6.043510825564727E-6      -2.4999999999995525E-9   -59610.840744152105
6.042135237699761E-6      -4.999999999999105E-9    -59544.17392622826
6.0407596498347945E-6     -7.499999999998658E-9    -59477.50571698998
6.039384061969829E-6      -9.99999999999821E-9     -59411.06138360512
6.0456338378406014E-6     -4.999999999999105E-9    -59710.234487597074
6.044258249975636E-6      -7.499999999998658E-9    -59643.49635753789
6.04288266211067E-6       -9.99999999999821E-9     -59576.756835034575
6.047756850116475E-6      -7.499999999998658E-9    -59809.57276174346
6.04638126225151E-6       -9.99999999999821E-9     -59742.836793895454
6.04987986239235E-6       -9.99999999999821E-9     -59908.90767849601
6.037266788210247E-6      -7.499999999998658E-9    -59309.921940655375
6.038642376075214E-6      -4.999999999999105E-9    -59376.3971838362
6.0400179639401784E-6     -2.4999999999995525E-9   -59442.99407228444
6.041393551805145E-6      0                        -59509.589570547854
6.035149514450666E-6      -4.999999999999105E-9    -59208.582369284246
6.036525102315632E-6      -2.4999999999995525E-9   -59275.190473316085
6.037900690180598E-6      0                        -59341.78951645052
6.0330322406910854E-6     -2.4999999999995525E-9   -59107.23946033769
6.03440782855605E-6       0                        -59173.98042334781
6.030914966931503E-6      0                        -59005.71796780665
6.029533640550244E-6      -2.4999999999995525E-9   -58936.905249786534
6.0281523141689845E-6     -4.999999999999105E-9    -58868.313293239444
6.026770987787725E-6      -7.499999999998658E-9    -58799.7199364491
6.025389661406466E-6      -9.99999999999821E-9     -58731.35413970455
6.031650914309825E-6      -4.999999999999105E-9    -59038.437656725706
6.030269587928565E-6      -7.499999999998658E-9    -58969.77282653855
6.028888261547307E-6      -9.99999999999821E-9     -58901.10659477147
6.033768188069407E-6      -7.499999999998658E-9    -59139.913432242836
6.032386861688147E-6      -9.99999999999821E-9     -59071.250764334254
6.035885461828988E-6      -9.99999999999821E-9     -59241.38587205724
6.023278126163178E-6      -7.499999999998658E-9    -58628.01629774704
6.024659452544437E-6      -4.999999999999105E-9    -58696.41325620014
6.026040778925696E-6      -2.4999999999995525E-9   -58764.93372989295
6.0274221053069556E-6     0                        -58833.452804679226
6.021166590919889E-6      -4.999999999999105E-9    -58524.47475286887
6.022547917301148E-6      -2.4999999999995525E-9   -58593.00648151406
6.023929243682407E-6      0                        -58661.5291093648
6.019055055676601E-6      -2.4999999999995525E-9   -58420.929893237975
6.020436382057859E-6      0                        -58489.59638984552
6.016943520433312E-6      0                        -58317.20325257047
6.01555645553576E-6       -2.4999999999995525E-9   -58246.394716232404
6.014169390638208E-6      -4.999999999999105E-9    -58175.8104681717
6.012782325740656E-6      -7.499999999998658E-9    -58105.224811613196
6.0113952608431035E-6     -9.99999999999821E-9     -58034.8703308552
6.017667990779049E-6      -4.999999999999105E-9    -58350.132308578046
6.016280925881497E-6      -7.499999999998658E-9    -58279.473629566266
6.014893860983945E-6      -9.99999999999821E-9     -58208.81354051021
6.019779526022337E-6      -7.499999999998658E-9    -58453.81194326795
6.018392461124785E-6      -9.99999999999821E-9     -58383.15542551079
6.0218910612656265E-6     -9.99999999999821E-9     -58557.488265434724
5.430069930069924E-6      0                        -149296.19660346373
5.428460056847914E-6      -2.4999999999995525E-9   -149458.27955472848
5.426850183625903E-6      -4.999999999999105E-9    -149620.86340733542
5.425240310403892E-6      -7.499999999998658E-9    -149783.45260531365
5.423630437181882E-6      -9.99999999999821E-9     -149946.67002080908
5.431958656988754E-6      -2.4999999999995525E-9   -149079.620344967
5.430348783766743E-6      -4.999999999999105E-9    -149241.72009656165
5.428738910544733E-6      -7.499999999998658E-9    -149404.02942115048
5.427129037322723E-6      -9.99999999999821E-9     -149566.34411268245
5.433847383907584E-6      -4.999999999999105E-9    -148862.5427455083
5.432237510685573E-6      -7.499999999998658E-9    -149024.9142791307
5.430627637463563E-6      -9.99999999999821E-9     -149187.2172874498
5.435736110826414E-6      -7.499999999998658E-9    -148645.47259608805
5.434126237604404E-6      -9.99999999999821E-9     -148808.1158951446
5.437624837745244E-6      -9.99999999999821E-9     -148427.8500700792
5.416083916083909E-6      0                        -150747.6070471094
5.414471946217561E-6      -2.4999999999995525E-9   -150895.31547862763
5.412859976351214E-6      -4.999999999999105E-9    -151043.60233137957
5.411248006484866E-6      -7.499999999998658E-9    -151191.89443386628
5.409636036618519E-6      -9.99999999999821E-9     -151340.82168786137
5.417970546358402E-6      -2.4999999999995525E-9   -150547.9392143588
5.416358576492054E-6      -4.999999999999105E-9    -150695.66689984978
5.414746606625707E-6      -7.499999999998658E-9    -150843.6641086416
5.41313463675936E-6       -9.99999999999821E-9     -150991.66659643885
5.4198571766328955E-6     -4.999999999999105E-9    -150347.70440915035
5.418245206766548E-6      -7.499999999998658E-9    -150495.7336270137
5.416633236900201E-6      -9.99999999999821E-9     -150643.72461896465
5.421743806907388E-6      -7.499999999998658E-9    -150147.47695296165
5.420131837041041E-6      -9.99999999999821E-9     -150295.80767518556
5.423353680129399E-6      -4.999999999999105E-9    -149984.25674794204
5.42496355335141E-6       -2.4999999999995525E-9   -149821.39309284103
5.42657342657342E-6       0                        -149658.5347615394
5.421467049854906E-6      -2.4999999999995525E-9   -150184.78565838598
5.4230769230769166E-6     0                        -150021.91573633882
5.419580419580413E-6      0                        -150385.32194586148
5.407751502988363E-6      -7.499999999998658E-9    -151524.52881389897
5.40936347285471E-6       -4.999999999999105E-9    -151375.59614659206
5.410975442721058E-6      -2.4999999999995525E-9   -151227.01449808027
5.412587412587406E-6      0                        -151078.43807003248
5.405866969358207E-6      -4.999999999999105E-9    -151707.64910282582
5.407478939224555E-6      -2.4999999999995525E-9   -151559.03028977895
5.409090909090902E-6      0                        -151410.44249309046
5.40398243572805E-6       -2.4999999999995525E-9   -151890.77659476857
5.405594405594398E-6      0                        -151742.4716733286
5.402097902097895E-6      0                        -152073.30662969063
5.40048383558721E-6       -2.4999999999995525E-9   -152206.62444625248
5.398869769076526E-6      -4.999999999999105E-9    -152340.55688194503
5.397255702565841E-6      -7.499999999998658E-9    -152474.4944462402
5.3956416360551566E-6     -9.99999999999821E-9     -152609.06480937477
5.4023683692173665E-6     -4.999999999999105E-9    -152024.11424084668
5.400754302706682E-6      -7.499999999998658E-9    -152157.75129517444
5.399140236195997E-6      -9.99999999999821E-9     -152291.39351386268
5.404252902847522E-6      -7.499999999998658E-9    -151841.3007051861
5.4026388363368375E-6     -9.99999999999821E-9     -151974.93167601252
5.406137436477678E-6      -9.99999999999821E-9     -151658.49433519464
5.388111888111879E-6      0                        -153272.83959984258
5.386495724956858E-6      -2.4999999999995525E-9   -153391.8052262842
5.384879561801837E-6      -4.999999999999105E-9    -153511.40410693048
5.383263398646816E-6      -7.499999999998658E-9    -153631.0079730969
5.381647235491794E-6      -9.99999999999821E-9     -153751.23694736863
5.389994325097698E-6      -2.4999999999995525E-9   -153107.4979468076
5.388378161942677E-6      -4.999999999999105E-9    -153226.48321294168
5.386761998787656E-6      -7.499999999998658E-9    -153345.78567134822
5.385145835632634E-6      -9.99999999999821E-9     -153465.0931565818
5.391876762083518E-6      -4.999999999999105E-9    -152941.5440408921
5.390260598928497E-6      -7.499999999998658E-9    -153060.84843898198
5.388644435773476E-6      -9.99999999999821E-9     -153180.14497566002
5.393759199069337E-6      -7.499999999998658E-9    -152775.59715518611
5.392143035914316E-6      -9.99999999999821E-9     -152895.22064008226
5.395373265580022E-6      -4.999999999999105E-9    -152641.02134030988
5.396987332090707E-6      -2.4999999999995525E-9   -152506.78851505212
5.398601398601391E-6      0                        -152372.56078263902
5.393490828594202E-6      -2.4999999999995525E-9   -152807.28723569357
5.395104895104887E-6      0                        -152673.04841157878
5.391608391608383E-6      0                        -152973.5601964363
5.332167832167818E-6      0                        -156823.3767755453
5.33054328243545E-6       -2.4999999999995525E-9   -156886.27028741705
5.328918732703081E-6      -4.999999999999105E-9    -156949.8002707156
5.327294182970713E-6      -7.499999999998658E-9    -157013.3344979107
5.325669633238345E-6      -9.99999999999821E-9     -157077.4359185728
5.334041882576291E-6      -2.4999999999995525E-9   -156725.4516676212
5.3324173328439215E-6     -4.999999999999105E-9    -156788.3619396504
5.330792783111554E-6      -7.499999999998658E-9    -156851.6116859314
5.329168233379186E-6      -9.99999999999821E-9     -156914.8657331984
5.335915932984762E-6      -4.999999999999105E-9    -156626.91863804997
5.334291383252394E-6      -7.499999999998658E-9    -156690.13911434248
5.332666833520026E-6      -9.99999999999821E-9     -156753.3837969201
5.337789983393235E-6      -7.499999999998658E-9    -156528.3916341946
5.336165433660866E-6      -9.99999999999821E-9     -156591.92224828535
5.339664033801707E-6      -9.99999999999821E-9     -156429.32110616963
5.3797668951503115E-6     -7.499999999998658E-9    -153900.64234664917
5.3813830583053325E-6     -4.999999999999105E-9    -153780.40876023145
5.382999221460354E-6      -2.4999999999995525E-9   -153660.50861121682
5.384615384615375E-6      0                        -153540.61340641518
5.377886554808829E-6      -4.999999999999105E-9    -154049.46867037952
5.379502717963851E-6      -2.4999999999995525E-9   -153929.5551818012
5.381118881118872E-6      0                        -153809.6492091426
5.376006214467347E-6      -2.4999999999995525E-9   -154198.30180082007
5.377622377622369E-6      0                        -154078.70846184454
5.374125874125864E-6      0                        -154346.51653261224
5.372507614326506E-6      -2.4999999999995525E-9   -154451.22102416307
5.370889354527148E-6      -4.999999999999105E-9    -154556.5676549989
5.369271094727791E-6      -7.499999999998658E-9    -154661.91910916538
5.367652834928432E-6      -9.99999999999821E-9     -154767.8844501323
5.3743879546679895E-6     -4.999999999999105E-9    -154303.02541274216
5.3727696948686314E-6     -7.499999999998658E-9    -154408.07729563615
5.3711514350692725E-6     -9.99999999999821E-9     -154513.13404796197
5.376268295009471E-6      -7.499999999998658E-9    -154154.51251980136
5.374650035210113E-6      -9.99999999999821E-9     -154259.55866694846
5.3781486353509534E-6     -9.99999999999821E-9     -154006.00638180773
5.346153846153833E-6      0                        -156120.2710412032
5.344531393065802E-6      -2.4999999999995525E-9   -156196.9036940206
5.34290893997777E-6       -4.999999999999105E-9    -156274.17838387896
5.341286486889738E-6      -7.499999999998658E-9    -156351.4575244078
5.348029993206642E-6      -2.4999999999995525E-9   -156005.82081750446
5.346407540118612E-6      -4.999999999999105E-9    -156082.47106206833
5.3447850870305794E-6     -7.499999999998658E-9    -156159.45956470922
5.343162633942547E-6      -9.99999999999821E-9     -156236.4525719288
5.349906140259451E-6      -4.999999999999105E-9    -155890.7559488814
5.34828368717142E-6       -7.499999999998658E-9    -155967.72129544546
5.3466612340833885E-6     -9.99999999999821E-9     -156044.7044939429
5.35178228731226E-6       -7.499999999998658E-9    -155775.69738615508
5.350159834224228E-6      -9.99999999999821E-9     -155852.97777244143
5.353658434365069E-6      -9.99999999999821E-9     -155660.08148853705
5.339412436481266E-6      -4.999999999999105E-9    -156450.52679510266
5.341034889569298E-6      -2.4999999999995525E-9   -156372.96164897602
5.34265734265733E-6       0                        -156295.4008996117
5.337538386072794E-6      -2.4999999999995525E-9   -156549.363824028
5.339160839160826E-6      0                        -156471.79350146948
5.335664335664322E-6      0                        -156648.2069451342
5.355278790808764E-6      -7.499999999998658E-9    -155568.25176271994
5.356899147252459E-6      -4.999999999999105E-9    -155477.02214073163
5.358519503696153E-6      -2.4999999999995525E-9   -155385.7971631285
5.360139860139848E-6      0                        -155295.21671523605
5.3534026437559555E-6     -4.999999999999105E-9    -155683.86513125146
5.35502300019965E-6       -2.4999999999995525E-9   -155592.34446697423
5.356643356643344E-6      0                        -155500.82839681258
5.3515264967031465E-6     -2.4999999999995525E-9   -155799.2386281963
5.353146853146841E-6      0                        -155707.71255427177
5.349650349650337E-6      0                        -155914.61849331562
5.362018103836994E-6      -2.4999999999995525E-9   -155163.986799019
5.3603977473932985E-6     -4.999999999999105E-9    -155254.58567968124
5.358777390949605E-6      -7.499999999998658E-9    -155345.51944542368
5.35715703450591E-6       -9.99999999999821E-9     -155436.45790582115
5.363896347534141E-6      -4.999999999999105E-9    -155032.13810296176
5.3622759910904455E-6     -7.499999999998658E-9    -155123.0556303335
5.36065563464675E-6       -9.99999999999821E-9     -155213.98386712652
5.365774591231286E-6      -7.499999999998658E-9    -154900.29597421354
5.364154234787592E-6      -9.99999999999821E-9     -154991.53209087678
5.367392851030644E-6      -4.999999999999105E-9    -154794.32704701752
5.369011110830002E-6      -2.4999999999995525E-9   -154688.68100052542
5.370629370629361E-6      0                        -154583.03973126272
5.365514607333499E-6      -2.4999999999995525E-9   -154926.48766777484
5.367132867132857E-6      0                        -154820.8359950509
5.363636363636353E-6      0                        -155058.6549132591
5.323797679474209E-6      -7.499999999998658E-9    -157160.2544503248
5.3254222292065786E-6     -4.999999999999105E-9    -157096.15234736467
5.327046778938946E-6      -2.4999999999995525E-9   -157032.33807518598
5.328671328671314E-6      0                        -156968.52798981417
5.321925725710074E-6      -4.999999999999105E-9    -157242.54478087102
5.323550275442442E-6      -2.4999999999995525E-9   -157178.74614366595
5.3251748251748106E-6     0                        -157114.92694272823
5.320053771945938E-6      -2.4999999999995525E-9   -157324.8408409377
5.321678321678307E-6      0                        -157261.34573956113
5.318181818181803E-6      0                        -157406.53856944072
5.316555171805098E-6      -2.4999999999995525E-9   -157455.93018541
5.314928525428393E-6      -4.999999999999105E-9    -157505.94873236935
5.313301879051687E-6      -7.499999999998658E-9    -157555.9713048825
5.311675232674982E-6      -9.99999999999821E-9     -157606.54288581724
5.318427125569233E-6      -4.999999999999105E-9    -157374.24850342082
5.316800479192527E-6      -7.499999999998658E-9    -157423.99346645776
5.315173832815823E-6      -9.99999999999821E-9     -157473.74251492124
5.320299079333369E-6      -7.499999999998658E-9    -157292.25609826943
5.318672432956663E-6      -9.99999999999821E-9     -157341.99625163377
5.322171033097504E-6      -9.99999999999821E-9     -157210.26935256488
5.304195804195788E-6      0                        -157872.0067369369
5.302567061174745E-6      -2.4999999999995525E-9   -157908.1560921339
5.300938318153704E-6      -4.999999999999105E-9    -157944.92070447488
5.299309575132661E-6      -7.499999999998658E-9    -157981.68911377282
5.2976808321116195E-6     -9.99999999999821E-9     -158018.98751004646
5.3060656613155864E-6     -2.4999999999995525E-9   -157806.20601908973
5.304436918294545E-6      -4.999999999999105E-9    -157842.37070672115
5.302808175273503E-6      -7.499999999998658E-9    -157878.86915408124
5.301179432252461E-6      -9.99999999999821E-9     -157915.3714607026
5.307935518435385E-6      -4.999999999999105E-9    -157739.81867887982
5.306306775414343E-6      -7.499999999998658E-9    -157776.2797273624
5.304678032393301E-6      -9.99999999999821E-9     -157812.77363089277
5.309805375555184E-6      -7.499999999998658E-9    -157673.43675835402
5.3081766325341426E-6     -9.99999999999821E-9     -157710.19409450938
5.311432021931888E-6      -4.999999999999105E-9    -157622.86500155268
5.313058668308594E-6      -2.4999999999995525E-9   -157572.56904614865
5.314685314685299E-6      0                        -157522.2770564258
5.30956216481209E-6       -2.4999999999995525E-9   -157689.5430850675
5.311188811188795E-6      0                        -157639.24246114976
5.307692307692292E-6      0                        -157756.22666144476
5.2762237762237576E-6     0                        -158459.86223519556
5.2745908399140415E-6     -2.4999999999995525E-9   -158470.37780578327
5.272957903604326E-6      -4.999999999999105E-9    -158481.47968349216
5.271324967294611E-6      -7.499999999998658E-9    -158492.58487475017
5.269692030984895E-6      -9.99999999999821E-9     -158504.18052301495
5.278089440054883E-6      -2.4999999999995525E-9   -158424.75856322364
5.276456503745168E-6      -4.999999999999105E-9    -158435.28813405556
5.2748235674354515E-6     -7.499999999998658E-9    -158446.14012989352
5.2731906311257354E-6     -9.99999999999821E-9     -158456.99550554444
5.279955103886008E-6      -4.999999999999105E-9    -158389.09646326504
5.278322167576292E-6      -7.499999999998658E-9    -158399.90572003965
5.276689231266576E-6      -9.99999999999821E-9     -158410.75373308186
5.281820767717133E-6      -7.499999999998658E-9    -158353.4391304205
5.280187831407416E-6      -9.99999999999821E-9     -158364.52799502618
5.283686431548258E-6      -9.99999999999821E-9     -158317.30459108853
5.285317271213637E-6      -7.499999999998658E-9    -158293.00344342095
5.286948110879015E-6      -4.999999999999105E-9    -158269.2127051715
5.288578950544394E-6      -2.4999999999995525E-9   -158245.4255261959
5.290209790209773E-6      0                        -158222.2399158368
5.283451607382511E-6      -4.999999999999105E-9    -158329.13866896514
5.28508244704789E-6       -2.4999999999995525E-9   -158305.0899165322
5.286713286713269E-6      0                        -158281.0446589496
5.281585943551387E-6      -2.4999999999995525E-9   -158365.07547571254
5.283216783216765E-6      0                        -158341.0226065556
5.279720279720262E-6      0                        -158401.0171276856
5.295813071636158E-6      -7.499999999998658E-9    -158070.3125152419
5.2974418146572E-6        -4.999999999999105E-9    -158033.01441439742
5.299070557678243E-6      -2.4999999999995525E-9   -157995.98004890443
5.300699300699284E-6      0                        -157958.94941806424
5.293945311160696E-6      -4.999999999999105E-9    -158121.1426556593
5.2955740541817376E-6     -2.4999999999995525E-9   -158084.13264959233
5.29720279720278E-6       0                        -158047.09388675116
5.292077550685235E-6      -2.4999999999995525E-9   -158171.97789435252
5.293706293706276E-6      0                        -158135.25605890382
5.290446711019855E-6      -4.999999999999105E-9    -158195.1781606129
5.288815871354476E-6      -7.499999999998658E-9    -158218.70710996413
5.287185031689098E-6      -9.99999999999821E-9     -158242.23968301268
5.292314471495317E-6      -7.499999999998658E-9    -158144.6312221448
5.290683631829939E-6      -9.99999999999821E-9     -158168.15590375464
5.294182231970779E-6      -9.99999999999821E-9     -158094.08930611168
5.267828463798107E-6      -7.499999999998658E-9    -158525.52085254225
5.269461400107823E-6      -4.999999999999105E-9    -158513.92625460087
5.271094336417537E-6      -2.4999999999995525E-9   -158502.57140258973
5.272727272727253E-6      0                        -158491.21979786397
5.265964896611319E-6      -4.999999999999105E-9    -158546.40200457672
5.267597832921035E-6      -2.4999999999995525E-9   -158535.0778416975
5.26923076923075E-6       0                        -158523.71916174455
5.2641013294245306E-6     -2.4999999999995525E-9   -158567.28758441907
5.265734265734247E-6      0                        -158556.23393663604
5.262237762237742E-6      0                        -158587.63060071776
5.260602729283689E-6      -2.4999999999995525E-9   -158585.78181225166
5.258967696329638E-6      -4.999999999999105E-9    -158584.50284541823
5.257332663375585E-6      -7.499999999998658E-9    -158583.22693930726
5.255697630421532E-6      -9.99999999999821E-9     -158582.42132563455
5.262466296470479E-6      -4.999999999999105E-9    -158565.45212612965
5.260831263516426E-6      -7.499999999998658E-9    -158563.93190381315
5.2591962305623745E-6     -9.99999999999821E-9     -158562.41481007263
5.264329863657266E-6      -7.499999999998658E-9    -158544.83719909406
5.262694830703214E-6      -9.99999999999821E-9     -158543.31328654636
5.266193430844055E-6      -9.99999999999821E-9     -158524.22661983233
5.253836159879081E-6      -7.499999999998658E-9    -158589.3772935802
5.255471192833133E-6      -4.999999999999105E-9    -158590.18431032964
5.257106225787186E-6      -2.4999999999995525E-9   -158591.21918687766
5.258741258741239E-6      0                        -158592.25705629442
5.251974689336629E-6      -4.999999999999105E-9    -158595.8922757017
5.2536097222906825E-6     -2.4999999999995525E-9   -158596.96037082217
5.255244755244735E-6      0                        -158597.99171520548
5.250113218794178E-6      -2.4999999999995525E-9   -158602.41133961102
5.2517482517482315E-6     0                        -158603.74059474783
5.248251748251727E-6      0                        -158608.40450212246
5.246614618653338E-6      -2.4999999999995525E-9   -158594.50611240172
5.2449774890549485E-6     -4.999999999999105E-9    -158581.1601207219
5.243340359456559E-6      -7.499999999998658E-9    -158567.81693068356
5.24170322985817E-6       -9.99999999999821E-9     -158554.92382378096
5.248476089195789E-6      -4.999999999999105E-9    -158588.5255784325
5.2468389595973995E-6     -7.499999999998658E-9    -158574.94712389988
5.24520182999901E-6       -9.99999999999821E-9     -158561.3715402261
5.25033755973824E-6       -7.499999999998658E-9    -158582.26781554698
5.2487004301398505E-6     -9.99999999999821E-9     -158568.6859698571
5.252199030280692E-6      -9.99999999999821E-9     -158576.01405280392
5.239843855960056E-6      -7.499999999998658E-9    -158547.91514213488
5.241480985558445E-6      -4.999999999999105E-9    -158560.8099753195
5.2431181151568345E-6     -2.4999999999995525E-9   -158573.92093244244
5.244755244755223E-6      0                        -158587.03462198947
5.237984482061941E-6      -4.999999999999105E-9    -158540.48366088455
5.23962161166033E-6       -2.4999999999995525E-9   -158553.6299881487
5.24125874125872E-6       0                        -158566.73771483442
5.236125108163827E-6      -2.4999999999995525E-9   -158533.05590996493
5.2377622377622155E-6     0                        -158546.45381428624
5.234265734265712E-6      0                        -158525.11949630897
5.232626508022986E-6      -2.4999999999995525E-9   -158499.492795978
5.23098728178026E-6       -4.999999999999105E-9    -158474.4003447384
5.2293480555375335E-6     -7.499999999998658E-9    -158449.31043057243
5.227708829294808E-6      -9.99999999999821E-9     -158424.65052026475
5.234485881921101E-6      -4.999999999999105E-9    -158507.44113589393
5.232846655678375E-6      -7.499999999998658E-9    -158482.12510977048
5.231207429435648E-6      -9.99999999999821E-9     -158456.8116910981
5.236345255819214E-6      -7.499999999998658E-9    -158515.12060773687
5.234706029576489E-6      -9.99999999999821E-9     -158489.80149504254
5.238204629717329E-6      -9.99999999999821E-9     -158522.80372693297
5.22585155204103E-6       -7.499999999998658E-9    -158404.10352217464
5.227490778283757E-6      -4.999999999999105E-9    -158428.76543031173
5.229130004526483E-6      -2.4999999999995525E-9   -158453.63200284235
5.230769230769209E-6      0                        -158478.50104206923
5.223994274787252E-6      -4.999999999999105E-9    -158383.1517960807
5.225633501029978E-6      -2.4999999999995525E-9   -158408.05549786688
5.2272727272727046E-6     0                        -158432.9191466977
5.222136997533475E-6      -2.4999999999995525E-9   -158362.20344456568
5.223776223776201E-6      0                        -158387.34902405998
5.220279720279697E-6      0                        -158340.76406209244
5.218638397392634E-6      -2.4999999999995525E-9   -158303.73465443985
5.2169970745055715E-6     -4.999999999999105E-9    -158267.22082053433
5.215355751618509E-6      -7.499999999998658E-9    -158230.70925434405
5.213714428731445E-6      -9.99999999999821E-9     -158194.60788908447
5.220495674646412E-6      -4.999999999999105E-9    -158325.1853145247
5.218854351759349E-6      -7.499999999998658E-9    -158288.4568446111
5.217213028872286E-6      -9.99999999999821E-9     -158251.7307137652
5.22235295190019E-6       -7.499999999998658E-9    -158346.37569007665
5.220711629013127E-6      -9.99999999999821E-9     -158309.64444279193
5.224210229153967E-6      -9.99999999999821E-9     -158367.56935614822
5.2118592481220045E-6     -7.499999999998658E-9    -158160.952686297
5.213500571009067E-6      -4.999999999999105E-9    -158197.05625256442
5.21514189389613E-6       -2.4999999999995525E-9   -158233.35341866926
5.216783216783193E-6      0                        -158269.65278113662
5.210004067512563E-6      -4.999999999999105E-9    -158126.910639058
5.211645390399626E-6      -2.4999999999995525E-9   -158163.2462803881
5.213286713286689E-6      0                        -158199.5408336919
5.208148886903123E-6      -2.4999999999995525E-9   -158092.87160737568
5.209790209790186E-6      0                        -158129.43940868392
5.206293706293682E-6      0                        -158058.3594659998
5.204650286762282E-6      -2.4999999999995525E-9   -158010.25531143724
5.203006867230882E-6      -4.999999999999105E-9    -157962.64767112955
5.201363447699482E-6      -7.499999999998658E-9    -157915.0420250204
5.1997200281680824E-6     -9.99999999999821E-9     -157867.82714065866
5.2065054673717234E-6     -4.999999999999105E-9    -158044.7781693415
5.204862047840323E-6      -7.499999999998658E-9    -157996.9648548344
5.203218628308922E-6      -9.99999999999821E-9     -157949.15360668616
5.208360647981163E-6      -7.499999999998658E-9    -158079.04950943388
5.206717228449763E-6      -9.99999999999821E-9     -158031.23373055764
5.210215828590604E-6      -9.99999999999821E-9     -158113.3237801674
5.197866944202978E-6      -7.499999999998658E-9    -157821.49499300012
5.199510363734378E-6      -4.999999999999105E-9    -157868.7123137076
5.201153783265778E-6      -2.4999999999995525E-9   -157916.11252363937
5.202797202797178E-6      0                        -157963.51465560927
5.1960138602378746E-6     -4.999999999999105E-9    -157774.79363347153
5.197657279769274E-6      -2.4999999999995525E-9   -157822.2334430993
5.199300699300674E-6      0                        -157869.63135452376
5.194160776272771E-6      -2.4999999999995525E-9   -157728.09492812576
5.195804195804171E-6      0                        -157775.75731224284
5.192307692307667E-6      0                        -157680.94110142664
5.19066217613193E-6       -2.4999999999995525E-9   -157622.09086935368
5.189016659956194E-6      -4.999999999999105E-9    -157563.71806804996
5.187371143780457E-6      -7.499999999998658E-9    -157505.34698384517
5.185725627604721E-6      -9.99999999999821E-9     -157447.34750226163
5.192515260097034E-6      -4.999999999999105E-9    -157669.25491662716
5.190869743921297E-6      -7.499999999998658E-9    -157610.68538828206
5.189224227745562E-6      -9.99999999999821E-9     -157552.11764985236
5.1943683440621385E-6     -7.499999999998658E-9    -157716.17634667142
5.1927228278864015E-6     -9.99999999999821E-9     -157657.60467002832
5.196221428027243E-6      -9.99999999999821E-9     -157763.10034532973
5.108391608391577E-6      0                        -153589.6336233659
5.106733512349819E-6      -2.4999999999995525E-9   -153473.08763792436
5.105075416308061E-6      -4.999999999999105E-9    -153356.90688675572
5.103417320266302E-6      -7.499999999998658E-9    -153240.72614106076
5.101759224224545E-6      -9.99999999999821E-9     -153124.8130604833
5.110232112490659E-6      -2.4999999999995525E-9   -153703.7494422366
5.1085740164489015E-6     -4.999999999999105E-9    -153587.21090162307
5.106915920407144E-6      -7.499999999998658E-9    -153470.88337369513
5.105257824365386E-6      -9.99999999999821E-9     -153354.5559255148
5.112072616589743E-6      -4.999999999999105E-9    -153817.51430571126
5.110414520547985E-6      -7.499999999998658E-9    -153701.14355042813
5.108756424506227E-6      -9.99999999999821E-9     -153584.81580209135
5.1139131206888246E-6     -7.499999999998658E-9    -153931.2796464751
5.112255024647067E-6      -9.99999999999821E-9     -153815.0765902865
5.115753624787908E-6      -9.99999999999821E-9     -154044.7725386912
5.0999208167698E-6        -7.499999999998658E-9    -153001.55528300814
5.101578912811558E-6      -4.999999999999105E-9    -153117.47175969795
5.1032370088533155E-6     -2.4999999999995525E-9   -153233.5059693295
5.104895104895073E-6      0                        -153349.5401101607
5.0980824093150535E-6     -4.999999999999105E-9    -152878.03957392182
5.099740505356811E-6      -2.4999999999995525E-9   -152994.11555014757
5.101398601398569E-6      0                        -153110.1497057924
5.096244001860307E-6      -2.4999999999995525E-9   -152754.5239831878
5.097902097902065E-6      0                        -152870.75954488968
5.094405594405561E-6      0                        -152630.67354023797
5.092745401719467E-6      -2.4999999999995525E-9   -152505.60133219382
5.0910852090333725E-6     -4.999999999999105E-9    -152380.8768833197
5.089425016347278E-6      -7.499999999998658E-9    -152256.15215000795
5.094583809174213E-6      -4.999999999999105E-9    -152629.45946187497
5.092923616488119E-6      -7.499999999998658E-9    -152504.59612156873
5.091263423802025E-6      -9.99999999999821E-9     -152379.73257102544
5.0964222166289585E-6     -7.499999999998658E-9    -152753.13479383968
5.0947620239428645E-6     -9.99999999999821E-9     -152628.2715553011
5.098260624083705E-6      -9.99999999999821E-9     -152876.8101582164
5.087588705536868E-6      -4.999999999999105E-9    -152123.51962845548
5.089248898222962E-6      -2.4999999999995525E-9   -152248.1057101565
5.0909090909090565E-6     0                        -152372.69143321895
5.085752394726459E-6      -2.4999999999995525E-9   -151990.79187208973
5.087412587412553E-6      0                        -152115.378221179
5.08391608391605E-6       0                        -151858.0639629811
5.183874640283953E-6      -7.499999999998658E-9    -157388.76903903714
5.1855201564596894E-6     -4.999999999999105E-9    -157446.7711343783
5.187165672635426E-6      -2.4999999999995525E-9   -157504.945731144
5.1888111888111625E-6     0                        -157563.12197219214
5.182023652963186E-6      -4.999999999999105E-9    -157329.83875836554
5.183669169138922E-6      -2.4999999999995525E-9   -157388.05376340696
5.185314685314658E-6      0                        -157446.22637866045
5.180172665642419E-6      -2.4999999999995525E-9   -157270.91076897673
5.181818181818154E-6      0                        -157329.33876975795
5.178321678321651E-6      0                        -157211.54555684933
5.1766740655015775E-6     -2.4999999999995525E-9   -157142.277126093
5.175026452681504E-6      -4.999999999999105E-9    -157073.4669265943
5.173378839861431E-6      -7.499999999998658E-9    -157004.65816403524
5.171731227041358E-6      -9.99999999999821E-9     -156936.20217457425
5.178525052822346E-6      -4.999999999999105E-9    -157201.65207262093
5.176877440002272E-6      -7.499999999998658E-9    -157132.65389786207
5.175229827182198E-6      -9.99999999999821E-9     -157063.65723337766
5.180376040143113E-6      -7.499999999998658E-9    -157260.79320944092
5.17872842732304E-6       -9.99999999999821E-9     -157191.79320486117
5.182227027463879E-6      -9.99999999999821E-9     -157319.936551504
5.122377622377591E-6      0                        -154474.2090449637
5.12072162298017E-6       -2.4999999999995525E-9   -154366.49161872108
5.1190656235827495E-6     -4.999999999999105E-9    -154259.157338875
5.117409624185329E-6      -7.499999999998658E-9    -154151.82335363026
5.124220223121011E-6      -2.4999999999995525E-9   -154578.19538104907
5.12256422372359E-6       -4.999999999999105E-9    -154470.48544739914
5.120908224326169E-6      -7.499999999998658E-9    -154362.99637948253
5.1192522249287485E-6     -9.99999999999821E-9     -154255.5076804394
5.1260628238644304E-6     -4.999999999999105E-9    -154681.81420149468
5.12440682446701E-6       -7.499999999998658E-9    -154574.28049136247
5.122750825069589E-6      -9.99999999999821E-9     -154466.79088044085
5.127905424607851E-6      -7.499999999998658E-9    -154785.43386007258
5.12624942521043E-6       -9.99999999999821E-9     -154678.07628702183
5.129748025351271E-6      -9.99999999999821E-9     -154888.76620950477
5.115569120086246E-6      -4.999999999999105E-9    -154038.3338723374
5.117225119483667E-6      -2.4999999999995525E-9   -154145.5133108333
5.118881118881088E-6      0                        -154252.6929696586
5.1137286159871635E-6     -2.4999999999995525E-9   -153924.73607512141
5.115384615384584E-6      0                        -154031.91513766188
5.11188811188808E-6       0                        -153811.13884143045
5.169882336364928E-6      -7.499999999998658E-9    -156865.80526164436
5.171529949185E-6         -4.999999999999105E-9    -156934.26400718864
5.173177562005073E-6      -2.4999999999995525E-9   -157002.88503520103
5.174825174825147E-6      0                        -157071.50742681843
5.168033445688497E-6      -4.999999999999105E-9    -156795.07350755134
5.16968105850857E-6       -2.4999999999995525E-9   -156863.7356616925
5.171328671328643E-6      0                        -156932.3550272627
5.166184555012067E-6      -2.4999999999995525E-9   -156724.34368105538
5.16783216783214E-6       0                        -156793.2093301394
5.164335664335636E-6      0                        -156653.1944319721
5.162685954871226E-6      -2.4999999999995525E-9   -156573.8338023451
5.161036245406816E-6      -4.999999999999105E-9    -156494.91227865272
5.1593865359424055E-6     -7.499999999998658E-9    -156415.99190915708
5.157736826477995E-6      -9.99999999999821E-9     -156337.4058667913
5.164534845547656E-6      -4.999999999999105E-9    -156644.9922020613
5.162885136083246E-6      -7.499999999998658E-9    -156565.89126055306
5.161235426618836E-6      -9.99999999999821E-9     -156486.79154696994
5.1663837362240865E-6     -7.499999999998658E-9    -156715.92567640505
5.164734026759676E-6      -9.99999999999821E-9     -156636.82322535984
5.168232626900517E-6      -9.99999999999821E-9     -156786.86099199997
5.131401928104354E-6      -7.499999999998658E-9    -154986.6453092876
5.133055830857439E-6      -4.999999999999105E-9    -155084.82383706167
5.1347097336105225E-6     -2.4999999999995525E-9   -155183.00294748807
5.136363636363607E-6      0                        -155281.5835413654
5.129559327360935E-6      -4.999999999999105E-9    -154883.31628038915
5.131213230114019E-6      -2.4999999999995525E-9   -154981.33215892076
5.132867132867104E-6      0                        -155079.34854591807
5.127716726617515E-6      -2.4999999999995525E-9   -154779.87260371653
5.129370629370599E-6      0                        -154877.8877840669
5.125874125874095E-6      0                        -154676.42985161245
5.138208333751363E-6      -2.4999999999995525E-9   -155375.0372125105
5.136554430998279E-6      -4.999999999999105E-9    -155276.46447982642
5.134900528245196E-6      -7.499999999998658E-9    -155178.12247848805
5.133246625492111E-6      -9.99999999999821E-9     -155079.78113398887
5.14005303113912E-6       -4.999999999999105E-9    -155468.10638201406
5.138399128386036E-6      -7.499999999998658E-9    -155369.71872212607
5.136745225632952E-6      -9.99999999999821E-9     -155271.37585512368
5.141897728526876E-6      -7.499999999998658E-9    -155561.17675197532
5.140243825773792E-6      -9.99999999999821E-9     -155462.97407835373
5.1437424259146326E-6     -9.99999999999821E-9     -155653.9445461892
5.155890032445902E-6      -7.499999999998658E-9    -156255.61431098665
5.157539741910312E-6      -4.999999999999105E-9    -156334.20330048606
5.159189451374721E-6      -2.4999999999995525E-9   -156412.94449356725
5.160839160839132E-6      0                        -156491.686767117
5.154043238413808E-6      -4.999999999999105E-9    -156173.50436399202
5.1556929478782186E-6     -2.4999999999995525E-9   -156252.2873659041
5.157342657342629E-6      0                        -156331.02721712133
5.152196444381714E-6      -2.4999999999995525E-9   -156091.3959807877
5.1538461538461255E-6     0                        -156170.37308161694
5.150349650349621E-6      0                        -156008.88577604425
5.148697844240874E-6      -2.4999999999995525E-9   -155919.7557882297
5.1470460381321265E-6     -4.999999999999105E-9    -155831.045961998
5.14539423202338E-6       -7.499999999998658E-9    -155742.33700506948
5.150544638272967E-6      -4.999999999999105E-9    -156002.2744637956
5.14889283216422E-6       -7.499999999998658E-9    -155913.39356205985
5.147241026055473E-6      -9.99999999999821E-9     -155824.51360363598
5.152391432305061E-6      -7.499999999998658E-9    -156084.5770997924
5.150739626196314E-6      -9.99999999999821E-9     -155995.69501006833
5.154238226337155E-6      -9.99999999999821E-9     -156166.88121307528
5.143549534635623E-6      -4.999999999999105E-9    -155649.57236392883
5.1452013407443705E-6     -2.4999999999995525E-9   -155738.1104870608
5.146853146853118E-6      0                        -155826.6494054874
5.141704837247867E-6      -2.4999999999995525E-9   -155556.6868256084
5.1433566433566145E-6     0                        -155645.22392845078
5.139860139860111E-6      0                        -155463.8025742754
5.015966993255646E-6      -7.499999999998658E-9    -145987.68104522728
5.017637669163424E-6      -4.999999999999105E-9    -146150.6306998066
5.019308345071202E-6      -2.4999999999995525E-9   -146313.65781593352
5.020979020978981E-6      0                        -146476.6831217198
5.014141165666921E-6      -4.999999999999105E-9    -145813.43688222067
5.0158118415746995E-6     -2.4999999999995525E-9   -145976.5028808362
5.017482517482477E-6      0                        -146139.53185288384
5.012315338078195E-6      -2.4999999999995525E-9   -145639.19074216206
5.013986013985973E-6      0                        -145802.3731675123
5.01048951048947E-6       0                        -145464.6956652972
5.008816737937355E-6      -2.4999999999995525E-9   -145294.44405102386
5.007143965385239E-6      -4.999999999999105E-9    -145124.4461095956
5.005471192833124E-6      -7.499999999998658E-9    -144954.44614085878
5.003798420281008E-6      -9.99999999999821E-9     -144784.6196235514
5.0106425655260795E-6     -4.999999999999105E-9    -145468.946688628
5.008969792973964E-6      -7.499999999998658E-9    -145298.85046740063
5.007297020421849E-6      -9.99999999999821E-9     -145128.75229143904
5.012468393114805E-6      -7.499999999998658E-9    -145643.30940983788
5.010795620562689E-6      -9.99999999999821E-9     -145473.21519894787
5.0142942207035305E-6     -9.99999999999821E-9     -145817.67007129703
5.00197468933662E-6       -7.499999999998658E-9    -144603.29475136573
5.003647461888736E-6      -4.999999999999105E-9    -144773.12489115068
5.005320234440851E-6      -2.4999999999995525E-9   -144943.0268107976
5.0069930069929665E-6     0                        -145112.92663056162
5.0001509583922315E-6     -4.999999999999105E-9    -144421.79842746322
5.001823730944347E-6      -2.4999999999995525E-9   -144591.7387580479
5.003496503496462E-6      0                        -144761.64284616706
4.998327227447843E-6      -2.4999999999995525E-9   -144240.2997892343
4.999999999999959E-6      0                        -144410.35039260532
4.996503496503455E-6      0                        -144058.56467028198
4.994828627307003E-6      -2.4999999999995525E-9   -143881.71250659833
4.993153758110551E-6      -4.999999999999105E-9    -143705.10032605342
4.9914788889140985E-6     -7.499999999998658E-9    -143528.48582884987
4.9898040197176465E-6     -9.99999999999821E-9     -143352.03315479463
4.996652358251391E-6      -4.999999999999105E-9    -144063.45513367813
4.994977489054939E-6      -7.499999999998658E-9    -143886.7504805206
4.993302619858487E-6      -9.99999999999821E-9     -143710.0435828652
4.9984760891957794E-6     -7.499999999998658E-9    -144245.06419857245
4.996801219999327E-6      -9.99999999999821E-9     -144068.3618677662
5.000299820140168E-6      -9.99999999999821E-9     -144426.67086715362
4.987982385417595E-6      -7.499999999998658E-9    -143163.7621203859
4.989657254614047E-6      -4.999999999999105E-9    -143340.2186071413
4.991332123810499E-6      -2.4999999999995525E-9   -143516.74086046783
4.993006993006951E-6      0                        -143693.26072497497
4.986160751117544E-6      -4.999999999999105E-9    -142975.32986708032
4.987835620313996E-6      -2.4999999999995525E-9   -143151.89046705648
4.989510489510448E-6      0                        -143328.41519930912
4.9843391168174926E-6     -2.4999999999995525E-9   -142786.8949660501
4.986013986013945E-6      0                        -142963.55976049026
4.98251748251744E-6       0                        -142598.2354910376
4.980840516676651E-6      -2.4999999999995525E-9   -142415.0290378602
4.979163550835862E-6      -4.999999999999105E-9    -142232.0494381031
4.977486584995073E-6      -7.499999999998658E-9    -142049.06723302603
4.975809619154284E-6      -9.99999999999821E-9     -141866.23543322724
4.9826621509767026E-6     -4.999999999999105E-9    -142603.69554960006
4.980985185135913E-6      -7.499999999998658E-9    -142420.62879399184
4.979308219295125E-6      -9.99999999999821E-9     -142237.5595047833
4.984483785276755E-6      -7.499999999998658E-9    -142792.2347983737
4.9828068194359656E-6     -9.99999999999821E-9     -142609.1706749709
4.986305419576806E-6      -9.99999999999821E-9     -142980.7713181793
4.973990081498569E-6      -7.499999999998658E-9    -141671.3249993361
4.975667047339359E-6      -4.999999999999105E-9    -141854.16093275158
4.977344013180147E-6      -2.4999999999995525E-9   -142037.05620865434
4.979020979020937E-6      0                        -142219.94880751736
4.9721705438428545E-6     -4.999999999999105E-9    -141476.26277550607
4.973847509683644E-6      -2.4999999999995525E-9   -141659.19676542172
4.975524475524433E-6      0                        -141842.09482848685
4.97035100618714E-6       -2.4999999999995525E-9   -141281.19757454243
4.972027972027929E-6      0                        -141464.2297014313
4.968531468531425E-6      0                        -141085.91921781623
4.966852406046299E-6      -2.4999999999995525E-9   -140896.59727054398
4.965173343561174E-6      -4.999999999999105E-9    -140707.48953434546
4.963494281076047E-6      -7.499999999998658E-9    -140518.3789049533
4.961815218590921E-6      -9.99999999999821E-9     -140329.40787976095
4.968671943702015E-6      -4.999999999999105E-9    -141091.88183446493
4.966992881216888E-6      -7.499999999998658E-9    -140902.69187207054
4.9653138187317616E-6     -9.99999999999821E-9     -140713.49908773796
4.970491481357728E-6      -7.499999999998658E-9    -141287.0453250284
4.968812418872602E-6      -9.99999999999821E-9     -141097.85830242297
4.972311019013443E-6      -9.99999999999821E-9     -141482.20575798483
4.959997777579543E-6      -7.499999999998658E-9    -140128.15513668908
4.961676840064669E-6      -4.999999999999105E-9    -140317.1306587665
4.963355902549796E-6      -2.4999999999995525E-9   -140506.1592865099
4.965034965034921E-6      0                        -140695.1849498044
4.958180336568165E-6      -4.999999999999105E-9    -139926.75920824023
4.9598593990532914E-6     -2.4999999999995525E-9   -140115.82694483636
4.961538461538418E-6      0                        -140304.85866566043
4.956362895556787E-6      -2.4999999999995525E-9   -139725.35997732982
4.9580419580419135E-6     0                        -139914.52000812645
4.954545454545409E-6      0                        -139523.7585388946
4.952864295415947E-6      -2.4999999999995525E-9   -139328.55258098076
4.951183136286484E-6      -4.999999999999105E-9    -139133.54866202566
4.949501977157022E-6      -7.499999999998658E-9    -138938.54156287538
4.947820818027559E-6      -9.99999999999821E-9     -138743.66419661406
4.954681736427324E-6      -4.999999999999105E-9    -139530.15942255434
4.953000577297861E-6      -7.499999999998658E-9    -139335.07801079817
4.951319418168399E-6      -9.99999999999821E-9     -139139.9934896183
4.956499177438703E-6      -7.499999999998658E-9    -139731.65109959358
4.95481801830924E-6       -9.99999999999821E-9     -139536.57293284638
4.958316618450081E-6      -9.99999999999821E-9     -139933.1393944895
4.946005473660519E-6      -7.499999999998658E-9    -138536.3564270953
4.947686632789982E-6      -4.999999999999105E-9    -138731.23859310037
4.949367791919444E-6      -2.4999999999995525E-9   -138926.16842180886
4.951048951048907E-6      0                        -139121.09499955067
4.9441901292934775E-6     -4.999999999999105E-9    -138328.9134680354
4.94587128842294E-6       -2.4999999999995525E-9   -138523.88245610436
4.9475524475524025E-6     0                        -138718.81568140967
4.942374784926436E-6      -2.4999999999995525E-9   -138121.4668853388
4.944055944055898E-6      0                        -138316.52277434513
4.940559440559395E-6      0                        -137913.82849205827
4.938876184785595E-6      -2.4999999999995525E-9   -137712.96292095524
4.937192929011796E-6      -4.999999999999105E-9    -137512.28777674743
4.935509673237995E-6      -7.499999999998658E-9    -137311.6091662855
4.933826417464197E-6      -9.99999999999821E-9     -137111.05121561914
4.940691529152637E-6      -4.999999999999105E-9    -137920.60629259862
4.9390082733788375E-6     -7.499999999998658E-9    -137719.85832001347
4.937325017605038E-6      -9.99999999999821E-9     -137519.10695144598
4.942506873519678E-6      -7.499999999998658E-9    -138128.13992742542
4.940823617745878E-6      -9.99999999999821E-9     -137927.39550262992
4.944322217886719E-6      -9.99999999999821E-9     -138335.66985974202
4.932013169741492E-6      -7.499999999998658E-9    -136897.96563830692
4.9336964255152916E-6     -4.999999999999105E-9    -137098.52854911415
4.935379681289091E-6      -2.4999999999995525E-9   -137299.13455132395
4.937062937062891E-6      0                        -137499.7370170076
4.930199922018788E-6      -4.999999999999105E-9    -136684.752615674
4.931883177792588E-6      -2.4999999999995525E-9   -136885.39742163324
4.933566433566387E-6      0                        -137086.00712148618
4.928386674296084E-6      -2.4999999999995525E-9   -136471.53565243512
4.930069930069883E-6      0                        -136672.26243159853
4.92657342657338E-6       0                        -136258.13678462544
4.924888074155244E-6      -2.4999999999995525E-9   -136051.82893437636
4.923202721737107E-6      -4.999999999999105E-9    -135845.70041417427
4.921517369318971E-6      -7.499999999998658E-9    -135639.5681426595
4.919832016900834E-6      -9.99999999999821E-9     -135433.54810155687
4.926701321877948E-6      -4.999999999999105E-9    -136265.2327839444
4.925015969459812E-6      -7.499999999998658E-9    -136059.03607904192
4.923330617041674E-6      -9.99999999999821E-9     -135852.83569258617
4.9285145696006515E-6     -7.499999999998658E-9    -136478.53187081456
4.926829217182515E-6      -9.99999999999821E-9     -136272.3390139821
4.930327817323355E-6      -9.99999999999821E-9     -136691.82693902636
4.918020865822466E-6      -7.499999999998658E-9    -135214.9523195697
4.919706218240604E-6      -4.999999999999105E-9    -135420.97735729645
4.92139157065874E-6       -2.4999999999995525E-9   -135627.04166196648
4.923076923076876E-6      0                        -135833.10214556454
4.9162097147441E-6        -4.999999999999105E-9    -134996.23672089062
4.9178950671622356E-6     -2.4999999999995525E-9   -135202.33914408117
4.919580419580372E-6      0                        -135408.40744491766
4.914398563665732E-6      -2.4999999999995525E-9   -134777.51686887903
4.916083916083869E-6      0                        -134983.69675475557
4.9125874125873655E-6     0                        -134558.6245444415
4.910899963524892E-6      -2.4999999999995525E-9   -134347.0849454056
4.909212514462418E-6      -4.999999999999105E-9    -134135.71407636357
4.907525065399944E-6      -7.499999999998658E-9    -133924.3391719967
4.905837616337471E-6      -9.99999999999821E-9     -133713.06852435062
4.912711114603258E-6      -4.999999999999105E-9    -134565.98257783081
4.9110236655407855E-6     -7.499999999998658E-9    -134354.54808849728
4.909336216478312E-6      -9.99999999999821E-9     -134143.1096330764
4.914522265681627E-6      -7.499999999998658E-9    -134784.7800421655
4.912834816619153E-6      -9.99999999999821E-9     -134573.34969863523
4.9163334167599935E-6     -9.99999999999821E-9     -135003.57317594535
4.904028561903442E-6      -7.499999999998658E-9    -133489.22101380993
4.905716010965915E-6      -4.999999999999105E-9    -133700.49664165638
4.9074034600283875E-6     -2.4999999999995525E-9   -133911.8081412927
4.909090909090861E-6      0                        -134123.1155363666
4.90221950746941E-6       -4.999999999999105E-9    -133265.26116893344
4.903906956531883E-6      -2.4999999999995525E-9   -133476.6100004915
4.905594405594357E-6      0                        -133687.92579225433
4.900410453035381E-6      -2.4999999999995525E-9   -133041.29676226195
4.902097902097853E-6      0                        -133252.7188739188
4.8986013986013495E-6     0                        -132817.1687870176
4.896911852894539E-6      -2.4999999999995525E-9   -132600.60159605098
4.8952223071877295E-6     -4.999999999999105E-9    -132384.19308399936
4.8935327614809194E-6     -7.499999999998658E-9    -132167.78025369224
4.891843215774109E-6      -9.99999999999821E-9     -131951.4639349118
4.898720907328571E-6      -4.999999999999105E-9    -132824.73530101083
4.89703136162176E-6       -7.499999999998658E-9    -132608.26751341805
4.89534181591495E-6       -9.99999999999821E-9     -132391.795476279
4.9005299617626E-6        -7.499999999998658E-9    -133048.77313660985
4.89884041605579E-6       -9.99999999999821E-9     -132832.3097899728
4.902339016196631E-6      -9.99999999999821E-9     -133272.80633402706
4.890036257984416E-6      -7.499999999998658E-9    -131722.61426185555
4.891725803691227E-6      -4.999999999999105E-9    -131938.93555372165
4.893415349398036E-6      -2.4999999999995525E-9   -132155.28932173798
4.895104895104846E-6      0                        -132371.63870278967
4.888229300194722E-6      -4.999999999999105E-9    -131493.65945183038
4.889918845901532E-6      -2.4999999999995525E-9   -131710.04993020865
4.891608391608342E-6      0                        -131926.40828372186
4.8864223424050286E-6     -2.4999999999995525E-9   -131264.69977581938
4.888111888111838E-6      0                        -131481.15951625872
4.884615384615334E-6      0                        -131035.58496832638
4.882923742264187E-6      -2.4999999999995525E-9   -130814.1880651842
4.881232099913041E-6      -4.999999999999105E-9    -130592.94027799892
4.879540457561894E-6      -7.499999999998658E-9    -130371.68789073371
4.877848815210747E-6      -9.99999999999821E-9     -130150.52452067296
4.8847307000538814E-6     -4.999999999999105E-9    -131043.30885243259
4.8830390577027335E-6     -7.499999999998658E-9    -130822.00581160681
4.881347415351587E-6      -9.99999999999821E-9     -130600.69823887806
4.886537657843575E-6      -7.499999999998658E-9    -131272.33793851337
4.884846015492428E-6      -9.99999999999821E-9     -131051.03963119355
4.888344615633269E-6      -9.99999999999821E-9     -131501.3620830593
3.5747596895960103E-6     -7.499999999998658E-9    57898.62485791609
3.5766463198704837E-6     -4.999999999999105E-9    57736.04366132997
3.578532950144957E-6      -2.4999999999995525E-9   57573.39813116006
3.5804195804194295E-6     0                        57410.78516659845
3.5731498163739795E-6     -4.999999999999105E-9    58033.505441699
3.5750364466484528E-6     -2.4999999999995525E-9   57871.792621729066
3.576923076922926E-6      0                        57709.11925146476
3.5715399431519486E-6     -2.4999999999995525E-9   58168.40983399558
3.573426573426422E-6      0                        58007.56538233392
3.569930069929918E-6      0                        58299.71154709532
3.5680413430111085E-6     -2.4999999999995525E-9   58475.512426454174
3.566152616092298E-6      -4.999999999999105E-9    58654.55195641832
3.564263889173488E-6      -7.499999999998658E-9    58833.624130932236
3.562375162254678E-6      -9.99999999999821E-9     59014.251994670434
3.5696512162331386E-6     -4.999999999999105E-9    58344.07415946349
3.567762489314328E-6      -7.499999999998658E-9    58521.66045478904
3.5658737623955186E-6     -9.99999999999821E-9     58699.27939566682
3.5712610894551695E-6     -7.499999999998658E-9    58210.03809158347
3.5693723625363595E-6     -9.99999999999821E-9     58387.59650292287
3.5728709626772003E-6     -9.99999999999821E-9     58076.02584052491
3.5607673856769848E-6     -7.499999999998658E-9    59160.21740863683
3.5626561125957943E-6     -4.999999999999105E-9    58979.83575595462
3.5645448395146048E-6     -2.4999999999995525E-9   58799.3103687963
3.566433566433415E-6      0                        58618.81762518534
3.559159609099291E-6      -4.999999999999105E-9    59304.61786512149
3.561048336018101E-6      -2.4999999999995525E-9   59125.84208075178
3.562937062936911E-6      0                        58945.28883059898
3.557551832521597E-6      -2.4999999999995525E-9   59449.04210208134
3.5594405594404076E-6     0                        59271.87218791536
3.5559440559439034E-6     0                        59586.68391726782
3.5540532323807567E-6     -2.4999999999995525E-9   59791.901840056395
3.5521624088176096E-6     -4.999999999999105E-9    60003.094325917365
3.550271585254463E-6      -7.499999999998658E-9    60214.31948491765
3.548380761691316E-6      -9.99999999999821E-9     60428.56998654845
3.55566100895845E-6       -4.999999999999105E-9    59653.98977487789
3.5537701853953034E-6     -7.499999999998658E-9    59862.413980055644
3.551879361832156E-6      -9.99999999999821E-9     60070.87087508619
3.557268785536144E-6      -7.499999999998658E-9    59511.1713905584
3.5553779619729968E-6     -9.99999999999821E-9     59719.567715178375
3.5588765621138372E-6     -9.99999999999821E-9     59368.37678482282
3.5467750817579587E-6     -7.499999999998658E-9    60593.61869557416
3.5486659053211063E-6     -4.999999999999105E-9    60380.09417345134
3.550556728884252E-6      -2.4999999999995525E-9   60166.10079453291
3.5524475524473996E-6     0                        59952.14007204023
3.545169401824602E-6      -4.999999999999105E-9    60755.549256600236
3.547060225387749E-6      -2.4999999999995525E-9   60545.34190381807
3.548951048950896E-6      0                        60331.320688393374
3.5435637218912454E-6     -2.4999999999995525E-9   60917.5035306278
3.545454545454392E-6      0                        60710.6133618303
3.5419580419578883E-6     0                        61064.580193150534
3.540065121750405E-6      -2.4999999999995525E-9   61326.137795592425
3.5381722015429207E-6     -4.999999999999105E-9    61600.44696886768
3.536279281335437E-6      -7.499999999998658E-9    61874.78876337616
3.5343863611279536E-6     -9.99999999999821E-9     62156.268339236674
3.541670801683762E-6      -4.999999999999105E-9    61178.320771766535
3.5397778814762783E-6     -7.499999999998658E-9    61446.36221102625
3.5378849612687945E-6     -9.99999999999821E-9     61714.43630884771
3.5432764816171187E-6     -7.499999999998658E-9    61019.683697948225
3.541383561409635E-6      -9.99999999999821E-9     61287.69731692628
3.5448821615504754E-6     -9.99999999999821E-9     60861.0703224874
3.5327827778389336E-6     -7.499999999998658E-9    62355.17211112038
3.5346756980464165E-6     -4.999999999999105E-9    62076.805154091984
3.5365686182539003E-6     -2.4999999999995525E-9   61796.19573599903
3.538461538461384E-6      0                        61515.6189018107
3.531179194549913E-6      -4.999999999999105E-9    62546.60895900174
3.533072114757397E-6      -2.4999999999995525E-9   62277.209130796924
3.5349650349648807E-6     0                        61996.57196552476
3.5295756112608936E-6     -2.4999999999995525E-9   62738.06940337323
3.5314685314683773E-6     0                        62477.63673528022
3.527972027971873E-6      0                        62885.56499976639
3.5260770111200522E-6     -2.4999999999995525E-9   63278.00008131326
3.5241819942682322E-6     -4.999999999999105E-9    63707.09172510209
3.5222869774164114E-6     -7.499999999998658E-9    64136.21582547751
3.527680594409073E-6      -4.999999999999105E-9    63121.6997790368
3.5257855775572522E-6     -7.499999999998658E-9    63525.627506423705
3.5238905607054314E-6     -9.99999999999821E-9     63929.587757271
3.5292841776980927E-6     -7.499999999998658E-9    62939.20655714987
3.5273891608462723E-6     -9.99999999999821E-9     63343.10659973026
3.5308877609871127E-6     -9.99999999999821E-9     62756.73690046479
3.520685490771729E-6      -4.999999999999105E-9    64386.93171473968
3.522580507623549E-6      -2.4999999999995525E-9   63932.643873916044
3.524475524475369E-6      0                        63478.38842280539
3.519084004127045E-6      -2.4999999999995525E-9   64613.615168452736
3.5209790209788655E-6     0                        64159.29975190267
3.5174825174823613E-6     0                        64840.322098121396
4.856643356643304E-6      0                        -127358.99510977509
4.854947521003484E-6      -2.4999999999995525E-9   -127128.50745874354
4.853251685363663E-6      -4.999999999999105E-9    -126898.15109925531
4.851555849723842E-6      -7.499999999998658E-9    -126667.78957940609
4.849860014084022E-6      -9.99999999999821E-9     -126437.50335338277
4.858446121144325E-6      -2.4999999999995525E-9   -127597.37187269388
4.856750285504504E-6      -4.999999999999105E-9    -127366.89021814724
4.855054449864684E-6      -7.499999999998658E-9    -127136.48587864549
4.8533586142248635E-6     -9.99999999999821E-9     -126906.0764458934
4.860248885645344E-6      -4.999999999999105E-9    -127835.60918216794
4.858553050005524E-6      -7.499999999998658E-9    -127605.18926816681
4.856857214365703E-6      -9.99999999999821E-9     -127374.79023943277
4.862051650146364E-6      -7.499999999998658E-9    -128073.84103005455
4.860355814506544E-6      -9.99999999999821E-9     -127843.4827827206
4.863854414647384E-6      -9.99999999999821E-9     -128311.98048340075
4.87604395406539E-6       -7.499999999998658E-9    -129916.9136586366
4.877735596416537E-6      -4.999999999999105E-9    -130138.0820716196
4.879427238767684E-6      -2.4999999999995525E-9   -130359.27941617765
4.88111888111883E-6       0                        -130580.47209247868
4.874239092920033E-6      -4.999999999999105E-9    -129683.20432340936
4.8759307352711805E-6     -2.4999999999995525E-9   -129904.43801482367
4.877622377622327E-6      0                        -130125.64023564386
4.872434231774676E-6      -2.4999999999995525E-9   -129449.48982227122
4.8741258741258235E-6     0                        -129670.78886682872
4.87062937062932E-6       0                        -129215.62820581764
4.868935631633836E-6      -2.4999999999995525E-9   -128989.59322976362
4.867241892638352E-6      -4.999999999999105E-9    -128763.6982630339
4.8655481536428674E-6     -7.499999999998658E-9    -128537.79841552024
4.870740492779193E-6      -4.999999999999105E-9    -129223.46085947775
4.869046753783709E-6      -7.499999999998658E-9    -128997.51436276222
4.8673530147882245E-6     -9.99999999999821E-9     -128771.56305290607
4.872545353924549E-6      -7.499999999998658E-9    -129457.24086094007
4.870851614929066E-6      -9.99999999999821E-9     -129231.29938766756
4.874350215069906E-6      -9.99999999999821E-9     -129691.01562177956
4.8637453891418474E-6     -4.999999999999105E-9    -128299.66412724453
4.865439128137332E-6      -2.4999999999995525E-9   -128525.51265338933
4.867132867132816E-6      0                        -128751.3562311068
4.861942624640828E-6      -2.4999999999995525E-9   -128061.49379967406
4.863636363636312E-6      0                        -128287.34749023564
4.8601398601398075E-6     0                        -127823.31808439466
4.828671328671275E-6      0                        -123542.20297932481
4.82697129974278E-6       -2.4999999999995525E-9   -123303.34287496429
4.825271270814285E-6      -4.999999999999105E-9    -123064.59806676244
4.823571241885791E-6      -7.499999999998658E-9    -122825.84754240615
4.821871212957297E-6      -9.99999999999821E-9     -122587.16024215905
4.830469899883621E-6      -2.4999999999995525E-9   -123788.9470791813
4.828769870955127E-6      -4.999999999999105E-9    -123550.09322150932
4.827069842026632E-6      -7.499999999998658E-9    -123311.30706372664
4.825369813098138E-6      -9.99999999999821E-9     -123072.51525584576
4.832268471095967E-6      -4.999999999999105E-9    -124035.56565992061
4.830568442167473E-6      -7.499999999998658E-9    -123796.76680348189
4.828868413238979E-6      -9.99999999999821E-9     -123557.98652332558
4.834067042308313E-6      -7.499999999998658E-9    -124282.1782003432
4.832367013379819E-6      -9.99999999999821E-9     -124043.43427290673
4.8358656135206595E-6     -9.99999999999821E-9     -124528.70940192167
4.8480593462273385E-6     -7.499999999998658E-9    -126195.05982675885
4.84975518186716E-6       -4.999999999999105E-9    -126425.3513794457
4.8514510175069794E-6     -2.4999999999995525E-9   -126655.66512559055
4.8531468531468E-6        0                        -126885.97364426349
4.846258678370656E-6      -4.999999999999105E-9    -125952.52957145096
4.847954514010476E-6      -2.4999999999995525E-9   -126182.87915895879
4.8496503496502965E-6     0                        -126413.19835507002
4.844458010513973E-6      -2.4999999999995525E-9   -125709.99356309953
4.846153846153793E-6      0                        -125940.40125847881
4.84265734265729E-6       0                        -125467.32524571953
4.840959410373132E-6      -2.4999999999995525E-9   -125232.5643893692
4.839261478088975E-6      -4.999999999999105E-9    -124997.92664858978
4.837563545804817E-6      -7.499999999998658E-9    -124763.28346899604
4.842760078229815E-6      -4.999999999999105E-9    -125475.23878409609
4.8410621459456576E-6     -7.499999999998658E-9    -125240.55645468929
4.8393642136615E-6        -9.99999999999821E-9     -125005.868753049
4.844560746086498E-6      -7.499999999998658E-9    -125717.83304584201
4.8428628138023405E-6     -9.99999999999821E-9     -125483.1563119245
4.846361413943182E-6      -9.99999999999821E-9     -125960.42148149374
4.8357649745924705E-6     -4.999999999999105E-9    -124516.75767572594
4.837462906876628E-6      -2.4999999999995525E-9   -124751.35647070882
4.839160839160786E-6      0                        -124985.94976029659
4.833966403380125E-6      -2.4999999999995525E-9   -124270.19991960432
4.835664335664282E-6      0                        -124504.80444751226
4.832167832167779E-6      0                        -124023.63619539692
4.820074738389288E-6      -7.499999999998658E-9    -122336.75016553806
4.821774767317781E-6      -4.999999999999105E-9    -122575.44296287274
4.823474796246276E-6      -2.4999999999995525E-9   -122814.15233939368
4.8251748251747705E-6     0                        -123052.85593370398
4.818278263821279E-6      -4.999999999999105E-9    -122086.26387961749
4.819978292749773E-6      -2.4999999999995525E-9   -122325.00839497392
4.821678321678267E-6      0                        -122563.72378481043
4.816481789253269E-6      -2.4999999999995525E-9   -121835.77127024313
4.818181818181764E-6      0                        -122074.56757504294
4.8146853146852595E-6     0                        -121585.1595155844
4.812983189112429E-6      -2.4999999999995525E-9   -121342.36869580825
4.811281063539598E-6      -4.999999999999105E-9    -121099.6857780421
4.809578937966766E-6      -7.499999999998658E-9    -120856.99686787691
4.807876812393935E-6      -9.99999999999821E-9     -120614.36545341299
4.814779663680438E-6      -4.999999999999105E-9    -121592.98683828542
4.813077538107607E-6      -7.499999999998658E-9    -121350.26559890466
4.8113754125347755E-6     -9.99999999999821E-9     -121107.5384326634
4.816576138248447E-6      -7.499999999998658E-9    -121843.53138099312
4.814874012675616E-6      -9.99999999999821E-9     -121600.81629881763
4.818372612816456E-6      -9.99999999999821E-9     -122094.06952882532
4.8060824344702626E-6     -7.499999999998658E-9    -120360.27800228339
4.8077845600430935E-6     -4.999999999999105E-9    -120602.91502143696
4.809486685615924E-6      -2.4999999999995525E-9   -120845.56580948876
4.811188811188755E-6      0                        -121088.2105396031
4.804288056546589E-6      -4.999999999999105E-9    -120106.11918711933
4.805990182119421E-6      -2.4999999999995525E-9   -120348.80495590498
4.807692307692252E-6      0                        -120591.4620351247
4.802493678622917E-6      -2.4999999999995525E-9   -119851.95376944594
4.804195804195748E-6      0                        -120094.68835848839
4.800699300699244E-6      0                        -119597.67521289103
4.798995078482077E-6      -2.4999999999995525E-9   -119351.11697869343
4.797290856264908E-6      -4.999999999999105E-9    -119104.65962532384
4.79558663404774E-6       -7.499999999998658E-9    -118858.19600438102
4.793882411830572E-6      -9.99999999999821E-9     -118611.78437750181
4.800789456405749E-6      -4.999999999999105E-9    -119605.4019185296
4.799085234188581E-6      -7.499999999998658E-9    -119358.90902578665
4.797381011971413E-6      -9.99999999999821E-9     -119112.40993049995
4.802583834329421E-6      -7.499999999998658E-9    -119859.6162995516
4.800879612112253E-6      -9.99999999999821E-9     -119613.12984106844
4.8043782122530946E-6     -9.99999999999821E-9     -120113.82400743963
4.792090130551237E-6      -7.499999999998658E-9    -118354.21419046793
4.793794352768405E-6      -4.999999999999105E-9    -118600.63157316898
4.795498574985573E-6      -2.4999999999995525E-9   -118847.05985202832
4.797202797202741E-6      0                        -119093.48179828482
4.790297849271901E-6      -4.999999999999105E-9    -118096.57707500499
4.792002071489069E-6      -2.4999999999995525E-9   -118343.04033769644
4.793706293706237E-6      0                        -118589.47518307604
4.788505567992565E-6      -2.4999999999995525E-9   -117838.93308199676
4.7902097902097334E-6     0                        -118085.44229451992
4.786713286713229E-6      0                        -117581.18161832528
4.785006967851724E-6      -2.4999999999995525E-9   -117331.01433059413
4.783300648990219E-6      -4.999999999999105E-9    -117080.94125830077
4.781594330128715E-6      -7.499999999998658E-9    -116830.86164429915
4.77988801126721E-6       -9.99999999999821E-9     -116580.82884345167
4.78679924913106E-6       -4.999999999999105E-9    -117588.7720207961
4.785092930269556E-6      -7.499999999998658E-9    -117338.66595043882
4.78338661140805E-6       -9.99999999999821E-9     -117088.55340290403
4.788591530410396E-6      -7.499999999998658E-9    -117846.46210594712
4.7868852115488914E-6     -9.99999999999821E-9     -117596.36274442107
4.790383811689732E-6      -9.99999999999821E-9     -118104.14524371162
4.7780978266322106E-6     -7.499999999998658E-9    -116319.96384912
4.7798041454937165E-6     -4.999999999999105E-9    -116570.00261039511
4.781510464355221E-6      -2.4999999999995525E-9   -116820.0494214488
4.783216783216725E-6      0                        -117070.0896262635
4.776307641997212E-6      -4.999999999999105E-9    -116059.03589401243
4.7780139608587166E-6     -2.4999999999995525E-9   -116309.11780533925
4.779720279720222E-6      0                        -116559.1714558095
4.774517457362213E-6      -2.4999999999995525E-9   -115798.10079027472
4.776223776223718E-6      0                        -116048.22592072716
4.772727272727214E-6      0                        -115537.06351886365
4.771018857221372E-6      -2.4999999999995525E-9   -115283.44072486699
4.7693104417155305E-6     -4.999999999999105E-9    -115029.90586710515
4.767602026209688E-6      -7.499999999998658E-9    -114776.36419450172
4.765893610703847E-6      -9.99999999999821E-9     -114522.86444612045
4.772809041856371E-6      -4.999999999999105E-9    -115544.48401578459
4.77110062635053E-6       -7.499999999998658E-9    -115290.91852482343
4.7693922108446874E-6     -9.99999999999821E-9     -115037.34628306446
4.77459922649137E-6       -7.499999999998658E-9    -115805.46248019833
4.772890810985528E-6      -9.99999999999821E-9     -115551.90397020396
4.776389411126369E-6      -9.99999999999821E-9     -116066.43372690806
4.688811188811123E-6      0                        -102764.3449792716
4.68709019343926E-6       -2.4999999999995525E-9   -102492.96836367696
4.685369198067398E-6      -4.999999999999105E-9    -102221.64879379366
4.683648202695535E-6      -7.499999999998658E-9    -101950.32078853094
4.681927207323673E-6      -9.99999999999821E-9     -101679.01227566924
4.690588793580102E-6      -2.4999999999995525E-9   -103041.50712035953
4.688867798208239E-6      -4.999999999999105E-9    -102770.13690534854
4.687146802836376E-6      -7.499999999998658E-9    -102498.79883988544
4.685425807464513E-6      -9.99999999999821E-9     -102227.45240048229
4.69236639834908E-6       -4.999999999999105E-9    -103318.59246076326
4.690645402977217E-6      -7.499999999998658E-9    -103047.25308156469
4.6889244076053535E-6     -9.99999999999821E-9     -102775.92358206894
4.694144003118057E-6      -7.499999999998658E-9    -103595.66910446576
4.692423007746194E-6      -9.99999999999821E-9     -103324.36049621351
4.695921607887035E-6      -9.99999999999821E-9     -103872.70160002727
4.764105522713185E-6      -7.499999999998658E-9    -114258.88599087058
4.765813938219026E-6      -4.999999999999105E-9    -114512.39190935707
4.767522353724868E-6      -2.4999999999995525E-9   -114765.90314174542
4.769230769230711E-6      0                        -115019.40749524812
4.762317434722523E-6      -4.999999999999105E-9    -113994.84822946602
4.764025850228364E-6      -2.4999999999995525E-9   -114248.39472120797
4.7657342657342065E-6     0                        -114501.91306350342
4.760529346731861E-6      -2.4999999999995525E-9   -113730.80305222227
4.762237762237703E-6      0                        -113984.39018554229
4.758741258741199E-6      0                        -113466.66069086979
4.7570307465910205E-6     -2.4999999999995525E-9   -113209.73119460294
4.755320234440842E-6      -4.999999999999105E-9    -112952.88369656727
4.753609722290664E-6      -7.499999999998658E-9    -112696.02911151524
4.751899210140485E-6      -9.99999999999821E-9     -112439.21195775399
4.7588188345816825E-6     -4.999999999999105E-9    -113473.87938622039
4.757108322431504E-6      -7.499999999998658E-9    -113217.00349900388
4.755397810281326E-6      -9.99999999999821E-9     -112960.1205883408
4.7606069225723445E-6     -7.499999999998658E-9    -113737.9653458551
4.758896410422166E-6      -9.99999999999821E-9     -113481.09670935862
4.7623950105630065E-6     -9.99999999999821E-9     -114002.04382132774
4.744755244755184E-6      0                        -111371.26929677192
4.743042635960668E-6      -2.4999999999995525E-9   -111111.17751268239
4.741330027166153E-6      -4.999999999999105E-9    -110851.16208471122
4.739617418371637E-6      -7.499999999998658E-9    -110591.13929845855
4.7379048095771225E-6     -9.99999999999821E-9     -110331.14978990048
4.746541236101509E-6      -2.4999999999995525E-9   -111638.34214669868
4.744828627306994E-6      -4.999999999999105E-9    -111378.25612375597
4.7431160185124785E-6     -7.499999999998658E-9    -111118.21447576856
4.741403409717964E-6      -9.99999999999821E-9     -110858.16553261007
4.7483272274478345E-6     -4.999999999999105E-9    -111905.32251288224
4.74661461865332E-6       -7.499999999998658E-9    -111645.2748946797
4.744902009858804E-6      -9.99999999999821E-9     -111385.24076484161
4.750113218794159E-6      -7.499999999998658E-9    -112172.29519981403
4.748400609999645E-6      -9.99999999999821E-9     -111912.28591876115
4.751823730944339E-6      -4.999999999999105E-9    -112429.11870170488
4.753534243094516E-6      -2.4999999999995525E-9   -112685.94508847428
4.755244755244695E-6      0                        -112942.76432465749
4.750037739598013E-6      -2.4999999999995525E-9   -112162.18421182186
4.751748251748191E-6      0                        -112419.01797663972
4.748251748251687E-6      0                        -111895.24211027753
4.736120914875135E-6      -7.499999999998658E-9    -110061.46400096682
4.737833523669649E-6      -4.999999999999105E-9    -110321.46001404693
4.739546132464165E-6      -2.4999999999995525E-9   -110581.4567691457
4.7412587412586804E-6     0                        -110841.44610285264
4.734337020173146E-6      -4.999999999999105E-9    -109791.72548916313
4.7360496289676615E-6     -2.4999999999995525E-9   -110051.75753764666
4.737762237762176E-6      0                        -110311.7619366466
4.732553125471157E-6      -2.4999999999995525E-9   -109521.97903840619
4.734265734265673E-6      0                        -109782.04718917055
4.730769230769169E-6      0                        -109252.14447150606
4.729054525330316E-6      -2.4999999999995525E-9   -108989.03065228967
4.727339819891464E-6      -4.999999999999105E-9    -108725.98789884322
4.7256251144526124E-6     -7.499999999998658E-9    -108462.93751670691
4.72391040901376E-6       -9.99999999999821E-9     -108199.91656524474
4.730838420032305E-6      -4.999999999999105E-9    -109258.8710244663
4.729123714593453E-6      -7.499999999998658E-9    -108995.80413097455
4.7274090091546E-6        -9.99999999999821E-9     -108732.72967145963
4.732622314734293E-6      -7.499999999998658E-9    -109528.65371692144
4.730907609295441E-6      -9.99999999999821E-9     -109265.59460674826
4.734406209436282E-6      -9.99999999999821E-9     -109798.42840354593
4.722128610956108E-6      -7.499999999998658E-9    -107927.62535914216
4.723843316394961E-6      -4.999999999999105E-9    -108190.6529404548
4.7255580218338135E-6     -2.4999999999995525E-9   -108453.67936942517
4.7272727272726645E-6     0                        -108716.69810703909
4.720346812898457E-6      -4.999999999999105E-9    -107655.28447422461
4.722061518337309E-6      -2.4999999999995525E-9   -107918.34612518514
4.723776223776161E-6      0                        -108181.38046168661
4.718565014840805E-6      -2.4999999999995525E-9   -107382.93539427451
4.720279720279658E-6      0                        -107646.03118106813
4.7167832167831535E-6     0                        -107110.50224591985
4.715066414699965E-6      -2.4999999999995525E-9   -106844.50274363454
4.713349612616776E-6      -4.999999999999105E-9    -106578.56935268093
4.711632810533587E-6      -7.499999999998658E-9    -106312.62806342742
4.709916008450398E-6      -9.99999999999821E-9     -106046.71266038803
4.716848212757615E-6      -4.999999999999105E-9    -107116.94182593838
4.715131410674427E-6      -7.499999999998658E-9    -106850.98627294607
4.7134146085912376E-6     -9.99999999999821E-9     -106585.02288389317
4.718630010815268E-6      -7.499999999998658E-9    -107389.32518048593
4.716913208732079E-6      -9.99999999999821E-9     -107123.37767378916
4.720411808872919E-6      -9.99999999999821E-9     -107661.70027381573
4.708136307037083E-6      -7.499999999998658E-9    -105771.97425340195
4.7098531091202715E-6     -4.999999999999105E-9    -106037.8963712341
4.711569911203461E-6      -2.4999999999995525E-9   -106303.81568340174
4.713286713286649E-6      0                        -106569.72703502992
4.706356605623768E-6      -4.999999999999105E-9    -105497.18902070262
4.708073407706957E-6      -2.4999999999995525E-9   -105763.14340908134
4.709790209790146E-6      0                        -106029.07089025807
4.704576904210453E-6      -2.4999999999995525E-9   -105222.39534042013
4.706293706293643E-6      0                        -105488.38206485962
4.702797202797138E-6      0                        -104947.52137996464
4.701078304069612E-6      -2.4999999999995525E-9   -104678.7688008041
4.699359405342086E-6      -4.999999999999105E-9    -104410.07764390469
4.69764050661456E-6       -7.499999999998658E-9    -104141.37831983098
4.702858005482927E-6      -4.999999999999105E-9    -104953.64889959357
4.701139106755402E-6      -7.499999999998658E-9    -104684.93746713735
4.699420208027877E-6      -9.99999999999821E-9     -104416.21792933691
4.704637706896242E-6      -7.499999999998658E-9    -105228.47505408095
4.702918808168717E-6      -9.99999999999821E-9     -104959.77192877789
4.7064174083095575E-6     -9.99999999999821E-9     -105503.29269547107
4.695862901845583E-6      -4.999999999999105E-9    -103864.35261373685
4.697581800573108E-6      -2.4999999999995525E-9   -104133.03184533953
4.699300699300634E-6      0                        -104401.70284793791
4.694085297076605E-6      -2.4999999999995525E-9   -103587.30660342211
4.695804195804131E-6      0                        -103855.9942634337
4.692307692307627E-6      0                        -103310.25196127221
3.975524475524355E-6      0                        14217.914664896516
3.973696551291313E-6      -2.4999999999995525E-9   14478.86089767061
3.9718686270582715E-6     -4.999999999999105E-9    14739.7095021795
3.97004070282523E-6       -7.499999999998658E-9    15000.581496267738
3.977195151432154E-6      -2.4999999999995525E-9   13972.803531896892
3.975367227199113E-6      -4.999999999999105E-9    14233.737286231153
3.9735393029660705E-6     -7.499999999998658E-9    14494.634795011749
3.971711378733029E-6      -9.99999999999821E-9     14755.555621748388
3.978865827339953E-6      -4.999999999999105E-9    13727.851767456548
3.977037903106912E-6      -7.499999999998658E-9    13988.721964743374
3.9752099788738695E-6     -9.99999999999821E-9     14249.598236307993
3.9805365032477514E-6     -7.499999999998658E-9    13482.919282075556
3.97870857901471E-6       -9.99999999999821E-9     13743.725985163106
3.982207179155551E-6      -9.99999999999821E-9     13238.105233882694
3.968372123561768E-6      -4.999999999999105E-9    15241.910887804816
3.9702000477948095E-6     -2.4999999999995525E-9   14981.087619390159
3.972027972027851E-6      0                        14720.287812178252
3.966703544298306E-6      -2.4999999999995525E-9   15483.310960636318
3.968531468531348E-6      0                        15222.466348030848
3.965034965034843E-6      0                        15724.73045145432
3.984033006744256E-6      -7.499999999998658E-9    12974.031748919348
3.985858834332961E-6      -4.999999999999105E-9    12709.89811710648
3.987684661921666E-6      -2.4999999999995525E-9   12445.78752122855
3.98951048951037E-6       0                        12181.584628237726
3.9823623308364574E-6     -4.999999999999105E-9    13218.8333988314
3.984188158425162E-6      -2.4999999999995525E-9   12954.745609361504
3.986013986013867E-6      0                        12690.680926970846
3.9806916549286576E-6     -2.4999999999995525E-9   13463.702555076547
3.982517482517363E-6      0                        13199.593693453986
3.9790209790208585E-6     0                        13708.590927532865
3.9911832620625064E-6     -2.4999999999995525E-9   11933.14034558833
3.989357434473801E-6      -4.999999999999105E-9    12197.330770350083
3.987531606885097E-6      -7.499999999998658E-9    12461.487386482757
3.985705779296393E-6      -9.99999999999821E-9     12725.666967405827
3.992856034614642E-6      -4.999999999999105E-9    11684.849140061344
3.991030207025937E-6      -7.499999999998658E-9    11948.978769301262
3.989204379437233E-6      -9.99999999999821E-9     12213.11442004868
3.994528807166778E-6      -7.499999999998658E-9    11436.577011733449
3.9927029795780735E-6     -9.99999999999821E-9     11700.645908068462
3.996201579718914E-6      -9.99999999999821E-9     11188.417582459728
4.0034965034963854E-6     0                        10119.47412973852
4.001672772552017E-6      -2.4999999999995525E-9   10386.777900631294
3.99984904160765E-6       -4.999999999999105E-9    10653.994467825896
3.998025310663282E-6      -7.499999999998658E-9    10921.233720267763
4.005171372692858E-6      -2.4999999999995525E-9   9867.822093989744
4.00334764174849E-6       -4.999999999999105E-9    10135.113389369215
4.001523910804122E-6      -7.499999999998658E-9    10402.373205062031
3.999700179859754E-6      -9.99999999999821E-9     10669.655635362291
4.006846241889331E-6      -4.999999999999105E-9    9616.317110310889
4.005022510944963E-6      -7.499999999998658E-9    9883.550266081102
4.003198780000595E-6      -9.99999999999821E-9     10150.789386873885
4.0085211110858034E-6     -7.499999999998658E-9    9364.831002178977
4.006697380141435E-6      -9.99999999999821E-9     9632.006080704707
4.010195980282276E-6      -9.99999999999821E-9     9113.451971960647
3.996352538111146E-6      -4.999999999999105E-9    11169.380898988275
3.998176269055514E-6      -2.4999999999995525E-9   10902.184717893586
3.999999999999882E-6      0                        10635.011292686098
3.99467976555901E-6       -2.4999999999995525E-9   11417.592458385363
3.996503496503378E-6      0                        11150.3754758795
3.993006993006874E-6      0                        11665.823032364642
4.012017614582307E-6      -7.499999999998658E-9    8843.311641038956
4.013839248882338E-6      -4.999999999999105E-9    8573.120520173896
4.015660883182369E-6      -2.4999999999995525E-9   8302.951736918483
4.0174825174824E-6        0                        8032.700736960648
4.010342745385834E-6      -4.999999999999105E-9    9094.678565903254
4.012164379685865E-6      -2.4999999999995525E-9   8824.527804592197
4.013986013985896E-6      0                        8554.399451005425
4.008667876189362E-6      -2.4999999999995525E-9   9346.1067596292
4.010489510489393E-6      0                        9075.935466256658
4.006993006992889E-6      0                        9597.55376653745
4.019159483323209E-6      -2.4999999999995525E-9   7777.965060609278
4.017337849023178E-6      -4.999999999999105E-9    8048.203509708685
4.015516214723147E-6      -7.499999999998658E-9    8318.412828848348
4.013694580423116E-6      -9.99999999999821E-9     8588.644415483017
4.020836449164019E-6      -4.999999999999105E-9    7523.370550344785
4.019014814863988E-6      -7.499999999998658E-9    7793.553416436013
4.017193180563957E-6      -9.99999999999821E-9     8063.742309729808
4.022513415004829E-6      -7.499999999998658E-9    7268.794714255499
4.020691780704798E-6      -9.99999999999821E-9     7538.922059434196
4.0241903808456385E-6     -9.99999999999821E-9     7014.320641254198
4.031468531468416E-6      0                        5922.367163332034
4.029648993812721E-6      -2.4999999999995525E-9   6195.4141783228515
4.027829456157027E-6      -4.999999999999105E-9    6468.383835649667
4.026009918501333E-6      -7.499999999998658E-9    6741.375486069748
4.0331475939535615E-6     -2.4999999999995525E-9   5664.67050095404
4.0313280562978676E-6     -4.999999999999105E-9    5937.7049428829005
4.029508518642174E-6      -7.499999999998658E-9    6210.71253884599
4.02768898098648E-6       -9.99999999999821E-9     6483.742058328777
4.034826656438708E-6      -4.999999999999105E-9    5407.109266628919
4.033007118783014E-6      -7.499999999998658E-9    5680.090634963005
4.03118758112732E-6       -9.99999999999821E-9     5953.0780726346475
4.036505718923855E-6      -7.499999999998658E-9    5149.566505444773
4.034686181268161E-6      -9.99999999999821E-9     5422.494861997476
4.038184781409001E-6      -9.99999999999821E-9     4892.120410257725
4.024332952660523E-6      -4.999999999999105E-9    6995.837619117001
4.026152490316217E-6      -2.4999999999995525E-9   6722.883731871365
4.027972027971912E-6      0                        6449.951907292825
4.0226559868197134E-6     -2.4999999999995525E-9   7250.358095960085
4.024475524475408E-6      0                        6977.383944534732
4.020979020978904E-6      0                        7504.897184882584
4.040002222420358E-6      -7.499999999998658E-9    4616.519514767231
4.041819663431716E-6      -4.999999999999105E-9    4340.876279107226
4.043637104443072E-6      -2.4999999999995525E-9   4065.2546951979766
4.04545454545443E-6       0                        3789.560390471202
4.038323159935212E-6      -4.999999999999105E-9    4873.953866628126
4.04014060094657E-6       -2.4999999999995525E-9   4598.345949275519
4.0419580419579275E-6     0                        4322.759752695098
4.036644097450066E-6      -2.4999999999995525E-9   5131.44377649669
4.038461538461423E-6      0                        4855.815861318724
4.034965034964919E-6      0                        5388.95209769308
4.047135704583914E-6      -2.4999999999995525E-9   3529.0237941149167
4.045318263572556E-6      -4.999999999999105E-9    3804.705552183421
4.043500822561199E-6      -7.499999999998658E-9    4080.3626289577605
4.041683381549842E-6      -9.99999999999821E-9     4356.04128846161
4.0488168637133965E-6     -4.999999999999105E-9    3268.6171609221165
4.046999422702039E-6      -7.499999999998658E-9    3544.248297785339
4.045181981690682E-6      -9.99999999999821E-9     3819.8854822706617
4.05049802284288E-6       -7.499999999998658E-9    3008.228800217554
4.0486805818315226E-6     -9.99999999999821E-9     3283.809377397119
4.052179181972363E-6      -9.99999999999821E-9     2747.932271232368
4.120459542438008E-6      -7.499999999998658E-9    -7993.412726238731
4.122264403583344E-6      -4.999999999999105E-9    -8281.97807155347
4.12406926472868E-6       -2.4999999999995525E-9   -8570.530759954656
4.1258741258740175E-6     0                        -8859.063711421102
4.118767900086841E-6      -4.999999999999105E-9    -7720.559166631088
4.1205727612321766E-6     -2.4999999999995525E-9   -8009.164097860377
4.122377622377513E-6      0                        -8297.735219621361
4.117076257735673E-6      -2.4999999999995525E-9   -7447.68833133741
4.11888111888101E-6       0                        -7736.332908500979
4.115384615384506E-6      0                        -7174.712189360856
4.113577657594833E-6      -2.4999999999995525E-9   -6887.918955044823
4.11177069980516E-6       -4.999999999999105E-9    -6601.178021736883
4.109963742015487E-6      -7.499999999998658E-9    -6314.417095087294
4.108156784225813E-6      -9.99999999999821E-9     -6027.6802564116815
4.115269299946001E-6      -4.999999999999105E-9    -7160.907228874987
4.113462342156327E-6      -7.499999999998658E-9    -6874.141484393182
4.111655384366654E-6      -9.99999999999821E-9     -6587.355812783803
4.116960942297168E-6      -7.499999999998658E-9    -7433.817863178758
4.115153984507495E-6      -9.99999999999821E-9     -7147.070705132547
4.118652584648335E-6      -9.99999999999821E-9     -7706.711161776459
4.1064672385189825E-6     -7.499999999998658E-9    -5757.164485555395
4.1082741963086555E-6     -4.999999999999105E-9    -6043.912348968985
4.1100811540983285E-6     -2.4999999999995525E-9   -6330.648634286181
4.1118881118880015E-6     0                        -6617.364860047461
4.104777692812151E-6      -4.999999999999105E-9    -5486.574354691634
4.106584650601824E-6      -2.4999999999995525E-9   -5773.3637638164655
4.108391608391498E-6      0                        -6060.118739196696
4.103088147105321E-6      -2.4999999999995525E-9   -5215.966749660899
4.104895104894994E-6      0                        -5502.797764814537
4.101398601398491E-6      0                        -4945.249299683012
4.0995895469644805E-6     -2.4999999999995525E-9   -4660.399952484002
4.09778049253047E-6       -4.999999999999105E-9    -4375.606605306695
4.09597143809646E-6       -7.499999999998658E-9    -4090.7929395421697
4.094162383662451E-6      -9.99999999999821E-9     -3806.0065897234103
4.101279092671311E-6      -4.999999999999105E-9    -4931.129605132988
4.099470038237301E-6      -7.499999999998658E-9    -4646.3094989435
4.0976609838032915E-6     -9.99999999999821E-9     -4361.469140937972
4.102968638378141E-6      -7.499999999998658E-9    -5201.778970491516
4.101159583944132E-6      -9.99999999999821E-9     -4916.977708664169
4.1046581840849724E-6     -9.99999999999821E-9     -5472.410801365859
4.059440559440445E-6      0                        1635.3507675074316
4.057625215073425E-6      -2.4999999999995525E-9   1913.5462372455372
4.055809870706404E-6      -4.999999999999105E-9    2191.6734845230258
4.0539945263393836E-6     -7.499999999998658E-9    2469.8220454172115
4.061123815214265E-6      -2.4999999999995525E-9   1372.093774466311
4.0593084708472446E-6     -4.999999999999105E-9    1650.2767869647628
4.057493126480224E-6      -7.499999999998658E-9    1928.4372167438437
4.0556777821132035E-6     -9.99999999999821E-9     2206.6188916782808
4.062807070988085E-6      -4.999999999999105E-9    1108.9614391248028
4.0609917266210645E-6     -7.499999999998658E-9    1387.0962261400039
4.059176382254044E-6      -9.99999999999821E-9     1665.237028042544
4.064490326761905E-6      -7.499999999998658E-9    845.8471760325533
4.062674982394885E-6      -9.99999999999821E-9     1123.9337987875524
4.066173582535726E-6      -9.99999999999821E-9     582.820105068589
4.052313367209901E-6      -4.999999999999105E-9    2730.1069984056426
4.05412871157692E-6       -2.4999999999995525E-9   2451.9914463846817
4.055944055943941E-6      0                        2173.8972764416967
4.050632208080417E-6      -2.4999999999995525E-9   2990.444958672088
4.052447552447438E-6      0                        2712.3096736074685
4.048951048950933E-6      0                        3250.8011299048057
4.092474934599958E-6      -7.499999999998658E-9    -3537.8715370368427
4.094283989033967E-6      -4.999999999999105E-9    -3822.669048206909
4.096093043467977E-6      -2.4999999999995525E-9   -4107.456125741746
4.097902097901987E-6      0                        -4392.222817918206
4.090787485537464E-6      -4.999999999999105E-9    -3269.658065499021
4.092596539971474E-6      -2.4999999999995525E-9   -3554.499157235678
4.094405594405483E-6      0                        -3839.305183144019
4.0891000364749696E-6     -2.4999999999995525E-9   -3001.4269208779324
4.09090909090898E-6       0                        -3286.3116537993865
4.0874125874124755E-6     0                        -2733.0811822034325
4.085601436334128E-6      -2.4999999999995525E-9   -2450.310882510209
4.083790285255782E-6      -4.999999999999105E-9    -2167.6004596212897
4.0819791341774356E-6     -7.499999999998658E-9    -1884.8693896956597
4.080167983099088E-6      -9.99999999999821E-9     -1602.1691494141326
4.087288885396623E-6      -4.999999999999105E-9    -2718.6688722070767
4.085477734318276E-6      -7.499999999998658E-9    -2435.929617114231
4.083666583239929E-6      -9.99999999999821E-9     -2153.169782318048
4.0889763344591165E-6     -7.499999999998658E-9    -2986.9438135463347
4.087165183380769E-6      -9.99999999999821E-9     -2704.22366236021
4.090663783521611E-6      -9.99999999999821E-9     -3255.2010211839483
4.078482630680931E-6      -7.499999999998658E-9    -1336.5298397782844
4.0802937817592786E-6     -4.999999999999105E-9    -1619.2413674096824
4.082104932837626E-6      -2.4999999999995525E-9   -1901.9437768636835
4.083916083915971E-6      0                        -2184.6254719476424
4.076797278262774E-6      -4.999999999999105E-9    -1070.8077735198467
4.0786084293411215E-6     -2.4999999999995525E-9   -1353.565043368826
4.080419580419468E-6      0                        -1636.2866611284446
4.075111925844617E-6      -2.4999999999995525E-9   -805.0678348173826
4.0769230769229645E-6     0                        -1087.870907805057
4.07342657342646E-6       0                        -539.2083320091809
4.067986830258409E-6      -7.499999999998658E-9    302.34435066266013
4.0698000779810934E-6     -4.999999999999105E-9    21.83412438954764
4.071613325703777E-6      -2.4999999999995525E-9   -258.6551231730255
4.066303574484589E-6      -4.999999999999105E-9    565.3600135836741
4.068116822207273E-6      -2.4999999999995525E-9   284.88059162719037
4.069930069929956E-6      0                        4.4222162788084916
4.064620318710769E-6      -2.4999999999995525E-9   828.4262704278713
4.066433566433453E-6      0                        547.9273786072033
4.062937062936949E-6      0                        1091.5105382983336
4.073298678121935E-6      -4.999999999999105E-9    -524.5269885149121
4.0714854303992504E-6     -7.499999999998658E-9    -244.00676395196297
4.069672182676566E-6      -9.99999999999821E-9     36.53437142377584
4.074984030540091E-6      -7.499999999998658E-9    -790.3128871288989
4.0731707828174075E-6     -9.99999999999821E-9     -509.81202764434875
4.076669382958248E-6      -9.99999999999821E-9     -1056.0808523775588
4.6801516991990315E-6     -7.499999999998658E-9    -101399.8339021086
4.6818726945708946E-6     -4.999999999999105E-9    -101671.1492595623
4.683593689942758E-6      -2.4999999999995525E-9   -101942.45895052596
4.685314685314621E-6      0                        -102213.76014467057
4.67837619107439E-6       -4.999999999999105E-9    -101120.61392395307
4.6800971864462534E-6     -2.4999999999995525E-9   -101391.95839458087
4.6818181818181165E-6     0                        -101663.27677135306
4.676600682949749E-6      -2.4999999999995525E-9   -100841.38500331051
4.678321678321612E-6      0                        -101112.75865135273
4.674825174825109E-6      0                        -100562.08250211905
4.67310208280891E-6       -2.4999999999995525E-9   -100288.20756341616
4.6713789907927094E-6     -4.999999999999105E-9    -100014.38556300286
4.66965589877651E-6       -7.499999999998658E-9    -99740.55485960352
4.66793280676031E-6       -9.99999999999821E-9     -99466.74071169313
4.67487759093355E-6       -4.999999999999105E-9    -100567.5167106668
4.67315449891735E-6       -7.499999999998658E-9    -100293.67786474773
4.67143140690115E-6       -9.99999999999821E-9     -100019.83037691096
4.676653099058191E-6      -7.499999999998658E-9    -100846.77494573344
4.674930007041992E-6      -9.99999999999821E-9     -100572.9449226326
4.678428607182832E-6      -9.99999999999821E-9     -101126.02417407239
4.666159395280006E-6      -7.499999999998658E-9    -99185.56012659577
4.667882487296205E-6      -4.999999999999105E-9    -99459.38119004612
4.6696055793124046E-6     -2.4999999999995525E-9   -99733.19522747974
4.6713286713286056E-6     0                        -100007.00050085867
4.664385983799701E-6      -4.999999999999105E-9    -98904.34026906344
4.666109075815901E-6      -2.4999999999995525E-9   -99178.18902896253
4.667832167832101E-6      0                        -99452.01200768606
4.662612572319397E-6      -2.4999999999995525E-9   -98623.1112264888
4.664335664335597E-6      0                        -98896.98774647637
4.660839160839093E-6      0                        -98341.81156423206
4.659113972178556E-6      -2.4999999999995525E-9   -98065.56092250021
4.65738878351802E-6       -4.999999999999105E-9    -97789.35938719862
4.655663594857484E-6      -7.499999999998658E-9    -97513.14888182862
4.653938406196948E-6      -9.99999999999821E-9     -97236.9521518305
4.6608873836588606E-6     -4.999999999999105E-9    -98346.8674267694
4.659162194998324E-6      -7.499999999998658E-9    -98070.65055361907
4.6574370063377885E-6     -9.99999999999821E-9     -97794.42477111808
4.662660795139165E-6      -7.499999999998658E-9    -98628.12436593095
4.660935606478629E-6      -9.99999999999821E-9     -98351.91657056904
4.6644342066194695E-6     -9.99999999999821E-9     -98909.37205641072
4.65216709136098E-6       -7.499999999998658E-9    -96953.90869886585
4.653892280021517E-6      -4.999999999999105E-9    -97230.11243484657
4.655617468682053E-6      -2.4999999999995525E-9   -97506.30778023392
4.65734265734259E-6       0                        -97782.49409483514
4.650395776525013E-6      -4.999999999999105E-9    -96670.8280745431
4.65212096518555E-6       -2.4999999999995525E-9   -96947.05817232482
4.653846153846086E-6      0                        -97223.2627126489
4.648624461689046E-6      -2.4999999999995525E-9   -96387.73802574849
4.650349650349582E-6      0                        -96663.99454839368
4.646853146853079E-6      0                        -96104.58008323894
4.645125861548206E-6      -2.4999999999995525E-9   -95826.07342821779
4.6433985762433325E-6     -4.999999999999105E-9    -95547.61229590865
4.641671290938459E-6      -7.499999999998658E-9    -95269.14192689575
4.639944005633585E-6      -9.99999999999821E-9     -94990.68272321178
4.646897176384173E-6      -4.999999999999105E-9    -96109.23834811436
4.645169891079299E-6      -7.499999999998658E-9    -95830.76325076354
4.643442605774426E-6      -9.99999999999821E-9     -95552.27897709745
4.64866849122014E-6       -7.499999999998658E-9    -96392.35495780036
4.646941205915266E-6      -9.99999999999821E-9     -96113.8891914138
4.650439806056108E-6      -9.99999999999821E-9     -96675.4620799516
4.6328671328670635E-6     0                        -93851.40802969418
4.631137750917854E-6      -2.4999999999995525E-9   -93570.76225286318
4.629408368968643E-6      -4.999999999999105E-9    -93290.15861870021
4.6276789870194325E-6     -7.499999999998658E-9    -93009.54548156368
4.625949605070223E-6      -9.99999999999821E-9     -92728.94113894564
4.634636351058693E-6      -2.4999999999995525E-9   -94136.2893854007
4.632906969109484E-6      -4.999999999999105E-9    -93855.65066509183
4.631177587160274E-6      -7.499999999998658E-9    -93575.0343061196
4.629448205211063E-6      -9.99999999999821E-9     -93294.40850425501
4.636405569250324E-6      -4.999999999999105E-9    -94421.10537325541
4.634676187301114E-6      -7.499999999998658E-9    -94140.4919529551
4.6329468053519045E-6     -9.99999999999821E-9     -93859.88517641672
4.638174787441955E-6      -7.499999999998658E-9    -94705.9117002273
4.636445405492745E-6      -9.99999999999821E-9     -94425.32351742427
4.639902072746828E-6      -4.999999999999105E-9    -94984.3780091425
4.641629358051702E-6      -2.4999999999995525E-9   -95262.83458937438
4.643356643356575E-6      0                        -95541.28187251382
4.6381328545551976E-6     -2.4999999999995525E-9   -94699.59678407028
4.639860139860071E-6      0                        -94978.06281113841
4.636363636363567E-6      0                        -94414.80596062644
4.576923076923003E-6      0                        -84698.81277442149
4.575185308396446E-6      -2.4999999999995525E-9   -84410.73083816556
4.573447539869888E-6      -4.999999999999105E-9    -84122.68000140105
4.571709771343332E-6      -7.499999999998658E-9    -83834.61859852656
4.569972002816774E-6      -9.99999999999821E-9     -83546.55830676618
4.578683908537286E-6      -2.4999999999995525E-9   -84989.3139307471
4.576946140010729E-6      -4.999999999999105E-9    -84701.23951093406
4.5752083714841715E-6     -7.499999999998658E-9    -84413.1800028538
4.573470602957614E-6      -9.99999999999821E-9     -84125.10998774697
4.580444740151569E-6      -4.999999999999105E-9    -85279.7574428709
4.578706971625012E-6      -7.499999999998658E-9    -84991.70438236941
4.576969203098455E-6      -9.99999999999821E-9     -84703.65544739694
4.582205571765852E-6      -7.499999999998658E-9    -85570.19037646719
4.580467803239295E-6      -9.99999999999821E-9     -85282.15861471236
4.5839664033801355E-6     -9.99999999999821E-9     -85860.5934823611
4.590909090909018E-6      0                        -87006.05670091155
4.589173419026797E-6      -2.4999999999995525E-9   -86719.67020274827
4.587437747144577E-6      -4.999999999999105E-9    -86433.31726183594
4.585702075262357E-6      -7.499999999998658E-9    -86146.95402048496
4.592672019167638E-6      -2.4999999999995525E-9   -87295.33722691046
4.590936347285418E-6      -4.999999999999105E-9    -87008.95807213639
4.589200675403197E-6      -7.499999999998658E-9    -86722.59556551337
4.587465003520977E-6      -9.99999999999821E-9     -86436.2228177486
4.594434947426258E-6      -4.999999999999105E-9    -87584.55849112822
4.5926992755440375E-6     -7.499999999998658E-9    -87298.2015202714
4.590963603661817E-6      -9.99999999999821E-9     -87011.8493411784
4.596197875684878E-6      -7.499999999998658E-9    -87873.76940225167
4.594462203802658E-6      -9.99999999999821E-9     -87587.43455430039
4.597960803943498E-6      -9.99999999999821E-9     -88162.94933891307
4.583941243648073E-6      -4.999999999999105E-9    -85856.558489319
4.585676915530294E-6      -2.4999999999995525E-9   -86142.912335518
4.587412587412514E-6      0                        -86429.25582198112
4.58218041203379E-6       -2.4999999999995525E-9   -85566.14672015299
4.5839160839160105E-6     0                        -85852.5110051437
4.580419580419506E-6      0                        -85275.72443302436
4.599694379181382E-6      -7.499999999998658E-9    -88447.50200567892
4.601427954419266E-6      -4.999999999999105E-9    -88732.0591967927
4.60316152965715E-6       -2.4999999999995525E-9   -89016.60635315343
4.604895104895033E-6      0                        -89301.18970228439
4.597931450922762E-6      -4.999999999999105E-9    -88158.32955871403
4.599665026160646E-6      -2.4999999999995525E-9   -88442.87638335855
4.60139860139853E-6       0                        -88727.41311371519
4.596168522664142E-6      -2.4999999999995525E-9   -87869.14063592756
4.597902097902026E-6      0                        -88153.6976535334
4.5944055944055214E-6     0                        -87579.94142105863
4.60666012979799E-6       -2.4999999999995525E-9   -89589.1288469471
4.604926554560107E-6      -4.999999999999105E-9    -89304.55272166221
4.603192979322223E-6      -7.499999999998658E-9    -89019.99502695867
4.601459404084339E-6      -9.99999999999821E-9     -88735.42735703712
4.608425154700947E-6      -4.999999999999105E-9    -89877.0069161859
4.606691579463063E-6      -7.499999999998658E-9    -89592.45390894527
4.604958004225179E-6      -9.99999999999821E-9     -89307.90629486456
4.6101901796039036E-6     -7.499999999998658E-9    -90164.87486034133
4.6084566043660204E-6     -9.99999999999821E-9     -89880.34490965963
4.611955204506861E-6      -9.99999999999821E-9     -90452.71053890465
4.624182483522929E-6      -7.499999999998658E-9    -92442.57397911393
4.62591186547214E-6       -4.999999999999105E-9    -92723.18555699772
4.6276412474213495E-6     -2.4999999999995525E-9   -93003.78614405092
4.62937062937056E-6       0                        -93284.37716804964
4.6224153619756355E-6     -4.999999999999105E-9    -92156.17310589542
4.624144743924845E-6      -2.4999999999995525E-9   -92436.8086465999
4.625874125874056E-6      0                        -92717.41893073192
4.620648240428341E-6      -2.4999999999995525E-9   -91869.76233829363
4.622377622377552E-6      0                        -92150.42190380409
4.618881118881048E-6      0                        -91583.28845913429
4.6171496402875015E-6     -2.4999999999995525E-9   -91300.61793915412
4.615418161693955E-6      -4.999999999999105E-9    -91017.986464279
4.613686683100408E-6      -7.499999999998658E-9    -90735.34522044293
4.618916761834795E-6      -4.999999999999105E-9    -91587.09896121832
4.617185283241248E-6      -7.499999999998658E-9    -91304.45589622387
4.615453804647702E-6      -9.99999999999821E-9     -91021.80312206493
4.620683883382089E-6      -7.499999999998658E-9    -91873.53388883651
4.618952404788542E-6      -9.99999999999821E-9     -91590.90065613123
4.622451004929382E-6      -9.99999999999821E-9     -92159.95886008618
4.61192165819745E-6       -4.999999999999105E-9    -90447.51690852038
4.613653136790997E-6      -2.4999999999995525E-9   -90730.14673550018
4.615384615384544E-6      0                        -91012.76673372256
4.610156633294494E-6      -2.4999999999995525E-9   -90159.67188605688
4.611888111888041E-6      0                        -90442.31165879237
4.608391608391537E-6      0                        -89871.81679999508
4.465034965034883E-6      0                        -65909.81612737512
4.46328042335363E-6       -2.4999999999995525E-9   -65611.86955690142
4.461525881672378E-6      -4.999999999999105E-9    -65313.94176267325
4.4597713399911255E-6     -7.499999999998658E-9    -65016.00126582623
4.458016798309874E-6      -9.99999999999821E-9     -64718.053670209374
4.4667790234944716E-6     -2.4999999999995525E-9   -66206.05098022828
4.465024481813218E-6      -4.999999999999105E-9    -65908.1131003292
4.463269940131967E-6      -7.499999999998658E-9    -65610.1806667444
4.461515398450715E-6      -9.99999999999821E-9     -65312.23558883388
4.46852308195406E-6       -4.999999999999105E-9    -66502.23421407852
4.466768540272808E-6      -7.499999999998658E-9    -66204.31432899005
4.465013998591556E-6      -9.99999999999821E-9     -65906.39439731973
4.4702671404136486E-6     -7.499999999998658E-9    -66798.40514514706
4.468512598732396E-6      -9.99999999999821E-9     -66500.50319689717
4.472011198873237E-6      -9.99999999999821E-9     -67094.55025080236
4.568213267846828E-6      -7.499999999998658E-9    -83255.05011662486
4.569951036373385E-6      -4.999999999999105E-9    -83543.11805022231
4.571688804899942E-6      -2.4999999999995525E-9   -83831.1709511006
4.5734265734264996E-6     0                        -84119.21322678588
4.566454532876881E-6      -4.999999999999105E-9    -82963.51308948573
4.568192301403438E-6      -2.4999999999995525E-9   -83251.60149304426
4.569930069929995E-6      0                        -83539.66507726631
4.564695797906935E-6      -2.4999999999995525E-9   -82671.9652608505
4.566433566433492E-6      0                        -82960.07419451514
4.562937062936989E-6      0                        -82380.3611975764
4.561197197766094E-6      -2.4999999999995525E-9   -82090.6898211091
4.5594573325952E-6        -4.999999999999105E-9    -81801.04730325926
4.5577174674243054E-6     -7.499999999998658E-9    -81511.39395354912
4.555977602253411E-6      -9.99999999999821E-9     -81221.74019643506
4.56295593273604E-6       -4.999999999999105E-9    -82382.30162961308
4.561216067565146E-6      -7.499999999998658E-9    -82092.65126631514
4.5594762023942515E-6     -9.99999999999821E-9     -81802.9901300514
4.564714667705986E-6      -7.499999999998658E-9    -82673.87012246514
4.562974802535092E-6      -9.99999999999821E-9     -82384.23057662172
4.566473402675933E-6      -9.99999999999821E-9     -82965.42775367602
4.554220963927801E-6      -7.499999999998658E-9    -80929.24220172678
4.555960829098696E-6      -4.999999999999105E-9    -81218.90367102006
4.55770069426959E-6       -2.4999999999995525E-9   -81508.54934343923
4.5594405594404844E-6     0                        -81798.18412510352
4.552464325602191E-6      -4.999999999999105E-9    -80636.71629367041
4.554204190773086E-6      -2.4999999999995525E-9   -80926.39761323038
4.55594405594398E-6       0                        -81216.05421236664
4.550707687276582E-6      -2.4999999999995525E-9   -80344.17936350092
4.552447552447476E-6      0                        -80633.88059308004
4.548951048950973E-6      0                        -80051.58742110436
4.547209087135742E-6      -2.4999999999995525E-9   -79760.43092981078
4.5454671253205105E-6     -4.999999999999105E-9    -79469.3012638008
4.543725163505279E-6      -7.499999999998658E-9    -79178.16050000481
4.541983201690048E-6      -9.99999999999821E-9     -78887.01792771328
4.548965725461352E-6      -4.999999999999105E-9    -80053.03079288427
4.54722376364612E-6       -7.499999999998658E-9    -79761.8939961835
4.545481801830889E-6      -9.99999999999821E-9     -79470.74616042752
4.550722363786961E-6      -7.499999999998658E-9    -80345.58776702578
4.54898040197173E-6       -9.99999999999821E-9     -80054.46203099488
4.5524790021125706E-6     -9.99999999999821E-9     -80638.1336593017
4.473763643910152E-6      -7.499999999998658E-9    -67391.61215031626
4.475516088947067E-6      -4.999999999999105E-9    -67688.66748468333
4.4772685339839825E-6     -2.4999999999995525E-9   -67985.71038552152
4.479020979020898E-6      0                        -68282.77294991781
4.472019585450563E-6      -4.999999999999105E-9    -67095.47545431092
4.473772030487479E-6      -2.4999999999995525E-9   -67392.52610882622
4.475524475524394E-6      0                        -67689.56427151251
4.470275526990975E-6      -2.4999999999995525E-9   -66799.32232603562
4.47202797202789E-6       0                        -67096.38534842014
4.468531468531387E-6      0                        -66503.15695295087
4.480767134124822E-6      -2.4999999999995525E-9   -68578.66279670958
4.479014689087907E-6      -4.999999999999105E-9    -68281.60878468335
4.4772622440509915E-6     -7.499999999998658E-9    -67984.56104116447
4.475509799014076E-6      -9.99999999999821E-9     -67687.50092241673
4.482513289228748E-6      -4.999999999999105E-9    -68874.50093576133
4.480760844191833E-6      -7.499999999998658E-9    -68577.46506546834
4.4790083991549176E-6     -9.99999999999821E-9     -68280.42958528962
4.484259444332673E-6      -7.499999999998658E-9    -69170.32698091799
4.482506999295758E-6      -9.99999999999821E-9     -68873.30919415806
4.4860055994365985E-6     -9.99999999999821E-9     -69466.12714079994
4.4877559478291775E-6     -7.499999999998658E-9    -69762.20489700092
4.489506296221756E-6      -4.999999999999105E-9    -70058.27679208806
4.491256644614335E-6      -2.4999999999995525E-9   -70354.33652195024
4.493006993006913E-6      0                        -70650.41697460353
4.486009792725252E-6      -4.999999999999105E-9    -69466.41305256529
4.4877601411178305E-6     -2.4999999999995525E-9   -69762.47995550386
4.489510489510409E-6      0                        -70058.53463488407
4.484263637621326E-6      -2.4999999999995525E-9   -69170.60495703801
4.486013986013905E-6      0                        -69466.68398941279
4.482517482517401E-6      0                        -68874.78482581569
4.494755244755175E-6      -2.4999999999995525E-9   -70945.85922744207
4.493004896362596E-6      -4.999999999999105E-9    -70649.787161717
4.491254547970018E-6      -7.499999999998658E-9    -70353.72227618736
4.489504199577439E-6      -9.99999999999821E-9     -70057.64528376615
4.4965034965034375E-6     -4.999999999999105E-9    -71241.24949075803
4.494753148110858E-6      -7.499999999998658E-9    -70945.19577358654
4.493002799718279E-6      -9.99999999999821E-9     -70649.14291230773
4.498251748251699E-6      -7.499999999998658E-9    -71536.62787073886
4.496501399859121E-6      -9.99999999999821E-9     -71240.59244366523
4.499999999999961E-6      -9.99999999999821E-9     -71831.9801984557
4.540228660008776E-6      -7.499999999998658E-9    -78593.64290895604
4.541970621824007E-6      -4.999999999999105E-9    -78884.79330025028
4.543712583639238E-6      -2.4999999999995525E-9   -79175.92710042777
4.5454545454544684E-6     0                        -79467.0497440888
4.538474118327504E-6      -4.999999999999105E-9    -78300.24070964986
4.540216080142734E-6      -2.4999999999995525E-9   -78591.41040246675
4.541958041957965E-6      0                        -78882.55537165562
4.536719576646231E-6      -2.4999999999995525E-9   -78006.82726985181
4.538461538461462E-6      0                        -78298.01632357851
4.534965034964958E-6      0                        -77713.35983735332
4.533220976505391E-6      -2.4999999999995525E-9   -77420.82112543736
4.531476918045822E-6      -4.999999999999105E-9    -77128.3074307883
4.529732859586254E-6      -7.499999999998658E-9    -76835.78237215462
4.527988801126686E-6      -9.99999999999821E-9     -76543.25424639117
4.5349755181866625E-6     -4.999999999999105E-9    -77714.2965895524
4.533231459727094E-6      -7.499999999998658E-9    -77421.77636287025
4.531487401267526E-6      -9.99999999999821E-9     -77129.244830796
4.536730059867935E-6      -7.499999999998658E-9    -78007.72952410375
4.534986001408367E-6      -9.99999999999821E-9     -77715.2206002768
4.538484601549208E-6      -9.99999999999821E-9     -78301.15115877613
4.501748251748203E-6      -7.499999999998658E-9    -72126.97484324411
4.503496503496444E-6      -4.999999999999105E-9    -72421.96443012178
4.505244755244686E-6      -2.4999999999995525E-9   -72716.94211939728
4.506993006992928E-6      0                        -73011.94177410715
4.499999999999941E-6      -4.999999999999105E-9    -71831.63072158111
4.501748251748182E-6      -2.4999999999995525E-9   -72126.61491949012
4.503496503496425E-6      0                        -72421.58716140312
4.4982517482516786E-6     -2.4999999999995525E-9   -71536.27049788482
4.4999999999999205E-6     0                        -71831.26658623172
4.496503496503417E-6      0                        -71240.89844930891
4.5087433553855274E-6     -2.4999999999995525E-9   -73306.83229685175
4.5069951036372855E-6     -4.999999999999105E-9    -73011.840867666
4.5052468518890435E-6     -7.499999999998658E-9    -72716.85762513318
4.5034986001408025E-6     -9.99999999999821E-9     -72421.8625433917
4.510493703778126E-6      -4.999999999999105E-9    -73601.67034896517
4.508745452029884E-6      -7.499999999998658E-9    -73306.69754615375
4.506997200281643E-6      -9.99999999999821E-9     -73011.7260881635
4.512244052170725E-6      -7.499999999998658E-9    -73896.49673008884
4.510495800422483E-6      -9.99999999999821E-9     -73601.54249491307
4.513994400563324E-6      -9.99999999999821E-9     -74191.2968353717
4.515740555667229E-6      -7.499999999998658E-9    -74485.10860161466
4.5174867107711335E-6     -4.999999999999105E-9    -74778.9162014358
4.519232865875038E-6      -2.4999999999995525E-9   -75072.71217070066
4.520979020978943E-6      0                        -75366.53153878615
4.513990207274629E-6      -4.999999999999105E-9    -74190.31657730168
4.515736362378535E-6      -2.4999999999995525E-9   -74484.11833454155
4.517482517482439E-6      0                        -74777.90840274529
4.512239858882031E-6      -2.4999999999995525E-9   -73895.5086300404
4.513986013985936E-6      0                        -74189.32203804966
4.510489510489432E-6      0                        -73600.68907052843
4.522731466015879E-6      -2.4999999999995525E-9   -75660.76446562854
4.520985310911974E-6      -4.999999999999105E-9    -75366.95321946409
4.519239155808069E-6      -7.499999999998658E-9    -75073.15124248042
4.517493000704164E-6      -9.99999999999821E-9     -74779.33769342047
4.5244839110528144E-6     -4.999999999999105E-9    -75954.94424863881
4.52273775594891E-6       -7.499999999998658E-9    -75661.15201794785
4.520991600845005E-6      -9.99999999999821E-9     -75367.36158507592
4.52623635608975E-6       -7.499999999998658E-9    -76249.11257490254
4.524490200985845E-6      -9.99999999999821E-9     -75955.33930063603
4.527980414549318E-6      -4.999999999999105E-9    -76541.64864772849
4.529724473008887E-6      -2.4999999999995525E-9   -76834.16734039459
4.531468531468455E-6      0                        -77126.6746104837
4.526227969512383E-6      -2.4999999999995525E-9   -76247.49914410568
4.527972027971951E-6      0                        -76540.0292470999
4.524475524475447E-6      0                        -75953.3382427852
4.437062937062852E-6      0                        -61151.150004401745
4.435304202092927E-6      -2.4999999999995525E-9   -60851.72824323682
4.433545467123001E-6      -4.999999999999105E-9    -60552.323972906284
4.431786732153074E-6      -7.499999999998658E-9    -60252.90645899295
4.430027997183149E-6      -9.99999999999821E-9     -59953.48121679189
4.438802802233767E-6      -2.4999999999995525E-9   -61447.77285519453
4.437044067263841E-6      -4.999999999999105E-9    -61148.36007456176
4.435285332293916E-6      -7.499999999998658E-9    -60848.951359634964
4.433526597323989E-6      -9.99999999999821E-9     -60549.52945948535
4.440542667404682E-6      -4.999999999999105E-9    -61744.3437874738
4.438783932434756E-6      -7.499999999998658E-9    -61444.94894254896
4.43702519746483E-6       -9.99999999999821E-9     -61145.55320555676
4.4422825325755965E-6     -7.499999999998658E-9    -62040.90200377401
4.440523797605671E-6      -9.99999999999821E-9     -61741.52503695976
4.444022397746511E-6      -9.99999999999821E-9     -62337.433982859315
4.445779036072101E-6      -7.499999999998658E-9    -62636.16922871664
4.447535674397689E-6      -4.999999999999105E-9    -62934.89698739041
4.449292312723278E-6      -2.4999999999995525E-9   -63233.611773462995
4.4510489510488675E-6     0                        -63532.344625004356
4.444039170901185E-6      -4.999999999999105E-9    -62339.645833189046
4.445795809226774E-6      -2.4999999999995525E-9   -62638.369238710104
4.447552447552363E-6      0                        -62937.07961331694
4.442299305730271E-6      -2.4999999999995525E-9   -62043.105360516856
4.44405594405586E-6       0                        -62341.84160948994
4.4405594405593566E-6     0                        -61746.552229462824
4.456274836494623E-6      -7.499999999998658E-9    -64421.6650591137
4.458029378175875E-6      -4.999999999999105E-9    -64719.62115537024
4.459783919857126E-6      -2.4999999999995525E-9   -65017.55717507901
4.4615384615383784E-6     0                        -65315.48043387601
4.454532874679371E-6      -4.999999999999105E-9    -64125.25048852684
4.4562874163606235E-6     -2.4999999999995525E-9   -64423.22432234336
4.458041958041875E-6      0                        -64721.17294789182
4.452790912864119E-6      -2.4999999999995525E-9   -63828.8234078339
4.454545454545372E-6      0                        -64126.815036981556
4.451034274538531E-6      -4.999999999999105E-9    -63530.09938436218
4.449277636212941E-6      -7.499999999998658E-9    -63231.38008344975
4.447520997887352E-6      -9.99999999999821E-9     -62932.64786824937
4.452776236353782E-6      -7.499999999998658E-9    -63826.54439462449
4.451019598028192E-6      -9.99999999999821E-9     -63527.83783379008
4.454518198169033E-6      -9.99999999999821E-9     -64122.976837009475
4.297202797202702E-6      0                        -37306.23415208483
4.295423095789408E-6      -2.4999999999995525E-9   -37005.328428579145
4.293643394376113E-6      -4.999999999999105E-9    -36704.44408050805
4.2918636929628185E-6     -7.499999999998658E-9    -36403.54370031911
4.290083991549524E-6      -9.99999999999821E-9     -36102.640144086676
4.298921695930248E-6      -2.4999999999995525E-9   -37598.965534769915
4.297141994516953E-6      -4.999999999999105E-9    -37298.070268370895
4.295362293103659E-6      -7.499999999998658E-9    -36997.17803136636
4.293582591690365E-6      -9.99999999999821E-9     -36696.26982253515
4.300640594657794E-6      -4.999999999999105E-9    -37891.63338188811
4.298860893244499E-6      -7.499999999998658E-9    -37590.76041671011
4.297081191831205E-6      -9.99999999999821E-9     -37289.88354180109
4.302359493385341E-6      -7.499999999998658E-9    -38184.2865109098
4.3005797919720466E-6     -9.99999999999821E-9     -37883.43578966532
4.304078392112887E-6      -9.99999999999821E-9     -38476.903620598394
4.409090909090822E-6      0                        -56380.729970919405
4.407327980832223E-6      -2.4999999999995525E-9   -56080.22204044614
4.405565052573623E-6      -4.999999999999105E-9    -55779.73105086184
4.403802124315024E-6      -7.499999999998658E-9    -55479.226272301974
4.402039196056424E-6      -9.99999999999821E-9     -55178.71368386251
4.4108265809730634E-6     -2.4999999999995525E-9   -56677.345653290715
4.409063652714463E-6      -4.999999999999105E-9    -56376.84706736897
4.407300724455864E-6      -7.499999999998658E-9    -56076.35156217167
4.4055377961972645E-6     -9.99999999999821E-9     -55775.84232653322
4.412562252855305E-6      -4.999999999999105E-9    -56973.908398990505
4.410799324596705E-6      -7.499999999998658E-9    -56673.428044576794
4.409036396338105E-6      -9.99999999999821E-9     -56372.94599252117
4.414297924737546E-6      -7.499999999998658E-9    -57270.458020886144
4.412534996478946E-6      -9.99999999999821E-9     -56969.99584064975
4.416033596619787E-6      -9.99999999999821E-9     -57566.980527646025
4.428290228656571E-6      -7.499999999998658E-9    -59656.9049219245
4.430048963626497E-6      -4.999999999999105E-9    -59956.338842895566
4.431807698596422E-6      -2.4999999999995525E-9   -60255.75207344789
4.433566433566348E-6      0                        -60555.15200205749
4.4265524601299925E-6     -4.999999999999105E-9    -59360.30199752495
4.428311195099919E-6      -2.4999999999995525E-9   -59659.75376679948
4.430069930069845E-6      0                        -59959.180078161466
4.424814691603415E-6      -2.4999999999995525E-9   -59063.68615261618
4.4265734265733406E-6     0                        -59363.15582764505
4.423076923076837E-6      0                        -58767.01798269466
4.421316091462574E-6      -2.4999999999995525E-9   -58467.0044991012
4.4195552598483116E-6     -4.999999999999105E-9    -58167.00813374243
4.41779442823405E-6       -7.499999999998658E-9    -57866.998252711855
4.423053859989152E-6      -4.999999999999105E-9    -58763.68182842043
4.42129302837489E-6       -7.499999999998658E-9    -58463.68102790079
4.419532196760627E-6      -9.99999999999821E-9     -58163.66677014316
4.4247916285157305E-6     -7.499999999998658E-9    -59060.315713861564
4.423030796901468E-6      -9.99999999999821E-9     -58760.32812892986
4.426529397042308E-6      -9.99999999999821E-9     -59356.936621342895
4.416058756351808E-6      -4.999999999999105E-9    -57570.484513487216
4.417819587966071E-6      -2.4999999999995525E-9   -57870.49012021891
4.419580419580334E-6      0                        -58170.48215284475
4.414323084469567E-6      -2.4999999999995525E-9   -57273.95293064329
4.41608391608383E-6       0                        -57573.97185539136
4.412587412587326E-6      0                        -56977.40828132561
4.305855996881844E-6      -7.499999999998658E-9    -38778.11260386168
4.307633601650802E-6      -4.999999999999105E-9    -39079.31731467793
4.309411206419759E-6      -2.4999999999995525E-9   -39380.50628028225
4.311188811188717E-6      0                        -39681.71553514133
4.304137098154299E-6      -4.999999999999105E-9    -38485.505144100774
4.305914702923256E-6      -2.4999999999995525E-9   -38786.70279184045
4.3076923076922135E-6     0                        -39087.88463438631
4.302418199426752E-6      -2.4999999999995525E-9   -38192.874119289634
4.304195804195709E-6      0                        -38494.08698940213
4.300699300699205E-6      0                        -37900.22843366972
4.3129098065606E-6        -2.4999999999995525E-9   -39975.26785825283
4.311132201791643E-6      -4.999999999999105E-9    -39674.068823781185
4.309354597022686E-6      -7.499999999998658E-9    -39372.872634476895
4.3075769922537275E-6     -9.99999999999821E-9     -39071.660759942526
4.314630801932483E-6      -4.999999999999105E-9    -40268.75857709815
4.312853197163526E-6      -7.499999999998658E-9    -39967.58106242649
4.311075592394569E-6      -9.99999999999821E-9     -39666.39999485311
4.316351797304366E-6      -7.499999999998658E-9    -40562.23477493672
4.314574192535409E-6      -9.99999999999821E-9     -40261.078722857084
4.31807279267625E-6       -9.99999999999821E-9     -40855.67651803756
4.31984830080087E-6       -7.499999999998658E-9    -41157.08769518939
4.3216238089254905E-6     -4.999999999999105E-9    -41458.493624921575
4.323399317050111E-6      -2.4999999999995525E-9   -41759.884094275745
4.325174825174731E-6      0                        -42061.293804659355
4.318127305428987E-6      -4.999999999999105E-9    -40863.65556416118
4.319902813553608E-6      -2.4999999999995525E-9   -41165.05504184312
4.321678321678228E-6      0                        -41466.43899944989
4.316406310057104E-6      -2.4999999999995525E-9   -40570.20068993859
4.3181818181817245E-6     0                        -40871.615150375175
4.31468531468522E-6       0                        -40276.73135191723
4.326897917190952E-6      -2.4999999999995525E-9   -42355.57102138503
4.325122409066332E-6      -4.999999999999105E-9    -42054.171355105325
4.323346900941711E-6      -7.499999999998658E-9    -41752.77427330496
4.32157139281709E-6       -9.99999999999821E-9     -41451.36179082371
4.328621009207172E-6      -4.999999999999105E-9    -42649.7884618729
4.326845501082551E-6      -7.499999999998658E-9    -42348.409585393536
4.325069992957931E-6      -9.99999999999821E-9     -42047.027385649024
4.330344101223392E-6      -7.499999999998658E-9    -42943.991578882335
4.328568593098772E-6      -9.99999999999821E-9     -42642.63343505151
4.332067193239612E-6      -9.99999999999821E-9     -43238.16167846041
4.400305620818519E-6      -7.499999999998658E-9    -54882.34229859643
4.40206854907712E-6       -4.999999999999105E-9    -55182.863702095165
4.403831477335719E-6      -2.4999999999995525E-9   -55483.3641256088
4.405594405594318E-6      0                        -55783.85070161248
4.3985720455806155E-6     -4.999999999999105E-9    -54585.94316677115
4.4003349738392146E-6     -2.4999999999995525E-9   -54886.48285275973
4.4020979020978145E-6     0                        -55186.99683144734
4.396838470342711E-6      -2.4999999999995525E-9   -54289.530708975115
4.398601398601311E-6      0                        -54590.08873469022
4.395104895104807E-6      0                        -53993.06459688637
4.393339870201872E-6      -2.4999999999995525E-9   -53692.15973727028
4.391574845298935E-6      -4.999999999999105E-9    -53391.27172127818
4.389809820395998E-6      -7.499999999998658E-9    -53090.36964168309
4.388044795493061E-6      -9.99999999999821E-9     -52789.45984695258
4.395073445439776E-6      -4.999999999999105E-9    -53988.63539392218
4.393308420536839E-6      -7.499999999998658E-9    -53687.74271827149
4.391543395633902E-6      -9.99999999999821E-9     -53386.83603767999
4.396807020677679E-6      -7.499999999998658E-9    -54285.06632696901
4.395041995774743E-6      -9.99999999999821E-9     -53984.18734201662
4.398540595915584E-6      -9.99999999999821E-9     -54581.483876808095
4.381118881118792E-6      0                        -51604.79916026673
4.3793517595715185E-6     -2.4999999999995525E-9   -51303.59519376814
4.377584638024245E-6      -4.999999999999105E-9    -51002.40819759323
4.375817516476972E-6      -7.499999999998658E-9    -50701.206861756196
4.3740503949296996E-6     -9.99999999999821E-9     -50399.9980328941
4.382850359712359E-6      -2.4999999999995525E-9   -51901.01914936046
4.381083238165086E-6      -4.999999999999105E-9    -51599.824869961056
4.3793161166178124E-6     -7.499999999998658E-9    -51298.632958744405
4.377548995070541E-6      -9.99999999999821E-9     -50997.426766681994
4.384581838305926E-6      -4.999999999999105E-9    -52197.18455619749
4.382814716758653E-6      -7.499999999998658E-9    -51896.00906378901
4.3810475952113805E-6     -9.99999999999821E-9     -51594.83108093193
4.386313316899493E-6      -7.499999999998658E-9    -52493.33643592057
4.384546195352221E-6      -9.99999999999821E-9     -52192.17967333381
4.3880783418024295E-6     -4.999999999999105E-9    -52794.25512740674
4.3898433667053665E-6     -2.4999999999995525E-9   -53095.15270769281
4.3916083916083036E-6     0                        -53396.03616571367
4.386346863208862E-6      -2.4999999999995525E-9   -52498.12184153147
4.388111888111799E-6      0                        -52799.033214203155
4.384615384615296E-6      0                        -52201.97508571151
4.3723210129804695E-6     -7.499999999998658E-9    -50104.21890088383
4.374088134527742E-6      -4.999999999999105E-9    -50405.43673223106
4.375855256075014E-6      -2.4999999999995525E-9   -50706.633313235536
4.3776223776222876E-6     0                        -51007.81549576175
4.3705916310312385E-6     -4.999999999999105E-9    -49808.41039038244
4.372358752578512E-6      -2.4999999999995525E-9   -50109.647202592954
4.374125874125784E-6      0                        -50410.85781334983
4.368862249082008E-6      -2.4999999999995525E-9   -49512.58815254526
4.37062937062928E-6       0                        -49813.844002746424
4.367132867132777E-6      0                        -49216.71032517997
4.365363648941167E-6      -2.4999999999995525E-9   -48915.30567542049
4.363594430749557E-6      -4.999999999999105E-9    -48613.91827778492
4.361825212557947E-6      -7.499999999998658E-9    -48312.51626288793
4.360055994366337E-6      -9.99999999999821E-9     -48011.107072910614
4.367093030890397E-6      -4.999999999999105E-9    -49211.19327842714
4.365323812698788E-6      -7.499999999998658E-9    -48909.80065725817
4.363554594507177E-6      -9.99999999999821E-9     -48608.393477825164
4.368822412839628E-6      -7.499999999998658E-9    -49507.03469072954
4.367053194648018E-6      -9.99999999999821E-9     -49205.65623578756
4.370551794788859E-6      -9.99999999999821E-9     -49802.862318568645
4.358328709061443E-6      -7.499999999998658E-9    -47715.76832190562
4.360097927253053E-6      -4.999999999999105E-9    -48017.186700453014
4.361867145444663E-6      -2.4999999999995525E-9   -48318.58365196124
4.363636363636273E-6      0                        -48619.96592721087
4.356601423756549E-6      -4.999999999999105E-9    -47420.399130047546
4.3583706419481595E-6     -2.4999999999995525E-9   -47721.836954107814
4.360139860139769E-6      0                        -48023.24817299038
4.354874138451655E-6      -2.4999999999995525E-9   -47125.01601145085
4.356643356643266E-6      0                        -47426.47333813456
4.3531468531467615E-6     0                        -46829.57609286931
4.351375538310815E-6      -2.4999999999995525E-9   -46528.069694715334
4.349604223474868E-6      -4.999999999999105E-9    -46226.581064939746
4.347832908638922E-6      -7.499999999998658E-9    -45925.07753865529
4.346061593802974E-6      -9.99999999999821E-9     -45623.56731121797
4.35310282361571E-6       -4.999999999999105E-9    -46823.51943869167
4.351331508779762E-6      -7.499999999998658E-9    -46522.02519279619
4.3495601939438155E-6     -9.99999999999821E-9     -46220.51610959638
4.354830108920603E-6      -7.499999999998658E-9    -47118.92219693757
4.353058794084656E-6      -9.99999999999821E-9     -46817.44235544204
4.3565573942254964E-6     -9.99999999999821E-9     -47414.31097133412
4.333840604719895E-6      -7.499999999998658E-9    -43539.67284669721
4.33561401620018E-6       -4.999999999999105E-9    -43841.177967707205
4.3373874276804635E-6     -2.4999999999995525E-9   -44142.6679112049
4.339160839160747E-6      0                        -44444.17630724248
4.332117512703676E-6      -4.999999999999105E-9    -43245.51223211226
4.333890924183959E-6      -2.4999999999995525E-9   -43547.01142156881
4.335664335664244E-6      0                        -43848.49537407502
4.330394420687456E-6      -2.4999999999995525E-9   -42951.32970947438
4.33216783216774E-6       0                        -43252.8436427096
4.328671328671235E-6      0                        -42657.13292050954
4.3443364051424175E-6     -7.499999999998658E-9    -45328.76492646728
4.346107719978364E-6      -4.999999999999105E-9    -45630.28451876731
4.3478790348143115E-6     -2.4999999999995525E-9   -45931.78258908719
4.349650349650258E-6      0                        -46233.26570369356
4.342611216481861E-6      -4.999999999999105E-9    -45033.930877585706
4.344382531317807E-6      -2.4999999999995525E-9   -45335.47045062381
4.346153846153755E-6      0                        -45636.98302629439
4.340886027821305E-6      -2.4999999999995525E-9   -44739.08270328365
4.342657342657251E-6      0                        -45040.64231417931
4.33911261634102E-6       -4.999999999999105E-9    -44437.58421190665
4.337339204860736E-6      -7.499999999998658E-9    -44136.08817661596
4.335565793380453E-6      -9.99999999999821E-9     -43834.57702325102
4.340837805001577E-6      -7.499999999998658E-9    -44732.45256169249
4.339064393521293E-6      -9.99999999999821E-9     -44430.971169379045
4.342562993662134E-6      -9.99999999999821E-9     -45027.3067289387
4.143356643356536E-6      0                        -11681.60538495853
4.141553878855536E-6      -2.4999999999995525E-9   -11391.31921776189
4.139751114354537E-6      -4.999999999999105E-9    -11101.078608285123
4.137948349853538E-6      -7.499999999998658E-9    -10810.8186464771
4.145052478996377E-6      -2.4999999999995525E-9   -11958.766793793748
4.143249714495377E-6      -4.999999999999105E-9    -11668.492639501212
4.141446949994378E-6      -7.499999999998658E-9    -11378.230857965778
4.1396441854933796E-6     -9.99999999999821E-9     -11087.949789223805
4.146748314636218E-6      -4.999999999999105E-9    -12235.831332257343
4.144945550135219E-6      -7.499999999998658E-9    -11945.593363592394
4.143142785634219E-6      -9.99999999999821E-9     -11655.3496574081
4.1484441502760584E-6     -7.499999999998658E-9    -12512.87899076588
4.14664138577506E-6       -9.99999999999821E-9     -12222.677148282899
4.1501399859159E-6        -9.99999999999821E-9     -12789.863470835844
4.136254610858034E-6      -4.999999999999105E-9    -10535.890541430806
4.138057375359033E-6      -2.4999999999995525E-9   -10826.129499194361
4.139860139860032E-6      0                        -11116.349039501923
4.134560871862529E-6      -2.4999999999995525E-9   -10260.922747042241
4.1363636363635285E-6     0                        -10551.179883046547
4.132867132867025E-6      0                        -9985.937934759124
4.1519406537725635E-6     -7.499999999998658E-9    -13081.665246144014
4.153741321629226E-6      -4.999999999999105E-9    -13373.482380481539
4.155541989485889E-6      -2.4999999999995525E-9   -13665.28047834217
4.157342657342551E-6      0                        -13957.120899044641
4.150244818132722E-6      -4.999999999999105E-9    -12804.691412820139
4.152045485989385E-6      -2.4999999999995525E-9   -13096.489234944715
4.153846153846048E-6      0                        -13388.267955995874
4.148548982492881E-6      -2.4999999999995525E-9   -12527.679729816076
4.150349650349544E-6      0                        -12819.495476614076
4.14685314685304E-6       0                        -12250.651226302558
4.159040589626729E-6      -2.4999999999995525E-9   -14236.211983038826
4.1572399217700665E-6     -4.999999999999105E-9    -13944.383496051756
4.155439253913404E-6      -7.499999999998658E-9    -13652.565918838283
4.1536385860567405E-6     -9.99999999999821E-9     -13360.729369744622
4.160738521910907E-6      -4.999999999999105E-9    -14515.210267086659
4.158937854054244E-6      -7.499999999998658E-9    -14223.416262742636
4.157137186197582E-6      -9.99999999999821E-9     -13931.616507659623
4.162436454195085E-6      -7.499999999998658E-9    -14794.191868487069
4.160635786338422E-6      -9.99999999999821E-9     -14502.432287613663
4.164134386479263E-6      -9.99999999999821E-9     -15073.11354495619
4.171328671328566E-6      0                        -16246.099968787043
4.16953010011624E-6       -2.4999999999995525E-9   -15952.829929632466
4.1677315289039145E-6     -4.999999999999105E-9    -15659.599330948513
4.165932957691588E-6      -7.499999999998658E-9    -15366.350008614685
4.173028700257081E-6      -2.4999999999995525E-9   -16527.014077766005
4.171230129044755E-6      -4.999999999999105E-9    -16233.75583513265
4.169431557832429E-6      -7.499999999998658E-9    -15940.507299842206
4.167632986620103E-6      -9.99999999999821E-9     -15647.240104984157
4.174728729185596E-6      -4.999999999999105E-9    -16807.83912020752
4.17293015797327E-6       -7.499999999998658E-9    -16514.613769521347
4.171131586760944E-6      -9.99999999999821E-9     -16221.382804633527
4.176428758114111E-6      -7.499999999998658E-9    -17088.647676986417
4.174630186901785E-6      -9.99999999999821E-9     -16795.45515933707
4.1781287870426254E-6     -9.99999999999821E-9     -17369.399437135395
4.164235025407411E-6      -4.999999999999105E-9    -15087.43882804661
4.166033596619737E-6      -2.4999999999995525E-9   -15380.670380073
4.167832167832062E-6      0                        -15673.883144367283
4.162537093123233E-6      -2.4999999999995525E-9   -14808.49150060587
4.164335664335559E-6      0                        -15101.740725251628
4.1608391608390545E-6     0                        -14529.527549689927
4.179925261610614E-6      -7.499999999998658E-9    -17663.94809982434
4.181721736178603E-6      -4.999999999999105E-9    -17958.507214706508
4.183518210746592E-6      -2.4999999999995525E-9   -18253.04791580214
4.1853146853145815E-6     0                        -18547.625312433363
4.1782252326821E-6        -4.999999999999105E-9    -17383.206767594405
4.180021707250088E-6      -2.4999999999995525E-9   -17677.749598101112
4.181818181818077E-6      0                        -17972.27395123833
4.1765252037535855E-6     -2.4999999999995525E-9   -17102.43089548149
4.178321678321574E-6      0                        -17396.99114801995
4.1748251748250705E-6     0                        -16821.638596616114
4.187016810887433E-6      -2.4999999999995525E-9   -18830.2572207897
4.1852203363194435E-6     -4.999999999999105E-9    -18535.6914919066
4.183423861751454E-6      -7.499999999998658E-9    -18241.134340938766
4.181627387183466E-6      -9.99999999999821E-9     -17946.558839767382
4.188718936460284E-6      -4.999999999999105E-9    -19112.803687110347
4.186922461892295E-6      -7.499999999998658E-9    -18818.269357128167
4.185125987324306E-6      -9.99999999999821E-9     -18523.72952627827
4.190421062033136E-6      -7.499999999998658E-9    -19395.333864475986
4.188624587465147E-6      -9.99999999999821E-9     -19100.830874733325
4.192123187605987E-6      -9.99999999999821E-9     -19677.810156212912
4.199300699300597E-6      0                        -20860.79592500775
4.1975063213769445E-6     -2.4999999999995525E-9   -20565.030820533844
4.195711943453292E-6      -4.999999999999105E-9    -20269.299917756776
4.19391756552964E-6       -7.499999999998658E-9    -19973.550908163204
4.201004921517785E-6      -2.4999999999995525E-9   -21145.041756959203
4.199210543594133E-6      -4.999999999999105E-9    -20849.288162327568
4.197416165670481E-6      -7.499999999998658E-9    -20553.542180241828
4.195621787746828E-6      -9.99999999999821E-9     -20257.778154440075
4.202709143734973E-6      -4.999999999999105E-9    -21429.20551866496
4.200914765811321E-6      -7.499999999998658E-9    -21133.48191982025
4.199120387887669E-6      -9.99999999999821E-9     -20837.75300895598
4.204413365952162E-6      -7.499999999998658E-9    -21713.353187897457
4.2026189880285095E-6     -9.99999999999821E-9     -21417.65952641276
4.20611758816935E-6       -9.99999999999821E-9     -21997.44982791596
4.192215439956788E-6      -4.999999999999105E-9    -19691.084958629213
4.19400981788044E-6       -2.4999999999995525E-9   -19986.819053650917
4.195804195804092E-6      0                        -20282.534978755448
4.190513314383936E-6      -2.4999999999995525E-9   -19408.585974242764
4.192307692307589E-6      0                        -19704.337242122303
4.188811188811086E-6      0                        -19126.07075956307
4.207909869448665E-6      -7.499999999998658E-9    -22294.265020344363
4.209702150727981E-6      -4.999999999999105E-9    -22591.086349555262
4.211494432007296E-6      -2.4999999999995525E-9   -22887.889876101435
4.213286713286612E-6      0                        -23184.72523304263
4.2062056472314775E-6     -4.999999999999105E-9    -22010.178665775988
4.207997928510793E-6      -2.4999999999995525E-9   -22306.986412795843
4.209790209790108E-6      0                        -22603.7762945145
4.204501425014288E-6      -2.4999999999995525E-9   -21726.060787721854
4.206293706293604E-6      0                        -22022.88545978123
4.202797202797101E-6      0                        -21441.926875621066
4.214993032148138E-6      -2.4999999999995525E-9   -23470.482436642455
4.213200750868822E-6      -4.999999999999105E-9    -23173.65848335441
4.211408469589506E-6      -7.499999999998658E-9    -22876.841210593146
4.20961618831019E-6       -9.99999999999821E-9     -22580.006197803414
4.216699351009663E-6      -4.999999999999105E-9    -23756.160817470452
4.214907069730347E-6      -7.499999999998658E-9    -23459.365548579757
4.213114788451031E-6      -9.99999999999821E-9     -23162.565099470394
4.218405669871187E-6      -7.499999999998658E-9    -24041.82330213713
4.216613388591871E-6      -9.99999999999821E-9     -23745.056659435486
4.220111988732713E-6      -9.99999999999821E-9     -24327.437460498157
4.288367189466315E-6      -7.499999999998658E-9    -35810.94450956151
4.290146890879608E-6      -4.999999999999105E-9    -36111.857741061256
4.291926592292903E-6      -2.4999999999995525E-9   -36412.750393236485
4.2937062937061976E-6     0                        -36713.6269530025
4.286650387383106E-6      -4.999999999999105E-9    -35519.21120409021
4.2884300887964E-6        -2.4999999999995525E-9   -35820.147398658184
4.290209790209694E-6      0                        -36121.055513557396
4.284933585299897E-6      -2.4999999999995525E-9   -35227.462983782425
4.28671328671319E-6       0                        -35528.42219880808
4.283216783216687E-6      0                        -34935.649038722746
4.281434985159055E-6      -2.4999999999995525E-9   -34635.15117190665
4.279653187101425E-6      -4.999999999999105E-9    -34334.67596890754
4.277871389043794E-6      -7.499999999998658E-9    -34034.18444470953
4.2760895909861625E-6     -9.99999999999821E-9     -33733.69101592433
4.2831517872422654E-6     -4.999999999999105E-9    -34926.97582616887
4.281369989184634E-6      -7.499999999998658E-9    -34626.491952975055
4.279588191127003E-6      -9.99999999999821E-9     -34325.99181920749
4.284868589325475E-6      -7.499999999998658E-9    -35218.747207450884
4.2830867912678434E-6     -9.99999999999821E-9     -34918.27893749741
4.286585391408684E-6      -9.99999999999821E-9     -35510.50361650683
4.227272727272627E-6      0                        -25518.540593122965
4.225482542637648E-6      -2.4999999999995525E-9   -25220.750342401036
4.223692358002669E-6      -4.999999999999105E-9    -24922.98964681664
4.2219021733676906E-6     -7.499999999998658E-9    -24625.211449982275
4.2289811427784886E-6     -2.4999999999995525E-9   -25805.707742360904
4.22719095814351E-6       -4.999999999999105E-9    -25507.92884418472
4.225400773508532E-6      -7.499999999998658E-9    -25210.15563323895
4.223610588873554E-6      -9.99999999999821E-9     -24912.364983234416
4.230689558284351E-6      -4.999999999999105E-9    -26092.799116073234
4.228899373649372E-6      -7.499999999998658E-9    -25795.0476481519
4.227109189014394E-6      -9.99999999999821E-9     -25497.291014549413
4.232397973790213E-6      -7.499999999998658E-9    -26379.874789827547
4.230607789155235E-6      -9.99999999999821E-9     -26082.150694154832
4.234106389296075E-6      -9.99999999999821E-9     -26666.90463963227
4.220195854506166E-6      -4.999999999999105E-9    -24339.60746768561
4.221986039141145E-6      -2.4999999999995525E-9   -24637.373312520176
4.223776223776123E-6      0                        -24935.121593913587
4.2184895356446405E-6     -2.4999999999995525E-9   -24053.97346406972
4.220279720279619E-6      0                        -24351.755987418
4.216783216783115E-6      0                        -23768.323622500815
4.2743748855472895E-6     -7.499999999998658E-9    -33443.014123149864
4.276156683604921E-6      -4.999999999999105E-9    -33743.51720297918
4.277938481662552E-6      -2.4999999999995525E-9   -34044.00021826543
4.279720279720182E-6      0                        -34344.46685172769
4.2726601801084166E-6     -4.999999999999105E-9    -33152.297741919305
4.274441978166048E-6      -2.4999999999995525E-9   -33452.82472195879
4.276223776223679E-6      0                        -33753.32344114318
4.270945474669544E-6      -2.4999999999995525E-9   -32861.56624937615
4.272727272727175E-6      0                        -33162.11718713918
4.2692307692306715E-6     0                        -32570.766744974735
4.267446874528704E-6      -2.4999999999995525E-9   -32270.78271223927
4.265662979826736E-6      -4.999999999999105E-9    -31970.822739318843
4.263879085124767E-6      -7.499999999998658E-9    -31670.846153842947
4.2620951904228E-6        -9.99999999999821E-9     -31370.869033384126
4.269161579967576E-6      -4.999999999999105E-9    -32561.59318502711
4.267377685265608E-6      -7.499999999998658E-9    -32261.62370196163
4.265593790563641E-6      -9.99999999999821E-9     -31961.6376673233
4.270876285406449E-6      -7.499999999998658E-9    -32852.348776649174
4.269092390704482E-6      -9.99999999999821E-9     -32552.395138837303
4.272590990845322E-6      -9.99999999999821E-9     -33143.08919944538
4.235894477286716E-6      -7.499999999998658E-9    -26965.52390142152
4.237682565277359E-6      -4.999999999999105E-9    -27264.14565193305
4.239470653268E-6         -2.4999999999995525E-9   -27562.750199957765
4.241258741258642E-6      0                        -27861.382224263507
4.2341860617808545E-6     -4.999999999999105E-9    -26678.50402738983
4.235974149771496E-6      -2.4999999999995525E-9   -26977.114522226402
4.237762237762139E-6      0                        -27275.707752809307
4.232477646274993E-6      -2.4999999999995525E-9   -26391.45558175216
4.2342657342656345E-6     0                        -26690.08250980018
4.230769230769131E-6      0                        -26104.391494162686
4.242969253408841E-6      -2.4999999999995525E-9   -28149.859126176
4.241181165418198E-6      -4.999999999999105E-9    -27851.238411608738
4.2393930774275575E-6     -7.499999999998658E-9    -27552.622445155714
4.237604989436915E-6      -9.99999999999821E-9     -27253.989337982508
4.24467976555904E-6       -4.999999999999105E-9    -28438.263023755695
4.242891677568398E-6      -7.499999999998658E-9    -28139.668551755585
4.241103589577756E-6      -9.99999999999821E-9     -27841.068917527256
4.246390277709238E-6      -7.499999999998658E-9    -28726.651417539
4.244602189718597E-6      -9.99999999999821E-9     -28428.08313028336
4.248100789859437E-6      -9.99999999999821E-9     -29014.996243097925
4.260382581628265E-6      -7.499999999998658E-9    -31081.308828249257
4.262166476330232E-6      -4.999999999999105E-9    -31381.295625243878
4.2639503710322E-6        -2.4999999999995525E-9   -31681.262862286174
4.265734265734168E-6      0                        -31981.21342579028
4.258669972833729E-6      -4.999999999999105E-9    -30791.707191267953
4.260453867535696E-6      -2.4999999999995525E-9   -31091.71890922195
4.262237762237664E-6      0                        -31391.702092246633
4.256957364039193E-6      -2.4999999999995525E-9   -30502.09024668043
4.2587412587411605E-6     0                        -30802.12694325157
4.255244755244657E-6      0                        -30212.402877224857
4.253458763898352E-6      -2.4999999999995525E-9   -29913.040198385483
4.251672772552047E-6      -4.999999999999105E-9    -29613.703164050454
4.249886781205743E-6      -7.499999999998658E-9    -29314.349223429148
4.255171372692888E-6      -4.999999999999105E-9    -30202.738734278304
4.253385381346583E-6      -7.499999999998658E-9    -29903.391270979268
4.251599390000278E-6      -9.99999999999821E-9     -29604.0269627576
4.2568839814874235E-6     -7.499999999998658E-9    -30492.38079972179
4.255097990141118E-6      -9.99999999999821E-9     -30193.049424643927
4.258596590281959E-6      -9.99999999999821E-9     -30782.00749990119
4.248176269055544E-6      -4.999999999999105E-9    -29026.01418502079
4.2499622604018475E-6     -2.4999999999995525E-9   -29325.357858880445
4.251748251748153E-6      0                        -29624.68456509023
4.246465756905345E-6      -2.4999999999995525E-9   -28737.65183281717
4.24825174825165E-6       0                        -29037.011695736663
4.244755244755146E-6      0                        -28449.27403463976
2.8613197158357107E-6     -7.499999999998658E-9    28189.824037087412
2.863477159209412E-6      -4.999999999999105E-9    28151.05141698107
2.8656346025831137E-6     -2.4999999999995525E-9   28112.348489690783
2.8677920459568153E-6     0                        28073.65449794787
2.8599842975848642E-6     -4.999999999999105E-9    28213.684050938966
2.8621417409585655E-6     -2.4999999999995525E-9   28174.939273668588
2.864299184332267E-6      0                        28136.230764669694
2.858648879334018E-6      -2.4999999999995525E-9   28237.547556872734
2.8608063227077194E-6     0                        28198.83061675623
2.857313461083171E-6      0                        28261.29682083902
2.855150279193177E-6      -2.4999999999995525E-9   28301.17785115304
2.8529870973031825E-6     -4.999999999999105E-9    28341.146532577633
2.850823915413188E-6      -7.499999999998658E-9    28381.124248428572
2.848660733523194E-6      -9.99999999999821E-9     28421.213732309578
2.8564856974440233E-6     -4.999999999999105E-9    28277.42369606704
2.854322515554029E-6      -7.499999999998658E-9    28317.314944711667
2.8521593336640346E-6     -9.99999999999821E-9     28357.21521666829
2.85782111569487E-6       -7.499999999998658E-9    28253.587990838114
2.8556579338048755E-6     -9.99999999999821E-9     28293.473621325138
2.859156533945716E-6      -9.99999999999821E-9     28229.755783373515
2.8473310537886407E-6     -7.499999999998658E-9    28445.887780196637
2.849494235678635E-6      -4.999999999999105E-9    28405.76617052845
2.8516574175686286E-6     -2.4999999999995525E-9   28365.711017074027
2.853820599458623E-6      0                        28325.66490916034
2.846001374054087E-6      -4.999999999999105E-9    28470.44873327754
2.8481645559440813E-6     -2.4999999999995525E-9   28430.352981491487
2.8503277378340752E-6     0                        28390.292216170306
2.844671694319533E-6      -2.4999999999995525E-9   28495.0131730056
2.8468348762095275E-6     0                        28454.943273769524
2.8433420145849793E-6     0                        28519.469404321866
2.8411730941786926E-6     -2.4999999999995525E-9   28560.633826590703
2.8390041737724056E-6     -4.999999999999105E-9    28601.881730723442
2.8368352533661185E-6     -7.499999999998658E-9    28643.138777902048
2.834666332959832E-6      -9.99999999999821E-9     28684.501876730337
2.842502773913246E-6      -4.999999999999105E-9    28536.172779379503
2.8403338535069594E-6     -7.499999999998658E-9    28577.347041733745
2.8381649331006724E-6     -9.99999999999821E-9     28618.53043657576
2.8438324536478E-6        -7.499999999998658E-9    28511.634156695265
2.841663533241513E-6      -9.99999999999821E-9     28552.802771676594
2.8451621333823533E-6     -9.99999999999821E-9     28487.09902599034
3.3089569013419445E-6     -7.499999999998658E-9    34213.76071944855
3.3109307121942818E-6     -4.999999999999105E-9    34448.029335896295
3.31290452304662E-6       -2.4999999999995525E-9   34683.99464730831
3.3148783338989572E-6     0                        34919.96388529542
3.3074378505697336E-6     -4.999999999999105E-9    34010.797296498684
3.3094116614220713E-6     -2.4999999999995525E-9   34245.2984797301
3.311385472274409E-6      0                        34481.26077670095
3.3059187997975235E-6     -2.4999999999995525E-9   33807.836218513796
3.307892610649861E-6      0                        34042.569937743676
3.304399749025313E-6      0                        33605.22535445367
3.3024201996566827E-6     -2.4999999999995525E-9   33411.51683647229
3.3004406502880527E-6     -4.999999999999105E-9    33217.14542808071
3.2984611009194227E-6     -7.499999999998658E-9    33022.778122294
3.2964815515507923E-6     -9.99999999999821E-9     32830.15313670558
3.303939250428893E-6      -4.999999999999105E-9    33614.17208513655
3.301959701060263E-6      -7.499999999998658E-9    33419.290374220545
3.299980151691633E-6      -9.99999999999821E-9     33224.41272249048
3.3054583012011036E-6     -7.499999999998658E-9    33817.36560812991
3.3034787518324736E-6     -9.99999999999821E-9     33622.48079178283
3.306977351973314E-6      -9.99999999999821E-9     34020.561506873586
3.2949682392948745E-6     -7.499999999998658E-9    32667.266898353784
3.2969477886635045E-6     -4.999999999999105E-9    32859.77950663322
3.298927338032135E-6      -2.4999999999995525E-9   33053.63640740648
3.300906887400765E-6      0                        33247.49745420353
3.2934549270389567E-6     -4.999999999999105E-9    32502.48518607075
3.295434476407587E-6      -2.4999999999995525E-9   32695.232970124518
3.297414025776217E-6      0                        32889.086706396585
3.291941614783039E-6      -2.4999999999995525E-9   32337.705918711
3.2939211641516693E-6     0                        32530.68884895229
3.290428302527121E-6      0                        32172.976794304228
3.288443014642198E-6      -2.4999999999995525E-9   32012.18793674023
3.2864577267572754E-6     -4.999999999999105E-9    31851.066941318797
3.2844724388723523E-6     -7.499999999998658E-9    31689.95026425651
3.2824871509874296E-6     -9.99999999999821E-9     31530.284057639667
3.289956326898116E-6      -4.999999999999105E-9    32176.951179275744
3.287971039013193E-6      -7.499999999998658E-9    32015.33722082268
3.28598575112827E-6       -9.99999999999821E-9     31853.727538857536
3.291469639154034E-6      -7.499999999998658E-9    32341.965504285934
3.289484351269111E-6      -9.99999999999821E-9     32180.348292794537
3.2929829514099514E-6     -9.99999999999821E-9     32506.982303806177
3.2809795772478045E-6     -7.499999999998658E-9    31396.827151731595
3.2829648651327276E-6     -4.999999999999105E-9    31556.37104372521
3.2849501530176503E-6     -2.4999999999995525E-9   31716.9946600204
3.2869354409025734E-6     0                        31877.622636545915
3.2794720035081794E-6     -4.999999999999105E-9    31261.790777304977
3.281457291393102E-6      -2.4999999999995525E-9   31421.566264438683
3.283442579278025E-6      0                        31582.18657183133
3.277964429768554E-6      -2.4999999999995525E-9   31126.756942182088
3.279949717653477E-6      0                        31286.763996219343
3.2764568560289292E-6     0                        30991.579066599643
3.274465829627713E-6      -2.4999999999995525E-9   30857.245030358892
3.272474803226498E-6      -4.999999999999105E-9    30722.803444299992
3.2704837768252823E-6     -7.499999999998658E-9    30588.366386867652
3.2684927504240673E-6     -9.99999999999821E-9     30455.153656757942
3.2759734033673385E-6     -4.999999999999105E-9    30992.448291923116
3.273982376966123E-6      -7.499999999998658E-9    30857.538545830106
3.271991350564908E-6      -9.99999999999821E-9     30722.63328812537
3.2774809771069636E-6     -7.499999999998658E-9    31127.713608130896
3.2754899507057483E-6     -9.99999999999821E-9     30992.800467316665
3.2789885508465887E-6     -9.99999999999821E-9     31262.981491878927
3.1926281770397773E-6     0                        27053.028744310493
3.190602719540806E-6      -2.4999999999995525E-9   27007.07508648377
3.188577262041835E-6      -4.999999999999105E-9    26961.377486238613
3.186551804542864E-6      -7.499999999998658E-9    26915.685567312437
3.1941013196816467E-6     -2.4999999999995525E-9   27097.79255465102
3.192075862182675E-6      -4.999999999999105E-9    27051.839409602922
3.1900504046837045E-6     -7.499999999998658E-9    27005.835004982342
3.1880249471847334E-6     -9.99999999999821E-9     26959.83625017769
3.195574462323516E-6      -4.999999999999105E-9    27142.16793110303
3.193549004824545E-6      -7.499999999998658E-9    27096.37692771545
3.191523547325574E-6      -9.99999999999821E-9     27050.36840162561
3.197047604965386E-6      -7.499999999998658E-9    27186.546293269268
3.1950221474664143E-6     -9.99999999999821E-9     27140.917452360944
3.1985207476072552E-6     -9.99999999999821E-9     27230.240492190936
3.185084400417287E-6      -4.999999999999105E-9    26879.71496928848
3.1871098579162584E-6     -2.4999999999995525E-9   26925.100018297482
3.189135315415229E-6      0                        26970.49078012849
3.1836169962917102E-6     -2.4999999999995525E-9   26843.371808157444
3.1856424537906813E-6     0                        26888.75270165848
3.1821495921661335E-6     0                        26807.03166969512
3.266990915200735E-6      -7.499999999998658E-9    30344.986461417247
3.2689819416019503E-6     -4.999999999999105E-9    30478.075120762336
3.2709729680031657E-6     -2.4999999999995525E-9   30612.043925474452
3.2729639944043815E-6     0                        30746.017299051353
3.2654890799774025E-6     -4.999999999999105E-9    30233.485042570042
3.267480106378618E-6      -2.4999999999995525E-9   30366.79739754885
3.2694711327798333E-6     0                        30500.76275509192
3.2639872447540697E-6     -2.4999999999995525E-9   30121.986251442766
3.265978271155285E-6      0                        30255.522275194562
3.2624854095307373E-6     0                        30010.222946375845
3.2604886446132284E-6     -2.4999999999995525E-9   29897.498845544622
3.2584918796957208E-6     -4.999999999999105E-9    29784.815934554408
3.2564951147782123E-6     -7.499999999998658E-9    29672.137756913457
3.2544983498607047E-6     -9.99999999999821E-9     29560.50676524252
3.2619904798365617E-6     -4.999999999999105E-9    30009.280324231728
3.259993714919053E-6      -7.499999999998658E-9    29896.157773995827
3.2579969500015455E-6     -9.99999999999821E-9     29783.039918492374
3.263492315059894E-6      -7.499999999998658E-9    30121.002701067813
3.261495550142386E-6      -9.99999999999821E-9     30007.876620598647
3.264994150283227E-6      -9.99999999999821E-9     30232.727732484585
3.2005404665899336E-6     -7.499999999998658E-9    27285.029670322358
3.2025601855726124E-6     -4.999999999999105E-9    27340.445804514668
3.204579904555291E-6      -2.4999999999995525E-9   27395.86743967148
3.2065996235379696E-6     0                        27451.538376267985
3.1990673239480642E-6     -4.999999999999105E-9    27241.23777764101
3.201087042930743E-6      -2.4999999999995525E-9   27296.32425223242
3.203106761913422E-6      0                        27351.416260576774
3.197594181306195E-6      -2.4999999999995525E-9   27197.0216488424
3.1996139002888737E-6     0                        27252.104072852904
3.1961210386643255E-6     0                        27152.808484939254
3.2080785046961313E-6     -2.4999999999995525E-9   27505.47267125418
3.206058785713453E-6      -4.999999999999105E-9    27449.80391225965
3.2040390667307745E-6     -7.499999999998658E-9    27394.05268703073
3.202019347748096E-6      -9.99999999999821E-9     27338.30692997784
3.2095573858542933E-6     -4.999999999999105E-9    27559.013226554976
3.207537666871615E-6      -7.499999999998658E-9    27503.519346896275
3.2055179478889366E-6     -9.99999999999821E-9     27447.764107826784
3.2110362670124554E-6     -7.499999999998658E-9    27612.55670624898
3.209016548029777E-6      -9.99999999999821E-9     27557.237727820182
3.2125151481706175E-6     -9.99999999999821E-9     27665.333633899387
3.2530022531536654E-6     -7.499999999998658E-9    29469.06866340626
3.254999018071173E-6      -4.999999999999105E-9    29580.578736162875
3.256995782988681E-6      -2.4999999999995525E-9   29692.817186903972
3.258992547906189E-6      0                        29805.0604096111
3.2515061564466252E-6     -4.999999999999105E-9    29376.488702224247
3.2535029213641333E-6     -2.4999999999995525E-9   29488.21189987436
3.2554996862816413E-6     0                        29600.446771344843
3.2500100597395855E-6     -2.4999999999995525E-9   29283.911451234868
3.252006824657093E-6      0                        29395.847748257922
3.2485139630325454E-6     0                        29190.99902572579
3.2465114595987446E-6     -2.4999999999995525E-9   29096.20730208998
3.244508956164944E-6      -4.999999999999105E-9    29001.5526684553
3.242506452731143E-6      -7.499999999998658E-9    28906.902967509544
3.2405039492973424E-6     -9.99999999999821E-9     28813.160000343225
3.2480075563057848E-6     -4.999999999999105E-9    29189.13208095963
3.246005052871984E-6      -7.499999999998658E-9    29094.067383111484
3.2440025494381833E-6     -9.99999999999821E-9     28999.00758090119
3.2495036530128245E-6     -7.499999999998658E-9    29281.92235093879
3.2475011495790238E-6     -9.99999999999821E-9     29186.853993436904
3.250999749719864E-6      -9.99999999999821E-9     29374.715356631204
3.2145291286370036E-6     -7.499999999998658E-9    27731.197450225896
3.2165431091033897E-6     -4.999999999999105E-9    27797.763660815548
3.218557089569776E-6      -2.4999999999995525E-9   27864.33518763903
3.2205710700361615E-6     0                        27931.13815594245
3.2130502474788415E-6     -4.999999999999105E-9    27678.31733780106
3.2150642279452276E-6     -2.4999999999995525E-9   27744.529062382015
3.2170782084116133E-6     0                        27810.746137334565
3.2115713663206795E-6     -2.4999999999995525E-9   27624.94883241725
3.2135853467870656E-6     0                        27691.15661623793
3.2100924851625174E-6     0                        27571.58322953258
3.222055689710616E-6      -2.4999999999995525E-9   27995.838804631443
3.22004170924423E-6       -4.999999999999105E-9    27929.04036184852
3.2180277287778445E-6     -7.499999999998658E-9    27862.114422737977
3.2160137483114584E-6     -9.99999999999821E-9     27795.193765723496
3.2235403093850706E-6     -4.999999999999105E-9    28060.149129992402
3.2215263289186845E-6     -7.499999999998658E-9    27993.53865642267
3.219512348452299E-6      -9.99999999999821E-9     27926.60881613573
3.2250249290595254E-6     -7.499999999998658E-9    28124.46231358528
3.2230109485931397E-6     -9.99999999999821E-9     28058.039832262435
3.22650954873398E-6       -9.99999999999821E-9     28187.90907131022
3.2285177906840736E-6     -7.499999999998658E-9    28266.60414592919
3.230526032634167E-6      -4.999999999999105E-9    28346.09321883915
3.2325342745842605E-6     -2.4999999999995525E-9   28425.587418643387
3.2345425165343535E-6     0                        28505.27832072426
3.227033171009619E-6      -4.999999999999105E-9    28203.04828529677
3.2290414129597123E-6     -2.4999999999995525E-9   28282.155961696382
3.2310496549098057E-6     0                        28361.26880054752
3.225548551335164E-6      -2.4999999999995525E-9   28138.923169338195
3.2275567932852575E-6     0                        28218.027019948837
3.2240639316607093E-6     0                        28074.800888577796
3.236032874725101E-6      -2.4999999999995525E-9   28582.774579274508
3.2340246327750075E-6     -4.999999999999105E-9    28503.091519585243
3.232016390824914E-6      -7.499999999998658E-9    28423.21600140827
3.2300081488748206E-6     -9.99999999999821E-9     28343.345574568277
3.237523232915848E-6      -4.999999999999105E-9    28659.897579583456
3.2355149909657545E-6     -7.499999999998658E-9    28580.415416342144
3.233506749015661E-6      -9.99999999999821E-9     28500.5361149565
3.239013591106595E-6      -7.499999999998658E-9    28737.02336682622
3.2370053491565015E-6     -9.99999999999821E-9     28657.74212427515
3.2410160945403957E-6     -4.999999999999105E-9    28830.65101765258
3.2430185979741964E-6     -2.4999999999995525E-9   28924.890571599157
3.245021101407997E-6      0                        29019.135095285677
3.2395257363496487E-6     -2.4999999999995525E-9   28753.726228920357
3.2415282397834494E-6     0                        28847.962077478544
3.2380353781589017E-6     0                        28676.804202879648
3.504798170000921E-6      -7.499999999998658E-9    69168.77069431628
3.506695283497079E-6      -4.999999999999105E-9    68642.52081997893
3.508592396993236E-6      -2.4999999999995525E-9   66462.05648022963
3.510489510489393E-6      0                        64281.62397904546
3.503198780000614E-6      -4.999999999999105E-9    64908.32075179799
3.5050958934967716E-6     -2.4999999999995525E-9   67178.49908762024
3.506993006992929E-6      0                        64998.00724716142
3.501599390000307E-6      -2.4999999999995525E-9   60647.89487997522
3.5034965034964648E-6     0                        65714.50109549999
3.5E-6                    0                        69175.44080939067
3.4981007898594664E-6     -2.4999999999995525E-9   85033.80770801709
3.496201579718933E-6      -4.999999999999105E-9    99520.02857482171
3.4943023695784E-6        -7.499999999998658E-9    114006.27105246858
3.4997001798597732E-6     -4.999999999999105E-9    74560.24608451268
3.49780096971924E-6       -7.499999999998658E-9    95719.78033287471
3.495901759578707E-6      -9.99999999999821E-9     116879.34022980383
3.501299569860081E-6      -7.499999999998658E-9    81617.10204929017
3.4994003597195473E-6     -9.99999999999821E-9     102776.61101019601
3.502898959860388E-6      -9.99999999999821E-9     88673.98241522312
3.492708718094385E-6      -4.999999999999105E-9    127516.78372115205
3.494607928234919E-6      -2.4999999999995525E-9   119703.86367155271
3.496507138375452E-6      0                        111890.96119507022
3.4911150666103704E-6     -2.4999999999995525E-9   136843.60623726418
3.493014276750904E-6      0                        129030.66590897541
3.489521415126356E-6      0                        146170.45041217902
3.43834772139012E-6       -7.499999999998658E-9    91859.02858516696
3.4402698855958244E-6     -4.999999999999105E-9    93863.80760321533
3.442192049801528E-6      -2.4999999999995525E-9   95868.59043290859
3.4441142140072323E-6     0                        97945.95637776081
3.436777023971277E-6      -4.999999999999105E-9    90070.48917661206
3.43869918817698E-6       -2.4999999999995525E-9   92058.85597090959
3.440621352382684E-6      0                        94047.22626367446
3.4352063265524324E-6     -2.4999999999995525E-9   88274.74093239344
3.4371284907581363E-6     0                        90263.10425060743
3.433635629133588E-6      0                        86478.99603309178
3.4456906499423692E-6     -2.4999999999995525E-9   100079.62544816713
3.4437684857366644E-6     -4.999999999999105E-9    97999.72524560658
3.4418463215309614E-6     -7.499999999998658E-9    95978.52915749393
3.4399241573252574E-6     -9.99999999999821E-9     93957.33719420279
3.4472670858775057E-6     -4.999999999999105E-9    102156.0018946385
3.445344921671802E-6      -7.499999999998658E-9    100105.25854109027
3.443422757466098E-6      -9.99999999999821E-9     98084.05825540221
3.4488435218126423E-6     -7.499999999998658E-9    104232.38286990655
3.4469213576069383E-6     -9.99999999999821E-9     102210.79594728978
3.450419957747779E-6      -9.99999999999821E-9     106275.8489389689
3.476820845906782E-6      -7.499999999998658E-9    136949.1303248995
3.478725794563608E-6      -4.999999999999105E-9    139004.68567090225
3.4806307432204335E-6     -2.4999999999995525E-9   141045.40037570844
3.48253569187726E-6       0                        143086.12582542474
3.47523293293906E-6       -4.999999999999105E-9    136632.4174662969
3.4771378815958858E-6     -2.4999999999995525E-9   138942.93128628732
3.479042830252712E-6      0                        140983.63384011976
3.473645019971338E-6      -2.4999999999995525E-9   136315.71610096755
3.475549968628164E-6      0                        138881.189693082
3.472057107003616E-6      0                        135405.12661641193
3.4701464198304976E-6     -2.4999999999995525E-9   132031.7331746191
3.4682357326573786E-6     -4.999999999999105E-9    129345.18099522921
3.4663250454842605E-6     -7.499999999998658E-9    126658.63669429245
3.4644143583111415E-6     -9.99999999999821E-9     124030.00970193604
3.47173433279822E-6       -4.999999999999105E-9    132962.75739205565
3.4698236456251005E-6     -7.499999999998658E-9    130134.6015183268
3.467912958451982E-6      -9.99999999999821E-9     127306.4545456148
3.473322245765941E-6      -7.499999999998658E-9    133534.42084805507
3.4714115585928224E-6     -9.99999999999821E-9     130706.2551418982
3.474910158733663E-6      -9.99999999999821E-9     134106.09449919118
3.45233638343719E-6       -7.499999999998658E-9    108670.97084229109
3.4542528091266013E-6     -4.999999999999105E-9    111096.94865398703
3.456169234816013E-6      -2.4999999999995525E-9   113522.9317086079
3.458085660505424E-6      0                        116165.45186420214
3.450759947502053E-6      -4.999999999999105E-9    106612.83085628116
3.4526763731914648E-6     -2.4999999999995525E-9   108992.90519172685
3.4545927988808764E-6     0                        111372.98419077595
3.449183511566917E-6      -2.4999999999995525E-9   104565.60558451418
3.4510999372563282E-6     0                        106945.67499495434
3.44760707563178E-6       0                        102518.38525962364
3.459667834956854E-6      -2.4999999999995525E-9   118283.92248268332
3.457751409267442E-6      -4.999999999999105E-9    115637.69880321404
3.4558349835780305E-6     -7.499999999998658E-9    113165.81038911747
3.4539185578886197E-6     -9.99999999999821E-9     110693.92779726829
3.461250009408283E-6      -4.999999999999105E-9    120219.83065682044
3.4593335837188714E-6     -7.499999999998658E-9    117649.76476524671
3.45741715802946E-6       -9.99999999999821E-9     115177.87012224087
3.4628321838597123E-6     -7.499999999998658E-9    122155.74589517045
3.460915758170301E-6      -9.99999999999821E-9     119661.83704388147
3.464742871032831E-6      -4.999999999999105E-9    124722.68510252287
3.4666535582059494E-6     -2.4999999999995525E-9   127267.62900863827
3.468564245379068E-6      0                        129812.57977064479
3.4631606965814016E-6     -2.4999999999995525E-9   122862.92557789254
3.46507138375452E-6       0                        125407.86192853359
3.4615785221299724E-6     0                        121003.1738650859
2.5080272986283728E-6     0                        36193.432398434736
2.505720653831063E-6      -2.4999999999995525E-9   36251.71491747409
2.5034140090337533E-6     -4.999999999999105E-9    36310.022042875855
2.5011073642364434E-6     -7.499999999998658E-9    36368.34045211814
2.4988007194391335E-6     -9.99999999999821E-9     36426.6893987225
2.5092192539719037E-6     -2.4999999999995525E-9   36163.09138863782
2.506912609174594E-6      -4.999999999999105E-9    36221.37075840594
2.504605964377284E-6      -7.499999999998658E-9    36279.658305701814
2.5022993195799744E-6     -9.99999999999821E-9     36337.95713576082
2.5104112093154343E-6     -4.999999999999105E-9    36132.72942812613
2.5081045645181248E-6     -7.499999999998658E-9    36191.00862731309
2.505797919720815E-6      -9.99999999999821E-9     36249.290281608846
2.5116031646589652E-6     -7.499999999998658E-9    36102.3705449736
2.5092965198616557E-6     -9.99999999999821E-9     36160.649573793096
2.512795120002496E-6      -9.99999999999821E-9     36071.99274510064
2.4976145026118952E-6     -7.499999999998658E-9    36457.052722479624
2.4999211474092047E-6     -4.999999999999105E-9    36398.68977659742
2.502227792206515E-6      -2.4999999999995525E-9   36340.35181116635
2.5045344370038246E-6     0                        36282.02513065319
2.496428285784657E-6      -4.999999999999105E-9    36487.39946806438
2.498734930581967E-6      -2.4999999999995525E-9   36429.03583235642
2.501041575379277E-6      0                        36370.69199691975
2.495242068957419E-6      -2.4999999999995525E-9   36517.74926671351
2.4975487137547286E-6     0                        36459.384941086544
2.494055852130181E-6      0                        36548.08036670653
2.4917434688165782E-6     -2.4999999999995525E-9   36606.73730446561
2.489431085502976E-6      -4.999999999999105E-9    36665.417397783094
2.4871187021893734E-6     -7.499999999998658E-9    36724.10884843541
2.4848063188757713E-6     -9.99999999999821E-9     36782.82907946155
2.4929296856438165E-6     -4.999999999999105E-9    36576.403214643564
2.4906173023302143E-6     -7.499999999998658E-9    36635.06518384587
2.488304919016612E-6      -9.99999999999821E-9     36693.73850958714
2.4941159024710548E-6     -7.499999999998658E-9    36546.05270733979
2.4918035191574526E-6     -9.99999999999821E-9     36604.7087878008
2.495302119298293E-6      -9.99999999999821E-9     36515.70525319363
2.2425698151627263E-6     0                        43085.00194214765
2.2401541385558565E-6     -2.4999999999995525E-9   43148.16214560764
2.2377384619489868E-6     -4.999999999999105E-9    43211.324802610034
2.235322785342117E-6      -7.499999999998658E-9    43274.49997580408
2.2329071087352472E-6     -9.99999999999821E-9     43337.68009298557
2.2436527386966974E-6     -2.4999999999995525E-9   43056.25003700788
2.2412370620898272E-6     -4.999999999999105E-9    43119.40948300251
2.238821385482958E-6      -7.499999999998658E-9    43182.57456687249
2.2364057088760877E-6     -9.99999999999821E-9     43245.75217035664
2.244735662230668E-6      -4.999999999999105E-9    43027.51157896124
2.2423199856237983E-6     -7.499999999998658E-9    43090.66296865878
2.2399043090169286E-6     -9.99999999999821E-9     43153.82237229674
2.2458185857646392E-6     -7.499999999998658E-9    42998.77569910967
2.243402909157769E-6      -9.99999999999821E-9     43061.91903110667
2.24690150929861E-6       -9.99999999999821E-9     42970.055064652115
2.2318299237175692E-6     -7.499999999998658E-9    43366.25593365515
2.234245600324439E-6      -4.999999999999105E-9    43303.06898882853
2.2366612769313087E-6     -2.4999999999995525E-9   43239.89627464293
2.2390769535381785E-6     0                        43176.73607322648
2.230752738699891E-6      -4.999999999999105E-9    43394.84849116515
2.2331684153067606E-6     -2.4999999999995525E-9   43331.65320015298
2.2355840919136303E-6     0                        43268.474834453686
2.2296755536822128E-6     -2.4999999999995525E-9   43423.44359936516
2.232091230289082E-6      0                        43360.23996362543
2.2285983686645343E-6     0                        43452.053533516686
2.2261769535413723E-6     -2.4999999999995525E-9   43515.366969790055
2.22375553841821E-6       -4.999999999999105E-9    43578.68194184732
2.2213341232950474E-6     -7.499999999998658E-9    43642.00948607602
2.218912708171885E-6      -9.99999999999821E-9     43705.34097317565
2.2272541385590503E-6     -4.999999999999105E-9    43486.756454338785
2.224832723435888E-6      -7.499999999998658E-9    43550.07477934694
2.2224113083127255E-6     -9.99999999999821E-9     43613.40568014723
2.2283313235767284E-6     -7.499999999998658E-9    43458.15299048407
2.225909908453566E-6      -9.99999999999821E-9     43521.46565305138
2.2294085085944064E-6     -9.99999999999821E-9     43429.55207586134
2.2493114473891866E-6     -7.499999999998658E-9    42907.03456101853
2.251721385479764E-6      -4.999999999999105E-9    42844.020057828355
2.2541313235703407E-6     -2.4999999999995525E-9   42781.018014014364
2.256541261660918E-6      0                        42718.01938210364
2.2482285238552163E-6     -4.999999999999105E-9    42935.74809709251
2.250638461945793E-6      -2.4999999999995525E-9   42872.73507943552
2.25304840003637E-6       0                        42809.734517933466
2.247145600321245E-6      -2.4999999999995525E-9   42964.47593052355
2.2495555384118222E-6     0                        42901.45724391451
2.246062676787274E-6      0                        42993.20634355306
2.257629923711182E-6      -2.4999999999995525E-9   42689.12963043616
2.2552199856206045E-6     -4.999999999999105E-9    42752.127313244404
2.252810047530028E-6      -7.499999999998658E-9    42815.130810866736
2.250400109439451E-6      -9.99999999999821E-9     42878.14677108655
2.2587185857614454E-6     -4.999999999999105E-9    42660.251876175156
2.2563086476708683E-6     -7.499999999998658E-9    42723.241804771926
2.2538987095802913E-6     -9.99999999999821E-9     42786.23960493864
2.259807247811709E-6      -7.499999999998658E-9    42631.3767275675
2.2573973097211317E-6     -9.99999999999821E-9     42694.35890060633
2.260895909861972E-6      -9.99999999999821E-9     42602.51528374905
2.27051270815911E-6       0                        42351.15644163668
2.2681085085848257E-6     -2.4999999999995525E-9   42413.98488248848
2.265704309010541E-6      -4.999999999999105E-9    42476.817718800085
2.2633001094362566E-6     -7.499999999998658E-9    42539.66295683019
2.2716071087256666E-6     -2.4999999999995525E-9   42322.13320669509
2.269202909151382E-6      -4.999999999999105E-9    42384.96047940867
2.2667987095770974E-6     -7.499999999998658E-9    42447.79375853344
2.264394510002813E-6      -9.99999999999821E-9     42510.6394423936
2.2727015092922227E-6     -4.999999999999105E-9    42293.120482055834
2.270297309717938E-6      -7.499999999998658E-9    42355.94030243911
2.2678931101436535E-6     -9.99999999999821E-9     42418.76786746554
2.2737959098587788E-6     -7.499999999998658E-9    42264.11039047073
2.2713917102844944E-6     -9.99999999999821E-9     42326.92275723666
2.274890310425335E-6      -9.99999999999821E-9     42235.112441038495
2.2622114473859927E-6     -4.999999999999105E-9    42568.517032021424
2.2646156469602775E-6     -2.4999999999995525E-9   42505.672268102164
2.2670198465345623E-6     0                        42442.83990288447
2.2611227853357298E-6     -2.4999999999995525E-9   42597.38443670921
2.263526984910014E-6      0                        42534.53398697237
2.260034123285466E-6      0                        42626.25444839681
2.2772887714833265E-6     -7.499999999998658E-9    42172.43717726243
2.2796872325413182E-6     -4.999999999999105E-9    42109.77009203214
2.28208569359931E-6       -2.4999999999995525E-9   42047.11535001341
2.284484154657302E-6      0                        41984.46601714937
2.2761943709167705E-6     -4.999999999999105E-9    42201.42747915012
2.278592831974762E-6      -2.4999999999995525E-9   42138.759828804956
2.280991293032754E-6      0                        42076.10451886202
2.2750999703502144E-6     -2.4999999999995525E-9   42230.43012911943
2.277498431408206E-6      0                        42167.75677667746
2.274005569783658E-6      0                        42259.435413429914
2.285584293740151E-6      -2.4999999999995525E-9   41955.31388660802
2.2831858326821587E-6     -4.999999999999105E-9    42017.961837685034
2.280787371624167E-6      -7.499999999998658E-9    42080.61598372987
2.2783889105661753E-6     -9.99999999999821E-9     42143.28247579556
2.2866844328229996E-6     -4.999999999999105E-9    41926.170727870194
2.2842859717650075E-6     -7.499999999998658E-9    41988.811541932126
2.2818875107070158E-6     -9.99999999999821E-9     42051.459957830455
2.287784571905848E-6      -7.499999999998658E-9    41897.03022951879
2.2853861108478562E-6     -9.99999999999821E-9     41959.663905340596
2.288884710988697E-6      -9.99999999999821E-9     41867.900364664194
2.312427047653686E-6      0                        41251.824481790325
2.310040063628279E-6      -2.4999999999995525E-9   41314.08780037593
2.307653079602873E-6      -4.999999999999105E-9    41376.35855550732
2.305266095577466E-6      -7.499999999998658E-9    41438.64153425854
2.3028791115520594E-6     -9.99999999999821E-9     41500.934896280065
2.3135386637691196E-6     -2.4999999999995525E-9   41222.429118933345
2.311151679743713E-6      -4.999999999999105E-9    41284.69078829192
2.3087646957183066E-6     -7.499999999998658E-9    41346.95892236505
2.3063777116929003E-6     -9.99999999999821E-9     41409.23928244193
2.3146502798845538E-6     -4.999999999999105E-9    41193.0396065418
2.3122632958591474E-6     -7.499999999998658E-9    41255.29483721252
2.3098763118337407E-6     -9.99999999999821E-9     41317.55721088311
2.315761895999988E-6      -7.499999999998658E-9    41163.6528089492
2.3133749119745816E-6     -9.99999999999821E-9     41225.90159983913
2.316873512115422E-6      -9.99999999999821E-9     41134.27367987557
2.301773233952918E-6      -7.499999999998658E-9    41530.191883073916
2.3041602179783246E-6     -4.999999999999105E-9    41467.890259471504
2.3065472020037314E-6     -2.4999999999995525E-9   41405.60468960795
2.308934186029138E-6      0                        41343.331340980294
2.3006673563537765E-6     -4.999999999999105E-9    41559.458016624216
2.303054340379183E-6      -2.4999999999995525E-9   41497.14960725741
2.30544132440459E-6       0                        41434.8583045533
2.2995614787546354E-6     -2.4999999999995525E-9   41588.7268378132
2.3019484627800417E-6     0                        41526.41164384235
2.298455601155494E-6      0                        41618.003079933005
2.296062878613795E-6      -2.4999999999995525E-9   41680.46412654316
2.2936701560720955E-6     -4.999999999999105E-9    41742.93159645854
2.291277433530396E-6      -7.499999999998658E-9    41805.41135022191
2.297168756212936E-6      -4.999999999999105E-9    41651.186343860536
2.2947760336712366E-6     -7.499999999998658E-9    41713.65219916396
2.292383311129538E-6      -9.99999999999821E-9     41776.13034091375
2.2982746338120775E-6     -7.499999999998658E-9    41621.91072532199
2.2958819112703785E-6     -9.99999999999821E-9     41684.37083503933
2.299380511411219E-6      -9.99999999999821E-9     41592.63779326176
2.2901772944475478E-6     -4.999999999999105E-9    41834.53327421156
2.2925700169892468E-6     -2.4999999999995525E-9   41772.051936244796
2.294962739530946E-6      0                        41709.58287952763
2.2890771553646986E-6     -2.4999999999995525E-9   41863.66664669347
2.291469877906398E-6      0                        41801.17959095084
2.28797701628185E-6       0                        41892.80268078687
2.319254757624536E-6      -7.499999999998658E-9    41072.18567562263
2.32163600313365E-6       -4.999999999999105E-9    41010.10921860548
2.324017248642764E-6      -2.4999999999995525E-9   40948.04492410694
2.3263984941518778E-6     0                        40885.989055825834
2.3181431415091015E-6     -4.999999999999105E-9    41101.55617823648
2.320524387018216E-6      -2.4999999999995525E-9   41039.47611150218
2.3229056325273296E-6     0                        40977.40820512065
2.317031525393668E-6      -2.4999999999995525E-9   41130.936549174745
2.319412770902782E-6      0                        41068.850735164364
2.3159199092782336E-6     0                        41160.319636004875
2.3275158487836046E-6     -2.4999999999995525E-9   40856.47983788464
2.3251346032744906E-6     -4.999999999999105E-9    40918.53401373794
2.3227533577653766E-6     -7.499999999998658E-9    40980.59466904871
2.3203721122562625E-6     -9.99999999999821E-9     41042.667489043924
2.328633203415331E-6      -4.999999999999105E-9    40826.97485682213
2.326251957906217E-6      -7.499999999998658E-9    40889.022964720556
2.323870712397103E-6      -9.99999999999821E-9     40951.07784545047
2.3297505580470575E-6     -7.499999999998658E-9    40797.472617614345
2.3273693125379434E-6     -9.99999999999821E-9     40859.51465653529
2.3308679126787843E-6     -9.99999999999821E-9     40767.97657871061
2.3683128336464535E-6     0                        39791.17119159153
2.3659488036862176E-6     -2.4999999999995525E-9   39852.5421426037
2.363584773725981E-6      -4.999999999999105E-9    39913.92473911533
2.3612207437657452E-6     -7.499999999998658E-9    39975.3193095109
2.3588567138055092E-6     -9.99999999999821E-9     40036.72918627417
2.3694474038270585E-6     -2.4999999999995525E-9   39761.35553808093
2.367083373866822E-6      -4.999999999999105E-9    39822.725117793794
2.3647193439065857E-6     -7.499999999998658E-9    39884.1011400663
2.3623553139463497E-6     -9.99999999999821E-9     39945.48913771103
2.3705819740076625E-6     -4.999999999999105E-9    39731.5389390925
2.3682179440474266E-6     -7.499999999998658E-9    39792.90381318576
2.36585391408719E-6       -9.99999999999821E-9     39854.27402232867
2.371716544188267E-6      -7.499999999998658E-9    39701.725162366776
2.3693525142280306E-6     -9.99999999999821E-9     39763.08533004729
2.3728511143688715E-6     -9.99999999999821E-9     39671.91356103977
2.3332434196716057E-6     -7.499999999998658E-9    40706.10398929694
2.335618926664427E-6      -4.999999999999105E-9    40644.24417221243
2.3379944336572484E-6     -2.4999999999995525E-9   40582.396455663154
2.3403699406500697E-6     0                        40520.5581884185
2.332126065039879E-6      -4.999999999999105E-9    40735.59096334319
2.3345015720327E-6        -2.4999999999995525E-9   40673.72650511969
2.3368770790255215E-6     0                        40611.8741454875
2.3310087104081524E-6     -2.4999999999995525E-9   40765.08714708711
2.3333842174009737E-6     0                        40703.216927796326
2.3298913557764256E-6     0                        40794.58607370835
2.3414930337980892E-6     -2.4999999999995525E-9   40490.94074272611
2.339117526805268E-6      -4.999999999999105E-9    40552.7773458436
2.3367420198124465E-6     -7.499999999998658E-9    40614.62039227165
2.3343665128196248E-6     -9.99999999999821E-9     40676.4755411789
2.3426161269461084E-6     -4.999999999999105E-9    40461.32583500841
2.340240619953287E-6      -7.499999999998658E-9    40523.156774960036
2.3378651129604657E-6     -9.99999999999821E-9     40584.994033282535
2.343739220094128E-6      -7.499999999998658E-9    40431.71369608373
2.341363713101306E-6      -9.99999999999821E-9     40493.53897192025
2.344862313242147E-6      -9.99999999999821E-9     40402.10640410673
2.3577278821411975E-6     -7.499999999998658E-9    40066.44174052199
2.3600919121014334E-6     -4.999999999999105E-9    40005.02183301013
2.3624559420616694E-6     -2.4999999999995525E-9   39943.62071634014
2.3648199720219054E-6     0                        39882.231572065815
2.3565990504768857E-6     -4.999999999999105E-9    40096.15783533026
2.3589630804371216E-6     -2.4999999999995525E-9   40034.73273351943
2.3613271103973576E-6     0                        39973.32583019626
2.355470218812574E-6      -2.4999999999995525E-9   40125.87672573889
2.3578342487728094E-6     0                        40064.44643050191
2.3543413871482616E-6     0                        40155.596405939934
2.351971618671733E-6      -2.4999999999995525E-9   40217.20649222686
2.3496018501952043E-6     -4.999999999999105E-9    40278.827099695554
2.347232081718676E-6      -7.499999999998658E-9    40340.45974482463
2.353100450336045E-6      -4.999999999999105E-9    40187.48527605123
2.3507306818595165E-6     -7.499999999998658E-9    40249.10023287707
2.348360913382988E-6      -9.99999999999821E-9     40310.72722908146
2.354229282000357E-6      -7.499999999998658E-9    40157.76117790898
2.3518595135238283E-6     -9.99999999999821E-9     40219.370333774226
2.355358113664669E-6      -9.99999999999821E-9     40128.039874494294
2.3461089885706565E-6     -4.999999999999105E-9    40370.05748475123
2.348478757047185E-6      -2.4999999999995525E-9   40308.41921745974
2.350848525523714E-6      0                        40246.792986110464
2.344985895422637E-6      -2.4999999999995525E-9   40399.663973468
2.3473556638991657E-6     0                        40338.01993197814
2.3438628022746175E-6     0                        40429.27323192705
2.466112959133797E-6      0                        37261.468929547
2.4637890987876094E-6     -2.4999999999995525E-9   37320.82669694172
2.4614652384414214E-6     -4.999999999999105E-9    37380.20480576623
2.459141378095234E-6      -7.499999999998658E-9    37439.59441581067
2.4568175177490463E-6     -9.99999999999821E-9     37499.00951956011
2.46728769892845E-6       -2.4999999999995525E-9   37231.18983841913
2.464963838582262E-6      -4.999999999999105E-9    37290.54487219915
2.4626399782360743E-6     -7.499999999998658E-9    37349.90763677983
2.4603161178898868E-6     -9.99999999999821E-9     37409.28190232934
2.4684624387231028E-6     -4.999999999999105E-9    37200.89644297248
2.4661385783769152E-6     -7.499999999998658E-9    37260.249741776905
2.4638147180307272E-6     -9.99999999999821E-9     37319.60662877315
2.4696371785177557E-6     -7.499999999998658E-9    37170.606051052964
2.4673133181715677E-6     -9.99999999999821E-9     37229.95761474864
2.4708119183124086E-6     -9.99999999999821E-9     37140.303495024426
2.4836258405648252E-6     -7.499999999998658E-9    36813.16711197271
2.485938223878428E-6      -4.999999999999105E-9    36754.43333580703
2.4882506071920305E-6     -2.4999999999995525E-9   36695.723783643356
2.490562990505633E-6      0                        36637.02558961039
2.48244536225388E-6       -4.999999999999105E-9    36843.49084247597
2.4847577455674823E-6     -2.4999999999995525E-9   36784.75585074317
2.487070128881085E-6      0                        36726.040433237904
2.481264883942934E-6      -2.4999999999995525E-9   36873.817601425784
2.4835772672565367E-6     0                        36815.08139414816
2.480084405631989E-6      0                        36904.127875489416
2.473130040142304E-6      -7.499999999998658E-9    37081.228108889205
2.4754481619721987E-6     -4.999999999999105E-9    37022.1798351585
2.4777662838020936E-6     -2.4999999999995525E-9   36963.142991216635
2.4719553003476505E-6     -4.999999999999105E-9    37111.51758647205
2.474273422177546E-6      -2.4999999999995525E-9   37052.45260745319
2.4765915440074407E-6     0                        36993.3990587437
2.470780560552998E-6      -2.4999999999995525E-9   37141.80626106344
2.473098682382893E-6      0                        37082.735422240745
2.4696058207583448E-6     0                        37172.09793931511
2.4789467621130396E-6     -4.999999999999105E-9    36932.8298538408
2.4766286402831443E-6     -7.499999999998658E-9    36991.84996922402
2.474310518453249E-6      -9.99999999999821E-9     37050.88151387551
2.4801272404239848E-6     -7.499999999998658E-9    36902.501861092875
2.47780911859409E-6       -9.99999999999821E-9     36961.516092881226
2.4813077187349304E-6     -9.99999999999821E-9     36872.176896769204
2.2178412616704992E-6     -7.499999999998658E-9    43733.76819486984
2.2202626767936617E-6     -4.999999999999105E-9    43670.43012482308
2.222684091916824E-6      -2.4999999999995525E-9   43607.10596609132
2.225105507039986E-6      0                        43543.79437591026
2.2167698151691135E-6     -4.999999999999105E-9    43762.21353169907
2.219191230292276E-6      -2.4999999999995525E-9   43698.866820268464
2.2216126454154384E-6     0                        43635.53702802119
2.2156983686677277E-6     -2.4999999999995525E-9   43790.66139167672
2.21811978379089E-6       0                        43727.30604037253
2.2146269221663424E-6     0                        43819.12546740408
2.2121997685268877E-6     -2.4999999999995525E-9   43882.58409840541
2.2097726148874326E-6     -4.999999999999105E-9    43946.04332950856
2.207345461247978E-6      -7.499999999998658E-9    44009.515187933415
2.2049183076085227E-6     -9.99999999999821E-9     44072.989976764766
2.213271215028273E-6      -4.999999999999105E-9    43854.11962905181
2.2108440613888183E-6     -7.499999999998658E-9    43917.58314057395
2.2084169077493636E-6     -9.99999999999821E-9     43981.059283233866
2.2143426615296588E-6     -7.499999999998658E-9    43825.66311862115
2.211915507890204E-6      -9.99999999999821E-9     43889.12098604833
2.2154141080310445E-6     -9.99999999999821E-9     43797.20912982862
2.2038525996234297E-6     -7.499999999998658E-9    44101.26492293419
2.206279753262885E-6      -4.999999999999105E-9    44037.7838067539
2.2087069069023395E-6     -2.4999999999995525E-9   43974.316261688815
2.2111340605417942E-6     0                        43910.8613401294
2.2027868916383366E-6     -4.999999999999105E-9    44129.55938699398
2.2052140452777918E-6     -2.4999999999995525E-9   44066.06933827404
2.2076411989172465E-6     0                        44002.5961782387
2.2017211836532436E-6     -2.4999999999995525E-9   44157.856346633875
2.2041483372926983E-6     0                        44094.35736693465
2.2006554756681505E-6     0                        44186.17086812453
2.198222583512403E-6      -2.4999999999995525E-9   44249.76678627927
2.1957896913566553E-6     -4.999999999999105E-9    44313.3624051286
2.1933567992009075E-6     -7.499999999998658E-9    44376.97070562619
2.19092390704516E-6       -9.99999999999821E-9     44440.58096408094
2.199288291497496E-6      -4.999999999999105E-9    44221.4520369626
2.1968553993417483E-6     -7.499999999998658E-9    44285.05283176015
2.194422507186001E-6      -9.99999999999821E-9     44348.66631221454
2.2003539994825892E-6     -7.499999999998658E-9    44193.14613610672
2.1979211073268414E-6     -9.99999999999821E-9     44256.741305697375
2.201419707467682E-6      -9.99999999999821E-9     44164.84272927066
2.18986393757636E-6       -7.499999999998658E-9    44468.70014283719
2.1922968297321075E-6     -4.999999999999105E-9    44405.08380746734
2.194729721887855E-6      -2.4999999999995525E-9   44341.4807162433
2.1971626140436027E-6     0                        44277.890302658954
2.1888039681075593E-6     -4.999999999999105E-9    44496.84018195869
2.1912368602633067E-6     -2.4999999999995525E-9   44433.214630789225
2.1936697524190545E-6     0                        44369.60594367505
2.1877439986387594E-6     -2.4999999999995525E-9   44524.98268907485
2.1901768907945064E-6     0                        44461.34792371403
2.1866840291699586E-6     0                        44553.14410731647
2.1842453984979185E-6     -2.4999999999995525E-9   44616.869623532504
2.181806767825878E-6      -4.999999999999105E-9    44680.59394263472
2.179368137153838E-6      -7.499999999998658E-9    44744.33099689336
2.176929506481798E-6      -9.99999999999821E-9     44808.069038837006
2.185305367966719E-6      -4.999999999999105E-9    44588.7081628474
2.1828667372946783E-6     -7.499999999998658E-9    44652.438571257975
2.1804281066226383E-6     -9.99999999999821E-9     44716.18171902346
2.186365337435519E-6      -7.499999999998658E-9    44560.55643164123
2.1839267067634787E-6     -9.99999999999821E-9     44624.28123426302
2.187425306904319E-6      -9.99999999999821E-9     44532.40716682145
2.0089966997214486E-6     -9.99999999999821E-9     49195.47878013815
2.0080113309644524E-6     -7.499999999998658E-9    49221.32538527041
2.0070259622074557E-6     -4.999999999999105E-9    49247.20895140586
2.0060405934504594E-6     -2.4999999999995525E-9   49273.09462908826
2.005055224693463E-6      0                        49299.01541162094
2.0054980995806077E-6     -9.99999999999821E-9     49286.09256311978
2.0045127308236115E-6     -7.499999999998658E-9    49311.98836954133
2.0035273620666152E-6     -4.999999999999105E-9    49337.88628544296
2.002541993309619E-6      -2.4999999999995525E-9   49363.80509025029
2.0019994994397673E-6     -9.99999999999821E-9     49376.77813719761
2.001014130682771E-6      -7.499999999998658E-9    49402.68136320381
2.0000287619257748E-6     -4.999999999999105E-9    49428.58319572639
1.998500899298927E-6      -9.99999999999821E-9     49467.489805527104
1.9975155305419306E-6     -7.499999999998658E-9    49493.374659302994
1.995002299158086E-6      -9.99999999999821E-9     49558.15583014732
1.9910837781952713E-6     0                        49660.939323930914
1.992063408435975E-6      -2.4999999999995525E-9   49635.205727801265
1.9930430386766784E-6     -4.999999999999105E-9    49609.50838771447
1.994022668917382E-6      -7.499999999998658E-9    49583.81313216968
1.9945766398198195E-6     0                        49570.39727416005
1.995556270060523E-6      -2.4999999999995525E-9   49544.71238530267
1.9965359003012266E-6     -4.999999999999105E-9    49519.029583078656
1.9980695014443672E-6     0                        49479.932653017284
1.9990491316850712E-6     -2.4999999999995525E-9   49454.25512957328
2.001562363068915E-6      0                        49389.494027706474
1.991503699017245E-6      -9.99999999999821E-9     49648.61911903244
1.9905240687765415E-6     -7.499999999998658E-9    49674.32683349831
1.989544438535838E-6      -4.999999999999105E-9    49700.0366304148
1.9885648082951344E-6     -2.4999999999995525E-9   49725.7681312044
1.9880050988764046E-6     -9.99999999999821E-9     49739.155767945456
1.987025468635701E-6      -7.499999999998658E-9    49764.87084924221
1.9860458383949975E-6     -4.999999999999105E-9    49790.584622608105
1.984506498735564E-6      -9.99999999999821E-9     49829.71847522078
1.9835268684948606E-6     -7.499999999998658E-9    49855.4145145401
1.9810078985947237E-6     -9.99999999999821E-9     49920.23335897829
1.9771123316970794E-6     0                        50022.25750024713
1.9780862234214906E-6     -2.4999999999995525E-9   49996.71263349443
1.9790601151459015E-6     -4.999999999999105E-9    49971.20517071568
1.9800340068703124E-6     -7.499999999998658E-9    49945.69976556361
1.9806051933216275E-6     0                        49931.86636757917
1.981579085046038E-6      -2.4999999999995525E-9   49906.3715538887
1.9825529767704493E-6     -4.999999999999105E-9    49880.87879993956
1.9840980549461753E-6     0                        49841.554174472796
1.985071946670586E-6      -2.4999999999995525E-9   49816.06667347904
1.987590916570723E-6      0                        49751.26794092395
1.9775092984538836E-6     -9.99999999999821E-9     50010.539042379314
1.9765354067294723E-6     -7.499999999998658E-9    50036.05710405461
1.975561515005061E-6      -4.999999999999105E-9    50061.57722124195
1.9745876232806498E-6     -2.4999999999995525E-9   50087.11982483331
1.9740106983130428E-6     -9.99999999999821E-9     50100.91964285077
1.9730368065886315E-6     -7.499999999998658E-9    50126.445018313745
1.97206291486422E-6       -4.999999999999105E-9    50151.96910159812
1.9705120981722023E-6     -9.99999999999821E-9     50191.32626434841
1.9695382064477906E-6     -7.499999999998658E-9    50216.831820543564
1.9670134980313614E-6     -9.99999999999821E-9     50281.682720813384
1.9631408851988874E-6     0                        50382.94147083107
1.964109038407006E-6      -2.4999999999995525E-9   50357.58681402265
1.9650771916151246E-6     -4.999999999999105E-9    50332.270721136825
1.966045344823243E-6      -7.499999999998658E-9    50306.95665905725
1.966633746823435E-6      0                        50292.7083701472
1.967601900031554E-6      -2.4999999999995525E-9   50267.40510965123
1.9685700532396724E-6     -4.999999999999105E-9    50242.10388209817
1.9701266084479834E-6     0                        50202.55572255968
1.971094761656102E-6      -2.4999999999995525E-9   50177.25972176212
1.973619470072531E-6      0                        50112.428996824485
1.9635148978905205E-6     -9.99999999999821E-9     50371.82376589785
1.9625467446824024E-6     -7.499999999998658E-9    50397.150667547394
1.9615785914742838E-6     -4.999999999999105E-9    50422.47959786651
1.960610438266165E-6      -2.4999999999995525E-9   50447.83180370437
1.96001629774968E-6       -9.99999999999821E-9     50462.04131496076
1.9590481445415615E-6     -7.499999999998658E-9    50487.37547707884
1.958079991333443E-6      -4.999999999999105E-9    50512.708354014045
1.9565176976088396E-6     -9.99999999999821E-9     50552.284846289585
1.9555495444007206E-6     -7.499999999998658E-9    50577.598387382095
1.9530190974679987E-6     -9.99999999999821E-9     50642.475822408036
1.9491694387006955E-6     0                        50742.963576697985
1.9501318533925214E-6     -2.4999999999995525E-9   50717.80056571626
1.9510942680843473E-6     -4.999999999999105E-9    50692.677224281695
1.9520566827761732E-6     -7.499999999998658E-9    50667.55588693288
1.9526623003252437E-6     0                        50652.895496705256
1.9536247150170696E-6     -2.4999999999995525E-9   50627.78516018961
1.954587129708895E-6      -4.999999999999105E-9    50602.67682991719
1.9561551619497915E-6     0                        50562.90929408615
1.957117576641617E-6      -2.4999999999995525E-9   50537.80616400225
1.9596480235743397E-6     0                        50472.94897420566
1.9495204973271583E-6     -9.99999999999821E-9     50732.445466892284
1.9485580826353324E-6     -7.499999999998658E-9    50757.57981608718
1.9475956679435065E-6     -4.999999999999105E-9    50782.716167210405
1.946633253251681E-6      -2.4999999999995525E-9   50807.87655599661
1.9460218971863174E-6     -9.99999999999821E-9     50822.49321628097
1.9450594824944915E-6     -7.499999999998658E-9    50847.63477236245
1.944097067802666E-6      -4.999999999999105E-9    50872.77506113995
1.942523297045477E-6      -9.99999999999821E-9     50912.56690777306
1.9415608823536514E-6     -7.499999999998658E-9    50937.687089445426
1.9390246969046365E-6     -9.99999999999821E-9     51002.58576096344
1.9351979922025036E-6     0                        51102.297304010215
1.936154668378037E-6      -2.4999999999995525E-9   51077.327273778465
1.93711134455357E-6       -4.999999999999105E-9    51052.39799530244
1.9380680207291033E-6     -7.499999999998658E-9    51027.47069429656
1.9386908538270514E-6     0                        51012.400860907685
1.939647530002585E-6      -2.4999999999995525E-9   50987.48476367451
1.940604206178118E-6      -4.999999999999105E-9    50962.57064608853
1.9421837154515996E-6     0                        50922.58770090731
1.9431403916271328E-6     -2.4999999999995525E-9   50897.678756583875
1.9456765770761473E-6     0                        50832.800383144975
1.9355260967637956E-6     -9.99999999999821E-9     51092.377493953005
1.9345694205882624E-6     -7.499999999998658E-9    51117.31798287785
1.9336127444127296E-6     -4.999999999999105E-9    51142.2604470958
1.932656068237196E-6      -2.4999999999995525E-9   51167.22770334083
1.932027496622955E-6      -9.99999999999821E-9     51182.24888740227
1.931070820447422E-6      -7.499999999998658E-9    51207.196529381836
1.9301141442718887E-6     -4.999999999999105E-9    51232.14294473207
1.9285288964821143E-6     -9.99999999999821E-9     51272.14618141183
1.9275722203065815E-6     -7.499999999998658E-9    51297.07174861594
1.925030296341274E-6      -9.99999999999821E-9     51361.986492412056
8.264493751544454E-6      -9.99999999999821E-9     -89921.26930059097
8.267992351685296E-6      -9.99999999999821E-9     -89906.91183486237
8.271490951826135E-6      -9.99999999999821E-9     -89892.73986136421
8.274989551966976E-6      -9.99999999999821E-9     -89878.57731652759
8.278488152107818E-6      -9.99999999999821E-9     -89864.13042045261
8.26495691531886E-6       -7.499999999998658E-9    -89919.58290353228
8.268455515459702E-6      -7.499999999998658E-9    -89905.38841975237
8.271954115600543E-6      -7.499999999998658E-9    -89891.2176447312
8.275452715741383E-6      -7.499999999998658E-9    -89876.95133065124
8.26542007909327E-6       -4.999999999999105E-9    -89918.04263340279
8.268918679234112E-6      -4.999999999999105E-9    -89903.86515671824
8.272417279374951E-6      -4.999999999999105E-9    -89889.69114383557
8.265883242867678E-6      -2.4999999999995525E-9   -89916.50251371083
8.269381843008518E-6      -2.4999999999995525E-9   -89902.43816083364
8.266346406642086E-6      0                        -89915.10471902466
8.262853545017539E-6      0                        -89928.77061512994
8.25936068339299E-6       0                        -89942.62113019428
8.255867821768443E-6      0                        -89956.48093897555
8.252374960143895E-6      0                        -89970.06713240792
8.262390381243131E-6      -2.4999999999995525E-9   -89930.327573537
8.258897519618582E-6      -2.4999999999995525E-9   -89944.1792658585
8.255404657994035E-6      -2.4999999999995525E-9   -89957.9446640875
8.261927217468723E-6      -4.999999999999105E-9    -89931.88468074324
8.258434355844174E-6      -4.999999999999105E-9    -89945.74181884155
8.261464053694313E-6      -7.499999999998658E-9    -89933.54604160425
8.250499350981092E-6      -9.99999999999821E-9     -89976.00638482615
8.253997951121932E-6      -9.99999999999821E-9     -89962.24947905986
8.257496551262773E-6      -9.99999999999821E-9     -89948.67745310205
8.260995151403613E-6      -9.99999999999821E-9     -89935.1147112735
8.250968253271794E-6      -7.499999999998658E-9    -89974.37711503528
8.254466853412634E-6      -7.499999999998658E-9    -89960.78252463268
8.257965453553474E-6      -7.499999999998658E-9    -89947.21169348169
8.251437155562495E-6      -4.999999999999105E-9    -89972.89315081201
8.254935755703334E-6      -4.999999999999105E-9    -89959.31572370531
8.251906057853195E-6      -2.4999999999995525E-9   -89971.40933842516
7.508796121122884E-6      -9.99999999999821E-9     -89312.71220561322
7.512294721263725E-6      -9.99999999999821E-9     -89332.61448031431
7.515793321404565E-6      -9.99999999999821E-9     -89352.67263460236
7.519291921545405E-6      -9.99999999999821E-9     -89372.73232528905
7.522790521686246E-6      -9.99999999999821E-9     -89392.56657186123
7.509569164777105E-6      -7.499999999998658E-9    -89317.32674253246
7.5130677649179445E-6     -7.499999999998658E-9    -89337.36389165581
7.516566365058786E-6      -7.499999999998658E-9    -89357.42235030174
7.520064965199627E-6      -7.499999999998658E-9    -89377.40570180606
7.510342208431325E-6      -4.999999999999105E-9    -89322.0542747257
7.5138408085721654E-6     -4.999999999999105E-9    -89342.11336248722
7.517339408713006E-6      -4.999999999999105E-9    -89362.16849982395
7.511115252085545E-6      -2.4999999999995525E-9   -89326.78186343811
7.514613852226386E-6      -2.4999999999995525E-9   -89346.93230188507
7.511888295739765E-6      0                        -89331.61952867305
7.494801720559521E-6      -9.99999999999821E-9     -89230.14132936923
7.498300320700362E-6      -9.99999999999821E-9     -89250.72285520857
7.501798920841202E-6      -9.99999999999821E-9     -89271.45987257732
7.5052975209820435E-6     -9.99999999999821E-9     -89292.19828188203
7.4955805027300345E-6     -7.499999999998658E-9    -89234.93986033241
7.499079102870874E-6      -7.499999999998658E-9    -89255.65586452396
7.502577703011715E-6      -7.499999999998658E-9    -89276.39315692107
7.506076303152557E-6      -7.499999999998658E-9    -89297.05570028756
7.496359284900548E-6      -4.999999999999105E-9    -89239.850920305
7.499857885041388E-6      -4.999999999999105E-9    -89260.58892731059
7.503356485182229E-6      -4.999999999999105E-9    -89281.32293550733
7.497138067071061E-6      -2.4999999999995525E-9   -89244.76203075636
7.5006366672119005E-6     -2.4999999999995525E-9   -89265.5910828668
7.497916849241573E-6      0                        -89249.7827267844
7.508395434115218E-6      0                        -89311.09657441975
7.504902572490669E-6      0                        -89290.7302137028
7.501409710866121E-6      0                        -89270.36528788952
7.507622390460996E-6      -2.4999999999995525E-9   -89306.39084917166
7.504129528836449E-6      -2.4999999999995525E-9   -89286.0247682164
7.506849346806777E-6      -4.999999999999105E-9    -89301.68517747204
7.77468973182677E-6       -9.99999999999821E-9     -90374.76508715353
7.77818833196761E-6       -9.99999999999821E-9     -90382.13485961646
7.78168693210845E-6       -9.99999999999821E-9     -90389.67015052272
7.78518553224929E-6       -9.99999999999821E-9     -90397.20975064435
7.788684132390132E-6      -9.99999999999821E-9     -90404.50617747517
7.775353743671426E-6      -7.499999999998658E-9    -90376.37972557973
7.778852343812267E-6      -7.499999999998658E-9    -90383.89331807461
7.782350943953107E-6      -7.499999999998658E-9    -90391.42938613649
7.785849544093946E-6      -7.499999999998658E-9    -90398.88450551072
7.776017755516084E-6      -4.999999999999105E-9    -90378.11757780178
7.779516355656923E-6      -4.999999999999105E-9    -90385.65191630617
7.783014955797764E-6      -4.999999999999105E-9    -90393.1849133649
7.776681767360741E-6      -2.4999999999995525E-9   -90379.85556727386
7.78018036750158E-6       -2.4999999999995525E-9   -90387.48823414861
7.777345779205397E-6      0                        -90381.71362731315
7.77385291758085E-6       0                        -90373.70137580979
7.7703600559563E-6        0                        -90365.85499978907
7.766867194331754E-6      0                        -90358.01281815322
7.763374332707206E-6      0                        -90349.93615208939
7.773188905736192E-6      -2.4999999999995525E-9   -90371.98397602298
7.769696044111645E-6      -2.4999999999995525E-9   -90364.13835303673
7.766203182487097E-6      -2.4999999999995525E-9   -90356.2198080057
7.772524893891536E-6      -4.999999999999105E-9    -90370.26671096281
7.769032032266989E-6      -4.999999999999105E-9    -90362.42563107054
7.77186088204688E-6       -7.499999999998658E-9    -90368.63425899111
7.760695331263408E-6      -9.99999999999821E-9     -90342.44831229665
7.76419393140425E-6       -9.99999999999821E-9     -90350.4621827268
7.767692531545089E-6      -9.99999999999821E-9     -90358.64103948849
7.771191131685928E-6      -9.99999999999821E-9     -90366.82405866141
7.761365081624358E-6      -7.499999999998658E-9    -90344.19838542075
7.764863681765198E-6      -7.499999999998658E-9    -90352.35554861405
7.768362281906039E-6      -7.499999999998658E-9    -90360.53516177805
7.762034831985306E-6      -4.999999999999105E-9    -90346.07105999379
7.765533432126148E-6      -4.999999999999105E-9    -90354.24905156365
7.762704582346256E-6      -2.4999999999995525E-9   -90347.9438690811
8.248882098519348E-6      0                        -89983.13375179606
8.2453892368948E-6        0                        -89996.38441073171
8.241896375270252E-6      0                        -90009.6442193466
8.238403513645704E-6      0                        -90022.63173240035
8.248413196228648E-6      -2.4999999999995525E-9   -89984.63455763651
8.2449203346041E-6        -2.4999999999995525E-9   -89997.88639004623
8.241427472979551E-6      -2.4999999999995525E-9   -90011.05236325742
8.247944293937946E-6      -4.999999999999105E-9    -89986.13551364995
8.244451432313398E-6      -4.999999999999105E-9    -89999.39270344481
8.247475391647245E-6      -7.499999999998658E-9    -89987.73997658088
8.23650495041773E-6       -9.99999999999821E-9     -90028.33719920595
8.240003550558572E-6      -9.99999999999821E-9     -90015.18184958493
8.243502150699412E-6      -9.99999999999821E-9     -90002.21099105533
8.247000750840251E-6      -9.99999999999821E-9     -89989.2492719565
8.236979591224725E-6      -7.499999999998658E-9    -90026.76696594556
8.240478191365564E-6      -7.499999999998658E-9    -90013.77352967105
8.243976791506406E-6      -7.499999999998658E-9    -90000.80386178283
8.237454232031717E-6      -4.999999999999105E-9    -90025.34149406673
8.240952832172557E-6      -4.999999999999105E-9    -90012.36536460253
8.237928872838712E-6      -2.4999999999995525E-9   -90023.91617534493
7.88664493633367E-6       -9.99999999999821E-9     -90541.05503436149
7.890143536474509E-6      -9.99999999999821E-9     -90543.32272705824
7.89364213661535E-6       -9.99999999999821E-9     -90545.76078381488
7.897140736756192E-6      -9.99999999999821E-9     -90548.20432527356
7.900639336897031E-6      -9.99999999999821E-9     -90550.39536635461
7.887263040047984E-6      -7.499999999998658E-9    -90541.67108599124
7.890761640188824E-6      -7.499999999998658E-9    -90544.08729357686
7.894260240329663E-6      -7.499999999998658E-9    -90546.52627641268
7.897758840470505E-6      -7.499999999998658E-9    -90548.88101610026
7.887881143762299E-6      -4.999999999999105E-9    -90542.41575258717
7.891379743903138E-6      -4.999999999999105E-9    -90544.85201612621
7.894878344043978E-6      -4.999999999999105E-9    -90547.28782288951
7.888499247476613E-6      -2.4999999999995525E-9   -90543.16057289054
7.891997847617451E-6      -2.4999999999995525E-9   -90545.69843699835
7.889117351190926E-6      0                        -90544.03038590368
7.903088797689117E-6      0                        -90552.91596826607
7.89959593606457E-6       0                        -90550.62477658421
7.896103074440022E-6      0                        -90548.50436124463
7.892610212815475E-6      0                        -90546.3894570194
7.902476432491095E-6      -2.4999999999995525E-9   -90552.1592834729
7.898983570866549E-6      -2.4999999999995525E-9   -90550.01346098664
7.895490709242E-6         -2.4999999999995525E-9   -90547.89396458148
7.901864067293074E-6      -4.999999999999105E-9    -90551.52815846945
7.898371205668527E-6      -4.999999999999105E-9    -90549.40229820849
7.901251702095054E-6      -7.499999999998658E-9    -90550.8971885834
7.904137937037873E-6      -9.99999999999821E-9     -90552.03132548484
7.907636537178714E-6      -9.99999999999821E-9     -90553.83821683275
7.911135137319554E-6      -9.99999999999821E-9     -90555.65073984626
7.914633737460395E-6      -9.99999999999821E-9     -90557.21003483614
7.904750302235893E-6      -7.499999999998658E-9    -90552.68212148485
7.908248902376735E-6      -7.499999999998658E-9    -90554.48995536895
7.911747502517576E-6      -7.499999999998658E-9    -90556.2133718231
7.905362667433915E-6      -4.999999999999105E-9    -90553.33307490002
7.908861267574755E-6      -4.999999999999105E-9    -90555.13785869695
7.905975032631936E-6      -2.4999999999995525E-9   -90554.06626838256
7.918132337601236E-6      -9.99999999999821E-9     -90558.21590862976
7.921630937742076E-6      -9.99999999999821E-9     -90559.39310688569
7.925129537882915E-6      -9.99999999999821E-9     -90560.57608375436
7.928628138023757E-6      -9.99999999999821E-9     -90561.50470343667
7.915240364142123E-6      -7.499999999998658E-9    -90557.60006591212
7.918738964282963E-6      -7.499999999998658E-9    -90558.75526267063
7.922237564423804E-6      -7.499999999998658E-9    -90559.93341943619
7.925736164564645E-6      -7.499999999998658E-9    -90561.02673831536
7.915846990823851E-6      -4.999999999999105E-9    -90558.11968322331
7.919345590964693E-6      -4.999999999999105E-9    -90559.29477537464
7.922844191105532E-6      -4.999999999999105E-9    -90560.46987600757
7.916453617505578E-6      -2.4999999999995525E-9   -90558.63945692519
7.919952217646421E-6      -2.4999999999995525E-9   -90559.91705281683
7.917060244187308E-6      0                        -90559.28542947734
7.91356738256276E-6       0                        -90557.62302143747
7.910074520938212E-6      0                        -90556.1319493792
7.906581659313664E-6      0                        -90554.64653477036
7.91296075588103E-6       -2.4999999999995525E-9   -90557.12296774928
7.909467894256483E-6      -2.4999999999995525E-9   -90555.63283066732
7.912354129199304E-6      -4.999999999999105E-9    -90556.6230681793
8.208516149291005E-6      -9.99999999999821E-9     -90125.76111741141
8.212014749431847E-6      -9.99999999999821E-9     -90113.81262644276
8.215513349572686E-6      -9.99999999999821E-9     -90102.04808736243
8.219011949713527E-6      -9.99999999999821E-9     -90090.29239783854
8.222510549854367E-6      -9.99999999999821E-9     -90078.2569873729
8.209002267130584E-6      -7.499999999998658E-9    -90124.31500955133
8.212500867271424E-6      -7.499999999998658E-9    -90112.52811594289
8.215999467412267E-6      -7.499999999998658E-9    -90100.76475768666
8.219498067553106E-6      -7.499999999998658E-9    -90088.90752581041
8.209488384970163E-6      -4.999999999999105E-9    -90123.01313900434
8.212986985111004E-6      -4.999999999999105E-9    -90111.24376273509
8.216485585251845E-6      -4.999999999999105E-9    -90099.4771216585
8.209974502809742E-6      -2.4999999999995525E-9   -90121.71142401066
8.213473102950585E-6      -2.4999999999995525E-9   -90110.05338258392
8.210460620649322E-6      0                        -90120.54938425931
8.234910652021155E-6      0                        -90035.09799619828
8.231417790396608E-6      0                        -90047.74771271276
8.22792492877206E-6       0                        -90060.40643470682
8.224432067147513E-6      0                        -90072.79398352605
8.234436011214161E-6      -2.4999999999995525E-9   -90036.54045050617
8.230943149589615E-6      -2.4999999999995525E-9   -90049.19133621782
8.227450287965068E-6      -2.4999999999995525E-9   -90061.75679967775
8.23396137040717E-6       -4.999999999999105E-9    -90037.98305628262
8.230468508782623E-6      -4.999999999999105E-9    -90050.63935949336
8.233486729600178E-6      -7.499999999998658E-9    -90039.52871794619
8.226009149995208E-6      -9.99999999999821E-9     -90065.70444108642
8.22950775013605E-6       -9.99999999999821E-9     -90053.33610470471
8.233006350276891E-6      -9.99999999999821E-9     -90040.97676289422
8.222990929177654E-6      -7.499999999998658E-9    -90076.74776854743
8.226489529318495E-6      -7.499999999998658E-9    -90064.35692859607
8.229988129459336E-6      -7.499999999998658E-9    -90051.98977819481
8.22347130850094E-6       -4.999999999999105E-9    -90075.38298936779
8.226969908641781E-6      -4.999999999999105E-9    -90063.0095722161
8.223951687824227E-6      -2.4999999999995525E-9   -90074.01836458495
8.220939205522966E-6      0                        -90084.65871940812
8.217446343898419E-6      0                        -90096.70642636073
8.21395348227387E-6       0                        -90108.7629944371
8.220458826199681E-6      -2.4999999999995525E-9   -90086.04059446692
8.216965964575132E-6      -2.4999999999995525E-9   -90098.08946584581
8.219978446876393E-6      -4.999999999999105E-9    -90087.42262220886
7.931031690685499E-6      0                        -90563.14412679504
7.927538829060952E-6      0                        -90562.10912087734
7.924045967436404E-6      0                        -90561.24611495098
7.920553105811855E-6      0                        -90560.38891279067
7.930430802520063E-6      -2.4999999999995525E-9   -90562.60644154932
7.926937940895516E-6      -2.4999999999995525E-9   -90561.71796590788
7.923445079270968E-6      -2.4999999999995525E-9   -90560.85591051691
7.929829914354627E-6      -4.999999999999105E-9    -90562.19568201576
7.92633705273008E-6       -4.999999999999105E-9    -90561.3269662208
7.929229026189193E-6      -7.499999999998658E-9    -90561.78508001161
7.932126738164598E-6      -9.99999999999821E-9     -90561.8818527358
7.935625338305438E-6      -9.99999999999821E-9     -90562.43080017957
7.939123938446277E-6      -9.99999999999821E-9     -90562.98567316073
7.942622538587119E-6      -9.99999999999821E-9     -90563.28452316241
7.932727626330032E-6      -7.499999999998658E-9    -90562.31207602596
7.936226226470872E-6      -7.499999999998658E-9    -90562.86199746822
7.939724826611715E-6      -7.499999999998658E-9    -90563.3263705343
7.933328514495468E-6      -4.999999999999105E-9    -90562.74245909251
7.93682711463631E-6       -4.999999999999105E-9    -90563.28916575834
7.933929402660904E-6      -2.4999999999995525E-9   -90563.25611721612
7.946121138727958E-6      -9.99999999999821E-9     -90563.03404523943
7.9496197388688E-6        -9.99999999999821E-9     -90562.95605651209
7.95311833900964E-6       -9.99999999999821E-9     -90562.88414021696
7.956616939150482E-6      -9.99999999999821E-9     -90562.55445990223
7.94321768823626E-6       -7.499999999998658E-9    -90563.45730658868
7.946716288377102E-6      -7.499999999998658E-9    -90563.35745469738
7.950214888517943E-6      -7.499999999998658E-9    -90563.28045497157
7.953713488658785E-6      -7.499999999998658E-9    -90563.11717247096
7.943812837885404E-6      -4.999999999999105E-9    -90563.76122280912
7.947311438026246E-6      -4.999999999999105E-9    -90563.68102491279
7.950810038167087E-6      -4.999999999999105E-9    -90563.60062712233
7.944407987534548E-6      -2.4999999999995525E-9   -90564.06529756551
7.947906587675388E-6      -2.4999999999995525E-9   -90564.08835593294
7.94500313718369E-6       0                        -90564.49700891705
7.941510275559143E-6      0                        -90564.08822241239
7.938017413934594E-6      0                        -90563.85208593702
7.934524552310046E-6      0                        -90563.62189951958
7.94091512591E-6          -2.4999999999995525E-9   -90563.80362416756
7.937422264285452E-6      -2.4999999999995525E-9   -90563.56845330299
7.940319976260857E-6      -4.999999999999105E-9    -90563.51918223711
7.958974583681881E-6      0                        -90563.34889719907
7.955481722057334E-6      0                        -90563.56518993128
7.951988860432786E-6      0                        -90563.9546853138
7.948495998808237E-6      0                        -90564.35027701526
7.958385172549031E-6      -2.4999999999995525E-9   -90563.02099386143
7.954892310924484E-6      -2.4999999999995525E-9   -90563.3849084927
7.951399449299937E-6      -2.4999999999995525E-9   -90563.77538407687
7.957795761416182E-6      -4.999999999999105E-9    -90562.82135038738
7.954302899791634E-6      -4.999999999999105E-9    -90563.20478427023
7.957206350283332E-6      -7.499999999998658E-9    -90562.62186632567
7.960115539291322E-6      -9.99999999999821E-9     -90561.67740424082
7.963614139432163E-6      -9.99999999999821E-9     -90560.97363202384
7.967112739573003E-6      -9.99999999999821E-9     -90560.27607909837
7.970611339713844E-6      -9.99999999999821E-9     -90559.31938378175
7.960704950424171E-6      -7.499999999998658E-9    -90561.89626706573
7.964203550565013E-6      -7.499999999998658E-9    -90561.19349836702
7.967702150705852E-6      -7.499999999998658E-9    -90560.40392329304
7.961294361557021E-6      -4.999999999999105E-9    -90562.1152914993
7.964792961697863E-6      -4.999999999999105E-9    -90561.40903942587
7.961883772689871E-6      -2.4999999999995525E-9   -90562.4185484497
8.194521748727643E-6      -9.99999999999821E-9     -90170.84526526928
8.198020348868483E-6      -9.99999999999821E-9     -90159.50197653033
8.201518949009324E-6      -9.99999999999821E-9     -90148.34237360524
8.205017549150164E-6      -9.99999999999821E-9     -90137.19147507212
8.195013605083516E-6      -7.499999999998658E-9    -90169.46437753752
8.198512205224356E-6      -7.499999999998658E-9    -90158.28259120484
8.202010805365195E-6      -7.499999999998658E-9    -90147.12416345208
8.205509405506035E-6      -7.499999999998658E-9    -90135.87175412782
8.195505461439387E-6      -4.999999999999105E-9    -90168.22754646235
8.199004061580229E-6      -4.999999999999105E-9    -90157.06336426764
8.202502661721068E-6      -4.999999999999105E-9    -90145.90137195055
8.195997317795258E-6      -2.4999999999995525E-9   -90166.99087201143
8.1994959179361E-6        -2.4999999999995525E-9   -90155.93752204557
8.196489174151131E-6      0                        -90165.89337500317
8.206967759024775E-6      0                        -90131.81143093693
8.203474897400226E-6      0                        -90143.25604288708
8.199982035775678E-6      0                        -90154.7093714547
8.206481641185194E-6      -2.4999999999995525E-9   -90133.13048953145
8.202988779560647E-6      -2.4999999999995525E-9   -90144.5762606432
8.205995523345616E-6      -4.999999999999105E-9    -90134.44970194063
8.192996312526584E-6      0                        -90176.55156042785
8.189503450902036E-6      0                        -90187.3919766382
8.186010589277487E-6      0                        -90198.24096481522
8.18251772765294E-6       0                        -90208.8214487423
8.192504456170711E-6      -2.4999999999995525E-9   -90177.80566415116
8.189011594546164E-6      -2.4999999999995525E-9   -90188.64723376471
8.185518732921615E-6      -2.4999999999995525E-9   -90199.40473423665
8.19201259981484E-6       -4.999999999999105E-9    -90179.05992273474
8.188519738190291E-6      -4.999999999999105E-9    -90189.90767459292
8.191520743458967E-6      -7.499999999998658E-9    -90180.41701517397
8.18052734816428E-6       -9.99999999999821E-9     -90213.50488032796
8.18402594830512E-6       -9.99999999999821E-9     -90202.76798308457
8.18752454844596E-6       -9.99999999999821E-9     -90192.21445141773
8.191023148586802E-6      -9.99999999999821E-9     -90181.66947883418
8.181024943036445E-6      -7.499999999998658E-9    -90212.19139499322
8.184523543177286E-6      -7.499999999998658E-9    -90201.6158603697
8.188022143318126E-6      -7.499999999998658E-9    -90191.06349772781
8.18152253790861E-6       -4.999999999999105E-9    -90211.02174259975
8.185021138049451E-6      -4.999999999999105E-9    -90200.46389705088
8.182020132780775E-6      -2.4999999999995525E-9   -90209.85224781331
7.974109939854685E-6      -9.99999999999821E-9     -90557.81692985272
7.977608539995525E-6      -9.99999999999821E-9     -90556.48847457132
7.981107140136366E-6      -9.99999999999821E-9     -90555.16638539828
7.984605740277206E-6      -9.99999999999821E-9     -90553.58416368498
7.971195012330401E-6      -7.499999999998658E-9    -90559.28379307748
7.974693612471241E-6      -7.499999999998658E-9    -90557.93346668473
7.978192212612082E-6      -7.499999999998658E-9    -90556.60602895051
7.981690812752922E-6      -7.499999999998658E-9    -90555.19147661305
7.971778684946959E-6      -4.999999999999105E-9    -90559.38104337547
7.975277285087799E-6      -4.999999999999105E-9    -90558.05016584849
7.978775885228638E-6      -4.999999999999105E-9    -90556.71928217218
7.972362357563515E-6      -2.4999999999995525E-9   -90559.47845383431
7.975860957704354E-6      -2.4999999999995525E-9   -90558.25160015836
7.972946030180072E-6      0                        -90559.70470255993
7.969453168555523E-6      0                        -90560.54484561432
7.965960306930976E-6      0                        -90561.55868723447
7.962467445306429E-6      0                        -90562.5787713968
7.968869495938967E-6      -2.4999999999995525E-9   -90560.46670496144
7.96537663431442E-6       -2.4999999999995525E-9   -90561.48154088862
7.96828582332241E-6       -4.999999999999105E-9    -90560.38872229884
7.986917476678263E-6      0                        -90553.56948841503
7.983424615053716E-6      0                        -90555.03219561547
7.979931753429169E-6      0                        -90556.66909461256
7.97643889180462E-6       0                        -90558.31238233129
7.986339542578E-6         -2.4999999999995525E-9   -90553.44265686795
7.98284668095345E-6       -2.4999999999995525E-9   -90555.05397040557
7.979353819328903E-6      -2.4999999999995525E-9   -90556.69187732847
7.985761608477735E-6      -4.999999999999105E-9    -90553.4452485817
7.982268746853187E-6      -4.999999999999105E-9    -90555.0759038342
7.985183674377471E-6      -7.499999999998658E-9    -90553.44800107928
7.988104340418047E-6      -9.99999999999821E-9     -90551.45768857928
7.991602940558888E-6      -9.99999999999821E-9     -90549.50576594251
7.99510154069973E-6       -9.99999999999821E-9     -90547.56035618245
7.99860014084057E-6       -9.99999999999821E-9     -90545.35390608467
7.98868227451831E-6       -7.499999999998658E-9    -90551.47413588436
7.992180874659152E-6      -7.499999999998658E-9    -90549.5232443354
7.995679474799993E-6      -7.499999999998658E-9    -90547.48496448794
7.989260208618576E-6      -4.999999999999105E-9    -90551.49074611846
7.992758808759415E-6      -4.999999999999105E-9    -90549.53647354475
7.98983814271884E-6       -2.4999999999995525E-9   -90551.59261536636
8.00209874098141E-6       -9.99999999999821E-9     -90542.60479968069
8.00559734112225E-6       -9.99999999999821E-9     -90540.0307170894
8.00909594126309E-6       -9.99999999999821E-9     -90537.46329408833
8.012594541403931E-6      -9.99999999999821E-9     -90534.63371320872
7.99917233642454E-6       -7.499999999998658E-9    -90545.11947394816
8.00267093656538E-6       -7.499999999998658E-9    -90542.52340824709
8.006169536706221E-6      -7.499999999998658E-9    -90539.95036979519
8.009668136847061E-6      -7.499999999998658E-9    -90537.28954482554
7.999744532008514E-6      -4.999999999999105E-9    -90545.01897970238
8.003243132149353E-6      -4.999999999999105E-9    -90542.44218021662
8.006741732290193E-6      -4.999999999999105E-9    -90539.86576398466
8.000316727592485E-6      -2.4999999999995525E-9   -90544.91864674007
8.003815327733324E-6      -2.4999999999995525E-9   -90542.44673704536
8.000888923176456E-6      0                        -90544.94836604955
7.997396061551907E-6      0                        -90547.032328666
7.99390319992736E-6       0                        -90549.29102204973
7.99041033830281E-6       0                        -90551.55625028405
7.996823865967936E-6      -2.4999999999995525E-9   -90547.15174771799
7.993331004343387E-6      -2.4999999999995525E-9   -90549.41146215901
7.996251670383964E-6      -4.999999999999105E-9    -90547.27132593356
8.014860369674645E-6      0                        -90533.84629770496
8.011367508050098E-6      0                        -90536.55023299299
8.00787464642555E-6       0                        -90539.42952374743
8.004381784801003E-6      0                        -90542.3154954251
8.014293912606966E-6      -2.4999999999995525E-9   -90533.91136460859
8.010801050982419E-6      -2.4999999999995525E-9   -90536.76502866682
8.007308189357872E-6      -2.4999999999995525E-9   -90539.64535312238
8.013727455539287E-6      -4.999999999999105E-9    -90534.10718290182
8.01023459391474E-6       -4.999999999999105E-9    -90536.97998390839
8.01316099847161E-6       -7.499999999998658E-9    -90534.30316285713
8.01609314154477E-6       -9.99999999999821E-9     -90531.26318315859
8.019591741685612E-6      -9.99999999999821E-9     -90528.06819206967
8.023090341826452E-6      -9.99999999999821E-9     -90524.88000722296
8.026588941967293E-6      -9.99999999999821E-9     -90521.42820872004
8.016659598612451E-6      -7.499999999998658E-9    -90531.08619730095
8.020158198753291E-6      -7.499999999998658E-9    -90527.89226291298
8.023656798894132E-6      -7.499999999998658E-9    -90524.6099472266
8.017226055680129E-6      -4.999999999999105E-9    -90530.90937519952
8.02072465582097E-6       -4.999999999999105E-9    -90527.71196730799
8.017792512747808E-6      -2.4999999999995525E-9   -90530.8188632246
8.028831816172838E-6      0                        -90520.26789588395
8.025338954548291E-6      0                        -90523.59063922572
8.021846092923742E-6      0                        -90527.08942493738
8.018353231299195E-6      0                        -90530.59503758214
8.028271097621451E-6      -2.4999999999995525E-9   -90520.42541686876
8.024778235996904E-6      -2.4999999999995525E-9   -90523.8985195261
8.021285374372355E-6      -2.4999999999995525E-9   -90527.39835109387
8.027710379070065E-6      -4.999999999999105E-9    -90520.71444891425
8.024217517445517E-6      -4.999999999999105E-9    -90524.20655967949
8.027149660518678E-6      -7.499999999998658E-9    -90521.00364288152
8.030087542108134E-6      -9.99999999999821E-9     -90517.43743573388
8.033586142248974E-6      -9.99999999999821E-9     -90513.62280409572
8.037084742389815E-6      -9.99999999999821E-9     -90509.81512528477
8.040583342530656E-6      -9.99999999999821E-9     -90505.74198281066
8.03064826065952E-6       -7.499999999998658E-9    -90517.16710673111
8.03414686080036E-6       -7.499999999998658E-9    -90513.35354386506
8.037645460941202E-6      -7.499999999998658E-9    -90509.45075709552
8.031208979210906E-6      -4.999999999999105E-9    -90516.89694171886
8.034707579351747E-6      -4.999999999999105E-9    -90513.07967403479
8.031769697762293E-6      -2.4999999999995525E-9   -90516.71358953706
8.06857214365738E-6       -9.99999999999821E-9     -90466.94840478699
8.072070743798223E-6      -9.99999999999821E-9     -90461.10459155281
8.075569343939063E-6      -9.99999999999821E-9     -90455.43934465767
8.079067944079902E-6      -9.99999999999821E-9     -90449.78148987821
8.082566544220744E-6      -9.99999999999821E-9     -90443.85073427536
8.069115646659888E-6      -7.499999999998658E-9    -90466.25441698523
8.07261424680073E-6       -7.499999999998658E-9    -90460.5679099967
8.076112846941571E-6      -7.499999999998658E-9    -90454.90376513726
8.07961144708241E-6       -7.499999999998658E-9    -90449.14685670703
8.069659149662397E-6      -4.999999999999105E-9    -90465.69938922592
8.073157749803236E-6      -4.999999999999105E-9    -90460.03139244465
8.076656349944078E-6      -4.999999999999105E-9    -90454.36229272188
8.070202652664905E-6      -2.4999999999995525E-9   -90465.14452347835
8.073701252805745E-6      -2.4999999999995525E-9   -90459.58310022227
8.070746155667411E-6      0                        -90464.72370589356
8.04280326267103E-6       0                        -90504.21803771875
8.039310401046482E-6      0                        -90508.15834809898
8.035817539421933E-6      0                        -90512.27545724579
8.032324677797386E-6      0                        -90516.39953926657
8.042248282635935E-6      -2.4999999999995525E-9   -90504.46560900389
8.03875542101139E-6       -2.4999999999995525E-9   -90508.55693216571
8.03526255938684E-6       -2.4999999999995525E-9   -90512.6750988342
8.041693302600842E-6      -4.999999999999105E-9    -90504.84550212593
8.038200440976295E-6      -4.999999999999105E-9    -90508.95567625438
8.04113832256575E-6       -7.499999999998658E-9    -90505.22555731316
8.044081942671496E-6      -9.99999999999821E-9     -90501.13232781959
8.047580542812337E-6      -9.99999999999821E-9     -90496.69948398427
8.051079142953179E-6      -9.99999999999821E-9     -90492.27373948734
8.054577743094018E-6      -9.99999999999821E-9     -90487.5802638905
8.04463692270659E-6       -7.499999999998658E-9    -90500.77098027739
8.04813552284743E-6       -7.499999999998658E-9    -90496.33921679406
8.051634122988271E-6      -7.499999999998658E-9    -90491.8171290328
8.045191902741683E-6      -4.999999999999105E-9    -90500.4097968437
8.048690502882525E-6      -4.999999999999105E-9    -90495.97394749447
8.045746882776778E-6      -2.4999999999995525E-9   -90500.1358880385
8.056774709169219E-6      0                        -90485.70171899803
8.05328184754467E-6       0                        -90490.2583311974
8.049788985920124E-6      0                        -90494.99255447878
8.046296124295577E-6      0                        -90499.7338965006
8.056225467650418E-6      -2.4999999999995525E-9   -90486.0369910042
8.052732606025873E-6      -2.4999999999995525E-9   -90490.74529586047
8.049239744401323E-6      -2.4999999999995525E-9   -90495.48058783938
8.05567622613162E-6       -4.999999999999105E-9    -90486.50544813223
8.052183364507072E-6      -4.999999999999105E-9    -90491.2324206001
8.055126984612819E-6      -7.499999999998658E-9    -90486.97406735462
8.058076343234858E-6      -9.99999999999821E-9     -90482.35307633059
8.0615749433757E-6        -9.99999999999821E-9     -90477.3034720665
8.065073543516539E-6      -9.99999999999821E-9     -90472.2611135724
8.058625584753658E-6      -7.499999999998658E-9    -90481.90298133237
8.0621241848945E-6        -7.499999999998658E-9    -90476.85446850846
8.06562278503534E-6       -7.499999999998658E-9    -90471.71436563008
8.059174826272459E-6      -4.999999999999105E-9    -90481.45305044661
8.062673426413299E-6      -4.999999999999105E-9    -90476.39998575234
8.059724067791258E-6      -2.4999999999995525E-9   -90481.0908522653
8.067253294042862E-6      0                        -90469.89546392363
8.063760432418315E-6      0                        -90475.24563310822
8.060267570793766E-6      0                        -90480.60306681803
8.066709791040356E-6      -2.4999999999995525E-9   -90470.46865919817
8.063216929415807E-6      -2.4999999999995525E-9   -90475.81990776541
8.066166288037848E-6      -4.999999999999105E-9    -90471.04201449227
8.166532947600918E-6      -9.99999999999821E-9     -90253.73528688675
8.17003154774176E-6       -9.99999999999821E-9     -90243.6059977574
8.173530147882599E-6      -9.99999999999821E-9     -90233.65966186715
8.177028748023439E-6      -9.99999999999821E-9     -90223.7217396135
8.167036280989377E-6      -7.499999999998658E-9    -90252.49145955313
8.170534881130217E-6      -7.499999999998658E-9    -90242.52329623005
8.174033481271056E-6      -7.499999999998658E-9    -90232.57812272247
8.177532081411896E-6      -7.499999999998658E-9    -90222.53872364032
8.167539614377834E-6      -4.999999999999105E-9    -90251.39114155705
8.171038214518674E-6      -4.999999999999105E-9    -90241.44075501655
8.174536814659514E-6      -4.999999999999105E-9    -90231.49143264486
8.168042947766292E-6      -2.4999999999995525E-9   -90250.29098206045
8.171541547907131E-6      -2.4999999999995525E-9   -90240.45041058812
8.168546281154749E-6      0                        -90249.32900784635
8.179024866028393E-6      0                        -90218.87459310063
8.175532004403844E-6      0                        -90229.10965536155
8.172039142779296E-6      0                        -90239.35314479872
8.178527271156228E-6      -2.4999999999995525E-9   -90220.06160105881
8.175034409531679E-6      -2.4999999999995525E-9   -90230.29781047086
8.178029676284063E-6      -4.999999999999105E-9    -90221.24876483517
8.165053419530202E-6      0                        -90258.77594424167
8.161560557905654E-6      0                        -90268.4044621364
8.158067696281107E-6      0                        -90278.04126228321
8.154574834656558E-6      0                        -90287.41138272453
8.164550086141744E-6      -2.4999999999995525E-9   -90259.89370367283
8.161057224517197E-6      -2.4999999999995525E-9   -90269.52336197265
8.157564362892648E-6      -2.4999999999995525E-9   -90279.06986525183
8.164046752753285E-6      -4.999999999999105E-9    -90261.01161978899
8.160553891128738E-6      -4.999999999999105E-9    -90270.64795731439
8.163543419364828E-6      -7.499999999998658E-9    -90262.23218779315
8.152538547037556E-6      -9.99999999999821E-9     -90291.53200563409
8.156037147178398E-6      -9.99999999999821E-9     -90282.01142919446
8.159535747319237E-6      -9.99999999999821E-9     -90272.67334759377
8.163034347460077E-6      -9.99999999999821E-9     -90263.34353404987
8.153047618942306E-6      -7.499999999998658E-9    -90290.36003554179
8.156546219083147E-6      -7.499999999998658E-9    -90281.00026765061
8.160044819223987E-6      -7.499999999998658E-9    -90271.66334129492
8.153556690847057E-6      -4.999999999999105E-9    -90289.33116497743
8.157055290987897E-6      -4.999999999999105E-9    -90279.98926724543
8.154065762751808E-6      -2.4999999999995525E-9   -90288.30245371207
8.138544146474193E-6      -9.99999999999821E-9     -90326.89068939148
8.142042746615034E-6      -9.99999999999821E-9     -90317.9797469316
8.145541346755875E-6      -9.99999999999821E-9     -90309.2510043016
8.149039946896715E-6      -9.99999999999821E-9     -90300.53038402175
8.139058956895236E-6      -7.499999999998658E-9    -90325.79257707183
8.142557557036078E-6      -7.499999999998658E-9    -90317.04226860692
8.146056157176919E-6      -7.499999999998658E-9    -90308.31467358948
8.149554757317758E-6      -7.499999999998658E-9    -90299.49295387391
8.13957376731628E-6       -4.999999999999105E-9    -90324.83729372763
8.143072367457121E-6      -4.999999999999105E-9    -90316.10495215059
8.146570967597962E-6      -4.999999999999105E-9    -90307.37279738329
8.140088577737323E-6      -2.4999999999995525E-9   -90323.88217038661
8.143587177878165E-6      -2.4999999999995525E-9   -90315.25864955323
8.140603388158367E-6      0                        -90323.06411849738
8.151081973032009E-6      0                        -90296.25102327025
8.147589111407462E-6      0                        -90305.27185877823
8.144096249782914E-6      0                        -90314.30083148622
8.15057290112726E-6       -2.4999999999995525E-9   -90297.29742699617
8.147080039502712E-6      -2.4999999999995525E-9   -90306.31939566991
8.15006382922251E-6       -4.999999999999105E-9    -90298.34398818135
8.137110526533821E-6      0                        -90331.29536337267
8.133617664909272E-6      0                        -90339.70738404668
8.130124803284723E-6      0                        -90348.12739674665
8.126631941660176E-6      0                        -90356.28272047173
8.136595716112776E-6      -2.4999999999995525E-9   -90332.26827514941
8.133102854488227E-6      -2.4999999999995525E-9   -90340.68142125668
8.129609992863681E-6      -2.4999999999995525E-9   -90349.01234528545
8.136080905691732E-6      -4.999999999999105E-9    -90333.24134506416
8.132588044067185E-6      -4.999999999999105E-9    -90341.66159322605
8.135566095270689E-6      -7.499999999998658E-9    -90334.3167208413
8.124549745910831E-6      -9.99999999999821E-9     -90359.8059236412
8.12804834605167E-6       -9.99999999999821E-9     -90351.50617231186
8.131546946192512E-6      -9.99999999999821E-9     -90343.38814746418
8.135045546333353E-6      -9.99999999999821E-9     -90335.27809913886
8.125070294848167E-6      -7.499999999998658E-9    -90358.78402715924
8.128568894989008E-6      -7.499999999998658E-9    -90350.6446627678
8.13206749512985E-6       -7.499999999998658E-9    -90342.52777740562
8.125590843785502E-6      -4.999999999999105E-9    -90357.90465082013
8.129089443926344E-6      -4.999999999999105E-9    -90349.78331572414
8.126111392722838E-6      -2.4999999999995525E-9   -90357.02543509076
8.110555345347469E-6      -9.99999999999821E-9     -90390.27490729948
8.11405394548831E-6       -9.99999999999821E-9     -90382.58704972676
8.11755254562915E-6       -9.99999999999821E-9     -90375.08041680786
8.121051145769991E-6      -9.99999999999821E-9     -90367.58161446809
8.111081632801097E-6      -7.499999999998658E-9    -90389.33135527695
8.114580232941938E-6      -7.499999999998658E-9    -90381.803468093
8.118078833082778E-6      -7.499999999998658E-9    -90374.29796603789
8.12157743322362E-6       -7.499999999998658E-9    -90366.69825962135
8.111607920254727E-6      -4.999999999999105E-9    -90388.52979463848
8.115106520395568E-6      -4.999999999999105E-9    -90381.02004949158
8.118605120536408E-6      -4.999999999999105E-9    -90373.50947208321
8.112134207708355E-6      -2.4999999999995525E-9   -90387.72839511631
8.115632807849196E-6      -2.4999999999995525E-9   -90380.32643600645
8.112660495161985E-6      0                        -90387.06299159159
8.123139080035627E-6      0                        -90363.90455076745
8.11964621841108E-6       0                        -90371.70674089422
8.116153356786532E-6      0                        -90379.51677775646
8.122618531098291E-6      -2.4999999999995525E-9   -90364.801616686
8.119125669473744E-6      -2.4999999999995525E-9   -90372.60492402063
8.122097982160955E-6      -4.999999999999105E-9    -90365.69884132383
8.109167633537436E-6      0                        -90394.0739952991
8.105674771912888E-6      0                        -90401.2650199403
8.10218191028834E-6       0                        -90408.46374591558
8.098689048663792E-6      0                        -90415.39971357935
8.108641346083808E-6      -2.4999999999995525E-9   -90394.89335720005
8.105148484459259E-6      -2.4999999999995525E-9   -90402.08549033065
8.101655622834711E-6      -2.4999999999995525E-9   -90409.19624542778
8.10811505863018E-6       -4.999999999999105E-9    -90395.71287830104
8.10462219700563E-6       -4.999999999999105E-9    -90402.91240770716
8.10758877117655E-6       -7.499999999998658E-9    -90396.63419401018
8.096560944784105E-6      -9.99999999999821E-9     -90418.29121482158
8.100059544924945E-6      -9.99999999999821E-9     -90411.21685506142
8.103558145065786E-6      -9.99999999999821E-9     -90404.32307479292
8.107056745206628E-6      -9.99999999999821E-9     -90397.43697905085
8.097092970754026E-6      -7.499999999998658E-9    -90417.42839039586
8.100591570894867E-6      -7.499999999998658E-9    -90410.5134619326
8.104090171035708E-6      -7.499999999998658E-9    -90403.6208034121
8.097624996723948E-6      -4.999999999999105E-9    -90416.70692666249
8.10112359686479E-6       -4.999999999999105E-9    -90409.81023226542
8.09815702269387E-6       -2.4999999999995525E-9   -90415.9856244494
8.095196187039246E-6      0                        -90421.79884427968
8.091703325414697E-6      0                        -90428.37751799315
8.08821046379015E-6       0                        -90434.96374753464
8.084717602165603E-6      0                        -90441.2882685309
8.094664161069323E-6      -2.4999999999995525E-9   -90422.53820045255
8.091171299444774E-6      -2.4999999999995525E-9   -90429.11797344506
8.087678437820228E-6      -2.4999999999995525E-9   -90435.6167430694
8.0941321350994E-6        -4.999999999999105E-9    -90423.27771620429
8.090639273474853E-6      -4.999999999999105E-9    -90429.86488545028
8.093600109129478E-6      -7.499999999998658E-9    -90424.11852519518
8.086065144361583E-6      -9.99999999999821E-9     -90437.39105958954
8.089563744502425E-6      -9.99999999999821E-9     -90431.11103907831
8.093062344643264E-6      -9.99999999999821E-9     -90424.83855693691
8.08310430870696E-6       -7.499999999998658E-9    -90443.07110721094
8.0866029088478E-6        -7.499999999998658E-9    -90436.76993723103
8.090101508988639E-6      -7.499999999998658E-9    -90430.49102885825
8.083642073193174E-6      -4.999999999999105E-9    -90442.43178843577
8.087140673334014E-6      -4.999999999999105E-9    -90436.1489786589
8.084179837679388E-6      -2.4999999999995525E-9   -90441.79263148023
8.081224740541055E-6      0                        -90447.07421132989
8.077731878916508E-6      0                        -90453.03922339542
8.074239017291959E-6      0                        -90459.01164568399
8.080686976054841E-6      -2.4999999999995525E-9   -90447.73154804065
8.077194114430294E-6      -2.4999999999995525E-9   -90453.69764968273
8.080149211568625E-6      -4.999999999999105E-9    -90448.38904460416
6.754181414235345E-6      -7.499999999998658E-9    -80588.07675329316
6.755264337769378E-6      -4.999999999999105E-9    -80608.00860779788
6.75634726130341E-6       -2.4999999999995525E-9   -80627.93990551773
6.757430184837442E-6      0                        -80647.97708341107
6.75177147614483E-6       -4.999999999999105E-9    -80544.33830058116
6.752854399678863E-6      -2.4999999999995525E-9   -80564.24201576778
6.753937323212894E-6      0                        -80584.1451707093
6.749361538054314E-6      -2.4999999999995525E-9   -80500.56766341452
6.7504444615883466E-6     0                        -80520.47260916144
6.746951599963798E-6      0                        -80456.79432383066
6.759845861444251E-6      -2.4999999999995525E-9   -80691.2949965432
6.758762937910218E-6      -4.999999999999105E-9    -80671.27198408195
6.757680014376186E-6      -7.499999999998658E-9    -80651.31253131577
6.756597090842154E-6      -9.99999999999821E-9     -80631.35252522491
6.762261538051059E-6      -4.999999999999105E-9    -80734.52770117976
6.761178614517027E-6      -7.499999999998658E-9    -80714.5721195339
6.760095690982994E-6      -9.99999999999821E-9     -80694.61388505992
6.764677214657867E-6      -7.499999999998658E-9    -80777.75773478944
6.763594291123834E-6      -9.99999999999821E-9     -80757.8695730532
6.767092891264675E-6      -9.99999999999821E-9     -80820.90193008441
6.771401631335634E-6      0                        -80898.9323777185
6.770324446317894E-6      -2.4999999999995525E-9   -80879.3188934017
6.769247261300154E-6      -4.999999999999105E-9    -80859.81083610453
6.7681700762824145E-6     -7.499999999998658E-9    -80840.3022384787
6.7738230464587355E-6     -2.4999999999995525E-9   -80941.64905900364
6.772745861440995E-6      -4.999999999999105E-9    -80922.05016333904
6.771668676423256E-6      -7.499999999998658E-9    -80902.5143687975
6.770591491405515E-6      -9.99999999999821E-9     -80882.97803740116
6.776244461581836E-6      -4.999999999999105E-9    -80984.28102947195
6.775167276564096E-6      -7.499999999998658E-9    -80964.74952691252
6.774090091546356E-6      -9.99999999999821E-9     -80945.21492274749
6.7786658767049375E-6     -7.499999999998658E-9    -81026.91037205834
6.777588691687197E-6      -9.99999999999821E-9     -81007.44625154826
6.781087291828037E-6      -9.99999999999821E-9     -81069.45437168008
6.765754399675607E-6      -4.999999999999105E-9    -80797.17085380407
6.766831584693346E-6      -2.4999999999995525E-9   -80816.65173013703
6.767908769711086E-6      0                        -80836.1320626674
6.763338723068799E-6      -2.4999999999995525E-9   -80754.00822466619
6.7644159080865385E-6     0                        -80773.4903038535
6.76092304646199E-6       0                        -80710.84293540713
6.782158738329483E-6      -7.499999999998658E-9    -81088.43950057929
6.783230184830931E-6      -4.999999999999105E-9    -81107.5329315099
6.784301631332377E-6      -2.4999999999995525E-9   -81126.62583841014
6.785373077833824E-6      0                        -81145.82366547838
6.7797373232063834E-6     -4.999999999999105E-9    -81045.90816604492
6.780808769707831E-6      -2.4999999999995525E-9   -81064.97418893866
6.781880216209277E-6      0                        -81084.03968431591
6.777315908083283E-6      -2.4999999999995525E-9   -81003.34619016836
6.7783873545847296E-6     0                        -81022.41338809907
6.774894492960181E-6      0                        -80960.7815974657
6.787800231473217E-6      -2.4999999999995525E-9   -81187.94593100325
6.786728784971771E-6      -4.999999999999105E-9    -81168.76283260249
6.785657338470325E-6      -7.499999999998658E-9    -81149.64250149629
6.784585891968878E-6      -9.99999999999821E-9     -81130.52164984589
6.790227385112612E-6      -4.999999999999105E-9    -81229.98402310675
6.789155938611165E-6      -7.499999999998658E-9    -81210.86808673295
6.788084492109718E-6      -9.99999999999821E-9     -81191.74891798073
6.792654538752005E-6      -7.499999999998658E-9    -81272.01953146973
6.7915830922505595E-6     -9.99999999999821E-9     -81252.97074591948
6.7950816923914E-6        -9.99999999999821E-9     -81313.97014000236
6.799344524332015E-6      0                        -81388.70978608918
6.798278816346861E-6      -2.4999999999995525E-9   -81369.91988101948
6.797213108361708E-6      -4.999999999999105E-9    -81351.23430963105
6.796147400376554E-6      -7.499999999998658E-9    -81332.5482303488
6.801777416487702E-6      -2.4999999999995525E-9   -81430.24415091469
6.8007117085025485E-6     -4.999999999999105E-9    -81411.46883185425
6.799646000517395E-6      -7.499999999998658E-9    -81392.75604645915
6.798580292532241E-6      -9.99999999999821E-9     -81374.04275666714
6.804210308643389E-6      -4.999999999999105E-9    -81471.6949310349
6.803144600658235E-6      -7.499999999998658E-9    -81452.98633384927
6.802078892673081E-6      -9.99999999999821E-9     -81434.27468268873
6.806643200799075E-6      -7.499999999998658E-9    -81513.14317254777
6.805577492813921E-6      -9.99999999999821E-9     -81494.50128588767
6.809076092954762E-6      -9.99999999999821E-9     -81554.50697075842
6.793720246737159E-6      -4.999999999999105E-9    -81290.61022421307
6.794785954722313E-6      -2.4999999999995525E-9   -81309.26910586939
6.795851662707468E-6      0                        -81327.92747613491
6.791293093097765E-6      -2.4999999999995525E-9   -81248.64185143799
6.79235880108292E-6       0                        -81267.30188021266
6.788865939458372E-6      0                        -81206.67090612586
6.810136062423624E-6      -7.499999999998658E-9    -81572.68592004717
6.8111960318924845E-6     -4.999999999999105E-9    -81590.97217516553
6.812256001361347E-6      -2.4999999999995525E-9   -81609.25793836065
6.813315970830207E-6      0                        -81627.64741084876
6.807703170267937E-6      -4.999999999999105E-9    -81531.3347217639
6.8087631397367985E-6     -2.4999999999995525E-9   -81549.59390141931
6.80982310920566E-6       0                        -81567.85258564519
6.80527027811225E-6       -2.4999999999995525E-9   -81489.95317565024
6.806330247581112E-6      0                        -81508.21347441396
6.8028373859565635E-6     0                        -81448.56910227865
6.815754601502186E-6      -2.4999999999995525E-9   -81668.60007430705
6.814694632033327E-6      -4.999999999999105E-9    -81650.22484903477
6.813634662564464E-6      -7.499999999998658E-9    -81631.91199378994
6.812574693095602E-6      -9.99999999999821E-9     -81613.59865012822
6.818193232174166E-6      -4.999999999999105E-9    -81709.46975783973
6.817133262705305E-6      -7.499999999998658E-9    -81691.16068365224
6.816073293236444E-6      -9.99999999999821E-9     -81672.8489344353
6.820631862846145E-6      -7.499999999998658E-9    -81750.33694888547
6.819571893377284E-6      -9.99999999999821E-9     -81732.09401428953
6.8230704935181245E-6     -9.99999999999821E-9     -81791.1201762571
7.019394806678525E-6      0                        -84723.8405750424
7.015901945053979E-6      0                        -84677.64004401132
7.0124090834294305E-6     0                        -84631.43611492627
7.008916221804883E-6      0                        -84585.02735805424
7.018420914954058E-6      -2.4999999999995525E-9   -84710.79763325656
7.014928053329511E-6      -2.4999999999995525E-9   -84664.59613031635
7.0114351917049616E-6     -2.4999999999995525E-9   -84618.32982861776
7.017447023229589E-6      -4.999999999999105E-9    -84697.75441366184
7.013954161605041E-6      -4.999999999999105E-9    -84651.55415785403
7.016473131505119E-6      -7.499999999998658E-9    -84684.77674172526
7.004997700841836E-6      -9.99999999999821E-9     -84531.52423312586
7.008496300982676E-6      -9.99999999999821E-9     -84578.06499850379
7.011994901123518E-6      -9.99999999999821E-9     -84624.75578855461
7.015493501264358E-6      -9.99999999999821E-9     -84671.4431219877
7.005977331082598E-6      -7.499999999998658E-9    -84544.7980687437
7.0094759312234376E-6     -7.499999999998658E-9    -84591.46642556041
7.012974531364279E-6      -7.499999999998658E-9    -84638.15622468518
7.006956961323359E-6      -4.999999999999105E-9    -84558.17454766743
7.0104555614642E-6        -4.999999999999105E-9    -84604.86756869704
7.007936591564121E-6      -2.4999999999995525E-9   -84571.55073914878
7.005423360180336E-6      0                        -84537.84649741155
7.0019304985557876E-6     0                        -84490.81490116846
6.998437636931239E-6      0                        -84443.77977740053
6.994944775306692E-6      0                        -84396.53963021045
7.004443729939574E-6      -2.4999999999995525E-9   -84524.49524216412
7.000950868315026E-6      -2.4999999999995525E-9   -84477.46263252926
6.997458006690479E-6      -2.4999999999995525E-9   -84430.3650824626
7.003464099698812E-6      -4.999999999999105E-9    -84511.14369595223
6.999971238074264E-6      -4.999999999999105E-9    -84464.11218447152
7.002484469458051E-6      -7.499999999998658E-9    -84497.85748157426
6.991003300278474E-6      -9.99999999999821E-9     -84341.78231490152
6.994501900419315E-6      -9.99999999999821E-9     -84389.15905729715
6.998000500560155E-6      -9.99999999999821E-9     -84436.68632280071
7.0014991007009955E-6     -9.99999999999821E-9     -84484.21000190922
6.991988669035528E-6      -7.499999999998658E-9    -84355.36949889551
6.99548726917637E-6       -7.499999999998658E-9    -84402.87422531648
6.998985869317211E-6      -7.499999999998658E-9    -84450.40045804242
6.9929740377925835E-6     -4.999999999999105E-9    -84369.05959414478
6.996472637933424E-6      -4.999999999999105E-9    -84416.5890960694
6.993959406549637E-6      -2.4999999999995525E-9   -84382.74938860026
6.991451913682144E-6      0                        -84348.5197867163
6.9879590520575965E-6     0                        -84300.6493775678
6.984466190433048E-6      0                        -84252.7753120898
6.980973328808501E-6      0                        -84204.69585726674
6.990466544925089E-6      -2.4999999999995525E-9   -84334.855053281
6.986973683300541E-6      -2.4999999999995525E-9   -84286.98358902248
6.983480821675994E-6      -2.4999999999995525E-9   -84239.04709511335
6.989481176168035E-6      -4.999999999999105E-9    -84321.1900155245
6.985988314543487E-6      -4.999999999999105E-9    -84273.3197168026
6.988495807410981E-6      -7.499999999998658E-9    -84307.5904749826
6.9770088997151114E-6     -9.99999999999821E-9     -84148.66363104059
6.980507499855952E-6      -9.99999999999821E-9     -84196.88447624589
6.984006099996792E-6      -9.99999999999821E-9     -84245.25627932661
6.987504700137634E-6      -9.99999999999821E-9     -84293.62436691133
6.978000006988458E-6      -7.499999999998658E-9    -84162.5691867434
6.981498607129299E-6      -7.499999999998658E-9    -84210.91853557542
6.984997207270141E-6      -7.499999999998658E-9    -84259.28926379506
6.978991114261806E-6      -4.999999999999105E-9    -84176.5781024276
6.982489714402647E-6      -4.999999999999105E-9    -84224.95228409083
6.979982221535154E-6      -2.4999999999995525E-9   -84190.58670376605
6.977480467183954E-6      0                        -84155.82892022992
6.9739876055594054E-6     0                        -84107.11170404087
6.970494743934858E-6      0                        -84058.39070340322
6.96700188231031E-6       0                        -84009.46381960135
6.976489359910606E-6      -2.4999999999995525E-9   -84141.84545093818
6.972996498286057E-6      -2.4999999999995525E-9   -84093.12713769451
6.96950363666151E-6       -2.4999999999995525E-9   -84044.3437463529
6.975498252637259E-6      -4.999999999999105E-9    -84127.86166376916
6.972005391012711E-6      -4.999999999999105E-9    -84079.14474131618
6.9745071453639115E-6     -7.499999999998658E-9    -84113.94381510727
6.963014499151749E-6      -9.99999999999821E-9     -83952.13552910848
6.966513099292591E-6      -9.99999999999821E-9     -84001.20882738486
6.9700116994334305E-6     -9.99999999999821E-9     -84050.43338872262
6.973510299574271E-6      -9.99999999999821E-9     -84099.65410615916
6.9640113449413876E-6     -7.499999999998658E-9    -83966.36473972494
6.9675099450822306E-6     -7.499999999998658E-9    -84015.56702705252
6.97100854522307E-6       -7.499999999998658E-9    -84064.79047122272
6.965008190731029E-6      -4.999999999999105E-9    -83980.69774466082
6.96850679087187E-6       -4.999999999999105E-9    -84029.92490215875
6.9660050365206686E-6     -2.4999999999995525E-9   -83995.03042150036
6.963509020685762E-6      0                        -83959.7413260767
6.960016159061214E-6      0                        -83910.16894192135
6.956523297436666E-6      0                        -83860.59264590262
6.953030435812119E-6      0                        -83810.80989433499
6.962512174896121E-6      -2.4999999999995525E-9   -83945.43383252432
6.959019313271574E-6      -2.4999999999995525E-9   -83895.86030915185
6.9555264516470265E-6     -2.4999999999995525E-9   -83846.22162210642
6.9615153291064816E-6     -4.999999999999105E-9    -83931.12600734063
6.958022467481934E-6      -4.999999999999105E-9    -83881.55408682552
6.960518483316842E-6      -7.499999999998658E-9    -83916.88457365328
6.949020098588386E-6      -9.99999999999821E-9     -83752.16402207156
6.952518698729227E-6      -9.99999999999821E-9     -83802.09836680419
6.956017298870067E-6      -9.99999999999821E-9     -83852.18414077362
6.959515899010908E-6      -9.99999999999821E-9     -83902.2659431521
6.950022682894319E-6      -7.499999999998658E-9    -83766.72245376055
6.95352128303516E-6       -7.499999999998658E-9    -83816.78603980872
6.957019883176E-6         -7.499999999998658E-9    -83866.87065409026
6.9510252672002524E-6     -4.999999999999105E-9    -83781.38485204877
6.954523867341093E-6      -4.999999999999105E-9    -83831.47337430625
6.952027851506185E-6      -2.4999999999995525E-9   -83796.04690829272
6.94953757418757E-6       0                        -83760.22306382343
6.946044712563023E-6      0                        -83709.78676507951
6.942551850938475E-6      0                        -83659.34642778123
6.939058989313928E-6      0                        -83608.69905488034
6.948534989881637E-6      -2.4999999999995525E-9   -83745.58627100746
6.94504212825709E-6       -2.4999999999995525E-9   -83695.14879067536
6.941549266632542E-6      -2.4999999999995525E-9   -83644.64594385592
6.947532405575704E-6      -4.999999999999105E-9    -83730.94913260991
6.944039543951157E-6      -4.999999999999105E-9    -83680.51323706332
6.9465298212697715E-6     -7.499999999998658E-9    -83716.37849660637
6.935025698025024E-6      -9.99999999999821E-9     -83548.7139207379
6.938524298165865E-6      -9.99999999999821E-9     -83599.51801264714
6.942022898306705E-6      -9.99999999999821E-9     -83650.47365342925
6.945521498447546E-6      -9.99999999999821E-9     -83701.42519566632
6.93603402084725E-6       -7.499999999998658E-9    -83563.60731358145
6.93953262098809E-6       -7.499999999998658E-9    -83614.5405663879
6.943031221128929E-6      -7.499999999998658E-9    -83665.49500475753
6.937042343669476E-6      -4.999999999999105E-9    -83578.60441736088
6.9405409438103165E-6     -4.999999999999105E-9    -83629.56276747986
6.938050666491702E-6      -2.4999999999995525E-9   -83593.60116495255
7.176573579783178E-6      0                        -86595.3527958078
7.17308071815863E-6       0                        -86557.70829489594
7.169587856534081E-6      0                        -86520.21293316048
7.166094994909534E-6      0                        -86482.71563659623
7.1756628117379305E-6     -2.4999999999995525E-9   -86585.28119933639
7.1721699501133815E-6     -2.4999999999995525E-9   -86547.76186293206
7.168677088488834E-6      -2.4999999999995525E-9   -86510.26596782588
7.174752043692682E-6      -4.999999999999105E-9    -86575.3111936429
7.1712591820681334E-6     -4.999999999999105E-9    -86537.81528436535
7.173841275647433E-6      -7.499999999998658E-9    -86565.34104475363
7.176429107743026E-6      -9.99999999999821E-9     -86592.50131745782
7.1799277078838665E-6     -9.99999999999821E-9     -86629.67652456007
7.183426308024707E-6      -9.99999999999821E-9     -86666.84987883102
7.186924908165547E-6      -9.99999999999821E-9     -86703.8124095186
7.177339875788273E-6      -7.499999999998658E-9    -86602.49505356792
7.1808384759291145E-6     -7.499999999998658E-9    -86639.66975101197
7.184337076069956E-6      -7.499999999998658E-9    -86676.7743612036
7.178250643833522E-6      -4.999999999999105E-9    -86612.48864988933
7.1817492439743625E-6     -4.999999999999105E-9    -86649.65997704875
7.17916141187877E-6       -2.4999999999995525E-9   -86622.54463425084
7.190423508306389E-6      -9.99999999999821E-9     -86740.08210182769
7.193922108447228E-6      -9.99999999999821E-9     -86776.50083273742
7.19742070858807E-6       -9.99999999999821E-9     -86812.91784785292
7.20091930872891E-6       -9.99999999999821E-9     -86849.12380469141
7.187829937694504E-6      -7.499999999998658E-9    -86713.42116073085
7.191328537835344E-6      -7.499999999998658E-9    -86749.81871219337
7.194827137976183E-6      -7.499999999998658E-9    -86786.23697158933
7.198325738117026E-6      -7.499999999998658E-9    -86822.58510338105
7.188734967223458E-6      -4.999999999999105E-9    -86723.13426479622
7.1922335673642985E-6     -4.999999999999105E-9    -86759.55519342943
7.19573216750514E-6       -4.999999999999105E-9    -86795.97011329551
7.189639996752414E-6      -2.4999999999995525E-9   -86732.8472363386
7.193138596893254E-6      -2.4999999999995525E-9   -86769.35423607784
7.190545026281369E-6      0                        -86742.66196210297
7.187052164656822E-6      0                        -86705.77497108461
7.183559303032273E-6      0                        -86669.0372006457
7.180066441407726E-6      0                        -86632.29763153585
7.186147135127866E-6      -2.4999999999995525E-9   -86696.08549223369
7.182654273503317E-6      -2.4999999999995525E-9   -86659.34722649226
7.18524210559891E-6       -4.999999999999105E-9    -86686.39587746646
7.20451647277956E-6       0                        -86886.96002878064
7.2010236111550125E-6     0                        -86850.82569526281
7.197530749530464E-6      0                        -86814.84070409325
7.194037887905917E-6      0                        -86778.85405086992
7.203617181766897E-6      -2.4999999999995525E-9   -86877.39843709885
7.20012432014235E-6       -2.4999999999995525E-9   -86841.38948613667
7.196631458517801E-6      -2.4999999999995525E-9   -86805.40403740501
7.2027178907542345E-6     -4.999999999999105E-9    -86867.93879127427
7.199225029129687E-6      -4.999999999999105E-9    -86831.95315157267
7.201818599741573E-6      -7.499999999998658E-9    -86858.47902339132
7.204417908869752E-6      -9.99999999999821E-9     -86884.64146467335
7.207916509010592E-6      -9.99999999999821E-9     -86920.3083496383
7.211415109151432E-6      -9.99999999999821E-9     -86955.97365629938
7.214913709292273E-6      -9.99999999999821E-9     -86991.42782651041
7.205317199882413E-6      -7.499999999998658E-9    -86894.1246829782
7.2088158000232545E-6     -7.499999999998658E-9    -86929.79113424294
7.212314400164094E-6      -7.499999999998658E-9    -86965.38751919511
7.206216490895076E-6      -4.999999999999105E-9    -86903.60778260413
7.209715091035916E-6      -4.999999999999105E-9    -86939.27100450578
7.2071157819077385E-6     -2.4999999999995525E-9   -86913.1536751012
7.218487919277751E-6      0                        -87028.26559685172
7.214995057653202E-6      0                        -86992.8792820223
7.211502196028655E-6      0                        -86957.64243454245
7.208009334404107E-6      0                        -86922.40406207221
7.2175943667813805E-6     -2.4999999999995525E-9   -87018.95343538397
7.214101505156833E-6      -2.4999999999995525E-9   -86983.69264691032
7.210608643532286E-6      -2.4999999999995525E-9   -86948.455379276
7.216700814285012E-6      -4.999999999999105E-9    -87009.74341787022
7.2132079526604645E-6     -4.999999999999105E-9    -86974.50589663177
7.215807261788642E-6      -7.499999999998658E-9    -87000.53328855464
7.218412309433113E-6      -9.99999999999821E-9     -87026.19809078147
7.221910909573954E-6      -9.99999999999821E-9     -87061.11769999636
7.225409509714795E-6      -9.99999999999821E-9     -87096.03586883741
7.2289081098556354E-6     -9.99999999999821E-9     -87130.74281360269
7.219305861929482E-6      -7.499999999998658E-9    -87035.43161633488
7.222804462070323E-6      -7.499999999998658E-9    -87070.35082932604
7.226303062211163E-6      -7.499999999998658E-9    -87105.20001617465
7.220199414425852E-6      -4.999999999999105E-9    -87044.66503345141
7.223698014566693E-6      -4.999999999999105E-9    -87079.58111651803
7.221092966922221E-6      -2.4999999999995525E-9   -87053.96147546703
7.232459365775942E-6      0                        -87166.596784929
7.228966504151394E-6      0                        -87131.95392044878
7.2254736425268464E-6     0                        -87097.46070391466
7.221980780902298E-6      0                        -87062.96609988608
7.231571551795865E-6      -2.4999999999995525E-9   -87157.53034397983
7.228078690171317E-6      -2.4999999999995525E-9   -87123.01319553753
7.22458582854677E-6       -2.4999999999995525E-9   -87088.51959591752
7.230683737815789E-6      -4.999999999999105E-9    -87148.56630499028
7.227190876191241E-6      -4.999999999999105E-9    -87114.07236552326
7.229795923835713E-6      -7.499999999998658E-9    -87139.60216424763
7.232406709996477E-6      -9.99999999999821E-9     -87164.7702367998
7.235905310137316E-6      -9.99999999999821E-9     -87198.9470796471
7.239403910278157E-6      -9.99999999999821E-9     -87233.12262047688
7.242902510418997E-6      -9.99999999999821E-9     -87267.08666476642
7.233294523976552E-6      -7.499999999998658E-9    -87173.75770556695
7.236793124117394E-6      -7.499999999998658E-9    -87207.93418932433
7.240291724258233E-6      -7.499999999998658E-9    -87242.04058162315
7.23418233795663E-6       -4.999999999999105E-9    -87182.74507593091
7.23768093809747E-6       -4.999999999999105E-9    -87216.91848913685
7.235070151936706E-6      -2.4999999999995525E-9   -87191.7957294789
7.2848857121090845E-6     -9.99999999999821E-9     -87658.45843162334
7.288384312249925E-6      -9.99999999999821E-9     -87689.55595274115
7.291882912390766E-6      -9.99999999999821E-9     -87720.80342172361
7.295381512531607E-6      -9.99999999999821E-9     -87752.0501461218
7.298880112672447E-6      -9.99999999999821E-9     -87783.08185106523
7.28575057202399E-6       -7.499999999998658E-9    -87666.36761027429
7.28924917216483E-6       -7.499999999998658E-9    -87697.59433345076
7.292747772305671E-6      -7.499999999998658E-9    -87728.84158834752
7.296246372446511E-6      -7.499999999998658E-9    -87760.01693614139
7.286615431938895E-6      -4.999999999999105E-9    -87674.38310366028
7.290114032079736E-6      -4.999999999999105E-9    -87705.6326538163
7.293612632220577E-6      -4.999999999999105E-9    -87736.87624956442
7.287480291853801E-6      -2.4999999999995525E-9   -87682.39853341672
7.290978891994641E-6      -2.4999999999995525E-9   -87713.7352016911
7.288345151768706E-6      0                        -87690.51787594658
7.284852290144157E-6      0                        -87658.80645500094
7.281359428519611E-6      0                        -87627.24603376334
7.2778665668950625E-6     0                        -87595.68477908344
7.274373705270515E-6      0                        -87563.91571547667
7.283987430229254E-6      -2.4999999999995525E-9   -87650.81389820382
7.280494568604705E-6      -2.4999999999995525E-9   -87619.25323865996
7.277001706980158E-6      -2.4999999999995525E-9   -87587.62768205503
7.283122570314348E-6      -4.999999999999105E-9    -87642.82127449175
7.2796297086898E-6        -4.999999999999105E-9    -87611.2634864284
7.282257710399442E-6      -7.499999999998658E-9    -87634.8988516927
7.270891311545723E-6      -9.99999999999821E-9     -87530.92841147272
7.274389911686564E-6      -9.99999999999821E-9     -87562.75240486443
7.2778885118274035E-6     -9.99999999999821E-9     -87594.72621721303
7.281387111968244E-6      -9.99999999999821E-9     -87626.6991450423
7.271761909976921E-6      -7.499999999998658E-9    -87539.07009094369
7.275260510117761E-6      -7.499999999998658E-9    -87571.02287893694
7.278759110258602E-6      -7.499999999998658E-9    -87602.9964414884
7.272632508408119E-6      -4.999999999999105E-9    -87547.31754272456
7.27613110854896E-6       -4.999999999999105E-9    -87579.29328346085
7.273503106839317E-6      -2.4999999999995525E-9   -87555.5649216548
7.246430812274133E-6      0                        -87301.97113022751
7.242937950649586E-6      0                        -87268.06730660103
7.2394450890250375E-6     0                        -87234.31338476451
7.23595222740049E-6       0                        -87200.55821334885
7.24554873681035E-6       -2.4999999999995525E-9   -87293.14675810127
7.242055875185802E-6      -2.4999999999995525E-9   -87259.36889704101
7.238563013561255E-6      -2.4999999999995525E-9   -87225.61462884309
7.244666661346565E-6      -4.999999999999105E-9    -87284.42511981455
7.241173799722017E-6      -4.999999999999105E-9    -87250.67039223481
7.2437845858827814E-6     -7.499999999998658E-9    -87275.70338961593
7.246401110559838E-6      -9.99999999999821E-9     -87300.3755358052
7.249899710700679E-6      -9.99999999999821E-9     -87333.8139279387
7.2533983108415195E-6     -9.99999999999821E-9     -87367.25115682387
7.25689691098236E-6       -9.99999999999821E-9     -87400.47640646259
7.247283186023623E-6      -7.499999999998658E-9    -87309.1205087849
7.250781786164462E-6      -7.499999999998658E-9    -87342.55857861422
7.254280386305304E-6      -7.499999999998658E-9    -87375.92637239445
7.248165261487406E-6      -4.999999999999105E-9    -87317.8653931871
7.2516638616282465E-6     -4.999999999999105E-9    -87351.300408949
7.24904733695119E-6       -2.4999999999995525E-9   -87326.67385345513
7.270880843645968E-6      0                        -87531.4775868301
7.26738798202142E-6       0                        -87499.18993183417
7.2638951203968715E-6     0                        -87466.90130429763
7.260402258772324E-6      0                        -87434.405345938
7.270010245214769E-6      -2.4999999999995525E-9   -87523.25321592802
7.266517383590222E-6      -2.4999999999995525E-9   -87490.96528696557
7.263024521965673E-6      -2.4999999999995525E-9   -87458.61245935163
7.269139646783571E-6      -4.999999999999105E-9    -87515.02876887332
7.265646785159023E-6      -4.999999999999105E-9    -87482.74340999848
7.268269048352372E-6      -7.499999999998658E-9    -87506.87384461808
7.256909397147776E-6      0                        -87401.23640166239
7.253416535523229E-6      0                        -87368.21763960892
7.24992367389868E-6       0                        -87335.19776629834
7.259525921824834E-6      -2.4999999999995525E-9   -87425.81949813027
7.256033060200285E-6      -2.4999999999995525E-9   -87392.77677323585
7.2525401985757375E-6     -2.4999999999995525E-9   -87359.75770119553
7.258649584877342E-6      -4.999999999999105E-9    -87417.33674718585
7.255156723252795E-6      -4.999999999999105E-9    -87384.31705921299
7.257773247929852E-6      -7.499999999998658E-9    -87408.85391396351
7.2603955111232E-6        -9.99999999999821E-9     -87433.03086041872
7.263894111264041E-6      -9.99999999999821E-9     -87465.73496495489
7.267392711404882E-6      -9.99999999999821E-9     -87498.43804541318
7.2612718480706915E-6     -7.499999999998658E-9    -87441.53683031889
7.264770448211533E-6      -7.499999999998658E-9    -87474.24064898353
7.2621481850181825E-6     -4.999999999999105E-9    -87450.04272125958
7.302378712813287E-6      -9.99999999999821E-9     -87813.4565170343
7.305877312954128E-6      -9.99999999999821E-9     -87843.98139943164
7.3093759130949685E-6     -9.99999999999821E-9     -87874.5056775434
7.31287451323581E-6       -9.99999999999821E-9     -87904.81330024985
7.299739234071059E-6      -7.499999999998658E-9    -87790.76169069644
7.3032378342119E-6        -7.499999999998658E-9    -87821.26615726881
7.3067364343527415E-6     -7.499999999998658E-9    -87851.79086092352
7.310235034493581E-6      -7.499999999998658E-9    -87882.24277632058
7.300598355469672E-6      -4.999999999999105E-9    -87798.54861314861
7.304096955610513E-6      -4.999999999999105E-9    -87829.07574615741
7.307595555751353E-6      -4.999999999999105E-9    -87859.59641329682
7.301457476868285E-6      -2.4999999999995525E-9   -87806.33548098663
7.304956077009126E-6      -2.4999999999995525E-9   -87836.94976768296
7.302316598266897E-6      0                        -87814.22675639803
7.298823736642349E-6      0                        -87783.23844082672
7.295330875017802E-6      0                        -87752.40159744279
7.2918380133932545E-6     0                        -87721.56406008461
7.297964615243737E-6      -2.4999999999995525E-9   -87775.47427630772
7.294471753619189E-6      -2.4999999999995525E-9   -87744.63722991334
7.297105493845125E-6      -4.999999999999105E-9    -87767.7100539065
7.316288044765088E-6      0                        -87935.05678380649
7.312795183140541E-6      0                        -87904.78801385454
7.309302321515993E-6      0                        -87874.67112364185
7.3058094598914455E-6     0                        -87844.55367928144
7.315434661882769E-6      -2.4999999999995525E-9   -87927.3903051307
7.311941800258222E-6      -2.4999999999995525E-9   -87897.24892240684
7.308448938633674E-6      -2.4999999999995525E-9   -87867.13186411011
7.3145812790004495E-6     -4.999999999999105E-9    -87919.82867412071
7.311088417375901E-6      -4.999999999999105E-9    -87889.7097819048
7.313727896118129E-6      -7.499999999998658E-9    -87912.26699730709
7.3163731133766494E-6     -9.99999999999821E-9     -87934.4686104036
7.319871713517492E-6      -9.99999999999821E-9     -87964.27456993258
7.323370313658332E-6      -9.99999999999821E-9     -87994.08006582751
7.3268689137991725E-6     -9.99999999999821E-9     -88023.66746308003
7.31722649625897E-6       -7.499999999998658E-9    -87942.05284133938
7.320725096399811E-6      -7.499999999998658E-9    -87971.85865709631
7.324223696540651E-6      -7.499999999998658E-9    -88001.59099352383
7.31807987914129E-6       -4.999999999999105E-9    -87949.63702972219
7.3215784792821305E-6     -4.999999999999105E-9    -87979.4385322584
7.31893326202361E-6       -2.4999999999995525E-9   -87957.2858680004
7.330367513940012E-6      -9.99999999999821E-9     -88052.60661827098
7.333866114080853E-6      -9.99999999999821E-9     -88081.69702825445
7.337364714221695E-6      -9.99999999999821E-9     -88110.78711559663
7.340863314362534E-6      -9.99999999999821E-9     -88139.65843250927
7.327716558165199E-6      -7.499999999998658E-9    -88030.89830603283
7.33121515830604E-6       -7.499999999998658E-9    -88059.9686938776
7.33471375844688E-6       -7.499999999998658E-9    -88089.05899468237
7.338212358587721E-6      -7.499999999998658E-9    -88118.07563765692
7.328564202531226E-6      -4.999999999999105E-9    -88038.23792929256
7.3320628026720665E-6     -4.999999999999105E-9    -88067.3307355194
7.335561402812907E-6      -4.999999999999105E-9    -88096.41672763551
7.329411846897252E-6      -2.4999999999995525E-9   -88045.5775153548
7.332910447038094E-6      -2.4999999999995525E-9   -88074.75769510903
7.3302594912632795E-6     0                        -88053.02226253178
7.326766629638732E-6      0                        -88023.46954422825
7.323273768014184E-6      0                        -87994.0689670418
7.319780906389636E-6      0                        -87964.66797588099
7.325918985272704E-6      -2.4999999999995525E-9   -88016.15239585849
7.3224261236481585E-6     -2.4999999999995525E-9   -87986.75168514081
7.325071340906678E-6      -4.999999999999105E-9    -88008.83520705857
7.3442309377614706E-6     0                        -88168.13684433054
7.340738076136922E-6      0                        -88139.29679946203
7.337245214512375E-6      0                        -88110.60902615935
7.333752352887827E-6      0                        -88081.9209793908
7.343389031911736E-6      -2.4999999999995525E-9   -88160.9109151458
7.339896170287188E-6      -2.4999999999995525E-9   -88132.19866580663
7.336403308662641E-6      -2.4999999999995525E-9   -88103.51079314707
7.3425471260620025E-6     -4.999999999999105E-9    -88153.79037509707
7.339054264437455E-6      -4.999999999999105E-9    -88125.10050014194
7.3417052202122675E-6     -7.499999999998658E-9    -88146.66980625347
7.344361914503374E-6      -9.99999999999821E-9     -88167.88463937437
7.347860514644215E-6      -9.99999999999821E-9     -88196.26265024807
7.351359114785055E-6      -9.99999999999821E-9     -88224.6404798027
7.354857714925897E-6      -9.99999999999821E-9     -88252.7995688264
7.345203820353109E-6      -7.499999999998658E-9    -88175.02762935768
7.3487024204939485E-6     -7.499999999998658E-9    -88203.40556526452
7.35220102063479E-6       -7.499999999998658E-9    -88231.7100902888
7.346045726202843E-6      -4.999999999999105E-9    -88182.1705937607
7.349544326343683E-6      -4.999999999999105E-9    -88210.54447360436
7.346887632052577E-6      -2.4999999999995525E-9   -88189.3788157902
6.456926649622337E-6      -7.499999999998658E-9    -74117.23119936035
6.458130081998518E-6      -4.999999999999105E-9    -74148.50258624986
6.4593335143747E-6        -2.4999999999995525E-9   -74179.8503542785
6.460536946750881E-6      0                        -74211.1971911008
6.45463722037397E-6       -4.999999999999105E-9    -74058.11821867955
6.455840652750152E-6      -2.4999999999995525E-9   -74089.47030112542
6.457044085126333E-6      0                        -74120.81983508318
6.452347791125604E-6      -2.4999999999995525E-9   -73999.00188222362
6.453551223501786E-6      0                        -74030.43466714676
6.450058361877238E-6      0                        -73939.7790560762
6.448849190984763E-6      -2.4999999999995525E-9   -73907.553370356
6.447640020092288E-6      -4.999999999999105E-9    -73875.45805349057
6.446430849199814E-6      -7.499999999998658E-9    -73843.36178987226
6.445221678307339E-6      -9.99999999999821E-9     -73811.39890387919
6.451138620233129E-6      -4.999999999999105E-9    -73966.7884334313
6.449929449340655E-6      -7.499999999998658E-9    -73934.65459437987
6.448720278448181E-6      -9.99999999999821E-9     -73902.51981123937
6.453428049481495E-6      -7.499999999998658E-9    -74025.98548820925
6.452218878589021E-6      -9.99999999999821E-9     -73993.85343093159
6.455717478729862E-6      -9.99999999999821E-9     -74085.17918029107
6.436086915379046E-6      0                        -73571.34483229164
6.434872005970279E-6      -2.4999999999995525E-9   -73538.38638050083
6.433657096561511E-6      -4.999999999999105E-9    -73505.56014712324
6.432442187152744E-6      -7.499999999998658E-9    -73472.7329487474
6.431227277743976E-6      -9.99999999999821E-9     -73440.04108909908
6.438370606111119E-6      -2.4999999999995525E-9   -73631.46947085968
6.4371556967023514E-6     -4.999999999999105E-9    -73598.52329411346
6.435940787293584E-6      -7.499999999998658E-9    -73565.65784408856
6.434725877884817E-6      -9.99999999999821E-9     -73532.79143166282
6.440654296843193E-6      -4.999999999999105E-9    -73691.48608647668
6.439439387434425E-6      -7.499999999998658E-9    -73658.6217357692
6.438224478025657E-6      -9.99999999999821E-9     -73625.75808956704
6.442937987575266E-6      -7.499999999998658E-9    -73751.49932792739
6.4417230781664985E-6     -9.99999999999821E-9     -73718.71679655796
6.44414715846774E-6       -4.999999999999105E-9    -73783.47967911612
6.445356329360215E-6      -2.4999999999995525E-9   -73815.5374294972
6.4465655002526894E-6     0                        -73847.59423046155
6.441863467735667E-6      -2.4999999999995525E-9   -73723.54824123946
6.443072638628142E-6      0                        -73755.6077796793
6.439579777003594E-6      0                        -73663.61343589719
6.428949325528196E-6      -7.499999999998658E-9    -73379.22100017624
6.430164234936963E-6      -4.999999999999105E-9    -73411.93059729974
6.43137914434573E-6       -2.4999999999995525E-9   -73444.71858756291
6.4325940537544975E-6     0                        -73477.50561023064
6.4266713733124154E-6     -4.999999999999105E-9    -73318.2853867538
6.427886282721183E-6      -2.4999999999995525E-9   -73351.07791370215
6.42910119212995E-6       0                        -73383.86771372543
6.424393421096635E-6      -2.4999999999995525E-9   -73257.34638195846
6.425608330505402E-6      0                        -73290.22184520763
6.422115468880855E-6      0                        -73196.29777509607
6.420894820955794E-6      -2.4999999999995525E-9   -73162.58530899556
6.4196741730307345E-6     -4.999999999999105E-9    -73129.00697448396
6.418453525105674E-6      -7.499999999998658E-9    -73095.42765677068
6.417232877180614E-6      -9.99999999999821E-9     -73061.98563216379
6.423172773171575E-6      -4.999999999999105E-9    -73223.64619562514
6.421952125246515E-6      -7.499999999998658E-9    -73190.02791448781
6.420731477321455E-6      -9.99999999999821E-9     -73156.40865267633
6.425450725387355E-6      -7.499999999998658E-9    -73284.66815239386
6.424230077462295E-6      -9.99999999999821E-9     -73251.0516966892
6.427728677603136E-6      -9.99999999999821E-9     -73345.68671131389
6.278566904634979E-6      -7.499999999998658E-9    -68911.08599682635
6.279844937722967E-6      -4.999999999999105E-9    -68953.58783554347
6.281122970810955E-6      -2.4999999999995525E-9   -68996.08851476035
6.282401003898944E-6      0                        -69038.7473191677
6.276352076098419E-6      -4.999999999999105E-9    -68838.37431330173
6.277630109186407E-6      -2.4999999999995525E-9   -68880.82742366445
6.278908142274396E-6      0                        -68923.27937291947
6.27413724756186E-6       -2.4999999999995525E-9   -68765.59793458346
6.2754152806498475E-6     0                        -68808.0530594486
6.2719224190253E-6        0                        -68692.81806074143
6.284621570951796E-6      -2.4999999999995525E-9   -69110.50885664331
6.283343537863807E-6      -4.999999999999105E-9    -69067.8623265541
6.282065504775819E-6      -7.499999999998658E-9    -69025.31291583121
6.2807874716878315E-6     -9.99999999999821E-9     -68982.76234721584
6.2868421380046475E-6     -4.999999999999105E-9    -69182.1417396171
6.28556410491666E-6       -7.499999999998658E-9    -69139.5923516349
6.284286071828671E-6      -9.99999999999821E-9     -69097.04495387044
6.289062705057499E-6      -7.499999999998658E-9    -69253.77112709585
6.2877846719695115E-6     -9.99999999999821E-9     -69211.31887725405
6.291283272110352E-6      -9.99999999999821E-9     -69325.26174030715
6.296372450397135E-6      0                        -69491.1614499688
6.29510015582544E-6       -2.4999999999995525E-9   -69449.53062978963
6.293827861253744E-6      -4.999999999999105E-9    -69408.05507972058
6.292555566682048E-6      -7.499999999998658E-9    -69366.57838704987
6.298598755966279E-6      -2.4999999999995525E-9   -69561.71143972056
6.297326461394585E-6      -4.999999999999105E-9    -69520.09289181279
6.296054166822889E-6      -7.499999999998658E-9    -69478.5696143821
6.2947818722511924E-6     -9.99999999999821E-9     -69437.04519606946
6.300825061535425E-6      -4.999999999999105E-9    -69632.13497003968
6.299552766963729E-6      -7.499999999998658E-9    -69590.61186023621
6.298280472392034E-6      -9.99999999999821E-9     -69549.09057967327
6.303051367104569E-6      -7.499999999998658E-9    -69702.55500951353
6.301779072532874E-6      -9.99999999999821E-9     -69661.12733357343
6.305277672673715E-6      -9.99999999999821E-9     -69772.83895855928
6.2903349996291966E-6     -4.999999999999105E-9    -69295.10926336447
6.291607294200892E-6      -2.4999999999995525E-9   -69336.53823238332
6.292879588772588E-6      0                        -69377.96605708089
6.288114432576343E-6      -2.4999999999995525E-9   -69223.57699992537
6.2893867271480394E-6     0                        -69265.00796780206
6.285893865523492E-6      0                        -69152.04124495799
6.414960663481127E-6      -7.499999999998658E-9    -73000.22199549085
6.4161813114061855E-6     -4.999999999999105E-9    -73033.68205405063
6.4174019593312455E-6     -2.4999999999995525E-9   -73067.22143324735
6.418622607256307E-6      0                        -73100.75982671489
6.412688449781639E-6      -4.999999999999105E-9    -72938.34092499071
6.413909097706699E-6      -2.4999999999995525E-9   -72971.88504061726
6.415129745631759E-6      0                        -73005.42625082843
6.410416236082151E-6      -2.4999999999995525E-9   -72876.45644710786
6.411636884007211E-6      0                        -72910.08462604787
6.4081440223826636E-6     0                        -72814.46075166533
6.4069176359413096E-6     -2.4999999999995525E-9   -72779.97208814534
6.405691249499957E-6      -4.999999999999105E-9    -72745.61952363024
6.404464863058603E-6      -7.499999999998658E-9    -72711.26595776601
6.403238476617252E-6      -9.99999999999821E-9     -72677.05170415687
6.4091898496407985E-6     -4.999999999999105E-9    -72841.98000376081
6.407963463199445E-6      -7.499999999998658E-9    -72807.58671350365
6.406737076758093E-6      -9.99999999999821E-9     -72773.19242435138
6.411462063340286E-6      -7.499999999998658E-9    -72903.94856052725
6.4102356768989335E-6     -9.99999999999821E-9     -72869.55711685488
6.413734277039774E-6      -9.99999999999821E-9     -72965.91370366428
6.306544228729117E-6      -7.499999999998658E-9    -69813.16649139853
6.3078107847845195E-6     -4.999999999999105E-9    -69853.6511483533
6.309077340839923E-6      -2.4999999999995525E-9   -69894.13467981823
6.310343896895325E-6      0                        -69934.77072881578
6.304317923159972E-6      -4.999999999999105E-9    -69742.90355786192
6.305584479215374E-6      -2.4999999999995525E-9   -69783.3414457666
6.306851035270777E-6      0                        -69823.77820635462
6.302091617590827E-6      -2.4999999999995525E-9   -69672.57893793478
6.30335817364623E-6       0                        -69713.01880839057
6.299865312021682E-6      0                        -69602.25083140294
6.312575940980763E-6      -2.4999999999995525E-9   -70004.14418771697
6.31130938492536E-6       -4.999999999999105E-9    -69963.52036656556
6.3100428288699575E-6     -7.499999999998658E-9    -69922.9900617972
6.308776272814555E-6      -9.99999999999821E-9     -69882.45863336598
6.314807985066201E-6      -4.999999999999105E-9    -70073.39330998051
6.313541429010799E-6      -7.499999999998658E-9    -70032.86325868311
6.312274872955396E-6      -9.99999999999821E-9     -69992.33493403948
6.317040029151639E-6      -7.499999999998658E-9    -70142.638947367
6.315773473096237E-6      -9.99999999999821E-9     -70102.20266141414
6.319272073237077E-6      -9.99999999999821E-9     -70211.75106619403
6.324315343393517E-6      0                        -70369.84160523309
6.323054525854407E-6      -2.4999999999995525E-9   -70330.16852560421
6.321793708315297E-6      -4.999999999999105E-9    -70290.64535576978
6.3205328907761875E-6     -7.499999999998658E-9    -70251.12107775042
6.3265531259952474E-6     -2.4999999999995525E-9   -70438.07197611779
6.325292308456137E-6      -4.999999999999105E-9    -70398.41102678471
6.324031490917028E-6      -7.499999999998658E-9    -70358.84199873853
6.322770673377918E-6      -9.99999999999821E-9     -70319.27186443687
6.328790908596978E-6      -4.999999999999105E-9    -70506.18006676619
6.327530091057868E-6      -7.499999999998658E-9    -70466.61128119873
6.326269273518758E-6      -9.99999999999821E-9     -70427.04421590558
6.331028691198708E-6      -7.499999999998658E-9    -70574.28467980967
6.329767873659599E-6      -9.99999999999821E-9     -70534.80805323503
6.333266473800439E-6      -9.99999999999821E-9     -70642.25829622189
6.318300846690749E-6      -4.999999999999105E-9    -70182.02954716844
6.319561664229859E-6      -2.4999999999995525E-9   -70221.50797175843
6.320822481768969E-6      0                        -70260.98528623403
6.3160688026053114E-6     -2.4999999999995525E-9   -70112.87766060761
6.317329620144421E-6      0                        -70152.35805080351
6.313836758519873E-6      0                        -70043.7222936791
6.334521552823258E-6      -7.499999999998658E-9    -70680.70100536016
6.335776631846074E-6      -4.999999999999105E-9    -70719.29516389355
6.337031710868892E-6      -2.4999999999995525E-9   -70757.8882317203
6.338286789891708E-6      0                        -70796.62871658975
6.332283770221526E-6      -4.999999999999105E-9    -70612.74760797256
6.333538849244344E-6      -2.4999999999995525E-9   -70651.2968131112
6.334793928267161E-6      0                        -70689.84492551579
6.330045987619795E-6      -2.4999999999995525E-9   -70544.73513921458
6.331301066642613E-6      0                        -70583.2862923991
6.327808205018065E-6      0                        -70476.71919762451
6.340530311009732E-6      -2.4999999999995525E-9   -70863.74793343435
6.3392752319869146E-6     -4.999999999999105E-9    -70825.01949452287
6.3380201529640975E-6     -7.499999999998658E-9    -70786.38146800402
6.33676507394128E-6       -9.99999999999821E-9     -70747.74235280599
6.342773832127755E-6      -4.999999999999105E-9    -70930.74687142766
6.341518753104938E-6      -7.499999999998658E-9    -70892.1090768808
6.340263674082121E-6      -9.99999999999821E-9     -70853.47299513797
6.3450173532457784E-6     -7.499999999998658E-9    -70997.74234037774
6.343762274222961E-6      -9.99999999999821E-9     -70959.19518516463
6.347260874363802E-6      -9.99999999999821E-9     -71064.60926417424
6.352258236389899E-6      0                        -71215.3752903626
6.3510088958833745E-6     -2.4999999999995525E-9   -71177.53838137366
6.3497595553768506E-6     -4.999999999999105E-9    -71139.84647226235
6.348510214870326E-6      -7.499999999998658E-9    -71102.15349007727
6.354507496024216E-6      -2.4999999999995525E-9   -71281.41388692963
6.353258155517692E-6      -4.999999999999105E-9    -71243.58897961822
6.352008815011167E-6      -7.499999999998658E-9    -71205.85300687084
6.350759474504642E-6      -9.99999999999821E-9     -71168.1159631707
6.356756755658532E-6      -4.999999999999105E-9    -71347.3341716632
6.3555074151520076E-6     -7.499999999998658E-9    -71309.59847304343
6.354258074645483E-6      -9.99999999999821E-9     -71271.86442651224
6.359006015292848E-6      -7.499999999998658E-9    -71413.25099719019
6.357756674786323E-6      -9.99999999999821E-9     -71375.60450197832
6.3612552749271645E-6     -9.99999999999821E-9     -71479.04165046859
6.346266693752303E-6      -4.999999999999105E-9    -71035.30644684559
6.347516034258828E-6      -2.4999999999995525E-9   -71072.95537119306
6.348765374765351E-6      0                        -71110.60322034567
6.34402317263428E-6       -2.4999999999995525E-9   -70968.4016023468
6.345272513140804E-6      0                        -71006.05245658798
6.3417796515162555E-6     0                        -70901.49329383572
6.362498876917395E-6      -7.499999999998658E-9    -71515.71494881422
6.363742478907627E-6      -4.999999999999105E-9    -71552.53446140538
6.364986080897859E-6      -2.4999999999995525E-9   -71589.352918692
6.36622968288809E-6       0                        -71626.31398749871
6.36024961728308E-6       -4.999999999999105E-9    -71449.94382876923
6.3614932192733105E-6     -2.4999999999995525E-9   -71486.7201569836
6.362736821263543E-6      0                        -71523.49542768297
6.358000357648763E-6      -2.4999999999995525E-9   -71384.11619160562
6.359243959638995E-6      0                        -71420.89443099173
6.355751098014447E-6      0                        -71318.28510051912
6.368484681038699E-6      -2.4999999999995525E-9   -71691.3011752907
6.3672410790484675E-6     -4.999999999999105E-9    -71654.35210957873
6.365997477058237E-6      -7.499999999998658E-9    -71617.4904616291
6.364753875068005E-6      -9.99999999999821E-9     -71580.62776058527
6.370739679189309E-6      -4.999999999999105E-9    -71756.17196652126
6.369496077199077E-6      -7.499999999998658E-9    -71719.31071671336
6.368252475208846E-6      -9.99999999999821E-9     -71682.45097585961
6.3729946773399176E-6     -7.499999999998658E-9    -71821.03930964303
6.371751075349687E-6      -9.99999999999821E-9     -71784.26587020759
6.375249675490527E-6      -9.99999999999821E-9     -71885.78278243438
6.376487538964466E-6      -7.499999999998658E-9    -71921.61154829088
6.377725402438404E-6      -4.999999999999105E-9    -71957.58410732847
6.378963265912343E-6      -2.4999999999995525E-9   -71993.55562894978
6.3802011293862814E-6     0                        -72029.66745425442
6.374232540813856E-6      -4.999999999999105E-9    -71856.88722013259
6.3754704042877955E-6     -2.4999999999995525E-9   -71892.81743213857
6.376708267761733E-6      0                        -71928.7466044328
6.371977542663247E-6      -2.4999999999995525E-9   -71792.10767218916
6.373215406137186E-6      0                        -71828.039776097
6.369722544512638E-6      0                        -71727.32468166854
6.382461866053184E-6      -2.4999999999995525E-9   -72093.63119182878
6.381224002579244E-6      -4.999999999999105E-9    -72057.53140711965
6.379986139105307E-6      -7.499999999998658E-9    -72021.51753170599
6.3787482756313685E-6     -9.99999999999821E-9     -71985.50262117159
6.384722602720085E-6      -4.999999999999105E-9    -72157.4803498506
6.383484739246147E-6      -7.499999999998658E-9    -72121.46704079719
6.382246875772208E-6      -9.99999999999821E-9     -72085.45505282006
6.386983339386988E-6      -7.499999999998658E-9    -72221.32607210905
6.3857454759130494E-6     -9.99999999999821E-9     -72185.39923293657
6.389244076053889E-6      -9.99999999999821E-9     -72285.05017422233
6.390476201011535E-6      -7.499999999998658E-9    -72320.05965188399
6.391708325969181E-6      -4.999999999999105E-9    -72355.21060376926
6.392940450926827E-6      -2.4999999999995525E-9   -72390.36053622875
6.3941725758844725E-6     0                        -72425.64860399294
6.388215464344633E-6      -4.999999999999105E-9    -72256.35429236863
6.389447589302278E-6      -2.4999999999995525E-9   -72291.46371707311
6.390679714259925E-6      0                        -72326.57211997503
6.3859547276777315E-6     -2.4999999999995525E-9   -72192.59502465984
6.387186852635377E-6      0                        -72227.70632146965
6.38369399101083E-6       0                        -72128.83232696257
6.4009720014340576E-6     -7.499999999998658E-9    -72614.32045183188
6.40219838787541E-6       -4.999999999999105E-9    -72648.55307043048
6.403424774316764E-6      -2.4999999999995525E-9   -72682.86591822462
6.404651160758116E-6      0                        -72717.17776221567
6.3987055262508625E-6     -4.999999999999105E-9    -72551.46973832166
6.399931912692215E-6      -2.4999999999995525E-9   -72585.78756994421
6.401158299133568E-6      0                        -72620.10226954118
6.396439051067668E-6      -2.4999999999995525E-9   -72488.61560262775
6.397665437509021E-6      0                        -72523.01865328728
6.395206926110021E-6      -4.999999999999105E-9    -72453.33965735711
6.393974801152376E-6      -7.499999999998658E-9    -72418.14819049425
6.392742676194729E-6      -9.99999999999821E-9     -72382.95570658229
6.397473401293216E-6      -7.499999999998658E-9    -72516.27902754468
6.39624127633557E-6       -9.99999999999821E-9     -72481.08942794117
6.3997398764764096E-6     -9.99999999999821E-9     -72579.21496953542
5.4580419580419544E-6     0                        -146024.5871258847
5.456436278108617E-6      -2.4999999999995525E-9   -146215.5267728991
5.45483059817528E-6       -4.999999999999105E-9    -146406.06268639222
5.453224918241943E-6      -7.499999999998658E-9    -146596.60403998726
5.4516192383086064E-6     -9.99999999999821E-9     -146787.6517265439
5.459934878249458E-6      -2.4999999999995525E-9   -145776.9964507842
5.458329198316121E-6      -4.999999999999105E-9    -145967.90431962977
5.456723518382784E-6      -7.499999999998658E-9    -146158.33078095768
5.455117838449448E-6      -9.99999999999821E-9     -146348.76268280632
5.461827798456962E-6      -4.999999999999105E-9    -145529.63155773154
5.460222118523625E-6      -7.499999999998658E-9    -145720.41988456994
5.458616438590288E-6      -9.99999999999821E-9     -145910.83996639724
5.463720718664465E-6      -7.499999999998658E-9    -145282.27412751387
5.462115038731129E-6      -9.99999999999821E-9     -145472.94292983325
5.465613638871969E-6      -9.99999999999821E-9     -145034.79901335866
5.4497284147454394E-6     -7.499999999998658E-9    -147021.3335329884
5.451334094678777E-6      -4.999999999999105E-9    -146830.3388606881
5.452939774612114E-6      -2.4999999999995525E-9   -146639.68804904836
5.454545454545451E-6      0                        -146449.04267709164
5.447837591182273E-6      -4.999999999999105E-9    -147254.55250998147
5.4494432711156105E-6     -2.4999999999995525E-9   -147063.74449499027
5.451048951048947E-6      0                        -146873.08729755174
5.445946767619106E-6      -2.4999999999995525E-9   -147487.77898126486
5.4475524475524435E-6     0                        -147297.15762569083
5.444055944055939E-6      0                        -147720.6717631379
5.439232614322917E-6      -7.499999999998658E-9    -148250.52844003713
5.4408403909005915E-6     -4.999999999999105E-9    -148073.8071537571
5.442448167478265E-6      -2.4999999999995525E-9   -147897.09127839564
5.437343887404088E-6      -4.999999999999105E-9    -148468.15855958243
5.4389516639817625E-6     -2.4999999999995525E-9   -148291.20189572702
5.440559440559435E-6      0                        -148114.2506305719
5.435455160485258E-6      -2.4999999999995525E-9   -148685.50044167854
5.437062937062932E-6      0                        -148508.5374287952
5.433566433566428E-6      0                        -148902.84979040662
5.444338991041432E-6      -4.999999999999105E-9    -147664.20635112145
5.442731214463758E-6      -7.499999999998658E-9    -147840.68681146103
5.441123437886083E-6      -9.99999999999821E-9     -148017.1726949373
5.446229814604599E-6      -7.499999999998658E-9    -147431.16655079773
5.444622038026925E-6      -9.99999999999821E-9     -147607.64063688094
5.448120638167765E-6      -9.99999999999821E-9     -147198.13424265635
5.63971446498215E-6       0                        -33328.21427506933
5.638172460144692E-6      -2.4999999999995525E-9   -33288.536045113644
5.6366304553072345E-6     -4.999999999999105E-9    -33252.14018664736
5.635088450469776E-6      -7.499999999998658E-9    -33215.74241651424
5.633546445632318E-6      -9.99999999999821E-9     -33177.994544752415
5.641671060285533E-6      -2.4999999999995525E-9   -33442.86777019435
5.640129055448075E-6      -4.999999999999105E-9    -33403.442340049856
5.638587050610617E-6      -7.499999999998658E-9    -33366.13098577008
5.637045045773158E-6      -9.99999999999821E-9     -33328.817749574206
5.6436276555889154E-6     -4.999999999999105E-9    -33553.46919310333
5.642085650751457E-6      -7.499999999998658E-9    -33514.44948825557
5.640543645913999E-6      -9.99999999999821E-9     -33477.140475054555
5.6455842508922984E-6     -7.499999999998658E-9    -33664.06773650839
5.644042246054839E-6      -9.99999999999821E-9     -33625.45372535509
5.6475408461956806E-6     -9.99999999999821E-9     -33775.43736105701
5.625743018483959E-6      0                        -32873.532295023375
5.624195275130208E-6      -2.4999999999995525E-9   -32892.672843169225
5.622647531776457E-6      -4.999999999999105E-9    -32917.08111343028
5.621099788422706E-6      -7.499999999998658E-9    -32941.48731672854
5.619552045068955E-6      -9.99999999999821E-9     -32963.78840704987
5.627693875271048E-6      -2.4999999999995525E-9   -32954.05642244265
5.626146131917298E-6      -4.999999999999105E-9    -32973.539127154574
5.624598388563547E-6      -7.499999999998658E-9    -32996.57171663268
5.623050645209796E-6      -9.99999999999821E-9     -33019.60227846195
5.629644732058138E-6      -4.999999999999105E-9    -33028.290304888884
5.6280969887043876E-6     -7.499999999998658E-9    -33048.47588529117
5.626549245350637E-6      -9.99999999999821E-9     -33071.51096312879
5.631595588845228E-6      -7.499999999998658E-9    -33102.52117829852
5.6300478454914774E-6     -9.99999999999821E-9     -33123.409591917654
5.633137593682686E-6      -4.999999999999105E-9    -33140.15666344184
5.634679598520144E-6      -2.4999999999995525E-9   -33175.63902694083
5.636221603357603E-6      0                        -33211.1194490223
5.6311867368955964E-6     -2.4999999999995525E-9   -33066.62853539697
5.632728741733055E-6      0                        -33102.11329940341
5.629235880108507E-6      0                        -32993.097440789024
5.743504885221785E-6      -7.499999999998658E-9    -40849.10787816645
5.7450009819289005E-6     -4.999999999999105E-9    -40966.140198896086
5.7464970786360164E-6     -2.4999999999995525E-9   -41083.241101834545
5.747993175343132E-6      0                        -41200.34052207784
5.741508120304353E-6      -4.999999999999105E-9    -40693.63649984431
5.743004217011469E-6      -2.4999999999995525E-9   -40810.7680709534
5.744500313718584E-6      0                        -40927.87097128756
5.73951135538692E-6       -2.4999999999995525E-9   -40538.16243222199
5.741007452094037E-6      0                        -40655.39325247329
5.737514590469489E-6      0                        -40382.328386224646
5.7360127552460804E-6     -2.4999999999995525E-9   -40263.42658452675
5.734510920022672E-6      -4.999999999999105E-9    -40144.81277507234
5.733009084799264E-6      -7.499999999998658E-9    -40026.19746815573
5.731507249575855E-6      -9.99999999999821E-9     -39907.69879075651
5.7380095201635135E-6     -4.999999999999105E-9    -40419.296573568194
5.736507684940105E-6      -7.499999999998658E-9    -40300.553657460085
5.735005849716697E-6      -9.99999999999821E-9     -40181.80924407092
5.740006285080945E-6      -7.499999999998658E-9    -40574.869899184334
5.738504449857537E-6      -9.99999999999821E-9     -40456.12898932336
5.742003049998378E-6      -9.99999999999821E-9     -40730.44053673747
5.729516223174715E-6      -7.499999999998658E-9    -39751.093216532034
5.731018058398124E-6      -4.999999999999105E-9    -39869.54368050676
5.732519893621532E-6      -2.4999999999995525E-9   -39988.02987576822
5.7340217288449405E-6     0                        -40106.5145733863
5.727525196773576E-6      -4.999999999999105E-9    -39594.376223266016
5.729027031996984E-6      -2.4999999999995525E-9   -39712.918969054735
5.730528867220393E-6      0                        -39831.40716538072
5.725534170372436E-6      -2.4999999999995525E-9   -39437.65655584668
5.727036005595845E-6      0                        -39556.29158405776
5.723543143971298E-6      0                        -39280.49246967413
5.722035570231596E-6      -2.4999999999995525E-9   -39161.03543630314
5.720527996491895E-6      -4.999999999999105E-9    -39041.91456589934
5.719020422752194E-6      -7.499999999998658E-9    -38922.79217859056
5.717512849012492E-6      -9.99999999999821E-9     -38803.7354301393
5.724026596632735E-6      -4.999999999999105E-9    -39318.2450534229
5.722519022893034E-6      -7.499999999998658E-9    -39198.97536907819
5.721011449153333E-6      -9.99999999999821E-9     -39079.704169635195
5.7260176230338745E-6     -7.499999999998658E-9    -39475.05701532586
5.724510049294173E-6      -9.99999999999821E-9     -39355.789344106786
5.7280086494350145E-6     -9.99999999999821E-9     -39631.866302466995
5.715527561127645E-6      -7.499999999998658E-9    -38646.77719551335
5.717035134867347E-6      -4.999999999999105E-9    -38765.76669337861
5.718542708607048E-6      -2.4999999999995525E-9   -38884.74026702517
5.720050282346749E-6      0                        -39003.71232195989
5.7135422732427985E-6     -4.999999999999105E-9    -38489.75396793828
5.7150498469825E-6        -2.4999999999995525E-9   -38608.8318719392
5.716557420722201E-6      0                        -38727.8074571832
5.711556985357952E-6      -2.4999999999995525E-9   -38332.72807295759
5.713064559097653E-6      0                        -38451.89438614329
5.709571697473106E-6      0                        -38175.12177248027
5.708058385217111E-6      -2.4999999999995525E-9   -38056.493590374725
5.706545072961118E-6      -4.999999999999105E-9    -37938.28953244331
5.705031760705123E-6      -7.499999999998658E-9    -37820.0839305056
5.7035184484491304E-6     -9.99999999999821E-9     -37701.87090047352
5.710043673101958E-6      -4.999999999999105E-9    -38214.158728605675
5.7085303608459645E-6     -7.499999999998658E-9    -38095.775041856665
5.707017048589971E-6      -9.99999999999821E-9     -37977.389815078
5.712028960986805E-6      -7.499999999998658E-9    -38371.27304913777
5.710515648730811E-6      -9.99999999999821E-9     -38252.891390352655
5.714014248871652E-6      -9.99999999999821E-9     -38528.384699214905
5.649077112516847E-6      -7.499999999998658E-9    -33849.694429117415
5.650613378838012E-6      -4.999999999999105E-9    -33923.10977521578
5.652149645159177E-6      -2.4999999999995525E-9   -33996.52332964263
5.653685911480342E-6      0                        -34071.98899593454
5.6471205172134645E-6     -4.999999999999105E-9    -33738.176884054745
5.648656783534629E-6      -2.4999999999995525E-9   -33810.974997139325
5.650193049855793E-6      0                        -33883.77129670941
5.645163921910081E-6      -2.4999999999995525E-9   -33627.9839661635
5.646700188231246E-6      0                        -33700.784352146155
5.643207326606698E-6      0                        -33517.788200370705
5.6556482453000175E-6     -2.4999999999995525E-9   -34207.13692373393
5.654111978978852E-6      -4.999999999999105E-9    -34131.85741013714
5.652575712657687E-6      -7.499999999998658E-9    -34057.82655861853
5.651039446336521E-6      -9.99999999999821E-9     -33983.7939372713
5.657610579119693E-6      -4.999999999999105E-9    -34339.662082419745
5.6560743127985275E-6     -7.499999999998658E-9    -34264.622170909315
5.654538046477362E-6      -9.99999999999821E-9     -34190.59355005375
5.659572912939369E-6      -7.499999999998658E-9    -34472.18445292961
5.658036646618202E-6      -9.99999999999821E-9     -34397.38412069896
5.661535246759043E-6      -9.99999999999821E-9     -34605.16164468791
5.701538899080577E-6      -7.499999999998658E-9    -37546.00293645955
5.703052211336571E-6      -4.999999999999105E-9    -37664.12718216588
5.704565523592564E-6      -2.4999999999995525E-9   -37782.153162559836
5.7060788358485575E-6     0                        -37900.177594971
5.699559349712023E-6      -4.999999999999105E-9    -37390.136837257756
5.7010726619680165E-6     -2.4999999999995525E-9   -37508.352606091496
5.70258597422401E-6       0                        -37626.38061774657
5.697579800343469E-6      -2.4999999999995525E-9   -37234.268066409684
5.699093112599463E-6      0                        -37352.57536462534
5.6956002509749154E-6     0                        -37077.59977688177
5.694081200202629E-6      -2.4999999999995525E-9   -36962.010966080416
5.692562149430342E-6      -4.999999999999105E-9    -36847.00160333347
5.691043098658055E-6      -7.499999999998658E-9    -36731.990659279094
5.689524047885768E-6      -9.99999999999821E-9     -36616.86614460899
5.6960607495711825E-6     -4.999999999999105E-9    -37118.7564207214
5.694541698798896E-6      -7.499999999998658E-9    -37003.51890789231
5.693022648026609E-6      -9.99999999999821E-9     -36888.27982060624
5.698040298939736E-6      -7.499999999998658E-9    -37274.71674303904
5.6965212481674495E-6     -9.99999999999821E-9     -37159.481283558984
5.70001984830829E-6       -9.99999999999821E-9     -37430.67438745601
5.6630657745639145E-6     -7.499999999998658E-9    -34701.13579437529
5.6645963023687874E-6     -4.999999999999105E-9    -34796.61024582898
5.6661268301736595E-6     -2.4999999999995525E-9   -34892.08299678937
5.6676573579785324E-6     0                        -34988.85592026138
5.66110344074424E-6       -4.999999999999105E-9    -34568.01007603238
5.662633968549111E-6      -2.4999999999995525E-9   -34663.05827123499
5.664164496353984E-6      0                        -34758.10475040383
5.659141106924565E-6      -2.4999999999995525E-9   -34435.72723265622
5.660671634729437E-6      0                        -34530.7776063758
5.6571787731048896E-6     0                        -34303.441623910796
5.6696254303145E-6        -2.4999999999995525E-9   -35135.91548791184
5.668094902509627E-6      -4.999999999999105E-9    -35039.280097345065
5.666564374704756E-6      -7.499999999998658E-9    -34943.38104602868
5.6650338468998846E-6     -9.99999999999821E-9     -34847.480309759274
5.671593502650468E-6      -4.999999999999105E-9    -35281.25589616994
5.670062974845596E-6      -7.499999999998658E-9    -35184.77192937527
5.668532447040724E-6      -9.99999999999821E-9     -35088.87502801107
5.673561574986437E-6      -7.499999999998658E-9    -35426.59357716837
5.6720310471815655E-6     -9.99999999999821E-9     -35330.26101829257
5.675529647322405E-6      -9.99999999999821E-9     -35572.17372093413
5.687550237033506E-6      -7.499999999998658E-9    -36464.35367286708
5.689069287805794E-6      -4.999999999999105E-9    -36579.366629546894
5.690588338578081E-6      -2.4999999999995525E-9   -36694.149439997644
5.692107389350368E-6      0                        -36808.93066229024
5.685576426181246E-6      -4.999999999999105E-9    -36311.94043792956
5.687095476953532E-6      -2.4999999999995525E-9   -36427.06197447104
5.68861452772582E-6       0                        -36541.84684789878
5.683602615328985E-6      -2.4999999999995525E-9   -36159.52451280176
5.6851216661012726E-6     0                        -36274.754639640654
5.681628804476724E-6      0                        -36005.95606985385
5.680104015188144E-6      -2.4999999999995525E-9   -35896.94312291789
5.678579225899565E-6      -4.999999999999105E-9    -35788.77752772924
5.677054436610984E-6      -7.499999999998658E-9    -35680.61030045643
5.682077826040406E-6      -4.999999999999105E-9    -36050.614021199275
5.680553036751825E-6      -7.499999999998658E-9    -35942.14351041561
5.679028247463245E-6      -9.99999999999821E-9     -35833.67137817468
5.684051636892666E-6      -7.499999999998658E-9    -36203.138566250986
5.682526847604086E-6      -9.99999999999821E-9     -36094.67014807084
5.6860254477449265E-6     -9.99999999999821E-9     -36355.66041067678
5.6750863642750165E-6     -4.999999999999105E-9    -35534.89705248358
5.6766111535635955E-6     -2.4999999999995525E-9   -35642.75939267105
5.678135942852176E-6      0                        -35750.62009014732
5.673118291939048E-6      -2.4999999999995525E-9   -35389.71073993813
5.674643081227628E-6      0                        -35497.57519061187
5.671150219603081E-6      0                        -35244.521715986106
6.009289464116108E-6      -7.499999999998658E-9    -57929.26692547037
6.01067652901366E-6       -4.999999999999105E-9    -57999.652694891236
6.012063593911212E-6      -2.4999999999995525E-9   -58070.16391023675
6.013450658808764E-6      0                        -58140.673718631064
6.007183667389112E-6      -4.999999999999105E-9    -57823.45636941645
6.0085707322866636E-6     -2.4999999999995525E-9   -57893.97874430136
6.0099577971842154E-6     0                        -57964.492112186024
6.005077870662116E-6      -2.4999999999995525E-9   -57717.64252290435
6.006464935559668E-6      0                        -57788.30150066891
6.00297207393512E-6       0                        -57611.643719586085
6.001579270521275E-6      -2.4999999999995525E-9   -57538.77123781909
6.000186467107431E-6      -4.999999999999105E-9    -57466.12642223645
5.998793663693586E-6      -7.499999999998658E-9    -57393.480190591676
5.997400860279742E-6      -9.99999999999821E-9     -57321.0686186245
6.003685067248271E-6      -4.999999999999105E-9    -57644.78111785308
6.002292263834426E-6      -7.499999999998658E-9    -57572.06034537078
6.000899460420582E-6      -9.99999999999821E-9     -57499.33815506833
6.005790863975267E-6      -7.499999999998658E-9    -57750.73157383805
6.0043980605614226E-6     -9.99999999999821E-9     -57678.01296048844
6.007896660702263E-6      -9.99999999999821E-9     -57856.67874194951
5.9953008020690384E-6     -7.499999999998658E-9    -57213.13217308186
5.9966936054828834E-6     -4.999999999999105E-9    -57285.57506593436
5.9980864088967276E-6     -2.4999999999995525E-9   -57358.14532961506
5.999479212310572E-6      0                        -57430.71417899168
5.993200743858336E-6      -4.999999999999105E-9    -57104.98531635657
5.99459354727218E-6       -2.4999999999995525E-9   -57177.566575978984
5.995986350686024E-6      0                        -57250.13898948602
5.991100685647633E-6      -2.4999999999995525E-9   -56996.8351949162
5.992493489061477E-6      0                        -57069.554818372715
5.98900062743693E-6       0                        -56888.49698288019
5.987602085506792E-6      -2.4999999999995525E-9   -56813.491610547484
5.986203543576654E-6      -4.999999999999105E-9    -56738.71715667665
5.984805001646516E-6      -7.499999999998658E-9    -56663.941279881605
5.983406459716379E-6      -9.99999999999821E-9     -56589.40330415929
5.989702143717496E-6      -4.999999999999105E-9    -56921.84107691659
5.9883036017873575E-6     -7.499999999998658E-9    -56846.98917984181
5.986905059857219E-6      -9.99999999999821E-9     -56772.135857872614
5.991802201928198E-6      -7.499999999998658E-9    -57030.12956827672
5.99040365999806E-6       -9.99999999999821E-9     -56955.27982711383
5.9939022601389E-6        -9.99999999999821E-9     -57138.414797857484
5.981312140021969E-6      -7.499999999998658E-9    -56479.066474302446
5.982710681952107E-6      -4.999999999999105E-9    -56553.635744778956
5.984109223882244E-6      -2.4999999999995525E-9   -56628.334166509434
5.9855077658123815E-6     0                        -56703.031167286026
5.979217820327559E-6      -4.999999999999105E-9    -56368.51619987746
5.980616362257696E-6      -2.4999999999995525E-9   -56443.22548186771
5.982014904187833E-6      0                        -56517.92604961984
5.977123500633149E-6      -2.4999999999995525E-9   -56257.96268789715
5.978522042563285E-6      0                        -56332.81197812005
5.975029180938738E-6      0                        -56147.21792970252
5.973624900492307E-6      -2.4999999999995525E-9   -56070.01029501289
5.972220620045877E-6      -4.999999999999105E-9    -55993.03674278848
5.970816339599447E-6      -7.499999999998658E-9    -55916.06176148714
5.969412059153016E-6      -9.99999999999821E-9     -55839.32755341573
5.9757192201867175E-6     -4.999999999999105E-9    -56180.76646983386
5.974314939740288E-6      -7.499999999998658E-9    -56103.71397600762
5.9729106592938584E-6     -9.99999999999821E-9     -56026.660050923
5.977813539881128E-6      -7.499999999998658E-9    -56291.45999562312
5.976409259434698E-6      -9.99999999999821E-9     -56214.409653394585
5.979907859575539E-6      -9.99999999999821E-9     -56402.15028713802
5.9673234779748985E-6     -7.499999999998658E-9    -55726.52362548307
5.96872775842133E-6       -4.999999999999105E-9    -55803.289017913776
5.970132038867759E-6      -2.4999999999995525E-9   -55880.18504496859
5.9715363193141896E-6     0                        -55957.07964512796
5.9652348967967815E-6     -4.999999999999105E-9    -55613.50345168349
5.966639177243212E-6      -2.4999999999995525E-9   -55690.410287878854
5.968043457689642E-6      0                        -55767.30845606825
5.963146315618664E-6      -2.4999999999995525E-9   -55500.480068863515
5.964550596065094E-6      0                        -55577.528345206025
5.961057734440547E-6      0                        -55387.262312545914
5.959647715477825E-6      -2.4999999999995525E-9   -55307.783332227176
5.9582376965151006E-6     -4.999999999999105E-9    -55228.54141738599
5.956827677552378E-6      -7.499999999998658E-9    -55149.29806802516
5.955417658589654E-6      -9.99999999999821E-9     -55070.29791321199
5.961736296655941E-6      -4.999999999999105E-9    -55421.01258041119
5.9603262776932175E-6     -7.499999999998658E-9    -55341.69019517242
5.958916258730494E-6      -9.99999999999821E-9     -55262.36637302398
5.963824877834058E-6      -7.499999999998658E-9    -55534.17740844762
5.9624148588713345E-6     -9.99999999999821E-9     -55454.857169412644
5.965913459012176E-6      -9.99999999999821E-9     -55647.33903108119
5.95333481592783E-6       -7.499999999998658E-9    -54954.96159111237
5.954744834890552E-6      -4.999999999999105E-9    -55033.992719485446
5.956154853853276E-6      -2.4999999999995525E-9   -55113.15558503836
5.9575648728159985E-6     0                        -55192.31701846176
5.951251973266005E-6      -4.999999999999105E-9    -54839.40645420115
5.952661992228728E-6      -2.4999999999995525E-9   -54918.58016699153
5.954072011191451E-6      0                        -54997.74516772793
5.949169130604181E-6      -2.4999999999995525E-9   -54723.8481381265
5.950579149566904E-6      0                        -54803.164431391386
5.9470862879423565E-6     0                        -54608.09247858732
5.94567053046334E-6       -2.4999999999995525E-9   -54526.27389086754
5.944254772984324E-6      -4.999999999999105E-9    -54444.69502932095
5.9428390155053075E-6     -7.499999999998658E-9    -54363.1147285152
5.941423258026292E-6      -9.99999999999821E-9     -54281.77958967185
5.947753373125165E-6      -4.999999999999105E-9    -54642.04100628411
5.946337615646149E-6      -7.499999999998658E-9    -54560.38015780439
5.944921858167132E-6      -9.99999999999821E-9     -54478.71786747202
5.9498362157869884E-6     -7.499999999998658E-9    -54757.74190740291
5.948420458307973E-6      -9.99999999999821E-9     -54676.08319867624
5.951919058448813E-6      -9.99999999999821E-9     -54873.43963330104
5.939346153880759E-6      -7.499999999998658E-9    -54163.847773906906
5.940761911359775E-6      -4.999999999999105E-9    -54245.21361326915
5.9421776688387925E-6     -2.4999999999995525E-9   -54326.71191299232
5.943593426317808E-6      0                        -54408.20877604961
5.9372690497352286E-6     -4.999999999999105E-9    -54045.69483509984
5.938684807214244E-6      -2.4999999999995525E-9   -54127.20412883139
5.94010056469326E-6       0                        -54208.70455675162
5.935191945589696E-6      -2.4999999999995525E-9   -53927.53874824241
5.936607703068713E-6      0                        -54009.19149209029
5.9331148414441645E-6     0                        -53809.18246783986
5.931693345448856E-6      -2.4999999999995525E-9   -53724.957156925375
5.930271849453547E-6      -4.999999999999105E-9    -53640.9739598123
5.928850353458238E-6      -7.499999999998658E-9    -53556.9893193872
5.927428857462929E-6      -9.99999999999821E-9     -53473.251398503635
5.933770449594387E-6      -4.999999999999105E-9    -53843.32478208854
5.932348953599078E-6      -7.499999999998658E-9    -53759.25812089842
5.93092745760377E-6       -9.99999999999821E-9     -53675.190013607054
5.93584755373992E-6       -7.499999999998658E-9    -53961.624323145574
5.934426057744611E-6      -9.99999999999821E-9     -53877.5597942357
5.937924657885451E-6      -9.99999999999821E-9     -54079.92072040511
5.92535749183369E-6       -7.499999999998658E-9    -53352.66389944218
5.9267789878289995E-6     -4.999999999999105E-9    -53436.43215214384
5.928200483824308E-6      -2.4999999999995525E-9   -53520.33331363907
5.929621979819617E-6      0                        -53604.233034611665
5.923286126204451E-6      -4.999999999999105E-9    -53231.85327462512
5.92470762219976E-6       -2.4999999999995525E-9   -53315.76560939886
5.926129118195069E-6      0                        -53399.668891110734
5.921214760575212E-6      -2.4999999999995525E-9   -53111.039534044685
5.922636256570522E-6      0                        -53195.09594634706
5.9191433949459735E-6     0                        -52990.0227693932
5.914861691411169E-6      -7.499999999998658E-9    -52730.41844314319
5.91628892592277E-6       -4.999999999999105E-9    -52816.872760111444
5.917716160434372E-6      -2.4999999999995525E-9   -52903.325630373394
5.912796064298223E-6      -4.999999999999105E-9    -52607.14863036554
5.914223298809824E-6      -2.4999999999995525E-9   -52693.518033468106
5.915650533321425E-6      0                        -52779.88599283849
5.910730437185276E-6      -2.4999999999995525E-9   -52483.76876495403
5.912157671696878E-6      0                        -52570.140279355735
5.90866481007233E-6       0                        -52360.38581232957
5.919787526063612E-6      -4.999999999999105E-9    -53024.353645254865
5.918360291552009E-6      -7.499999999998658E-9    -52937.81587663603
5.916933057040406E-6      -9.99999999999821E-9     -52851.27665833685
5.921858891692849E-6      -7.499999999998658E-9    -53145.31146698143
5.920431657181247E-6      -9.99999999999821E-9     -53058.77582219655
5.923930257322088E-6      -9.99999999999821E-9     -53266.26617748785
2.8333423917415708E-6     -7.499999999998658E-9    28709.810066083843
2.8355113121478574E-6     -4.999999999999105E-9    28668.415979467703
2.837680232554144E-6      -2.4999999999995525E-9   28627.085287248934
2.8398491529604315E-6     0                        28585.763748634126
2.8320184505233096E-6     -4.999999999999105E-9    28735.011807295723
2.8341873709295963E-6     -2.4999999999995525E-9   28693.64172399893
2.8363562913358833E-6     0                        28652.305391703674
2.8306945093050485E-6     -2.4999999999995525E-9   28760.217028387233
2.8328634297113355E-6     0                        28718.870943412658
2.8293705680867873E-6     0                        28785.319811290465
2.827195909164208E-6      -2.4999999999995525E-9   28827.69611992207
2.8250212502416287E-6     -4.999999999999105E-9    28870.151974562767
2.822846591319049E-6      -7.499999999998658E-9    28912.617078977273
2.8206719323964696E-6     -9.99999999999821E-9     28955.182855171053
2.828519850382469E-6      -4.999999999999105E-9    28802.58856870028
2.82634519145989E-6       -7.499999999998658E-9    28844.97438976942
2.8241705325373105E-6     -9.99999999999821E-9     28887.36945059356
2.8298437916007303E-6     -7.499999999998658E-9    28777.407311339655
2.827669132678151E-6      -9.99999999999821E-9     28819.787457740997
2.8311677328189914E-6     -9.99999999999821E-9     28752.229538855812
2.8153991215885954E-6     0                        29058.341067457168
2.8132187241497234E-6     -2.4999999999995525E-9   29101.86292274242
2.8110383267108514E-6     -4.999999999999105E-9    29145.460587229765
2.8088579292719794E-6     -7.499999999998658E-9    29189.067606381606
2.806677531833107E-6      -9.99999999999821E-9     29232.77020789517
2.816717324290564E-6      -2.4999999999995525E-9   29032.64748048115
2.814536926851692E-6      -4.999999999999105E-9    29076.164580338183
2.81235652941282E-6       -7.499999999998658E-9    29119.695663757237
2.8101761319739474E-6     -9.99999999999821E-9     29163.236092344803
2.8180355269925323E-6     -4.999999999999105E-9    29006.85702315824
2.8158551295536603E-6     -7.499999999998658E-9    29050.396356074038
2.8136747321147883E-6     -9.99999999999821E-9     29093.921739386424
2.8193537296945008E-6     -7.499999999998658E-9    28981.07003768114
2.8171733322556288E-6     -9.99999999999821E-9     29024.631608332133
2.8215283886170805E-6     -4.999999999999105E-9    28938.47440553442
2.8237030475396603E-6     -2.4999999999995525E-9   28895.93926579413
2.825877706462239E-6      0                        28853.4133858465
2.820210185915112E-6      -2.4999999999995525E-9   28964.28366245021
2.8223848448376914E-6     0                        28921.742856306737
2.818891983213143E-6      0                        28990.096386535362
2.8053650676474308E-6     -7.499999999998658E-9    29259.185529836817
2.807545465086303E-6      -4.999999999999105E-9    29215.45422246668
2.8097258625251756E-6     -2.4999999999995525E-9   29171.780621947437
2.8119062599640477E-6     0                        29128.116385588684
2.804052603461755E-6      -4.999999999999105E-9    29285.506544043426
2.806233000900627E-6      -2.4999999999995525E-9   29241.79588375421
2.8084133983394995E-6     0                        29198.11659232517
2.8027401392760793E-6     -2.4999999999995525E-9   29311.831020858954
2.8049205367149517E-6     0                        29268.141003281264
2.8014276750904035E-6     0                        29338.063905167142
2.799241539135239E-6      -2.4999999999995525E-9   29382.669569340942
2.797055403180074E-6      -4.999999999999105E-9    29427.347547929814
2.7948692672249094E-6     -7.499999999998658E-9    29472.034984288824
2.7926831312697447E-6     -9.99999999999821E-9     29516.813206559866
2.8005540033209146E-6     -4.999999999999105E-9    29356.43191391438
2.79836786736575E-6       -7.499999999998658E-9    29401.04658467265
2.796181731410585E-6      -9.99999999999821E-9     29445.670704212138
2.8018664675065903E-6     -7.499999999998658E-9    29330.12804696872
2.7996803315514256E-6     -9.99999999999821E-9     29374.73699397553
2.803178931692266E-6      -9.99999999999821E-9     29303.827647001384
2.7874562285922116E-6     0                        29624.052878198065
2.785264354120754E-6      -2.4999999999995525E-9   29669.68480858984
2.783072479649297E-6      -4.999999999999105E-9    29715.385696738827
2.7808806051778394E-6     -7.499999999998658E-9    29761.096144028885
2.778688730706382E-6      -9.99999999999821E-9     29806.89286018045
2.788762954261595E-6      -2.4999999999995525E-9   29597.328316880332
2.7865710797901373E-6     -4.999999999999105E-9    29642.955468638942
2.7843792053186803E-6     -7.499999999998658E-9    29688.596183284255
2.782187330847223E-6      -9.99999999999821E-9     29734.246448573595
2.790069679930978E-6      -4.999999999999105E-9    29570.517232685554
2.7878778054595208E-6     -7.499999999998658E-9    29616.163452741093
2.7856859309880634E-6     -9.99999999999821E-9     29661.798421724743
2.7913764056003616E-6     -7.499999999998658E-9    29543.709600720173
2.7891845311289042E-6     -9.99999999999821E-9     29589.374893148095
2.7935625415555268E-6     -4.999999999999105E-9    29498.903771127225
2.795748677510691E-6      -2.4999999999995525E-9   29454.153028043307
2.7979348134658553E-6     0                        29409.411751718442
2.792255815886143E-6      -2.4999999999995525E-9   29525.73050746981
2.7944419518413075E-6     0                        29480.97405072904
2.7909490902167598E-6     0                        29552.560691966355
2.7773877435532912E-6     -7.499999999998658E-9    29834.226785316845
2.7795796180247486E-6     -4.999999999999105E-9    29788.403514653368
2.781771492496206E-6      -2.4999999999995525E-9   29742.632896321848
2.7839633669676634E-6     0                        29696.871845628473
2.776086756400201E-6      -4.999999999999105E-9    29861.477207975302
2.7782786308716582E-6     -2.4999999999995525E-9   29815.671590319565
2.7804705053431156E-6     0                        29769.895237285637
2.7747857692471105E-6     -2.4999999999995525E-9   29888.73107139873
2.776977643718568E-6      0                        29842.943102956728
2.7734847820940197E-6     0                        29915.903182753176
2.7712871691062696E-6     -2.4999999999995525E-9   29962.50765631656
2.7690895561185195E-6     -4.999999999999105E-9    30009.177918649773
2.7668919431307694E-6     -7.499999999998658E-9    30055.857839808523
2.7646943301430198E-6     -9.99999999999821E-9     30102.619754962783
2.77258815625936E-6       -4.999999999999105E-9    29935.33079875187
2.7703905432716103E-6     -7.499999999998658E-9    29981.943863843233
2.7681929302838606E-6     -9.99999999999821E-9     30028.566579740364
2.7738891434124508E-6     -7.499999999998658E-9    29908.09455335021
2.771691530424701E-6      -9.99999999999821E-9     29954.70185254719
2.7751901305655416E-6     -9.99999999999821E-9     29880.861752507517
2.7633990815062217E-6     -7.499999999998658E-9    30130.350784974282
2.7655966944939717E-6     -4.999999999999105E-9    30083.563276520123
2.7677943074817214E-6     -2.4999999999995525E-9   30036.826161891917
2.7699919204694715E-6     0                        29990.09871410904
2.762103832869424E-6      -4.999999999999105E-9    30158.003332818647
2.7643014458571736E-6     -2.4999999999995525E-9   30111.232099659188
2.7664990588449237E-6     0                        30064.489230928757
2.7608085842326254E-6     -2.4999999999995525E-9   30185.659308933748
2.7630061972203755E-6     0                        30138.904347544507
2.7595133355958277E-6     0                        30213.23805740009
2.7573099840917854E-6     -2.4999999999995525E-9   30260.764973599602
2.7551066325877426E-6     -4.999999999999105E-9    30308.35464994706
2.7529032810837003E-6     -7.499999999998658E-9    30355.954083164426
2.7506999295796575E-6     -9.99999999999821E-9     30403.63145799383
2.7586052327285835E-6     -4.999999999999105E-9    30233.181532424715
2.7564018812245407E-6     -7.499999999998658E-9    30280.716833517752
2.754198529720498E-6      -9.99999999999821E-9     30328.261883924148
2.759900481365381E-6      -7.499999999998658E-9    30205.541797677597
2.7576971298613384E-6     -9.99999999999821E-9     30253.071314266188
2.761195730002179E-6      -9.99999999999821E-9     30177.905494725706
2.749410419459152E-6      -7.499999999998658E-9    30431.72209693007
2.7516137709631944E-6     -4.999999999999105E-9    30384.020011094108
2.753817122467237E-6      -2.4999999999995525E-9   30336.36620766033
2.75602047397128E-6       0                        30288.722168652967
2.7481209093386467E-6     -4.999999999999105E-9    30459.739023518574
2.7503242608426894E-6     -2.4999999999995525E-9   30412.051886867717
2.7525276123467318E-6     0                        30364.39231152402
2.7468313992181412E-6     -2.4999999999995525E-9   30487.75936490647
2.749034750722184E-6      0                        30440.087174174285
2.745541889097636E-6      0                        30515.7068035564
2.7433327990773008E-6     -2.4999999999995525E-9   30564.1092905658
2.7411237090569653E-6     -4.999999999999105E-9    30612.571607417478
2.7389146190366303E-6     -7.499999999998658E-9    30661.043777587725
2.736705529016295E-6      -9.99999999999821E-9     30709.590045134657
2.744622309197806E-6      -4.999999999999105E-9    30536.15721647411
2.7424132191774707E-6     -7.499999999998658E-9    30584.567835201397
2.7402041291571357E-6     -9.99999999999821E-9     30632.988300140485
2.7459118193183116E-6     -7.499999999998658E-9    30508.151791370292
2.743702729297976E-6      -9.99999999999821E-9     30556.556608553085
2.747201329438817E-6      -9.99999999999821E-9     30480.149784332298
2.5219987451265647E-6     0                        35840.295571227434
2.519697838845548E-6      -2.4999999999995525E-9   35898.186590709585
2.5173969325645306E-6     -4.999999999999105E-9    35956.10372168357
2.5150960262835134E-6     -7.499999999998658E-9    36014.03206194511
2.5231964389863883E-6     -2.4999999999995525E-9   35809.95625232342
2.520895532705371E-6      -4.999999999999105E-9    35867.84398294549
2.518594626424354E-6      -7.499999999998658E-9    35925.74001733723
2.5162937201433366E-6     -9.99999999999821E-9     35983.647259651225
2.5243941328462116E-6     -4.999999999999105E-9    35779.593609066054
2.5220932265651943E-6     -7.499999999998658E-9    35837.481726579674
2.519792320284177E-6      -9.99999999999821E-9     35895.37186462464
2.525591826706035E-6      -7.499999999998658E-9    35749.23406711728
2.5232909204250176E-6     -9.99999999999821E-9     35807.12257186168
2.5267895205658584E-6     -9.99999999999821E-9     35718.85325305798
2.513904070939983E-6      -4.999999999999105E-9    36044.39536839954
2.5162049772209997E-6     -2.4999999999995525E-9   35986.4459527653
2.518505883502017E-6      0                        35928.50774778394
2.5127121155964515E-6     -2.4999999999995525E-9   36074.754100412756
2.5150130218774687E-6     0                        36016.79881100658
2.5115201602529205E-6     0                        36105.11590957145
2.529084688330583E-6      -7.499999999998658E-9    35661.298684446934
2.5313798560953075E-6     -4.999999999999105E-9    35603.778313644805
2.533675023860032E-6      -2.4999999999995525E-9   35546.269076499426
2.5359701916247566E-6     0                        35488.78749446665
2.5278869944707593E-6     -4.999999999999105E-9    35691.66446301765
2.530182162235484E-6      -2.4999999999995525E-9   35634.121465203134
2.532477330000209E-6      0                        35576.58960270528
2.526689300610936E-6      -2.4999999999995525E-9   35722.02441192839
2.5289844683756606E-6     0                        35664.47553749828
2.5254916067511124E-6     0                        35752.3874618085
2.5371736240008725E-6     -2.4999999999995525E-9   35458.46221454151
2.5348784562361484E-6     -4.999999999999105E-9    35515.94041885478
2.5325832884714234E-6     -7.499999999998658E-9    35573.427008507424
2.5302881207066993E-6     -9.99999999999821E-9     35630.924730156905
2.538377056376989E-6      -4.999999999999105E-9    35428.11114098713
2.5360818886122643E-6     -7.499999999998658E-9    35485.59031806524
2.5337867208475398E-6     -9.99999999999821E-9     35543.071008962026
2.5395804887531048E-6     -7.499999999998658E-9    35397.763192322076
2.5372853209883802E-6     -9.99999999999821E-9     35455.24334263512
2.5407839211292207E-6     -9.99999999999821E-9     35367.391560156386
2.6337703171121005E-6     0                        33085.15994812749
2.6315153189614243E-6     -2.4999999999995525E-9   33139.19196323506
2.629260320810748E-6      -4.999999999999105E-9    33193.26447383236
2.627005322660072E-6      -7.499999999998658E-9    33247.347556652225
2.6247503245093955E-6     -9.99999999999821E-9     33301.48012369601
2.6350139191022648E-6     -2.4999999999995525E-9   33055.34914820707
2.6327589209515887E-6     -4.999999999999105E-9    33109.377073691474
2.6305039228009125E-6     -7.499999999998658E-9    33163.41547600996
2.6282489246502364E-6     -9.99999999999821E-9     33217.46444661624
2.636257521092429E-6      -4.999999999999105E-9    33025.49394436943
2.634002522941753E-6      -7.499999999998658E-9    33079.528241036794
2.631747524791077E-6      -9.99999999999821E-9     33133.560756350154
2.6375011230825934E-6     -7.499999999998658E-9    32995.642017971455
2.6352461249319173E-6     -9.99999999999821E-9     33049.682687378714
2.6387447250727578E-6     -9.99999999999821E-9     32965.747128281546
2.6235124610355234E-6     -7.499999999998658E-9    33331.49415592734
2.6257674591862E-6        -4.999999999999105E-9    33277.34312047105
2.6280224573368766E-6     -2.4999999999995525E-9   33223.22594406603
2.6302774554875523E-6     0                        33169.11934381835
2.622274597561652E-6      -4.999999999999105E-9    33361.46826258652
2.6245295957123284E-6     -2.4999999999995525E-9   33307.322715721326
2.6267845938630045E-6     0                        33253.19967093965
2.62103673408778E-6       -2.4999999999995525E-9   33391.44562643305
2.6232917322384567E-6     0                        33337.30556677756
2.6197988706139085E-6     0                        33421.38140610821
2.61753813394694E-6       -2.4999999999995525E-9   33475.97669889094
2.615277397279971E-6      -4.999999999999105E-9    33530.61046031262
2.613016660613002E-6      -7.499999999998658E-9    33585.25487776132
2.610755923946033E-6      -9.99999999999821E-9     33639.94633601696
2.618775997420811E-6      -4.999999999999105E-9    33446.03693117818
2.616515260753842E-6      -7.499999999998658E-9    33500.63831802584
2.6142545240868733E-6     -9.99999999999821E-9     33555.250357315796
2.620013860894683E-6      -7.499999999998658E-9    33416.06503095537
2.617753124227714E-6      -9.99999999999821E-9     33470.66052584034
2.6212517243685546E-6     -9.99999999999821E-9     33386.0963893013
2.6095237989884535E-6     -7.499999999998658E-9    33670.060700592905
2.6117845356554223E-6     -4.999999999999105E-9    33615.351213440146
2.614045272322391E-6      -2.4999999999995525E-9   33560.67443701791
2.61630600898936E-6       0                        33506.00832020737
2.6082916740308745E-6     -4.999999999999105E-9    33700.138075394934
2.6105524106978433E-6     -2.4999999999995525E-9   33645.43320654799
2.612813147364812E-6      0                        33590.75055734826
2.607059549073295E-6      -2.4999999999995525E-9   33730.2186865677
2.609320285740264E-6      0                        33675.51843481346
2.605827424115716E-6      0                        33760.260483091064
2.603560948932455E-6      -2.4999999999995525E-9   33815.39345816274
2.6012944737491936E-6     -4.999999999999105E-9    33870.56290657876
2.5990279985659325E-6     -7.499999999998658E-9    33925.74309358321
2.5967615233826706E-6     -9.99999999999821E-9     33980.967977675944
2.6047930738900345E-6     -4.999999999999105E-9    33785.34779832682
2.6025265987067725E-6     -7.499999999998658E-9    33840.48657526545
2.600260123523511E-6      -9.99999999999821E-9     33895.63608754893
2.606025198847613E-6      -7.499999999998658E-9    33755.27178125074
2.6037587236643515E-6     -9.99999999999821E-9     33810.40466241588
2.607257323805192E-6      -9.99999999999821E-9     33725.199001758534
2.595535136941384E-6      -7.499999999998658E-9    34011.16500916281
2.5978016121246454E-6     -4.999999999999105E-9    33955.922545565016
2.600068087307907E-6      -2.4999999999995525E-9   33900.71170356199
2.6023345624911684E-6     0                        33845.51160339099
2.5943087505000972E-6     -4.999999999999105E-9    34041.32790541219
2.5965752256833587E-6     -2.4999999999995525E-9   33986.08925168932
2.5988417008666202E-6     0                        33930.8725336352
2.593082364058811E-6      -2.4999999999995525E-9   34071.49401668322
2.5953488392420725E-6     0                        34016.259171783495
2.5918559776175243E-6     0                        34101.62403854047
2.58958376391797E-6       -2.4999999999995525E-9   34157.27045994456
2.5873115502184163E-6     -4.999999999999105E-9    34212.95144093022
2.585039336518862E-6      -7.499999999998658E-9    34268.643241849815
2.5827671228193083E-6     -9.99999999999821E-9     34324.37746168668
2.5908101503592568E-6     -4.999999999999105E-9    34127.13670515692
2.588537936659703E-6      -7.499999999998658E-9    34182.788701691046
2.586265722960149E-6      -9.99999999999821E-9     34238.4515152481
2.5920365368005434E-6     -7.499999999998658E-9    34096.974380289015
2.5897643231009897E-6     -9.99999999999821E-9     34152.62047835205
2.59326292324183E-6       -9.99999999999821E-9     34066.81527149457
2.5815464748943143E-6     -7.499999999998658E-9    34354.64053853722
2.583818688593868E-6      -4.999999999999105E-9    34298.88921879252
2.5860909022934223E-6     -2.4999999999995525E-9   34243.16845075116
2.588363115992976E-6      0                        34187.458505554765
2.5803258269693203E-6     -4.999999999999105E-9    34384.87226880624
2.582598040668874E-6      -2.4999999999995525E-9   34329.12399929037
2.5848702543684283E-6     0                        34273.39735301871
2.5791051790443268E-6     -2.4999999999995525E-9   34415.10719224571
2.58137739274388E-6       0                        34359.36197206154
2.5778845311193324E-6     0                        34445.308674975146
2.5756065789034855E-6     -2.4999999999995525E-9   34501.44551623808
2.573328626687639E-6      -4.999999999999105E-9    34557.61510144456
2.5710506744717925E-6     -7.499999999998658E-9    34613.795586740474
2.5687727222559456E-6     -9.99999999999821E-9     34670.01630470113
2.5768272268284795E-6     -4.999999999999105E-9    34471.24040734437
2.574549274612633E-6      -7.499999999998658E-9    34527.382647108556
2.572271322396786E-6      -9.99999999999821E-9     34583.53578437547
2.5780478747534734E-6     -7.499999999998658E-9    34441.008511379165
2.575769922537627E-6      -9.99999999999821E-9     34497.14485105558
2.5792685226784674E-6     -9.99999999999821E-9     34410.77980948152
2.5675578128472443E-6     -7.499999999998658E-9    34700.32985253389
2.5698357650630917E-6     -4.999999999999105E-9    34644.092524695945
2.5721137172789377E-6     -2.4999999999995525E-9   34587.884712112165
2.5743916694947846E-6     0                        34531.68780220451
2.566342903438543E-6      -4.999999999999105E-9    34730.614723583
2.56862085565439E-6       -2.4999999999995525E-9   34674.37972059226
2.5708988078702364E-6     0                        34618.16602866181
2.5651279940298417E-6     -2.4999999999995525E-9   34760.902765478415
2.567405946245688E-6      0                        34704.67008658608
2.5639130846211404E-6     0                        34791.159923058294
2.561629393889001E-6      -2.4999999999995525E-9   34847.765341664766
2.5593457031568617E-6     -4.999999999999105E-9    34904.40176581029
2.557062012424722E-6      -7.499999999998658E-9    34961.049169035374
2.5547783216925834E-6     -9.99999999999821E-9     35017.734704318704
2.562844303297702E-6      -4.999999999999105E-9    34817.504652991774
2.560560612565563E-6      -7.499999999998658E-9    34874.115312375274
2.558276921833424E-6      -9.99999999999821E-9     34930.736948568025
2.564059212706404E-6      -7.499999999998658E-9    34787.21891388697
2.5617755219742643E-6     -9.99999999999821E-9     34843.82367261603
2.5652741221151048E-6     -9.99999999999821E-9     34756.936346377275
2.5430733503776525E-6     -7.499999999998658E-9    35310.26174548736
2.5453627796260844E-6     -4.999999999999105E-9    35253.16807325611
2.5476522088745162E-6     -2.4999999999995525E-9   35196.08545795271
2.5499416381229485E-6     0                        35139.0321425369
2.5418699180015366E-6     -4.999999999999105E-9    35340.61777211979
2.5441593472499685E-6     -2.4999999999995525E-9   35283.49990097576
2.5464487764984003E-6     0                        35226.39308872106
2.5406664856254207E-6     -2.4999999999995525E-9   35370.96671426491
2.5429559148738526E-6     0                        35313.84296461017
2.5394630532493044E-6     0                        35401.318780829286
2.5535691508001748E-6     -7.499999999998658E-9    35048.08416421158
2.5558528415323135E-6     -4.999999999999105E-9    34991.38250186016
2.558136532264453E-6      -2.4999999999995525E-9   34934.70935282678
2.5604202229965922E-6     0                        34878.04718514325
2.552359979907766E-6      -4.999999999999105E-9    35078.40750713877
2.5546436706399053E-6     -2.4999999999995525E-9   35021.707473696864
2.5569273613720445E-6     0                        34965.028445233074
2.5511508090153575E-6     -2.4999999999995525E-9   35108.73399814303
2.5534344997474963E-6     0                        35052.035593004075
2.5488613797669253E-6     -4.999999999999105E-9    35165.78385573341
2.5465719505184934E-6     -7.499999999998658E-9    35222.842252395305
2.5442825212700616E-6     -9.99999999999821E-9     35279.91170402359
2.5500705506593343E-6     -7.499999999998658E-9    35135.45897226162
2.547781121410902E-6      -9.99999999999821E-9     35192.51146872257
2.551279721551743E-6      -9.99999999999821E-9     35105.1372374734
2.7354217574120817E-6     -7.499999999998658E-9    30738.00551537388
2.7376308474324176E-6     -4.999999999999105E-9    30689.435366037796
2.7398399374527526E-6     -2.4999999999995525E-9   30640.91150400395
2.7420490274730876E-6     0                        30592.397502395495
2.7341379858078694E-6     -4.999999999999105E-9    30766.351792994243
2.7363470758282044E-6     -2.4999999999995525E-9   30717.795320681184
2.73855616584854E-6       0                        30669.26567047042
2.732854214203656E-6      -2.4999999999995525E-9   30794.701471015836
2.735063304223992E-6      0                        30746.15867270653
2.731570442599444E-6      0                        30822.982310350828
2.729355614062816E-6      -2.4999999999995525E-9   30872.21643569223
2.7271407855261884E-6     -4.999999999999105E-9    30921.507608624386
2.7249259569895607E-6     -7.499999999998658E-9    30970.80872977082
2.7227111284529326E-6     -9.99999999999821E-9     31020.180333982786
2.730639385667029E-6      -4.999999999999105E-9    30843.931017257015
2.728424557130401E-6      -7.499999999998658E-9    30893.1730055462
2.7262097285937735E-6     -9.99999999999821E-9     30942.424935379648
2.7319231572712416E-6     -7.499999999998658E-9    30815.59498435094
2.729708328734614E-6      -9.99999999999821E-9     30864.831155574982
2.7332069288754544E-6     -9.99999999999821E-9     30787.262354865383
2.7214330953650117E-6     -7.499999999998658E-9    31048.88824378637
2.72364792390164E-6       -4.999999999999105E-9    30999.493509432476
2.725862752438268E-6      -2.4999999999995525E-9   30950.143211085575
2.728077580974896E-6      0                        30900.802867622988
2.720155062277092E-6      -4.999999999999105E-9    31077.531218862558
2.7223698908137202E-6     -2.4999999999995525E-9   31028.148947501537
2.724584719350348E-6      0                        30978.792846202046
2.7188770291891716E-6     -2.4999999999995525E-9   31106.177579063064
2.7210918577258E-6        0                        31056.807767912338
2.717598996101252E-6      0                        31134.759006279153
2.7153784290483316E-6     -2.4999999999995525E-9   31184.78368217198
2.713157861995411E-6      -4.999999999999105E-9    31234.862712900016
2.7109372949424907E-6     -7.499999999998658E-9    31284.951785225934
2.70871672788957E-6       -9.99999999999821E-9     31335.107891607808
2.716656462136251E-6      -4.999999999999105E-9    31156.197756307796
2.7144358950833308E-6     -7.499999999998658E-9    31206.2300168904
2.7122153280304108E-6     -9.99999999999821E-9     31256.272312825175
2.7179344952241716E-6     -7.499999999998658E-9    31127.563828155337
2.7157139281712512E-6     -9.99999999999821E-9     31177.59025762308
2.719212528312092E-6      -9.99999999999821E-9     31098.93328790978
2.70362754960306E-6       0                        31450.751684438757
2.7014012440338474E-6     -2.4999999999995525E-9   31501.52832810057
2.699174938464634E-6      -4.999999999999105E-9    31552.356723308745
2.696948632895421E-6      -7.499999999998658E-9    31603.195252025427
2.6947223273262076E-6     -9.99999999999821E-9     31654.097542775606
2.704899844174687E-6      -2.4999999999995525E-9   31421.900098714228
2.7026735386054743E-6     -4.999999999999105E-9    31472.67231550082
2.7004472330362608E-6     -7.499999999998658E-9    31523.456288141984
2.698220927467048E-6      -9.99999999999821E-9     31574.250388458324
2.7061721387463148E-6     -4.999999999999105E-9    31392.98740034617
2.7039458331771017E-6     -7.499999999998658E-9    31443.770902186534
2.7017195276078886E-6     -9.99999999999821E-9     31494.549031087423
2.707444433317942E-6      -7.499999999998658E-9    31364.07807099266
2.705218127748729E-6      -9.99999999999821E-9     31414.872860442654
2.709665000370863E-6      -4.999999999999105E-9    31313.89955729794
2.7118855674237834E-6     -2.4999999999995525E-9   31263.763723411335
2.714106134476704E-6      0                        31213.637937368283
2.708392705799235E-6      -2.4999999999995525E-9   31342.820201716942
2.710613272852156E-6      0                        31292.67855154595
2.707120411227608E-6      0                        31371.744212594673
2.6934557712708726E-6     -7.499999999998658E-9    31683.301827073716
2.6956820768400857E-6     -4.999999999999105E-9    31632.377868931017
2.6979083824092988E-6     -2.4999999999995525E-9   31581.49492733645
2.7001346879785123E-6     0                        31530.622125083733
2.692189215215538E-6      -4.999999999999105E-9    31712.449158377436
2.694415520784751E-6      -2.4999999999995525E-9   31661.53544441182
2.696641826353964E-6      0                        31610.646674599433
2.690922659160203E-6      -2.4999999999995525E-9   31741.59984179688
2.6931489647294163E-6     0                        31690.69636966972
2.689656103104868E-6      0                        31770.693160312385
2.6874240590193628E-6     -2.4999999999995525E-9   31822.185436299293
2.6851920149338565E-6     -4.999999999999105E-9    31873.726961260996
2.682959970848351E-6      -7.499999999998658E-9    31925.278710206396
2.6807279267628454E-6     -9.99999999999821E-9     31976.891086901484
2.688690615074697E-6      -4.999999999999105E-9    31793.08776156314
2.686458570989192E-6      -7.499999999998658E-9    31844.58716512546
2.6842265269036863E-6     -9.99999999999821E-9     31896.09678723901
2.6899571711300325E-6     -7.499999999998658E-9    31763.94729321386
2.6877251270445267E-6     -9.99999999999821E-9     31815.44084179013
2.691223727185367E-6      -9.99999999999821E-9     31734.81017931899
2.640993984707141E-6      -7.499999999998658E-9    32912.200310253764
2.643243244341525E-6      -4.999999999999105E-9    32858.70553508277
2.6454925039759085E-6     -2.4999999999995525E-9   32805.221247058435
2.6477417636102924E-6     0                        32751.779522970155
2.639750382716977E-6      -4.999999999999105E-9    32942.07624188374
2.6419996423513607E-6     -2.4999999999995525E-9   32888.54556662364
2.6442489019857446E-6     0                        32835.025382804364
2.6385067807268126E-6     -2.4999999999995525E-9   32971.934565212236
2.6407560403611964E-6     0                        32918.39802713765
2.6372631787366487E-6     0                        33001.79616442348
2.6489911041167494E-6     -2.4999999999995525E-9   32722.114025380288
2.646741844482366E-6      -4.999999999999105E-9    32775.55159533248
2.644492584847982E-6      -7.499999999998658E-9    32828.99996951047
2.6422433252135982E-6     -9.99999999999821E-9     32882.45882654094
2.6502404446232064E-6     -4.999999999999105E-9    32692.401179111457
2.647991184988823E-6      -7.499999999998658E-9    32745.846056370032
2.645741925354439E-6      -9.99999999999821E-9     32799.28854968214
2.6514897851296634E-6     -7.499999999998658E-9    32662.691629936977
2.6492405254952796E-6     -9.99999999999821E-9     32716.143816242005
2.6527391256361204E-6     -9.99999999999821E-9     32632.93587715526
2.6756846566066762E-6     0                        32094.332676971575
2.673446874004878E-6      -2.4999999999995525E-9   32146.506312417703
2.6712090914030792E-6     -4.999999999999105E-9    32198.726863100834
2.668971308801281E-6      -7.499999999998658E-9    32250.957726843175
2.6667335261994827E-6     -9.99999999999821E-9     32303.246216715503
2.676945474145719E-6      -2.4999999999995525E-9   32065.02427698925
2.67470769154392E-6       -4.999999999999105E-9    32117.193626046206
2.672469908942122E-6      -7.499999999998658E-9    32169.374256268387
2.670232126340323E-6      -9.99999999999821E-9     32221.565194507184
2.678206291684761E-6      -4.999999999999105E-9    32035.66205769623
2.6759685090829625E-6     -7.499999999998658E-9    32087.84062141509
2.673730726481164E-6      -9.99999999999821E-9     32140.01538674218
2.6794671092238034E-6     -7.499999999998658E-9    32006.30317287295
2.6772293266220045E-6     -9.99999999999821E-9     32058.49095338427
2.681699153309309E-6      -4.999999999999105E-9    31954.669895773204
2.683931197394814E-6      -2.4999999999995525E-9   31903.07603618557
2.68616324148032E-6       0                        31851.4924060141
2.680438335770267E-6      -2.4999999999995525E-9   31984.038023487592
2.682670379855772E-6      0                        31932.438325103525
2.6791775182312244E-6     0                        32013.40948354117
2.654982646754211E-6      -7.499999999998658E-9    32580.00317408909
2.6572261678723024E-6     -4.999999999999105E-9    32527.125246324842
2.659469688990393E-6      -2.4999999999995525E-9   32474.257719329886
2.6617132101084843E-6     0                        32421.434908523242
2.6537333062477546E-6     -4.999999999999105E-9    32609.739395083925
2.6559768273658454E-6     -2.4999999999995525E-9   32556.82362237473
2.658220348483936E-6      0                        32503.91825509816
2.6524839657412976E-6     -2.4999999999995525E-9   32639.456278115373
2.6547274868593883E-6     0                        32586.53464935082
2.65123462523484E-6       0                        32669.176456501096
2.665478447176733E-6      -7.499999999998658E-9    32332.84155985371
2.667716229778531E-6      -4.999999999999105E-9    32280.532896005017
2.66995401238033E-6       -2.4999999999995525E-9   32228.262123592005
2.672191794982128E-6      0                        32176.001669280806
2.6642233681539837E-6     -4.999999999999105E-9    32362.387299090366
2.6664611507557818E-6     -2.4999999999995525E-9   32310.086918037883
2.6686989333575803E-6     0                        32257.81029756263
2.662968289131234E-6      -2.4999999999995525E-9   32391.93635444358
2.6652060717330325E-6     0                        32339.644254256145
2.660724768013143E-6      -4.999999999999105E-9    32444.75494114589
2.658481246895052E-6      -7.499999999998658E-9    32497.58461040607
2.656237725776961E-6      -9.99999999999821E-9     32550.424675772225
2.6619798470358925E-6     -7.499999999998658E-9    32415.214141211432
2.6597363259178014E-6     -9.99999999999821E-9     32468.03793696307
2.663234926058642E-6      -9.99999999999821E-9     32385.676659324672
2.3822842801446455E-6     0                        39427.35223410378
2.379925988700702E-6      -2.4999999999995525E-9   39488.472885239695
2.3775676972567585E-6     -4.999999999999105E-9    39549.60628467337
2.375209405812815E-6      -7.499999999998658E-9    39610.751593302215
2.3834245888415426E-6     -2.4999999999995525E-9   39397.44709746069
2.381066297397599E-6      -4.999999999999105E-9    39458.566502685106
2.3787080059536557E-6     -7.499999999998658E-9    39519.69243412147
2.376349714509712E-6      -9.99999999999821E-9     39580.830276007124
2.38456489753844E-6       -4.999999999999105E-9    39367.53937638916
2.382206606094496E-6      -7.499999999998658E-9    39428.654585556906
2.379848314650553E-6      -9.99999999999821E-9     39489.774692397885
2.3857052062353374E-6     -7.499999999998658E-9    39337.63450408309
2.3833469147913933E-6     -9.99999999999821E-9     39398.74551648403
2.386845514932234E-6      -9.99999999999821E-9     39307.73020222209
2.3740748356322103E-6     -4.999999999999105E-9    39640.552758194746
2.376433127076154E-6      -2.4999999999995525E-9   39579.40000900314
2.3787914185200977E-6     0                        39518.25916775252
2.3729402654516062E-6     -2.4999999999995525E-9   39670.361843222345
2.3752985568955495E-6     0                        39609.203295615756
2.3718056952710013E-6     0                        39700.17375130579
2.389198067859885E-6      -7.499999999998658E-9    39246.82754373296
2.3915506207875358E-6     -4.999999999999105E-9    39185.94300184812
2.393903173715187E-6      -2.4999999999995525E-9   39125.070303545865
2.3962557266428374E-6     0                        39064.21147608666
2.3880577591629876E-6     -4.999999999999105E-9    39276.72104828226
2.3904103120906386E-6     -2.4999999999995525E-9   39215.828075653066
2.392762865018289E-6      0                        39154.94694559084
2.3869174504660904E-6     -2.4999999999995525E-9   39306.62173895051
2.3892700033937414E-6     0                        39245.72295685494
2.3857771417691932E-6     0                        39336.525279094305
2.397401773856027E-6      -2.4999999999995525E-9   39034.22382620236
2.3950492209283762E-6     -4.999999999999105E-9    39095.08138548836
2.3926966680007252E-6     -7.499999999998658E-9    39155.94562615693
2.390344115073075E-6      -9.99999999999821E-9     39216.82171142363
2.3985478210692167E-6     -4.999999999999105E-9    39004.231936018994
2.396195268141566E-6      -7.499999999998658E-9    39065.08576168558
2.3938427152139155E-6     -9.99999999999821E-9     39125.94416701402
2.3996938682824066E-6     -7.499999999998658E-9    38974.24292092888
2.397341315354756E-6      -9.99999999999821E-9     39035.09301235249
2.4008399154955964E-6     -9.99999999999821E-9     38944.25244445736
2.4102271731410293E-6     0                        38701.82430724211
2.407880358729671E-6      -2.4999999999995525E-9   38762.40924556184
2.405533544318313E-6      -4.999999999999105E-9    38823.009234329176
2.4031867299069548E-6     -7.499999999998658E-9    38883.62100013075
2.411378958870512E-6      -2.4999999999995525E-9   38671.761884773194
2.4090321444591535E-6     -4.999999999999105E-9    38732.34520387379
2.4066853300477952E-6     -7.499999999998658E-9    38792.93551566774
2.404338515636437E-6      -9.99999999999821E-9     38853.537605268226
2.412530744599994E-6      -4.999999999999105E-9    38641.69345007367
2.410183930188636E-6      -7.499999999998658E-9    38702.27334177441
2.4078371157772778E-6     -9.99999999999821E-9     38762.857808222834
2.4136825303294766E-6     -7.499999999998658E-9    38611.62791660437
2.4113357159181182E-6     -9.99999999999821E-9     38672.20438037181
2.414834316058959E-6      -9.99999999999821E-9     38581.55862356644
2.4020406826937653E-6     -4.999999999999105E-9    38913.600362187055
2.4043874971051232E-6     -2.4999999999995525E-9   38852.97894574054
2.4067343115164815E-6     0                        38792.36930555593
2.400894635480575E-6      -2.4999999999995525E-9   38943.585658584896
2.4032414498919334E-6     0                        38882.958422348995
2.399748588267385E-6      0                        38973.57383069957
2.4171753919540248E-6     -7.499999999998658E-9    38521.210666038416
2.4195164678490904E-6     -4.999999999999105E-9    38460.88376712198
2.421857543744156E-6      -2.4999999999995525E-9   38400.56857774277
2.4241986196392212E-6     0                        38340.269775346154
2.416023606224542E-6      -4.999999999999105E-9    38551.26855484926
2.418364682119608E-6      -2.4999999999995525E-9   38490.93052257838
2.4207057580146735E-6     0                        38430.60419932068
2.4148718204950596E-6     -2.4999999999995525E-9   38581.33067636531
2.4172128963901253E-6     0                        38520.98681472897
2.413720034765577E-6      0                        38611.39569964503
2.4253561438849965E-6     -2.4999999999995525E-9   38310.14012508438
2.423015067989931E-6      -4.999999999999105E-9    38370.436952704236
2.4206739920948652E-6     -7.499999999998658E-9    38430.740982977775
2.4183329161997996E-6     -9.99999999999821E-9     38491.05672331265
2.4265136681307713E-6     -4.999999999999105E-9    38280.002441019344
2.4241725922357057E-6     -7.499999999998658E-9    38340.29631494244
2.42183151634064E-6       -9.99999999999821E-9     38400.59449062339
2.427671192376546E-6      -7.499999999998658E-9    38249.86768411402
2.4253301164814805E-6     -9.99999999999821E-9     38310.15860390093
2.4288287166223214E-6     -9.99999999999821E-9     38219.727315556585
2.438170066137413E-6      0                        37979.633807111444
2.43583472875864E-6       -2.4999999999995525E-9   38039.63251592203
2.4334993913798673E-6     -4.999999999999105E-9    38099.648850123216
2.4311640540010943E-6     -7.499999999998658E-9    38159.67682540328
2.439333328899481E-6      -2.4999999999995525E-9   37949.445653870185
2.4369979915207086E-6     -4.999999999999105E-9    38009.4421896663
2.434662654141935E-6      -7.499999999998658E-9    38069.44611943475
2.4323273167631623E-6     -9.99999999999821E-9     38129.46169055319
2.4404965916615486E-6     -4.999999999999105E-9    37919.247480781414
2.4381612542827757E-6     -7.499999999998658E-9    37979.24139646326
2.4358259169040027E-6     -9.99999999999821E-9     38039.23946316991
2.4416598544236165E-6     -7.499999999998658E-9    37889.05226055714
2.439324517044843E-6      -9.99999999999821E-9     37949.043555783115
2.442823117185684E-6      -9.99999999999821E-9     37858.84899868594
2.430006529755319E-6      -4.999999999999105E-9    38189.80537999126
2.4323418671340924E-6     -2.4999999999995525E-9   38129.76502543618
2.434677204512865E-6      0                        38069.73631168889
2.4288490055095442E-6     -2.4999999999995525E-9   38219.93719917783
2.431184342888317E-6      0                        38159.89100644758
2.427691481263769E-6      0                        38250.07194596357
2.455648516470686E-6      -7.499999999998658E-9    37529.266968715034
2.457972376816874E-6      -4.999999999999105E-9    37469.839255428364
2.4602962371630612E-6     -2.4999999999995525E-9   37410.43432505795
2.4626200975092492E-6     0                        37351.04089615858
2.454479515192326E-6      -4.999999999999105E-9    37559.51435412509
2.4568033755385135E-6     -2.4999999999995525E-9   37500.084449115915
2.459127235884701E-6      0                        37440.67366533003
2.4533105139139657E-6     -2.4999999999995525E-9   37589.76471786172
2.455634374260153E-6      0                        37530.332621369555
2.452141512635605E-6      0                        37620.00293031132
2.4451527160481643E-6     -7.499999999998658E-9    37799.10890623942
2.4474823149106446E-6     -4.999999999999105E-9    37739.392870291034
2.4498119137731244E-6     -2.4999999999995525E-9   37679.68840598736
2.4439894532860964E-6     -4.999999999999105E-9    37829.299987249746
2.4463190521485766E-6     -2.4999999999995525E-9   37769.5700185055
2.448648651011057E-6      0                        37709.85162139332
2.442826190524029E-6      -2.4999999999995525E-9   37859.49260388117
2.445155789386509E-6      0                        37799.75678893814
2.441662927761961E-6      0                        37889.68817371867
2.4509809150514854E-6     -4.999999999999105E-9    37649.44761098525
2.448651316189005E-6      -7.499999999998658E-9    37709.138117946386
2.446321717326525E-6      -9.99999999999821E-9     37768.840196564925
2.4521499163298457E-6     -7.499999999998658E-9    37619.19503844832
2.4498203174673654E-6     -9.99999999999821E-9     37678.87967467669
2.453318917608206E-6      -9.99999999999821E-9     37588.94544399846
1.5891646828205756E-6     -9.99999999999821E-9     59715.56486779535
1.5883514695523582E-6     -7.499999999998658E-9    59735.331275597644
1.5875382562841405E-6     -4.999999999999105E-9    59755.165462348625
1.5867250430159233E-6     -2.4999999999995525E-9   59775.00100648304
1.5859118297477056E-6     0                        59794.903374971356
1.5856660826797352E-6     -9.99999999999821E-9     59799.13957599357
1.5848528694115175E-6     -7.499999999998658E-9    59818.98999149985
1.5840396561432998E-6     -4.999999999999105E-9    59838.841762025055
1.5832264428750826E-6     -2.4999999999995525E-9   59858.736519454294
1.5821674825388945E-6     -9.99999999999821E-9     59882.82723140382
1.5813542692706768E-6     -7.499999999998658E-9    59902.68340499159
1.5805410560024594E-6     -4.999999999999105E-9    59922.53860479404
1.5786688823980538E-6     -9.99999999999821E-9     59966.53935170824
1.5778556691298364E-6     -7.499999999998658E-9    59986.354983120444
1.5751702822572132E-6     -9.99999999999821E-9     60050.140761583345
1.9240793586820333E-6     -7.499999999998658E-9    51386.67510586383
1.9231284210227927E-6     -4.999999999999105E-9    51411.407112064524
1.922177483363552E-6      -2.4999999999995525E-9   51436.141069229285
1.9212265457043117E-6     0                        51460.91689079871
1.9215316962004333E-6     -9.99999999999821E-9     51451.5940178475
1.9205807585411924E-6     -7.499999999998658E-9    51476.33938322293
1.9196298208819523E-6     -4.999999999999105E-9    51501.08669736696
1.9186788832227117E-6     -2.4999999999995525E-9   51525.859548055065
1.918033096059593E-6      -9.99999999999821E-9     51541.28264610123
1.9170821584003524E-6     -7.499999999998658E-9    51566.03511046214
1.916131220741112E-6      -4.999999999999105E-9    51590.78633560911
1.9145344959187524E-6     -9.99999999999821E-9     51630.99713201234
1.913583558259512E-6      -7.499999999998658E-9    51655.72672421335
1.9110358957779115E-6     -9.99999999999821E-9     51720.65234616753
1.92471940732886E-6       0                        51371.19847455784
1.9256703449881004E-6     -2.4999999999995525E-9   51346.47787014092
1.926621282647341E-6      -4.999999999999105E-9    51321.75921888357
1.9282122689534076E-6     0                        51281.564800193846
1.929163206612648E-6      -2.4999999999995525E-9   51256.85129492195
1.9317051305779554E-6     0                        51191.956926201674
1.90725509920612E-6       0                        51818.79705037971
1.9082002983490676E-6     -2.4999999999995525E-9   51794.21655491373
1.909145497492016E-6      -4.999999999999105E-9    51769.679039190676
1.9100906966349637E-6     -7.499999999998658E-9    51745.14344803973
1.9107479608306675E-6     0                        51729.262999565704
1.9116931599736158E-6     -2.4999999999995525E-9   51704.73899061489
1.9126383591165636E-6     -4.999999999999105E-9    51680.21690844898
1.9142408224552157E-6     0                        51639.81514844339
1.9151860215981636E-6     -2.4999999999995525E-9   51615.29818464254
1.9177336840797635E-6     0                        51550.39305448146
1.907537295637071E-6      -9.99999999999821E-9     51810.06939073073
1.906592096494123E-6      -7.499999999998658E-9    51834.61849483342
1.9056468973511752E-6     -4.999999999999105E-9    51859.16952129541
1.9047016982082273E-6     -2.4999999999995525E-9   51883.74678840685
1.9040386954962302E-6     -9.99999999999821E-9     51899.5689841093
1.9030934963532824E-6     -7.499999999998658E-9    51924.125132903035
1.9021482972103345E-6     -4.999999999999105E-9    51948.679944003336
1.9005400953553897E-6     -9.99999999999821E-9     51989.09439090274
1.899594896212442E-6      -7.499999999998658E-9    52013.62673843485
1.897041495214549E-6      -9.99999999999821E-9     52078.55805909258
1.893283652707928E-6      0                        52175.91277286482
1.8942231133345832E-6     -2.4999999999995525E-9   52151.52862946562
1.8951625739612386E-6     -4.999999999999105E-9    52127.18861570632
1.8961020345878937E-6     -7.499999999998658E-9    52102.850500245564
1.896776514332476E-6      0                        52086.56931090613
1.8977159749591316E-6     -2.4999999999995525E-9   52062.242937570554
1.8986554355857868E-6     -4.999999999999105E-9    52037.91846476257
1.900269375957024E-6      0                        51997.313548221224
1.9012088365836794E-6     -2.4999999999995525E-9   51972.99416582212
1.903762237581572E-6      0                        51908.08349815964
1.8935428950737084E-6     -9.99999999999821E-9     52167.77848329312
1.8926034344470537E-6     -7.499999999998658E-9    52192.13024511154
1.891663973820398E-6      -4.999999999999105E-9    52216.48390299947
1.8907245131937425E-6     -2.4999999999995525E-9   52240.864514497174
1.890044294932868E-6      -9.99999999999821E-9     52257.08290056336
1.8891048343062126E-6     -7.499999999998658E-9    52281.44165256505
1.8881653736795572E-6     -4.999999999999105E-9    52305.79893865138
1.886545694792027E-6      -9.99999999999821E-9     52346.41308568567
1.885606234165372E-6      -7.499999999998658E-9    52370.747038652684
1.8830470946511866E-6     -9.99999999999821E-9     52435.67894937588
1.8793122062097361E-6     0                        52532.239516608584
1.8802459283200988E-6     -2.4999999999995525E-9   52508.05277351788
1.8811796504304613E-6     -4.999999999999105E-9    52483.911278442145
1.8821133725408237E-6     -7.499999999998658E-9    52459.77165551411
1.8828050678342839E-6     0                        52443.09284601606
1.8837387899446468E-6     -2.4999999999995525E-9   52418.96510609702
1.8846725120550092E-6     -4.999999999999105E-9    52394.83924056991
1.886297929458832E-6      0                        52354.03530907988
1.8872316515691948E-6     -2.4999999999995525E-9   52329.914505677225
1.88979079108338E-6       0                        52265.00343892368
1.8795484945103461E-6     -9.99999999999821E-9     52524.696754940975
1.8786147723999833E-6     -7.499999999998658E-9    52548.85013871586
1.8776810502896208E-6     -4.999999999999105E-9    52573.0053923942
1.8767473281792583E-6     -2.4999999999995525E-9   52597.188288327816
1.8760498943695053E-6     -9.99999999999821E-9     52613.800011744606
1.8751161722591428E-6     -7.499999999998658E-9    52637.96033099332
1.8741824501487801E-6     -4.999999999999105E-9    52662.11903869515
1.8725512942286648E-6     -9.99999999999821E-9     52702.9289895363
1.8716175721183023E-6     -7.499999999998658E-9    52727.063501148725
1.8690526940878241E-6     -9.99999999999821E-9     52791.99102679856
1.8681247104937537E-6     -7.499999999998658E-9    52815.88300130455
1.867196726899684E-6      -4.999999999999105E-9    52839.823152692894
1.8662687433056138E-6     -2.4999999999995525E-9   52863.76515020482
1.865340759711544E-6      0                        52887.75349633489
1.8655540939469835E-6     -9.99999999999821E-9     52880.800230848465
1.8646261103529137E-6     -7.499999999998658E-9    52904.75426734605
1.8636981267588435E-6     -4.999999999999105E-9    52928.71014770883
1.8627701431647733E-6     -2.4999999999995525E-9   52952.69438142485
1.862055493806143E-6      -9.99999999999821E-9     52969.69640551957
1.8611275102120728E-6     -7.499999999998658E-9    52993.65732259121
1.8601995266180028E-6     -4.999999999999105E-9    53017.61655178809
1.8585568936653023E-6     -9.99999999999821E-9     53058.61825303184
1.8576289100712321E-6     -7.499999999998658E-9    53082.55246970355
1.8550582935244617E-6     -9.99999999999821E-9     53147.47070546683
1.868833621336092E-6      0                        52798.80956644504
1.8697616049301622E-6     -2.4999999999995525E-9   52774.88144859424
1.870689588524232E-6      -4.999999999999105E-9    52750.95517912543
1.87232648296064E-6       0                        52709.95618076214
1.8732544665547101E-6     -2.4999999999995525E-9   52686.03494481247
1.8758193445851881E-6     0                        52621.128414728184
1.827069492397737E-6      -9.99999999999821E-9     53855.84160382411
1.8261587243525448E-6     -7.499999999998658E-9    53879.12662806847
1.8252479563073525E-6     -4.999999999999105E-9    53902.46305895808
1.8243371882621604E-6     -2.4999999999995525E-9   53925.801258698004
1.8234264202169682E-6     0                        53949.188949990574
1.8235708922568965E-6     -9.99999999999821E-9     53943.991017695975
1.822660124211704E-6      -7.499999999998658E-9    53967.34178106512
1.8217493561665118E-6     -4.999999999999105E-9    53990.69431098957
1.8208385881213197E-6     -2.4999999999995525E-9   54014.07747530708
1.8200722921160558E-6     -9.99999999999821E-9     54032.23184911365
1.8191615240708637E-6     -7.499999999998658E-9    54055.58932732517
1.8182507560256714E-6     -4.999999999999105E-9    54078.94535192418
1.8165736919752151E-6     -9.99999999999821E-9     54120.49820141101
1.8156629239300228E-6     -7.499999999998658E-9    54143.827077847316
1.8130750918343745E-6     -9.99999999999821E-9     54208.688966639944
1.851369313213352E-6      0                        53242.43136365292
1.8522915582911296E-6     -2.4999999999995525E-9   53218.6423951464
1.8532138033689069E-6     -4.999999999999105E-9    53194.90083370333
1.8541360484466842E-6     -7.499999999998658E-9    53171.161092490394
1.8548621748378998E-6     0                        53153.69605432173
1.8557844199156773E-6     -2.4999999999995525E-9   53129.96850995597
1.8567066649934549E-6     -4.999999999999105E-9    53106.24278809193
1.858355036462448E-6      0                        53065.05263207416
1.8592772815402255E-6     -2.4999999999995525E-9   53041.33191481029
1.8618478980869958E-6     0                        52976.43478107491
1.8515596933836212E-6     -9.99999999999821E-9     53236.0655179075
1.8506374483058437E-6     -7.499999999998658E-9    53259.819281405566
1.8497152032280662E-6     -4.999999999999105E-9    53283.574862862246
1.8487929581502887E-6     -2.4999999999995525E-9   53307.359517523524
1.8480610932427805E-6     -9.99999999999821E-9     53324.74881318642
1.8471388481650032E-6     -7.499999999998658E-9    53348.5094021795
1.8462166030872257E-6     -4.999999999999105E-9    53372.26829572109
1.8445624931019399E-6     -9.99999999999821E-9     53413.45773189461
1.8436402480241624E-6     -7.499999999998658E-9    53437.1908561633
1.8410638929610994E-6     -9.99999999999821E-9     53502.094997423
1.8373978667151602E-6     0                        53596.25050266523
1.838314373276645E-6      -2.4999999999995525E-9   53572.6617785464
1.8392308798381298E-6     -4.999999999999105E-9    53549.121510932586
1.8401473863996146E-6     -7.499999999998658E-9    53525.58303778994
1.8408907283397083E-6     0                        53507.72946881401
1.8418072349011932E-6     -2.4999999999995525E-9   53484.20337110238
1.842723741462678E-6      -4.999999999999105E-9    53460.67907014566
1.8443835899642561E-6     0                        53419.30163672011
1.845300096525741E-6      -2.4999999999995525E-9   53395.7823111381
1.8478764515888043E-6     0                        53330.899326221945
1.826919281841516E-6      0                        53860.887716105484
1.8278300498867085E-6     -2.4999999999995525E-9   53837.56384411274
1.8287408179319003E-6     -4.999999999999105E-9    53814.24174326533
1.8296515859770928E-6     -7.499999999998658E-9    53790.95627556024
1.8304121434660642E-6     0                        53772.68094893964
1.8313229115112563E-6     -2.4999999999995525E-9   53749.36379394198
1.8322336795564484E-6     -4.999999999999105E-9    53726.05181512608
1.833905005090612E-6      0                        53684.49965248212
1.834815773135804E-6      -2.4999999999995525E-9   53661.16117085467
1.8375652928202587E-6     -9.99999999999821E-9     53590.46980662539
1.836648786258774E-6      -7.499999999998658E-9    53614.02245463945
1.8357322796972891E-6     -4.999999999999105E-9    53637.57689484092
1.834066692679418E-6      -9.99999999999821E-9     53678.934591451805
1.8331501861179333E-6     -7.499999999998658E-9    53702.49400971344
1.8305680925385776E-6     -9.99999999999821E-9     53767.42494904801
2.17587527552929E-6       -7.499999999998658E-9    44836.029120846724
2.1783139062013302E-6     -4.999999999999105E-9    44772.285252458736
2.1807525368733703E-6     -2.4999999999995525E-9   44708.55432120853
2.183191167545411E-6      0                        44644.83612091631
2.1748210445767824E-6     -4.999999999999105E-9    44864.01143439042
2.1772596752488225E-6     -2.4999999999995525E-9   44800.25808137958
2.1796983059208626E-6     0                        44736.52157384218
2.1737668136242743E-6     -2.4999999999995525E-9   44891.99618833522
2.1762054442963144E-6     0                        44828.233352355666
2.1727125826717667E-6     0                        44920.00122070161
2.1702682134834335E-6     -2.4999999999995525E-9   44983.84880457171
2.1678238442951007E-6     -4.999999999999105E-9    45047.694294170564
2.165379475106768E-6      -7.499999999998658E-9    45111.5525716206
2.162935105918435E-6      -9.99999999999821E-9     45175.41090156842
2.1713224444359416E-6     -4.999999999999105E-9    44955.843920937594
2.1688780752476084E-6     -7.499999999998658E-9    45019.6964245799
2.1664337060592756E-6     -9.99999999999821E-9     45083.56172045913
2.1723766753884492E-6     -7.499999999998658E-9    44927.84967445879
2.1699323062001165E-6     -9.99999999999821E-9     44991.69659224863
2.173430906340957E-6      -9.99999999999821E-9     44899.85786672696
2.1587411361735747E-6     0                        45286.6994164449
2.15978962860979E-6       -2.4999999999995525E-9   45258.85395346545
2.160838121046005E-6      -4.999999999999105E-9    45231.03013172653
2.16188661348222E-6       -7.499999999998658E-9    45203.20872279586
2.162233997798123E-6      0                        45194.97060251867
2.163282490234338E-6      -2.4999999999995525E-9   45167.15650912332
2.164330982670553E-6      -4.999999999999105E-9    45139.34483023423
2.1657268594226707E-6     0                        45103.29972360896
2.1667753518588857E-6     -2.4999999999995525E-9   45075.49360089285
2.169219721047219E-6      0                        45011.65515501694
2.1594365057775947E-6     -9.99999999999821E-9     45267.15197327735
2.1583880133413797E-6     -7.499999999998658E-9    45294.98312148605
2.1573395209051643E-6     -4.999999999999105E-9    45322.81668080497
2.1562910284689493E-6     -2.4999999999995525E-9   45350.66179358955
2.155937905636754E-6      -9.99999999999821E-9     45358.94490192983
2.1548894132005392E-6     -7.499999999998658E-9    45386.784026658155
2.153840920764324E-6      -4.999999999999105E-9    45414.62119812191
2.1524393054959137E-6     -9.99999999999821E-9     45450.76421681897
2.1513908130596988E-6     -7.499999999998658E-9    45478.59344239138
2.148940705355073E-6      -9.99999999999821E-9     45542.56477918884
2.144769689675383E-6      0                        45653.19747440253
2.145812443595305E-6      -2.4999999999995525E-9   45625.51462609517
2.146855197515228E-6      -4.999999999999105E-9    45597.854768775855
2.1478979514351506E-6     -7.499999999998658E-9    45570.197296681064
2.1482625512999306E-6     0                        45561.51806554366
2.1493053052198533E-6     -2.4999999999995525E-9   45533.86817896986
2.1503480591397756E-6     -4.999999999999105E-9    45506.22067936056
2.1517554129244788E-6     0                        45469.89837488336
2.1527981668444015E-6     -2.4999999999995525E-9   45442.256410832975
2.155248274549027E-6      0                        45378.304977471955
2.1454421052142324E-6     -9.99999999999821E-9     45634.24790261433
2.1443993512943097E-6     -7.499999999998658E-9    45661.915356106525
2.1433565973743874E-6     -4.999999999999105E-9    45689.585193083316
2.142313843454465E-6      -2.4999999999995525E-9   45717.26752735878
2.1419435050733915E-6     -9.99999999999821E-9     45725.9848884556
2.140900751153469E-6      -7.499999999998658E-9    45753.660269903194
2.1398579972335465E-6     -4.999999999999105E-9    45781.33375865859
2.138444904932551E-6      -9.99999999999821E-9     45817.74824229434
2.1374021510126283E-6     -7.499999999998658E-9    45845.412880776756
2.13494630479171E-6       -9.99999999999821E-9     45909.490157019834
2.130798243177191E-6      0                        46019.45572472293
2.131835258580821E-6      -2.4999999999995525E-9   45991.93835674657
2.1328722739844505E-6     -4.999999999999105E-9    45964.44529799434
2.13390928938808E-6       -7.499999999998658E-9    45936.954596900294
2.1342911048017387E-6     0                        45927.83567321988
2.1353281202053687E-6     -2.4999999999995525E-9   45900.35282599373
2.1363651356089987E-6     -4.999999999999105E-9    45872.872338205816
2.137783966426287E-6      0                        45836.2770697075
2.1388209818299165E-6     -2.4999999999995525E-9   45808.802096375526
2.141276828050835E-6      0                        45744.74474061068
2.1314477046508693E-6     -9.99999999999821E-9     46001.105608881444
2.1304106892472397E-6     -7.499999999998658E-9    46028.606531873316
2.12937367384361E-6       -4.999999999999105E-9    46056.10981074332
2.1283366584399805E-6     -2.4999999999995525E-9   46083.62651711839
2.127949104510029E-6      -9.99999999999821E-9     46092.77688213535
2.1269120891063992E-6     -7.499999999998658E-9    46120.285684052964
2.1258750737027696E-6     -4.999999999999105E-9    46147.79266382533
2.1244505043691884E-6     -9.99999999999821E-9     46184.474503394544
2.1234134889655588E-6     -7.499999999998658E-9    46211.97175163121
2.120951904228348E-6      -9.99999999999821E-9     46276.14809707124
2.116826796678999E-6      0                        46385.43591081479
2.117858073566336E-6      -2.4999999999995525E-9   46358.086739376915
2.1188893504536732E-6     -4.999999999999105E-9    46330.763132560016
2.1199206273410106E-6     -7.499999999998658E-9    46303.44185586013
2.120319658303547E-6      0                        46293.88481175336
2.1213509351908845E-6     -2.4999999999995525E-9   46266.57164890835
2.1223822120782214E-6     -4.999999999999105E-9    46239.260817998715
2.123812519928095E-6      0                        46202.39682993601
2.1248437968154323E-6     -2.4999999999995525E-9   46175.09149190128
2.127305381552643E-6      0                        46110.93510196981
2.1174533040875075E-6     -9.99999999999821E-9     46367.68657476046
2.11642202720017E-6       -7.499999999998658E-9    46395.01830552617
2.1153907503128328E-6     -4.999999999999105E-9    46422.352364590566
2.114359473425496E-6      -2.4999999999995525E-9   46449.70071109275
2.113954703946667E-6      -9.99999999999821E-9     46459.282745672404
2.1129234270593297E-6     -7.499999999998658E-9    46486.62230588724
2.1118921501719923E-6     -4.999999999999105E-9    46513.96007025681
2.1104561038058266E-6     -9.99999999999821E-9     46550.9052428773
2.109424826918489E-6      -7.499999999998658E-9    46578.23242000343
2.1069575036649857E-6     -9.99999999999821E-9     46642.501150186225
2.102855350180807E-6      0                        46751.10093010248
2.1038808885518517E-6     -2.4999999999995525E-9   46723.92252950977
2.1049064269228964E-6     -4.999999999999105E-9    46696.77094776179
2.105931965293941E-6      -7.499999999998658E-9    46669.621668622436
2.1063482118053553E-6     0                        46659.628008242005
2.1073737501764E-6        -2.4999999999995525E-9   46632.48710351963
2.1083992885474446E-6     -4.999999999999105E-9    46605.3485032608
2.109841073429903E-6      0                        46568.21990051448
2.1108666118009477E-6     -2.4999999999995525E-9   46541.08677108188
2.1133339350544512E-6     0                        46476.838024374694
2.103458903524145E-6      -9.99999999999821E-9     46733.95352266421
2.1024333651531006E-6     -7.499999999998658E-9    46761.11348864764
2.1014078267820555E-6     -4.999999999999105E-9    46788.27575538479
2.1003822884110113E-6     -2.4999999999995525E-9   46815.453161638885
2.0999603033833043E-6     -9.99999999999821E-9     46825.465418327265
2.0989347650122597E-6     -7.499999999998658E-9    46852.63316385416
2.097909226641215E-6      -4.999999999999105E-9    46879.799141175245
2.096461703242464E-6      -9.99999999999821E-9     46917.0036168826
2.095436164871419E-6      -7.499999999998658E-9    46944.15815998412
2.092963103101623E-6      -9.99999999999821E-9     47008.51269754526
2.088883903682615E-6      0                        47116.414644897806
2.0899037035373667E-6     -2.4999999999995525E-9   47089.40947455624
2.090923503392119E-6      -4.999999999999105E-9    47062.43237028146
2.0919433032468706E-6     -7.499999999998658E-9    47035.45754114698
2.092376765307163E-6      0                        47025.0289350208
2.093396565161915E-6      -2.4999999999995525E-9   46998.06273898885
2.094416365016667E-6      -4.999999999999105E-9    46971.098819987
2.095869626931711E-6      0                        46933.709736548924
2.096889426786463E-6      -2.4999999999995525E-9   46906.75126586725
2.0993624885562593E-6     0                        46842.41674573353
2.089464502960782E-6      -9.99999999999821E-9     47099.870043607596
2.08844470310603E-6       -7.499999999998658E-9    47126.855790530135
2.087424903251278E-6      -4.999999999999105E-9    47153.843810703154
2.0864051033965262E-6     -2.4999999999995525E-9   47180.84780157638
2.0859659028199417E-6     -9.99999999999821E-9     47191.288708544176
2.0849461029651897E-6     -7.499999999998658E-9    47218.28218469277
2.0839263031104377E-6     -4.999999999999105E-9    47245.273893552556
2.082467302679101E-6      -9.99999999999821E-9     47282.733651314426
2.0814475028243492E-6     -7.499999999998658E-9    47309.71307270063
2.0789687025382607E-6     -9.99999999999821E-9     47374.146913999786
2.022991100284811E-6      -9.99999999999821E-9     48832.23142862474
2.021999993011522E-6      -7.499999999998658E-9    48858.26568806052
2.021008885738233E-6      -4.999999999999105E-9    48884.33590287262
2.020017778464944E-6      -2.4999999999995525E-9   48910.408256320836
2.019026671191655E-6      0                        48936.5146134315
2.0194925001439704E-6     -9.99999999999821E-9     48922.98848185188
2.0185013928706815E-6     -7.499999999998658E-9    48949.07071571989
2.0175102855973925E-6     -4.999999999999105E-9    48975.15508618308
2.0165191783241036E-6     -2.4999999999995525E-9   49001.25954123845
2.01599390000313E-6       -9.99999999999821E-9     49013.81568558066
2.015002792729841E-6      -7.499999999998658E-9    49039.90539148385
2.014011685456552E-6      -4.999999999999105E-9    49065.99358878287
2.0124952998622895E-6     -9.99999999999821E-9     49104.66901798025
2.0115041925890006E-6     -7.499999999998658E-9    49130.740951223524
2.0085480863180114E-6     0                        49208.329701727125
2.0095334550750076E-6     -2.4999999999995525E-9   49182.456256380465
2.010518823832004E-6      -4.999999999999105E-9    49156.58492464756
2.012040947942559E-6      0                        49117.71988499351
2.0130263166995554E-6     -2.4999999999995525E-9   49091.853857481634
2.0155338095671073E-6     0                        49027.136098912524
2.0749124571844232E-6     0                        47481.34186755799
2.075926518522883E-6      -2.4999999999995525E-9   47454.51222361683
2.076940579861342E-6      -4.999999999999105E-9    47427.711879705734
2.0779546411998015E-6     -7.499999999998658E-9    47400.91378351362
2.0784053188089714E-6     0                        47390.05216868075
2.0794193801474303E-6     -2.4999999999995525E-9   47363.26295904917
2.08043344148589E-6       -4.999999999999105E-9    47336.475999059636
2.081898180433519E-6      0                        47298.83067261684
2.0829122417719785E-6     -2.4999999999995525E-9   47272.04913799401
2.0853910420580674E-6     0                        47207.6353586402
2.0754701023974203E-6     -9.99999999999821E-9     47465.40054664934
2.0744560410589606E-6     -7.499999999998658E-9    47492.20978639514
2.073441979720501E-6      -4.999999999999105E-9    47519.02127193684
2.072427918382042E-6      -2.4999999999995525E-9   47545.849533110675
2.0719715022565794E-6     -9.99999999999821E-9     47556.7172804873
2.07095744091812E-6       -7.499999999998658E-9    47583.53419874679
2.0699433795796604E-6     -4.999999999999105E-9    47610.34932258376
2.0684729021157385E-6     -9.99999999999821E-9     47648.0602654719
2.0674588407772792E-6     -7.499999999998658E-9    47674.8622463403
2.064974301974898E-6      -9.99999999999821E-9     47739.36898618389
2.0225195328162033E-6     0                        48845.69245938846
2.0235106400894922E-6     -2.4999999999995525E-9   48819.63211678513
2.024501747362781E-6      -4.999999999999105E-9    48793.573914858825
2.02549285463607E-6       -7.499999999998658E-9    48767.54257454842
2.0260123944407515E-6     0                        48754.94475965867
2.0270035017140404E-6     -2.4999999999995525E-9   48728.89188700226
2.0279946089873294E-6     -4.999999999999105E-9    48702.84498047075
2.0295052560652997E-6     0                        48664.223123924574
2.0304963633385886E-6     -2.4999999999995525E-9   48638.16065730712
2.0329981176898475E-6     0                        48573.46618596915
2.0369855008481735E-6     -9.99999999999821E-9     48468.44337456167
2.035988655058592E-6      -7.499999999998658E-9    48494.663608731455
2.0349918092690103E-6     -4.999999999999105E-9    48520.91874097062
2.033994963479429E-6      -2.4999999999995525E-9   48547.17603901368
2.033486900707333E-6      -9.99999999999821E-9     48559.33634387892
2.032490054917751E-6      -7.499999999998658E-9    48585.6032632621
2.03149320912817E-6       -4.999999999999105E-9    48611.872346435484
2.029988300566492E-6      -9.99999999999821E-9     48650.29775502557
2.0289914547769106E-6     -7.499999999998658E-9    48676.57219857694
2.0264897004256517E-6     -9.99999999999821E-9     48741.28532776765
2.0609410106862313E-6     0                        47845.8481016394
2.0619493335083983E-6     -2.4999999999995525E-9   47819.196210781076
2.062957656330565E-6      -4.999999999999105E-9    47792.57482966063
2.0639659791527315E-6     -7.499999999998658E-9    47765.95566889168
2.064433872310779E-6      0                        47754.66308406006
2.065442195132946E-6      -2.4999999999995525E-9   47728.05304387896
2.0664505179551127E-6     -4.999999999999105E-9    47701.4452260041
2.0679267339353273E-6     0                        47663.54789185773
2.068935056757494E-6      -2.4999999999995525E-9   47636.945475958404
2.0714195955598755E-6     0                        47572.45885456442
2.0614757018340576E-6     -9.99999999999821E-9     47830.5105299638
2.060467379011891E-6      -7.499999999998658E-9    47857.14104067737
2.0594590561897244E-6     -4.999999999999105E-9    47883.773769787644
2.0584507333675574E-6     -2.4999999999995525E-9   47910.42407317141
2.057977101693217E-6      -9.99999999999821E-9     47921.71693299629
2.0569687788710506E-6     -7.499999999998658E-9    47948.35507113256
2.0559604560488835E-6     -4.999999999999105E-9    47974.991390078954
2.0544785015523767E-6     -9.99999999999821E-9     48012.94955888842
2.0534701787302093E-6     -7.499999999998658E-9    48039.57188759603
2.050979901411536E-6      -9.99999999999821E-9     48104.14533337425
2.0469695641880394E-6     0                        48209.900282951574
2.0479721484939137E-6     -2.4999999999995525E-9   48183.42823642869
2.0489747327997876E-6     -4.999999999999105E-9    48156.98789665519
2.049977317105662E-6      -7.499999999998658E-9    48130.54974992605
2.0504624258125876E-6     0                        48118.82822098941
2.0514650101184615E-6     -2.4999999999995525E-9   48092.39943587851
2.0524675944243358E-6     -4.999999999999105E-9    48065.97284579692
2.0539552874371353E-6     0                        48027.827581313926
2.0549578717430097E-6     -2.4999999999995525E-9   48001.406369388475
2.0574481490616835E-6     0                        47936.853067788186
2.0474813012706953E-6     -9.99999999999821E-9     48195.16657178074
2.046478716964821E-6      -7.499999999998658E-9    48221.61628191097
2.045476132658947E-6      -4.999999999999105E-9    48248.06818310059
2.0444735483530732E-6     -2.4999999999995525E-9   48274.5384877061
2.0439827011298545E-6     -9.99999999999821E-9     48286.254467884355
2.0429801168239806E-6     -7.499999999998658E-9    48312.711753983654
2.0419775325181067E-6     -4.999999999999105E-9    48339.167270544545
2.040484100989014E-6      -9.99999999999821E-9     48377.36855698833
2.03948151668314E-6       -7.499999999998658E-9    48403.80927953538
2.0364909793143952E-6     0                        48482.515194679785
2.037487825103977E-6      -2.4999999999995525E-9   48456.269675307005
2.038484670893558E-6      -4.999999999999105E-9    48430.02632375175
2.0399838409389434E-6     0                        48391.6371374038
2.040980686728525E-6      -2.4999999999995525E-9   48365.39913976648
2.0434767025634916E-6     0                        48300.78517596441
1.3372654726800518E-6     -9.99999999999821E-9     65537.46123181877
1.3365555527051015E-6     -7.499999999998658E-9    65553.51219336395
1.3358456327301512E-6     -4.999999999999105E-9    65569.64948671547
1.335135712755201E-6      -2.4999999999995525E-9   65585.78775951751
1.3344257927802508E-6     0                        65602.01071463728
1.3337668725392112E-6     -9.99999999999821E-9     65614.93591627412
1.333056952564261E-6      -7.499999999998658E-9    65631.09018692415
1.3323470325893108E-6     -4.999999999999105E-9    65647.24543477368
1.3316371126143604E-6     -2.4999999999995525E-9   65663.45617391866
1.3302682723983705E-6     -9.99999999999821E-9     65692.54391474061
1.3295583524234204E-6     -7.499999999998658E-9    65708.70293029098
1.32884843244847E-6       -4.999999999999105E-9    65724.86033717988
1.3267696722575298E-6     -9.99999999999821E-9     65770.174947453
1.3260597522825795E-6     -7.499999999998658E-9    65786.27900909401
1.3232710721166894E-6     -9.99999999999821E-9     65847.65651040665
1.3204543462820589E-6     0                        65911.39989875117
1.3211585277407165E-6     -2.4999999999995525E-9   65895.37754718082
1.3218627091993741E-6     -4.999999999999105E-9    65879.44082389778
1.3225668906580317E-6     -7.499999999998658E-9    65863.50506097228
1.3239472079066069E-6     0                        65833.97555819851
1.3246513893652645E-6     -2.4999999999995525E-9   65818.05584629567
1.325355570823922E-6      -4.999999999999105E-9    65802.13709699093
1.3274400695311548E-6     0                        65756.6868149146
1.3281442509898125E-6     -2.4999999999995525E-9   65740.7718018177
1.3309329311557028E-6     0                        65679.42100230564
1.319772471975849E-6      -9.99999999999821E-9     65924.76063374401
1.319068290517191E-6      -7.499999999998658E-9    65940.71340535919
1.3183641090585335E-6     -4.999999999999105E-9    65956.66713509135
1.317659927599876E-6      -2.4999999999995525E-9   65972.67707114437
1.3162738718350082E-6     -9.99999999999821E-9     66001.99906205223
1.3155696903763506E-6     -7.499999999998658E-9    66017.95652306116
1.314865508917693E-6      -4.999999999999105E-9    66033.91242292212
1.3127752716941678E-6     -9.99999999999821E-9     66079.26043682246
1.31207109023551E-6       -7.499999999998658E-9    66095.16228738127
1.309276671553327E-6      -9.99999999999821E-9     66156.37047020755
1.306482899783867E-6      0                        66219.31024429947
1.307181342726232E-6      -2.4999999999995525E-9   66203.48784538335
1.307879785668597E-6      -4.999999999999105E-9    66187.75206421314
1.3085782286109618E-6     -7.499999999998658E-9    66172.01722451331
1.309975761408415E-6      0                        66142.2554090279
1.31067420435078E-6       -2.4999999999995525E-9   66126.53665816426
1.311372647293145E-6      -4.999999999999105E-9    66110.81885100075
1.313468623032963E-6      0                        66065.33717455567
1.3141670659753279E-6     -2.4999999999995525E-9   66049.62306725634
1.316961484657511E-6      0                        65988.44178308325
1.3057780714124862E-6     -9.99999999999821E-9     66233.10111651116
1.3050796284701213E-6     -7.499999999998658E-9    66248.85298365162
1.3043811855277564E-6     -4.999999999999105E-9    66264.60579003279
1.3036827425853912E-6     -2.4999999999995525E-9   66280.41553117597
1.3022794712716458E-6     -9.99999999999821E-9     66309.96700930249
1.3015810283292808E-6     -7.499999999998658E-9    66325.72351045217
1.3008825853869157E-6     -4.999999999999105E-9    66341.47845500622
1.298780871130805E-6      -9.99999999999821E-9     66386.85575995284
1.29808242818844E-6       -7.499999999998658E-9    66402.5558946899
1.2952822709899646E-6     -9.99999999999821E-9     66463.59115295451
9.17433455779179E-7       -9.99999999999821E-9     74152.86079505291
9.168956912930073E-7      -7.499999999998658E-9    74163.17022748865
9.163579268068358E-7      -4.999999999999105E-9    74173.59736734182
9.158201623206644E-7      -2.4999999999995525E-9   74184.02500420882
9.152823978344928E-7      0                        74194.56694947417
9.139348556383382E-7      -9.99999999999821E-9     74218.02111289366
9.133970911521667E-7      -7.499999999998658E-9    74228.46435051432
9.128593266659951E-7      -4.999999999999105E-9    74238.90808334062
9.123215621798236E-7      -2.4999999999995525E-9   74249.4283016985
9.104362554974977E-7      -9.99999999999821E-9     74283.34374679228
9.098984910113262E-7      -7.499999999998658E-9    74293.79013793285
9.093607265251547E-7      -4.999999999999105E-9    74304.23263206866
9.069376553566572E-7      -9.99999999999821E-9     74348.6864532323
9.063998908704856E-7      -7.499999999998658E-9    74359.05120681865
9.034390552158165E-7      -9.99999999999821E-9     74413.8124198473
1.4492206771869514E-6     -9.99999999999821E-9     63004.088516651136
1.4484648490816602E-6     -7.499999999998658E-9    63021.777529444065
1.4477090209763688E-6     -4.999999999999105E-9    63039.544860276146
1.4469531928710776E-6     -2.4999999999995525E-9   63057.31333062969
1.4461973647657862E-6     0                        63075.15886149671
1.445722077046111E-6      -9.99999999999821E-9     63084.41359699698
1.4449662489408197E-6     -7.499999999998658E-9    63102.19760992302
1.444210420835528E-6      -4.999999999999105E-9    63119.982760050305
1.4434545927302367E-6     -2.4999999999995525E-9   63137.817734300654
1.4422234769052702E-6     -9.99999999999821E-9     63164.86302783195
1.4414676487999788E-6     -7.499999999998658E-9    63182.65223341261
1.4407118206946874E-6     -4.999999999999105E-9    63200.439574540425
1.4387248767644298E-6     -9.99999999999821E-9     63245.33616474793
1.4379690486591382E-6     -7.499999999998658E-9    63263.07586072772
1.435226276623589E-6      -9.99999999999821E-9     63325.6756071412
1.4322259182675942E-6     0                        63395.92517004959
1.4329760078565928E-6     -2.4999999999995525E-9   63378.28361151389
1.4337260974455915E-6     -4.999999999999105E-9    63360.720257814784
1.4344761870345902E-6     -7.499999999998658E-9    63343.15802292325
1.4357187798921422E-6     0                        63315.65792134618
1.4364688694811412E-6     -2.4999999999995525E-9   63298.11121260088
1.4372189590701394E-6     -4.999999999999105E-9    63280.56562497621
1.4392116415166902E-6     0                        63235.51858016403
1.439961731105689E-6      -2.4999999999995525E-9   63217.97701596485
1.4427045031412382E-6     0                        63155.40284087555
1.4317276764827482E-6     -9.99999999999821E-9     63405.656074694656
1.4309775868937495E-6     -7.499999999998658E-9    63423.23495331395
1.4302274973047508E-6     -4.999999999999105E-9    63440.81494842774
1.4294774077157523E-6     -2.4999999999995525E-9   63458.44539176633
1.4282290763419076E-6     -9.99999999999821E-9     63485.76213882805
1.427478986752909E-6      -7.499999999998658E-9    63503.34615382823
1.4267288971639103E-6     -4.999999999999105E-9    63520.92791739096
1.424730476201067E-6      -9.99999999999821E-9     63565.89182809867
1.4239803866120682E-6     -7.499999999998658E-9    63583.42489973725
1.4212318760602264E-6     -9.99999999999821E-9     63645.884601888385
1.4204875249875206E-6     -7.499999999998658E-9    63663.16073960978
1.4197431739148144E-6     -4.999999999999105E-9    63680.51824593359
1.4189988228421084E-6     -2.4999999999995525E-9   63697.87685055074
1.4182544717694023E-6     0                        63715.31467459042
1.4177332759193858E-6     -9.99999999999821E-9     63725.51678722905
1.41698892484668E-6       -7.499999999998658E-9    63742.89092177503
1.4162445737739737E-6     -4.999999999999105E-9    63760.26615230889
1.415500222701268E-6      -2.4999999999995525E-9   63777.69245612179
1.4142346757785453E-6     -9.99999999999821E-9     63805.27598971246
1.4134903247058393E-6     -7.499999999998658E-9    63822.65520444035
1.4127459736331333E-6     -4.999999999999105E-9    63840.031959762695
1.4107360756377044E-6     -9.99999999999821E-9     63885.05873550493
1.4099917245649986E-6     -7.499999999998658E-9    63902.3859300662
1.407237475496864E-6      -9.99999999999821E-9     63964.70190024051
1.4217473333939503E-6     0                        63635.391443138345
1.4224916844666563E-6     -2.4999999999995525E-9   63618.04946815835
1.4232360355393621E-6     -4.999999999999105E-9    63600.70859377716
1.4252401950184983E-6     0                        63555.59722179361
1.4259845460912043E-6     -2.4999999999995525E-9   63538.260335326886
1.4287330566430463E-6     0                        63475.82652145001
1.4042830252712104E-6     0                        64033.313830639
1.4050216378276242E-6     -2.4999999999995525E-9   64016.07955697647
1.4057602503840373E-6     -4.999999999999105E-9    63998.925406023765
1.4064988629404508E-6     -7.499999999998658E-9    63981.77233305077
1.4077758868957586E-6     0                        63953.738066659236
1.408514499452172E-6      -2.4999999999995525E-9   63936.60057406826
1.4092531120085853E-6     -4.999999999999105E-9    63919.464161754404
1.4112687485203064E-6     0                        63874.29224415717
1.4120073610767197E-6     -2.4999999999995525E-9   63857.15978412465
1.4147616101448543E-6     0                        63794.86986088702
1.4037388753560235E-6     -9.99999999999821E-9     64043.98240885881
1.40300026279961E-6       -7.499999999998658E-9    64061.152138591264
1.4022616502431966E-6     -4.999999999999105E-9    64078.322944005995
1.4015230376867833E-6     -2.4999999999995525E-9   64095.545530386
1.4002402752151826E-6     -9.99999999999821E-9     64123.39131166614
1.3995016626587693E-6     -7.499999999998658E-9    64140.56606546252
1.398763050102356E-6      -4.999999999999105E-9    64157.73845477769
1.3967416750743422E-6     -9.99999999999821E-9     64202.823675078675
1.3960030625179286E-6     -7.499999999998658E-9    64219.94585493692
1.3932430749335015E-6     -9.99999999999821E-9     64282.11464999497
1.3903115787730185E-6     0                        64349.91019240327
1.3910444528131393E-6     -2.4999999999995525E-9   64332.87917166979
1.39177732685326E-6       -4.999999999999105E-9    64315.929131726996
1.3925102008933808E-6     -7.499999999998658E-9    64298.980149651776
1.3938044403975665E-6     0                        64270.68499775607
1.3945373144376873E-6     -2.4999999999995525E-9   64253.7516906591
1.395270188477808E-6      -4.999999999999105E-9    64236.819443718676
1.3972973020221144E-6     0                        64191.59061527584
1.398030176062235E-6      -2.4999999999995525E-9   64174.66228486672
1.4007901636466624E-6     0                        64112.519589390235
1.3897444747926608E-6     -9.99999999999821E-9     64361.04035772624
1.38901160075254E-6       -7.499999999998658E-9    64378.00607085942
1.3882787267124193E-6     -4.999999999999105E-9    64394.97283957124
1.3875458526722985E-6     -2.4999999999995525E-9   64411.99215576768
1.3862458746518204E-6     -9.99999999999821E-9     64440.095604229464
1.3855130006116995E-6     -7.499999999998658E-9    64457.066285395784
1.3847801265715787E-6     -4.999999999999105E-9    64474.034875379635
1.3827472745109797E-6     -9.99999999999821E-9     64519.174227767115
1.3820144004708586E-6     -7.499999999998658E-9    64536.092079025286
1.379248674370139E-6      -9.99999999999821E-9     64598.11017556444
1.3512598732434143E-6     -9.99999999999821E-9     65225.796763658174
1.3505442147521713E-6     -7.499999999998658E-9    65242.05069838623
1.3498285562609285E-6     -4.999999999999105E-9    65258.39009361705
1.3491128977696857E-6     -2.4999999999995525E-9   65274.73048759649
1.3483972392784427E-6     0                        65291.15464658467
1.3477612731025738E-6     -9.99999999999821E-9     65303.63897444016
1.3470456146113306E-6     -7.499999999998658E-9    65319.995314830914
1.3463299561200878E-6     -4.999999999999105E-9    65336.35265170919
1.345614297628845E-6      -2.4999999999995525E-9   65352.76479238733
1.3442626729617332E-6     -9.99999999999821E-9     65381.613507267284
1.3435470144704902E-6     -7.499999999998658E-9    65397.97464818135
1.3428313559792472E-6     -4.999999999999105E-9    65414.33414838773
1.3407640728208925E-6     -9.99999999999821E-9     65459.611161297355
1.3400484143296495E-6     -7.499999999998658E-9    65475.91800815906
1.3379186544047988E-6     0                        65524.219847449174
1.3386285743797489E-6     -2.4999999999995525E-9   65508.09855445905
1.3393384943546992E-6     -4.999999999999105E-9    65491.978243170444
1.3414115160293468E-6     0                        65446.56360713758
1.342121436004297E-6      -2.4999999999995525E-9   65430.44706831426
1.3449043776538947E-6     0                        65368.93038435617
1.3763401322748266E-6     0                        64665.09121934226
1.3770672677986545E-6     -2.4999999999995525E-9   64648.2630241717
1.3777944033224827E-6     -4.999999999999105E-9    64631.516694548925
1.3785215388463109E-6     -7.499999999998658E-9    64614.77140288405
1.3798329938993745E-6     0                        64586.21968632551
1.3805601294232027E-6     -2.4999999999995525E-9   64569.4901776737
1.3812872649470307E-6     -4.999999999999105E-9    64552.76170925985
1.3833258555239225E-6     0                        64507.47986386904
1.3840529910477505E-6     -2.4999999999995525E-9   64490.75527612478
1.3868187171484705E-6     0                        64428.763314510325
1.3757500742292986E-6     -9.99999999999821E-9     64676.677981004716
1.37502293870547E-6       -7.499999999998658E-9    64693.440091668774
1.3742958031816422E-6     -4.999999999999105E-9    64710.203238010625
1.373568667657814E-6      -2.4999999999995525E-9   64727.01970980204
1.372251474088458E-6      -9.99999999999821E-9     64755.3762613305
1.37152433856463E-6       -7.499999999998658E-9    64772.14328409008
1.3707972030408018E-6     -4.999999999999105E-9    64788.90847298883
1.3687528739476172E-6     -9.99999999999821E-9     64834.09783426133
1.3680257384237895E-6     -7.499999999998658E-9    64850.81172763389
1.3652542738067768E-6     -9.99999999999821E-9     64912.67540302258
1.351890100902991E-6      0                        65213.000240864654
1.3526057593942337E-6     -2.4999999999995525E-9   65196.676794379746
1.3533214178854765E-6     -4.999999999999105E-9    65180.35434890455
1.3540370763767197E-6     -7.499999999998658E-9    65164.09141526569
1.3553829625275387E-6     0                        65134.97952584871
1.3560986210187817E-6     -2.4999999999995525E-9   65118.660889004976
1.3568142795100245E-6     -4.999999999999105E-9    65102.34596449052
1.3588758241520867E-6     0                        65056.98191439034
1.3595914826433297E-6     -2.4999999999995525E-9   65040.61501175374
1.3623686857766346E-6     0                        64978.84379618985
1.3645328767992415E-6     -7.499999999998658E-9    64929.132786359456
1.3638114797917058E-6     -4.999999999999105E-9    64945.674836334976
1.3630900827841703E-6     -2.4999999999995525E-9   64962.217904561825
1.361755673665936E-6      -9.99999999999821E-9     64990.88205699856
1.3610342766584006E-6     -7.499999999998658E-9    65007.441000791725
1.3603128796508651E-6     -4.999999999999105E-9    65024.00096056542
1.3582570735250954E-6     -9.99999999999821E-9     65069.22005972921
1.35753567651756E-6       -7.499999999998658E-9    65085.78385977936
1.354758473384255E-6      -9.99999999999821E-9     65147.58126978515
1.3658615474011826E-6     0                        64900.329141350565
1.3665829444087183E-6     -2.4999999999995525E-9   64883.80296909538
1.3673043414162538E-6     -4.999999999999105E-9    64867.277817362316
1.3693544090257306E-6     0                        64821.94719699165
1.3700758060332663E-6     -2.4999999999995525E-9   64805.42588995986
1.3728472706502786E-6     0                        64743.58844138214
1.5719403832495135E-6     0                        60128.64955934064
1.5727478580014384E-6     -2.4999999999995525E-9   60108.95359449352
1.5735553327533632E-6     -4.999999999999105E-9    60089.325452896
1.5743628075052882E-6     -7.499999999998658E-9    60069.69864603867
1.5754332448740614E-6     0                        60045.140254732636
1.5762407196259864E-6     -2.4999999999995525E-9   60025.52839367352
1.577048194377911E-6      -4.999999999999105E-9    60005.91786971707
1.5789261064986096E-6     0                        59961.747245497936
1.5797335812505346E-6     -2.4999999999995525E-9   59942.1410921925
1.5824189681231574E-6     0                        59878.37859689114
1.5716716821163725E-6     -9.99999999999821E-9     60133.40739026237
1.5708642073644475E-6     -7.499999999998658E-9    60153.05047841232
1.5700567326125227E-6     -4.999999999999105E-9    60172.69489893996
1.5692492578605978E-6     -2.4999999999995525E-9   60192.382941125055
1.5681730819755318E-6     -9.99999999999821E-9     60216.78819794111
1.5673656072236068E-6     -7.499999999998658E-9    60236.43698751148
1.566558132471682E-6      -4.999999999999105E-9    60256.08466748035
1.5646744818346911E-6     -9.99999999999821E-9     60300.1933989192
1.5638670070827664E-6     -7.499999999998658E-9    60319.80070577921
1.5611758816938507E-6     -9.99999999999821E-9     60383.4855197598
1.5579689367513215E-6     0                        60461.16479701423
1.5587706729869538E-6     -2.4999999999995525E-9   60441.67518894184
1.5595724092225861E-6     -4.999999999999105E-9    60422.254408024965
1.5603741454582184E-6     -7.499999999998658E-9    60402.83493939147
1.5614617983758695E-6     0                        60377.96290915762
1.5622635346115018E-6     -2.4999999999995525E-9   60358.55846534457
1.563065270847134E-6      -4.999999999999105E-9    60339.15533617483
1.5649546600004175E-6     0                        60294.87849588811
1.5657563962360498E-6     -2.4999999999995525E-9   60275.479703372956
1.5684475216249655E-6     0                        60211.818371622045
1.5576772815530102E-6     -9.99999999999821E-9     60466.44010579369
1.5568755453173777E-6     -7.499999999998658E-9    60485.87591207983
1.5560738090817457E-6     -4.999999999999105E-9    60505.31302828943
1.5552720728461134E-6     -2.4999999999995525E-9   60524.79440813947
1.5541786814121696E-6     -9.99999999999821E-9     60549.51008507644
1.5533769451765373E-6     -7.499999999998658E-9    60568.951536129505
1.552575208940905E-6      -4.999999999999105E-9    60588.39175656653
1.550680081271329E-6      -9.99999999999821E-9     60632.60438508431
1.5498783450356968E-6     -7.499999999998658E-9    60652.003435087216
1.5471814811304882E-6     -9.99999999999821E-9     60715.58329148385
1.5439974902531296E-6     0                        60792.43366481699
1.5447934879724694E-6     -2.4999999999995525E-9   60773.15027014555
1.545589485691809E-6      -4.999999999999105E-9    60753.936701521416
1.5463854834111486E-6     -7.499999999998658E-9    60734.72442291193
1.5474903518776776E-6     0                        60709.54305598852
1.5482863495970172E-6     -2.4999999999995525E-9   60690.34587471097
1.549082347316357E-6      -4.999999999999105E-9    60671.14998580482
1.5509832135022256E-6     0                        60626.77109650349
1.5517792112215654E-6     -2.4999999999995525E-9   60607.57951007954
1.5544760751267736E-6     0                        60544.02335342679
1.5436828809896475E-6     -9.99999999999821E-9     60798.22207449662
1.5428868832703077E-6     -7.499999999998658E-9    60817.4507407977
1.5420908855509684E-6     -4.999999999999105E-9    60836.68069475665
1.5412948878316285E-6     -2.4999999999995525E-9   60855.9555303541
1.540184280848807E-6      -9.99999999999821E-9     60880.97740912692
1.5393882831294673E-6     -7.499999999998658E-9    60900.21166355628
1.5385922854101277E-6     -4.999999999999105E-9    60919.44452685812
1.5366856807079664E-6     -9.99999999999821E-9     60963.7569909393
1.5358896829886268E-6     -7.499999999998658E-9    60982.94787079662
1.533187080567126E-6      -9.99999999999821E-9     61046.41878995459
1.5300260437549377E-6     0                        61122.440851648826
1.5308163029579846E-6     -2.4999999999995525E-9   61103.36347959227
1.5316065621610317E-6     -4.999999999999105E-9    61084.35697678098
1.5323968213640788E-6     -7.499999999998658E-9    61065.35174190522
1.5335189053794857E-6     0                        61039.86532358959
1.5343091645825324E-6     -2.4999999999995525E-9   61020.87524813652
1.5350994237855797E-6     -4.999999999999105E-9    61001.88644297206
1.5370117670040337E-6     0                        60957.409651834314
1.5378020262070808E-6     -2.4999999999995525E-9   60938.4251148092
1.5405046286285816E-6     0                        60874.97812293189
1.5296884804262853E-6     -9.99999999999821E-9     61128.73798591496
1.5288982212232382E-6     -7.499999999998658E-9    61147.759648291816
1.528107962020191E-6      -4.999999999999105E-9    61166.78257625111
1.5273177028171441E-6     -2.4999999999995525E-9   61185.851054335384
1.5261898802854446E-6     -9.99999999999821E-9     61211.1748989856
1.5253996210823977E-6     -7.499999999998658E-9    61230.202092873995
1.5246093618793506E-6     -4.999999999999105E-9    61249.22776426001
1.522691280144604E-6      -9.99999999999821E-9     61293.63598473653
1.5219010209415568E-6     -7.499999999998658E-9    61312.618838148206
1.5191926800037635E-6     -9.99999999999821E-9     61375.97685403725
1.5160545972567458E-6     0                        61451.171090842516
1.5168391179435004E-6     -2.4999999999995525E-9   61432.29964331795
1.5176236386302546E-6     -4.999999999999105E-9    61413.5000693218
1.518408159317009E-6      -7.499999999998658E-9    61394.70174137315
1.519547458881294E-6      0                        61368.91453684709
1.5203319795680484E-6     -2.4999999999995525E-9   61350.131431555004
1.5211165002548028E-6     -4.999999999999105E-9    61331.34957465928
1.5230403205058417E-6     0                        61286.77897430713
1.5238248411925962E-6     -2.4999999999995525E-9   61268.001351042956
1.5265331821303897E-6     0                        61204.66748011419
1.515694079862923E-6      -9.99999999999821E-9     61457.97261357653
1.5149095591761686E-6     -7.499999999998658E-9    61476.7874101716
1.5141250384894142E-6     -4.999999999999105E-9    61495.6034504653
1.5133405178026595E-6     -2.4999999999995525E-9   61514.465719487904
1.5121954797220824E-6     -9.99999999999821E-9     61540.087314270975
1.511410959035328E-6      -7.499999999998658E-9    61558.90758578968
1.5106264383485735E-6     -4.999999999999105E-9    61577.72626625754
1.508696879581242E-6      -9.99999999999821E-9     61622.22611219504
1.5079123588944873E-6     -7.499999999998658E-9    61641.00119270562
1.505198279440401E-6      -9.99999999999821E-9     61704.24238726678
1.4632150777503136E-6     -9.99999999999821E-9     62681.13743172127
1.4624535111287295E-6     -7.499999999998658E-9    62699.033167217574
1.4616919445071459E-6     -4.999999999999105E-9    62717.00596617133
1.4609303778855618E-6     -2.4999999999995525E-9   62734.979925559055
1.460168811263978E-6      0                        62753.02978208245
1.459716477609473E-6      -9.99999999999821E-9     62761.803496061315
1.458954910987889E-6      -7.499999999998658E-9    62779.79299497114
1.4581933443663052E-6     -4.999999999999105E-9    62797.78365198799
1.4574317777447213E-6     -2.4999999999995525E-9   62815.82348803533
1.4562178774686325E-6     -9.99999999999821E-9     62842.59283580433
1.4554563108470486E-6     -7.499999999998658E-9    62860.587583711065
1.4546947442254647E-6     -4.999999999999105E-9    62878.58083729884
1.4527192773277918E-6     -9.99999999999821E-9     62923.40596167936
1.451957710706208E-6      -7.499999999998658E-9    62941.35262090543
1.4496902263903341E-6     0                        62994.55121937494
1.4504460544956253E-6     -2.4999999999995525E-9   62976.799432150874
1.4512018826009167E-6     -4.999999999999105E-9    62959.048786768486
1.4531830880148821E-6     0                        62914.070216177584
1.4539389161201735E-6     -2.4999999999995525E-9   62896.32362960433
1.4566759496394301E-6     0                        62833.61289488122
1.4636616728885263E-6     0                        62672.085423037715
1.46442323951011E-6       -2.4999999999995525E-9   62654.12816444933
1.465184806131694E-6      -4.999999999999105E-9    62636.172068621854
1.465946372753278E-6      -7.499999999998658E-9    62618.26939930007
1.467154534513074E-6      0                        62591.2664070724
1.467916101134658E-6      -2.4999999999995525E-9   62573.314405305035
1.4686776677562418E-6     -4.999999999999105E-9    62555.366044154725
1.470647396137622E-6      0                        62510.47115212146
1.471408962759206E-6      -2.4999999999995525E-9   62492.47711092071
1.47414025776217E-6       0                        62429.55246147948
1.477209478313676E-6      -9.99999999999821E-9     62356.83672366099
1.4764421731757995E-6     -7.499999999998658E-9    62374.93925339267
1.475674868037923E-6      -4.999999999999105E-9    62393.11794176005
1.4749075629000464E-6     -2.4999999999995525E-9   62411.29781167139
1.4737108781728354E-6     -9.99999999999821E-9     62437.84017643483
1.4729435730349588E-6     -7.499999999998658E-9    62456.035543301165
1.4721762678970825E-6     -4.999999999999105E-9    62474.23208937833
1.4702122780319947E-6     -9.99999999999821E-9     62518.96599826442
1.4694449728941182E-6     -7.499999999998658E-9    62537.16667053224
1.4667136778911543E-6     -9.99999999999821E-9     62600.11568537557
1.5020831507585539E-6     0                        61778.60934821586
1.5028619329290156E-6     -2.4999999999995525E-9   61759.94374827947
1.5036407150994775E-6     -4.999999999999105E-9    61741.35096690955
1.504419497269939E-6      -7.499999999998658E-9    61722.759409891645
1.5055760123831018E-6     0                        61696.67558578569
1.5063547945535636E-6     -2.4999999999995525E-9   61678.09933941891
1.5071335767240255E-6     -4.999999999999105E-9    61659.52431974828
1.5090688740076498E-6     0                        61614.86384622452
1.5098476561781116E-6     -2.4999999999995525E-9   61596.29302551819
1.5125617356321978E-6     0                        61533.07609956407
1.5016996792995601E-6     -9.99999999999821E-9     61785.91081441677
1.5009208971290986E-6     -7.499999999998658E-9    61804.51890618127
1.5001421149586369E-6     -4.999999999999105E-9    61823.12821995363
1.499363332788175E-6      -2.4999999999995525E-9   61841.78448049388
1.4982010791587197E-6     -9.99999999999821E-9     61867.699485537436
1.497422296988258E-6      -7.499999999998658E-9    61886.31299567343
1.4966435148177962E-6     -4.999999999999105E-9    61904.92499236422
1.494702479017879E-6      -9.99999999999821E-9     61949.51217749797
1.4939236968474173E-6     -7.499999999998658E-9    61968.079898811004
1.4912038788770386E-6     -9.99999999999821E-9     62031.20045799751
1.488111704260362E-6      0                        62104.74108936099
1.4888847479145308E-6     -2.4999999999995525E-9   62086.281144306384
1.4896577915687002E-6     -4.999999999999105E-9    62067.894973969545
1.4904308352228693E-6     -7.499999999998658E-9    62049.51000648309
1.49160456588491E-6       0                        62023.13373466644
1.4923776095390792E-6     -2.4999999999995525E-9   62004.76418179383
1.4931506531932482E-6     -4.999999999999105E-9    61986.395834110524
1.4950974275094579E-6     0                        61941.649418802386
1.495870471163627E-6      -2.4999999999995525E-9   61923.28523526212
1.4985902891340059E-6     0                        61860.18901946183
1.487705278736198E-6      -9.99999999999821E-9     62112.5379849232
1.4869322350820288E-6     -7.499999999998658E-9    62130.9395694201
1.4861591914278598E-6     -4.999999999999105E-9    62149.342354428496
1.4853861477736905E-6     -2.4999999999995525E-9   62167.79286879049
1.4842066785953574E-6     -9.99999999999821E-9     62193.99693904295
1.4834336349411882E-6     -7.499999999998658E-9    62212.403885401705
1.482660591287019E-6      -4.999999999999105E-9    62230.80949572144
1.480708078454517E-6      -9.99999999999821E-9     62275.47983668333
1.4799350348003475E-6     -7.499999999998658E-9    62293.84053130731
1.477633119386718E-6      0                        62348.27493836823
1.4784004245245946E-6     -2.4999999999995525E-9   62330.11174760523
1.479167729662471E-6      -4.999999999999105E-9    62311.94974071936
1.481125981011266E-6      0                        62267.12153071909
1.4818932861491423E-6     -2.4999999999995525E-9   62248.96365300643
1.484618842635814E-6      0                        62185.99196229491
8.320471353797905E-6      -9.99999999999821E-9     -89678.35097099724
8.323969953938745E-6      -9.99999999999821E-9     -89661.60270267502
8.327468554079586E-6      -9.99999999999821E-9     -89645.042741438
8.330967154220426E-6      -9.99999999999821E-9     -89628.49278521645
8.334465754361267E-6      -9.99999999999821E-9     -89611.65163657005
8.320911563507142E-6      -7.499999999998658E-9    -89676.45673731854
8.324410163647982E-6      -7.499999999998658E-9    -89659.87453341292
8.327908763788822E-6      -7.499999999998658E-9    -89643.31578038196
8.331407363929663E-6      -7.499999999998658E-9    -89626.6586241018
8.321351773216378E-6      -4.999999999999105E-9    -89674.71236092315
8.324850373357217E-6      -4.999999999999105E-9    -89658.14650979714
8.328348973498059E-6      -4.999999999999105E-9    -89641.58389868436
8.321791982925615E-6      -2.4999999999995525E-9   -89672.96812863511
8.325290583066455E-6      -2.4999999999995525E-9   -89656.51692768701
8.32223219263485E-6       0                        -89671.36915673176
8.306476953234541E-6      -9.99999999999821E-9     -89742.6665571611
8.309975553375384E-6      -9.99999999999821E-9     -89726.51447124855
8.313474153516224E-6      -9.99999999999821E-9     -89710.54991874486
8.316972753657064E-6      -9.99999999999821E-9     -89694.5952274451
8.306922901460073E-6      -7.499999999998658E-9    -89740.82123240945
8.310421501600912E-6      -7.499999999998658E-9    -89724.83439912445
8.313920101741755E-6      -7.499999999998658E-9    -89708.87105313696
8.317418701882595E-6      -7.499999999998658E-9    -89692.80993192064
8.3073688496856E-6        -4.999999999999105E-9    -89739.12479642272
8.310867449826442E-6      -4.999999999999105E-9    -89723.15447435934
8.314366049967283E-6      -4.999999999999105E-9    -89707.18735747642
8.30781479791113E-6       -2.4999999999995525E-9   -89737.42850623117
8.311313398051971E-6      -2.4999999999995525E-9   -89721.57239869935
8.30826074613666E-6       0                        -89735.87672676647
8.318739331010303E-6      0                        -89687.42059792433
8.315246469385754E-6      0                        -89703.65901601622
8.311753607761207E-6      0                        -89719.9073022513
8.318299121301066E-6      -2.4999999999995525E-9   -89689.18102121058
8.31480625967652E-6       -2.4999999999995525E-9   -89705.42062675636
8.31785891159183E-6       -4.999999999999105E-9    -89690.94158706517
8.304767884512112E-6      0                        -89751.3334618157
8.301275022887565E-6      0                        -89766.97657931733
8.297782161263018E-6      0                        -89782.62942162552
8.29428929963847E-6       0                        -89798.0047538845
8.304321936286583E-6      -2.4999999999995525E-9   -89753.04609968995
8.300829074662035E-6      -2.4999999999995525E-9   -89768.69040283642
8.297336213037488E-6      -2.4999999999995525E-9   -89784.24727141584
8.303875988061053E-6      -4.999999999999105E-9    -89754.75888179557
8.300383126436506E-6      -4.999999999999105E-9    -89770.40916771881
8.303430039835524E-6      -7.499999999998658E-9    -89756.57854166799
8.29248255267118E-6       -9.99999999999821E-9     -89804.59452428867
8.29598115281202E-6       -9.99999999999821E-9     -89789.03949133061
8.29947975295286E-6       -9.99999999999821E-9     -89773.67129138303
8.3029783530937E-6        -9.99999999999821E-9     -89758.31280863962
8.292934239413001E-6      -7.499999999998658E-9    -89802.80010900776
8.296432839553843E-6      -7.499999999998658E-9    -89787.40954923129
8.299931439694684E-6      -7.499999999998658E-9    -89772.04255361533
8.293385926154825E-6      -4.999999999999105E-9    -89801.15363740959
8.296884526295666E-6      -4.999999999999105E-9    -89785.77975613526
8.293837612896647E-6      -2.4999999999995525E-9   -89799.50731322588
8.290796438013923E-6      0                        -89812.86573405637
8.287303576389374E-6      0                        -89827.91249326403
8.283810714764827E-6      0                        -89842.968833758
8.280317853140278E-6      0                        -89857.74899419262
8.2903447512721E-6        -2.4999999999995525E-9   -89814.52857151604
8.28685188964755E-6       -2.4999999999995525E-9   -89829.57651406608
8.283359028023003E-6      -2.4999999999995525E-9   -89844.5374109992
8.289893064530278E-6      -4.999999999999105E-9    -89816.19155480142
8.286400202905729E-6      -4.999999999999105E-9    -89831.24529436947
8.289441377788454E-6      -7.499999999998658E-9    -89817.96051810042
8.281986752248657E-6      -9.99999999999821E-9     -89849.17353377152
8.285485352389499E-6      -9.99999999999821E-9     -89834.40282176787
8.28898395253034E-6       -9.99999999999821E-9     -89819.64168278578
8.278945577365932E-6      -7.499999999998658E-9    -89862.38895281295
8.282444177506773E-6      -7.499999999998658E-9    -89847.59579997009
8.285942777647615E-6      -7.499999999998658E-9    -89832.82628961829
8.279403002624048E-6      -4.999999999999105E-9    -89860.7945240858
8.282901602764889E-6      -4.999999999999105E-9    -89846.01821674498
8.279860427882162E-6      -2.4999999999995525E-9   -89859.20024432143
8.27682499151573E-6       0                        -89872.01304560664
8.273332129891183E-6      0                        -89886.46228220343
8.269839268266636E-6      0                        -89900.92095638828
8.276367566257616E-6      -2.4999999999995525E-9   -89873.62400403227
8.272874704633067E-6      -2.4999999999995525E-9   -89888.07442117562
8.2759101409995E-6        -4.999999999999105E-9    -89875.23510980698
7.494423987617026E-6      0                        -89228.58132526424
7.490931125992478E-6      0                        -89207.53604609832
7.48743826436793E-6       0                        -89186.49205812401
7.483945402743383E-6      0                        -89165.23119672772
7.493645205446512E-6      -2.4999999999995525E-9   -89223.692148538
7.4901523438219645E-6     -2.4999999999995525E-9   -89202.64711980542
7.486659482197417E-6      -2.4999999999995525E-9   -89181.53471594887
7.492866423276E-6         -4.999999999999105E-9    -89218.80301929801
7.489373561651452E-6      -4.999999999999105E-9    -89197.76178258362
7.492087641105486E-6      -7.499999999998658E-9    -89213.98967032257
7.480807319996159E-6      -9.99999999999821E-9     -89144.84460316457
7.484305920136999E-6      -9.99999999999821E-9     -89166.10770503854
7.48780452027784E-6       -9.99999999999821E-9     -89187.52598448805
7.491303120418681E-6      -9.99999999999821E-9     -89208.9455116186
7.481591840682964E-6      -7.499999999998658E-9    -89149.82981251038
7.485090440823805E-6      -7.499999999998658E-9    -89171.22710597447
7.488589040964647E-6      -7.499999999998658E-9    -89192.64563069705
7.48237636136977E-6       -4.999999999999105E-9    -89154.92720223218
7.485874961510612E-6      -4.999999999999105E-9    -89176.34655417275
7.483160882056577E-6      -2.4999999999995525E-9   -89160.02463620232
7.480452541118835E-6      0                        -89143.3488832605
7.476959679494287E-6      0                        -89121.62226486739
7.473466817869738E-6      0                        -89099.89679416675
7.469973956245191E-6      0                        -89077.95511311473
7.479668020432028E-6      -2.4999999999995525E-9   -89138.2734449553
7.47617515880748E-6       -2.4999999999995525E-9   -89116.54704724408
7.472682297182933E-6      -2.4999999999995525E-9   -89094.75350151278
7.478883499745223E-6      -4.999999999999105E-9    -89133.19804788433
7.475390638120675E-6      -4.999999999999105E-9    -89111.47545944009
7.478098979058417E-6      -7.499999999998658E-9    -89128.19814830643
7.466812919432797E-6      -9.99999999999821E-9     -89056.81197084794
7.470311519573638E-6      -9.99999999999821E-9     -89078.75928228209
7.473810119714478E-6      -9.99999999999821E-9     -89100.8613763513
7.477308719855318E-6      -9.99999999999821E-9     -89122.96457406408
7.467603178635896E-6      -7.499999999998658E-9    -89061.98668894489
7.471101778776736E-6      -7.499999999998658E-9    -89084.06788259324
7.474600378917577E-6      -7.499999999998658E-9    -89106.1701917575
7.468393437838994E-6      -4.999999999999105E-9    -89067.27323283462
7.471892037979834E-6      -4.999999999999105E-9    -89089.37652376598
7.4691836970420925E-6     -2.4999999999995525E-9   -89072.55981455061
7.466481094620643E-6      0                        -89055.38933352982
7.4629882329960955E-6     0                        -89032.97888117943
7.459495371371548E-6      0                        -89010.56943324441
7.456002509747E-6         0                        -88987.94445293177
7.465690835417546E-6      -2.4999999999995525E-9   -89050.12479275663
7.462197973792997E-6      -2.4999999999995525E-9   -89027.71453091667
7.45870511216845E-6       -2.4999999999995525E-9   -89005.23736453947
7.464900576214446E-6      -4.999999999999105E-9    -89044.86028677429
7.461407714589898E-6      -4.999999999999105E-9    -89022.45387149554
7.464110317011348E-6      -7.499999999998658E-9    -89039.67102009701
7.452818518869434E-6      -9.99999999999821E-9     -88966.03327746765
7.4563171190102745E-6     -9.99999999999821E-9     -88988.66737100994
7.459815719151115E-6      -9.99999999999821E-9     -89011.45580310146
7.463314319291956E-6      -9.99999999999821E-9     -89034.24519502516
7.4536145165888275E-6     -7.499999999998658E-9    -88971.40040907788
7.457113116729667E-6      -7.499999999998658E-9    -88994.1680316012
7.460611716870507E-6      -7.499999999998658E-9    -89016.9566481901
7.4544105143082175E-6     -4.999999999999105E-9    -88976.8789696857
7.457909114449058E-6      -4.999999999999105E-9    -88999.66872646016
7.455206512027609E-6      -2.4999999999995525E-9   -88982.35756150485
7.620751325629783E-6      -9.99999999999821E-9     -89876.21339062905
7.624249925770624E-6      -9.99999999999821E-9     -89890.75787072981
7.627748525911465E-6      -9.99999999999821E-9     -89905.46202747343
7.631247126052307E-6      -9.99999999999821E-9     -89920.16888272806
7.634745726193146E-6      -9.99999999999821E-9     -89934.6434271572
7.621478461153661E-6      -7.499999999998658E-9    -89879.45249229218
7.624977061294503E-6      -7.499999999998658E-9    -89894.13534934932
7.628475661435342E-6      -7.499999999998658E-9    -89908.84002940837
7.631974261576183E-6      -7.499999999998658E-9    -89923.46738826297
7.622205596677538E-6      -4.999999999999105E-9    -89882.80857647926
7.62570419681838E-6       -4.999999999999105E-9    -89897.512928932
7.62920279695922E-6       -4.999999999999105E-9    -89912.21441940842
7.622932732201417E-6      -2.4999999999995525E-9   -89886.16475884042
7.626431332342257E-6      -2.4999999999995525E-9   -89900.963220886
7.623659867725294E-6      0                        -89889.63494155009
7.526289121827086E-6      -9.99999999999821E-9     -89411.79172135821
7.5297877219679276E-6     -9.99999999999821E-9     -89431.17322385532
7.533286322108768E-6      -9.99999999999821E-9     -89450.55640741263
7.5367849222496085E-6     -9.99999999999821E-9     -89469.71312705375
7.523557826824174E-6      -7.499999999998658E-9    -89396.99974360364
7.527056426965015E-6      -7.499999999998658E-9    -89416.36025423314
7.5305550271058545E-6     -7.499999999998658E-9    -89435.74208998884
7.534053627246696E-6      -7.499999999998658E-9    -89455.04844009169
7.524325131962101E-6      -4.999999999999105E-9    -89401.5464679736
7.527823732102942E-6      -4.999999999999105E-9    -89420.92885242775
7.531322332243782E-6      -4.999999999999105E-9    -89440.3073168901
7.5250924371000275E-6     -2.4999999999995525E-9   -89406.09325471439
7.528591037240869E-6      -2.4999999999995525E-9   -89425.56729050184
7.525859742237956E-6      0                        -89410.75061306708
7.522366880613408E-6      0                        -89390.90386195079
7.518874018988861E-6      0                        -89371.21418537435
7.5153811573643125E-6     0                        -89351.52608761733
7.521599575475481E-6      -2.4999999999995525E-9   -89386.37886796708
7.518106713850932E-6      -2.4999999999995525E-9   -89366.68950005458
7.520832270337553E-6      -4.999999999999105E-9    -89381.85393340544
7.539831188736147E-6      0                        -89487.18478853942
7.5363383271116E-6        0                        -89468.0120582272
7.532845465487052E-6      0                        -89448.99685973792
7.5293526038625036E-6     0                        -89429.9833841786
7.539069622114511E-6      -2.4999999999995525E-9   -89482.70501823991
7.535576760489965E-6      -2.4999999999995525E-9   -89463.6650648358
7.532083898865416E-6      -2.4999999999995525E-9   -89444.65020348379
7.538308055492878E-6      -4.999999999999105E-9    -89478.33629564664
7.5348151938683305E-6     -4.999999999999105E-9    -89459.31813655302
7.537546488871242E-6      -7.499999999998658E-9    -89473.96764108853
7.540283522390448E-6      -9.99999999999821E-9     -89488.26327052659
7.543782122531289E-6      -9.99999999999821E-9     -89506.97030601681
7.54728072267213E-6       -9.99999999999821E-9     -89525.67916741816
7.550779322812971E-6      -9.99999999999821E-9     -89544.1606669755
7.541045089012083E-6      -7.499999999998658E-9    -89492.65367009674
7.544543689152924E-6      -7.499999999998658E-9    -89511.36106731405
7.548042289293764E-6      -7.499999999998658E-9    -89529.9926893027
7.541806655633718E-6      -4.999999999999105E-9    -89497.0441406286
7.545305255774559E-6      -4.999999999999105E-9    -89515.7481667483
7.542568222255353E-6      -2.4999999999995525E-9   -89501.50483464252
7.554277922953811E-6      -9.99999999999821E-9     -89562.03791331172
7.557776523094653E-6      -9.99999999999821E-9     -89580.07260125183
7.561275123235493E-6      -9.99999999999821E-9     -89598.10926013498
7.564773723376334E-6      -9.99999999999821E-9     -89615.91792508261
7.551535150918312E-6      -7.499999999998658E-9    -89548.23926679723
7.555033751059155E-6      -7.499999999998658E-9    -89566.25287415588
7.5585323511999945E-6     -7.499999999998658E-9    -89584.28795185704
7.562030951340834E-6      -7.499999999998658E-9    -89602.24712338051
7.552290979023655E-6      -4.999999999999105E-9    -89552.4325340103
7.555789579164496E-6      -4.999999999999105E-9    -89570.46791141786
7.559288179305336E-6      -4.999999999999105E-9    -89588.49970717191
7.553046807128997E-6      -2.4999999999995525E-9   -89556.62587473707
7.556545407269837E-6      -2.4999999999995525E-9   -89574.7535759107
7.553802635234338E-6      0                        -89560.9306993318
7.550309773609789E-6      0                        -89542.4298652315
7.546816911985243E-6      0                        -89524.08695888854
7.543324050360695E-6      0                        -89505.74591977196
7.54955394550445E-6       -2.4999999999995525E-9   -89538.2582022657
7.546061083879901E-6      -2.4999999999995525E-9   -89519.91566110121
7.548798117399107E-6      -4.999999999999105E-9    -89534.0866099095
7.5677740817325294E-6     0                        -89631.99707169736
7.564281220107981E-6      0                        -89614.16593085015
7.560788358483434E-6      0                        -89596.49311554723
7.5572954968588866E-6     0                        -89578.82231194388
7.56702399214348E-6       -2.4999999999995525E-9   -89627.86453406757
7.563531130518933E-6      -2.4999999999995525E-9   -89610.16696006013
7.560038268894385E-6      -2.4999999999995525E-9   -89592.4945375422
7.566273902554432E-6      -4.999999999999105E-9    -89623.84392478481
7.5627810409298834E-6     -4.999999999999105E-9    -89606.16806519673
7.565523812965383E-6      -7.499999999998658E-9    -89619.82339431002
7.5682723235171734E-6     -9.99999999999821E-9     -89633.12445436302
7.571770923658015E-6      -9.99999999999821E-9     -89650.4888986992
7.575269523798856E-6      -9.99999999999821E-9     -89667.85545918252
7.578768123939696E-6      -9.99999999999821E-9     -89684.99352073604
7.569022413106224E-6      -7.499999999998658E-9    -89637.16663925897
7.572521013247063E-6      -7.499999999998658E-9    -89654.53150095257
7.5760196133879045E-6     -7.499999999998658E-9    -89671.82039051587
7.569772502695272E-6      -4.999999999999105E-9    -89641.20890584428
7.5732711028361125E-6     -4.999999999999105E-9    -89658.57062290929
7.570522592284321E-6      -2.4999999999995525E-9   -89645.32223561051
7.620167006100746E-6      0                        -89874.46165549458
7.616674144476198E-6      0                        -89859.44866291957
7.613181282851651E-6      0                        -89844.43826153429
7.609688421227103E-6      0                        -89829.2037438774
7.6194398705768695E-6     -2.4999999999995525E-9   -89871.12685142644
7.6159470089523205E-6     -2.4999999999995525E-9   -89856.1143576605
7.612454147327773E-6      -2.4999999999995525E-9   -89841.0322638659
7.618712735052991E-6      -4.999999999999105E-9    -89867.79214274339
7.615219873428443E-6      -4.999999999999105E-9    -89852.78379760012
7.617985599529113E-6      -7.499999999998658E-9    -89864.53700287634
7.606756925066421E-6      -9.99999999999821E-9     -89815.13327205542
7.6102555252072615E-6     -9.99999999999821E-9     -89830.34048904789
7.613754125348102E-6      -9.99999999999821E-9     -89845.70682643693
7.617252725488942E-6      -9.99999999999821E-9     -89861.07571653048
7.607489799106591E-6      -7.499999999998658E-9    -89818.53521558159
7.610988399247432E-6      -7.499999999998658E-9    -89833.88025383437
7.614486999388272E-6      -7.499999999998658E-9    -89849.24708871864
7.608222673146762E-6      -4.999999999999105E-9    -89822.05351350235
7.611721273287602E-6      -4.999999999999105E-9    -89837.42011503433
7.608955547186932E-6      -2.4999999999995525E-9   -89825.57190502406
7.582266724080535E-6      -9.99999999999821E-9     -89701.53155096903
7.585765324221377E-6      -9.99999999999821E-9     -89718.22787810519
7.589263924362216E-6      -9.99999999999821E-9     -89734.92646675569
7.592762524503058E-6      -9.99999999999821E-9     -89751.39589917165
7.579512475012452E-6      -7.499999999998658E-9    -89688.72859125951
7.5830110751532915E-6     -7.499999999998658E-9    -89705.40362084523
7.586509675294131E-6      -7.499999999998658E-9    -89722.1003924952
7.590008275434972E-6      -7.499999999998658E-9    -89738.721008756
7.580256826085208E-6      -4.999999999999105E-9    -89692.57905324089
7.5837554262260485E-6     -4.999999999999105E-9    -89709.27577749966
7.587254026366889E-6      -4.999999999999105E-9    -89725.96946900444
7.581001177157964E-6      -2.4999999999995525E-9   -89696.42959914179
7.584499777298804E-6      -2.4999999999995525E-9   -89713.21940578127
7.5817455282307205E-6     0                        -89700.39252954368
7.578252666606173E-6      0                        -89683.22892102596
7.574759804981625E-6      0                        -89666.22404793493
7.571266943357078E-6      0                        -89649.22133118472
7.577508315533415E-6      -2.4999999999995525E-9   -89679.3999670359
7.574015453908868E-6      -2.4999999999995525E-9   -89662.3955138985
7.576763964460661E-6      -4.999999999999105E-9    -89675.57109410671
7.6061955596025545E-6     0                        -89813.36892278108
7.602702697978007E-6      0                        -89797.69386337246
7.599209836353459E-6      0                        -89782.02125005837
7.595716974728912E-6      0                        -89766.12546229607
7.6054626855623845E-6     -2.4999999999995525E-9   -89809.87198203572
7.6019698239378354E-6     -2.4999999999995525E-9   -89794.19739559539
7.598476962313288E-6      -2.4999999999995525E-9   -89778.45347516054
7.604729811522214E-6      -4.999999999999105E-9    -89806.37513207879
7.601236949897666E-6      -4.999999999999105E-9    -89790.70459513392
7.603996937482043E-6      -7.499999999998658E-9    -89802.95728871424
7.592224113104364E-6      0                        -89749.62722793808
7.588731251479816E-6      0                        -89733.28822771873
7.585238389855268E-6      0                        -89716.95152864147
7.594978362172449E-6      -2.4999999999995525E-9   -89762.3294033178
7.5914855005479E-6        -2.4999999999995525E-9   -89745.96559656184
7.587992638923353E-6      -2.4999999999995525E-9   -89729.62704302493
7.594239749615985E-6      -4.999999999999105E-9    -89758.64624346093
7.590746887991437E-6      -4.999999999999105E-9    -89742.30405120004
7.5935011370595214E-6     -7.499999999998658E-9    -89754.96317245405
7.5962611246439E-6        -9.99999999999821E-9     -89767.26757343858
7.59975972478474E-6       -9.99999999999821E-9     -89783.2979064703
7.6032583249255806E-6     -9.99999999999821E-9     -89799.33064653841
7.596999737200362E-6      -7.499999999998658E-9    -89770.97218896392
7.600498337341203E-6      -7.499999999998658E-9    -89787.00299322288
7.597738349756826E-6      -4.999999999999105E-9    -89774.67689617495
7.885624489566377E-6      0                        -90541.10889323123
7.88213162794183E-6       0                        -90538.35771037293
7.878638766317282E-6      0                        -90535.61189228238
7.875145904692735E-6      0                        -90532.62294072793
7.885006385852064E-6      -2.4999999999995525E-9   -90540.38395615203
7.881513524227517E-6      -2.4999999999995525E-9   -90537.63367570497
7.87802066260297E-6       -2.4999999999995525E-9   -90534.80775363617
7.88438828213775E-6       -4.999999999999105E-9    -90539.65917045732
7.880895420513202E-6      -4.999999999999105E-9    -90536.9139677943
7.883770178423437E-6      -7.499999999998658E-9    -90539.02387459576
7.872650535770308E-6      -9.99999999999821E-9     -90529.1833588252
7.876149135911149E-6      -9.99999999999821E-9     -90532.08428626506
7.879647736051989E-6      -9.99999999999821E-9     -90535.15483874088
7.88314633619283E-6       -9.99999999999821E-9     -90538.2307289455
7.873274378000914E-6      -7.499999999998658E-9    -90529.91616669993
7.876772978141754E-6      -7.499999999998658E-9    -90532.96495208521
7.880271578282595E-6      -7.499999999998658E-9    -90536.03641370054
7.873898220231521E-6      -4.999999999999105E-9    -90530.7768561787
7.87739682037236E-6       -4.999999999999105E-9    -90533.84577241233
7.874522062462128E-6      -2.4999999999995525E-9   -90531.6376978161
7.858656135206944E-6      -9.99999999999821E-9     -90514.77555814518
7.862154735347784E-6      -9.99999999999821E-9     -90518.31077360411
7.865653335488625E-6      -9.99999999999821E-9     -90522.0149308887
7.869151935629466E-6      -9.99999999999821E-9     -90525.72427892606
7.859285715953845E-6      -7.499999999998658E-9    -90515.6274294534
7.862784316094686E-6      -7.499999999998658E-9    -90519.30981230998
7.866282916235526E-6      -7.499999999998658E-9    -90523.01486131304
7.869781516376369E-6      -7.499999999998658E-9    -90526.63637252359
7.859915296700744E-6      -4.999999999999105E-9    -90516.6063947985
7.863413896841585E-6      -4.999999999999105E-9    -90520.30900385806
7.866912496982427E-6      -4.999999999999105E-9    -90524.01082135341
7.860544877447645E-6      -2.4999999999995525E-9   -90517.58551061235
7.864043477588484E-6      -2.4999999999995525E-9   -90521.38884896795
7.861174458194544E-6      0                        -90518.68838414985
7.871653043068189E-6      0                        -90529.06984049638
7.86816018144364E-6       0                        -90525.6865414677
7.864667319819091E-6      0                        -90522.30846085536
7.87102920083758E-6       -2.4999999999995525E-9   -90528.22895851347
7.867536339213033E-6      -2.4999999999995525E-9   -90524.84654489228
7.870405358606974E-6      -4.999999999999105E-9    -90527.38822634082
7.791317225703588E-6      0                        -90410.92490846675
7.787824364079041E-6      0                        -90403.5539590083
7.784331502454494E-6      0                        -90396.34946340745
7.780838640829946E-6      0                        -90389.14930838719
7.790658952375225E-6      -2.4999999999995525E-9   -90409.19866767916
7.787166090750677E-6      -2.4999999999995525E-9   -90401.9689178766
7.783673229126128E-6      -2.4999999999995525E-9   -90394.76519564097
7.79000067904686E-6       -4.999999999999105E-9    -90407.59311736329
7.786507817422312E-6      -4.999999999999105E-9    -90400.38401407632
7.789342405718497E-6      -7.499999999998658E-9    -90405.98770687761
7.792182732530973E-6      -9.99999999999821E-9     -90411.23318984784
7.795681332671813E-6      -9.99999999999821E-9     -90418.12632450767
7.799179932812654E-6      -9.99999999999821E-9     -90425.02391523302
7.802678532953495E-6      -9.99999999999821E-9     -90431.67714802735
7.792841005859337E-6      -7.499999999998658E-9    -90412.85912609384
7.796339606000178E-6      -7.499999999998658E-9    -90419.75305819108
7.799838206141018E-6      -7.499999999998658E-9    -90426.56562435371
7.7934992791877E-6        -4.999999999999105E-9    -90414.48520466857
7.796997879328542E-6      -4.999999999999105E-9    -90421.37604943497
7.794157552516064E-6      -2.4999999999995525E-9   -90416.18949635203
7.857681596569995E-6      0                        -90514.50250831083
7.854188734945447E-6      0                        -90510.48584697374
7.8506958733209E-6        0                        -90506.47425770335
7.847203011696353E-6      0                        -90502.22181233931
7.857052015823096E-6      -2.4999999999995525E-9   -90513.54344918432
7.853559154198547E-6      -2.4999999999995525E-9   -90509.5276557718
7.850066292574001E-6      -2.4999999999995525E-9   -90505.43690277383
7.856422435076197E-6      -4.999999999999105E-9    -90512.58453815314
7.85292957345165E-6       -4.999999999999105E-9    -90508.57361399659
7.855792854329298E-6      -7.499999999998658E-9    -90511.71379096585
7.844661734643582E-6      -9.99999999999821E-9     -90497.82676151111
7.848160334784422E-6      -9.99999999999821E-9     -90501.9973643625
7.851658934925263E-6      -9.99999999999821E-9     -90506.33634755513
7.855157535066103E-6      -9.99999999999821E-9     -90510.68037452795
7.845297053906774E-6      -7.499999999998658E-9    -90498.7998842642
7.848795654047615E-6      -7.499999999998658E-9    -90503.11704891457
7.852294254188455E-6      -7.499999999998658E-9    -90507.4569059244
7.845932373169967E-6      -4.999999999999105E-9    -90499.89939029346
7.849430973310808E-6      -4.999999999999105E-9    -90504.23688450096
7.84656769243316E-6       -2.4999999999995525E-9   -90500.99904495844
7.806177133094335E-6      -9.99999999999821E-9     -90437.76274683433
7.809675733235176E-6      -9.99999999999821E-9     -90444.01509475781
7.813174333376017E-6      -9.99999999999821E-9     -90450.27204563531
7.816672933516857E-6      -9.99999999999821E-9     -90456.28354105196
7.803331067765567E-6      -7.499999999998658E-9    -90433.02794529143
7.806829667906408E-6      -7.499999999998658E-9    -90439.25854048881
7.810328268047248E-6      -7.499999999998658E-9    -90445.51170565824
7.813826868188087E-6      -7.499999999998658E-9    -90451.68313019282
7.803983602577638E-6      -4.999999999999105E-9    -90434.50329181044
7.807482202718478E-6      -4.999999999999105E-9    -90440.75447887395
7.810980802859317E-6      -4.999999999999105E-9    -90447.00456000603
7.804636137389708E-6      -2.4999999999995525E-9   -90435.97878058624
7.808134737530548E-6      -2.4999999999995525E-9   -90442.3291213921
7.80528867220178E-6       0                        -90437.57555868589
7.80179581057723E-6       0                        -90430.8445577244
7.798302948952683E-6      0                        -90424.28055491317
7.794810087328136E-6      0                        -90417.7210389216
7.801143275765162E-6      -2.4999999999995525E-9   -90429.38949948444
7.797650414140613E-6      -2.4999999999995525E-9   -90422.8262898984
7.800490740953089E-6      -4.999999999999105E-9    -90427.9345810276
7.843710150071805E-6      0                        -90497.40188257532
7.840217288447258E-6      0                        -90492.75056845314
7.836724426822709E-6      0                        -90488.10418005609
7.833231565198162E-6      0                        -90483.21803688184
7.843074830808612E-6      -2.4999999999995525E-9   -90496.32238977523
7.839581969184065E-6      -2.4999999999995525E-9   -90491.67192561644
7.836089107559518E-6      -2.4999999999995525E-9   -90486.94683435188
7.84243951154542E-6       -4.999999999999105E-9    -90495.2430432122
7.838946649920872E-6      -4.999999999999105E-9    -90490.59734596811
7.841804192282226E-6      -7.499999999998658E-9    -90494.25121111466
7.830667334080219E-6      -9.99999999999821E-9     -90478.33138514678
7.834165934221062E-6      -9.99999999999821E-9     -90483.13877324297
7.837664534361901E-6      -9.99999999999821E-9     -90488.1140289408
7.841163134502741E-6      -9.99999999999821E-9     -90493.09418145716
7.831308391859704E-6      -7.499999999998658E-9    -90479.428028036
7.834806992000545E-6      -7.499999999998658E-9    -90484.38146025436
7.838305592141387E-6      -7.499999999998658E-9    -90489.3575713895
7.83194944963919E-6       -4.999999999999105E-9    -90480.65043757674
7.83544804978003E-6       -4.999999999999105E-9    -90485.62429634703
7.832590507418675E-6      -2.4999999999995525E-9   -90481.872993775
7.829738703573614E-6      0                        -90477.76258134289
7.826245841949065E-6      0                        -90472.47518397108
7.822752980324518E-6      0                        -90467.19256599789
7.81926011869997E-6       0                        -90461.67126336061
7.829097645794127E-6      -2.4999999999995525E-9   -90476.56028597489
7.82560478416958E-6       -2.4999999999995525E-9   -90471.2737201285
7.822111922545033E-6      -2.4999999999995525E-9   -90465.91288440683
7.828456588014642E-6      -4.999999999999105E-9    -90475.35813484064
7.824963726390095E-6      -4.999999999999105E-9    -90470.07630431221
7.827815530235157E-6      -7.499999999998658E-9    -90474.24296635612
7.815767257075423E-6      0                        -90455.57879616457
7.812274395450876E-6      0                        -90449.65384862159
7.808781533826327E-6      0                        -90443.7335341734
7.818613322404191E-6      -2.4999999999995525E-9   -90460.20155966021
7.815120460779644E-6      -2.4999999999995525E-9   -90454.25131756136
7.811627599155097E-6      -2.4999999999995525E-9   -90448.3271826307
7.817966526108414E-6      -4.999999999999105E-9    -90458.85373252312
7.814473664483866E-6      -4.999999999999105E-9    -90452.92398104112
7.817319729812636E-6      -7.499999999998658E-9    -90457.50604991792
7.820171533657697E-6      -9.99999999999821E-9     -90461.72925091068
7.823670133798538E-6      -9.99999999999821E-9     -90467.34229244472
7.827168733939378E-6      -9.99999999999821E-9     -90472.96008385281
7.820818329953476E-6      -7.499999999998658E-9    -90463.09729867062
7.824316930094315E-6      -7.499999999998658E-9    -90468.7111767844
7.821465126249255E-6      -4.999999999999105E-9    -90464.46549341135
7.746700930700044E-6      -9.99999999999821E-9     -90307.5499496691
7.750199530840886E-6      -9.99999999999821E-9     -90316.20933132732
7.753698130981727E-6      -9.99999999999821E-9     -90325.03328728052
7.757196731122568E-6      -9.99999999999821E-9     -90333.8612588934
7.747376419577287E-6      -7.499999999998658E-9    -90309.43771340989
7.750875019718128E-6      -7.499999999998658E-9    -90318.24000794119
7.75437361985897E-6       -7.499999999998658E-9    -90327.06469907326
7.75787221999981E-6       -7.499999999998658E-9    -90335.80925527387
7.748051908454529E-6      -4.999999999999105E-9    -90311.44762331714
7.75155050859537E-6       -4.999999999999105E-9    -90320.27081874888
7.755049108736212E-6      -4.999999999999105E-9    -90329.09248390741
7.748727397331771E-6      -2.4999999999995525E-9   -90313.4576648454
7.752225997472612E-6      -2.4999999999995525E-9   -90322.37841015737
7.749402886209013E-6      0                        -90315.58659403345
7.759881471082659E-6      0                        -90341.28111167441
7.75638860945811E-6       0                        -90332.79139491344
7.752895747833562E-6      0                        -90324.30572639224
7.759211720721707E-6      -2.4999999999995525E-9   -90339.42897737784
7.75571885909716E-6       -2.4999999999995525E-9   -90330.93999285118
7.758541970360759E-6      -4.999999999999105E-9    -90337.57697504717
7.745910024584466E-6      0                        -90306.2872674354
7.742417162959919E-6      0                        -90297.15272297034
7.738924301335371E-6      0                        -90288.02208065733
7.735431439710824E-6      0                        -90278.65888724978
7.745234535707224E-6      -2.4999999999995525E-9   -90304.29797611976
7.741741674082676E-6      -2.4999999999995525E-9   -90295.16414262104
7.738248812458129E-6      -2.4999999999995525E-9   -90285.95804308022
7.744559046829982E-6      -4.999999999999105E-9    -90302.30881385226
7.741066185205434E-6      -4.999999999999105E-9    -90293.17951383542
7.74388355795274E-6       -7.499999999998658E-9    -90300.40357580429
7.732706530136683E-6      -9.99999999999821E-9     -90270.06359731674
7.736205130277524E-6      -9.99999999999821E-9     -90279.37011482377
7.739703730418364E-6      -9.99999999999821E-9     -90288.84086716741
7.743202330559205E-6      -9.99999999999821E-9     -90298.3154884795
7.733387757530217E-6      -7.499999999998658E-9    -90272.09136518321
7.736886357671058E-6      -7.499999999998658E-9    -90281.54057034565
7.740384957811898E-6      -7.499999999998658E-9    -90291.0120361764
7.734068984923753E-6      -4.999999999999105E-9    -90274.2410017628
7.737567585064595E-6      -4.999999999999105E-9    -90283.71115703316
7.734750212317288E-6      -2.4999999999995525E-9   -90276.39076691057
7.731938578086275E-6      0                        -90268.71364613241
7.728445716461728E-6      0                        -90258.9327137226
7.724952854837179E-6      0                        -90249.15553744197
7.721459993212631E-6      0                        -90239.14661926375
7.73125735069274E-6       -2.4999999999995525E-9   -90266.58468346455
7.727764489068193E-6      -2.4999999999995525E-9   -90256.80444028687
7.724271627443644E-6      -2.4999999999995525E-9   -90246.95229179626
7.730576123299206E-6      -4.999999999999105E-9    -90264.45584676725
7.727083261674657E-6      -4.999999999999105E-9    -90254.68030229851
7.72989489590567E-6       -7.499999999998658E-9    -90262.41079845003
7.71871212957332E-6       -9.99999999999821E-9     -90229.98271631403
7.72221072971416E-6       -9.99999999999821E-9     -90239.93816220883
7.725709329855002E-6      -9.99999999999821E-9     -90250.0574116632
7.729207929995841E-6      -9.99999999999821E-9     -90260.18038346237
7.719399095483148E-6      -7.499999999998658E-9    -90232.15296237625
7.722897695623989E-6      -7.499999999998658E-9    -90242.25085694816
7.72639629576483E-6       -7.499999999998658E-9    -90252.3707977313
7.720086061392976E-6      -4.999999999999105E-9    -90234.4448063138
7.723584661533817E-6      -4.999999999999105E-9    -90244.56367966333
7.720773027302803E-6      -2.4999999999995525E-9   -90236.73677560524
7.717967131588084E-6      0                        -90228.5537719706
7.714474269963537E-6      0                        -90218.12483021525
7.710981408338988E-6      0                        -90207.69949863834
7.70748854671444E-6       0                        -90197.04320264561
7.717280165678255E-6      -2.4999999999995525E-9   -90226.28263705189
7.713787304053708E-6      -2.4999999999995525E-9   -90215.85436233044
7.710294442429159E-6      -2.4999999999995525E-9   -90205.35454263426
7.716593199768429E-6      -4.999999999999105E-9    -90224.01162486525
7.71310033814388E-6       -4.999999999999105E-9    -90213.58823313826
7.7159062338586E-6        -7.499999999998658E-9    -90221.82430456733
7.704717729009957E-6      -9.99999999999821E-9     -90187.30065275791
7.708216329150797E-6      -9.99999999999821E-9     -90197.90682068058
7.711714929291638E-6      -9.99999999999821E-9     -90208.6761917765
7.71521352943248E-6       -9.99999999999821E-9     -90219.44913866854
7.705410433436078E-6      -7.499999999998658E-9    -90189.61602259162
7.70890903357692E-6       -7.499999999998658E-9    -90200.36421832512
7.712407633717759E-6      -7.499999999998658E-9    -90211.13425812643
7.706103137862199E-6      -4.999999999999105E-9    -90192.05253153433
7.70960173800304E-6       -4.999999999999105E-9    -90202.82174059193
7.706795842288318E-6      -2.4999999999995525E-9   -90194.48916245319
7.690723328446595E-6      -9.99999999999821E-9     -90142.01090525766
7.694221928587437E-6      -9.99999999999821E-9     -90153.26941599335
7.697720528728276E-6      -9.99999999999821E-9     -90164.69041033967
7.701219128869116E-6      -9.99999999999821E-9     -90176.11483401644
7.69142177138901E-6       -7.499999999998658E-9    -90144.4740287668
7.69492037152985E-6       -7.499999999998658E-9    -90155.8739279638
7.69841897167069E-6       -7.499999999998658E-9    -90167.29556792944
7.701917571811529E-6      -7.499999999998658E-9    -90178.63736406375
7.692120214331423E-6      -4.999999999999105E-9    -90147.05759042682
7.695618814472263E-6      -4.999999999999105E-9    -90158.47856103757
7.699117414613102E-6      -4.999999999999105E-9    -90169.89653872431
7.692818657273836E-6      -2.4999999999995525E-9   -90149.64127052
7.696317257414676E-6      -2.4999999999995525E-9   -90161.15799042815
7.693517100216249E-6      0                        -90152.3418444805
7.703995685089891E-6      0                        -90185.80100874449
7.700502823465344E-6      0                        -90174.72233997124
7.697009961840796E-6      0                        -90163.64713550602
7.703302980663772E-6      -2.4999999999995525E-9   -90183.3852501335
7.699810119039223E-6      -2.4999999999995525E-9   -90172.30722573362
7.702610276237651E-6      -4.999999999999105E-9    -90180.96961085266
7.690024238591702E-6      0                        -90140.44871723144
7.686531376967154E-6      0                        -90128.718657897
7.683038515342605E-6      0                        -90116.99191708723
7.679545653718058E-6      0                        -90105.03611115373
7.689325795649289E-6      -2.4999999999995525E-9   -90137.88597109207
7.68583293402474E-6       -2.4999999999995525E-9   -90126.15653300959
7.682340072400194E-6      -2.4999999999995525E-9   -90114.35618369389
7.688627352706874E-6      -4.999999999999105E-9    -90135.32334071562
7.685134491082327E-6      -4.999999999999105E-9    -90123.59875925617
7.687928909764463E-6      -7.499999999998658E-9    -90132.84350882418
7.676728927883234E-6      -9.99999999999821E-9     -90094.10702691316
7.680227528024075E-6      -9.99999999999821E-9     -90106.01934478045
7.683726128164914E-6      -9.99999999999821E-9     -90118.09346179658
7.687224728305754E-6      -9.99999999999821E-9     -90130.17086176727
7.67743310934194E-6       -7.499999999998658E-9    -90096.7204359469
7.68093170948278E-6       -7.499999999998658E-9    -90108.77343041502
7.68443030962362E-6       -7.499999999998658E-9    -90120.84816950324
7.678137290800646E-6      -4.999999999999105E-9    -90099.4534823515
7.681635890941485E-6      -4.999999999999105E-9    -90111.52763346677
7.678841472259351E-6      -2.4999999999995525E-9   -90102.18664347913
7.66273452731987E-6       -9.99999999999821E-9     -90043.58257266389
7.666233127460711E-6      -9.99999999999821E-9     -90056.15016593758
7.669731727601553E-6      -9.99999999999821E-9     -90068.87899801752
7.673230327742392E-6      -9.99999999999821E-9     -90081.61096677464
7.66344444729487E-6       -7.499999999998658E-9    -90046.34866635643
7.666943047435709E-6      -7.499999999998658E-9    -90059.05629076854
7.670441647576552E-6      -7.499999999998658E-9    -90071.78572091465
7.673940247717391E-6      -7.499999999998658E-9    -90084.43634956518
7.664154367269868E-6      -4.999999999999105E-9    -90049.23364862861
7.66765296741071E-6       -4.999999999999105E-9    -90061.96252916155
7.671151567551551E-6      -4.999999999999105E-9    -90074.68848593393
7.664864287244868E-6      -2.4999999999995525E-9   -90052.11874174459
7.668362887385709E-6      -2.4999999999995525E-9   -90064.94269411662
7.665574207219867E-6      0                        -90055.11952688957
7.67605279209351E-6       0                        -90092.49048995087
7.672559930468962E-6      0                        -90080.10738355099
7.669067068844414E-6      0                        -90067.72744998721
7.675348610634804E-6      -2.4999999999995525E-9   -90089.77835173596
7.671855749010256E-6      -2.4999999999995525E-9   -90077.39584300813
7.674644429176098E-6      -4.999999999999105E-9    -90087.06632554987
7.637631314223485E-6      0                        -89947.42635007035
7.634138452598937E-6      0                        -89932.91278453835
7.63064559097439E-6       0                        -89918.56003523906
7.627152729349843E-6      0                        -89904.21002235929
7.636909917215901E-6      -2.4999999999995525E-9   -89944.11525398637
7.633417055591354E-6      -2.4999999999995525E-9   -89929.73754606926
7.629924193966805E-6      -2.4999999999995525E-9   -89915.3853209719
7.636188520208316E-6      -4.999999999999105E-9    -89940.91870758278
7.632695658583768E-6      -4.999999999999105E-9    -89926.56240740571
7.635467123200732E-6      -7.499999999998658E-9    -89937.72226375036
7.638244326333988E-6      -9.99999999999821E-9     -89948.52696047688
7.641742926474827E-6      -9.99999999999821E-9     -89962.57073882922
7.645241526615669E-6      -9.99999999999821E-9     -89976.61736162895
7.648740126756508E-6      -9.99999999999821E-9     -89990.43059428071
7.638965723341573E-6      -7.499999999998658E-9    -89951.74472843061
7.642464323482413E-6      -7.499999999998658E-9    -89965.78905546854
7.645962923623252E-6      -7.499999999998658E-9    -89979.75564852207
7.639687120349157E-6      -4.999999999999105E-9    -89954.96260172117
7.643185720489997E-6      -4.999999999999105E-9    -89969.00369236508
7.64040851735674E-6       -2.4999999999995525E-9   -89958.25360618337
7.651602760721676E-6      0                        -90002.58533625117
7.648109899097129E-6      0                        -89988.72964324155
7.64461703747258E-6       0                        -89975.03529514805
7.641124175848032E-6      0                        -89961.34382883052
7.650887102230384E-6      -2.4999999999995525E-9   -89999.43071410764
7.647394240605835E-6      -2.4999999999995525E-9   -89985.7113481393
7.643901378981288E-6      -2.4999999999995525E-9   -89972.01754919084
7.650171443739091E-6      -4.999999999999105E-9    -89996.39119493903
7.646678582114544E-6      -4.999999999999105E-9    -89982.69315708897
7.6494557852478E-6        -7.499999999998658E-9    -89993.35178256419
7.66208134559532E-6       0                        -90041.9197656089
7.658588483970772E-6      0                        -90028.88192602622
7.655095622346223E-6      0                        -90015.84711369427
7.661371425620319E-6      -2.4999999999995525E-9   -90039.055798776
7.657878563995773E-6      -2.4999999999995525E-9   -90026.01853282901
7.654385702371224E-6      -2.4999999999995525E-9   -90012.91087609323
7.660661505645321E-6      -4.999999999999105E-9    -90036.19194006866
7.657168644020774E-6      -4.999999999999105E-9    -90023.15915483513
7.659951585670322E-6      -7.499999999998658E-9    -90033.40940404683
7.652238726897348E-6      -9.99999999999821E-9     -90003.65517142584
7.655737327038189E-6      -9.99999999999821E-9     -90017.04049982363
7.65923592717903E-6       -9.99999999999821E-9     -90030.4288187268
7.65295438538864E-6       -7.499999999998658E-9    -90006.71582409923
7.65645298552948E-6       -7.499999999998658E-9    -90020.10172610036
7.653670043879933E-6      -4.999999999999105E-9    -90009.77658630864
6.93556612768938E-6       0                        -83557.23872473484
6.932073266064832E-6      0                        -83505.9293542963
6.928580404440285E-6      0                        -83454.61581935649
6.925087542815737E-6      0                        -83403.09488830871
6.9345578048671545E-6     -2.4999999999995525E-9   -83542.26741597547
6.931064943242607E-6      -2.4999999999995525E-9   -83490.9568213784
6.92757208161806E-6       -2.4999999999995525E-9   -83439.58055657084
6.933549482044929E-6      -4.999999999999105E-9    -83527.29574748939
6.9300566204203805E-6     -4.999999999999105E-9    -83475.98637435048
6.932541159222703E-6      -7.499999999998658E-9    -83512.39010364248
6.9210312974616616E-6     -9.99999999999821E-9     -83341.74825522972
6.924529897602504E-6      -9.99999999999821E-9     -83393.43101053106
6.928028497743343E-6      -9.99999999999821E-9     -83445.26558342554
6.931527097884185E-6      -9.99999999999821E-9     -83497.09593157691
6.9220453588001806E-6     -7.499999999998658E-9    -83356.98243643294
6.92554395894102E-6       -7.499999999998658E-9    -83408.79405762668
6.9290425590818615E-6     -7.499999999998658E-9    -83460.62738518901
6.923059420138699E-6      -4.999999999999105E-9    -83372.31975231544
6.92655802027954E-6       -4.999999999999105E-9    -83424.15673773683
6.924073481477218E-6      -2.4999999999995525E-9   -83387.65669767291
6.907036896898299E-6      -9.99999999999821E-9     -83131.2285919659
6.9105354970391385E-6     -9.99999999999821E-9     -83183.79920068783
6.91403409717998E-6       -9.99999999999821E-9     -83236.52223916867
6.917532697320821E-6      -9.99999999999821E-9     -83289.24092748559
6.90805669675311E-6       -7.499999999998658E-9    -83146.80926813907
6.91155529689395E-6       -7.499999999998658E-9    -83199.50856414544
6.915053897034793E-6      -7.499999999998658E-9    -83252.23031418964
6.918552497175632E-6      -7.499999999998658E-9    -83304.8823110842
6.909076496607922E-6      -4.999999999999105E-9    -83162.49255636739
6.912575096748763E-6      -4.999999999999105E-9    -83215.21754608811
6.916073696889604E-6      -4.999999999999105E-9    -83267.93620341235
6.910096296462734E-6      -2.4999999999995525E-9   -83178.17545954167
6.913594896603575E-6      -2.4999999999995525E-9   -83230.98795338225
6.911116096317546E-6      0                        -83193.95964892698
6.92159468119119E-6       0                        -83350.75170562738
6.918101819566641E-6      0                        -83298.55975725313
6.914608957942094E-6      0                        -83246.36351919631
6.9205806198526695E-6     -2.4999999999995525E-9   -83335.44048051561
6.917087758228122E-6      -2.4999999999995525E-9   -83283.24726522333
6.919566558514151E-6      -4.999999999999105E-9    -83320.12888133942
6.907623234692998E-6      0                        -83140.72394568054
6.90413037306845E-6       0                        -83087.63965249021
6.900637511443902E-6      0                        -83034.55094522235
6.8971446498193545E-6     0                        -82981.25437494852
6.906603434838185E-6      -2.4999999999995525E-9   -83125.06710693258
6.90311057321364E-6       -2.4999999999995525E-9   -83071.98150388522
6.899617711589091E-6      -2.4999999999995525E-9   -83018.8293634575
6.905583634983374E-6      -4.999999999999105E-9    -83109.40987959143
6.902090773358827E-6      -4.999999999999105E-9    -83056.32409822042
6.904563835128563E-6      -7.499999999998658E-9    -83093.81663771029
6.893042496334937E-6      -9.99999999999821E-9     -82917.11503771482
6.8965410964757775E-6     -9.99999999999821E-9     -82970.58324135092
6.900039696616618E-6      -9.99999999999821E-9     -83024.20483108162
6.9035382967574584E-6     -9.99999999999821E-9     -83077.82194602597
6.894068034706041E-6      -7.499999999998658E-9    -82933.0478789861
6.897566634846883E-6      -7.499999999998658E-9    -82986.64497052034
6.901065234987722E-6      -7.499999999998658E-9    -83040.26522853509
6.895093573077146E-6      -4.999999999999105E-9    -82949.08320259149
6.898592173217986E-6      -4.999999999999105E-9    -83002.70630345495
6.89611911144825E-6       -2.4999999999995525E-9   -82965.11812642425
6.893651788194807E-6      0                        -82927.1160887309
6.890158926570258E-6      0                        -82873.12938179448
6.88666606494571E-6       0                        -82819.13813719369
6.883173203321163E-6      0                        -82764.93860549892
6.8926262498237E-6        -2.4999999999995525E-9   -82911.10755982625
6.889133388199153E-6      -2.4999999999995525E-9   -82857.11949992488
6.885640526574606E-6      -2.4999999999995525E-9   -82803.06453109095
6.891600711452598E-6      -4.999999999999105E-9    -82895.09862761121
6.888107849828049E-6      -4.999999999999105E-9    -82841.10992400735
6.890575173081493E-6      -7.499999999998658E-9    -82879.15306969549
6.879048095771574E-6      -9.99999999999821E-9     -82699.36615265779
6.882546695912416E-6      -9.99999999999821E-9     -82753.74239557465
6.886045296053256E-6      -9.99999999999821E-9     -82808.27312961331
6.889543896194097E-6      -9.99999999999821E-9     -82862.79926506453
6.880079372658972E-6      -7.499999999998658E-9    -82715.65697494322
6.883577972799813E-6      -7.499999999998658E-9    -82770.16272813379
6.887076572940653E-6      -7.499999999998658E-9    -82824.69208701319
6.8811106495463685E-6     -4.999999999999105E-9    -82732.05064156871
6.884609249687209E-6      -4.999999999999105E-9    -82786.5826495499
6.882141926433766E-6      -2.4999999999995525E-9   -82748.44389351574
6.879680341696615E-6      0                        -82709.8870195824
6.876187480072067E-6      0                        -82654.98734413912
6.87269461844752E-6       0                        -82600.0830082753
6.8692017568229715E-6     0                        -82544.9696849395
6.878649064809218E-6      -2.4999999999995525E-9   -82693.52042310315
6.8751562031846704E-6     -2.4999999999995525E-9   -82638.61935142848
6.871663341560123E-6      -2.4999999999995525E-9   -82583.65109396202
6.877617787921821E-6      -4.999999999999105E-9    -82677.15340840994
6.874124926297273E-6      -4.999999999999105E-9    -82622.25159336644
6.8765865110344245E-6     -7.499999999998658E-9    -82660.84979454984
6.865053695208212E-6      -9.99999999999821E-9     -82477.9381445603
6.868552295349051E-6      -9.99999999999821E-9     -82533.23373624077
6.872050895489893E-6      -9.99999999999821E-9     -82588.68476927033
6.875549495630732E-6      -9.99999999999821E-9     -82644.13108075493
6.8660907106119014E-6     -7.499999999998658E-9    -82494.59316164964
6.869589310752743E-6      -7.499999999998658E-9    -82550.01910659471
6.873087910893582E-6      -7.499999999998658E-9    -82605.46872086826
6.867127726015591E-6      -4.999999999999105E-9    -82511.3517113403
6.8706263261564325E-6     -4.999999999999105E-9    -82566.80405071142
6.868164741419282E-6      -2.4999999999995525E-9   -82528.10983126181
6.85105929464485E-6       -9.99999999999821E-9     -82252.78584231528
6.8545578947856895E-6     -9.99999999999821E-9     -82309.01234660335
6.858056494926531E-6      -9.99999999999821E-9     -82365.3950978042
6.861555095067372E-6      -9.99999999999821E-9     -82421.7730053703
6.852102048564833E-6      -7.499999999998658E-9    -82269.81156759243
6.855600648705674E-6      -7.499999999998658E-9    -82326.16938075502
6.859099248846514E-6      -7.499999999998658E-9    -82382.55066946108
6.862597848987353E-6      -7.499999999998658E-9    -82438.86273161673
6.853144802484816E-6      -4.999999999999105E-9    -82286.94169644563
6.856643402625656E-6      -4.999999999999105E-9    -82343.32597339206
6.8601420027664965E-6     -4.999999999999105E-9    -82399.70488897903
6.8541875564047984E-6     -2.4999999999995525E-9   -82304.07138025691
6.857686156545638E-6      -2.4999999999995525E-9   -82360.54469809422
6.855230310324781E-6      0                        -82321.30315557065
6.865708895198423E-6      0                        -82488.99357725878
6.862216033573876E-6      0                        -82433.16991004885
6.858723171949329E-6      0                        -82377.34146051553
6.864671879794733E-6      -2.4999999999995525E-9   -82472.26226770737
6.861179018170185E-6      -2.4999999999995525E-9   -82416.43716085229
6.863634864391044E-6      -4.999999999999105E-9    -82455.53052485475
6.827287417328398E-6      0                        -81862.69103783251
6.82623318637583E-6       -2.4999999999995525E-9   -81844.69463752233
6.825178955423261E-6      -4.999999999999105E-9    -81826.80134098374
6.824124724470693E-6      -7.499999999998658E-9    -81808.90756832306
6.829731786516671E-6      -2.4999999999995525E-9   -81903.0678664162
6.828677555564102E-6      -4.999999999999105E-9    -81885.08529110964
6.827623324611533E-6      -7.499999999998658E-9    -81867.1649690975
6.826569093658964E-6      -9.99999999999821E-9     -81849.24417447785
6.832176155704943E-6      -4.999999999999105E-9    -81943.36229957739
6.8311219247523745E-6     -7.499999999998658E-9    -81925.44527422677
6.830067693799805E-6      -9.99999999999821E-9     -81907.52602995839
6.834620524893215E-6      -7.499999999998658E-9    -81983.65428735445
6.833566293940646E-6      -9.99999999999821E-9     -81965.80280032489
6.837064894081487E-6      -9.99999999999821E-9     -82023.86282310891
6.821686093798714E-6      -4.999999999999105E-9    -81768.13697232041
6.822740324751283E-6      -2.4999999999995525E-9   -81786.00373629484
6.82379455570385E-6       0                        -81803.8700206326
6.8192474631267345E-6     -2.4999999999995525E-9   -81727.33590585484
6.820301694079303E-6      0                        -81745.20376084573
6.8168088324547554E-6     0                        -81686.53235839552
6.851737448700233E-6      0                        -82264.39095106602
6.848244587075685E-6      0                        -82207.63184999728
6.844751725451138E-6      0                        -82150.86784558088
6.841258863826589E-6      0                        -82093.8929060184
6.85069469478025E-6       -2.4999999999995525E-9   -82247.28816243532
6.847201833155701E-6      -2.4999999999995525E-9   -82190.52757817224
6.843708971531154E-6      -2.4999999999995525E-9   -82133.69946381815
6.849651940860267E-6      -4.999999999999105E-9    -82230.18492523543
6.846159079235719E-6      -4.999999999999105E-9    -82173.4241690446
6.848609186940284E-6      -7.499999999998658E-9    -82213.14647696819
6.837766002202042E-6      0                        -82036.03258121721
6.834273140577494E-6      0                        -81978.32614348753
6.830780278952946E-6      0                        -81920.61468228833
6.840210371390315E-6      -2.4999999999995525E-9   -82076.28235629882
6.836717509765766E-6      -2.4999999999995525E-9   -82018.55154498256
6.833224648141219E-6      -2.4999999999995525E-9   -81960.84358038504
6.839161878954038E-6      -4.999999999999105E-9    -82058.77436198472
6.835669017329491E-6      -4.999999999999105E-9    -82001.07004473248
6.838113386517762E-6      -7.499999999998658E-9    -82041.2659071767
6.840563494222327E-6      -9.99999999999821E-9     -82081.0319395112
6.844062094363169E-6      -9.99999999999821E-9     -82138.35810435753
6.847560694504009E-6      -9.99999999999821E-9     -82195.67930437085
6.841611986658604E-6      -7.499999999998658E-9    -82098.56736233804
6.845110586799445E-6      -7.499999999998658E-9    -82155.89202082054
6.842660479094879E-6      -4.999999999999105E-9    -82116.10232819259
7.438824118306071E-6      -9.99999999999821E-9     -88872.49837158446
7.4423227184469136E-6     -9.99999999999821E-9     -88895.82176998787
7.445821318587753E-6      -9.99999999999821E-9     -88919.29905474817
7.449319918728594E-6      -9.99999999999821E-9     -88942.77715576549
7.439625854541757E-6      -7.499999999998658E-9    -88878.06080234436
7.443124454682597E-6      -7.499999999998658E-9    -88901.5173293036
7.446623054823438E-6      -7.499999999998658E-9    -88924.99476754742
7.450121654964279E-6      -7.499999999998658E-9    -88948.39812007576
7.44042759077744E-6       -4.999999999999105E-9    -88883.73421123951
7.4439261909182815E-6     -4.999999999999105E-9    -88907.21291609878
7.447424791059122E-6      -4.999999999999105E-9    -88930.68682655026
7.441229327013125E-6      -2.4999999999995525E-9   -88889.40764453699
7.444727927153966E-6      -2.4999999999995525E-9   -88912.97608624953
7.44203106324881E-6       0                        -88895.18897104352
7.452509648122453E-6      0                        -88964.69265536327
7.4490167864979045E-6     0                        -88941.59581175806
7.445523924873357E-6      0                        -88918.49982952263
7.451713650403062E-6      -2.4999999999995525E-9   -88959.23614812165
7.448220788778513E-6      -2.4999999999995525E-9   -88936.13946443869
7.45091765268367E-6       -4.999999999999105E-9    -88953.77966903494
7.3582023842596625E-6     0                        -88280.41419772147
7.354709522635114E-6      0                        -88252.28336854937
7.351216661010567E-6      0                        -88224.30493839708
7.347723799386019E-6      0                        -88196.3263756114
7.357366216926221E-6      -2.4999999999995525E-9   -88273.4040751062
7.353873355301673E-6      -2.4999999999995525E-9   -88245.40122306542
7.350380493677124E-6      -2.4999999999995525E-9   -88217.42272734792
7.35653004959278E-6       -4.999999999999105E-9    -88266.49950040574
7.3530371879682316E-6     -4.999999999999105E-9    -88238.51905379069
7.355693882259339E-6      -7.499999999998658E-9    -88259.59490511044
7.358356315066738E-6      -9.99999999999821E-9     -88280.31607399361
7.361854915207579E-6      -9.99999999999821E-9     -88307.9847335169
7.365353515348419E-6      -9.99999999999821E-9     -88335.65335336194
7.36885211548926E-6       -9.99999999999821E-9     -88363.10351339653
7.359192482400179E-6      -7.499999999998658E-9    -88287.24311334178
7.3626910825410206E-6     -7.499999999998658E-9    -88314.91173172402
7.36618968268186E-6       -7.499999999998658E-9    -88342.50725008544
7.36002864973362E-6       -4.999999999999105E-9    -88294.17013529105
7.363527249874461E-6      -4.999999999999105E-9    -88321.83494677418
7.360864817067061E-6      -2.4999999999995525E-9   -88301.16268459501
7.4385382016242624E-6     0                        -88871.24860069457
7.435045339999713E-6      0                        -88847.46280517112
7.431552478375166E-6      0                        -88823.67772821352
7.428059616750618E-6      0                        -88799.67846494856
7.437736465388577E-6      -2.4999999999995525E-9   -88865.59730248636
7.434243603764028E-6      -2.4999999999995525E-9   -88841.81163588406
7.430750742139482E-6      -2.4999999999995525E-9   -88817.95948010431
7.436934729152893E-6      -4.999999999999105E-9    -88859.94602560345
7.433441867528345E-6      -4.999999999999105E-9    -88836.16415660166
7.436132992917208E-6      -7.499999999998658E-9    -88854.36929877826
7.424829717742709E-6      -9.99999999999821E-9     -88776.19692818623
7.42832831788355E-6       -9.99999999999821E-9     -88800.21215358739
7.43182691802439E-6       -9.99999999999821E-9     -88824.3808558138
7.435325518165231E-6      -9.99999999999821E-9     -88848.55023096805
7.425637192494687E-6      -7.499999999998658E-9    -88781.9575462926
7.429135792635526E-6      -7.499999999998658E-9    -88806.10550601642
7.432634392776366E-6      -7.499999999998658E-9    -88830.27433029965
7.426444667246663E-6      -4.999999999999105E-9    -88787.82868430119
7.429943267387504E-6      -4.999999999999105E-9    -88811.99887894091
7.427252141998641E-6      -2.4999999999995525E-9   -88793.69983970761
7.372173830757853E-6      0                        -88389.86716702192
7.368680969133306E-6      0                        -88362.4421315703
7.365188107508758E-6      0                        -88335.16985744829
7.361695245884211E-6      0                        -88307.89759183838
7.371343401940705E-6      -2.4999999999995525E-9   -88383.06952328802
7.3678505403161575E-6     -2.4999999999995525E-9   -88355.77283340122
7.3643576786916085E-6     -2.4999999999995525E-9   -88328.50052711896
7.370512973123556E-6      -4.999999999999105E-9    -88376.37779589879
7.367020111499008E-6      -4.999999999999105E-9    -88349.10351945888
7.369682544306408E-6      -7.499999999998658E-9    -88369.68605591293
7.3723507156301E-6        -9.99999999999821E-9     -88389.91383474632
7.375849315770941E-6      -9.99999999999821E-9     -88416.87642063096
7.379347915911781E-6      -9.99999999999821E-9     -88443.83910878561
7.3828465160526215E-6     -9.99999999999821E-9     -88470.58316816452
7.37318114444725E-6       -7.499999999998658E-9    -88396.62801887692
7.376679744588089E-6      -7.499999999998658E-9    -88423.59059705606
7.380178344728929E-6      -7.499999999998658E-9    -88450.48015945092
7.374011573264397E-6      -4.999999999999105E-9    -88403.34219358764
7.377510173405237E-6      -4.999999999999105E-9    -88430.30116316545
7.374842002081545E-6      -2.4999999999995525E-9   -88410.12229115871
7.386145277256044E-6      0                        -88496.50819203292
7.3826524156314964E-6     0                        -88469.78598644296
7.379159554006948E-6      0                        -88443.21684930337
7.3756666923824E-6        0                        -88416.64786212379
7.385320586955188E-6      -2.4999999999995525E-9   -88489.9198871131
7.381827725330641E-6      -2.4999999999995525E-9   -88463.3263460508
7.3783348637060935E-6     -2.4999999999995525E-9   -88436.7572097648
7.384495896654333E-6      -4.999999999999105E-9    -88483.43786375519
7.381003035029785E-6      -4.999999999999105E-9    -88456.86669770206
7.383671206353477E-6      -7.499999999998658E-9    -88476.955835598
7.386345116193461E-6      -9.99999999999821E-9     -88496.69036833187
7.3898437163343024E-6     -9.99999999999821E-9     -88522.95003671566
7.393342316475144E-6      -9.99999999999821E-9     -88549.20994961486
7.396840916615984E-6      -9.99999999999821E-9     -88575.25072141558
7.3871698064943176E-6     -7.499999999998658E-9    -88503.19479446505
7.390668406635159E-6      -7.499999999998658E-9    -88529.45448818499
7.3941670067759985E-6     -7.499999999998658E-9    -88555.64103604597
7.387994496795173E-6      -4.999999999999105E-9    -88509.69921895645
7.3914930969360136E-6     -4.999999999999105E-9    -88535.9553661483
7.388819187096028E-6      -2.4999999999995525E-9   -88516.26990455894
7.410835317179347E-6      -9.99999999999821E-9     -88677.11812649523
7.414333917320187E-6      -9.99999999999821E-9     -88701.82783663218
7.417832517461028E-6      -9.99999999999821E-9     -88726.6906722984
7.421331117601868E-6      -9.99999999999821E-9     -88751.55403781921
7.411648530447617E-6      -7.499999999998658E-9    -88683.0798139469
7.415147130588458E-6      -7.499999999998658E-9    -88707.92190111136
7.418645730729298E-6      -7.499999999998658E-9    -88732.78482699879
7.422144330870139E-6      -7.499999999998658E-9    -88757.57415860106
7.412461743715886E-6      -4.999999999999105E-9    -88689.1516007596
7.415960343856727E-6      -4.999999999999105E-9    -88714.01597890543
7.419458943997567E-6      -4.999999999999105E-9    -88738.87536607779
7.413274956984157E-6      -2.4999999999995525E-9   -88695.2233977693
7.416773557124997E-6      -2.4999999999995525E-9   -88720.17695256456
7.414088170252426E-6      0                        -88701.40224611094
7.424566755126071E-6      0                        -88775.04686028154
7.421073893501522E-6      0                        -88750.56944030199
7.417581031876974E-6      0                        -88726.09259633532
7.423759280374093E-6      -2.4999999999995525E-9   -88769.19790404123
7.420266418749545E-6      -2.4999999999995525E-9   -88744.72058157162
7.4229518056221155E-6     -4.999999999999105E-9    -88763.34896210121
7.400116723754236E-6      0                        -88600.34929708754
7.3966238621296875E-6     0                        -88574.32687938039
7.39313100050514E-6       0                        -88548.4578828056
7.389638138880592E-6      0                        -88522.58917793029
7.399297771969672E-6      -2.4999999999995525E-9   -88593.96722595676
7.395804910345125E-6      -2.4999999999995525E-9   -88568.07380181715
7.392312048720578E-6      -2.4999999999995525E-9   -88542.20483871462
7.39847882018511E-6       -4.999999999999105E-9    -88587.69182404249
7.394985958560562E-6      -4.999999999999105E-9    -88561.82072391416
7.3976598684005475E-6     -7.499999999998658E-9    -88581.41642492649
7.4105953086278794E-6     0                        -88676.07668355716
7.407102447003331E-6      0                        -88650.90489862533
7.403609585378784E-6      0                        -88625.73354741454
7.40978209535961E-6       -2.4999999999995525E-9   -88670.02714903909
7.406289233735063E-6      -2.4999999999995525E-9   -88644.85542979986
7.402796372110514E-6      -2.4999999999995525E-9   -88619.61756260693
7.408968882091338E-6      -4.999999999999105E-9    -88663.97762160016
7.405476020466791E-6      -4.999999999999105E-9    -88638.80955662939
7.408155668823068E-6      -7.499999999998658E-9    -88658.00184387136
7.400339516756826E-6      -9.99999999999821E-9     -88600.65774744254
7.403838116897666E-6      -9.99999999999821E-9     -88626.21754618919
7.407336717038507E-6      -9.99999999999821E-9     -88651.77773198283
7.401158468541388E-6      -7.499999999998658E-9    -88606.95548600309
7.404657068682229E-6      -7.499999999998658E-9    -88632.51534272927
7.40197742032595E-6       -4.999999999999105E-9    -88613.25323049974
5.467217222160968E-6      -7.499999999998658E-9    -144830.77481364302
5.468820805449969E-6      -4.999999999999105E-9    -144626.89231773186
5.470424388738969E-6      -2.4999999999995525E-9   -144423.01524574737
5.4720279720279696E-6     0                        -144215.38898013288
5.465324301953466E-6      -4.999999999999105E-9    -145078.53043344966
5.466927885242465E-6      -2.4999999999995525E-9   -144875.05271925905
5.468531468531465E-6      0                        -144671.58044442872
5.463431381745962E-6      -2.4999999999995525E-9   -145325.76835459794
5.465034965034962E-6      0                        -145122.2842763564
5.461538461538458E-6      0                        -145573.01372109313
5.47392298887981E-6       -2.4999999999995525E-9   -143958.00296186187
5.47231940559081E-6       -4.999999999999105E-9    -144166.04990248135
5.47071582230181E-6       -7.499999999998658E-9    -144370.33182342828
5.46911223901281E-6       -9.99999999999821E-9     -144574.61915286854
5.47581800573165E-6       -4.999999999999105E-9    -143703.38088396046
5.47421442244265E-6       -7.499999999998658E-9    -143910.43937604394
5.47261083915365E-6       -9.99999999999821E-9     -144114.7149847485
5.477713022583491E-6      -7.499999999998658E-9    -143448.76612384044
5.4761094392944905E-6     -9.99999999999821E-9     -143654.8362154535
5.479608039435331E-6      -9.99999999999821E-9     -143193.4219744532
5.486013986013985E-6      0                        -142331.69371636657
5.484412499369321E-6      -2.4999999999995525E-9   -142572.16303244617
5.482811012724658E-6      -4.999999999999105E-9    -142778.9838434606
5.481209526079994E-6      -7.499999999998658E-9    -142985.81001237457
5.487911099510161E-6      -2.4999999999995525E-9   -141929.63658405992
5.486309612865498E-6      -4.999999999999105E-9    -142308.13297766552
5.484708126220835E-6      -7.499999999998658E-9    -142512.14197202006
5.483106639576171E-6      -9.99999999999821E-9     -142716.15628922466
5.48980821300634E-6       -4.999999999999105E-9    -141539.14827539894
5.488206726361676E-6      -7.499999999998658E-9    -142036.3856903641
5.486605239717012E-6      -9.99999999999821E-9     -142240.38857334125
5.491705326502516E-6      -7.499999999998658E-9    -141148.6668151
5.490103839857853E-6      -9.99999999999821E-9     -141764.6454127059
5.493602439998694E-6      -9.99999999999821E-9     -140283.0144085754
5.479314509228154E-6      -4.999999999999105E-9    -143237.31635546708
5.480915995872817E-6      -2.4999999999995525E-9   -143027.67818368677
5.482517482517481E-6      0                        -142818.0454048555
5.477419492376313E-6      -2.4999999999995525E-9   -143490.94276482478
5.479020979020977E-6      0                        -143281.29833051018
5.475524475524474E-6      0                        -143744.57644389823
5.513971446498431E-6      0                        -104401.31544290611
5.512377795014337E-6      -2.4999999999995525E-9   -108848.46131373689
5.510784143530244E-6      -4.999999999999105E-9    -113009.34769307452
5.509190492046149E-6      -7.499999999998658E-9    -117170.235980625
5.507596840562056E-6      -9.99999999999821E-9     -120798.57142596465
5.515876395155177E-6      -2.4999999999995525E-9   -100479.42802209915
5.514282743671084E-6      -4.999999999999105E-9    -104996.31494386376
5.5126890921869906E-6     -7.499999999998658E-9    -109410.59744116085
5.511095440702897E-6      -9.99999999999821E-9     -113824.88049350199
5.517781343811925E-6      -4.999999999999105E-9    -96971.39454752758
5.516187692327831E-6      -7.499999999998658E-9    -101432.2234356136
5.514594040843737E-6      -9.99999999999821E-9     -105846.50712603898
5.5196862924686715E-6     -7.499999999998658E-9    -93463.35692681161
5.518092640984578E-6      -9.99999999999821E-9     -97868.12828191754
5.521591241125419E-6      -9.99999999999821E-9     -90013.59072839034
5.523179154093219E-6      -7.499999999998658E-9    -86633.72282623014
5.5247670670610195E-6     -4.999999999999105E-9    -83191.92959067231
5.52635498002882E-6       -2.4999999999995525E-9   -79750.13440534286
5.527942892996621E-6      0                        -76324.29879063692
5.521274205436472E-6      -4.999999999999105E-9    -90049.64950963872
5.522862118404273E-6      -2.4999999999995525E-9   -86626.42754265147
5.5244500313720735E-6     0                        -83203.20399925207
5.5193692567797255E-6     -2.4999999999995525E-9   -93501.63128656277
5.520957169747526E-6      0                        -90078.41220189151
5.517464308122979E-6      0                        -96953.60841664165
5.52985358016966E-6       -2.4999999999995525E-9   -74059.1976598365
5.52826566720186E-6       -4.999999999999105E-9    -77486.46395677004
5.526677754234059E-6      -7.499999999998658E-9    -80946.8312272365
5.5250898412662595E-6     -9.99999999999821E-9     -84407.19617457052
5.5317642673427E-6        -4.999999999999105E-9    -71795.93427062331
5.5301763543749E-6        -7.499999999998658E-9    -75223.86627427553
5.5285884414071E-6        -9.99999999999821E-9     -78684.23687026411
5.53367495451574E-6       -7.499999999998658E-9    -69532.66611395584
5.53208704154794E-6       -9.99999999999821E-9     -72961.26395235055
5.535585641688781E-6      -9.99999999999821E-9     -67296.93382579328
5.537167816140289E-6      -7.499999999998658E-9    -64982.3147871987
5.538749990591797E-6      -4.999999999999105E-9    -62638.3645206729
5.540332165043305E-6      -2.4999999999995525E-9   -60294.41122869789
5.541914339494812E-6      0                        -58003.683883509075
5.535257128967249E-6      -4.999999999999105E-9    -67214.57486227063
5.536839303418756E-6      -2.4999999999995525E-9   -64864.702262777806
5.538421477870265E-6      0                        -62514.82672172548
5.533346441794209E-6      -2.4999999999995525E-9   -69478.50933121028
5.534928616245716E-6      0                        -67128.64053476951
5.531435754621169E-6      0                        -71742.43890467184
5.543830765184145E-6      -2.4999999999995525E-9   -56646.42510581879
5.542248590732638E-6      -4.999999999999105E-9    -58938.544207749605
5.54066641628113E-6       -7.499999999998658E-9    -61276.57529165413
5.539084241829622E-6      -9.99999999999821E-9     -63614.60326621763
5.545747190873478E-6      -4.999999999999105E-9    -55237.81839521928
5.54416501642197E-6       -7.499999999998658E-9    -57539.14095887696
5.542582841970463E-6      -9.99999999999821E-9     -59877.17588683755
5.547663616562811E-6      -7.499999999998658E-9    -53829.206960694355
5.546081442111304E-6      -9.99999999999821E-9     -56139.73295957314
5.5495800422521435E-6     -9.99999999999821E-9     -52436.734560423174
5.6176069267981584E-6     -7.499999999998658E-9    -32946.82407453339
5.619154670151908E-6      -4.999999999999105E-9    -32924.514261248994
5.62070241350566E-6       -2.4999999999995525E-9   -32898.73249692643
5.622250156859411E-6      0                        -32872.948626327125
5.615661808527361E-6      -4.999999999999105E-9    -32931.804122064816
5.617209551881112E-6      -2.4999999999995525E-9   -32910.70825114357
5.618757295234864E-6      0                        -32884.92905562524
5.613716690256565E-6      -2.4999999999995525E-9   -32916.78098421045
5.615264433610316E-6      0                        -32896.89911104459
5.611771571985767E-6      0                        -32892.01626686589
5.610218090115723E-6      -2.4999999999995525E-9   -33006.39317874902
5.60866460824568E-6       -4.999999999999105E-9    -33129.18909039344
5.607111126375636E-6      -7.499999999998658E-9    -33251.98273893955
5.605557644505593E-6      -9.99999999999821E-9     -33371.550781745165
5.61216320838652E-6       -4.999999999999105E-9    -33031.61542680098
5.610609726516477E-6      -7.499999999998658E-9    -33152.34030370257
5.609056244646434E-6      -9.99999999999821E-9     -33273.06296764364
5.614108326657317E-6      -7.499999999998658E-9    -33047.85267316759
5.612554844787274E-6      -9.99999999999821E-9     -33168.58022963031
5.616053444928115E-6      -9.99999999999821E-9     -33064.086678756175
5.60361826475109E-6       -7.499999999998658E-9    -33448.718949413895
5.6051717466211326E-6     -4.999999999999105E-9    -33329.368216314884
5.606725228491176E-6      -2.4999999999995525E-9   -33204.50368804901
5.60827871036122E-6       0                        -33079.63684654694
5.601678884996585E-6      -4.999999999999105E-9    -33528.87575591561
5.603232366866629E-6      -2.4999999999995525E-9   -33411.584729108064
5.604785848736673E-6      0                        -33286.722985288536
5.599739505242082E-6      -2.4999999999995525E-9   -33609.02914572468
5.601292987112125E-6      0                        -33493.79789488179
5.597800125487577E-6      0                        -33674.24686009302
5.596240905101241E-6      -2.4999999999995525E-9   -33940.93624878582
5.594681684714904E-6      -4.999999999999105E-9    -34220.93049372872
5.593122464328568E-6      -7.499999999998658E-9    -34500.92223730479
5.591563243942231E-6      -9.99999999999821E-9     -34776.02594926339
5.598180284855745E-6      -4.999999999999105E-9    -33876.31549705651
5.596621064469407E-6      -7.499999999998658E-9    -34153.224803109864
5.595061844083071E-6      -9.99999999999821E-9     -34430.1316685906
5.600119664610248E-6      -7.499999999998658E-9    -33798.22201805683
5.598560444223912E-6      -9.99999999999821E-9     -34075.13424340129
5.602059044364753E-6      -9.99999999999821E-9     -33720.125052691306
5.551156478187359E-6      -7.499999999998658E-9    -50958.093320977154
5.552732914122574E-6      -4.999999999999105E-9    -49462.21884467662
5.554309350057789E-6      -2.4999999999995525E-9   -47966.3411695211
5.555885785993004E-6      0                        -46514.4228788235
5.549240052498026E-6      -4.999999999999105E-9    -52353.08859455555
5.550816488433242E-6      -2.4999999999995525E-9   -50849.45112128496
5.5523929243684565E-6     0                        -49345.81042336178
5.547323626808693E-6      -2.4999999999995525E-9   -53770.90351233099
5.548900062743908E-6      0                        -52267.26993114727
5.545407201119361E-6      0                        -55188.71373268925
5.557807950198629E-6      -2.4999999999995525E-9   -45718.75368398469
5.5562315142634146E-6     -4.999999999999105E-9    -47171.73976730024
5.554655078328199E-6      -7.499999999998658E-9    -48659.854307049165
5.553078642392984E-6      -9.99999999999821E-9     -50147.965673740124
5.559730114404255E-6      -4.999999999999105E-9    -44878.0362354691
5.55815367846904E-6       -7.499999999998658E-9    -46338.775720357895
5.556577242533824E-6      -9.99999999999821E-9     -47826.894039552935
5.56165227860988E-6       -7.499999999998658E-9    -44037.314368023006
5.560075842674666E-6      -9.99999999999821E-9     -45505.807174219895
5.563574442815506E-6      -9.99999999999821E-9     -43207.0168979428
5.589629602704019E-6      -7.499999999998658E-9    -35003.03409933066
5.591188823090356E-6      -4.999999999999105E-9    -34728.58124325396
5.592748043476693E-6      -2.4999999999995525E-9   -34445.50475226447
5.594307263863029E-6      0                        -34162.4256991138
5.587695961465808E-6      -4.999999999999105E-9    -35234.58423140936
5.589255181852145E-6      -2.4999999999995525E-9   -34963.530210220124
5.5908144022384815E-6     0                        -34680.45676920371
5.5857623202275965E-6     -2.4999999999995525E-9   -35466.13065600155
5.587321540613933E-6      0                        -35198.47555286548
5.583828678989386E-6      0                        -35675.18272859011
5.582263720086758E-6      -2.4999999999995525E-9   -36182.442367618816
5.580698761184127E-6      -4.999999999999105E-9    -36710.34889583997
5.579133802281498E-6      -7.499999999998658E-9    -37238.25265249812
5.577568843378868E-6      -9.99999999999821E-9     -37758.785803771396
5.584197361324968E-6      -4.999999999999105E-9    -35974.14125660631
5.582632402422338E-6      -7.499999999998658E-9    -36497.56187900845
5.5810674435197085E-6     -9.99999999999821E-9     -37020.979797461354
5.586131002563179E-6      -7.499999999998658E-9    -35745.99390452472
5.58456604366055E-6       -9.99999999999821E-9     -36269.417731357134
5.588064643801389E-6      -9.99999999999821E-9     -35517.842761790664
5.575640940656949E-6      -7.499999999998658E-9    -38221.815735134755
5.577205899559579E-6      -4.999999999999105E-9    -37702.64755278565
5.578770858462208E-6      -2.4999999999995525E-9   -37170.25811004586
5.580335817364838E-6      0                        -36637.86582812907
5.573713037935031E-6      -4.999999999999105E-9    -38691.71319284544
5.5752779968376605E-6     -2.4999999999995525E-9   -38177.90278940494
5.5768429557402905E-6     0                        -37645.51670321903
5.5717851352131115E-6     -2.4999999999995525E-9   -39161.60659873733
5.573350094115742E-6      0                        -38653.15406482396
5.569857232491194E-6      0                        -39598.647127215714
5.568286535072272E-6      -2.4999999999995525E-9   -40480.23405753578
5.56671583765335E-6       -4.999999999999105E-9    -41392.88334421233
5.5651451402344275E-6     -7.499999999998658E-9    -42305.52959438175
5.57021443779419E-6       -4.999999999999105E-9    -40044.10235101338
5.568643740375268E-6      -7.499999999998658E-9    -40950.52248548963
5.5670730429563475E-6     -9.99999999999821E-9     -41856.93964562409
5.5721423405161084E-6     -7.499999999998658E-9    -39579.56697093541
5.570571643097187E-6      -9.99999999999821E-9     -40485.990618252166
5.5740702432380276E-6     -9.99999999999821E-9     -39115.027448420115
5.5632229760288015E-6     -4.999999999999105E-9    -43138.07474784875
5.564793673447724E-6      -2.4999999999995525E-9   -42219.199563499205
5.566364370866647E-6      0                        -41300.32128047635
5.561300811823177E-6      -2.4999999999995525E-9   -43986.549825851704
5.562871509242099E-6      0                        -43067.67831019746
5.559378647617552E-6      0                        -44835.02056518991
5.370198659443058E-9      -4.9999999999993284E-9   87070.1099584774
4.027648994582293E-9      -3.749999999999496E-9    87082.70361638677
2.685099329721529E-9      -2.4999999999996642E-9   87095.29911526729
1.3425496648607643E-9     -1.249999999999832E-9    87107.89639174409
0                         0                        87120.49544581707
4.027648994582293E-9      -6.249999999999273E-9    87082.38910655616
2.685099329721529E-9      -4.999999999999441E-9    87094.93080747854
1.3425496648607646E-9     -3.749999999999609E-9    87107.50633020574
0                         -2.4999999999997767E-9   87120.08362719906
2.685099329721529E-9      -7.499999999999217E-9    87094.6700373521
1.3425496648607646E-9     -6.249999999999384E-9    87107.1815020051
0                         -4.999999999999553E-9    87119.75877594348
1.3425496648607643E-9     -8.749999999999162E-9    87106.95269964672
0                         -7.49999999999933E-9     87119.43392468791
0                         -9.999999999999105E-9    87119.23709344005
6.7232711749215825E-9     -6.24999999999905E-9     87057.35361224902
5.380721510060818E-9      -7.499999999998993E-9    87069.69787049286
4.038171845200054E-9      -8.749999999998937E-9    87082.00902086285
2.6956221803392893E-9     -9.99999999999888E-9     87094.32190607407
8.076343690400108E-9      -7.49999999999877E-9     87044.59900739632
6.7337940255393435E-9     -8.749999999998714E-9    87056.97638827444
5.391244360678579E-9      -9.999999999998657E-9    87069.2857707379
9.429416205878632E-9      -8.74999999999849E-9     87031.84620729438
8.086866541017869E-9      -9.999999999998432E-9    87044.25670743964
1.0782488721357159E-8     -9.99999999999821E-9     87019.14475529757
1.8094549737187763E-6     0                        54301.225257352635
1.810360003247676E-6      -2.4999999999995525E-9   54278.03934982134
1.8112650327765754E-6     -4.999999999999105E-9    54254.90396073174
1.812170062305475E-6      -7.499999999998658E-9    54231.77031501326
1.8129478353433243E-6     0                        54213.14921197854
1.8138528648722237E-6     -2.4999999999995525E-9   54190.02831605244
1.8147578944011236E-6     -4.999999999999105E-9    54166.90916580282
1.8164406969678723E-6     0                        54125.16885451461
1.8173457264967717E-6     -2.4999999999995525E-9   54102.05462029724
1.8199335585924203E-6     0                        54037.2139156535
1.809576491693534E-6      -9.99999999999821E-9     54296.60763541705
1.8086714621646342E-6     -7.499999999998658E-9    54319.755778796265
1.8077664326357351E-6     -4.999999999999105E-9    54342.9056632412
1.8068614031068353E-6     -2.4999999999995525E-9   54366.08701982225
1.8060778915526931E-6     -9.99999999999821E-9     54384.61914484284
1.8051728620237937E-6     -7.499999999998658E-9    54407.77394751186
1.8042678324948943E-6     -4.999999999999105E-9    54430.927529311884
1.8025792914118525E-6     -9.99999999999821E-9     54472.65612204421
1.801674261882953E-6      -7.499999999998658E-9    54495.781920475194
1.799080691271012E-6      -9.99999999999821E-9     54560.6157896703
1.7954835272205844E-6     0                        54652.338382727416
1.7963828182331916E-6     -2.4999999999995525E-9   54629.35493844095
1.7972821092457983E-6     -4.999999999999105E-9    54606.423041255315
1.7981814002584053E-6     -7.499999999998658E-9    54583.49286210661
1.7989763888451322E-6     0                        54564.49276852814
1.7998756798577393E-6     -2.4999999999995525E-9   54541.575544316074
1.800774970870346E-6      -4.999999999999105E-9    54518.6600404558
1.8024692504696804E-6     0                        54476.74408288789
1.8033685414822873E-6     -2.4999999999995525E-9   54453.833464956624
1.8059621120942281E-6     0                        54389.02076254309
1.7955820911301718E-6     -9.99999999999821E-9     54648.298376275554
1.7946828001175646E-6     -7.499999999998658E-9    54671.24323266161
1.7937835091049574E-6     -4.999999999999105E-9    54694.18980476976
1.7928842180923507E-6     -2.4999999999995525E-9   54717.1686780981
1.7920834909893309E-6     -9.99999999999821E-9     54736.07518363813
1.791184199976724E-6      -7.499999999998658E-9    54759.026643624195
1.790284908964117E-6      -4.999999999999105E-9    54781.97710510183
1.7885848908484904E-6     -9.99999999999821E-9     54823.87740447424
1.7876855998358833E-6     -7.499999999998658E-9    54846.799445370365
1.7850862907076495E-6     -9.99999999999821E-9     54911.60063883662
1.7815120807223925E-6     0                        55002.50704746333
1.782405633218707E-6      -2.4999999999995525E-9   54979.72668932764
1.783299185715021E-6      -4.999999999999105E-9    54956.998912988376
1.7841927382113355E-6     -7.499999999998658E-9    54934.27282950014
1.7850049423469407E-6     0                        54914.897173486446
1.7858984948432547E-6     -2.4999999999995525E-9   54892.18422804327
1.7867920473395692E-6     -4.999999999999105E-9    54869.47297777458
1.7884978039714884E-6     0                        54827.38548514067
1.7893913564678027E-6     -2.4999999999995525E-9   54804.67909041874
1.7919906655960366E-6     0                        54739.899107596924
1.7815876905668087E-6     -9.99999999999821E-9     54999.042006072734
1.7806941380704946E-6     -7.499999999998658E-9    55021.78292448906
1.7798005855741805E-6     -4.999999999999105E-9    55044.525533432956
1.778907033077866E-6      -2.4999999999995525E-9   55067.30118827787
1.7780890904259684E-6     -9.99999999999821E-9     55086.57885143213
1.7771955379296541E-6     -7.499999999998658E-9    55109.32631763133
1.7763019854333399E-6     -4.999999999999105E-9    55132.07283575616
1.7745904902851277E-6     -9.99999999999821E-9     55174.14105478061
1.7736969377888135E-6     -7.499999999998658E-9    55196.85842731278
1.7710918901442873E-6     -9.99999999999821E-9     55261.62228638015
1.7675406342242005E-6     0                        55351.71064069759
1.7684284482042223E-6     -2.4999999999995525E-9   55329.13374824588
1.769316262184244E-6      -4.999999999999105E-9    55306.61053818441
1.7702040761642655E-6     -7.499999999998658E-9    55284.0889959395
1.7710334958487487E-6     0                        55264.34157305157
1.7719213098287705E-6     -2.4999999999995525E-9   55241.83330717424
1.772809123808792E-6      -4.999999999999105E-9    55219.32671144468
1.7745263574732965E-6     0                        55177.072068681475
1.7754141714533183E-6     -2.4999999999995525E-9   55154.57029784396
1.7780192190978443E-6     0                        55089.827819449
1.7675932900034466E-6     -9.99999999999821E-9     55348.8175429401
1.7667054760234248E-6     -7.499999999998658E-9    55371.3540331711
1.7658176620434035E-6     -4.999999999999105E-9    55393.89218888745
1.7649298480633817E-6     -2.4999999999995525E-9   55416.46407314039
1.764094689862606E-6      -9.99999999999821E-9     55436.10945397253
1.7632068758825844E-6     -7.499999999998658E-9    55458.65243605167
1.7623190619025628E-6     -4.999999999999105E-9    55481.19432562709
1.7605960897217653E-6     -9.99999999999821E-9     55523.42666634229
1.759708275741744E-6      -7.499999999998658E-9    55545.938552226784
1.7570974895809248E-6     -9.99999999999821E-9     55610.6604349465
1.7535691877260086E-6     0                        55699.92910426747
1.754451263189738E-6      -2.4999999999995525E-9   55677.5560301411
1.7553333386534668E-6     -4.999999999999105E-9    55655.23773128921
1.756215414117196E-6      -7.499999999998658E-9    55632.921075373844
1.7570620493505566E-6     0                        55612.805913892196
1.7579441248142857E-6     -2.4999999999995525E-9   55590.50261871478
1.7588262002780148E-6     -4.999999999999105E-9    55568.200968812045
1.7605549109751046E-6     0                        55525.78363422583
1.7614369864388337E-6     -2.4999999999995525E-9   55503.48677829458
1.7640477725996526E-6     0                        55438.78655287674
1.7535988894400844E-6     -9.99999999999821E-9     55697.60483173389
1.7527168139763553E-6     -7.499999999998658E-9    55719.93649489733
1.7518347385126262E-6     -4.999999999999105E-9    55742.26979865918
1.750952663048897E-6      -2.4999999999995525E-9   55764.637470844624
1.7501002892992437E-6     -9.99999999999821E-9     55784.647108040386
1.7492182138355146E-6     -7.499999999998658E-9    55806.98520700919
1.7483361383717855E-6     -4.999999999999105E-9    55829.3219845936
1.7466016891584032E-6     -9.99999999999821E-9     55871.714627879985
1.745719613694674E-6      -7.499999999998658E-9    55894.02050171012
1.7431030890175623E-6     -9.99999999999821E-9     55958.695976881565
1.7395977412278167E-6     0                        56047.1430021702
1.7404740781752533E-6     -2.4999999999995525E-9   56024.97422654634
1.7413504151226895E-6     -4.999999999999105E-9    56002.8612893823
1.742226752070126E-6      -7.499999999998658E-9    55980.74997043215
1.7430906028523645E-6     0                        55960.2705705781
1.7439669397998009E-6     -2.4999999999995525E-9   55938.17270674925
1.7448432767472373E-6     -4.999999999999105E-9    55916.07646347858
1.7465834644769127E-6     0                        55873.5003630109
1.747459801424349E-6      -2.4999999999995525E-9   55851.40888253174
1.7500763261014604E-6     0                        55786.755295799274
1.7396044888767213E-6     -9.99999999999821E-9     56045.3845003309
1.7387281519292853E-6     -7.499999999998658E-9    56067.51089596315
1.7378518149818484E-6     -4.999999999999105E-9    56089.63890746507
1.7369754780344124E-6     -2.4999999999995525E-9   56111.80195990721
1.736105888735881E-6      -9.99999999999821E-9     56132.172298996484
1.7352295517884446E-6     -7.499999999998658E-9    56154.30507429258
1.7343532148410082E-6     -4.999999999999105E-9    56176.4364076503
1.7326072885950403E-6     -9.99999999999821E-9     56218.98528225289
1.7317309516476041E-6     -7.499999999998658E-9    56241.08488723407
1.7291086884541999E-6     -9.99999999999821E-9     56305.70956739059
1.7256262947296248E-6     0                        56393.33290044201
1.7264968931607683E-6     -2.4999999999995525E-9   56371.36899587
1.7273674915919122E-6     -4.999999999999105E-9    56349.461945607094
1.728238090023056E-6      -7.499999999998658E-9    56327.556488995695
1.729119156354173E-6      0                        56306.71614505981
1.7299897547853163E-6     -2.4999999999995525E-9   56284.82427979054
1.7308603532164604E-6     -4.999999999999105E-9    56262.93401052236
1.7326120179787207E-6     0                        56220.20282966034
1.7334826164098645E-6     -2.4999999999995525E-9   56198.31729175071
1.736104879603269E-6      0                        56133.71459552771
1.7256100883133592E-6     -9.99999999999821E-9     56392.13710824374
1.7247394898822155E-6     -7.499999999998658E-9    56414.05775297062
1.7238688914510718E-6     -4.999999999999105E-9    56435.9799889994
1.722998293019928E-6      -2.4999999999995525E-9   56457.938005597665
1.7221114881725188E-6     -9.99999999999821E-9     56478.66543615739
1.721240889741375E-6      -7.499999999998658E-9    56500.592404316936
1.720370291310231E-6      -4.999999999999105E-9    56522.51799092634
1.718612888031678E-6      -9.99999999999821E-9     56565.21888859544
1.7177422896005344E-6     -7.499999999998658E-9    56587.11203578596
1.7151142878908374E-6     -9.99999999999821E-9     56651.68158724595
1.7116548482314329E-6     0                        56738.47973384594
1.7125197081462843E-6     -2.4999999999995525E-9   56716.72115652765
1.7133845680611351E-6     -4.999999999999105E-9    56695.02041779648
1.7142494279759864E-6     -7.499999999998658E-9    56673.321248317225
1.7151477098559806E-6     0                        56652.12342752275
1.716012569770832E-6      -2.4999999999995525E-9   56630.43801053711
1.7168774296856831E-6     -4.999999999999105E-9    56608.75416515759
1.7186405714805288E-6     0                        56565.87173786939
1.7195054313953799E-6     -2.4999999999995525E-9   56544.19259216875
1.7221334331050766E-6     0                        56479.64506928087
1.711615687749997E-6      -9.99999999999821E-9     56737.84341865492
1.7107508278351455E-6     -7.499999999998658E-9    56759.55791277807
1.7098859679202945E-6     -4.999999999999105E-9    56781.273973798976
1.7090211080054434E-6     -2.4999999999995525E-9   56803.02655244438
1.708117087609156E-6      -9.99999999999821E-9     56824.107419272674
1.707252227694305E-6      -7.499999999998658E-9    56845.82818051662
1.706387367779454E-6      -4.999999999999105E-9    56867.547659677
1.7046184874683156E-6     -9.99999999999821E-9     56910.39648323796
1.7037536275534646E-6     -7.499999999998658E-9    56932.082853346285
1.701119887327475E-6      -9.99999999999821E-9     56996.59294901086
1.697683401733241E-6      0                        57082.5649730206
1.6985425231317993E-6     -2.4999999999995525E-9   57061.01197227193
1.699401644530358E-6      -4.999999999999105E-9    57039.517809243705
1.7002607659289164E-6     -7.499999999998658E-9    57018.02519123335
1.701176263357789E-6      0                        56996.47371521978
1.7020353847563473E-6     -2.4999999999995525E-9   56974.99499446718
1.702894506154906E-6      -4.999999999999105E-9    56953.517821090536
1.704669124982337E-6      0                        56910.48827455561
1.7055282463808955E-6     -2.4999999999995525E-9   56889.01576893767
1.7081619866068849E-6     0                        56824.52779365443
1.6976212871866343E-6     -9.99999999999821E-9     57082.484720110144
1.6967621657880755E-6     -7.499999999998658E-9    57103.99278307276
1.6959030443895172E-6     -4.999999999999105E-9    57125.50238869518
1.6950439229909588E-6     -2.4999999999995525E-9   57147.04922433333
1.6941226870457938E-6     -9.99999999999821E-9     57168.47986116592
1.6932635656472353E-6     -7.499999999998658E-9    57189.9941348656
1.6924044442486767E-6     -4.999999999999105E-9    57211.50715951546
1.6906240869049531E-6     -9.99999999999821E-9     57254.500003295456
1.6897649655063948E-6     -7.499999999998658E-9    57275.9792072538
1.6871254867641127E-6     -9.99999999999821E-9     57340.42556834031
1.603159083383938E-6      -9.99999999999821E-9     59379.773804470606
1.602340131599428E-6      -7.499999999998658E-9    59399.74867348524
1.6015211798149178E-6     -4.999999999999105E-9    59419.79031958393
1.6007022280304077E-6     -2.4999999999995525E-9   59439.833345893974
1.5998832762458975E-6     0                        59459.942163029074
1.5996604832430974E-6     -9.99999999999821E-9     59463.65249777442
1.5988415314585873E-6     -7.499999999998658E-9    59483.71031373028
1.5980225796740771E-6     -4.999999999999105E-9    59503.76950753156
1.597203627889567E-6      -2.4999999999995525E-9   59523.871025114306
1.5961618831022568E-6     -9.99999999999821E-9     59547.64303332578
1.5953429313177466E-6     -7.499999999998658E-9    59567.70666402447
1.5945239795332365E-6     -4.999999999999105E-9    59587.76944650233
1.5926632829614163E-6     -9.99999999999821E-9     59631.65810437624
1.591844331176906E-6      -7.499999999998658E-9    59651.68214111562
1.5894046913722536E-6     0                        59711.090602190845
1.590217904640471E-6      -2.4999999999995525E-9   59691.27128585045
1.5910311179086885E-6     -4.999999999999105E-9    59671.45332925799
1.5928975529968015E-6     0                        59627.3929649414
1.593710766265019E-6      -2.4999999999995525E-9   59607.57941281474
1.5963904146213495E-6     0                        59543.71975896326
1.6033761378704453E-6     0                        59375.82998753401
1.6041950896549556E-6     -2.4999999999995525E-9   59355.803129911146
1.605014041439466E-6      -4.999999999999105E-9    59335.77765486557
1.605832993223976E-6      -7.499999999998658E-9    59315.798235840615
1.6068689994949935E-6     0                        59291.83174080691
1.6076879512795036E-6     -2.4999999999995525E-9   59271.8107038547
1.6085069030640138E-6     -4.999999999999105E-9    59251.793266498236
1.6103618611195412E-6     0                        59207.85799500271
1.6111808129040516E-6     -2.4999999999995525E-9   59187.80254981766
1.6138547227440894E-6     0                        59123.78199090367
1.6171534839473003E-6     -9.99999999999821E-9     59042.78369503348
1.6163287936464977E-6     -7.499999999998658E-9    59062.96691784402
1.6155041033456949E-6     -4.999999999999105E-9    59083.216079105405
1.614679413044892E-6      -2.4999999999995525E-9   59103.46664358899
1.6136548838064599E-6     -9.99999999999821E-9     59126.9623829645
1.6128301935056568E-6     -7.499999999998658E-9    59147.22762809223
1.6120055032048542E-6     -4.999999999999105E-9    59167.494274075434
1.6101562836656192E-6     -9.99999999999821E-9     59211.25184961167
1.6093315933648164E-6     -7.499999999998658E-9    59231.52296613643
1.6066576835247785E-6     -9.99999999999821E-9     59295.565921362155
1.6311478845106628E-6     -9.99999999999821E-9     58704.61074034367
1.6303174556935673E-6     -7.499999999998658E-9    58725.00227790084
1.629487026876472E-6      -4.999999999999105E-9    58745.45902084162
1.6286565980593767E-6     -2.4999999999995525E-9   58765.91719019652
1.6278261692422813E-6     0                        58786.439158415546
1.6276492843698221E-6     -9.99999999999821E-9     58789.08547559962
1.6268188555527268E-6     -7.499999999998658E-9    58809.558188359195
1.6259884267356315E-6     -4.999999999999105E-9    58830.032325166
1.625157997918536E-6      -2.4999999999995525E-9   58850.54734083182
1.6241506842289817E-6     -9.99999999999821E-9     58873.669898534186
1.6233202554118864E-6     -7.499999999998658E-9    58894.14853933026
1.6224898265947908E-6     -4.999999999999105E-9    58914.62625653611
1.620652084088141E-6      -9.99999999999821E-9     58958.278995164525
1.6198216552710455E-6     -7.499999999998658E-9    58978.71940353879
1.6173475843686376E-6     0                        59039.37447230615
1.6181722746694402E-6     -2.4999999999995525E-9   59019.13999030865
1.6189969649702429E-6     -4.999999999999105E-9    58998.906913900086
1.6208404459931854E-6     0                        58955.07971307084
1.621665136293988E-6      -2.4999999999995525E-9   58934.85110819027
1.6243333076177336E-6     0                        58870.8095234073
1.6313190308668291E-6     0                        58701.74033659578
1.6321494596839244E-6     -2.4999999999995525E-9   58681.29813546741
1.6329798885010202E-6     -4.999999999999105E-9    58660.857363120114
1.633810317318115E-6      -7.499999999998658E-9    58640.461824297534
1.6348118924913773E-6     0                        58617.15314800362
1.6356423213084726E-6     -2.4999999999995525E-9   58596.716880420274
1.636472750125568E-6      -4.999999999999105E-9    58576.284610397284
1.638304754115925E-6      0                        58532.5905966182
1.6391351829330204E-6     -2.4999999999995525E-9   58512.1216056343
1.6417976157404733E-6     0                        58447.92988664006
1.6451422850740253E-6     -9.99999999999821E-9     58365.27145546502
1.6443061177406373E-6     -7.499999999998658E-9    58385.871336700264
1.6434699504072493E-6     -4.999999999999105E-9    58406.53560426184
1.6426337830738613E-6     -2.4999999999995525E-9   58427.20132160852
1.6416436849331848E-6     -9.99999999999821E-9     58450.038268676915
1.6408075175997968E-6     -7.499999999998658E-9    58470.71838126222
1.6399713502664086E-6     -4.999999999999105E-9    58491.399941266165
1.638145084792344E-6      -9.99999999999821E-9     58534.91353728036
1.637308917458956E-6      -7.499999999998658E-9    58555.59963451914
1.6346464846515035E-6     -9.99999999999821E-9     58619.81354714894
1.6591366856373878E-6     -9.99999999999821E-9     58024.782679548814
1.658294779787707E-6      -7.499999999998658E-9    58045.59090889513
1.6574528739380266E-6     -4.999999999999105E-9    58066.46256112198
1.6566109680883459E-6     -2.4999999999995525E-9   58087.335686681996
1.6557690622386652E-6     0                        58108.270700677436
1.655638085496547E-6      -9.99999999999821E-9     58109.83738293964
1.6547961796468668E-6     -7.499999999998658E-9    58130.72477035397
1.6539542737971857E-6     -4.999999999999105E-9    58151.6136287361
1.653112367947505E-6      -2.4999999999995525E-9   58172.54183313197
1.6521394853557066E-6     -9.99999999999821E-9     58194.99922367591
1.651297579506026E-6      -7.499999999998658E-9    58215.89265233039
1.6504556736563452E-6     -4.999999999999105E-9    58236.784806750264
1.6486408852148657E-6     -9.99999999999821E-9     58280.18587221182
1.647798979365185E-6      -7.499999999998658E-9    58301.041966549026
1.6452904773650212E-6     0                        58362.94385692321
1.6461266446984093E-6     -2.4999999999995525E-9   58342.29398279437
1.6469628120317973E-6     -4.999999999999105E-9    58321.64556081717
1.6487833389895692E-6     0                        58278.06837775976
1.6496195063229572E-6     -2.4999999999995525E-9   58257.424493577986
1.6522762006141172E-6     0                        58193.217602412624
1.659261923863213E-6      0                        58023.00165070215
1.660103829712894E-6      -2.4999999999995525E-9   58002.14425830848
1.6609457355625743E-6     -4.999999999999105E-9    57981.288341613385
1.661787641412255E-6      -7.499999999998658E-9    57960.47667620404
1.6627547854877611E-6     0                        57937.84206014922
1.6635966913374418E-6     -2.4999999999995525E-9   57916.99071407073
1.6644385971871225E-6     -4.999999999999105E-9    57896.143670516394
1.666247647112309E-6      0                        57852.70723898512
1.6670895529619896E-6     -2.4999999999995525E-9   57831.82482725878
1.6697405087368571E-6     0                        57767.47843187928
1.6731310862007502E-6     -9.99999999999821E-9     57683.161457049486
1.6722834418347768E-6     -7.499999999998658E-9    57704.17795107128
1.6714357974688037E-6     -4.999999999999105E-9    57725.256821729374
1.6705881531028305E-6     -2.4999999999995525E-9   57746.3371894436
1.6696324860599095E-6     -9.99999999999821E-9     57768.49971075925
1.6687848416939362E-6     -7.499999999998658E-9    57789.5942175789
1.667937197327963E-6      -4.999999999999105E-9    57810.69021909108
1.6661338859190689E-6     -9.99999999999821E-9     57853.94379343334
1.6652862415530957E-6     -7.499999999998658E-9    57875.0443980414
1.6626352857782284E-6     -9.99999999999821E-9     57939.412749394745
1.683711955235049E-6      0                        57425.570515868894
1.6845653381173147E-6     -2.4999999999995525E-9   57404.22329753281
1.6854187209995808E-6     -4.999999999999105E-9    57382.93593715706
1.6862721038818466E-6     -7.499999999998658E-9    57361.65009773313
1.6872048168595968E-6     0                        57339.7488169291
1.6880581997418629E-6     -2.4999999999995525E-9   57318.47699689817
1.6889115826241285E-6     -4.999999999999105E-9    57297.206700180235
1.690697678484145E-6      0                        57254.034166720114
1.6915510613664108E-6     -2.4999999999995525E-9   57232.76850560643
1.6941905401086928E-6     0                        57168.34441388564
1.6836268866232722E-6     -9.99999999999821E-9     57426.042874921324
1.6827735037410062E-6     -7.499999999998658E-9    57447.34425714652
1.68192012085874E-6       -4.999999999999105E-9    57468.64715796235
1.6810667379764744E-6     -2.4999999999995525E-9   57489.987970550304
1.6801282864824316E-6     -9.99999999999821E-9     57511.764717634614
1.6792749036001655E-6     -7.499999999998658E-9    57533.07225414997
1.6784215207178996E-6     -4.999999999999105E-9    57554.378487441565
1.6766296863415909E-6     -9.99999999999821E-9     57597.51149806406
1.675776303459325E-6      -7.499999999998658E-9    57618.78314222078
1.6732333703614053E-6     0                        57681.93079868455
1.6740810147273783E-6     -2.4999999999995525E-9   57660.8660648939
1.6749286590933516E-6     -4.999999999999105E-9    57639.80283052304
1.676726231985953E-6      0                        57596.49142850602
1.6775738763519265E-6     -2.4999999999995525E-9   57575.432797356705
1.6802190936105013E-6     0                        57511.07689223981
1.7573022592096666E-7     -9.99999999999821E-9     85325.5852317567
1.7549660279830514E-7     -7.499999999998658E-9    85328.3686780706
1.752629796756436E-7      -4.999999999999105E-9    85331.31906218149
1.7502935655298206E-7     -2.4999999999995525E-9   85334.2695152316
1.7479573343032051E-7     0                        85337.3820645641
1.72231625780126E-7       -9.99999999999821E-9     85364.36998017685
1.719980026574645E-7      -7.499999999998658E-9    85367.32983981218
1.7176437953480294E-7     -4.999999999999105E-9    85370.28976765285
1.7153075641214142E-7     -2.4999999999995525E-9   85373.3643921563
1.6873302563928538E-7     -9.99999999999821E-9     85403.3513900322
1.6849940251662385E-7     -7.499999999998658E-9    85406.31221210651
1.6826577939396233E-7     -4.999999999999105E-9    85409.26832767561
1.6523442549844473E-7     -9.99999999999821E-9     85442.34632979936
1.650008023757832E-7      -7.499999999998658E-9    85445.18391530839
1.6173582535760412E-7     -9.99999999999821E-9     85481.01929245064
1.897246264843292E-7      -9.999999999998209E-9    85167.9952641811
1.8948526484537497E-7     -7.499999999998656E-9    85170.88146252744
1.892459032064208E-7      -4.999999999999104E-9    85173.93366605253
1.890065415674666E-7      -2.4999999999995517E-9   85176.98594239424
1.8876717992851243E-7     0                        85180.19945922423
1.8622602634348857E-7     -9.99999999999821E-9     85207.31882166489
1.8598666470453438E-7     -7.499999999998658E-9    85210.38068718636
1.857473030655802E-7      -4.999999999999105E-9    85213.4426247702
1.85507941426626E-7       -2.4999999999995525E-9   85216.61853818008
1.8272742620264795E-7     -9.99999999999821E-9     85246.83853910227
1.8248806456369376E-7     -7.499999999998658E-9    85249.90139872984
1.8224870292473955E-7     -4.999999999999105E-9    85252.95956332757
1.7922882606180733E-7     -9.99999999999821E-9     85286.37192170469
1.789894644228531E-7      -7.499999999998658E-9    85289.31231644037
1.7828859505486847E-7     0                        85298.01154917057
1.7852221817753002E-7     -2.4999999999995525E-9   85295.07058225464
1.7875584130019157E-7     -4.999999999999105E-9    85292.1296850119
1.8178145667941647E-7     0                        85258.834709893
1.8201507980207802E-7     -2.4999999999995525E-9   85255.89471822759
1.8527431830396443E-7     0                        85219.67145835864
1.922600415530604E-7      0                        85140.29276795089
1.924994031920146E-7      -2.499999999999552E-9    85137.25016420588
1.9273876483096882E-7     -4.999999999999104E-9    85134.20763403177
1.92978126469923E-7       -7.499999999998656E-9    85131.28783873215
1.957529031776084E-7      0                        85100.57936236712
1.9599226481656258E-7     -2.499999999999552E-9    85097.53776559135
1.962316264555168E-7      -4.999999999999104E-9    85094.50096863722
1.9924576480215637E-7     0                        85060.87967892569
1.9948512644111056E-7     -2.4999999999995517E-9   85057.7259012906
2.0273862642670438E-7     0                        85020.87312557655
2.0371902704769178E-7     -9.99999999999821E-9     85008.25509180286
2.0347392689244493E-7     -7.499999999998658E-9    85011.24563448822
2.0322882673719808E-7     -4.999999999999105E-9    85014.40128934829
2.0298372658195123E-7     -2.4999999999995525E-9   85017.55702103607
2.0022042690685114E-7     -9.99999999999821E-9     85048.11597041316
1.999753267516043E-7      -7.499999999998658E-9    85051.28147537645
1.997302265963574E-7      -4.999999999999105E-9    85054.44705639276
1.967218267660105E-7      -9.99999999999821E-9     85088.17255653013
1.9647672661076365E-7     -7.499999999998658E-9    85091.33908768257
1.9322322662516985E-7     -9.99999999999821E-9     85128.24294269415
2.0623148805125236E-7     0                        84980.43160884961
2.064765882064992E-7      -2.4999999999995525E-9   84977.28573785364
2.0672168836174606E-7     -4.999999999999105E-9    84974.13994446001
2.0696678851699291E-7     -7.499999999998658E-9    84971.11612049562
2.0972434967580034E-7     0                        84940.18297052254
2.099694498310472E-7      -2.4999999999995525E-9   84937.03813862833
2.1021454998629404E-7     -4.999999999999105E-9    84933.89807192238
2.132172113003483E-7      0                        84899.94818836398
2.1346231145559517E-7     -2.4999999999995525E-9   84896.69189981293
2.167100729248963E-7      0                        84859.40834995832
2.1771342761105433E-7     -9.99999999999821E-9     84846.3698928228
2.1746258893951484E-7     -7.499999999998658E-9    84849.46638001766
2.172117502679753E-7      -4.999999999999105E-9    84852.72713695426
2.169609115964358E-7      -2.4999999999995525E-9   84855.9879748652
2.1421482747021366E-7     -9.99999999999821E-9     84886.76679025001
2.139639887986742E-7      -7.499999999998658E-9    84890.03758133888
2.1371315012713469E-7     -4.999999999999105E-9    84893.30845260697
2.1071622732937304E-7     -9.99999999999821E-9     84927.35897977908
2.1046538865783353E-7     -7.499999999998658E-9    84930.63082955408
2.072176271885324E-7      -9.99999999999821E-9     84967.9651038614
3.2966863211795476E-7     -9.99999999999821E-9     83474.713579683
3.29371885316074E-7       -7.499999999998658E-9    83478.71769958573
3.2907513851419323E-7     -4.999999999999105E-9    83482.87792011513
3.2877839171231246E-7     -2.4999999999995525E-9   83487.03825989261
3.2848164491043174E-7     0                        83491.35099261526
3.2617003197711415E-7     -9.99999999999821E-9     83519.35026679868
3.258732851752334E-7      -7.499999999998658E-9    83523.52194556169
3.255765383733526E-7      -4.999999999999105E-9    83527.69374261217
3.252797915714719E-7      -2.4999999999995525E-9   83531.97247654921
3.2267143183627353E-7     -9.99999999999821E-9     83564.17745495742
3.2237468503439276E-7     -7.499999999998658E-9    83568.35046700777
3.22077938232512E-7       -4.999999999999105E-9    83572.51952765911
3.1917283169543286E-7     -9.99999999999821E-9     83609.01963960439
3.1887608489355215E-7     -7.499999999998658E-9    83613.07900671217
3.1567423155459224E-7     -9.99999999999821E-9     83653.56278913245
3.319745065349797E-7      0                        83446.15752394774
3.3227125333686044E-7     -2.4999999999995525E-9   83442.00865278354
3.325680001387412E-7      -4.999999999999105E-9    83437.85990182793
3.32864746940622E-7       -7.499999999998658E-9    83433.82535747894
3.354673681595277E-7      0                        83401.15282165079
3.357641149614084E-7      -2.4999999999995525E-9   83397.00529703533
3.360608617632892E-7      -4.999999999999105E-9    83392.8618751198
3.3896022978407574E-7     0                        83356.16316418978
3.392569765859564E-7      -2.4999999999995525E-9   83351.91088488293
3.4245309140862366E-7     0                        83310.88585293181
3.4366303268131734E-7     -9.99999999999821E-9     83293.76986969962
3.4336054736314393E-7     -7.499999999998658E-9    83297.89457897632
3.4305806204497053E-7     -4.999999999999105E-9    83302.17442915941
3.427555767267971E-7      -2.4999999999995525E-9   83306.45440403906
3.4016443254047667E-7     -9.99999999999821E-9     83338.92998356956
3.398619472223033E-7      -7.499999999998658E-9    83343.2214598788
3.3955946190412986E-7     -4.999999999999105E-9    83347.51305990323
3.3666583239963605E-7     -9.99999999999821E-9     83384.28004246662
3.3636334708146265E-7     -7.499999999998658E-9    83388.57288818125
3.3316723225879543E-7     -9.99999999999821E-9     83429.6452287568
3.7165183380804243E-7     -9.999999999998212E-9    82925.62255530192
3.713378714572837E-7      -7.49999999999866E-9     82929.99292489901
3.71023909106525E-7       -4.999999999999106E-9    82934.51686611597
3.707099467557663E-7      -2.4999999999995534E-9   82939.04094338845
3.7039598440500756E-7     0                        82943.71472585306
3.6815323366720176E-7     -9.99999999999821E-9     82971.82502786588
3.678392713164431E-7      -7.499999999998658E-9    82976.36090958578
3.6752530896568435E-7     -4.999999999999105E-9    82980.89692633807
3.672113466149256E-7      -2.4999999999995525E-9   82985.53771927634
3.6465463352636115E-7     -9.99999999999821E-9     83018.21659242711
3.643406711756024E-7      -7.499999999998658E-9    83022.7539169568
3.6402670882484374E-7     -4.999999999999105E-9    83027.28741528693
3.611560333855205E-7      -9.99999999999821E-9     83064.62354491357
3.608420710347618E-7      -7.499999999998658E-9    83069.04972862714
3.576574332446799E-7      -9.99999999999821E-9     83110.73754818561
3.564245379068156E-7      0                        83128.3384662184
3.5673276174128163E-7     -2.4999999999995525E-9   83123.78666075884
3.570409855757477E-7      -4.999999999999105E-9    83119.38543674596
3.5734920941021376E-7     -7.499999999998658E-9    83114.98434303158
3.5991739953136356E-7     0                        83082.10502803599
3.6022562336582966E-7     -2.4999999999995525E-9   83077.71560239026
3.605338472002957E-7      -4.999999999999105E-9    83073.32630804532
3.634102611559116E-7      0                        83036.05933558835
3.6371848499037764E-7     -2.4999999999995525E-9   83031.67132917125
3.669031227804596E-7      0                        82990.02894761843
3.541588331038393E-7      -9.99999999999821E-9     83156.4195831913
3.538506092693732E-7      -7.499999999998658E-9    83160.83246496467
3.535423854349071E-7      -4.999999999999105E-9    83165.2454760343
3.5323416160044106E-7     -2.4999999999995525E-9   83169.76400188851
3.506602329629986E-7      -9.99999999999821E-9     83202.29109829351
3.5035200912853253E-7     -7.499999999998658E-9    83206.70538598057
3.500437852940665E-7      -4.999999999999105E-9    83211.11587218074
3.47161632822158E-7       -9.99999999999821E-9     83248.17787126946
3.4685340898769197E-7     -7.499999999998658E-9    83252.4802977234
3.4594595303317164E-7     0                        83265.17166876802
3.4624843835134505E-7     -2.4999999999995525E-9   83260.90333035952
3.465509236695185E-7      -4.999999999999105E-9    83256.63511762903
3.494388146577196E-7      0                        83219.6457271472
3.4974129997589303E-7     -2.4999999999995525E-9   83215.37877143337
3.5293167628226766E-7     0                        83174.1349603961
6.655342456386552E-7      -9.99999999999821E-9     78568.38143346703
6.650997744457509E-7      -7.499999999998658E-9    78575.6959686754
6.646653032528466E-7      -4.999999999999105E-9    78583.14313325772
6.642308320599424E-7      -2.4999999999995525E-9   78590.59059337134
6.637963608670381E-7      0                        78598.16849352409
6.620356454978146E-7      -9.99999999999821E-9     78625.14188844673
6.616011743049102E-7      -7.499999999998658E-9    78632.60386219838
6.61166703112006E-7       -4.999999999999105E-9    78640.06613002213
6.607322319191018E-7      -2.4999999999995525E-9   78647.61815827228
6.585370453569739E-7      -9.99999999999821E-9     78682.07726959119
6.581025741640697E-7      -7.499999999998658E-9    78689.54154571233
6.576681029711654E-7      -4.999999999999105E-9    78697.00312345798
6.550384452161334E-7      -9.99999999999821E-9     78739.03066194475
6.546039740232291E-7      -7.499999999998658E-9    78746.40177106326
6.515398450752927E-7      -9.99999999999821E-9     78795.73520744887
6.375454445119303E-7      -9.99999999999821E-9     79021.14742705894
6.371224503516114E-7      -7.499999999998658E-9    79028.15440936649
6.366994561912923E-7      -4.999999999999105E-9    79035.29626126544
6.362764620309734E-7      -2.4999999999995525E-9   79042.43839015192
6.358534678706543E-7      0                        79049.71294630317
6.340468443710897E-7      -9.99999999999821E-9     79076.9355162891
6.336238502107707E-7      -7.499999999998658E-9    79084.09191700957
6.332008560504517E-7      -4.999999999999105E-9    79091.24859329915
6.327778618901327E-7      -2.4999999999995525E-9   79098.49642003093
6.305482442302491E-7      -9.99999999999821E-9     79132.90008134303
6.3012525006993E-7        -7.499999999998658E-9    79140.05869596737
6.29702255909611E-7       -4.999999999999105E-9    79147.21425555574
6.270496440894085E-7      -9.99999999999821E-9     79188.88241726033
6.266266499290894E-7      -7.499999999998658E-9    79195.94569139298
6.235510439485679E-7      -9.99999999999821E-9     79244.61088607956
6.498249143688462E-7      0                        78824.90881399717
6.502536470454579E-7      -2.4999999999995525E-9   78817.48327512681
6.506823797220694E-7      -4.999999999999105E-9    78810.18915672437
6.511111123986811E-7      -7.499999999998658E-9    78802.89532448859
6.533177759933943E-7      0                        78768.14372139127
6.537465086700058E-7      -2.4999999999995525E-9   78760.86429388568
6.541752413466174E-7      -4.999999999999105E-9    78753.5851539856
6.568106376179421E-7      0                        78711.55415579665
6.572393702945537E-7      -2.4999999999995525E-9   78704.27699960073
6.603034992424902E-7      0                        78654.9825095128
6.480412449344521E-7      -9.99999999999821E-9     78852.01038124043
6.476125122578404E-7      -7.499999999998658E-9    78859.31889535308
6.471837795812289E-7      -4.999999999999105E-9    78866.62769419356
6.467550469046173E-7      -2.4999999999995525E-9   78874.0269454707
6.445426447936115E-7      -9.99999999999821E-9     78908.46123361317
6.441139121169999E-7      -7.499999999998658E-9    78915.77200569898
6.436851794403883E-7      -4.999999999999105E-9    78923.07991496038
6.410440446527709E-7      -9.99999999999821E-9     78964.92997728856
6.406153119761593E-7      -7.499999999998658E-9    78972.14652631652
6.393463294952022E-7      0                        78993.43192295328
6.397693236555214E-7      -2.4999999999995525E-9   78986.30435199142
6.401923178158403E-7      -4.999999999999105E-9    78979.17705943547
6.428391911197502E-7      0                        78937.32717640151
6.432621852800693E-7      -2.4999999999995525E-9   78930.20183270183
6.463320527442983E-7      0                        78881.24022961692
5.815678422584806E-7      -9.99999999999821E-9     79903.23353374815
5.81167802163332E-7       -7.499999999998658E-9    79909.64139083824
5.807677620681836E-7      -4.999999999999105E-9    79916.18892029347
5.80367721973035E-7       -2.4999999999995525E-9   79922.73669184893
5.799676818778865E-7      0                        79929.42077362341
5.780692421176399E-7      -9.99999999999821E-9     79957.05421530192
5.776692020224915E-7      -7.499999999998658E-9    79963.6157725653
5.772691619273429E-7      -4.999999999999105E-9    79970.17757059282
5.768691218321944E-7      -2.4999999999995525E-9   79976.83335270287
5.745706419767993E-7      -9.99999999999821E-9     80011.0548535723
5.741706018816509E-7      -7.499999999998658E-9    80017.61845179641
5.737705617865023E-7      -4.999999999999105E-9    80024.17848915883
5.710720418359588E-7      -9.99999999999821E-9     80065.07277572219
5.706720017408102E-7      -7.499999999998658E-9    80071.53704965151
5.675734416951182E-7      -9.99999999999821E-9     80118.82729792655
5.95562242821843E-7       -9.99999999999821E-9     79685.66142515541
5.951564642104019E-7      -7.499999999998658E-9    79692.21692217243
5.947506855989607E-7      -4.999999999999105E-9    79698.91098118084
5.943449069875195E-7      -2.4999999999995525E-9   79705.60529073942
5.939391283760784E-7      0                        79712.43503701243
5.920636426810025E-7      -9.99999999999821E-9     79739.9767692025
5.916578640695612E-7      -7.499999999998658E-9    79746.68497908201
5.912520854581201E-7      -4.999999999999105E-9    79753.39343815495
5.90846306846679E-7       -2.4999999999995525E-9   79760.19518170023
5.885650425401618E-7      -9.99999999999821E-9     79794.47123782804
5.881592639287207E-7      -7.499999999998658E-9    79801.18153139764
5.877534853172795E-7      -4.999999999999105E-9    79807.88827490255
5.850664423993211E-7      -9.99999999999821E-9     79848.98311285315
5.8466066378788E-7        -7.499999999998658E-9    79855.59483772467
5.834605435024344E-7      0                        79875.09465802717
5.83860583597583E-7       -2.4999999999995525E-9   79868.5609236939
5.842606236927316E-7      -4.999999999999105E-9    79862.02743279701
5.869534051269824E-7      0                        79820.94759210826
5.87353445222131E-7       -2.4999999999995525E-9   79814.41591215815
5.904462667515304E-7      0                        79766.81784254615
5.974319900006264E-7      0                        79657.61733451378
5.978377686120675E-7      -2.4999999999995525E-9   79650.93718516582
5.982435472235086E-7      -4.999999999999105E-9    79644.25728772482
5.986493258349498E-7      -7.499999999998658E-9    79637.67736296779
6.009248516251744E-7      0                        79602.9781122106
6.013306302366155E-7      -2.4999999999995525E-9   79596.30005996257
6.017364088480566E-7      -4.999999999999105E-9    79589.62595588257
6.044177132497223E-7      0                        79548.35632789218
6.048234918611635E-7      -2.4999999999995525E-9   79541.58806298909
6.079105748742703E-7      0                        79493.48356799969
6.095566433852054E-7      -9.99999999999821E-9     79466.11807980025
6.091451262574716E-7      -7.499999999998658E-9    79472.82269684631
6.087336091297379E-7      -4.999999999999105E-9    79479.66465912381
6.08322092002004E-7       -2.4999999999995525E-9   79486.50688058179
6.060580432443648E-7      -9.99999999999821E-9     79520.92624762381
6.056465261166311E-7      -7.499999999998658E-9    79527.78249169076
6.052350089888973E-7      -4.999999999999105E-9    79534.63899356086
6.025594431035243E-7      -9.99999999999821E-9     79575.91265268822
6.021479259757904E-7      -7.499999999998658E-9    79582.77102351433
5.990608429626836E-7      -9.99999999999821E-9     79630.91658615954
6.218820213724622E-7      0                        79272.57368504615
6.222992770164885E-7      -2.4999999999995525E-9   79265.4487431033
6.22716532660515E-7       -4.999999999999105E-9    79258.45724977594
6.231337883045415E-7      -7.499999999998658E-9    79251.46602444108
6.253748829970102E-7      0                        79216.7785367411
6.257921386410367E-7      -2.4999999999995525E-9   79209.80146743605
6.26209394285063E-7       -4.999999999999105E-9    79202.82466752148
6.288677446215582E-7      0                        79161.16042708495
6.292850002655846E-7      -2.4999999999995525E-9   79154.18554132256
6.323606062461062E-7      0                        79105.55999712378
6.200524438077273E-7      -9.99999999999821E-9     79299.90999049571
6.196351881637008E-7      -7.499999999998658E-9    79306.91563066884
6.192179325196745E-7      -4.999999999999105E-9    79313.9215374366
6.18800676875648E-7       -2.4999999999995525E-9   79321.01929531398
6.165538436668866E-7      -9.99999999999821E-9     79355.38642773463
6.161365880228602E-7      -7.499999999998658E-9    79362.39423807258
6.157193323788338E-7      -4.999999999999105E-9    79369.39878385996
6.130552435260461E-7      -9.99999999999821E-9     79410.88051487003
6.126379878820196E-7      -7.499999999998658E-9    79417.791830161
6.114034364988183E-7      0                        79438.17617449247
6.118149536265521E-7      -2.4999999999995525E-9   79431.34824408684
6.122264707542858E-7      -4.999999999999105E-9    79424.52057423908
6.148962981233663E-7      0                        79383.04657265982
6.153078152511001E-7      -2.4999999999995525E-9   79376.22078240833
6.183891597479143E-7      0                        79327.93452992631
7.215118478921049E-7      -9.99999999999821E-9     77639.69686287148
7.210544226340302E-7      -7.499999999998658E-9    77647.64216441852
7.205969973759553E-7      -4.999999999999105E-9    77655.71641842557
7.201395721178806E-7      -2.4999999999995525E-9   77663.79100729946
7.196821468598058E-7      0                        77671.99230005451
7.180132477512643E-7      -9.99999999999821E-9     77698.38013587953
7.175558224931896E-7      -7.499999999998658E-9    77706.46960131305
7.170983972351147E-7      -4.999999999999105E-9    77714.5594000736
7.166409719770399E-7      -2.4999999999995525E-9   77722.73605196062
7.145146476104237E-7      -9.99999999999821E-9     77757.23557014973
7.140572223523489E-7      -7.499999999998658E-9    77765.32751874233
7.135997970942742E-7      -4.999999999999105E-9    77773.41686151957
7.110160474695831E-7      -9.99999999999821E-9     77816.1094898258
7.105586222115083E-7      -7.499999999998658E-9    77824.11150575595
7.075174473287425E-7      -9.99999999999821E-9     77874.74271827862
7.057107003616139E-7      0                        77906.4032279527
7.06162387103396E-7       -2.4999999999995525E-9   77898.3597629811
7.066140738451782E-7      -4.999999999999105E-9    77890.44389389295
7.070657605869603E-7      -7.499999999998658E-9    77882.5283495539
7.092035619861619E-7      0                        77847.72035408168
7.09655248727944E-7       -2.4999999999995525E-9   77839.81960643036
7.101069354697262E-7      -4.999999999999105E-9    77831.91918504793
7.126964236107098E-7      0                        77789.21018998371
7.131481103524919E-7      -2.4999999999995525E-9   77781.31189304598
7.161892852352579E-7      0                        77730.71841798414
7.040188471879018E-7      -9.99999999999821E-9     77932.94818294332
7.035671604461197E-7      -7.499999999998658E-9    77940.87884005267
7.031154737043375E-7      -4.999999999999105E-9    77948.80982039135
7.026637869625554E-7      -2.4999999999995525E-9   77956.82836138454
7.005202470470612E-7      -9.99999999999821E-9     77991.3265480717
7.000685603052791E-7      -7.499999999998658E-9    77999.25964266878
6.996168735634969E-7      -4.999999999999105E-9    78007.19013407982
6.970216469062206E-7      -9.99999999999821E-9     78049.72328088133
6.965699601644384E-7      -7.499999999998658E-9    78057.5657048758
6.9352304676538E-7        -9.99999999999821E-9     78107.87740344723
6.917392538634219E-7      0                        78138.90811195796
6.921852020889115E-7      -2.4999999999995525E-9   78131.02118772472
6.926311503144009E-7      -4.999999999999105E-9    78123.26278182336
6.930770985398905E-7      -7.499999999998658E-9    78115.50469074334
6.952321154879699E-7      0                        78080.70178087777
6.956780637134595E-7      -2.4999999999995525E-9   78072.95840319264
6.961240119389489E-7      -4.999999999999105E-9    78065.2153418285
6.987249771125179E-7      0                        78022.6688359393
6.991709253380073E-7      -2.4999999999995525E-9   78014.92786364132
7.02217838737066E-7       0                        77964.6541657205
6.900244466245394E-7      -9.99999999999821E-9     78165.60309951259
6.8957849839905E-7        -7.499999999998658E-9    78173.37621005082
6.891325501735605E-7      -4.999999999999105E-9    78181.14963391071
6.886866019480709E-7      -2.4999999999995525E-9   78189.01136802998
6.865258464836989E-7      -9.99999999999821E-9     78223.50238563216
6.860798982582093E-7      -7.499999999998658E-9    78231.27788830052
6.856339500327198E-7      -4.999999999999105E-9    78239.05082892503
6.830272463428582E-7      -9.99999999999821E-9     78281.41992115529
6.825812981173688E-7      -7.499999999998658E-9    78289.10405035404
6.795286462020176E-7      -9.99999999999821E-9     78339.09297629933
6.7776780736523E-7        0                        78369.49912013172
6.78208017074427E-7       -2.4999999999995525E-9   78361.76740968473
6.786482267836238E-7      -4.999999999999105E-9    78354.16517184334
6.790884364928207E-7      -7.499999999998658E-9    78346.56323908441
6.812606689897781E-7      0                        78311.77128932733
6.81700878698975E-7       -2.4999999999995525E-9   78304.18398124106
6.821410884081718E-7      -4.999999999999105E-9    78296.5969797167
6.84753530614326E-7       0                        78254.2175424191
6.851937403235229E-7      -2.4999999999995525E-9   78246.6325947083
6.882463922388741E-7      0                        78196.68195230297
6.76030046061177E-7       -9.99999999999821E-9     78396.33697761908
6.755898363519801E-7      -7.499999999998658E-9    78403.95383128566
6.751496266427832E-7      -4.999999999999105E-9    78411.5709885552
6.747094169335863E-7      -2.4999999999995525E-9   78419.27720253714
6.725314459203364E-7      -9.99999999999821E-9     78453.75522155233
6.720912362111395E-7      -7.499999999998658E-9    78461.37442230851
6.716510265019426E-7      -4.999999999999105E-9    78468.99104336512
6.690328457794957E-7      -9.99999999999821E-9     78511.19159606339
6.685926360702989E-7      -7.499999999998658E-9    78518.71860616768
6.672892224915861E-7      0                        78540.92110348323
6.677236936844903E-7      -2.4999999999995525E-9   78533.48846147375
6.681581648773946E-7      -4.999999999999105E-9    78526.0561164547
6.707820841161341E-7      0                        78483.84851572734
6.712165553090383E-7      -2.4999999999995525E-9   78476.4181893997
6.742749457406821E-7      0                        78426.79396629226
7.231750084843538E-7      0                        77612.83474920364
7.236324337424285E-7      -2.4999999999995525E-9   77604.77538032908
7.240898590005033E-7      -4.999999999999105E-9    77596.71634786119
7.245472842585781E-7      -7.499999999998658E-9    77588.74929625324
7.266678701089017E-7      0                        77553.84926132529
7.271252953669766E-7      -2.4999999999995525E-9   77545.7923888021
7.275827206250513E-7      -4.999999999999105E-9    77537.7387619738
7.301607317334498E-7      0                        77494.88228237016
7.306181569915244E-7      -2.4999999999995525E-9   77486.74209796119
7.336535933579977E-7      0                        77435.68292155424
7.355062484554673E-7      -9.99999999999821E-9     77402.74737219229
7.350430846810999E-7      -7.499999999998658E-9    77410.85365003752
7.345799209067325E-7      -4.999999999999105E-9    77419.08791357008
7.341167571323652E-7      -2.4999999999995525E-9   77427.3225222783
7.320076483146267E-7      -9.99999999999821E-9     77461.9065375194
7.315444845402593E-7      -7.499999999998658E-9    77470.15611130503
7.310813207658919E-7      -4.999999999999105E-9    77478.40602870655
7.285090481737861E-7      -9.99999999999821E-9     77521.23712179331
7.280458843994187E-7      -7.499999999998658E-9    77529.48922471967
7.250104480329454E-7      -9.99999999999821E-9     77580.58630863941
7.371464549825458E-7      0                        77376.05261688642
7.376096187569131E-7      -2.4999999999995525E-9   77367.83332690838
7.380727825312806E-7      -4.999999999999105E-9    77359.61438366574
7.38535946305648E-7       -7.499999999998658E-9    77351.48666088076
7.406393166070937E-7      0                        77316.59370273002
7.411024803814611E-7      -2.4999999999995525E-9   77308.3769550491
7.415656441558285E-7      -4.999999999999105E-9    77300.16344625378
7.441321782316417E-7      0                        77257.15341376254
7.445953420060091E-7      -2.4999999999995525E-9   77248.85413649853
7.476250398561896E-7      0                        77197.48276689733
7.495006490188298E-7      -9.99999999999821E-9     77163.90195051521
7.490317467281698E-7      -7.499999999998658E-9    77172.17047952622
7.485628444375097E-7      -4.999999999999105E-9    77180.56605579227
7.480939421468496E-7      -2.4999999999995525E-9   77188.96198773486
7.460020488779891E-7      -9.99999999999821E-9     77223.53506768656
7.455331465873291E-7      -7.499999999998658E-9    77231.94604590017
7.450642442966691E-7      -4.999999999999105E-9    77240.35737821076
7.425034487371485E-7      -9.99999999999821E-9     77283.33887702119
7.420345464464884E-7      -7.499999999998658E-9    77291.75243066408
7.390048485963079E-7      -9.99999999999821E-9     77343.16140553086
7.511179014807376E-7      0                        77137.38175158543
7.515868037713976E-7      -2.4999999999995525E-9   77129.00122996976
7.520557060620577E-7      -4.999999999999105E-9    77120.62106561022
7.525246083527177E-7      -7.499999999998658E-9    77112.33139394717
7.546107631052856E-7      0                        77077.45140659942
7.550796653959456E-7      -2.4999999999995525E-9   77069.07347353111
7.555485676866057E-7      -4.999999999999105E-9    77060.69878937995
7.581036247298337E-7      0                        77017.53980250382
7.585725270204935E-7      -2.4999999999995525E-9   77009.08012330763
7.615964863543815E-7      0                        76957.3998395958
7.634950495821922E-7      -9.99999999999821E-9     76923.16871051294
7.630204087752396E-7      -7.499999999998658E-9    76931.60075293214
7.625457679682869E-7      -4.999999999999105E-9    76940.1588988323
7.620711271613342E-7      -2.4999999999995525E-9   76948.71741110303
7.599964494413517E-7      -9.99999999999821E-9     76983.27377710956
7.59521808634399E-7       -7.499999999998658E-9    76991.84741617924
7.590471678274463E-7      -4.999999999999105E-9    77000.42142002017
7.56497849300511E-7       -9.99999999999821E-9     77043.54879408795
7.560232084935583E-7      -7.499999999998658E-9    77052.12505517881
7.529992491596704E-7      -9.99999999999821E-9     77103.84264627547
7.650893479789296E-7      0                        76896.83009147452
7.655639887858823E-7      -2.4999999999995525E-9   76888.28708065281
7.66038629592835E-7       -4.999999999999105E-9    76879.74443780095
7.665132703997876E-7      -7.499999999998658E-9    76871.29156296756
7.685822096034776E-7      0                        76836.43031164468
7.690568504104303E-7      -2.4999999999995525E-9   76827.88993592156
7.69531491217383E-7       -4.999999999999105E-9    76819.35282897516
7.720750712280256E-7      0                        76776.04938783732
7.725497120349783E-7      -2.4999999999995525E-9   76767.42806612197
7.755679328525736E-7      0                        76715.44213956386
7.774894501455546E-7      -9.99999999999821E-9     76680.55569105844
7.770090708223093E-7      -7.499999999998658E-9    76689.15243665734
7.765286914990641E-7      -4.999999999999105E-9    76697.87443028606
7.760483121758188E-7      -2.4999999999995525E-9   76706.59680117347
7.73990850004714E-7       -9.99999999999821E-9     76741.13063600639
7.735104706814688E-7      -7.499999999998658E-9    76749.86821004156
7.730300913582235E-7      -4.999999999999105E-9    76758.60615971647
7.704922498638735E-7      -9.99999999999821E-9     76801.87486824609
7.700118705406282E-7      -7.499999999998658E-9    76810.61511119414
7.669936497230329E-7      -9.99999999999821E-9     76862.63805115514
1.292511453285675E-6      0                        66525.72980199923
1.2932041577117473E-6     -2.4999999999995525E-9   66510.1066806624
1.2938968621378197E-6     -4.999999999999105E-9    66494.57121271889
1.294589566563892E-6      -7.499999999998658E-9    66479.03666756496
1.2960043149102232E-6     0                        66449.04742998743
1.2966970193362955E-6     -2.4999999999995525E-9   66433.52899307288
1.2973897237623677E-6     -4.999999999999105E-9    66418.01148116638
1.299497176534771E-6      0                        66372.50273109613
1.3001898809608432E-6     -2.4999999999995525E-9   66356.98888262895
1.302990038159319E-6      0                        66295.98078671709
1.291783670849124E-6      -9.99999999999821E-9     66539.94539078075
1.2910909664230515E-6     -7.499999999998658E-9    66555.49696392406
1.290398261996979E-6      -4.999999999999105E-9    66571.04945763844
1.289705557570907E-6      -2.4999999999995525E-9   66586.65957852817
1.2882850707082833E-6     -9.99999999999821E-9     66616.43579159674
1.2875923662822108E-6     -7.499999999998658E-9    66631.9919434923
1.2868996618561386E-6     -4.999999999999105E-9    66647.54641391907
1.2847864705674426E-6     -9.99999999999821E-9     66692.94896085741
1.2840937661413704E-6     -7.499999999998658E-9    66708.44776747603
1.2812878704266022E-6     -9.99999999999821E-9     66769.30638179935
1.278540006787483E-6      0                        66830.64646401239
1.2792269726972627E-6     -2.4999999999995525E-9   66815.22192955675
1.2799139386070424E-6     -4.999999999999105E-9    66799.88608986157
1.2806009045168222E-6     -7.499999999998658E-9    66784.55115448189
1.2820328684120309E-6     0                        66754.33960033803
1.2827198343218107E-6     -2.4999999999995525E-9   66739.02077485184
1.2834068002315906E-6     -4.999999999999105E-9    66723.70285588811
1.2855257300365789E-6     0                        66678.17148940777
1.2862126959463586E-6     -2.4999999999995525E-9   66662.85719738225
1.289018591661127E-6      0                        66602.02604369733
1.2777892702857617E-6     -9.99999999999821E-9     66845.28115226196
1.2771023043759817E-6     -7.499999999998658E-9    66860.63309863917
1.2764153384662018E-6     -4.999999999999105E-9    66875.98594712491
1.2757283725564222E-6     -2.4999999999995525E-9   66891.3970803446
1.274290670144921E-6      -9.99999999999821E-9     66921.39311575012
1.2736037042351413E-6     -7.499999999998658E-9    66936.74958575562
1.2729167383253613E-6     -4.999999999999105E-9    66952.10417253083
1.2707920700040806E-6     -9.99999999999821E-9     66997.52775746446
1.2701051040943006E-6     -7.499999999998658E-9    67012.8257843332
1.2672934698632397E-6     -9.99999999999821E-9     67073.50404721357
1.264568560289291E-6      0                        67134.04794912424
1.265249787682778E-6      -2.4999999999995525E-9   67118.82137571019
1.2659310150762653E-6     -4.999999999999105E-9    67103.68454179753
1.2666122424697524E-6     -7.499999999998658E-9    67088.5485939334
1.268061421913839E-6      0                        67058.1196788873
1.268742649307326E-6      -2.4999999999995525E-9   67042.99983687061
1.2694238767008133E-6     -4.999999999999105E-9    67027.88088309756
1.271554283538387E-6      0                        66982.33122576258
1.272235510931874E-6      -2.4999999999995525E-9   66967.21586235547
1.275047145162935E-6      0                        66906.56534776758
1.263794869722399E-6      -9.99999999999821E-9     67149.09623698673
1.263113642328912E-6      -7.499999999998658E-9    67164.24917336523
1.2624324149354247E-6     -4.999999999999105E-9    67179.40299359719
1.2617511875419376E-6     -2.4999999999995525E-9   67194.61578661113
1.2602962695815584E-6     -9.99999999999821E-9     67224.82675104719
1.2596150421880713E-6     -7.499999999998658E-9    67239.98415606836
1.2589338147945842E-6     -4.999999999999105E-9    67255.1395233075
1.256797669440718E-6      -9.99999999999821E-9     67300.57985231846
1.2561164420472308E-6     -7.499999999998658E-9    67315.67778020451
1.2532990692998772E-6     -9.99999999999821E-9     67376.17207050092
1.250597113791099E-6      0                        67435.92235659239
1.2512726026682937E-6     -2.4999999999995525E-9   67420.89314989088
1.2519480915454883E-6     -4.999999999999105E-9    67405.9546770551
1.2526235804226829E-6     -7.499999999998658E-9    67391.01707220849
1.254089975415647E-6      0                        67360.37569989574
1.2547654642928419E-6     -2.4999999999995525E-9   67345.45420790068
1.2554409531700362E-6     -4.999999999999105E-9    67330.53358607767
1.257582837040195E-6      0                        67284.96986769105
1.2582583259173896E-6     -2.4999999999995525E-9   67270.05279959549
1.261075698664743E-6      0                        67209.58651973575
1.2498004691590368E-6     -9.99999999999821E-9     67451.37863546901
1.2491249802818422E-6     -7.499999999998658E-9    67466.33321760628
1.2484494914046478E-6     -4.999999999999105E-9    67481.28866554986
1.247774002527453E-6      -2.4999999999995525E-9   67496.30376792123
1.2463018690181961E-6     -9.99999999999821E-9     67526.72466944557
1.2456263801410015E-6     -7.499999999998658E-9    67541.68366538367
1.244950891263807E-6      -4.999999999999105E-9    67556.6405290452
1.2428032688773554E-6     -9.99999999999821E-9     67602.09319882788
1.2421277800001608E-6     -7.499999999998658E-9    67616.9918100856
1.2393046687365148E-6     -9.99999999999821E-9     67677.29853598739
1.2366256672929072E-6     0                        67736.25787937382
1.237295417653809E-6      -2.4999999999995525E-9   67721.42542666307
1.237965168014711E-6      -4.999999999999105E-9    67706.68466502873
1.2386349183756129E-6     -7.499999999998658E-9    67691.94475353205
1.2401185289174551E-6     0                        67661.0958161549
1.2407882792783572E-6     -2.4999999999995525E-9   67646.37202899675
1.241458029639259E-6      -4.999999999999105E-9    67631.64909414657
1.2436113905420031E-6     0                        67586.07551429936
1.244281140902905E-6      -2.4999999999995525E-9   67571.35609647683
1.247104252166551E-6      0                        67511.07760502957
1.235806068595674E-6      -9.99999999999821E-9     67752.11662965879
1.2351363182347722E-6     -7.499999999998658E-9    67766.87351191489
1.2344665678738703E-6     -4.999999999999105E-9    67781.63124213836
1.2337968175129684E-6     -2.4999999999995525E-9   67796.4493180672
1.2323074684548334E-6     -9.99999999999821E-9     67827.07527625855
1.2316377180939315E-6     -7.499999999998658E-9    67841.8365176226
1.2309679677330296E-6     -4.999999999999105E-9    67856.59559113218
1.228808868313993E-6      -9.99999999999821E-9     67902.05632567647
1.2281391179530909E-6     -7.499999999998658E-9    67916.75638295755
1.2253102681731523E-6     -9.99999999999821E-9     67976.87205337697
1.224646256328543E-6      -7.499999999998658E-9    67991.32029335017
1.2239822444839337E-6     -4.999999999999105E-9    68005.86322808557
1.2233182326393244E-6     -2.4999999999995525E-9   68020.40699531528
1.2226542207947152E-6     0                        68035.04336932044
1.2218116680323116E-6     -9.99999999999821E-9     68051.29889712276
1.2211476561877024E-6     -7.499999999998658E-9    68065.85880499922
1.2204836443430932E-6     -4.999999999999105E-9    68080.41954321259
1.219819632498484E-6      -2.4999999999995525E-9   68095.04132075288
1.2183130678914712E-6     -9.99999999999821E-9     68125.86733065642
1.217649056046862E-6      -7.499999999998658E-9    68140.4315431022
1.2169850442022527E-6     -4.999999999999105E-9    68154.9936151467
1.2148144677506307E-6     -9.99999999999821E-9     68200.45807364519
1.2141504559060215E-6     -7.499999999998658E-9    68214.96042626994
1.21131586760979E-6       -9.99999999999821E-9     68274.88160193208
1.2261470824192632E-6     0                        67960.2687064321
1.2268110942638724E-6     -2.4999999999995525E-9   67945.74191622518
1.2274751061084816E-6     -4.999999999999105E-9    67931.21596067
1.2296399440438112E-6     0                        67885.63669122584
1.2303039558884204E-6     -2.4999999999995525E-9   67871.11421594219
1.2331328056683592E-6     0                        67811.02697616557
1.2086827742965233E-6     0                        68332.26787843955
1.20934104762484E-6       -2.4999999999995525E-9   68317.82684386813
1.2099993209531568E-6     -4.999999999999105E-9    68303.4793608039
1.2106575942814735E-6     -7.499999999998658E-9    68289.13269279903
1.2121756359210713E-6     0                        68257.8833075892
1.2128339092493882E-6     -2.4999999999995525E-9   68243.5528084824
1.2134921825777048E-6     -4.999999999999105E-9    68229.22312657916
1.2156684975456193E-6     0                        68183.64230408333
1.216326770873936E-6      -2.4999999999995525E-9   68169.31606564409
1.2191613591701673E-6     0                        68109.42350751445
1.2078172674689496E-6     -9.99999999999821E-9     68348.91452417985
1.2071589941406328E-6     -7.499999999998658E-9    68363.27817209727
1.2065007208123161E-6     -4.999999999999105E-9    68377.64263292986
1.2058424474839994E-6     -2.4999999999995525E-9   68392.06886202659
1.204318667328109E-6      -9.99999999999821E-9     68423.08996613241
1.2036603939997922E-6     -7.499999999998658E-9    68437.45786423987
1.2030021206714754E-6     -4.999999999999105E-9    68451.82367923045
1.2008200671872682E-6     -9.99999999999821E-9     68497.28762340863
1.2001617938589515E-6     -7.499999999998658E-9    68511.59301025484
1.1973214670464276E-6     -9.99999999999821E-9     68571.31620587008
1.1966689322344035E-6     -7.499999999998658E-9    68585.37091900608
1.1960163974223795E-6     -4.999999999999105E-9    68599.52207504431
1.1953638626103554E-6     -2.4999999999995525E-9   68613.67402891556
1.1947113277983314E-6     0                        68627.92049012933
1.193822866905587E-6      -9.99999999999821E-9     68644.9524618435
1.1931703320935629E-6     -7.499999999998658E-9    68659.12060073807
1.1925177972815388E-6     -4.999999999999105E-9    68673.28953533489
1.1918652624695148E-6     -2.4999999999995525E-9   68687.52094850827
1.1903242667647462E-6     -9.99999999999821E-9     68718.73213670703
1.1896717319527222E-6     -7.499999999998658E-9    68732.90447157681
1.1890191971406981E-6     -4.999999999999105E-9    68747.07472582215
1.1868256666239058E-6     -9.99999999999821E-9     68792.53393200127
1.1861731318118817E-6     -7.499999999998658E-9    68806.64301316657
1.1833270664830651E-6     -9.99999999999821E-9     68866.16465042015
1.1982041894228794E-6     0                        68553.9287493384
1.1988567242349034E-6     -2.4999999999995525E-9   68539.7937825297
1.1995092590469275E-6     -4.999999999999105E-9    68525.65961568474
1.2016970510474274E-6     0                        68480.08150370469
1.2023495858594514E-6     -2.4999999999995525E-9   68465.95074346967
1.2051899126719753E-6     0                        68406.25637103691
1.1807398813001395E-6     0                        68921.98998314682
1.1813866775958708E-6     -2.4999999999995525E-9   68907.93729951972
1.1820334738916022E-6     -4.999999999999105E-9    68893.98010278685
1.1826802701873335E-6     -7.499999999998658E-9    68880.0236868693
1.1842327429246874E-6     0                        68848.3938684066
1.1848795392204188E-6     -2.4999999999995525E-9   68834.45365050105
1.1855263355161502E-6     -4.999999999999105E-9    68820.5142155278
1.1877256045492354E-6     0                        68774.9431970811
1.1883724008449668E-6     -2.4999999999995525E-9   68761.0071318221
1.1912184661737834E-6     0                        68701.514543995
1.1798284663422244E-6     -9.99999999999821E-9     68939.40145569776
1.179181670046493E-6      -7.499999999998658E-9    68953.3748460768
1.1785348737507617E-6     -4.999999999999105E-9    68967.34901515422
1.1778880774550304E-6     -2.4999999999995525E-9   68981.3863703639
1.176329866201384E-6      -9.99999999999821E-9     69012.78260600114
1.1756830699056526E-6     -7.499999999998658E-9    69026.76013831003
1.175036273609921E-6      -4.999999999999105E-9    69040.73555034977
1.1728312660605433E-6     -9.99999999999821E-9     69086.18578108751
1.1721844697648117E-6     -7.499999999998658E-9    69100.09923569205
1.1693326659197026E-6     -9.99999999999821E-9     69159.41572593774
1.1667684348019475E-6     0                        69214.4651368333
1.1674094925813862E-6     -2.4999999999995525E-9   69200.60543963047
1.168050550360825E-6      -4.999999999999105E-9    69186.84222855658
1.168691608140264E-6      -7.499999999998658E-9    69173.07978148913
1.1702612964264955E-6     0                        69141.26744983028
1.1709023542059342E-6     -2.4999999999995525E-9   69127.5212057968
1.171543411985373E-6      -4.999999999999105E-9    69113.77572787265
1.1737541580510435E-6     0                        69068.21617555767
1.1743952158304822E-6     -2.4999999999995525E-9   69054.47403041528
1.1772470196755915E-6     0                        68995.1868240491
1.165834065778862E-6      -9.99999999999821E-9     69232.2502224744
1.165193007999423E-6      -7.499999999998658E-9    69246.02963205863
1.1645519502199844E-6     -4.999999999999105E-9    69259.8098035464
1.1639108924405458E-6     -2.4999999999995525E-9   69273.65389566106
1.1623354656380213E-6     -9.99999999999821E-9     69305.23004830423
1.1616944078585826E-6     -7.499999999998658E-9    69319.01354594727
1.161053350079144E-6      -4.999999999999105E-9    69332.79490930065
1.1588368654971808E-6     -9.99999999999821E-9     69378.23180252114
1.1581958077177422E-6     -7.499999999998658E-9    69391.95042273516
1.1553382653563402E-6     -9.99999999999821E-9     69451.05817932163
1.1527969883037556E-6     0                        69505.33477036127
1.1534323075669018E-6     -2.4999999999995525E-9   69491.66732534197
1.154067626830048E-6      -4.999999999999105E-9    69478.09731162817
1.154702946093194E-6      -7.499999999998658E-9    69464.5280453208
1.1562898499283036E-6     0                        69432.53838167773
1.1569251691914498E-6     -2.4999999999995525E-9   69418.9853240393
1.157560488454596E-6      -4.999999999999105E-9    69405.43301589583
1.1597827115528516E-6     0                        69359.8892882647
1.1604180308159978E-6     -2.4999999999995525E-9   69346.34027593856
1.1632755731773996E-6     0                        69287.26202139823
1.1518396652154995E-6     -9.99999999999821E-9     69523.4875618996
1.1512043459523535E-6     -7.499999999998658E-9    69537.07377960272
1.1505690266892073E-6     -4.999999999999105E-9    69550.66074262373
1.1499337074260611E-6     -2.4999999999995525E-9   69564.31235189084
1.148341065074659E-6      -9.99999999999821E-9     69596.0632890133
1.1477057458115129E-6     -7.499999999998658E-9    69609.65354108346
1.1470704265483667E-6     -4.999999999999105E-9    69623.24169240145
1.1448424649338186E-6     -9.99999999999821E-9     69668.66084737657
1.1442071456706722E-6     -7.499999999998658E-9    69682.18552625507
1.141343864792978E-6      -9.99999999999821E-9     69741.08106510277
1.1388255418055637E-6     0                        69794.5882376563
1.1394551225524172E-6     -2.4999999999995525E-9   69781.11226217542
1.1400847032992707E-6     -4.999999999999105E-9    69767.73460348818
1.1407142840461244E-6     -7.499999999998658E-9    69754.3576758162
1.1423184034301117E-6     0                        69722.19583601347
1.142947984176965E-6      -2.4999999999995525E-9   69708.83513048527
1.1435775649238187E-6     -4.999999999999105E-9    69695.4751580462
1.1458112650546597E-6     0                        69649.95154046874
1.1464408458015132E-6     -2.4999999999995525E-9   69636.59482685546
1.1493041266792076E-6     0                        69577.72897451739
1.1378452646521372E-6     -9.99999999999821E-9     69813.10272318355
1.137215683905284E-6      -7.499999999998658E-9    69826.49659918077
1.1365861031584302E-6     -4.999999999999105E-9    69839.89120411931
1.1359565224115765E-6     -2.4999999999995525E-9   69853.35116852146
1.1343466645112968E-6     -9.99999999999821E-9     69885.27169133915
1.133717083764443E-6      -7.499999999998658E-9    69898.66954819576
1.1330875030175896E-6     -4.999999999999105E-9    69912.06539713166
1.1308480643704561E-6     -9.99999999999821E-9     69957.46239287176
1.1302184836236026E-6     -7.499999999998658E-9    69970.79411173925
1.1273494642296154E-6     -9.99999999999821E-9     70029.47402425135
1.1248540953073718E-6     0                        70082.21502633607
1.1254779375379328E-6     -2.4999999999995525E-9   70068.9297559874
1.1261017797684936E-6     -4.999999999999105E-9    70055.7436633208
1.1267256219990544E-6     -7.499999999998658E-9    70042.5582854871
1.1283469569319198E-6     0                        70010.2292503388
1.1289707991624808E-6     -2.4999999999995525E-9   69997.0601142975
1.1295946413930418E-6     -4.999999999999105E-9    69983.89169514815
1.1318398185564677E-6     0                        69938.3923380524
1.1324636607870288E-6     -2.4999999999995525E-9   69925.22714071504
1.1353326801810157E-6     0                        69866.57705767715
1.1238508640887748E-6     -9.99999999999821E-9     70101.08538436961
1.123227021858214E-6      -7.499999999998658E-9    70114.28771384247
1.1226031796276532E-6     -4.999999999999105E-9    70127.49075608917
1.1219793373970921E-6     -2.4999999999995525E-9   70140.75991185734
1.1203522639479341E-6     -9.99999999999821E-9     70172.84495544969
1.1197284217173733E-6     -7.499999999998658E-9    70186.05121246315
1.1191045794868125E-6     -4.999999999999105E-9    70199.25565923381
1.1168536638070936E-6     -9.99999999999821E-9     70244.62616130568
1.1162298215765326E-6     -7.499999999998658E-9    70257.76588436533
1.113355063666253E-6      -9.99999999999821E-9     70316.22683474782
1.1108826488091799E-6     0                        70368.20507045642
1.1115007525234482E-6     -2.4999999999995525E-9   70355.10968541144
1.1121188562377165E-6     -4.999999999999105E-9    70342.11434179929
1.1127369599519849E-6     -7.499999999998658E-9    70329.11969704645
1.1143755104337278E-6     0                        70296.62840976908
1.1149936141479962E-6     -2.4999999999995525E-9   70283.65004656644
1.1156117178622645E-6     -4.999999999999105E-9    70270.67238426703
1.1178683720582758E-6     0                        70225.20139035127
1.1184864757725442E-6     -2.4999999999995525E-9   70212.22691283257
1.1213612336828238E-6     0                        70153.79590443967
1.1098564635254125E-6     -9.99999999999821E-9     70387.42523245238
1.1092383598111442E-6     -7.499999999998658E-9    70400.43685247801
1.1086202560968759E-6     -4.999999999999105E-9    70413.4491693191
1.1080021523826075E-6     -2.4999999999995525E-9   70426.52838848386
1.1063578633845718E-6     -9.99999999999821E-9     70458.77267061788
1.1057397596703035E-6     -7.499999999998658E-9    70471.78816505904
1.1051216559560352E-6     -4.999999999999105E-9    70484.80212124257
1.1028592632437312E-6     -9.99999999999821E-9     70530.14164423621
1.1022411595294628E-6     -7.499999999998658E-9    70543.09032261412
1.0993606631028905E-6     -9.99999999999821E-9     70601.32881004369
1.096911202310988E-6      0                        70652.54765642241
1.0975235675089636E-6     -2.4999999999995525E-9   70639.64134353324
1.0981359327069392E-6     -4.999999999999105E-9    70626.8359253984
1.0987482979049149E-6     -7.499999999998658E-9    70614.03119035793
1.100404063935536E-6      0                        70581.38281458449
1.1010164291335116E-6     -2.4999999999995525E-9   70568.59440197855
1.1016287943314872E-6     -4.999999999999105E-9    70555.80667449551
1.103896925560084E-6      0                        70510.36836053911
1.1045092907580595E-6     -2.4999999999995525E-9   70497.58378079283
1.1073897871846319E-6     0                        70439.3753408787
1.0958620629620498E-6     -9.99999999999821E-9     70672.11159644427
1.0952496977640742E-6     -7.499999999998658E-9    70684.93333172821
1.0946373325660986E-6     -4.999999999999105E-9    70697.75574807805
1.094024967368123E-6      -2.4999999999995525E-9   70710.64584335483
1.0923634628212092E-6     -9.99999999999821E-9     70743.04418336859
1.0917510976232335E-6     -7.499999999998658E-9    70755.86974014124
1.0911387324252579E-6     -4.999999999999105E-9    70768.69401215117
1.0888648626803685E-6     -9.99999999999821E-9     70813.99820570686
1.0882524974823929E-6     -7.499999999998658E-9    70826.7566395152
1.085366262539528E-6      -9.99999999999821E-9     70884.76910992614
1.082939755812796E-6      0                        70935.2322175246
1.083546382494479E-6      -2.4999999999995525E-9   70922.51409271327
1.084153009176162E-6      -4.999999999999105E-9    70909.89767199081
1.0847596358578449E-6     -7.499999999998658E-9    70897.28191880627
1.086432617437344E-6      0                        70864.48187118827
1.087039244119027E-6      -2.4999999999995525E-9   70851.88247626212
1.08764587080071E-6       -4.999999999999105E-9    70839.28375088674
1.089925479061892E-6      0                        70793.8826061526
1.090532105743575E-6      -2.4999999999995525E-9   70781.28699146217
1.09341834068644E-6       0                        70723.30467567057
1.0818676623986874E-6     -9.99999999999821E-9     70955.13370065525
1.0812610357170044E-6     -7.499999999998658E-9    70967.76647420372
1.0806544090353215E-6     -4.999999999999105E-9    70980.39991327733
1.0800477823536385E-6     -2.4999999999995525E-9   70993.10177857892
1.078369062257847E-6      -9.99999999999821E-9     71025.64885709141
1.077762435576164E-6      -7.499999999998658E-9    71038.28539940472
1.0771558088944808E-6     -4.999999999999105E-9    71050.92091387603
1.0748704621170062E-6     -9.99999999999821E-9     71096.18534819303
1.0742638354353233E-6     -7.499999999998658E-9    71108.75449678942
1.0713718619761656E-6     -9.99999999999821E-9     71166.53751598473
1.0689683093146041E-6     0                        71216.2487341021
1.0695691974799944E-6     -2.4999999999995525E-9   71203.71786321329
1.0701700856453848E-6     -4.999999999999105E-9    71191.2894856181
1.070770973810775E-6      -7.499999999998658E-9    71178.86176021266
1.072461170939152E-6      0                        71145.91539298653
1.0730620591045426E-6     -2.4999999999995525E-9   71133.5040525735
1.073662947269933E-6      -4.999999999999105E-9    71121.09336634721
1.0759540325637E-6        0                        71075.73379151485
1.0765549207290903E-6     -2.4999999999995525E-9   71063.32617891852
1.079446894188248E-6      0                        71005.57342406147
1.067873261835325E-6      -9.99999999999821E-9     71236.48160007063
1.0672723736699344E-6     -7.499999999998658E-9    71248.92635708085
1.0666714855045442E-6     -4.999999999999105E-9    71261.37176428389
1.066070597339154E-6      -2.4999999999995525E-9   71273.88635293485
1.0643746616944844E-6     -9.99999999999821E-9     71306.57694003884
1.063773773529094E-6      -7.499999999998658E-9    71319.02541329747
1.0631728853637037E-6     -4.999999999999105E-9    71331.47315471026
1.0608760615536438E-6     -9.99999999999821E-9     71376.69351322055
1.0602751733882535E-6     -7.499999999998658E-9    71389.07439224115
1.0573774614128033E-6     -9.99999999999821E-9     71446.62469637701
1.0549968628164122E-6     0                        71495.5878299175
1.05559201246551E-6       -2.4999999999995525E-9   71483.2432430047
1.0561871621146078E-6     -4.999999999999105E-9    71471.00198653931
1.0567823117637055E-6     -7.499999999998658E-9    71458.7613671236
1.0584897244409602E-6     0                        71425.67377695482
1.059084874090058E-6      -2.4999999999995525E-9   71413.44957285757
1.0596800237391557E-6     -4.999999999999105E-9    71401.22600779086
1.0619825860655081E-6     0                        71355.91219062128
1.062577735714606E-6      -2.4999999999995525E-9   71343.69166213117
1.0654754476900561E-6     0                        71286.17173707295
1.0538788612719626E-6     -9.99999999999821E-9     71516.14585857073
1.053283711622865E-6      -7.499999999998658E-9    71528.40352463404
1.052688561973767E-6      -4.999999999999105E-9    71540.66182576619
1.0520934123246693E-6     -2.4999999999995525E-9   71552.99006022699
1.050380261131122E-6      -9.99999999999821E-9     71585.81889013005
1.0497851114820242E-6     -7.499999999998658E-9    71598.0802201374
1.0491899618329264E-6     -4.999999999999105E-9    71610.34104659682
1.0468816609902813E-6     -9.99999999999821E-9     71655.51305275394
1.0462865113411835E-6     -7.499999999998658E-9    71667.7064559489
1.0433830608494408E-6     -9.99999999999821E-9     71725.02056543675
1.0293886602860784E-6     -9.99999999999821E-9     72001.71437063997
1.028804987669566E-6      -7.499999999998658E-9    72013.47839153564
1.0282213150530534E-6     -4.999999999999105E-9    72025.34782318329
1.027637642436541E-6      -2.4999999999995525E-9   72037.21786222348
1.0270539698200283E-6     0                        72049.19328923436
1.0258900601452377E-6     -9.99999999999821E-9     72070.38251479912
1.025306387528725E-6      -7.499999999998658E-9    72082.26891907693
1.0247227149122127E-6     -4.999999999999105E-9    72094.15592879936
1.0241390422957003E-6     -2.4999999999995525E-9   72106.11424834927
1.022391460004397E-6      -9.99999999999821E-9     72139.20379149046
1.0218077873878846E-6     -7.499999999998658E-9    72151.0937557575
1.0212241147713722E-6     -4.999999999999105E-9    72162.98287987462
1.0188928598635566E-6     -9.99999999999821E-9     72208.04599288129
1.0183091872470442E-6     -7.499999999998658E-9    72219.86590608592
1.015394259722716E-6      -9.99999999999821E-9     72276.69674620287
1.0305468314445763E-6     0                        71980.12517195196
1.0311305040610887E-6     -2.4999999999995525E-9   71968.2721115431
1.0317141766776011E-6     -4.999999999999105E-9    71956.41966047473
1.0322978492941137E-6     -7.499999999998658E-9    71944.64011900368
1.0340396930691243E-6     0                        71911.21142747067
1.034623365685637E-6      -2.4999999999995525E-9   71899.36193889602
1.0352070383021493E-6     -4.999999999999105E-9    71887.5141727446
1.0375325546936723E-6     0                        71842.31861123929
1.0381162273101847E-6     -2.4999999999995525E-9   71830.40263577903
1.0410254163182203E-6     0                        71773.23934639189
1.0416148274510254E-6     -2.4999999999995525E-9   71761.0799790266
1.0422042385838305E-6     -4.999999999999105E-9    71749.02492221165
1.0427936497166355E-6     -7.499999999998658E-9    71736.97048751409
1.0445182779427682E-6     0                        71703.74702510881
1.0451076890755733E-6     -2.4999999999995525E-9   71691.70901438815
1.0456971002083784E-6     -4.999999999999105E-9    71679.67162774934
1.0480111395673162E-6     0                        71634.40805811643
1.0486005507001213E-6     -2.4999999999995525E-9   71622.37367100726
1.0515040011918642E-6     0                        71565.09012198445
1.0398844607086004E-6     -9.99999999999821E-9     71794.11629181055
1.039295049575795E-6      -7.499999999998658E-9    71806.18776674058
1.0387056384429898E-6     -4.999999999999105E-9    71818.25986182346
1.0363858605677597E-6     -9.99999999999821E-9     71863.36449210208
1.0357964494349544E-6     -7.499999999998658E-9    71875.43957888827
1.032887260426919E-6      -9.99999999999821E-9     71932.63372061818
1.0130825233218364E-6     0                        72323.44035647437
1.0136604574220564E-6     -2.4999999999995525E-9   72311.64751590595
1.0142383915222763E-6     -4.999999999999105E-9    72299.96127100193
1.0148163256224962E-6     -7.499999999998658E-9    72288.27561897278
1.0165753849463844E-6     0                        72254.79870011259
1.0171533190466043E-6     -2.4999999999995525E-9   72243.1293036138
1.0177312531468243E-6     -4.999999999999105E-9    72231.46050192103
1.0200682465709324E-6     0                        72186.31259191233
1.0206461806711523E-6     -2.4999999999995525E-9   72174.64671569319
1.0235611081954804E-6     0                        72117.84730867168
1.0118956595818755E-6     -9.99999999999821E-9     72344.93524836014
1.0113177254816555E-6     -7.499999999998658E-9    72356.63774265598
1.0107397913814358E-6     -4.999999999999105E-9    72368.34082789552
1.0101618572812157E-6     -2.4999999999995525E-9   72380.11582248501
1.0083970594410348E-6     -9.99999999999821E-9     72413.32773257363
1.0078191253408149E-6     -7.499999999998658E-9    72425.03373521708
1.007241191240595E-6      -4.999999999999105E-9    72436.73830605134
1.0048984593001941E-6     -9.99999999999821E-9     72481.74103728257
1.0043205251999742E-6     -7.499999999998658E-9    72493.37516877434
1.0013998591593534E-6     -9.99999999999821E-9     72549.95919679635
9.991110768236445E-7      0                        72595.97131890514
9.996832724075717E-7      -2.4999999999995525E-9   72584.35993392827
1.000255467991499E-6      -4.999999999999105E-9    72572.85644870525
1.0008276635754262E-6     -7.499999999998658E-9    72561.35354204616
1.0026039384481925E-6     0                        72527.75841232341
1.0031761340321197E-6     -2.4999999999995525E-9   72516.27162416253
1.003748329616047E-6      -4.999999999999105E-9    72504.78541647973
1.0060968000727405E-6     0                        72459.70234123785
1.0066689956566677E-6     -2.4999999999995525E-9   72448.21902202911
1.0095896616972884E-6     0                        72391.66699114785
9.979012590185128E-7      -9.99999999999821E-9     72617.76548624712
9.973290634345855E-7      -7.499999999998658E-9    72629.2850836943
9.967568678506583E-7      -4.999999999999105E-9    72640.80525779127
9.96184672266731E-7       -2.4999999999995525E-9   72652.39795870722
9.94402658877672E-7       -9.99999999999821E-9     72685.72691903166
9.938304632937449E-7      -7.499999999998658E-9    72697.24997341448
9.932582677098176E-7      -4.999999999999105E-9    72708.77090396156
9.909040587368316E-7      -9.99999999999821E-9     72753.70906743464
9.903318631529044E-7      -7.499999999998658E-9    72765.15821191836
9.87405458595991E-7       -9.99999999999821E-9     72821.49188315387
9.851396303254524E-7      0                        72866.77604504104
9.857060873930871E-7      -2.4999999999995525E-9   72855.34520631355
9.862725444607217E-7      -4.999999999999105E-9    72844.02352608397
9.868390015283562E-7      -7.499999999998658E-9    72832.70241031368
9.886324919500006E-7      0                        72798.99451369625
9.891989490176351E-7      -2.4999999999995525E-9   72787.68939113579
9.897654060852699E-7      -4.999999999999105E-9    72776.38483493158
9.921253535745485E-7      0                        72731.37104652883
9.92691810642183E-7       -2.4999999999995525E-9   72720.06934182429
9.956182151990965E-7      0                        72663.76819572505
9.839068584551503E-7      -9.99999999999821E-9     72888.86298560046
9.833404013875158E-7      -7.499999999998658E-9    72900.20065263216
9.82773944319881E-7       -4.999999999999105E-9    72911.53888222626
9.822074872522465E-7      -2.4999999999995525E-9   72922.95025130961
9.804082583143098E-7      -9.99999999999821E-9     72956.39069696868
9.798418012466753E-7      -7.499999999998658E-9    72967.73176975783
9.792753441790405E-7      -4.999999999999105E-9    72979.07007899167
9.769096581734694E-7      -9.99999999999821E-9     73023.93901841083
9.763432011058348E-7      -7.499999999998658E-9    73035.20425199406
9.734110580326287E-7      -9.99999999999821E-9     73091.28397719345
9.728503394812867E-7      -7.499999999998658E-9    73102.31173682754
9.722896209299446E-7      -4.999999999999105E-9    73113.45203338898
9.717289023786025E-7      -2.4999999999995525E-9   73124.59288051091
9.711681838272605E-7      0                        73135.84402918127
9.699124578917883E-7      -9.99999999999821E-9     73158.2173302638
9.693517393404462E-7      -7.499999999998658E-9    73169.37404891883
9.687910207891041E-7      -4.999999999999105E-9    73180.53131625484
9.68230302237762E-7       -2.4999999999995525E-9   73191.7623556311
9.664138577509476E-7      -9.99999999999821E-9     73225.30877344856
9.658531391996055E-7      -7.499999999998658E-9    73236.46884692076
9.652924206482635E-7      -4.999999999999105E-9    73247.62570349868
9.62915257610107E-7       -9.99999999999821E-9     73292.42072050096
9.623545390587649E-7      -7.499999999998658E-9    73303.50337837316
9.594166574692663E-7      -9.99999999999821E-9     73359.32587807889
9.746610454518082E-7      0                        73068.49660517742
9.752217640031505E-7      -2.4999999999995525E-9   73057.37218668844
9.757824825544924E-7      -4.999999999999105E-9    73046.24832063954
9.781539070763564E-7      0                        73001.30830342154
9.787146256276985E-7      -2.4999999999995525E-9   72990.18725192774
9.816467687009044E-7      0                        72934.14051273513
9.571967373290685E-7      0                        73403.16599958336
9.577517173641181E-7      -2.4999999999995525E-9   73392.09366768741
9.583066973991675E-7      -4.999999999999105E-9    73381.13265206042
9.588616774342169E-7      -7.499999999998658E-9    73370.17217330053
9.606895989536165E-7      0                        73336.25505773026
9.612445789886659E-7      -2.4999999999995525E-9   73325.3103690764
9.617995590237155E-7      -4.999999999999105E-9    73314.36621915165
9.641824605781645E-7      0                        73269.50414375353
9.647374406132139E-7      -2.4999999999995525E-9   73258.56277147392
9.676753222027125E-7      0                        73202.77363489578
9.559180573284256E-7      -9.99999999999821E-9     73425.8192118177
9.553630772933764E-7      -7.499999999998658E-9    73436.79601088158
9.548080972583268E-7      -4.999999999999105E-9    73447.77334495059
9.542531172232772E-7      -2.4999999999995525E-9   73458.82508403853
9.52419457187585E-7       -9.99999999999821E-9     73492.47194691349
9.518644771525356E-7      -7.499999999998658E-9    73503.45205009652
9.513094971174862E-7      -4.999999999999105E-9    73514.42866487429
9.489208570467443E-7      -9.99999999999821E-9     73559.14507901475
9.48365877011695E-7       -7.499999999998658E-9    73570.04655346925
9.454222569059038E-7      -9.99999999999821E-9     73625.60864101449
9.448730153871471E-7      -7.499999999998658E-9    73636.27475728527
9.443237738683902E-7      -4.999999999999105E-9    73647.05638048814
9.437745323496334E-7      -2.4999999999995525E-9   73657.83852706959
9.432252908308767E-7      0                        73668.73297667618
9.41923656765063E-7       -9.99999999999821E-9     73691.65975935367
9.413744152463063E-7      -7.499999999998658E-9    73702.45762502056
9.408251737275496E-7      -4.999999999999105E-9    73713.25601222183
9.402759322087927E-7      -2.4999999999995525E-9   73724.12949286905
9.384250566242226E-7      -9.99999999999821E-9     73757.87138480399
9.378758151054658E-7      -7.499999999998658E-9    73768.67250413845
9.373265735867091E-7      -4.999999999999105E-9    73779.4700050276
9.349264564833819E-7      -9.99999999999821E-9     73824.10329974754
9.343772149646252E-7      -7.499999999998658E-9    73834.8248047603
9.314278563425413E-7      -9.99999999999821E-9     73890.1232530388
9.467181524554247E-7      0                        73602.26073691437
9.472673939741814E-7      -2.4999999999995525E-9   73591.49483959394
9.478166354929381E-7      -4.999999999999105E-9    73580.72946749633
9.502110140799726E-7      0                        73535.9493788874
9.507602555987294E-7      -2.4999999999995525E-9   73525.1867475642
9.537038757045206E-7      0                        73469.65831937826
9.292538443326848E-7      0                        73932.53630271793
9.29797347335149E-7       -2.4999999999995525E-9   73921.8186736633
9.303408503376131E-7      -4.999999999999105E-9    73911.21431483653
9.308843533400773E-7      -7.499999999998658E-9    73900.6104661041
9.327467059572327E-7      0                        73866.5049277596
9.332902089596971E-7      -2.4999999999995525E-9   73855.91675217611
9.338337119621611E-7      -4.999999999999105E-9    73845.32908851324
9.362395675817808E-7      0                        73800.6352725577
9.367830705842449E-7      -2.4999999999995525E-9   73790.05031284246
9.397324292063287E-7      0                        73734.78580862758
9.279292562017009E-7      -9.99999999999821E-9     73955.73001319649
9.273857531992366E-7      -7.499999999998658E-9    73966.35003824928
9.268422501967727E-7      -4.999999999999105E-9    73976.97057157014
9.262987471943082E-7      -2.4999999999995525E-9   73987.66687974984
9.244306560608602E-7      -9.99999999999821E-9     74021.49823274772
9.23887153058396E-7       -7.499999999998658E-9    74032.12146126696
9.233436500559319E-7      -4.999999999999105E-9    74042.74095898822
9.209320559200195E-7      -9.99999999999821E-9     74087.28663363555
9.203885529175554E-7      -7.499999999998658E-9    74097.8293046753
9.187752594590406E-7      0                        74128.97864342107
9.193130239452124E-7      -2.4999999999995525E-9   74118.5671113685
9.198507884313839E-7      -4.999999999999105E-9    74108.15607813788
9.222681210835887E-7      0                        74063.55295322256
9.228058855697603E-7      -2.4999999999995525E-9   74053.14458716133
9.257609827081367E-7      0                        73998.14734641045
9.013109513363009E-7      0                        74454.81633256204
9.018429773061799E-7      -2.4999999999995525E-9   74444.44880128856
9.023750032760587E-7      -4.999999999999105E-9    74434.19672127732
9.029070292459377E-7      -7.499999999998658E-9    74423.94512540248
9.048038129608488E-7      0                        74389.67317073415
9.053358389307279E-7      -2.4999999999995525E-9   74379.43709981132
9.058678649006067E-7      -4.999999999999105E-9    74369.20151481478
9.082966745853968E-7      0                        74324.69366303654
9.088287005552757E-7      -2.4999999999995525E-9   74314.46070848421
9.117895362099448E-7      0                        74259.73413020617
8.99940455074976E-7       -9.99999999999821E-9     74478.52416502415
8.99408429105097E-7       -7.499999999998658E-9    74488.79176281847
8.988764031352179E-7      -4.999999999999105E-9    74499.0598429593
8.983443771653391E-7      -2.4999999999995525E-9   74509.4050890365
8.964418549341353E-7      -9.99999999999821E-9     74543.39908551669
8.959098289642563E-7      -7.499999999998658E-9    74553.66978714292
8.953778029943774E-7      -4.999999999999105E-9    74563.93622724403
8.929432547932946E-7      -9.99999999999821E-9     74608.29396912233
8.924112288234158E-7      -7.499999999998658E-9    74618.48158681614
8.89444654652454E-7       -9.99999999999821E-9     74672.96897151858
8.873395048381089E-7      0                        74713.27523185147
8.878657922916952E-7      -2.4999999999995525E-9   74703.08087370853
8.883920797452814E-7      -4.999999999999105E-9    74693.00312746341
8.889183671988678E-7      -7.499999999998658E-9    74682.92585267966
8.90832366462657E-7       0                        74648.57956472902
8.913586539162432E-7      -2.4999999999995525E-9   74638.5177029371
8.918849413698295E-7      -4.999999999999105E-9    74628.45631437801
8.943252280872049E-7      0                        74584.0485997039
8.948515155407911E-7      -2.4999999999995525E-9   74573.98980492172
8.978180897117529E-7      0                        74519.53750039879
8.859460545116135E-7      -9.99999999999821E-9     74737.22987729583
8.854197670580271E-7      -7.499999999998658E-9    74747.32302924381
8.848934796044408E-7      -4.999999999999105E-9    74757.41665088176
8.843671921508546E-7      -2.4999999999995525E-9   74767.58808061868
8.824474543707728E-7      -9.99999999999821E-9     74801.65502859885
8.819211669171865E-7      -7.499999999998658E-9    74811.75123495326
8.813948794636003E-7      -4.999999999999105E-9    74821.84270859703
8.789488542299322E-7      -9.99999999999821E-9     74866.10003295913
8.784225667763461E-7      -7.499999999998658E-9    74876.11153397511
8.754502540890917E-7      -9.99999999999821E-9     74930.32164885296
8.73368058339917E-7       0                        74969.93453054172
8.738886072772107E-7      -2.4999999999995525E-9   74959.91235029104
8.744091562145043E-7      -4.999999999999105E-9    74950.00778390294
8.74929705151798E-7       -7.499999999998658E-9    74940.10367650296
8.76860919964465E-7       0                        74905.68880091122
8.773814689017587E-7      -2.4999999999995525E-9   74895.79999794325
8.779020178390523E-7      -4.999999999999105E-9    74885.91165571626
8.80353781589013E-7       0                        74841.60861556556
8.808743305263066E-7      -2.4999999999995525E-9   74831.7228305105
8.83846643213561E-7       0                        74777.54818616991
8.71951653948251E-7       -9.99999999999821E-9     74994.12930507996
8.714311050109573E-7      -7.499999999998658E-9    75004.04916849313
8.709105560736637E-7      -4.999999999999105E-9    75013.96948914154
8.7039000713637E-7        -2.4999999999995525E-9   75023.96828464241
8.684530538074104E-7      -9.99999999999821E-9     75058.1025194863
8.679325048701168E-7      -7.499999999998658E-9    75068.02538814681
8.674119559328231E-7      -4.999999999999105E-9    75077.94331705806
8.649544536665699E-7      -9.99999999999821E-9     75122.09547627193
8.644339047292762E-7      -7.499999999998658E-9    75131.93252195607
8.614558535257292E-7      -9.99999999999821E-9     75185.86232831636
8.586364964501792E-6      -9.99999999999821E-9     -88008.75517097028
8.589863564642633E-6      -9.99999999999821E-9     -87980.90392339669
8.593362164783473E-6      -9.99999999999821E-9     -87953.2502562766
8.596860764924314E-6      -9.99999999999821E-9     -87925.60928382837
8.600359365065154E-6      -9.99999999999821E-9     -87897.65571066008
8.586696142401464E-6      -7.499999999998658E-9    -88006.3288550434
8.590194742542305E-6      -7.499999999998658E-9    -87978.652787497
8.593693342683145E-6      -7.499999999998658E-9    -87951.00026726513
8.597191942823986E-6      -7.499999999998658E-9    -87923.24170535454
8.587027320301136E-6      -4.999999999999105E-9    -88004.06459607983
8.590525920441978E-6      -4.999999999999105E-9    -87976.40175497536
8.594024520582819E-6      -4.999999999999105E-9    -87948.74559961676
8.587358498200809E-6      -2.4999999999995525E-9   -88001.80043940886
8.590857098341652E-6      -2.4999999999995525E-9   -87974.26001880679
8.587689676100483E-6      0                        -87999.69364053496
8.614353765628515E-6      -9.99999999999821E-9     -87784.26756912575
8.617852365769357E-6      -9.99999999999821E-9     -87755.27283887983
8.621350965910198E-6      -9.99999999999821E-9     -87726.476652802
8.624849566051038E-6      -9.99999999999821E-9     -87697.69343900256
8.628348166191879E-6      -9.99999999999821E-9     -87668.5953773498
8.614673466495603E-6      -7.499999999998658E-9    -87781.82757866714
8.618172066636444E-6      -7.499999999998658E-9    -87753.0089927984
8.621670666777286E-6      -7.499999999998658E-9    -87724.21393692688
8.625169266918125E-6      -7.499999999998658E-9    -87695.31203367098
8.614993167362691E-6      -4.999999999999105E-9    -87779.55097286015
8.61849176750353E-6       -4.999999999999105E-9    -87750.745244951
8.621990367644372E-6      -4.999999999999105E-9    -87721.94659483721
8.615312868229779E-6      -2.4999999999995525E-9   -87777.27446424734
8.618811468370618E-6      -2.4999999999995525E-9   -87748.59198679077
8.615632569096865E-6      0                        -87775.15661441056
8.601661122598674E-6      0                        -87888.56552793823
8.598168260974127E-6      0                        -87916.26996132794
8.59467539934958E-6       0                        -87944.17000309685
8.59118253772503E-6       0                        -87972.08273316885
8.601335683215294E-6      -2.4999999999995525E-9   -87890.67883178647
8.597842821590746E-6      -2.4999999999995525E-9   -87918.55419853081
8.594349959966199E-6      -2.4999999999995525E-9   -87946.45536100474
8.601010243831914E-6      -4.999999999999105E-9    -87892.95014242727
8.597517382207366E-6      -4.999999999999105E-9    -87920.83853442282
8.600684804448534E-6      -7.499999999998658E-9    -87895.22155281981
8.612139707472316E-6      0                        -87803.43116374672
8.608646845847769E-6      0                        -87831.90172991485
8.605153984223221E-6      0                        -87860.38512267263
8.61182000660523E-6       -2.4999999999995525E-9   -87805.72041726812
8.60832714498068E-6       -2.4999999999995525E-9   -87834.19209570612
8.604834283356135E-6      -2.4999999999995525E-9   -87862.5668134506
8.611500305738142E-6      -4.999999999999105E-9    -87808.0097669439
8.608007444113595E-6      -4.999999999999105E-9    -87836.4873164577
8.611180604871054E-6      -7.499999999998658E-9    -87810.41849699765
8.603857965205993E-6      -9.99999999999821E-9     -87869.23213053042
8.607356565346834E-6      -9.99999999999821E-9     -87841.00663474396
8.610855165487676E-6      -9.99999999999821E-9     -87812.79397258059
8.604183404589373E-6      -7.499999999998658E-9    -87866.97366159498
8.607682004730215E-6      -7.499999999998658E-9    -87838.74930459667
8.604508843972753E-6      -4.999999999999105E-9    -87864.7152934741
8.629604015595056E-6      0                        -87659.47176416761
8.62611115397051E-6       0                        -87688.31521783576
8.622618292345961E-6      0                        -87717.35509316836
8.619125430721412E-6      0                        -87746.40793308115
8.629290053244262E-6      -2.4999999999995525E-9   -87661.59213838595
8.625797191619715E-6      -2.4999999999995525E-9   -87690.6074562882
8.622304329995166E-6      -2.4999999999995525E-9   -87719.64843497591
8.628976090893468E-6      -4.999999999999105E-9    -87663.87182006298
8.62548322926892E-6       -4.999999999999105E-9    -87692.89978834562
8.628662128542674E-6      -7.499999999998658E-9    -87666.15159636225
8.63184676633272E-6       -9.99999999999821E-9     -87639.03085241173
8.63534536647356E-6       -9.99999999999821E-9     -87609.66528999119
8.6388439666144E-6        -9.99999999999821E-9     -87580.31283820342
8.64234256675524E-6       -9.99999999999821E-9     -87550.6443274751
8.632160728683514E-6      -7.499999999998658E-9    -87636.76364762509
8.635659328824354E-6      -7.499999999998658E-9    -87607.39920634867
8.639157928965195E-6      -7.499999999998658E-9    -87577.92744626876
8.632474691034308E-6      -4.999999999999105E-9    -87634.49653847795
8.635973291175148E-6      -4.999999999999105E-9    -87605.1284770622
8.632788653385102E-6      -2.4999999999995525E-9   -87632.34049254251
8.645841166896082E-6      -9.99999999999821E-9     -87520.51145957771
8.649339767036922E-6      -9.99999999999821E-9     -87490.57798573583
8.652838367177761E-6      -9.99999999999821E-9     -87460.65776057563
8.656336967318603E-6      -9.99999999999821E-9     -87430.42005271882
8.642650790589742E-6      -7.499999999998658E-9    -87548.19872185975
8.646149390730582E-6      -7.499999999998658E-9    -87518.24290317488
8.649647990871423E-6      -7.499999999998658E-9    -87488.31054093565
8.653146591012263E-6      -7.499999999998658E-9    -87458.27027351264
8.642959014424244E-6      -4.999999999999105E-9    -87545.9177930697
8.646457614565085E-6      -4.999999999999105E-9    -87515.97443980534
8.649956214705925E-6      -4.999999999999105E-9    -87486.03836930981
8.643267238258746E-6      -2.4999999999995525E-9   -87543.63695631822
8.646765838399585E-6      -2.4999999999995525E-9   -87513.81760433385
8.643575462093247E-6      0                        -87541.51610403362
8.640082600468698E-6      0                        -87570.92716025305
8.63658973884415E-6       0                        -87600.5350678453
8.633096877219603E-6      0                        -87630.1560777076
8.639774376634197E-6      -2.4999999999995525E-9   -87573.22035473568
8.63628151500965E-6       -2.4999999999995525E-9   -87602.82935629005
8.639466152799697E-6      -4.999999999999105E-9    -87575.51364026222
8.657546908591438E-6      0                        -87421.29507140715
8.654054046966891E-6      0                        -87451.27235312838
8.650561185342344E-6      0                        -87481.44695872732
8.647068323717796E-6      0                        -87511.63480398127
8.657244423273229E-6      -2.4999999999995525E-9   -87423.41438908051
8.653751561648682E-6      -2.4999999999995525E-9   -87453.56452016166
8.650258700024134E-6      -2.4999999999995525E-9   -87483.74020985256
8.65694193795502E-6       -4.999999999999105E-9    -87425.6943989515
8.653449076330472E-6      -4.999999999999105E-9    -87455.85677566795
8.65663945263681E-6       -7.499999999998658E-9    -87427.97449826794
8.659835567459442E-6      -9.99999999999821E-9     -87399.72008082671
8.663334167600283E-6      -9.99999999999821E-9     -87369.22002380114
8.666832767741125E-6      -9.99999999999821E-9     -87338.73335319509
8.670331367881966E-6      -9.99999999999821E-9     -87307.92761842457
8.660138052777651E-6      -7.499999999998658E-9    -87397.45215324606
8.663636652918493E-6      -7.499999999998658E-9    -87366.95319780312
8.667135253059334E-6      -7.499999999998658E-9    -87336.34567289962
8.66044053809586E-6       -4.999999999999105E-9    -87395.18431608318
8.663939138236702E-6      -4.999999999999105E-9    -87364.68152536982
8.66074302341407E-6       -2.4999999999995525E-9   -87393.02867224277
8.67151835508963E-6       0                        -87298.81356944078
8.668025493465082E-6      0                        -87329.35586065304
8.664532631840533E-6      0                        -87360.09595600958
8.661039770215986E-6      0                        -87390.84942809575
8.671221608287712E-6      -2.4999999999995525E-9   -87300.92939724578
8.667728746663165E-6      -2.4999999999995525E-9   -87331.64506021337
8.664235885038616E-6      -2.4999999999995525E-9   -87362.38622931554
8.670924861485797E-6      -4.999999999999105E-9    -87303.20664236267
8.66743199986125E-6       -4.999999999999105E-9    -87333.93434566887
8.670628114683881E-6      -7.499999999998658E-9    -87305.48397432492
8.673829968022806E-6      -9.99999999999821E-9     -87276.66169812686
8.677328568163647E-6      -9.99999999999821E-9     -87245.59629448687
8.680827168304487E-6      -9.99999999999821E-9     -87214.5444146891
8.684325768445328E-6      -9.99999999999821E-9     -87183.17186482647
8.674126714824723E-6      -7.499999999998658E-9    -87274.39633509741
8.677625314965562E-6      -7.499999999998658E-9    -87243.3320225431
8.681123915106404E-6      -7.499999999998658E-9    -87212.15847360916
8.674423461626638E-6      -4.999999999999105E-9    -87272.13105986356
8.67792206176748E-6       -4.999999999999105E-9    -87241.06279324545
8.674720208428555E-6      -2.4999999999995525E-9   -87269.97856309175
8.68548980158782E-6       0                        -87174.07654188992
8.681996939963273E-6      0                        -87205.1826669454
8.678504078338726E-6      0                        -87236.4870079323
8.675011216714177E-6      0                        -87267.8048624084
8.685198793302197E-6      -2.4999999999995525E-9   -87176.18697589876
8.68170593167765E-6       -2.4999999999995525E-9   -87207.46693244672
8.678213070053103E-6      -2.4999999999995525E-9   -87238.77233635783
8.684907785016574E-6      -4.999999999999105E-9    -87178.45948898273
8.681414923392027E-6      -4.999999999999105E-9    -87209.75128126072
8.684616776730951E-6      -7.499999999998658E-9    -87180.73208630743
8.68782436858617E-6       -9.99999999999821E-9     -87151.3411935627
8.691322968727009E-6      -9.99999999999821E-9     -87119.7116619567
8.69482156886785E-6       -9.99999999999821E-9     -87088.09579129546
8.69832016900869E-6       -9.99999999999821E-9     -87056.15782174836
8.688115376871792E-6      -7.499999999998658E-9    -87149.0803630594
8.691613977012632E-6      -7.499999999998658E-9    -87117.45191156585
8.695112577153472E-6      -7.499999999998658E-9    -87085.71364263531
8.688406385157414E-6      -4.999999999999105E-9    -87146.81961772498
8.691904985298255E-6      -4.999999999999105E-9    -87115.18711948331
8.688697393443039E-6      -2.4999999999995525E-9   -87144.67220297523
8.701818769149531E-6      -9.99999999999821E-9     -87023.76368114272
8.705317369290372E-6      -9.99999999999821E-9     -86991.57123962455
8.708815969431214E-6      -9.99999999999821E-9     -86959.39259582844
8.712314569572053E-6      -9.99999999999821E-9     -86926.8907822426
8.69860543877802E-6       -7.499999999998658E-9    -87053.72392647056
8.702104038918862E-6      -7.499999999998658E-9    -87021.50931542387
8.705602639059703E-6      -7.499999999998658E-9    -86989.31794257008
8.709101239200543E-6      -7.499999999998658E-9    -86957.0163659281
8.698890708547351E-6      -4.999999999999105E-9    -87051.45799274193
8.702389308688191E-6      -4.999999999999105E-9    -87019.25503224507
8.705887908829032E-6      -4.999999999999105E-9    -86987.05962071219
8.699175978316682E-6      -2.4999999999995525E-9   -87049.1921406473
8.702674578457522E-6      -2.4999999999995525E-9   -87017.11463919579
8.699461248086011E-6      0                        -87047.088968347
8.695968386461464E-6      0                        -87078.75770470829
8.692475524836915E-6      0                        -87110.62499706274
8.688982663212368E-6      0                        -87142.50593934613
8.695683116692133E-6      -2.4999999999995525E-9   -87081.0351104954
8.692190255067586E-6      -2.4999999999995525E-9   -87112.90345447882
8.695397846922802E-6      -4.999999999999105E-9    -87083.31259701056
8.713432694584203E-6      0                        -86917.85604369173
8.709939832959655E-6      0                        -86950.08610999551
8.706446971335108E-6      0                        -86982.51500884179
8.702954109710559E-6      0                        -87014.95769373246
8.713153163331166E-6      -2.4999999999995525E-9   -86919.95012672062
8.709660301706618E-6      -2.4999999999995525E-9   -86952.35478332621
8.70616744008207E-6       -2.4999999999995525E-9   -86984.78472203351
8.712873632078129E-6      -4.999999999999105E-9    -86922.2074382817
8.70938077045358E-6       -4.999999999999105E-9    -86954.62353480028
8.712594100825092E-6      -7.499999999998658E-9    -86924.46482887038
8.715813169712895E-6      -9.99999999999821E-9     -86893.93448731308
8.719311769853734E-6      -9.99999999999821E-9     -86861.18031175496
8.722810369994574E-6      -9.99999999999821E-9     -86828.44007036649
8.726308970135415E-6      -9.99999999999821E-9     -86795.37593717237
8.71609270096593E-6       -7.499999999998658E-9    -86891.68847272306
8.719591301106771E-6      -7.499999999998658E-9    -86858.93535390763
8.72308990124761E-6       -7.499999999998658E-9    -86826.0718321125
8.716372232218968E-6      -4.999999999999105E-9    -86889.4425380448
8.719870832359808E-6      -4.999999999999105E-9    -86856.68548901632
8.716651763472005E-6      -2.4999999999995525E-9   -86887.31106729247
8.729807570276255E-6      -9.99999999999821E-9     -86761.85884002186
8.733306170417096E-6      -9.99999999999821E-9     -86728.54413197126
8.736804770557936E-6      -9.99999999999821E-9     -86695.243494203
8.740303370698777E-6      -9.99999999999821E-9     -86661.61842679135
8.726582762872161E-6      -7.499999999998658E-9    -86792.96001341916
8.730081363013001E-6      -7.499999999998658E-9    -86759.62309520559
8.73357996315384E-6       -7.499999999998658E-9    -86726.30943150345
8.737078563294682E-6      -7.499999999998658E-9    -86692.88524632467
8.726856555608904E-6      -4.999999999999105E-9    -86790.71307907753
8.730355155749746E-6      -4.999999999999105E-9    -86757.38742767563
8.733853755890585E-6      -4.999999999999105E-9    -86724.06997490849
8.727130348345649E-6      -2.4999999999995525E-9   -86788.46622115985
8.730628948486489E-6      -2.4999999999995525E-9   -86755.26678314936
8.727404141082394E-6      0                        -86786.38309867105
8.723911279457845E-6      0                        -86819.17316836816
8.720418417833297E-6      0                        -86852.16230464846
8.71692555620875E-6       0                        -86885.16536275932
8.7236374867211E-6        -2.4999999999995525E-9   -86821.43120167164
8.720144625096553E-6      -2.4999999999995525E-9   -86854.4213655738
8.723363693984357E-6      -4.999999999999105E-9    -86823.68931053678
8.741375587580585E-6      0                        -86652.67533993827
8.737882725956037E-6      0                        -86686.0240652624
8.73438986433149E-6       0                        -86719.57212511936
8.730897002706941E-6      0                        -86753.13424225884
8.741107533360132E-6      -2.4999999999995525E-9   -86654.74553123614
8.737614671735585E-6      -2.4999999999995525E-9   -86688.2695220456
8.734121810111038E-6      -2.4999999999995525E-9   -86721.81859681479
8.74083947913968E-6       -4.999999999999105E-9    -86656.98000594143
8.737346617515133E-6      -4.999999999999105E-9    -86690.51505181333
8.740571424919228E-6      -7.499999999998658E-9    -86659.21455447216
8.743801970839618E-6      -9.99999999999821E-9     -86627.54206825547
8.747300570980458E-6      -9.99999999999821E-9     -86593.66825698914
8.750799171121299E-6      -9.99999999999821E-9     -86559.80865177885
8.75429777126214E-6       -9.99999999999821E-9     -86525.6239295511
8.744070025060067E-6      -7.499999999998658E-9    -86625.31851585106
8.74756862520091E-6       -7.499999999998658E-9    -86591.44573606811
8.751067225341751E-6      -7.499999999998658E-9    -86557.46223417835
8.744338079280521E-6      -4.999999999999105E-9    -86623.09503811295
8.747836679421363E-6      -4.999999999999105E-9    -86589.21857709077
8.744606133500974E-6      -2.4999999999995525E-9   -86620.98715855238
8.75779637140298E-6       -9.99999999999821E-9     -86490.98979462586
8.761294971543821E-6      -9.99999999999821E-9     -86456.55840171466
8.764793571684663E-6      -9.99999999999821E-9     -86422.14135028882
8.768292171825502E-6      -9.99999999999821E-9     -86387.39817646636
8.7545600869663E-6        -7.499999999998658E-9    -86523.2340277234
8.75805868710714E-6       -7.499999999998658E-9    -86488.78042112522
8.76155728724798E-6       -7.499999999998658E-9    -86454.35004636238
8.765055887388821E-6      -7.499999999998658E-9    -86419.808575166
8.754822402670459E-6      -4.999999999999105E-9    -86521.01385866695
8.7583210028113E-6        -4.999999999999105E-9    -86486.57111967859
8.76181960295214E-6       -4.999999999999105E-9    -86452.13707241332
8.755084718374619E-6      -2.4999999999995525E-9   -86518.79376084506
8.758583318515459E-6      -2.4999999999995525E-9   -86484.47796770436
8.755347034078777E-6      0                        -86516.73853194782
8.751854172454228E-6      0                        -86550.64445650569
8.748361310829681E-6      0                        -86584.750031642
8.744868449205132E-6      0                        -86618.86979917414
8.75159185675007E-6       -2.4999999999995525E-9   -86552.87533592725
8.748098995125521E-6      -2.4999999999995525E-9   -86586.98191279746
8.751329541045912E-6      -4.999999999999105E-9    -86555.10628576386
8.337964354502106E-6      -9.99999999999821E-9     -89594.30806912018
8.341462954642948E-6      -9.99999999999821E-9     -89577.1535850424
8.344961554783789E-6      -9.99999999999821E-9     -89560.00924959822
8.34846015492463E-6       -9.99999999999821E-9     -89542.5727391182
8.334900225554212E-6      -7.499999999998658E-9    -89609.71063804658
8.338398825695051E-6      -7.499999999998658E-9    -89592.53387594988
8.341897425835893E-6      -7.499999999998658E-9    -89575.38060127369
8.345396025976734E-6      -7.499999999998658E-9    -89558.1286487738
8.335334696747155E-6      -4.999999999999105E-9    -89607.92038059674
8.338833296887996E-6      -4.999999999999105E-9    -89590.75982664726
8.342331897028838E-6      -4.999999999999105E-9    -89573.60277954962
8.335769167940099E-6      -2.4999999999995525E-9   -89606.13026550028
8.339267768080942E-6      -2.4999999999995525E-9   -89589.08480422696
8.336203639133044E-6      0                        -89604.4860254586
8.332710777508495E-6      0                        -89621.13130345737
8.329217915883947E-6      0                        -89637.96398744217
8.325725054259398E-6      0                        -89654.80668271857
8.332276306315551E-6      -2.4999999999995525E-9   -89622.9374667449
8.328783444691002E-6      -2.4999999999995525E-9   -89639.7713394998
8.331841835122606E-6      -4.999999999999105E-9    -89624.74377087149
8.350175085631233E-6      0                        -89535.23160944284
8.346682224006686E-6      0                        -89552.46972824173
8.343189362382138E-6      0                        -89569.89549486928
8.339696500757591E-6      0                        -89587.33141574229
8.349746352954584E-6      -2.4999999999995525E-9   -89536.9192443773
8.346253491330035E-6      -2.4999999999995525E-9   -89554.31962055407
8.342760629705489E-6      -2.4999999999995525E-9   -89571.74657677487
8.349317620277932E-6      -4.999999999999105E-9    -89538.75321481025
8.345824758653385E-6      -4.999999999999105E-9    -89556.16965191226
8.348888887601281E-6      -7.499999999998658E-9    -89540.58732577895
8.351958755065472E-6      -9.99999999999821E-9     -89524.63508953335
8.355457355206311E-6      -9.99999999999821E-9     -89506.88707756386
8.358955955347153E-6      -9.99999999999821E-9     -89489.14935764686
8.362454555487992E-6      -9.99999999999821E-9     -89471.11925774242
8.352387487742123E-6      -7.499999999998658E-9    -89522.81691648408
8.355886087882962E-6      -7.499999999998658E-9    -89505.07011461751
8.359384688023802E-6      -7.499999999998658E-9    -89487.22477611672
8.352816220418772E-6      -4.999999999999105E-9    -89520.99888546052
8.356314820559612E-6      -4.999999999999105E-9    -89503.248602048
8.353244953095421E-6      -2.4999999999995525E-9   -89519.28046208715
8.364146532129424E-6      0                        -89463.61093970151
8.360653670504878E-6      0                        -89481.44058988111
8.35716080888033E-6       0                        -89499.45809604292
8.35366794725578E-6       0                        -89517.48589920526
8.363723537969067E-6      -2.4999999999995525E-9   -89465.34000676629
8.36023067634452E-6       -2.4999999999995525E-9   -89483.33223853902
8.35673781471997E-6       -2.4999999999995525E-9   -89501.35093462518
8.363300543808708E-6      -4.999999999999105E-9    -89467.21583976131
8.35980768218416E-6       -4.999999999999105E-9    -89485.22402438863
8.362877549648351E-6      -7.499999999998658E-9    -89469.09181141338
8.365953155628832E-6      -9.99999999999821E-9     -89452.58886170197
8.369451755769673E-6      -9.99999999999821E-9     -89434.2483540305
8.372950355910514E-6      -9.99999999999821E-9     -89415.91828162625
8.376448956051354E-6      -9.99999999999821E-9     -89397.29599159655
8.36637614978919E-6       -7.499999999998658E-9    -89450.72872170284
8.369874749930032E-6      -7.499999999998658E-9    -89432.38942434183
8.373373350070872E-6      -7.499999999998658E-9    -89413.95191775041
8.36679914394955E-6       -4.999999999999105E-9    -89448.86872182616
8.370297744090389E-6      -4.999999999999105E-9    -89430.52634319538
8.367222138109907E-6      -2.4999999999995525E-9   -89447.10894367604
8.378117978627617E-6      0                        -89389.62900937356
8.374625117003068E-6      0                        -89408.04886131219
8.37113225537852E-6       0                        -89426.6568660735
8.367639393753971E-6      0                        -89445.27531038542
8.377700722983552E-6      -2.4999999999995525E-9   -89391.39736907673
8.374207861359003E-6      -2.4999999999995525E-9   -89409.98019668041
8.370714999734454E-6      -2.4999999999995525E-9   -89428.58939120502
8.377283467339485E-6      -4.999999999999105E-9    -89393.31299771502
8.373790605714938E-6      -4.999999999999105E-9    -89411.91166732725
8.376866211695419E-6      -7.499999999998658E-9    -89395.22876307282
8.379947556192195E-6      -9.99999999999821E-9     -89378.17424228168
8.383446156333037E-6      -9.99999999999821E-9     -89359.24242272839
8.386944756473876E-6      -9.99999999999821E-9     -89340.3211814473
8.390443356614718E-6      -9.99999999999821E-9     -89321.10756725463
8.38036481183626E-6       -7.499999999998658E-9    -89376.27419959231
8.383863411977101E-6      -7.499999999998658E-9    -89357.34359006336
8.387362012117941E-6      -7.499999999998658E-9    -89338.31488716914
8.380782067480327E-6      -4.999999999999105E-9    -89374.37429506335
8.384280667621166E-6      -4.999999999999105E-9    -89355.4408967679
8.381199323124392E-6      -2.4999999999995525E-9   -89372.57522304807
8.393941956755559E-6      -9.99999999999821E-9     -89301.39590897616
8.397440556896398E-6      -9.99999999999821E-9     -89281.87422575432
8.400939157037238E-6      -9.99999999999821E-9     -89262.36326359496
8.40443775717808E-6       -9.99999999999821E-9     -89242.55872822122
8.39085487374249E-6       -7.499999999998658E-9    -89319.00255032221
8.39435347388333E-6       -7.499999999998658E-9    -89299.45808371184
8.397852074024171E-6      -7.499999999998658E-9    -89279.93760973531
8.401350674165012E-6      -7.499999999998658E-9    -89260.31857419085
8.391266390870261E-6      -4.999999999999105E-9    -89317.04914370763
8.394764991011102E-6      -4.999999999999105E-9    -89297.52039458981
8.398263591151944E-6      -4.999999999999105E-9    -89277.99712479228
8.391677907998034E-6      -2.4999999999995525E-9   -89315.09587181889
8.395176508138875E-6      -2.4999999999995525E-9   -89295.68413443497
8.392089425125806E-6      0                        -89313.29056115811
8.388596563501259E-6      0                        -89332.29930354214
8.385103701876711E-6      0                        -89351.49671173879
8.381610840252164E-6      0                        -89370.70470182627
8.388185046373485E-6      -2.4999999999995525E-9   -89334.2681408959
8.384692184748939E-6      -2.4999999999995525E-9   -89353.46673820323
8.387773529245714E-6      -4.999999999999105E-9    -89336.23711155899
8.406060871623999E-6      0                        -89234.60021795986
8.402568009999452E-6      0                        -89254.196649505
8.399075148374903E-6      0                        -89273.98244704155
8.395582286750355E-6      0                        -89293.77896859392
8.405655093012519E-6      -2.4999999999995525E-9   -89236.44010067893
8.40216223138797E-6       -2.4999999999995525E-9   -89256.20073223732
8.398669369763424E-6      -2.4999999999995525E-9   -89275.98771774065
8.405249314401038E-6      -4.999999999999105E-9    -89238.42879480179
8.401756452776491E-6      -4.999999999999105E-9    -89258.20494625578
8.404843535789558E-6      -7.499999999998658E-9    -89240.41762160306
8.40793635731892E-6       -9.99999999999821E-9     -89222.25827049246
8.41143495745976E-6       -9.99999999999821E-9     -89202.14818521545
8.4149335576006E-6        -9.99999999999821E-9     -89182.04896357132
8.418432157741441E-6      -9.99999999999821E-9     -89161.6539820732
8.4083421359304E-6        -7.499999999998658E-9    -89220.28484813098
8.41184073607124E-6       -7.499999999998658E-9    -89200.17597082777
8.415339336212082E-6      -7.499999999998658E-9    -89179.96753403445
8.40874791454188E-6       -4.999999999999105E-9    -89218.31155984003
8.412246514682721E-6      -4.999999999999105E-9    -89198.19960022712
8.40915369315336E-6       -2.4999999999995525E-9   -89216.44026853153
8.42003231812219E-6       0                        -89153.56215625985
8.416539456497641E-6      0                        -89173.74531793909
8.413046594873094E-6      0                        -89194.1185378426
8.409553733248546E-6      0                        -89214.50262366638
8.419632278027004E-6      -2.4999999999995525E-9   -89155.43444238242
8.416139416402455E-6      -2.4999999999995525E-9   -89175.78245305167
8.412646554777909E-6      -2.4999999999995525E-9   -89196.15685928725
8.419232237931816E-6      -4.999999999999105E-9    -89157.45638778532
8.415739376307268E-6      -4.999999999999105E-9    -89177.81971737587
8.41883219783663E-6       -7.499999999998658E-9    -89159.47846376781
8.42193075788228E-6       -9.99999999999821E-9     -89140.76561456041
8.425429358023122E-6      -9.99999999999821E-9     -89120.06842878595
8.428927958163963E-6      -9.99999999999821E-9     -89099.38224898897
8.432426558304805E-6      -9.99999999999821E-9     -89078.3978779048
8.422330797977469E-6      -7.499999999998658E-9    -89138.75874406146
8.425829398118308E-6      -7.499999999998658E-9    -89118.06276449695
8.429327998259151E-6      -7.499999999998658E-9    -89097.26609098521
8.422730838072657E-6      -4.999999999999105E-9    -89136.75200551005
8.426229438213498E-6      -4.999999999999105E-9    -89116.05256557166
8.423130878167845E-6      -2.4999999999995525E-9   -89134.84778604718
8.434003764620381E-6      0                        -89070.18088552752
8.430510902995834E-6      0                        -89090.94971433905
8.427018041371286E-6      0                        -89111.90920651372
8.423525179746739E-6      0                        -89132.87970628779
8.433609463041487E-6      -2.4999999999995525E-9   -89072.08355940427
8.43011660141694E-6       -2.4999999999995525E-9   -89093.01781282481
8.426623739792392E-6      -2.4999999999995525E-9   -89113.97848920668
8.433215161462593E-6      -4.999999999999105E-9    -89074.1366709283
8.429722299838046E-6      -4.999999999999105E-9    -89095.08603839857
8.432820859883699E-6      -7.499999999998658E-9    -89076.18991088436
8.435925158445644E-6      -9.99999999999821E-9     -89056.92271813413
8.439423758586486E-6      -9.99999999999821E-9     -89035.63967522116
8.442922358727325E-6      -9.99999999999821E-9     -89014.36778039996
8.446420958868167E-6      -9.99999999999821E-9     -88992.79549669044
8.43631946002454E-6       -7.499999999998658E-9    -89054.88448085524
8.43981806016538E-6       -7.499999999998658E-9    -89033.60264189716
8.443316660306221E-6      -7.499999999998658E-9    -89012.21909622164
8.436713761603433E-6      -4.999999999999105E-9    -89052.84637335254
8.440212361744274E-6      -4.999999999999105E-9    -89031.5607449149
8.437108063182328E-6      -2.4999999999995525E-9   -89050.91128397745
8.447975211118572E-6      0                        -88984.46148826151
8.444482349494025E-6      0                        -89005.81469911015
8.440989487869476E-6      0                        -89027.3591516783
8.437496626244928E-6      0                        -89048.91475329435
8.447586648055972E-6      -2.4999999999995525E-9   -88986.39256027031
8.444093786431423E-6      -2.4999999999995525E-9   -89007.9117549595
8.440600924806874E-6      -2.4999999999995525E-9   -89029.45738912045
8.44719808499337E-6       -4.999999999999105E-9    -88988.47482334226
8.443705223368821E-6      -4.999999999999105E-9    -89010.00893572705
8.446809521930768E-6      -7.499999999998658E-9    -88990.55721265223
8.449919559009008E-6      -9.99999999999821E-9     -88970.73480446351
8.453418159149847E-6      -9.99999999999821E-9     -88948.86708462192
8.456916759290689E-6      -9.99999999999821E-9     -88927.01065475067
8.460415359431528E-6      -9.99999999999821E-9     -88904.85186225823
8.450308122071608E-6      -7.499999999998658E-9    -88968.66722358683
8.45380672221245E-6       -7.499999999998658E-9    -88946.80070495367
8.457305322353289E-6      -7.499999999998658E-9    -88924.83161145296
8.45069668513421E-6       -4.999999999999105E-9    -88966.59977026813
8.45419528527505E-6       -4.999999999999105E-9    -88944.72921695214
8.451085248196812E-6      -2.4999999999995525E-9   -88964.63585800026
8.584196814475934E-6      0                        -88026.82680151256
8.580703952851388E-6      0                        -88054.15515699552
8.57721109122684E-6       0                        -88081.49606220474
8.573718229602293E-6      0                        -88108.53630626774
8.583865636576261E-6      -2.4999999999995525E-9   -88029.10406627547
8.580372774951716E-6      -2.4999999999995525E-9   -88056.43355041844
8.576879913327167E-6      -2.4999999999995525E-9   -88083.66696202799
8.583534458676589E-6      -4.999999999999105E-9    -88031.38143224549
8.580041597052042E-6      -4.999999999999105E-9    -88058.71680632886
8.583203280776917E-6      -7.499999999998658E-9    -88033.7770236065
8.572370563938428E-6      -9.99999999999821E-9     -88117.56136577782
8.575869164079268E-6      -9.99999999999821E-9     -88090.2836208785
8.579367764220109E-6      -9.99999999999821E-9     -88063.20288526002
8.58286636436095E-6       -9.99999999999821E-9     -88036.13470507108
8.572707480354394E-6      -7.499999999998658E-9    -88115.14491943776
8.576206080495234E-6      -7.499999999998658E-9    -88088.04175458594
8.579704680636075E-6      -7.499999999998658E-9    -88060.96217347337
8.57304439677036E-6       -4.999999999999105E-9    -88112.88974175486
8.576542996911202E-6      -4.999999999999105E-9    -88085.79999421592
8.573381313186329E-6      -2.4999999999995525E-9   -88110.6346688862
8.570225367977746E-6      0                        -88135.09693178083
8.566732506353197E-6      0                        -88161.85233702931
8.56323964472865E-6       0                        -88188.6201531408
8.559746783104102E-6      0                        -88215.08848335397
8.569888451561778E-6      -2.4999999999995525E-9   -88137.36530099247
8.56639558993723E-6       -2.4999999999995525E-9   -88164.12184237446
8.562902728312682E-6      -2.4999999999995525E-9   -88190.78270830876
8.569551535145813E-6      -4.999999999999105E-9    -88139.63377390998
8.566058673521264E-6      -4.999999999999105E-9    -88166.3961147562
8.569214618729847E-6      -7.499999999998658E-9    -88142.01974288773
8.558376163375066E-6      -9.99999999999821E-9     -88224.06917249608
8.561874763515906E-6      -9.99999999999821E-9     -88197.36624136694
8.565373363656747E-6      -9.99999999999821E-9     -88170.85964283149
8.568871963797587E-6      -9.99999999999821E-9     -88144.36546019706
8.558718818307325E-6      -7.499999999998658E-9    -88221.66467829827
8.562217418448166E-6      -7.499999999998658E-9    -88195.13559313166
8.565716018589006E-6      -7.499999999998658E-9    -88168.63015623637
8.559061473239585E-6      -4.999999999999105E-9    -88219.42052320912
8.562560073380425E-6      -4.999999999999105E-9    -88192.90505334198
8.559404128171844E-6      -2.4999999999995525E-9   -88217.17647543416
8.556253921479555E-6      0                        -88241.07523082764
8.552761059855006E-6      0                        -88267.25633040284
8.549268198230459E-6      0                        -88293.44970169707
8.54577533660591E-6       0                        -88319.34490867371
8.555911266547296E-6      -2.4999999999995525E-9   -88243.33277033547
8.552418404922747E-6      -2.4999999999995525E-9   -88269.51501303542
8.548925543298198E-6      -2.4999999999995525E-9   -88295.6019964199
8.555568611615036E-6      -4.999999999999105E-9    -88245.59041602588
8.552075749990487E-6      -4.999999999999105E-9    -88271.77830350678
8.555225956682776E-6      -7.499999999998658E-9    -88247.96468164763
8.544381762811703E-6      -9.99999999999821E-9     -88328.27323582124
8.547880362952546E-6      -9.99999999999821E-9     -88302.14638285818
8.551378963093385E-6      -9.99999999999821E-9     -88276.21519117583
8.554877563234225E-6      -9.99999999999821E-9     -88250.29627558474
8.544730156260255E-6      -7.499999999998658E-9    -88325.8827169892
8.548228756401095E-6      -7.499999999998658E-9    -88299.92896608924
8.551727356541936E-6      -7.499999999998658E-9    -88273.99894269701
8.545078549708806E-6      -4.999999999999105E-9    -88323.65159842126
8.548577149849648E-6      -4.999999999999105E-9    -88297.71166026496
8.545426943157359E-6      -2.4999999999995525E-9   -88321.4205896433
8.542282474981362E-6      0                        -88344.75661486725
8.538789613356815E-6      0                        -88370.36215678614
8.535296751732268E-6      0                        -88395.97983100393
8.531803890107719E-6      0                        -88421.30071413684
8.541934081532811E-6      -2.4999999999995525E-9   -88347.00131025094
8.538441219908262E-6      -2.4999999999995525E-9   -88372.60800180271
8.534948358283713E-6      -2.4999999999995525E-9   -88398.11986876109
8.541585688084259E-6      -4.999999999999105E-9    -88349.24611426998
8.53809282645971E-6       -4.999999999999105E-9    -88374.8583008887
8.541237294635706E-6      -7.499999999998658E-9    -88351.6066541069
8.530387362248341E-6      -9.99999999999821E-9     -88430.16870694344
8.53388596238918E-6       -9.99999999999821E-9     -88404.61894568548
8.537384562530022E-6      -9.99999999999821E-9     -88379.26443337469
8.540883162670861E-6      -9.99999999999821E-9     -88353.92205706931
8.530741494213186E-6      -7.499999999998658E-9    -88427.79394215802
8.534240094354025E-6      -7.499999999998658E-9    -88402.41682099592
8.537738694494865E-6      -7.499999999998658E-9    -88377.06348314013
8.53109562617803E-6       -4.999999999999105E-9    -88425.57793334773
8.53459422631887E-6       -4.999999999999105E-9    -88400.21480972366
8.531449758142875E-6      -2.4999999999995525E-9   -88423.36203677667
8.528311028483171E-6      0                        -88446.1363809393
8.524818166858622E-6      0                        -88471.16532752423
8.521325305234075E-6      0                        -88496.20626671675
8.517832443609528E-6      0                        -88520.95160447818
8.527956896518326E-6      -2.4999999999995525E-9   -88448.36614636717
8.524464034893777E-6      -2.4999999999995525E-9   -88473.39624860905
8.52097117326923E-6       -2.4999999999995525E-9   -88498.33197845114
8.527602764553482E-6      -4.999999999999105E-9    -88450.59602285639
8.524109902928934E-6      -4.999999999999105E-9    -88475.63163497364
8.527248632588637E-6      -7.499999999998658E-9    -88452.9410632948
8.516392961684979E-6      -9.99999999999821E-9     -88529.7512182347
8.519891561825819E-6      -9.99999999999821E-9     -88504.77952827733
8.52339016196666E-6       -9.99999999999821E-9     -88480.0030213418
8.526888762107501E-6      -9.99999999999821E-9     -88455.23851005449
8.516752832166116E-6      -7.499999999998658E-9    -88527.39386876355
8.520251432306958E-6      -7.499999999998658E-9    -88502.5947741386
8.523750032447797E-6      -7.499999999998658E-9    -88477.81944733657
8.517112702647253E-6      -4.999999999999105E-9    -88525.19506700248
8.520611302788093E-6      -4.999999999999105E-9    -88500.41013586077
8.51747257312839E-6       -2.4999999999995525E-9   -88522.99637990083
8.51433958198498E-6       0                        -88545.21007605275
8.510846720360433E-6      0                        -88569.66137877585
8.507353858735884E-6      0                        -88594.12453414936
8.503860997111336E-6      0                        -88618.29299249857
8.513979711503843E-6      -2.4999999999995525E-9   -88547.42279544358
8.510486849879297E-6      -2.4999999999995525E-9   -88571.87525936282
8.506993988254748E-6      -2.4999999999995525E-9   -88596.23382600863
8.513619841022706E-6      -4.999999999999105E-9    -88549.63562829242
8.510126979398159E-6      -4.999999999999105E-9    -88574.09386479783
8.513259970541569E-6      -7.499999999998658E-9    -88551.96352676871
8.502398561121616E-6      -9.99999999999821E-9     -88627.01589714414
8.505897161262457E-6      -9.99999999999821E-9     -88602.6236329032
8.509395761403297E-6      -9.99999999999821E-9     -88578.42659502258
8.512894361544138E-6      -9.99999999999821E-9     -88554.24141216684
8.502764170119047E-6      -7.499999999998658E-9    -88624.67784605286
8.506262770259888E-6      -7.499999999998658E-9    -88600.45832902411
8.509761370400728E-6      -7.499999999998658E-9    -88576.26247646872
8.503129779116476E-6      -4.999999999999105E-9    -88622.4983528742
8.506628379257317E-6      -4.999999999999105E-9    -88598.29314341789
8.503495388113905E-6      -2.4999999999995525E-9   -88620.31897674361
8.500368135486787E-6      0                        -88641.97290589592
8.49687527386224E-6       0                        -88665.84536753054
8.493382412237693E-6      0                        -88689.72954159725
8.489889550613145E-6      0                        -88713.31968876424
8.500002526489358E-6      -2.4999999999995525E-9   -88644.16645592514
8.49650966486481E-6       -2.4999999999995525E-9   -88668.04008380952
8.493016803240263E-6      -2.4999999999995525E-9   -88691.82025582998
8.499636917491929E-6      -4.999999999999105E-9    -88646.3601217776
8.496144055867381E-6      -4.999999999999105E-9    -88670.23988957958
8.499271308494498E-6      -7.499999999998658E-9    -88648.6689985735
8.488404160558254E-6      -9.99999999999821E-9     -88721.95751594579
8.491902760699093E-6      -9.99999999999821E-9     -88698.14625449084
8.495401360839935E-6      -9.99999999999821E-9     -88674.53004847796
8.498899960980774E-6      -9.99999999999821E-9     -88650.92555660533
8.488775508071975E-6      -7.499999999998658E-9    -88719.64095158674
8.492274108212817E-6      -7.499999999998658E-9    -88696.00241152069
8.495772708353656E-6      -7.499999999998658E-9    -88672.38739553708
8.489146855585699E-6      -4.999999999999105E-9    -88717.48278802124
8.49264545572654E-6       -4.999999999999105E-9    -88693.85868920168
8.489518203099422E-6      -2.4999999999995525E-9   -88715.32474385844
8.474409759994892E-6      -9.99999999999821E-9     -88814.57113894366
8.477908360135733E-6      -9.99999999999821E-9     -88791.34227832333
8.481406960276573E-6      -9.99999999999821E-9     -88768.30797212487
8.484905560417412E-6      -9.99999999999821E-9     -88745.28523892631
8.474786846024908E-6      -7.499999999998658E-9    -88812.27841685577
8.478285446165747E-6      -7.499999999998658E-9    -88789.2218768989
8.481784046306588E-6      -7.499999999998658E-9    -88766.18876494559
8.48528264644743E-6       -7.499999999998658E-9    -88743.05214016871
8.475163932054923E-6      -4.999999999999105E-9    -88810.14354926754
8.478662532195764E-6      -4.999999999999105E-9    -88787.10159846756
8.482161132336604E-6      -4.999999999999105E-9    -88764.06442173108
8.475541018084939E-6      -2.4999999999995525E-9   -88808.00880340027
8.479039618225778E-6      -2.4999999999995525E-9   -88785.08603128382
8.475918104114954E-6      0                        -88806.02659445313
8.486396688988598E-6      0                        -88736.4196520093
8.48290382736405E-6       0                        -88759.7120043326
8.479410965739502E-6      0                        -88783.01592861334
8.486025341474875E-6      -2.4999999999995525E-9   -88738.59200130044
8.482532479850327E-6      -2.4999999999995525E-9   -88761.88552444057
8.485653993961151E-6      -4.999999999999105E-9    -88740.76446874578
8.472425242490407E-6      0                        -88828.54531122837
8.468932380865858E-6      0                        -88851.25620798333
8.46543951924131E-6       0                        -88873.97853596989
8.461946657616763E-6      0                        -88896.40867468237
8.47204815646039E-6       -2.4999999999995525E-9   -88830.69450772794
8.468555294835842E-6      -2.4999999999995525E-9   -88853.4065793797
8.465062433211293E-6      -2.4999999999995525E-9   -88876.02608120679
8.471671070430376E-6      -4.999999999999105E-9    -88832.84382467633
8.468178208805827E-6      -4.999999999999105E-9    -88855.56241593228
8.471293984400358E-6      -7.499999999998658E-9    -88835.10793208159
8.458453795992216E-6      0                        -88918.34509526487
8.454960934367669E-6      0                        -88940.47331255354
8.45146807274312E-6       0                        -88962.61282010231
8.461563833070454E-6      -2.4999999999995525E-9   -88898.36622131235
8.458070971445908E-6      -2.4999999999995525E-9   -88920.4691896775
8.454578109821359E-6      -2.4999999999995525E-9   -88942.59858545513
8.461181008524146E-6      -4.999999999999105E-9    -88900.47570219554
8.457688146899598E-6      -4.999999999999105E-9    -88922.59340679424
8.460798183977836E-6      -7.499999999998658E-9    -88902.58530707896
8.46391395957237E-6       -9.99999999999821E-9     -88882.20663154042
8.467412559713211E-6      -9.99999999999821E-9     -88859.75519091923
8.470911159854052E-6      -9.99999999999821E-9     -88837.31518190607
8.46429678411868E-6       -7.499999999998658E-9    -88880.11165578081
8.467795384259519E-6      -7.499999999998658E-9    -88857.66141313133
8.464679608664987E-6      -4.999999999999105E-9    -88878.01680531751
5.49520182999902E-6       -7.499999999998658E-9    -141716.30889324748
5.496801219999346E-6      -4.999999999999105E-9    -143652.5654015896
5.498400609999673E-6      -2.4999999999995525E-9   -145588.82773423064
5.5E-6                    0                        -145897.77989806316
5.493304716502844E-6      -4.999999999999105E-9    -141456.77297430727
5.49490410650317E-6       -2.4999999999995525E-9   -142176.8719409997
5.496503496503496E-6      0                        -142896.9765663212
5.4914076030066655E-6     -2.4999999999995525E-9   -141965.99555381606
5.493006993006992E-6      0                        -142686.08834570035
5.489510489510489E-6      0                        -142475.22482040589
5.5018992101405135E-6     -2.4999999999995525E-9   -140543.60311034758
5.500299820140188E-6      -4.999999999999105E-9    -140737.66477296303
5.498700430139862E-6      -7.499999999998658E-9    -137585.24646987105
5.497101040139536E-6      -9.99999999999821E-9     -134432.8341567468
5.503798420281028E-6      -4.999999999999105E-9    -133794.48041861557
5.502199030280701E-6      -7.499999999998658E-9    -132685.44919451434
5.500599640280375E-6      -9.99999999999821E-9     -129533.02645348178
5.505697630421543E-6      -7.499999999998658E-9    -127045.3570307637
5.504098240421217E-6      -9.99999999999821E-9     -124633.23570960497
5.507291281905636E-6      -4.999999999999105E-9    -122397.54672484071
5.508884933389729E-6      -2.4999999999995525E-9   -118490.05152807938
5.510478584873823E-6      0                        -114582.55959270179
5.505392071765122E-6      -2.4999999999995525E-9   -127843.58397270292
5.506985723249215E-6      0                        -123936.08829506606
5.503492861624607E-6      0                        -133289.61773479194
6.702225473686063E-9      -3.749999999999496E-9    87057.87920363087
8.034252287929066E-9      -2.4999999999996642E-9   87045.6501010213
9.366279102172071E-9      -1.249999999999832E-9    87033.4227018671
1.0698305916415074E-8     0                        87021.17134982895
5.359675808825298E-9      -2.4999999999996642E-9   87070.51176181044
6.691702623068301E-9      -1.2499999999998321E-9   87058.2998321082
8.023729437311306E-9      0                        87046.08960255852
4.017126143964533E-9      -1.2499999999998321E-9   87083.12724778005
5.349152958207537E-9      0                        87070.91357780229
2.674576479103769E-9      0                        87095.74451467597
1.0719351617650596E-8     -2.4999999999995525E-9   87020.57992578764
1.0740397318886116E-8     -4.999999999999105E-9    87020.0391224898
1.0761443020121637E-8     -7.499999999998658E-9    87019.4983203776
1.3632111131125422E-8     0                        86993.6008145079
1.3653156832360942E-8     -2.4999999999995525E-9   86993.06075112204
1.3674202533596462E-8     -4.999999999999105E-9    86992.52068895035
1.369524823483198E-8      -7.499999999998658E-9    86992.10757165207
1.6565916345835764E-8     0                        86966.09003881892
1.6586962047071285E-8     -2.4999999999995525E-9   86965.55009035734
1.6608007748306805E-8     -4.999999999999105E-9    86965.0290788813
1.9499721560546112E-8     0                        86938.58771008333
1.952076726178163E-8      -2.4999999999995525E-9   86937.95882033966
2.2433526775256453E-8     0                        86910.82777215992
2.269850515285269E-8      -9.999999999998209E-9    86906.99119953885
2.263226055845363E-8      -7.499999999998656E-9    86907.79317707944
2.2566015964054572E-8     -4.999999999999104E-9    86908.76035946197
2.2499771369655514E-8     -2.4999999999995517E-9   86909.72754846525
1.9719501044978806E-8     -9.99999999999821E-9     86934.96095980363
1.9653256450579748E-8     -7.499999999998658E-9    86935.93055480994
1.9587011856180687E-8     -4.999999999999105E-9    86936.90015625313
1.6740496937104924E-8     -9.99999999999821E-9     86963.10833466696
1.6674252342705866E-8     -7.499999999998658E-9    86964.07817144133
1.376149282923104E-8      -9.99999999999821E-9     86991.26443676886
2.5657401182162398E-8     0                        86880.02407593114
2.5723645776561456E-8     -2.499999999999552E-9    86879.0593286639
2.5789890370960514E-8     -4.999999999999104E-9    86878.09458820127
2.5856134965359572E-8     -7.499999999998656E-9    86877.25632362405
2.8881275589068333E-8     0                        86849.36873055116
2.894752018346739E-8      -2.499999999999552E-9    86848.40425471582
2.9013764777866452E-8     -4.999999999999104E-9    86847.44679022633
3.2105149995974274E-8     0                        86818.7236882855
3.217139459037333E-8      -2.4999999999995517E-9   86817.6470430256
3.5329024402880216E-8     0                        86787.77247713831
3.586721334840328E-8      -9.999999999998209E-9    86781.3224083379
3.573266611202251E-8      -7.499999999998656E-9    86782.77228960369
3.5598118875641747E-8     -4.999999999999104E-9    86784.38625072257
3.546357163926098E-8      -2.4999999999995517E-9   86786.00023456813
3.2575036299515625E-8     -9.999999999998207E-9    86812.67388299268
3.244048906313486E-8      -7.499999999998656E-9    86814.29410038608
3.23059418267541E-8       -4.9999999999991034E-9   86815.91434011154
2.9282859250627983E-8     -9.999999999998209E-9    86844.21235107488
2.9148312014247217E-8     -7.499999999998656E-9    86845.83306175514
2.5990682201740334E-8     -9.999999999998207E-9    86875.7615887377
3.8760191269515656E-8     0                        86754.43681042023
3.889473850589643E-8      -2.499999999999552E-9    86752.82911450037
3.902928574227719E-8      -4.999999999999104E-9    86751.22144170184
3.9163832978657955E-8     -7.499999999998656E-9    86749.73486351554
4.21913581361511E-8       0                        86721.28215085546
4.232590537253187E-8      -2.499999999999552E-9    86719.67498105756
4.246045260891263E-8      -4.999999999999104E-9    86718.06999638368
4.562252500278655E-8      0                        86688.13928867696
4.575707223916731E-8      -2.4999999999995517E-9   86686.41591886574
4.905369186942199E-8      0                        86654.68450080277
4.978080027434579E-8      -9.99999999999821E-9     86646.25674349123
4.9599023173114844E-8     -7.499999999998658E-9    86648.1897648616
4.941724607188389E-8      -4.999999999999105E-9    86650.30068333325
4.923546897065294E-8      -2.4999999999995525E-9   86652.41164146666
4.6302403542860166E-8     -9.99999999999821E-9     86679.94377439839
4.6120626441629214E-8     -7.499999999998658E-9    86682.06220806745
4.593884934039826E-8      -4.999999999999105E-9    86684.18068084482
4.2824006811374536E-8     -9.99999999999821E-9     86713.83386835274
4.2642229710143585E-8     -7.499999999998658E-9    86715.95299381542
3.934561007988891E-8      -9.99999999999821E-9     86747.73611775016
1.6082428693212857E-7     0                        85492.4153747101
1.6105217153849745E-7     -2.4999999999995525E-9   85489.40218764724
1.6128005614486634E-7     -4.999999999999105E-9    85486.55190621673
1.6150794075123523E-7     -7.499999999998658E-9    85483.7016899799
1.6431714855667655E-7     0                        85453.58246644893
1.6454503316304543E-7     -2.4999999999995525E-9   85450.74148382664
1.6477291776941432E-7     -4.999999999999105E-9    85447.9005671117
1.6781001018122455E-7     0                        85414.94356440657
1.6803789478759344E-7     -2.4999999999995525E-9   85412.10352573213
1.7130287180577253E-7     0                        85376.31811534034
1.5823722521676345E-7     -9.99999999999821E-9     85519.26387542202
1.5800934061039456E-7     -7.499999999998658E-9    85522.12337985024
1.5778145600402567E-7     -4.999999999999105E-9    85524.98294875845
1.575535713976568E-7      -2.4999999999995525E-9   85527.95791890411
1.5473862507592283E-7     -9.99999999999821E-9     85557.70557789376
1.5451074046955394E-7     -7.499999999998658E-9    85560.56601351195
1.5428285586318505E-7     -4.999999999999105E-9    85563.42176166829
1.5124002493508218E-7     -9.99999999999821E-9     85596.16067465777
1.5101214032871332E-7     -7.499999999998658E-9    85598.89717962388
1.4774142479424154E-7     -9.99999999999821E-9     85634.2920557959
1.4685284043393665E-7     0                        85645.29417473586
1.4707498652401287E-7     -2.4999999999995525E-9   85642.37869145529
1.472971326140891E-7      -4.999999999999105E-9    85639.6268996711
1.4751927870416534E-7     -7.499999999998658E-9    85636.87516946493
1.5034570205848463E-7     0                        85607.00017671306
1.5056784814856082E-7     -2.4999999999995525E-9   85604.25749479777
1.5078999423863707E-7     -4.999999999999105E-9    85601.51487515401
1.538385636830326E-7      0                        85568.9004851586
1.5406070977310883E-7     -2.4999999999995525E-9   85566.15871630672
1.5733142530758061E-7     0                        85530.81411145003
1.4424282465340092E-7     -9.99999999999821E-9     85671.99526848871
1.440206785633247E-7      -7.499999999998658E-9    85674.75609794217
1.4379853247324848E-7     -4.999999999999105E-9    85677.51698828019
1.4357638638317225E-7     -2.4999999999995525E-9   85680.39398477133
1.4074422451256028E-7     -9.99999999999821E-9     85709.89597344291
1.4052207842248406E-7     -7.499999999998658E-9    85712.65770325773
1.4029993233240783E-7     -4.999999999999105E-9    85715.41479769343
1.3724562437171964E-7     -9.99999999999821E-9     85747.80993670851
1.3702347828164341E-7     -7.499999999998658E-9    85750.44710781344
1.33747024230879E-7       -9.99999999999821E-9     85785.39858135568
1.3288139393574473E-7     0                        85796.01353793572
1.330978015095283E-7      -2.4999999999995525E-9   85793.19406215535
1.3331420908331187E-7     -4.999999999999105E-9    85790.5390809768
1.3353061665709543E-7     -7.499999999998658E-9    85787.8841578886
1.363742555602927E-7      0                        85758.2596600441
1.3659066313407627E-7     -2.4999999999995525E-9   85755.61359751313
1.3680707070785985E-7     -4.999999999999105E-9    85752.96759374581
1.3986711718484069E-7     0                        85720.7004025297
1.4008352475862425E-7     -2.4999999999995525E-9   85718.05522259789
1.433599788093887E-7      0                        85683.1543273725
1.3024842409003835E-7     -9.99999999999821E-9     85822.55926766834
1.300320165162548E-7      -7.499999999998658E-9    85825.22309878
1.2981560894247123E-7     -4.999999999999105E-9    85827.88698730862
1.2959920136868767E-7     -2.4999999999995525E-9   85830.66770082599
1.267498239491977E-7      -9.99999999999821E-9     85859.91774350623
1.2653341637541415E-7     -7.499999999998658E-9    85862.58244457291
1.2631700880163059E-7     -4.999999999999105E-9    85865.24256283793
1.2325122380835706E-7     -9.99999999999821E-9     85897.28934131801
1.230348162345735E-7      -7.499999999998658E-9    85899.82884298151
1.1975262366751642E-7     -9.99999999999821E-9     85934.33398663803
1.1890994743755278E-7     0                        85944.56848583756
1.1912061649504368E-7     -2.4999999999995525E-9   85941.84331741557
1.193312855525346E-7      -4.999999999999105E-9    85939.28347335014
1.1954195461002552E-7     -7.499999999998658E-9    85936.7236840133
1.2240280906210073E-7     0                        85907.35596060811
1.2261347811959168E-7     -2.4999999999995525E-9   85904.80484289788
1.2282414717708258E-7     -4.999999999999105E-9    85902.25378056959
1.2589567068664874E-7     0                        85870.33839754324
1.2610633974413966E-7     -2.4999999999995525E-9   85867.78813239027
1.2938853231119672E-7     0                        85833.3338809934
1.1625402352667578E-7     -9.99999999999821E-9     85970.950818914
1.1604335446918488E-7     -7.499999999998658E-9    85973.51932398177
1.1583268541169396E-7     -4.999999999999105E-9    85976.08788312491
1.1562201635420306E-7     -2.4999999999995525E-9   85978.77398057
1.1275542338583513E-7     -9.99999999999821E-9     86007.76574571221
1.1254475432834422E-7     -7.499999999998658E-9    86010.3350907531
1.1233408527085331E-7     -4.999999999999105E-9    86012.89985546927
1.0925682324499449E-7     -9.99999999999821E-9     86044.59365779521
1.0904615418750357E-7     -7.499999999998658E-9    86047.03706836008
1.0575822310415385E-7     -9.99999999999821E-9     86081.09282950204
1.0493850093936086E-7     0                        86090.95383524074
1.0514343148055909E-7     -2.4999999999995525E-9   86088.32100526136
1.0534836202175735E-7     -4.999999999999105E-9    86085.85460757372
1.0555329256295559E-7     -7.499999999998658E-9    86083.3882613771
1.0843136256390883E-7     0                        86054.28374205259
1.0863629310510709E-7     -2.4999999999995525E-9   86051.82587388097
1.0884122364630535E-7     -4.999999999999105E-9    86049.36805783374
1.1192422418845682E-7     0                        86017.80925940856
1.1212915472965507E-7     -2.4999999999995525E-9   86015.35221417666
1.154170858130048E-7      0                        85981.3476870888
1.022596229633132E-7      -9.99999999999821E-9     86117.16439450893
1.0205469242211494E-7     -7.499999999998658E-9    86119.63925959957
1.0184976188091671E-7     -4.999999999999105E-9    86122.11417554792
1.0164483133971848E-7     -2.4999999999995525E-9   86124.70732302111
9.876102282247256E-8      -9.99999999999821E-9     86153.43438724561
9.855609228127431E-8      -7.499999999998658E-9    86155.91006275387
9.835116174007607E-8      -4.999999999999105E-9    86158.38071746798
9.526242268163192E-8      -9.99999999999821E-9     86189.71722823117
9.505749214043368E-8      -7.499999999998658E-9    86192.06536869121
9.176382254079127E-8      -9.99999999999821E-9     86225.66790620731
5.254630926326275E-8      0                        86620.20730070869
5.2728086364493704E-8     -2.4999999999995525E-9   86618.1038723173
5.2909863465724656E-8     -4.999999999999105E-9    86616.00048414106
5.3091640566955595E-8     -7.499999999998658E-9    86614.03083507481
5.603892665710352E-8      0                        86585.91872137703
5.622070375833447E-8      -2.4999999999995525E-9   86583.81600098414
5.640248085956542E-8      -4.999999999999105E-9    86581.72047922647
5.953154405094429E-8      0                        86551.64250249
5.971332115217524E-8      -2.4999999999995525E-9   86549.42112974828
6.302416144478506E-8      0                        86517.04063222342
6.377502141406612E-8      -9.99999999999821E-9     86508.25670513077
6.358730642174584E-8      -7.499999999998658E-9    86510.27921097144
6.339959142942558E-8      -4.999999999999105E-9    86512.4766402486
6.321187643710531E-8      -2.4999999999995525E-9   86514.67411202853
6.027646612913604E-8      -9.99999999999821E-9     86542.68580820753
6.008875113681578E-8      -7.499999999998658E-9    86544.89108667652
5.99010361444955E-8       -4.999999999999105E-9    86547.09640707434
5.677791084420596E-8      -9.99999999999821E-9     86577.3155901385
5.659019585188569E-8      -7.499999999998658E-9    86579.5215929281
5.327935555927587E-8      -9.99999999999821E-9     86611.95780685941
9.096705444116893E-8      0                        86235.16318577633
9.116624646607451E-8      -2.4999999999995525E-9   86232.62093008524
9.13654384909801E-8       -4.999999999999105E-9    86230.24570520734
9.15646305158857E-8       -7.499999999998658E-9    86227.87052870495
9.44599160657169E-8       0                        86199.0376788727
9.46591080906225E-8       -2.4999999999995525E-9   86196.67074466794
9.485830011552809E-8      -4.999999999999105E-9    86194.30385945213
9.79527776902649E-8       0                        86163.10787773968
9.815196971517048E-8      -2.4999999999995525E-9   86160.7417372834
1.0144563931481288E-7     0                        86127.19085039612
8.826522239995063E-8      -9.99999999999821E-9     86261.19335137276
8.806603037504506E-8      -7.499999999998658E-9    86263.57680793086
8.786683835013946E-8      -4.999999999999105E-9    86265.96031225102
8.766764632523387E-8      -2.4999999999995517E-9   86268.46248146365
8.476662225910999E-8      -9.99999999999821E-9     86296.91824837626
8.45674302342044E-8       -7.499999999998658E-9    86299.30248622505
8.436823820929882E-8      -4.999999999999104E-9    86301.68148564524
8.126802211826934E-8      -9.99999999999821E-9     86332.65585625073
8.106883009336374E-8      -7.499999999998656E-9    86334.91166431167
7.77694219774287E-8       -9.999999999998209E-9    86368.05934286167
6.651702306933304E-8      0                        86482.00601132291
6.670473806165331E-8      -2.4999999999995525E-9   86479.81639934523
6.689245305397358E-8      -4.999999999999105E-9    86477.62683044437
6.708016804629385E-8      -7.499999999998658E-9    86475.567959704
7.000988469388103E-8      0                        86447.1681989633
7.01975996862013E-8       -2.4999999999995525E-9   86444.97932363866
7.038531467852156E-8      -4.999999999999105E-9    86442.79618336112
7.350274631842901E-8      0                        86412.34288631093
7.369046131074928E-8      -2.4999999999995525E-9   86410.0354981343
7.699560794297699E-8      0                        86377.19410074393
7.718906145158992E-8      -2.4999999999995517E-9   86374.7409994532
7.738251496020284E-8      -4.999999999999104E-9    86372.4559298535
7.757596846881576E-8      -7.499999999998656E-9    86370.17090563392
8.048846956752496E-8      0                        86341.61320292826
8.068192307613789E-8      -2.499999999999552E-9    86339.33624038943
8.087537658475083E-8      -4.999999999999104E-9    86337.0593238244
8.398133119207295E-8      0                        86306.22854858717
8.417478470068589E-8      -2.499999999999552E-9    86303.95235103396
8.747419281662093E-8      0                        86270.85653116161
7.427082183658805E-8      -9.99999999999821E-9     86403.03675226019
7.407736832797512E-8      -7.499999999998658E-9    86405.3298729301
7.388391481936219E-8      -4.999999999999105E-9    86407.62303838647
7.077222169574741E-8      -9.99999999999821E-9     86438.21408401709
7.057876818713448E-8      -7.499999999998658E-9    86440.50795728104
6.727362155490677E-8      -9.99999999999821E-9     86473.40398892971
5.659962353796945E-7      0                        80144.43370797423
5.663905369585504E-7      -2.4999999999995525E-9   80137.89399289004
5.667848385374064E-7      -4.999999999999105E-9    80131.49141343523
5.671791401162622E-7      -7.499999999998658E-9    80125.08906780988
5.694890970042425E-7      0                        80090.60094859006
5.698833985830985E-7      -2.4999999999995525E-9   80084.21229204716
5.702777001619544E-7      -4.999999999999105E-9    80077.82387064911
5.729819586287905E-7      0                        80036.94774146014
5.733762602076465E-7      -2.4999999999995525E-9   80030.56109692414
5.764748202533385E-7      0                        79983.31172855041
5.640748415542775E-7      -9.99999999999821E-9     80172.15162897183
5.636805399754217E-7      -7.499999999998658E-9    80178.56788802265
5.632862383965657E-7      -4.999999999999105E-9    80184.98437958746
5.628919368177098E-7      -2.4999999999995525E-9   80191.4955823688
5.605762414134369E-7      -9.99999999999821E-9     80225.65659337763
5.60181939834581E-7       -7.499999999998658E-9    80232.07485100262
5.597876382557251E-7      -4.999999999999105E-9    80238.48965518635
5.570776412725962E-7      -9.99999999999821E-9     80279.17871863519
5.566833396937404E-7      -7.499999999998658E-9    80285.49710544385
5.535790411317556E-7      -9.99999999999821E-9     80332.43588111189
5.520247888815026E-7      0                        80357.46722275826
5.524133519440659E-7      -2.4999999999995525E-9   80351.07049195483
5.528019150066292E-7      -4.999999999999105E-9    80344.81170866537
5.531904780691925E-7      -7.499999999998658E-9    80338.55315111227
5.555176505060506E-7      0                        80304.12945983133
5.559062135686139E-7      -2.4999999999995525E-9   80297.88449154091
5.562947766311772E-7      -4.999999999999105E-9    80291.6397502816
5.590105121305986E-7      0                        80250.97173883236
5.593990751931619E-7      -2.4999999999995525E-9   80244.72874051619
5.625033737551466E-7      0                        80197.83108941332
5.50080440990915E-7       -9.99999999999821E-9     80385.2622532595
5.496918779283518E-7      -7.499999999998658E-9    80391.534616255
5.493033148657885E-7      -4.999999999999105E-9    80397.80720369221
5.489147518032252E-7      -2.4999999999995525E-9   80404.17523426402
5.465818408500744E-7      -9.99999999999821E-9     80438.26976678723
5.461932777875111E-7      -7.499999999998658E-9    80444.54408631625
5.458047147249478E-7      -4.999999999999105E-9    80450.81509042282
5.430832407092337E-7      -9.99999999999821E-9     80491.29431763623
5.426946776466704E-7      -7.499999999998658E-9    80497.46827640868
5.395846405683931E-7      -9.99999999999821E-9     80544.05247033754
5.380533423833107E-7      0                        80568.51457137841
5.384361669295813E-7      -2.4999999999995525E-9   80562.25934300947
5.388189914758519E-7      -4.999999999999105E-9    80556.14292838758
5.392018160221225E-7      -7.499999999998658E-9    80550.02673158541
5.415462040078587E-7      0                        80515.67344470625
5.419290285541293E-7      -2.4999999999995525E-9   80509.57073041669
5.423118531003999E-7      -4.999999999999105E-9    80503.46823522077
5.450390656324067E-7      0                        80463.01290346778
5.454218901786773E-7      -2.4999999999995525E-9   80456.91211746639
5.485319272569546E-7      0                        80410.36931067015
5.360860404275525E-7      -9.99999999999821E-9     80596.37932358068
5.357032158812819E-7      -7.499999999998658E-9    80602.50921109051
5.353203913350112E-7      -4.999999999999105E-9    80608.6393151462
5.349375667887407E-7      -2.4999999999995525E-9   80614.86560373972
5.325874402867118E-7      -9.99999999999821E-9     80648.88773388512
5.322046157404412E-7      -7.499999999998658E-9    80655.01953623671
5.318217911941706E-7      -4.999999999999105E-9    80661.14809880024
5.290888401458713E-7      -9.99999999999821E-9     80701.41305748267
5.287060155996007E-7      -7.499999999998658E-9    80707.44387505641
5.255902400050306E-7      -9.99999999999821E-9     80753.67030594654
4.836070383149429E-7      -9.999999999998212E-9    81370.46208832004
4.832471678338428E-7      -7.49999999999866E-9     81375.87786175532
4.828872973527429E-7      -4.999999999999106E-9    81381.43939778562
4.82527426871643E-7       -2.4999999999995534E-9   81387.00112170537
4.82167556390543E-7       0                        81392.7054107998
4.801084381741022E-7      -9.99999999999821E-9     81420.77347907549
4.797485676930023E-7      -7.499999999998658E-9    81426.34815728034
4.793886972119023E-7      -4.999999999999105E-9    81431.92302218416
4.790288267308023E-7      -2.4999999999995525E-9   81437.59696055358
4.7660983803326163E-7     -9.99999999999821E-9     81471.26895155678
4.7624996755216165E-7     -7.499999999998658E-9    81476.84538138466
4.7589009707106166E-7     -4.999999999999105E-9    81482.41829215028
4.73111237892421E-7       -9.99999999999821E-9     81521.7808363403
4.72751367411321E-7       -7.499999999998658E-9    81527.25270018392
4.6961263775158035E-7     -9.99999999999821E-9     81572.0159558896
5.240818958851188E-7      0                        80777.5690270057
5.244589819150968E-7      -2.4999999999995525E-9   80771.45376569763
5.248360679450747E-7      -4.999999999999105E-9    80765.47823763127
5.252131539750527E-7      -7.499999999998658E-9    80759.50291964307
5.275747575096668E-7      0                        80725.2262016221
5.279518435396447E-7      -2.4999999999995525E-9   80719.26424822905
5.283289295696227E-7      -4.999999999999105E-9    80713.30250616728
5.310676191342147E-7      0                        80673.06456401764
5.314447051641926E-7      -2.4999999999995525E-9   80667.10449757635
5.345604807587627E-7      0                        80620.91975122126
5.220916398641899E-7      -9.99999999999821E-9     80805.49595056172
5.21714553834212E-7       -7.499999999998658E-9    80811.48483353268
5.213374678042341E-7      -4.999999999999105E-9    80817.47392532871
5.209603817742561E-7      -2.4999999999995525E-9   80823.55993065862
5.185930397233492E-7      -9.99999999999821E-9     80857.50363707269
5.182159536933714E-7      -7.499999999998658E-9    80863.49439354557
5.178388676633935E-7      -4.999999999999105E-9    80869.48188436936
5.150944395825086E-7      -9.99999999999821E-9     80909.52811235593
5.147173535525307E-7      -7.499999999998658E-9    80915.41706962342
5.11595839441668E-7       -9.99999999999821E-9     80961.28249130235
4.85660418015091E-7       0                        81341.86800709923
4.860202884961909E-7      -2.499999999999553E-9    81336.31943522897
4.863801589772909E-7      -4.999999999999106E-9    81330.77105243865
4.867400294583909E-7      -7.49999999999866E-9     81325.3283274341
4.89153279639639E-7       0                        81291.21364358254
4.895131501207389E-7      -2.499999999999553E-9    81285.6668367817
4.898730206018389E-7      -4.999999999999106E-9    81280.1238610026
4.92646141264187E-7       0                        81240.57573106166
4.930060117452869E-7      -2.4999999999995534E-9   81234.9325237374
4.96139002888735E-7       0                        81189.67137307563
4.976014388783054E-7      -9.99999999999821E-9     81166.88204798482
4.972358298809128E-7      -7.499999999998658E-9    81172.43534725576
4.968702208835202E-7      -4.999999999999105E-9    81178.13334467108
4.965046118861276E-7      -2.4999999999995525E-9   81183.83153720087
4.941028387374648E-7      -9.99999999999821E-9     81217.69992229244
4.93737229740072E-7       -7.499999999998658E-9    81223.41120700673
4.933716207426795E-7      -4.999999999999105E-9    81229.12268562408
4.906042385966241E-7      -9.99999999999821E-9     81268.70115583343
4.902386295992315E-7      -7.499999999998658E-9    81274.41423243737
4.871056384557834E-7      -9.99999999999821E-9     81319.71892764636
5.101104493869269E-7      0                        80984.62360760222
5.104817969006122E-7      -2.4999999999995525E-9   80978.64681143667
5.108531444142975E-7      -4.999999999999105E-9    80972.81068803018
5.112244919279827E-7      -7.499999999998658E-9    80966.97476713387
5.136033110114748E-7      0                        80932.78084053291
5.139746585251602E-7      -2.4999999999995525E-9   80926.95815558486
5.143460060388455E-7      -4.999999999999105E-9    80921.13567437924
5.170961726360228E-7      0                        80881.11988411317
5.174675201497081E-7      -2.4999999999995525E-9   80875.29904513294
5.205890342605708E-7      0                        80829.47562837979
5.080972393008275E-7      -9.99999999999821E-9     81012.60514366488
5.077258917871422E-7      -7.499999999998658E-9    81018.45449326545
5.073545442734568E-7      -4.999999999999105E-9    81024.30404414397
5.069831967597716E-7      -2.4999999999995525E-9   81030.25121525276
5.045986391599868E-7      -9.99999999999821E-9     81064.11045002792
5.042272916463015E-7      -7.499999999998658E-9    81069.96163214538
5.038559441326162E-7      -4.999999999999105E-9    81075.8094487894
5.011000390191461E-7      -9.99999999999821E-9     81115.63242015449
5.007286915054608E-7      -7.499999999998658E-9    81121.38086319363
4.996318645132829E-7      0                        81138.33038886642
4.999974735106756E-7      -2.4999999999995525E-9   81132.64549345126
5.003630825080682E-7      -4.999999999999105E-9    81126.9607943619
5.031247261378309E-7      0                        81087.17186586364
5.034903351352235E-7      -2.4999999999995525E-9   81081.48877578789
5.066175877623789E-7      0                        81036.02991894139
3.145101984122398E-7      0                        83669.7278653303
3.148012066978279E-7      -2.4999999999995525E-9   83665.53225578569
3.1509221498341603E-7     -4.999999999999105E-9    83661.48998101553
3.153832232690041E-7      -7.499999999998658E-9    83657.44782019657
3.180030600367878E-7      0                        83625.05662078594
3.1829406832237583E-7     -2.4999999999995525E-9   83621.02564179372
3.18585076607964E-7       -4.999999999999105E-9    83616.99477769251
3.214959216613358E-7      0                        83580.57467947924
3.217869299469239E-7      -2.4999999999995525E-9   83576.54501128041
3.249887832858838E-7      0                        83536.10765255375
3.121756314137516E-7      -9.99999999999821E-9     83697.6745296635
3.1188462312816355E-7     -7.499999999998658E-9    83701.7279758484
3.115936148425754E-7      -4.999999999999105E-9    83705.78153504478
3.113026065569873E-7      -2.4999999999995525E-9   83709.94275383274
3.0867703127291096E-7     -9.99999999999821E-9     83741.97738451045
3.083860229873229E-7      -7.499999999998658E-9    83746.03212825742
3.0809501470173475E-7     -4.999999999999105E-9    83750.0828106183
3.051784311320703E-7      -9.99999999999821E-9     83786.29510452112
3.048874228464822E-7      -7.499999999998658E-9    83790.23523011518
3.0167983099122967E-7     -9.99999999999821E-9     83830.31149598995
3.005387519140479E-7      0                        83846.0105772404
3.0082402168334334E-7     -2.4999999999995525E-9   83841.93050491158
3.011092914526388E-7      -4.999999999999105E-9    83838.00469418238
3.0139456122193423E-7     -7.499999999998658E-9    83834.07899225755
3.040316135385959E-7      0                        83801.86305541286
3.043168833078913E-7      -2.4999999999995525E-9   83797.94836535194
3.046021530771867E-7      -4.999999999999105E-9    83794.03378501437
3.0752447516314386E-7     0                        83757.90535575704
3.078097449324393E-7      -2.4999999999995525E-9   83753.9919411272
3.110173367876919E-7      0                        83713.96243961164
2.9818123085038905E-7     -9.99999999999821E-9     83873.89677462688
2.978959610810936E-7      -7.499999999998658E-9    83877.83358677788
2.9761069131179817E-7     -4.999999999999105E-9    83881.77050681428
2.9732542154250273E-7     -2.4999999999995525E-9   83885.81578656466
2.946826307095484E-7      -9.99999999999821E-9     83917.67381935532
2.9439736094025294E-7     -7.499999999998658E-9    83921.61189373836
2.941120911709575E-7      -4.999999999999105E-9    83925.54577298313
2.911840305687077E-7      -9.99999999999821E-9     83961.46559750836
2.908987607994123E-7      -7.499999999998658E-9    83965.2880558264
2.876854304278671E-7      -9.99999999999821E-9     84004.95372628525
2.8656730541585593E-7     0                        84020.19325686932
2.868468366688588E-7      -2.4999999999995525E-9   84016.22709893654
2.8712636792186154E-7     -4.999999999999105E-9    84012.41614044685
2.8740589917486434E-7     -7.499999999998658E-9    84008.60528576297
2.900601670404039E-7      0                        83976.57091273743
2.9033969829340666E-7     -2.4999999999995525E-9   83972.77089629738
2.906192295464095E-7      -4.999999999999105E-9    83968.97098456134
2.935530286649519E-7      0                        83933.13891720699
2.938325599179547E-7      -2.4999999999995525E-9   83929.34014123118
2.9704589028949987E-7     0                        83889.72157390474
2.841868302870264E-7      -9.99999999999821E-9     84048.01111923173
2.839072990340236E-7      -7.499999999998658E-9    84051.83290549535
2.8362776778102087E-7     -4.999999999999105E-9    84055.65479466658
2.8334823652801806E-7     -2.4999999999995525E-9   84059.58574973905
2.806882301461858E-7      -9.99999999999821E-9     84091.26093107238
2.80408698893183E-7       -7.499999999998658E-9    84095.08394463571
2.8012916764018025E-7     -4.999999999999105E-9    84098.90262350421
2.771896300053452E-7      -9.99999999999821E-9     84134.52534418869
2.7691009875234244E-7     -7.499999999998658E-9    84138.23172635134
2.736910298645046E-7      -9.99999999999821E-9     84177.48375087477
2.72595858917664E-7       0                        84192.27020076457
2.728696516543741E-7      -2.4999999999995525E-9   84188.41635459446
2.731434443910843E-7      -4.999999999999105E-9    84184.71861978323
2.7341723712779446E-7     -7.499999999998658E-9    84181.0209839257
2.76088720542212E-7       0                        84149.17449102871
2.763625132789221E-7      -2.4999999999995525E-9   84145.4875167383
2.766363060156322E-7      -4.999999999999105E-9    84141.80064227899
2.7958158216675997E-7     0                        84106.26962286071
2.798553749034701E-7      -2.4999999999995525E-9   84102.58385446564
2.8307444379130795E-7     0                        84063.37927523241
2.701924297236639E-7      -9.99999999999821E-9     84220.01184989346
2.699186369869538E-7      -7.499999999998658E-9    84223.72023577636
2.696448442502437E-7      -4.999999999999105E-9    84227.42871973544
2.693710515135335E-7      -2.4999999999995525E-9   84231.24695550479
2.666938295828233E-7      -9.99999999999821E-9     84262.73303244528
2.664200368461131E-7      -7.499999999998658E-9    84266.44261109563
2.66146244109403E-7       -4.999999999999105E-9    84270.14771041203
2.631952294419826E-7      -9.99999999999821E-9     84305.46868371888
2.629214367052725E-7      -7.499999999998658E-9    84309.06062600031
2.59696629301142E-7       -9.99999999999821E-9     84347.89600027747
2.586244124194721E-7      0                        84362.23574735218
2.5889246663988957E-7     -2.4999999999995525E-9   84358.49263294085
2.5916052086030704E-7     -4.999999999999105E-9    84354.90652723398
2.594285750807245E-7      -7.499999999998658E-9    84351.32051577338
2.6211727404402007E-7     0                        84319.6680920754
2.623853282644375E-7      -2.4999999999995525E-9   84316.09256523513
2.62653382484855E-7       -4.999999999999105E-9    84312.51713349798
2.6561013566856805E-7     0                        84277.29174812573
2.6587818988898553E-7     -2.4999999999995525E-9   84273.71739301224
2.6910299729311603E-7     0                        84234.92979262558
2.561980291603014E-7      -9.99999999999821E-9     84389.89338349653
2.559299749398839E-7      -7.499999999998658E-9    84393.4899633051
2.556619207194664E-7      -4.999999999999105E-9    84397.08663650305
2.5539386649904895E-7     -2.4999999999995525E-9   84400.79375818535
2.526994290194607E-7      -9.99999999999821E-9     84432.08450646774
2.5243137479904324E-7     -7.499999999998658E-9    84435.68224491389
2.5216332057862576E-7     -4.999999999999105E-9    84439.27539880012
2.492008288786201E-7      -9.99999999999821E-9     84474.28996520668
2.4893277465820257E-7     -7.499999999998658E-9    84477.76913063531
2.4570222873777943E-7     -9.99999999999821E-9     84516.18487500648
2.4465296592128017E-7     0                        84530.0843417588
2.44915281625405E-7       -2.4999999999995525E-9   84526.45039527657
2.451775973295298E-7      -4.999999999999105E-9    84522.9743180536
2.454399130336546E-7      -7.499999999998658E-9    84519.4983305124
2.4814582754582815E-7     0                        84488.04615832391
2.48408143249953E-7       -2.4999999999995525E-9   84484.58048135797
2.486704589540777E-7      -4.999999999999105E-9    84481.11489491008
2.5163868917037613E-7     0                        84446.19970834296
2.5190100487450097E-7     -2.4999999999995525E-9   84442.73516933784
2.551315507949241E-7      0                        84404.36751432449
2.4220362859693876E-7     -9.99999999999821E-9     84557.65009313256
2.4194131289281397E-7     -7.499999999998658E-9    84561.13647039121
2.4167899718868913E-7     -4.999999999999105E-9    84564.62293649546
2.414166814845643E-7      -2.4999999999995525E-9   84568.22055941357
2.3870502845609814E-7     -9.99999999999821E-9     84599.30967104592
2.3844271275197335E-7     -7.499999999998658E-9    84602.79717321717
2.381803970478485E-7      -4.999999999999105E-9    84606.28005902101
2.3520642831525752E-7     -9.99999999999821E-9     84640.98345137772
2.3494411261113268E-7     -7.499999999998658E-9    84644.35157932682
2.3170782817441688E-7     -9.99999999999821E-9     84682.34471965219
2.3068151942308822E-7     0                        84695.81035290132
2.3093809661092037E-7     -2.4999999999995525E-9   84692.28401395891
2.3119467379875255E-7     -4.999999999999105E-9    84688.91637818562
2.314512509865847E-7      -7.499999999998658E-9    84685.54882767073
2.341743810476362E-7      0                        84654.30305822844
2.344309582354684E-7      -2.4999999999995525E-9   84650.94564614225
2.3468753542330056E-7     -4.999999999999105E-9    84647.58832013015
2.376672426721842E-7      0                        84612.98788270674
2.3792381986001636E-7     -2.4999999999995525E-9   84609.63157522034
2.411601042967322E-7      0                        84571.68683026845
2.2820922803357624E-7     -9.99999999999821E-9     84723.27640329234
2.2795265084574408E-7     -7.499999999998658E-9    84726.65416693613
2.2769607365791193E-7     -4.999999999999105E-9    84730.03201502268
2.2743949647007973E-7     -2.4999999999995525E-9   84733.52173243063
2.2471062789273562E-7     -9.99999999999821E-9     84764.40295696881
2.2445405070490344E-7     -7.499999999998658E-9    84767.78181220725
2.2419747351707126E-7     -4.999999999999105E-9    84771.15606303945
2.2121202775189498E-7     -9.99999999999821E-9     84805.54357932393
2.209554505640628E-7      -7.499999999998658E-9    84808.8023427616
2.2020293454944428E-7     0                        84818.43329361017
2.2045377322098374E-7     -2.4999999999995525E-9   84815.18250042606
2.2070461189252326E-7     -4.999999999999105E-9    84811.9317890114
2.2369579617399226E-7     0                        84777.65073549713
2.2394663484553175E-7     -2.4999999999995525E-9   84774.40101395905
2.2718865779854022E-7     0                        84736.88216720129
3.738888460295555E-7      0                        82896.96355770701
3.7420280838031427E-7     -2.499999999999553E-9    82892.45143120647
3.74516770731073E-7       -4.999999999999106E-9    82887.93944178456
3.748307330818317E-7      -7.49999999999866E-9     82883.53960610362
3.773817076541035E-7      0                        82850.39965270099
3.7769567000486225E-7     -2.499999999999553E-9    82845.88898234868
3.78009632355621E-7       -4.999999999999106E-9    82841.38248323093
3.8087456927865145E-7     0                        82803.85118135036
3.8118853162941023E-7     -2.4999999999995534E-9   82799.23803871986
3.843674309031995E-7      0                        82757.02062968275
3.85646234371405E-7       -9.99999999999821E-9     82738.43090353614
3.853265335043536E-7      -7.499999999998658E-9    82742.92637953901
3.850068326373022E-7      -4.999999999999105E-9    82747.57473528893
3.8468713177025085E-7     -2.4999999999995525E-9   82752.22323300813
3.8214763423056434E-7     -9.99999999999821E-9     82785.1523623206
3.8182793336351297E-7     -7.499999999998658E-9    82789.81280405304
3.815082324964616E-7      -4.999999999999105E-9    82794.47338671066
3.786490340897237E-7      -9.99999999999821E-9     82832.06253281463
3.7832933322267235E-7     -7.499999999998658E-9    82836.72445463811
3.7515043394888305E-7     -9.99999999999821E-9     82878.98822085133
4.6819610989235105E-7     0                        81593.71932803058
4.6855024185715835E-7     -2.4999999999995525E-9   81588.14907645652
4.689043738219657E-7      -4.999999999999105E-9    81582.7223258444
4.69258505786773E-7       -7.499999999998658E-9    81577.295756066
4.716889715168991E-7      0                        81543.38706464686
4.7204310348170644E-7     -2.4999999999995525E-9   81537.97332195342
4.723972354465137E-7      -4.999999999999105E-9    81532.55976126334
4.7518183314144707E-7     0                        81493.2384394512
4.7553596510625436E-7     -2.4999999999995525E-9   81487.82642191845
4.78674694765995E-7       0                        81443.1061396923
4.661140376107396E-7      -9.99999999999821E-9     81621.81928886165
4.657599056459324E-7      -7.499999999998658E-9    81627.25885662678
4.6540577368112503E-7     -4.999999999999105E-9    81632.69860405609
4.650516417163177E-7      -2.4999999999995525E-9   81638.23814657204
4.6261543746989906E-7     -9.99999999999821E-9     81671.80736522298
4.622613055050917E-7      -7.499999999998658E-9    81677.24864470804
4.619071735402844E-7      -4.999999999999105E-9    81682.68633141523
4.591168373290584E-7      -9.99999999999821E-9     81721.81172744375
4.5876270536425104E-7     -7.499999999998658E-9    81727.14753893572
4.5561823718821777E-7     -9.99999999999821E-9     81771.53716227516
3.9964063493476753E-7     -9.99999999999821E-9     82549.16869302899
3.9931519555142347E-7     -7.499999999998658E-9    82553.7908810551
3.9898975616807946E-7     -4.999999999999105E-9    82558.56520106617
3.986643167847354E-7      -2.4999999999995525E-9   82563.33966911866
3.983388774013914E-7      0                        82568.26221738414
3.9614203479392696E-7     -9.99999999999821E-9     82596.40767846286
3.958165954105829E-7      -7.499999999998658E-9    82601.19422969241
3.9549115602723885E-7     -4.999999999999105E-9    82605.98092789837
3.951657166438948E-7      -2.4999999999995525E-9   82610.87095607455
3.926434346530863E-7      -9.99999999999821E-9     82643.83493195126
3.9231799526974224E-7     -7.499999999998658E-9    82648.62300093575
3.919925558863982E-7      -4.999999999999105E-9    82653.40706590773
3.891448345122457E-7      -9.99999999999821E-9     82691.27783216091
3.8881939512890157E-7     -7.499999999998658E-9    82695.95591408938
3.878602925277474E-7      0                        82709.75318476603
3.8817999339479883E-7     -2.4999999999995525E-9   82705.11678325685
3.884996942618502E-7      -4.999999999999105E-9    82700.48052476099
3.9135315415229544E-7     0                        82662.67258802228
3.916728550193468E-7      -2.4999999999995525E-9   82658.03767996386
3.9484601577684337E-7     0                        82615.60755367603
4.5422466339415913E-7     0                        81792.7066555879
4.5457305684267374E-7     -2.4999999999995525E-9   81787.26890916779
4.5492145029118845E-7     -4.999999999999105E-9    81781.97561738294
4.5526984373970306E-7     -7.499999999998658E-9    81776.68249954388
4.5771752501870706E-7     0                        81742.88114793337
4.580659184672217E-7      -2.4999999999995525E-9   81737.6007099353
4.584143119157364E-7      -4.999999999999105E-9    81732.32044703173
4.612103866432551E-7      0                        81693.23988864274
4.6155878009176975E-7     -2.4999999999995525E-9   81687.9611362607
4.64703248267803E-7       0                        81643.61482876059
4.5211963704737715E-7     -9.99999999999821E-9     81820.83096957892
4.517712435988625E-7      -7.499999999998658E-9    81826.13693121797
4.5142285015034784E-7     -4.999999999999105E-9    81831.44306565418
4.510744567018332E-7      -2.4999999999995525E-9   81836.84968552699
4.486210369065365E-7      -9.99999999999821E-9     81870.3101495482
4.482726434580218E-7      -7.499999999998658E-9    81875.61778337044
4.4792425000950717E-7     -4.999999999999105E-9    81880.92165887357
4.451224367656958E-7      -9.99999999999821E-9     81919.80548846605
4.4477404331718116E-7     -7.499999999998658E-9    81925.00660010538
4.416238366248552E-7      -9.99999999999821E-9     81969.0194713496
4.018317390259393E-7      0                        82520.47996233424
4.0215717840928344E-7     -2.4999999999995525E-9   82515.71773568407
4.024826177926275E-7      -4.999999999999105E-9    82510.95565814024
4.0280805717597145E-7     -7.499999999998658E-9    82506.30466028837
4.0532460065048736E-7     0                        82472.88413239544
4.0565004003383137E-7     -2.4999999999995525E-9   82468.12343687893
4.059754794171754E-7      -4.999999999999105E-9    82463.36711417329
4.088174622750353E-7      0                        82425.30399315606
4.0914290165837935E-7     -2.4999999999995525E-9   82420.44236535045
4.123103238995833E-7      0                        82377.4453286217
4.136350354981301E-7      -9.99999999999821E-9     82357.84181588821
4.133038575984934E-7      -7.499999999998658E-9    82362.59238193036
4.129726796988567E-7      -4.999999999999105E-9    82367.4941738882
4.1264150179922E-7        -2.4999999999995525E-9   82372.39612011955
4.1013643535728943E-7     -9.99999999999821E-9     82405.5969406954
4.0980525745765274E-7     -7.499999999998658E-9    82410.51110791854
4.094740795580161E-7      -4.999999999999105E-9    82415.42542832928
4.066378352164488E-7      -9.99999999999821E-9     82453.5397386464
4.063066573168121E-7      -7.499999999998658E-9    82458.45546166826
4.0313923507560815E-7     -9.99999999999821E-9     82501.4983120533
4.4025321689596716E-7     0                        81989.66111265075
4.4059587182818913E-7     -2.4999999999995525E-9   81984.35429520943
4.409385267604112E-7      -4.999999999999105E-9    81979.1929342015
4.412811816926332E-7      -7.499999999998658E-9    81974.03174041773
4.4374607852051514E-7     0                        81940.3439022241
4.440887334527371E-7      -2.4999999999995525E-9   81935.19523504388
4.444313883849592E-7      -4.999999999999105E-9    81930.0467362156
4.472389401450631E-7      0                        81891.21160088928
4.4758159507728514E-7     -2.4999999999995525E-9   81886.06458014733
4.507318017696111E-7      0                        81842.09537247018
4.381252364840146E-7      -9.99999999999821E-9     82017.80211975556
4.377825815517926E-7      -7.499999999998658E-9    82022.97599732767
4.3743992661957054E-7     -4.999999999999105E-9    82028.1500409962
4.3709727168734857E-7     -2.4999999999995525E-9   82033.4252917299
4.346266363431739E-7      -9.99999999999821E-9     82066.77087548167
4.3428398141095194E-7     -7.499999999998658E-9    82071.94638606941
4.339413264787299E-7      -4.999999999999105E-9    82077.11796477949
4.3112803620233335E-7     -9.99999999999821E-9     82115.75566278234
4.3078538127011127E-7     -7.499999999998658E-9    82120.82354988753
4.276294360614927E-7      -9.99999999999821E-9     82164.45653639136
4.2628177039777524E-7     0                        82184.57615129038
4.266186868137046E-7      -2.4999999999995525E-9   82179.39883869847
4.2695560322963396E-7     -4.999999999999105E-9    82174.36791971783
4.272925196455633E-7      -7.499999999998658E-9    82169.3371614044
4.297746320223231E-7      0                        82135.76896147452
4.301115484382526E-7      -2.4999999999995525E-9   82130.75057700538
4.304484648541819E-7      -4.999999999999105E-9    82125.73235431033
4.332674936468712E-7      0                        82087.14725870929
4.336044100628006E-7      -2.4999999999995525E-9   82082.13048187029
4.3676035527141913E-7     0                        82038.54150190749
4.2413083592065206E-7     -9.99999999999821E-9     82212.72627047963
4.237939195047227E-7      -7.499999999998658E-9    82217.76955321478
4.234570030887933E-7      -4.999999999999105E-9    82222.81299551035
4.2312008667286396E-7     -2.4999999999995525E-9   82227.95834976621
4.206322357798114E-7      -9.99999999999821E-9     82261.18292963528
4.2029531936388206E-7     -7.499999999998658E-9    82266.2278065903
4.1995840294795267E-7     -4.999999999999105E-9    82271.26863289335
4.1713363563897077E-7     -9.99999999999821E-9     82309.6554925329
4.167967192230414E-7      -7.499999999998658E-9    82314.59177121532
4.1580318552413125E-7     0                        82329.149795129
4.16134363423768E-7       -2.4999999999995525E-9   82324.26023430083
4.1646554132340464E-7     -4.999999999999105E-9    82319.37082883212
4.192960471486793E-7      0                        82281.04025058905
4.19627225048316E-7       -2.4999999999995525E-9   82276.15225895529
4.227889087732272E-7      0                        82232.9465246055
7.914838507089171E-7      -9.99999999999821E-9     76436.07085342031
7.909977328693792E-7      -7.499999999998658E-9    76444.8334100703
7.905116150298413E-7      -4.999999999999105E-9    76453.72054411835
7.900254971903034E-7      -2.4999999999995525E-9   76462.60806650831
7.895393793507655E-7      0                        76471.6176417526
7.879852505680765E-7      -9.99999999999821E-9     76497.11363946628
7.874991327285385E-7      -7.499999999998658E-9    76506.01642510315
7.870130148890007E-7      -4.999999999999105E-9    76514.91959744346
7.865268970494629E-7      -2.4999999999995525E-9   76523.90598888026
7.844866504272358E-7      -9.99999999999821E-9     76558.32517162722
7.84000532587698E-7       -7.499999999998658E-9    76567.23067336505
7.8351441474816E-7        -4.999999999999105E-9    76576.13360956921
7.809880502863953E-7      -9.99999999999821E-9     76619.55576933865
7.805019324468574E-7      -7.499999999998658E-9    76628.37523306564
7.790607944771215E-7      0                        76654.40568923105
7.795411738003669E-7      -2.4999999999995525E-9   76645.69890692769
7.800215531236121E-7      -4.999999999999105E-9    76636.99250350194
7.825536561016695E-7      0                        76593.53847916654
7.830340354249148E-7      -2.4999999999995525E-9   76584.83437881051
7.860465177262175E-7      0                        76532.69023968204
7.930322409753135E-7      0                        76410.11653989015
7.935183588148514E-7      -2.4999999999995525E-9   76401.24467716264
7.940044766543891E-7      -4.999999999999105E-9    76392.37320441547
7.944905944939272E-7      -7.499999999998658E-9    76383.59045182551
7.965251025998614E-7      0                        76348.78398107772
7.970112204393994E-7      -2.4999999999995525E-9   76339.91484744013
7.974973382789372E-7      -4.999999999999105E-9    76331.04924345101
8.000179642244094E-7      0                        76287.47050682284
8.005040820639474E-7      -2.4999999999995525E-9   76278.52206857908
8.035108258489574E-7      0                        76225.9345909287
8.054782512722795E-7      -9.99999999999821E-9     76189.72242865764
8.04986394916449E-7       -7.499999999998658E-9    76198.65181814911
8.044945385606185E-7      -4.999999999999105E-9    76207.70542175508
8.040026822047879E-7      -2.4999999999995525E-9   76216.75942498214
8.019796511314389E-7      -9.99999999999821E-9     76251.2309478527
8.014877947756084E-7      -7.499999999998658E-9    76260.30024556622
8.009959384197778E-7      -4.999999999999105E-9    76269.36994124299
7.984810509905983E-7      -9.99999999999821E-9     76312.90786256554
7.979891946347678E-7      -7.499999999998658E-9    76321.9799238607
7.949824508497576E-7      -9.99999999999821E-9     76374.6039571255
8.609410431047282E-7      -7.499999999998658E-9    75195.47079570126
8.604262326837271E-7      -4.999999999999105E-9    75205.20263336218
8.599114222627262E-7      -2.4999999999995525E-9   75214.9349177389
8.593966118417251E-7      0                        75224.78565269879
8.579572533848886E-7      -9.99999999999821E-9     75249.21413850936
8.574424429638874E-7      -7.499999999998658E-9    75258.9616764614
8.569276325428865E-7      -4.999999999999105E-9    75268.70965939511
8.564128221218855E-7      -2.4999999999995525E-9   75278.5368631781
8.54458653244048E-7       -9.99999999999821E-9     75312.73272182717
8.539438428230469E-7      -7.499999999998658E-9    75322.48321613763
8.534290324020459E-7      -4.999999999999105E-9    75332.2289514787
8.509600531032074E-7      -9.99999999999821E-9     75376.27093622948
8.504452426822063E-7      -7.499999999998658E-9    75385.93518638879
8.474614529623667E-7      -9.99999999999821E-9     75439.58149878099
8.62889473466273E-7       0                        75160.9920780702
8.634042838872741E-7      -2.4999999999995525E-9   75151.27550150765
8.639190943082751E-7      -4.999999999999105E-9    75141.55937339504
8.66382335090821E-7       0                        75097.36468658087
8.66897145511822E-7       -2.4999999999995525E-9   75087.65107910222
8.69875196715369E-7       0                        75033.75694065436
8.194726518356419E-7      -9.99999999999821E-9     75941.51924647583
8.189750569635188E-7      -7.499999999998658E-9    75950.61641531697
8.184774620913956E-7      -4.999999999999105E-9    75959.837751237
8.179798672192725E-7      -2.4999999999995525E-9   75969.05949825427
8.174822723471493E-7      0                        75978.40163164701
8.159740516948012E-7      -9.99999999999821E-9     76003.4913087722
8.154764568226781E-7      -7.499999999998658E-9    76012.72835303006
8.14978861950555E-7       -4.999999999999105E-9    76021.96580670802
8.144812670784319E-7      -2.4999999999995525E-9   76031.28489550957
8.124754515539607E-7      -9.99999999999821E-9     76065.63159817539
8.119778566818375E-7      -7.499999999998658E-9    76074.87145378465
8.114802618097144E-7      -4.999999999999105E-9    76084.10821260998
8.089768514131201E-7      -9.99999999999821E-9     76127.79118113278
8.08479256540997E-7       -7.499999999998658E-9    76136.94559293776
8.070036874735054E-7      0                        76163.97103740092
8.074955438293359E-7      -2.4999999999995525E-9   76154.93273624899
8.079874001851666E-7      -4.999999999999105E-9    76145.89483637603
8.104965490980534E-7      0                        76102.17535438517
8.109884054538839E-7      -2.4999999999995525E-9   76093.13982975604
8.139894107226013E-7      0                        76040.3988693194
8.454251653435332E-7      0                        75477.81953180474
8.459342372482416E-7      -2.4999999999995525E-9   75468.13943806742
8.464433091529499E-7      -4.999999999999105E-9    75458.57847650565
8.469523810576583E-7      -7.499999999998658E-9    75449.01794958758
8.489180269680811E-7      0                        75414.48044936378
8.494270988727894E-7      -2.4999999999995525E-9   75404.93519184322
8.499361707774979E-7      -4.999999999999105E-9    75395.39037068168
8.524108885926291E-7      0                        75351.30798515645
8.529199604973375E-7      -2.4999999999995525E-9   75341.76564816253
8.559037502171771E-7      0                        75288.15505551305
8.439628528215262E-7      -9.99999999999821E-9     75502.47511406915
8.434537809168178E-7      -7.499999999998658E-9    75512.05133739123
8.429447090121094E-7      -4.999999999999105E-9    75521.6279936418
8.42435637107401E-7       -2.4999999999995525E-9   75531.28466438729
8.404642526806856E-7      -9.99999999999821E-9     75565.5363867906
8.399551807759772E-7      -7.499999999998658E-9    75575.11551785625
8.394461088712688E-7      -4.999999999999105E-9    75584.69037491301
8.369656525398449E-7      -9.99999999999821E-9     75628.61717869047
8.364565806351366E-7      -7.499999999998658E-9    75638.11020521674
8.334670523990044E-7      -9.99999999999821E-9     75691.46980130207
8.209751339716973E-7      0                        75915.97774610027
8.214727288438204E-7      -2.4999999999995525E-9   75906.77171528034
8.219703237159436E-7      -4.999999999999105E-9    75897.56609723473
8.224679185880666E-7      -7.499999999998658E-9    75888.44943877368
8.244679955962453E-7      0                        75853.7211912846
8.249655904683684E-7      -2.4999999999995525E-9   75844.51798470691
8.254631853404915E-7      -4.999999999999105E-9    75835.31925628014
8.279608572207933E-7      0                        75791.48394722096
8.284584520929164E-7      -2.4999999999995525E-9   75782.20316577151
8.314537188453412E-7      0                        75729.02741259198
8.329637190105887E-7      -7.499999999998658E-9    75700.73586162808
8.324603856221729E-7      -4.999999999999105E-9    75710.12618895865
8.319570522337572E-7      -2.4999999999995525E-9   75719.51693906041
8.299684522581637E-7      -9.99999999999821E-9     75753.90339959195
8.294651188697481E-7      -7.499999999998658E-9    75763.30943420557
8.289617854813322E-7      -4.999999999999105E-9    75772.71588989405
8.264698521173231E-7      -9.99999999999821E-9     75816.50511254126
8.259665187289073E-7      -7.499999999998658E-9    75825.91400656149
8.229712519764825E-7      -9.99999999999821E-9     75879.12623215697
8.349465804698892E-7      0                        75666.14502473947
8.354499138583051E-7      -2.4999999999995525E-9   75656.76998967014
8.359532472467208E-7      -4.999999999999105E-9    75647.39537906821
8.384394420944372E-7      0                        75603.42956915719
8.38942775482853E-7       -2.4999999999995525E-9   75594.05740633266
8.419323037189852E-7      0                        75540.73353653343
8.769318480576967E-6      0                        -86378.57806709566
8.76582561895242E-6       0                        -86413.03982670714
8.762332757327872E-6      0                        -86447.70159974843
8.758839895703325E-6      0                        -86482.37769995537
8.7690619033891E-6        -2.4999999999995525E-9   -86380.6163609045
8.765569041764553E-6      -2.4999999999995525E-9   -86415.2541956983
8.762076180140006E-6      -2.4999999999995525E-9   -86449.9169568277
8.768805326201235E-6      -4.999999999999105E-9    -86382.82015345787
8.765312464576687E-6      -4.999999999999105E-9    -86417.46863254497
8.768548749013368E-6      -7.499999999998658E-9    -86385.02401466484
8.771790771966342E-6      -9.99999999999821E-9     -86352.20751097913
8.775289372107183E-6      -9.99999999999821E-9     -86317.21992104991
8.778787972248023E-6      -9.99999999999821E-9     -86282.24680768668
8.782286572388864E-6      -9.99999999999821E-9     -86246.94638417668
8.772047349154208E-6      -7.499999999998658E-9    -86350.01424007236
8.775545949295051E-6      -7.499999999998658E-9    -86315.02765448819
8.77904454943589E-6       -7.499999999998658E-9    -86279.92951273499
8.772303926342074E-6      -4.999999999999105E-9    -86347.82103861749
8.775802526482915E-6      -4.999999999999105E-9    -86312.8307537638
8.772560503529942E-6      -2.4999999999995525E-9   -86345.74455292807
8.785785172529707E-6      -9.99999999999821E-9     -86211.20036918482
8.789283772670547E-6      -9.99999999999821E-9     -86175.65785681625
8.792782372811386E-6      -9.99999999999821E-9     -86140.12995574065
8.796280972952228E-6      -9.99999999999821E-9     -86104.2735965127
8.782537411060438E-6      -7.499999999998658E-9    -86244.58975626869
8.786036011201278E-6      -7.499999999998658E-9    -86209.02508355983
8.78953461134212E-6       -7.499999999998658E-9    -86173.48356126569
8.79303321148296E-6       -7.499999999998658E-9    -86137.83004858092
8.782788249732012E-6      -4.999999999999105E-9    -86242.40408780218
8.786286849872851E-6      -4.999999999999105E-9    -86206.84986479681
8.789785450013693E-6      -4.999999999999105E-9    -86171.30463308326
8.783039088403586E-6      -2.4999999999995525E-9   -86240.21848542074
8.786537688544425E-6      -2.4999999999995525E-9   -86204.79193640512
8.783289927075158E-6      0                        -86238.19900804036
8.779797065450609E-6      0                        -86273.21536970953
8.776304203826062E-6      0                        -86308.43209397819
8.772811342201514E-6      0                        -86343.6632798342
8.779546226779037E-6      -2.4999999999995525E-9   -86275.4113411649
8.77605336515449E-6       -2.4999999999995525E-9   -86310.62903940972
8.779295388107463E-6      -4.999999999999105E-9    -86277.60737792842
8.824269774078953E-6      -9.99999999999821E-9     -85812.28645253109
8.827768374219794E-6      -9.99999999999821E-9     -85774.88257351269
8.831266974360634E-6      -9.99999999999821E-9     -85737.6831642702
8.834765574501475E-6      -9.99999999999821E-9     -85700.49876833384
8.838264174642315E-6      -9.99999999999821E-9     -85662.98355642741
8.824503397201647E-6      -7.499999999998658E-9    -85809.99423163978
8.828001997342488E-6      -7.499999999998658E-9    -85772.77269385275
8.831500597483328E-6      -7.499999999998658E-9    -85735.57422908505
8.834999197624169E-6      -7.499999999998658E-9    -85698.26298882741
8.824737020324342E-6      -4.999999999999105E-9    -85807.87458796459
8.828235620465183E-6      -4.999999999999105E-9    -85770.66287338451
8.831734220606023E-6      -4.999999999999105E-9    -85733.46087461006
8.824970643447036E-6      -2.4999999999995525E-9   -85805.75500276682
8.828469243587877E-6      -2.4999999999995525E-9   -85768.67196476585
8.825204266569731E-6      0                        -85803.8031386701
8.79726137357335E-6       0                        -86095.60658043595
8.793768511948803E-6      0                        -86131.17627307118
8.790275650324254E-6      0                        -86166.94662834873
8.786782788699705E-6      0                        -86202.73157928244
8.79701627341807E-6       -2.4999999999995525E-9   -86097.60537566431
8.793523411793522E-6      -2.4999999999995525E-9   -86133.35193490447
8.790030550168974E-6      -2.4999999999995525E-9   -86169.12324958136
8.796771173262789E-6      -4.999999999999105E-9    -86099.77087417495
8.79327831163824E-6       -4.999999999999105E-9    -86135.5276595132
8.79652607310751E-6       -7.499999999998658E-9    -86101.93643621684
8.799779573093067E-6      -9.99999999999821E-9     -86067.9734957059
8.803278173233909E-6      -9.99999999999821E-9     -86031.87731333177
8.806776773374748E-6      -9.99999999999821E-9     -85995.79587661945
8.81027537351559E-6       -9.99999999999821E-9     -85959.38504353822
8.800024673248347E-6      -7.499999999998658E-9    -86065.81811065803
8.803523273389188E-6      -7.499999999998658E-9    -86029.72290362208
8.80702187353003E-6       -7.499999999998658E-9    -85993.51537455188
8.800269773403629E-6      -4.999999999999105E-9    -86063.66278989718
8.80376837354447E-6       -4.999999999999105E-9    -86027.56390758697
8.800514873558912E-6      -2.4999999999995525E-9   -86061.62532071277
8.821711404945184E-6      0                        -85840.47547625678
8.818218543320636E-6      0                        -85877.34891781001
8.814725681696087E-6      0                        -85914.23722208006
8.81123282007154E-6       0                        -85950.8060769246
8.821477781822488E-6      -2.4999999999995525E-9   -85842.604811995
8.817984920197941E-6      -2.4999999999995525E-9   -85879.47918240541
8.814492058573394E-6      -2.4999999999995525E-9   -85916.25009985584
8.821244158699795E-6      -4.999999999999105E-9    -85844.73420549635
8.817751297075246E-6      -4.999999999999105E-9    -85881.61408488228
8.8210105355771E-6        -7.499999999998658E-9    -85846.99111185232
8.813773973656429E-6      -9.99999999999821E-9     -85922.53231855028
8.81727257379727E-6       -9.99999999999821E-9     -85885.88382936842
8.820771173938112E-6      -9.99999999999821E-9     -85849.25021985453
8.810514735154577E-6      -7.499999999998658E-9    -85957.06936811353
8.814013335295418E-6      -7.499999999998658E-9    -85920.39874536367
8.817511935436258E-6      -7.499999999998658E-9    -85883.75121631972
8.810754096793565E-6      -4.999999999999105E-9    -85954.92582469893
8.814252696934406E-6      -4.999999999999105E-9    -85918.26523390651
8.810993458432552E-6      -2.4999999999995525E-9   -85952.78234227888
8.807739958446991E-6      0                        -85986.92780885394
8.804247096822445E-6      0                        -86023.25042984777
8.800754235197898E-6      0                        -86059.58778020936
8.807500596808003E-6      -2.4999999999995525E-9   -85989.08124792825
8.804007735183458E-6      -2.4999999999995525E-9   -86025.40481328135
8.807261235169017E-6      -4.999999999999105E-9    -85991.23474726215
8.950219199725654E-6      -9.99999999999821E-9     -84389.89747859603
8.953697596457139E-6      -9.99999999999821E-9     -84347.8410693316
8.957175993188624E-6      -9.99999999999821E-9     -84305.98728865036
8.960654389920109E-6      -9.99999999999821E-9     -84264.14951986953
8.964132786651594E-6      -9.99999999999821E-9     -84221.95044420354
8.950400976826885E-6      -7.499999999998658E-9    -84387.90480610552
8.95387937355837E-6       -7.499999999998658E-9    -84346.02940391161
8.957357770289855E-6      -7.499999999998658E-9    -84304.17640072263
8.960836167021339E-6      -7.499999999998658E-9    -84262.19326879352
8.950582753928117E-6      -4.999999999999105E-9    -84386.08526431242
8.954061150659602E-6      -4.999999999999105E-9    -84344.21777602499
8.957539547391087E-6      -4.999999999999105E-9    -84302.35297612465
8.95076453102935E-6       -2.4999999999995525E-9   -84384.26575951974
8.954242927760833E-6      -2.4999999999995525E-9   -84342.52719831103
8.95094630813058E-6       0                        -84382.62104623194
8.947453690736749E-6      0                        -84424.17915293846
8.94396107334292E-6       0                        -84465.94308144171
8.94046845594909E-6       0                        -84507.72305350029
8.93697583855526E-6       0                        -84549.17756477626
8.947271913635518E-6      -2.4999999999995525E-9   -84426.00652605091
8.943779296241689E-6      -2.4999999999995525E-9   -84467.77122239438
8.940286678847859E-6      -2.4999999999995525E-9   -84509.42876933786
8.947090136534288E-6      -4.999999999999105E-9    -84427.83393563087
8.943597519140458E-6      -4.999999999999105E-9    -84469.60158501021
8.946908359433057E-6      -7.499999999998658E-9    -84429.78892421
8.936224978585851E-6      -9.99999999999821E-9     -84556.62857195885
8.939723533870802E-6      -9.99999999999821E-9     -84514.86666457339
8.943222089155753E-6      -9.99999999999821E-9     -84473.3095968345
8.946720644440705E-6      -9.99999999999821E-9     -84431.76859730671
8.936412693578203E-6      -7.499999999998658E-9    -84554.5922947643
8.939911248863156E-6      -7.499999999998658E-9    -84513.01292863136
8.943409804148106E-6      -7.499999999998658E-9    -84471.45666358096
8.936600408570555E-6      -4.999999999999105E-9    -84552.7304280535
8.940098963855507E-6      -4.999999999999105E-9    -84511.15923256773
8.936788123562908E-6      -2.4999999999995525E-9   -84550.86860066782
8.933482976930712E-6      0                        -84590.20404583207
8.929990115306165E-6      0                        -84631.43226764142
8.926497253681616E-6      0                        -84672.67640537099
8.923004392057069E-6      0                        -84713.59504330899
8.933295261938362E-6      -2.4999999999995525E-9   -84592.07399135688
8.929802400313813E-6      -2.4999999999995525E-9   -84633.30300156525
8.926309538689266E-6      -2.4999999999995525E-9   -84674.42532168941
8.933107546946008E-6      -4.999999999999105E-9    -84593.94397565353
8.92961468532146E-6       -4.999999999999105E-9    -84635.1768432784
8.932919831953656E-6      -7.499999999998658E-9    -84595.94272194081
8.92223057802249E-6       -9.99999999999821E-9     -84721.19962736331
8.92572917816333E-6       -9.99999999999821E-9     -84679.9780962778
8.92922777830417E-6       -9.99999999999821E-9     -84638.96189751811
8.932726378445011E-6      -9.99999999999821E-9     -84597.96163685093
8.922424031531134E-6      -7.499999999998658E-9    -84719.1246059029
8.925922631671973E-6      -7.499999999998658E-9    -84678.08626057235
8.929421231812816E-6      -7.499999999998658E-9    -84637.07088381975
8.922617485039778E-6      -4.999999999999105E-9    -84717.22447415133
8.92611608518062E-6       -4.999999999999105E-9    -84676.19446704141
8.922810938548423E-6      -2.4999999999995525E-9   -84715.32438400142
8.839175713067922E-6      0                        -85654.6034756407
8.835682851443373E-6      0                        -85691.82497008021
8.832189989818826E-6      0                        -85729.24780565992
8.828697128194278E-6      0                        -85766.685636939
8.838947828461519E-6      -2.4999999999995525E-9   -85656.529038499
8.835454966836972E-6      -2.4999999999995525E-9   -85693.92832477532
8.831962105212424E-6      -2.4999999999995525E-9   -85731.35207324995
8.838719943855118E-6      -4.999999999999105E-9    -85658.62285028028
8.83522708223057E-6       -4.999999999999105E-9    -85696.03173475903
8.838492059248716E-6      -7.499999999998658E-9    -85660.7167180437
8.841762774783154E-6      -9.99999999999821E-9     -85625.02999834511
8.845261374923996E-6      -9.99999999999821E-9     -85587.28108881606
8.848759975064837E-6      -9.99999999999821E-9     -85549.5473258592
8.852258575205677E-6      -9.99999999999821E-9     -85511.48206406104
8.841990659389558E-6      -7.499999999998658E-9    -85622.94568687027
8.845489259530399E-6      -7.499999999998658E-9    -85585.1977056917
8.848987859671238E-6      -7.499999999998658E-9    -85547.33674376842
8.842218543995959E-6      -4.999999999999105E-9    -85620.86143207124
8.8457171441368E-6        -4.999999999999105E-9    -85583.11001125854
8.842446428602362E-6      -2.4999999999995525E-9   -85618.89664612277
8.919511530432521E-6      0                        -84754.08185816894
8.916018668807972E-6      0                        -84794.77068639247
8.912525807183425E-6      0                        -84835.47530024953
8.909032945558878E-6      0                        -84875.85458877521
8.919318076923877E-6      -2.4999999999995525E-9   -84755.99023161645
8.915825215299328E-6      -2.4999999999995525E-9   -84796.67986737982
8.91233235367478E-6       -2.4999999999995525E-9   -84837.26318573975
8.91912462341523E-6       -4.999999999999105E-9    -84757.89864609274
8.915631761790683E-6      -4.999999999999105E-9    -84798.59270789435
8.918931169906586E-6      -7.499999999998658E-9    -84759.93642080779
8.908236177459127E-6      -9.99999999999821E-9     -84883.606503286
8.911734777599967E-6      -9.99999999999821E-9     -84842.92642092642
8.915233377740808E-6      -9.99999999999821E-9     -84802.45158132017
8.918731977881648E-6      -9.99999999999821E-9     -84761.99254887064
8.908435369484066E-6      -7.499999999998658E-9    -84881.49487408448
8.911933969624905E-6      -7.499999999998658E-9    -84840.9979303428
8.915432569765745E-6      -7.499999999998658E-9    -84800.52393160197
8.908634561509002E-6      -4.999999999999105E-9    -84879.55788323752
8.912133161649844E-6      -4.999999999999105E-9    -84839.0694842682
8.90883375353394E-6       -2.4999999999995525E-9   -84877.62093630689
8.853147159566113E-6      0                        -85503.21270038915
8.849654297941568E-6      0                        -85540.9819865909
8.846161436317019E-6      0                        -85578.95281659093
8.84266857469247E-6       0                        -85616.93877490135
8.852925013476002E-6      -2.4999999999995525E-9   -85505.11011007977
8.849432151851457E-6      -2.4999999999995525E-9   -85543.05747703977
8.845939290226908E-6      -2.4999999999995525E-9   -85581.02920351345
8.852702867385895E-6      -4.999999999999105E-9    -85507.17626699347
8.849210005761348E-6      -4.999999999999105E-9    -85545.13302032666
8.852480721295786E-6      -7.499999999998658E-9    -85509.24247741829
8.855757175346518E-6      -9.99999999999821E-9     -85472.98021832423
8.85925577548736E-6       -9.99999999999821E-9     -85434.68321123172
8.862754375628199E-6      -9.99999999999821E-9     -85396.40148360058
8.86625297576904E-6       -9.99999999999821E-9     -85357.78762335396
8.855979321436627E-6      -7.499999999998658E-9    -85470.92335470804
8.859477921577468E-6      -7.499999999998658E-9    -85432.6272593819
8.862976521718308E-6      -7.499999999998658E-9    -85394.21799563422
8.856201467526736E-6      -4.999999999999105E-9    -85468.86654527606
8.859700067667578E-6      -4.999999999999105E-9    -85430.56710219284
8.856423613616845E-6      -2.4999999999995525E-9   -85466.92973969248
8.90554008393433E-6       0                        -84915.80040070874
8.902047222309783E-6      0                        -84955.94839872792
8.898554360685234E-6      0                        -84996.11205169564
8.895061499060686E-6      0                        -85035.95122901932
8.905340891909392E-6      -2.4999999999995525E-9   -84917.74583504685
8.901848030284844E-6      -2.4999999999995525E-9   -84957.89465929767
8.898355168660295E-6      -2.4999999999995525E-9   -84997.93761700318
8.905141699884455E-6      -4.999999999999105E-9    -84919.69131270869
8.901648838259906E-6      -4.999999999999105E-9    -84959.844793381
8.904942507859517E-6      -7.499999999998658E-9    -84921.76599474129
8.894241776895764E-6      -9.99999999999821E-9     -85043.84328216521
8.897740377036603E-6      -9.99999999999821E-9     -85003.70571206587
8.901238977177445E-6      -9.99999999999821E-9     -84963.77336294373
8.904737577318286E-6      -9.99999999999821E-9     -84923.85668964255
8.894446707436995E-6      -7.499999999998658E-9    -85041.69689494619
8.897945307577836E-6      -7.499999999998658E-9    -85001.7424596676
8.901443907718675E-6      -7.499999999998658E-9    -84961.81096981745
8.894651637978225E-6      -4.999999999999105E-9    -85039.72493827151
8.898150238119066E-6      -4.999999999999105E-9    -84999.77925414869
8.894856568519456E-6      -2.4999999999995525E-9   -85037.75302786379
8.869751575909881E-6      -9.99999999999821E-9     -85318.73891508492
8.873250176050721E-6      -9.99999999999821E-9     -85279.89521211013
8.87674877619156E-6       -9.99999999999821E-9     -85241.0669211043
8.880247376332402E-6      -9.99999999999821E-9     -85201.90594699589
8.866469383342855E-6      -7.499999999998658E-9    -85355.57718356156
8.869967983483697E-6      -7.499999999998658E-9    -85316.7113693252
8.873466583624536E-6      -7.499999999998658E-9    -85277.8685610746
8.876965183765378E-6      -7.499999999998658E-9    -85238.91243672754
8.866685790916672E-6      -4.999999999999105E-9    -85353.54050087428
8.870184391057512E-6      -4.999999999999105E-9    -85314.68387528487
8.873682991198353E-6      -4.999999999999105E-9    -85275.83783261308
8.866902198490489E-6      -2.4999999999995525E-9   -85351.5038692537
8.870400798631329E-6      -2.4999999999995525E-9   -85312.77692356703
8.867118606064304E-6      0                        -85349.63647272288
8.863625744439755E-6      0                        -85387.95213037779
8.860132882815208E-6      0                        -85426.46952231089
8.85664002119066E-6       0                        -85465.00217478923
8.86340933686594E-6       -2.4999999999995525E-9   -85389.997885755
8.859916475241393E-6      -2.4999999999995525E-9   -85428.51615728311
8.863192929292125E-6      -4.999999999999105E-9    -85392.04369154619
8.891568637436139E-6      0                        -85075.35525664595
8.88807577581159E-6       0                        -85114.96128131908
8.884582914187041E-6      0                        -85154.58282986129
8.881090052562494E-6      0                        -85193.88061197386
8.891363706894908E-6      -2.4999999999995525E-9   -85077.33585836785
8.88787084527036E-6       -2.4999999999995525E-9   -85116.94272751354
8.884377983645812E-6      -2.4999999999995525E-9   -85156.44411884528
8.891158776353678E-6      -4.999999999999105E-9    -85079.31650574435
8.887665914729129E-6      -4.999999999999105E-9    -85118.92823772716
8.890953845812445E-6      -7.499999999998658E-9    -85081.4262163598
8.877597190937946E-6      0                        -85232.74120896275
8.874104329313399E-6      0                        -85271.8036938316
8.870611467688852E-6      0                        -85310.88157110041
8.880879383504972E-6      -2.4999999999995525E-9   -85195.7161270066
8.877386521880423E-6      -2.4999999999995525E-9   -85234.75532751053
8.873893660255878E-6      -2.4999999999995525E-9   -85273.81867464034
8.880668714447448E-6      -4.999999999999105E-9    -85197.72133583992
8.8771758528229E-6        -4.999999999999105E-9    -85236.769494077
8.880458045389927E-6      -7.499999999998658E-9    -85199.7265933244
8.883745976473243E-6      -9.99999999999821E-9     -85162.31197341956
8.887244576614083E-6      -9.99999999999821E-9     -85122.92312176267
8.890743176754923E-6      -9.99999999999821E-9     -85083.5498141961
8.883956645530766E-6      -7.499999999998658E-9    -85160.31563871674
8.887455245671606E-6      -7.499999999998658E-9    -85120.92766428541
8.88416731458829E-6       -4.999999999999105E-9    -85158.31935329763
8.994629801340556E-6      -4.9999999999993284E-9   -83847.07004481285
8.993276728825076E-6      -6.24999999999905E-9     -83863.75489133052
8.991923656309599E-6      -7.49999999999877E-9     -83880.44223446323
8.990570583794121E-6      -8.74999999999849E-9     -83897.13202971082
8.989217511278642E-6      -9.99999999999821E-9     -83913.89998889214
8.995972351005415E-6      -6.249999999999273E-9    -83830.11403187922
8.994619278489937E-6      -7.499999999998992E-9    -83846.82250649208
8.99326620597446E-6       -8.749999999998712E-9    -83863.51998979838
8.991913133458982E-6      -9.999999999998432E-9    -83880.21992843275
8.997314900670278E-6      -7.499999999999217E-9    -83813.16046835363
8.995961828154799E-6      -8.749999999998937E-9    -83829.8799738053
8.994608755639321E-6      -9.999999999998657E-9    -83846.5749999399
8.998657450335137E-6      -8.749999999999162E-9    -83796.20936685379
8.99730437781966E-6       -9.99999999999888E-9     -83812.93989995649
9.0E-6                    -9.999999999999105E-9    -83779.26072737962
8.97730149484715E-6       -9.99999999999821E-9     -84061.1590442673
8.980280498955023E-6      -9.99999999999821E-9     -84024.25448066618
8.983259503062897E-6      -9.99999999999821E-9     -83987.54862420364
8.98623850717077E-6       -9.99999999999821E-9     -83950.8546878525
8.977367739441548E-6      -7.499999999998658E-9    -84060.523627976
8.980346743549423E-6      -7.499999999998658E-9    -84023.80331792613
8.983325747657295E-6      -7.499999999998658E-9    -83987.09767583887
8.986304751765166E-6      -7.499999999998658E-9    -83950.30551429148
8.977433984035947E-6      -4.999999999999105E-9    -84060.06971777554
8.98041298814382E-6       -4.999999999999105E-9    -84023.35215882595
8.983391992251692E-6      -4.999999999999105E-9    -83986.64683804559
8.977500228630347E-6      -2.4999999999995525E-9   -84059.61581103741
8.980479232738219E-6      -2.4999999999995525E-9   -84022.99967197329
8.977566473224745E-6      0                        -84059.29502568481
8.989301694083583E-6      0                        -83914.20829814898
8.986367888868872E-6      0                        -83950.48416325434
8.983434083654164E-6      0                        -83986.83161900452
8.980500278439455E-6      0                        -84023.19065176352
8.989280648382348E-6      -2.4999999999995525E-9   -83914.05586552316
8.986346843167638E-6      -2.4999999999995525E-9   -83950.39180063638
8.983413037952927E-6      -2.4999999999995525E-9   -83986.73928210429
8.989259602681113E-6      -4.999999999999105E-9    -83913.9626769682
8.986325797466403E-6      -4.999999999999105E-9    -83950.29943779146
8.989238556979878E-6      -7.499999999998658E-9    -83913.86948821387
8.96467097559712E-6       0                        -84216.88680490332
8.961239808730485E-6      0                        -84258.25680063937
8.95780864186385E-6       0                        -84299.81244429408
8.954377474997216E-6      0                        -84341.38369582786
8.964536428360739E-6      -2.4999999999995525E-9   -84217.98600947665
8.961105261494104E-6      -2.4999999999995525E-9   -84259.52022434579
8.95767409462747E-6       -2.4999999999995525E-9   -84301.07641370846
8.964401881124358E-6      -4.999999999999105E-9    -84219.2445820764
8.960970714257723E-6      -4.999999999999105E-9    -84260.78366685027
8.964267333887975E-6      -7.499999999998658E-9    -84220.50317385438
8.97434259881784E-6       0                        -84098.64833413408
8.971118724410932E-6      0                        -84138.15350682603
8.967894850004027E-6      0                        -84177.67256298117
8.97427635422344E-6       -2.4999999999995525E-9   -84099.10499706035
8.971052479816534E-6      -2.4999999999995525E-9   -84138.6103923227
8.967828605409627E-6      -2.4999999999995525E-9   -84178.02184311773
8.974210109629042E-6      -4.999999999999105E-9    -84099.56166327138
8.970986235222135E-6      -4.999999999999105E-9    -84139.085284659
8.974143865034642E-6      -7.499999999998658E-9    -84100.1621495467
8.967424963700484E-6      -9.99999999999821E-9     -84181.6752150925
8.970717140749373E-6      -9.99999999999821E-9     -84141.60970505634
8.974009317798261E-6      -9.99999999999821E-9     -84101.55864986696
8.967559510936865E-6      -7.499999999998658E-9    -84180.42146223232
8.970851687985754E-6      -7.499999999998658E-9    -84140.35648685582
8.967694058173246E-6      -4.999999999999105E-9    -84179.16772893051
8.995972351005415E-6      -3.749999999999496E-9    -83830.48564676149
8.997314900670278E-6      -4.99999999999944E-9     -83813.49730103998
8.998657450335137E-6      -6.249999999999384E-9    -83796.53269012662
8.999999999999999E-6      -7.49999999999933E-9     -83779.5705444268
8.997314900670278E-6      -2.4999999999996642E-9   -83813.90361706562
8.998657450335139E-6      -3.749999999999608E-9    -83796.8964328673
9.0E-6                    -4.999999999999553E-9    -83779.93426257651
8.998657450335137E-6      -1.249999999999832E-9    -83797.32400022529
8.999999999999999E-6      -2.4999999999997767E-9   -83780.29798072635
9.0E-6                    0                        -83780.74679624052
8.993297774526313E-6      -3.749999999999496E-9    -83863.8584631124
8.994640324191174E-6      -2.4999999999996642E-9   -83847.31503287832
8.995982873856035E-6      -1.2499999999998321E-9   -83830.75186329376
8.997325423520896E-6      0                        -83814.19110338844
8.991965747712068E-6      -2.4999999999996642E-9   -83880.64931888001
8.99330829737693E-6       -1.2499999999998321E-9   -83864.12557740322
8.99465084704179E-6       0                        -83847.55998883062
8.990633720897826E-6      -1.249999999999832E-9    -83897.44259949822
8.991976270562687E-6      0                        -83880.93854993094
8.055297989164586E-9      -4.999999999999217E-9    87045.07080384283
9.408370504643112E-9      -6.249999999998938E-9    87032.2830653089
9.387324803407591E-9      -3.749999999999385E-9    87032.82454490988
8.991944702010834E-6      -4.999999999999217E-9    -83880.51104635437
8.99061267519659E-6       -3.749999999999385E-9    -83897.28222976261
8.990591629495354E-6      -6.249999999998938E-9    -83897.1882275277
